timestamp,x,y,z,qx,qy,qz,qw
1658137038.7248368,-3.9782999052887926,1.7062656576507371,0.051850917191130316,0.05387947074100725,-0.0012643951321070776,-0.0014655588645292985,0.998545570354617
1658137038.824925,-4.328821172653033,1.591843124426015,0.1544325447466146,0.030002090811200137,0.004329562348663563,-0.004538499055597927,0.999530155354575
1658137038.924757,-4.668192589413126,1.3516797629918704,0.2249813057001081,0.0234222537700387,0.011467289797243391,-0.006972206024732306,0.9996355774161804
1658137039.0248413,-5.023985067923437,1.0451248478674005,0.36411171806353676,0.022902952997976213,0.01587560793080564,-0.005638167833588495,0.9995957337245261
1658137039.1232352,-5.375086626096808,0.7372607187087873,0.4717775242047491,0.002155177651323251,0.012817127163731687,-0.005549757108528705,0.9999001333416201
1658137039.2248914,-5.731381684302306,0.42705834961266786,0.47474201052628395,-0.018274930148596033,0.009346318714977707,-0.007481264291047341,0.9997613234863323
1658137039.3248525,-6.085794720617788,0.19038157462534716,0.43324760534149725,-0.03458629096698552,0.0037546292709708644,-0.005046828118887225,0.9993819193692253
1658137039.423654,-6.429415913574906,-0.07136371025348512,0.4981385503236863,-0.033412538479599616,0.001820786863072554,-0.007408021664112607,0.999412531551694
1658137039.523622,-6.774874325016444,-0.29235682651183037,0.5279289166418278,-0.049819842406451764,0.0019275232997460292,-0.0064587193671545775,0.9987354769410438
1658137039.623708,-7.126933692837438,-0.5133017335420124,0.5172227824054625,-0.0479313278742424,0.001298242527522343,-0.0027621166555165315,0.9988459706511937
1658137039.7217548,-7.464696546751007,-0.7554452999202695,0.5267994581705876,-0.04439401317402086,0.003853380928943884,-0.00348572433374336,0.9990005869745934
1658137039.824906,-7.81149653572821,-0.8938739355115792,0.6358017217785704,-0.03718355980657561,0.005631554374289426,-0.004518542340903984,0.9992823681275207
1658137039.9247477,-8.149778837036235,-1.073975295907557,0.6610563056208365,-0.05507583046463982,0.009242095053654097,-0.005009948007984752,0.9984268310690554
1658137040.023597,-8.48620305262615,-1.2674669804930139,0.74040844052755,-0.07079457343194674,0.011568773112990332,-0.0062366672491602215,0.9974043291678976
1658137040.087602,-8.70501513674217,-1.3152127367400355,0.7163974235971132,-0.064243603236595,0.01329638793433694,-0.008011687505325403,0.9978134987934304
1658137040.2089803,-9.125229751089146,-1.5058726007602985,0.8169080492103653,-0.04758358133150152,0.012145698386384617,-0.009247745234070176,0.9987506015049264
1658137040.3082232,-9.477794003503025,-1.5266441684918441,0.8927500403865634,-0.04710202564674349,0.008441255343335353,-0.006810777272874099,0.9988311957989361
1658137040.4073136,-9.824647851996032,-1.5715203724543712,0.9077856721109833,-0.03878149837640079,0.005007434289820294,-0.007479184998451252,0.9992071771045605
1658137040.5248477,-10.247119154408034,-1.5864127223931168,0.9414887763766335,-0.03031724355393889,0.004080723950518407,-0.0035725498008227275,0.9995256121396998
1658137040.6048565,-10.539358197364653,-1.6253434839924776,1.0071965053856307,-0.010689129149217116,0.0017488454851276032,-0.0038321980687330633,0.999933996979527
1658137040.7249258,-10.973821142810497,-1.656084526696622,1.0890321020584552,-0.018764390102701485,0.003552640156169316,-0.005699133826429477,0.99980137841754
1658137040.8245203,-11.337053546801762,-1.6558455229327287,1.142187507571699,-0.011498066515182662,0.006583751466371834,-0.008107735213409756,0.9998793493780839
1658137040.924237,-11.697580176094444,-1.6503835025126627,1.1848636798070438,-0.026562172645448648,0.009753208494782622,-0.008643805531777496,0.9995622094368755
1658137041.0247107,-12.054398806582675,-1.6070556034902652,1.2102425095531082,-0.024031701048780368,0.010714011043438445,-0.005805340649768148,0.999636926754905
1658137041.1218913,-12.397324378543471,-1.6183656183846555,1.2375906182919092,-0.023717864749670924,0.008804331674340398,-0.004509260313512836,0.9996697520716011
1658137041.2206078,-12.75348669053509,-1.575919532836991,1.2975254335101172,-0.03164980769988609,0.006509962743571367,-0.004510150571715839,0.9994676425975205
1658137041.319081,-13.121274845363331,-1.5256143072381878,1.3533440607431395,-0.024761814133702945,0.005579977871712316,-0.003311941348253188,0.9996723200390475
1658137041.4247549,-13.519840757018095,-1.5168712200282644,1.3840949287986484,-0.01818922353961625,0.008247502294205485,-0.0040043023852792715,0.9997925266850756
1658137041.5248368,-13.896708425580671,-1.4387823277891478,1.414428273889461,-0.027374835513581205,0.01010031087420822,-0.006608341637173451,0.99955236577262
1658137041.6241436,-14.26969162784521,-1.3590285493420793,1.4615652562184582,-0.029016942640687025,0.00921028831149575,-0.0067278945237000684,0.9995138433579945
1658137041.7075574,-14.577864262614625,-1.312759954470544,1.4592927135879146,-0.03268791096705619,0.00817421694339075,-0.007257435335145403,0.9994058296239386
1658137041.8064241,-14.94503970644915,-1.2367510210423085,1.5067040464998376,-0.04133726201916495,0.005811773625989187,-0.005439179939812626,0.9991135417847401
1658137041.905148,-15.313093693039315,-1.2100251527872845,1.5088407650479962,-0.03869658041286453,0.005998815700610986,-0.003967158930101665,0.9992251250466779
1658137042.024931,-15.74481570817143,-1.2234354041172288,1.510193015955944,-0.033752121477839826,0.00726177406887353,-0.0037616604722581475,0.9993967734806806
1658137042.1247559,-16.109931698859395,-1.2113386469628458,1.5122336312506712,-0.043075284584505796,0.008171843089433629,-0.003089441991106566,0.9990336311589592
1658137042.2243335,-16.473545406822872,-1.2020051077124174,1.5107020846773842,-0.03691990021006149,0.008517051099183963,-0.004689753819517823,0.9992709277358921
1658137042.3248987,-16.827633774144097,-1.204209144990056,1.5129596635254337,-0.045863225317103705,0.008776083083463088,-0.004116854045910092,0.9989006939841288
1658137042.4218223,-17.16985171118893,-1.2773306927435473,1.5017277105779476,-0.03816407367402974,0.008719624591618408,-0.004430265984707273,0.9992236208031083
1658137042.5204744,-17.51256871817484,-1.2697720916806192,1.4980148237801096,-0.03620637866220953,0.007331748306826899,-0.0046410518695034,0.9993066617652778
1658137042.6191485,-17.85613971477758,-1.2608433607334673,1.4694615848871582,-0.03737665291141489,0.007056347039836233,-0.0026022031344059126,0.9992729468580767
1658137042.71764,-18.20490263493312,-1.2441627594368032,1.478650710220941,-0.03237849238597267,0.006637995408708621,-0.0025432029417396364,0.9994504001532785
1658137042.8196056,-18.554094451374638,-1.278094462733534,1.4597148497909636,-0.0316207961614435,0.008656156450157918,-0.003489827097374312,0.9994563608844772
1658137042.9186544,-18.888995739116854,-1.2731363479762985,1.484739974077321,-0.034580879334746135,0.009622487493903082,-0.00337327547168468,0.9993498844406009
1658137043.0248988,-19.250105834129545,-1.280787991963402,1.485137811697142,-0.03712768871876201,0.008347689812972724,-0.003253458174787788,0.9992703667251811
1658137043.1063707,-19.508682892893415,-1.2991990665253301,1.4829593532596348,-0.03370436280203721,0.007724084560357517,-0.0037695202146732576,0.9993948895022164
1658137043.2218876,-19.868027155159467,-1.2847803267316853,1.4962187825042297,-0.03510482861169041,0.005480033061774637,-0.005029764719080392,0.9993559534583462
1658137043.3203719,-20.16139176450473,-1.331696193324621,1.4615895608506142,-0.03056799802041428,0.004648362875441493,-0.005822011697366969,0.999504924649889
1658137043.4247346,-20.454177873055478,-1.3372900478809293,1.454329347217514,-0.0342768768343544,0.004781793002934931,-0.00586239521575584,0.9993837413588819
1658137043.5243373,-20.72091160236459,-1.3727500790605203,1.402868658961812,-0.029479750245451904,0.005508133543963969,-0.005525994749817249,0.9995349259392264
1658137043.6229703,-20.972749916929683,-1.391028945529208,1.408236290076086,-0.029241763972588056,0.005354018822763062,-0.004152891283196556,0.9995494020888555
1658137043.7216175,-21.213037906045106,-1.4126606208386183,1.4094833168196865,-0.029939990614578353,0.0047252408624787095,-0.002491050641877067,0.9995374248758627
1658137043.82475,-21.45361505707097,-1.3913245331012143,1.4024476943713893,-0.03050425272201476,0.0047815699662120716,-0.0019359191980070354,0.9995213251208641
1658137043.9223895,-21.672546282002575,-1.3915936858233788,1.3675480663312707,-0.02410875578751709,0.0032018838335945,-0.003582508146728648,0.9996977950709163
1658137044.0214205,-21.863738925855564,-1.3659215025791198,1.3785691124502613,-0.028521369100370467,0.0011421469218648962,-0.00522713301604203,0.9995788633646976
1658137044.1099017,-22.01327881919032,-1.3638631065241846,1.4047214775808128,-0.028594888200046197,0.0006851860880552285,-0.0068251548893339025,0.9995675465667978
1658137044.2248516,-22.16464917133041,-1.3526207138860131,1.422540479728981,-0.027179032193621222,0.0005741492559469679,-0.008082908366577313,0.9995977376694922
1658137044.3247185,-22.259156959179577,-1.3526821631515016,1.442497901625015,-0.02814999113367677,0.0015460521979746551,-0.007065756212417352,0.9995775421701418
1658137044.4230914,-22.32455222122034,-1.3902888780327172,1.447595675675877,-0.029690298475291484,0.0024861726514516414,-0.006153189842282405,0.9995371145569036
1658137044.524904,-22.364873511831437,-1.3875864999547707,1.447981631346358,-0.02705550923524761,0.002708781676284916,-0.005330818355848891,0.9996160484393447
1658137044.624575,-22.38768800388318,-1.3769661625656082,1.4522674187703504,-0.02890892185982381,0.002741942678407826,-0.004977954665154929,0.9995658937531752
1658137044.7248235,-22.399030291023166,-1.3898967755445863,1.4468917137753383,-0.027988930222970547,0.0033374490209655086,-0.005672511627586296,0.9995865664517618
1658137044.8240688,-22.40134056956146,-1.3730747154351237,1.4618102713450452,-0.03006689128747861,0.0034685603370185896,-0.005851547097891287,0.9995247423320935
1658137044.922734,-22.396393871431208,-1.3647090662261654,1.4467560717477583,-0.029297096455370236,0.003955994980171946,-0.005460700543206271,0.9995480033457922
1658137045.0244179,-22.38905621484605,-1.3633159941036683,1.4461848251670317,-0.03244549618904245,0.0040062729776917175,-0.005909495581985743,0.9994480063594215
1658137045.1235335,-22.37939022878489,-1.3678769086734002,1.448265369928485,-0.03187265922652383,0.004718899515616895,-0.006130622235173831,0.9994619958018323
1658137045.222629,-22.369423297453064,-1.3667388186181841,1.439138873411779,-0.03194989713812909,0.005087613146779911,-0.007310111220630893,0.9994497899040529
1658137045.3110292,-22.36090480826225,-1.373745756276152,1.4312678221465929,-0.032069740745750815,0.005201288251492181,-0.008961385621646223,0.9994319245935399
1658137045.4098122,-22.35334987559023,-1.3702312733817013,1.4384999823125997,-0.031239100879856173,0.005420405610448089,-0.011244080605832287,0.9994339940338971
1658137045.5247407,-22.34747413219224,-1.3611813353446525,1.4420621603111918,-0.03265272980023194,0.004569616203589515,-0.012565029652248401,0.9993773250750511
1658137045.6239812,-22.34417304929792,-1.3532215759852393,1.4545390170886119,-0.032164662064213215,0.003609762265444226,-0.013018541795735515,0.9993912755773761
1658137045.7225447,-22.341158143719408,-1.347617781015805,1.4585311197363702,-0.03135996097156464,0.0028481671000123313,-0.012635030439167794,0.9994242326448834
1658137045.824763,-22.339404049654007,-1.3331286321708287,1.4583718151100957,-0.03158657620909564,0.0033401644868977206,-0.011504696463404155,0.9994292238392138
1658137045.9244628,-22.3385861347173,-1.3211753886363962,1.474923700106719,-0.03220196708088711,0.0032906591340628416,-0.00958548501720337,0.9994299992273354
1658137046.024792,-22.339459691526756,-1.317631423839196,1.4764827260924256,-0.031246856555994303,0.0028466272293493325,-0.008485027130783022,0.9994716279031425
1658137046.1237202,-22.33997290479573,-1.310950297293897,1.4808525685311884,-0.03188305568275819,0.0020633741829842764,-0.008478364432758326,0.9994535159695213
1658137046.222251,-22.343047193502898,-1.3033814129481307,1.4790969033981294,-0.030250931473032233,0.0007323876754574562,-0.008380384315767661,0.9995069353996543
1658137046.3248975,-22.344040649221917,-1.2904529139339216,1.490349952169475,-0.03165679290568785,0.0010228155526099771,-0.007990621352702218,0.9994663332407199
1658137046.424736,-22.34445652466795,-1.2902868226681936,1.4885409539786978,-0.031230154024293494,0.0015152163166563717,-0.007063700871872023,0.9994861108235097
1658137046.524822,-22.347195939942385,-1.2833724078513558,1.4881702065400537,-0.030784630782486933,0.0010567811537501935,-0.0063137620972378876,0.9995055408197289
1658137046.6108406,-22.350764435727438,-1.2808276038284796,1.481886584006188,-0.03188305079151861,0.0006455040357875647,-0.006603505947874217,0.9994695833820766
1658137046.7200313,-22.351513424378975,-1.2851203152250956,1.4667334145143065,-0.03188210970592423,-4.0421473371787154e-05,-0.006365934656144751,0.9994713624325303
1658137046.8233771,-22.353382974843957,-1.283902975512987,1.4656404149205338,-0.03329517406480394,-0.0007968042325938134,-0.005777864421713058,0.9994285431033652
1658137046.9248018,-22.35429369781067,-1.2780445274392265,1.4652409453763546,-0.03261787128953222,-0.0015910314350727555,-0.005667213384836746,0.9994505619508874
1658137047.0206544,-22.355997026164395,-1.2665160131803705,1.452171932107229,-0.03192517664367879,-0.0013259126847445372,-0.005700758787882364,0.9994731244015752
1658137047.1247168,-22.360263048332744,-1.262575676370483,1.4592380790628308,-0.03212323315832489,-0.00033078131655101906,-0.006112927204139294,0.9994651672750555
1658137047.224819,-22.363022944242704,-1.2573827998926135,1.4605064905127458,-0.03220455379308644,0.0007762046323668524,-0.006126042699934301,0.9994622233092031
1658137047.3248487,-22.36544762352966,-1.248966195195253,1.452798587186742,-0.03408308695277568,0.0013264794701821699,-0.006208209828660027,0.9993988401867834
1658137047.4231832,-22.367457121945897,-1.2514140087951657,1.4574518724063046,-0.032720262589627916,0.0016514432931751836,-0.0058083417516107076,0.999446306870555
1658137047.5194976,-22.36820518355399,-1.260517029426448,1.4585541061098208,-0.03310819773292607,0.0007658021575944563,-0.005459738559357307,0.9994365672941812
1658137047.6110926,-22.369231316972964,-1.2514817042532145,1.4402707856488552,-0.03312873472572997,0.00017788529493957444,-0.00490344180208176,0.9994390484420586
1658137047.7129803,-22.371460548851104,-1.2447478080742134,1.434068480980842,-0.03302837947038886,0.0005342715608273385,-0.004156724803430285,0.999445627506743
1658137047.8222144,-22.372244915844686,-1.2276705501627938,1.4301660994607113,-0.03427166193160184,0.0020602354945609734,-0.004101578904569421,0.9994020140407075
1658137047.9249046,-22.376235278439015,-1.2287978525313286,1.4284123350155271,-0.03251321065432423,0.003582514916142105,-0.004452435245012475,0.9994549677400137
1658137048.0247707,-22.378815265803187,-1.2294790609542523,1.4143886409467337,-0.03261120248613095,0.004656813466312029,-0.004361169331784375,0.9994477493910262
1658137048.1248584,-22.380965250669377,-1.2362846280656792,1.398148695851271,-0.032917968935413655,0.005075443595526076,-0.003728210794329549,0.9994382160182431
1658137048.2248259,-22.382998110204095,-1.2358676204751273,1.3904731991791677,-0.03233209727860031,0.005244978120240012,-0.0034148259813513056,0.9994575852198937
1658137048.3247254,-22.38483498975896,-1.2270832671745648,1.3766442515628994,-0.030273982038756433,0.00585001384584318,-0.0027208143248356005,0.9995208154505376
1658137048.4248168,-22.390870732673694,-1.2199410472375203,1.367720444640752,-0.03102454632005291,0.006196943110875471,-0.002837098431456025,0.9994953858293609
1658137048.5249128,-22.39468872251471,-1.2204761875973975,1.3624222146152274,-0.030965222419820294,0.006887856333019772,-0.0024417278896417113,0.999493747054235
1658137048.6243622,-22.395983249399578,-1.2174027260069364,1.3614818730368232,-0.03049984511327864,0.006930445738852555,-0.0027095910859258176,0.9995070717538964
1658137048.7229097,-22.396154564324235,-1.216692699614946,1.3538923858210634,-0.0303319265848763,0.007229847326643025,-0.0031452234914206667,0.9995087849070897
1658137048.8121696,-22.39681043441093,-1.2080598134768676,1.3607970111935843,-0.029987162805489364,0.007986911016378228,-0.004391065211513228,0.9995087282588261
1658137048.9248986,-22.398654015903684,-1.2196237753484365,1.3614117833904626,-0.030944255448652386,0.008787824391190123,-0.005642246846886914,0.9994665538414436
1658137049.023314,-22.40122811886774,-1.2167009276016107,1.3520755072389414,-0.030511236345342016,0.008883599543865852,-0.006541617387497028,0.9994735380978087
1658137049.1248453,-22.40485795022505,-1.213645799486719,1.3520075982821653,-0.028889938415771137,0.008263216428292756,-0.006952662069653647,0.9995242624382412
1658137049.2247431,-22.406557384781,-1.2188148799301561,1.335671853040889,-0.02913745455476562,0.006929063561096342,-0.006194005804187518,0.9995322061406053
1658137049.3242424,-22.40968095427834,-1.220181762690444,1.3302503705681548,-0.02956816160020165,0.006466318070688688,-0.005985278963758426,0.9995239301717053
1658137049.4224992,-22.41000056322547,-1.214473266193117,1.3263098667490667,-0.029625193930658267,0.006567124912478528,-0.005485951623313013,0.9995244494707042
1658137049.5216117,-22.410208442186814,-1.2126769435031521,1.316230671662121,-0.029709992887719083,0.00664270937552556,-0.004407696050656712,0.9995267695015785
1658137049.620622,-22.413142562566883,-1.2137181684892853,1.3136757982910114,-0.029924922758898298,0.00694844395678254,-0.0038849908371450027,0.9995204475000101
1658137049.7245684,-22.413943740004502,-1.2062403640126642,1.3083311249314913,-0.031027262073875038,0.007325091133467818,-0.0034189085480341736,0.9994858493807691
1658137049.8248765,-22.416051114094696,-1.2085519110046024,1.3133198195599316,-0.030863079048562243,0.006795326333858461,-0.0036266539994111702,0.9994939425891478
1658137049.9235036,-22.4185767345208,-1.2099865090877788,1.3132779728726849,-0.030446029133883147,0.005692739890334402,-0.003548826496824431,0.9995139007802674
1658137050.0249214,-22.420020564335093,-1.20595994141541,1.3114074990335796,-0.030942152123018974,0.0045950822704412045,-0.003230780315619048,0.9995053929316476
1658137050.114825,-22.424074448423784,-1.2076388231105402,1.3098878733355555,-0.03060321379715397,0.0042245767056449755,-0.0038797078744067653,0.9995151545242951
1658137050.2248561,-22.424774522029793,-1.218607132008784,1.295167255183758,-0.02992341381129281,0.004566152200795949,-0.0037007431379219857,0.9995349138775278
1658137050.312485,-22.42890086122372,-1.2199535641325423,1.3006033228068523,-0.029204328924428546,0.004887198503147634,-0.0033010530218874775,0.9995560642164019
1658137050.41861,-22.42877577850471,-1.2211570759753043,1.3006946750283468,-0.028958020719856408,0.005240972755835627,-0.002002448383354551,0.9995648830571251
1658137050.5247643,-22.42909841956908,-1.2251516504066644,1.2996751810677485,-0.02996150214848593,0.005112724233307631,-0.0020403379231816172,0.9995358950338158
1658137050.6236956,-22.43167035964482,-1.2213938021004958,1.2967667269335612,-0.03003203237737183,0.004870953045164824,-0.002324517103486221,0.9995343653261376
1658137050.724798,-22.435927654418126,-1.22500435661056,1.2849927070182525,-0.031120469408059893,0.004416498600420356,-0.0017444805300089587,0.9995043610267977
1658137050.8217773,-22.43485938641121,-1.2445075658566462,1.305039280543737,-0.0317682797099864,0.004973692740440382,-0.001955035978854041,0.9994809736153486
1658137050.9205306,-22.436072403296365,-1.2437201568529277,1.3116021180062276,-0.03383552335351753,0.004626423973422618,-0.0025592073642294903,0.9994134299769294
1658137051.0240653,-22.439243884878,-1.248846690122104,1.3073072177664335,-0.03191787905851999,0.0034183067759820536,-0.0037946056722271363,0.9994774460401566
1658137051.1226525,-22.44190236103551,-1.2417381037214275,1.3096154436674965,-0.032300836635621395,0.0026336550707203306,-0.0040632170195205415,0.9994664627094954
1658137051.2133567,-22.4455619112836,-1.243812874098133,1.304767666141007,-0.032398076412920106,0.002217582156467872,-0.0041946242749919165,0.9994637822859246
1658137051.3248663,-22.4462491082259,-1.2449267917946927,1.3047229355704264,-0.03251301872454839,0.0041113756516737345,-0.004663177771866672,0.9994519773239269
1658137051.4149091,-22.447200214862065,-1.244940872125543,1.2989119306949484,-0.031200654418070434,0.005258854327253022,-0.0047222500148658645,0.9994881509902045
1658137051.5135782,-22.44774845116366,-1.2468676597777086,1.3015095692620882,-0.031414879248048276,0.005329085344749965,-0.004853115438784006,0.9994804417704874
1658137051.6122346,-22.447500685673994,-1.2409915158867861,1.2988041442338214,-0.029681361571799725,0.00529086234660687,-0.004301083683321345,0.9995361545386913
1658137051.7241485,-22.448176456108236,-1.2422009674546228,1.3035402144272374,-0.029498149013599928,0.005351467180025399,-0.0037916817879504374,0.9995433177971742
1658137051.8248017,-22.449004494534766,-1.2437147848350434,1.309476456270287,-0.0280588492935708,0.004899689602726758,-0.004724620478107877,0.9995830990865272
1658137051.9240067,-22.44904177321295,-1.242870984893682,1.297235928111952,-0.028405276891116073,0.004511386941017761,-0.005740702088542874,0.9995698234601263
1658137052.0229595,-22.450208683997772,-1.2524146097010702,1.3064551812371845,-0.02979729203548082,0.004796988246800771,-0.005507021805494036,0.999529280712634
1658137052.1216557,-22.45047463154617,-1.2576116923670955,1.3104264921411948,-0.028765308496638563,0.005421278045332195,-0.004306963425795743,0.9995622125898246
1658137052.2196934,-22.45340998759806,-1.2682641819390792,1.3027700939653477,-0.028911644236619214,0.005127093784383332,-0.00288294549403835,0.9995646644225216
1658137052.3236961,-22.454249238008558,-1.2704203560393903,1.3067689981085244,-0.0293465720409732,0.005062932902094992,-0.003400798171375227,0.9995506890556565
1658137052.424901,-22.45435261387516,-1.2834498234304184,1.3036945978774312,-0.02982947655492936,0.005471471071799617,-0.00524780672541928,0.9995262507094588
1658137052.517163,-22.454908665154537,-1.2829552715201074,1.3009139038770954,-0.02925508712711608,0.006617522976458235,-0.007239164631873552,0.9995238580255293
1658137052.6159117,-22.454493963133253,-1.2836840981720923,1.304960869573762,-0.02844889080670073,0.007609514787517918,-0.00815780044314954,0.9995329940469506
1658137052.7145514,-22.45485616368646,-1.281093990503932,1.2973351232613515,-0.027866815533215555,0.00787490181745717,-0.007138778175010786,0.999555133226545
1658137052.8132913,-22.453131172595022,-1.2854455307899422,1.3107809289698908,-0.028458996783524624,0.006002139561514447,-0.0065426284792874725,0.9995555281400357
1658137052.9248242,-22.453380757187134,-1.2774408057922149,1.3200220482139982,-0.028873360531800167,0.003165358515019675,-0.006850800134803481,0.9995545888517291
1658137053.0240207,-22.453791656715307,-1.271794469251941,1.315579684243868,-0.029108670125460145,0.0020463434975313693,-0.007406053604408041,0.9995467213551302
1658137053.1247485,-22.454327446866213,-1.2704904438594136,1.3175006858380172,-0.02876542023002546,0.0031055468847836273,-0.00652734127184571,0.9995600532201261
1658137053.223866,-22.45594625136978,-1.2646434871150756,1.3196713355371597,-0.009501342241615866,-0.0003898586820301061,-0.005395233450806201,0.9999402301946804
1658137053.324816,-22.456538307062065,-1.2709351745180908,1.3165361015108492,0.017681771276965155,-0.002660044301249633,-0.005422902923146766,0.9998254203873166
1658137053.4186208,-22.4507500809935,-1.2544585970500228,1.303983450374115,0.035034564537798754,0.002897021999574697,-0.0035781529357818056,0.99937549668416
1658137053.524744,-22.452534807765346,-1.2659451701978637,1.3012720235988875,0.04687922568389865,0.010536973293370038,-0.002858982638624149,0.998840896545254
1658137053.6181777,-22.456207700953797,-1.275866583962429,1.2980387240270272,0.05458539395850955,0.01394732107977763,-0.006171618513596939,0.9983926172232929
1658137053.7145827,-22.45468993734769,-1.2775848544965756,1.3045059211714023,0.05585559978023407,0.012530959976810054,-0.006711905062183309,0.9983376569806669
1658137053.8249202,-22.452416971600375,-1.287826867693387,1.3059780817537439,0.058473608254679385,0.009117318023326042,-0.005101918135803754,0.9982342821607746
1658137053.9153697,-22.453035373212742,-1.2831911945977559,1.30938271156083,0.05923354747342415,0.006682547323455664,-0.003259193607675642,0.9982164635348244
1658137054.0140722,-22.455714503293336,-1.2792247612095344,1.3115069895076812,0.05859684859872416,0.0046583987420846205,-0.0023593306754106794,0.9982680713186121
1658137054.1158915,-22.460295279317762,-1.2775907967789006,1.3147410583583867,0.05889534053132349,0.003866970607358443,-0.0033785110758668955,0.9982509559549092
1658137054.2249095,-22.477111481379655,-1.261733506479364,1.3203863119503059,0.05766015998012905,0.0024277785225028346,-0.004006039789763135,0.9983252793992914
1658137054.323618,-22.502464869770453,-1.2507173624896921,1.3158198891001305,0.05622032649281634,0.0018241161665248657,-0.006339939267998755,0.9983965908692243
1658137054.4248333,-22.54163391822205,-1.2368008749777553,1.316095549267835,0.05503141907386958,0.002068037669894946,-0.011271471170741825,0.9984188600344637
1658137054.5235739,-22.59389764433819,-1.218921606546482,1.303103866577633,0.05417796453009431,0.0032468134333926567,-0.014562471011398863,0.9984198219185686
1658137054.6214356,-22.66480992688163,-1.205679812364508,1.3010770556151954,0.05400192634916605,0.005426264284352809,-0.015429842756044755,0.9984068647395098
1658137054.718603,-22.75594645192041,-1.1880644667638163,1.298373243812351,0.0543328685630801,0.008628407109574467,-0.01502666159558453,0.9983725203678774
1658137054.8248281,-22.88010231499592,-1.1799093425868612,1.2957250194480865,0.05541479108775931,0.0117743103193869,-0.016376705087371976,0.9982596706647229
1658137054.9233704,-23.02057579556322,-1.1685472905916992,1.2999149471246811,0.05532728521558711,0.013242838332300623,-0.01920133993827358,0.9981957860500659
1658137055.0247648,-23.19623151117527,-1.1454684889636526,1.2950333881994063,0.056166816792059746,0.013103990604839778,-0.023054262068319026,0.9980691735156018
1658137055.116762,-23.38673371753272,-1.1204222068191718,1.3000289218712568,0.055137274683344895,0.012604059339475091,-0.026404686959566114,0.9980500043260271
1658137055.2154617,-23.61755294160565,-1.0817012254369076,1.3135669281900362,0.056408683552815635,0.012860101071158416,-0.02813211923167725,0.9979284854576339
1658137055.317264,-23.884311744273774,-1.0455075009754373,1.3140292348131506,0.055808172273347126,0.01193420697598155,-0.029564334967455388,0.9979323487638073
1658137055.4163184,-24.172100076143195,-1.0032677726951824,1.310410951508489,0.056002993028843796,0.010023671009366537,-0.029729867234380928,0.9979375360138963
1658137055.524756,-24.501952098456076,-0.9688083359352946,1.3058310002206988,0.0561334781418068,0.008647860962871,-0.02735935091458984,0.9980108782222545
1658137055.6249127,-24.822495673536796,-0.9469031259612688,1.3202167273166432,0.05374922192648164,0.009530838492537363,-0.024545843147294535,0.9982072359205119
1658137055.7247486,-25.150992097390905,-0.8876958148990532,1.3323938608442933,0.0549709777483243,0.009557958836307818,-0.02020573574433954,0.9982377298375669
1658137055.8237214,-25.477091907704185,-0.8611178824118774,1.336730883675051,0.05556429284513706,0.010448775090984028,-0.01767392428481925,0.9982439906455959
1658137055.9249165,-25.81379191843442,-0.7898702141274407,1.3447089573571926,0.0557445367513369,0.012016716155365068,-0.013634606405721691,0.9982796415150086
1658137056.018064,-26.13215608791089,-0.7314883340972124,1.3398690604216885,0.054403464251370354,0.01224085697187373,-0.00904008113961503,0.9984030756317739
1658137056.124671,-26.488499563974234,-0.6739992347752402,1.3647498774477949,0.05365869058642184,0.01031187982643253,-0.006489138301315564,0.9984850029635162
1658137056.2189305,-26.81181532301553,-0.6093897461626661,1.32976249736371,0.05529657596218016,0.00961630014775712,-0.004368582627143041,0.9984141079452494
1658137056.321242,-27.15070184335181,-0.5331066375704161,1.338008861520786,0.05684090014787419,0.009953958072048118,-0.002416680180184836,0.9983307019449696
1658137056.4245865,-27.486664320488384,-0.4745582521532452,1.3370806770288766,0.05798217155143636,0.01067709105735557,-0.001565511259844693,0.9982592933117015
1658137056.5248275,-27.809239491589246,-0.4247071386007007,1.3616184019428408,0.05564280320536134,0.009792770536046142,-0.0018418783034165793,0.9984010154146191
1658137056.6236222,-28.127199984974776,-0.35072049996894306,1.358486256127617,0.056760321172554445,0.010493565495609323,-0.00152028493177714,0.9983315279791848
1658137056.722171,-28.442538131786286,-0.2900731450189802,1.3848134159929302,0.05682049461616199,0.011011136682828288,-0.0023742914743778245,0.9983208647526459
1658137056.8248496,-28.765882292407525,-0.22560128694061726,1.4214073739959825,0.05375074613220099,0.01185337722688423,-0.003585469705954134,0.998477590707716
1658137056.9241667,-29.07829556407053,-0.16523535276521012,1.4226537603030291,0.05623893169309821,0.013303928850845166,-0.006010826743794954,0.9983106019676217
1658137057.024523,-29.38985580766255,-0.12352038333264695,1.4619233310213444,0.05321411650882509,0.011781204684604833,-0.008380570014303904,0.9984784559851791
1658137057.1232853,-29.697882937785813,-0.06208407637696482,1.4705889035715867,0.0557209725576246,0.008218947722709135,-0.006976875160182715,0.9983881736721996
1658137057.221307,-29.996614387647632,-0.008523301694615099,1.4765707064063687,0.05489394311748896,0.006989715817560158,-0.0064189225013664385,0.9984470923968244
1658137057.3247488,-30.314898846745887,0.05043454302458392,1.4565685360362544,0.05518851206934781,0.007044372777075814,-0.005754242322315348,0.9984345214599665
1658137057.4240832,-30.614225485849357,0.10165655705924166,1.468345016100907,0.05506340233518423,0.0060351056714813426,-0.005779257201406533,0.9984478951898061
1658137057.5247426,-30.92794177139098,0.14531352380406037,1.4620993422046518,0.05714097766545014,0.006706789917987014,-0.005194968880139396,0.9983300756456817
1658137057.6248364,-31.240684313260147,0.19704352412132572,1.475391602997904,0.05693404908424494,0.006058516410492167,-0.004962890698547393,0.9983472232393079
1658137057.724896,-31.55048073555608,0.24832337896946546,1.4872891316022094,0.057749815303641996,0.003538283547527309,-0.005424139927389566,0.9983100811310708
1658137057.824671,-31.854033067970136,0.29896695981425603,1.5146313649542062,0.058197339166657584,0.0054868638418513,-0.0054458133339202125,0.9982751660520146
1658137057.9248483,-32.16183550691201,0.3454825751759005,1.538573785993791,0.05751600474230454,0.009605597002820168,-0.005875268692248242,0.9982810841253285
1658137058.0247576,-32.470330872460096,0.399137240590129,1.5712719412842269,0.0553289579927286,0.011196153634695087,-0.006793647401681203,0.9983822909618104
1658137058.124892,-32.77680926626369,0.45696192480221864,1.6197443993979774,0.05511735440471558,0.010493274337779796,-0.008026895291688247,0.9983924766288146
1658137058.224744,-33.073050568468894,0.5098368461134709,1.617850749452385,0.05455290925733215,0.0026307995882318817,0.004113270622286328,0.9984989434094662
1658137058.3243525,-33.345748696974916,0.5611336947503249,1.6192126148950436,0.05629408249591264,-0.0015450644774774272,0.025126594822267586,0.9980968105771537
1658137058.4230595,-33.58517670368637,0.6188517109087659,1.633859330843801,0.05589145376565019,-0.005118296269734116,0.0439340086578167,0.9974566413245527
1658137058.5217297,-33.803668034595056,0.6528048159448194,1.6418658339957992,0.0554871699643727,-0.0062542738760205715,0.04696816873453944,0.9973344720570415
1658137058.6248178,-33.998359529329946,0.6885479683481706,1.669190637035977,0.05622314263517412,-0.00554835778119263,0.04147262680231441,0.997541074434641
1658137058.7229033,-34.14288991262594,0.7312981530799929,1.6684822699858683,0.056327039947835666,-0.003868079554931991,0.03396370411169372,0.9978270237542326
1658137058.8247464,-34.254855359632884,0.7719582857356959,1.6728150697459,0.056696432475277954,-0.0014600846739904417,0.02695786256955025,0.9980263805846755
1658137058.9248297,-34.331475607369505,0.802772335191084,1.663617141265,0.057315020707655456,0.0020999972954614866,0.026598791687633277,0.9979995404274207
1658137059.024825,-34.3821877333924,0.8232983981701191,1.6560461264538275,0.0564946263781438,0.00654906771135113,0.020445757348080327,0.9981720482506584
1658137059.1248994,-34.40744662851639,0.8438908524529021,1.6475527346128742,0.05650965819777254,0.00935344943595706,0.016444705228376346,0.9982227923584575
1658137059.2236767,-34.417050881389905,0.8578602629634899,1.657194034285229,0.05650989953808944,0.011322827551208612,0.012723239620271214,0.9982567525461327
1658137059.3247514,-34.41771747999217,0.8753376013552583,1.654442931297037,0.056019895746523295,0.013530942626413564,0.0069163945822333355,0.9983140028859242
1658137059.4249175,-34.410508275737946,0.883338363150214,1.6565311215720315,0.055429304136385894,0.01512018048402584,0.003653879054323107,0.9983414353581083
1658137059.5243156,-34.40333975898583,0.8868835359354228,1.6648970275247135,0.05516597004757416,0.016269153413515466,0.0012909081682623731,0.9983438104941417
1658137059.6244135,-34.394454750049405,0.8870110015060522,1.658173143865577,0.054850708924915566,0.0155198547146376,-0.0003306113665344511,0.9983738901514496
1658137059.7225604,-34.3839160469305,0.8938653211440263,1.6571433717687762,0.05512498434614451,0.015707824895851635,-0.002426813743485711,0.998352949068052
1658137059.8245442,-34.37761750525122,0.8846311087559294,1.669162503011667,0.05553553622320559,0.016168927652266726,-0.006593488448252599,0.9983040097610563
1658137059.9248712,-34.370657949230136,0.8848034443669643,1.6874347138326145,0.055336136997591955,0.017653376007939803,-0.009778197858087333,0.9982638213940733
1658137060.0226479,-34.36575680352504,0.8867706578553015,1.7034160554106497,0.05523610873171705,0.01859910941805492,-0.012222994208959224,0.9982252470427431
1658137060.1216905,-34.36093922604519,0.8908925687767426,1.7111465425379886,0.05552880215639226,0.017965989524039598,-0.012563372534033541,0.9982163778570328
1658137060.2246783,-34.35951399946273,0.9048122259349941,1.7317057327847432,0.05478341558236032,0.01571148384406126,-0.010736160592457529,0.9983169143654864
1658137060.3248641,-34.35976978749019,0.9080603364252137,1.7452415712925393,0.05497262335934977,0.012578842486774953,-0.009158055374595336,0.9983666227515746
1658137060.4247136,-34.35605873894865,0.9123543858573874,1.7586558140276034,0.054977954327486755,0.00998133797283046,-0.005942645717428926,0.9984199929849461
1658137060.5233033,-34.35523417420211,0.9062239106485351,1.7738624153938969,0.05543102530123909,0.008250767439468672,-0.0034283674817861664,0.9984225420968157
1658137060.6245127,-34.35572046102824,0.9109680911525403,1.784217780224757,0.05602833709644463,0.008605652218175264,-0.0015086420112879573,0.9983909515772532
1658137060.7246673,-34.35908370722046,0.9137967594309864,1.7992977450929732,0.05579322396122706,0.00858076567057353,-0.0007538171627538278,0.9984051874765825
1658137060.8248038,-34.36181907289828,0.9151967096024155,1.8094384813279076,0.055216079452000445,0.009435626842328109,-0.0011136157492835609,0.9984292230178115
1658137060.9249082,-34.364161207357476,0.918518055419347,1.815719296313031,0.05599633912993709,0.008030628758398535,-0.0019087690247646283,0.9983968527627404
1658137061.0247548,-34.366239125941625,0.9208755122723812,1.8255654812899391,0.05482615646345726,0.006329468710501796,-0.0028913932758010135,0.9984716672185325
1658137061.1247222,-34.37005851191312,0.9249273743518894,1.8497768356927082,0.05527421079863751,0.0047348013837856615,-0.0035283912932205616,0.9984537514233041
1658137061.224813,-34.37048477604788,0.9285734468089375,1.8591610680599362,0.05534162788782593,0.0031338963891640883,-0.0030379894121230953,0.9984579377902814
1658137061.3226097,-34.37022693693368,0.9238757134694847,1.8774628278747467,0.05512073031852935,0.0022508589033895933,-0.0019545855245927226,0.9984752467230809
1658137061.4247353,-34.372154231673065,0.9218279446453237,1.8983455255655712,0.05528254952370798,0.002918934638253771,-0.0018159767949158918,0.9984648325138742
1658137061.5247774,-34.37388438105206,0.9226015727493728,1.9103710976364938,0.054861698304867076,0.004154394979244396,-0.002394073872291495,0.998482450257238
1658137061.6249015,-34.37667315346969,0.9167820059129936,1.9074137468681003,0.054411035979738176,0.004608161273380966,-0.004127084234679123,0.998499459784006
1658137061.7240658,-34.37835598485977,0.9127217651488473,1.9121681699656334,0.0542029257973104,0.004664590623668635,-0.005465222549728862,0.9985040890110306
1658137061.824846,-34.37742581017925,0.9140410091882617,1.9117188443686393,0.053894639795441256,0.006051177988990174,-0.005807211356979744,0.9985114057147579
1658137061.923822,-34.3770450098496,0.910185488323777,1.9139614893820798,0.05508418994819328,0.006324677164571235,-0.004617639477507892,0.9984510042471343
1658137062.024782,-34.37768802294722,0.9098691478924081,1.9154767497903902,0.05471857398618682,0.006840033596537826,-0.0033559159912807863,0.9984727484659337
1658137062.1238697,-34.377668718861855,0.903789913542645,1.9172087194623422,0.054906065418347,0.007562444764432662,-0.0027887497959297887,0.9984589907872912
1658137062.2247446,-34.37631581152364,0.8966309424629474,1.92193228771966,0.05456272893059628,0.007903974347354526,-0.0025833602263983816,0.9984757193097104
1658137062.3224144,-34.37678342392478,0.894287680069594,1.9235628439943404,0.05445529144381733,0.00803824984092378,-0.0040359754431561895,0.9984756975887927
1658137062.424602,-34.37692678549138,0.88793818868041,1.91343396063412,0.05479758291839217,0.008199894621150427,-0.00544886037005938,0.9984489453923576
1658137062.5249066,-34.376270208369334,0.8772151865215646,1.9080480381712714,0.05486410514096622,0.008705262899951237,-0.0053764438086934,0.9984414065015714
1658137062.6230376,-34.37780200349971,0.872534814439267,1.9082585803900372,0.05447026175672795,0.008554166215498284,-0.004925498188283942,0.9984666024920658
1658137062.7241585,-34.37908111460002,0.8745904809521183,1.9144284066413237,0.05340533383533041,0.007570519613949636,-0.0049368525920925116,0.99853201502863
1658137062.8248606,-34.38039473165585,0.8720512664128769,1.9129246373355946,0.05352017982815874,0.007662411232301221,-0.004162927263354005,0.9985286915466225
1658137062.9247382,-34.37981193785603,0.8802899977487925,1.9099415050492463,0.0538658164677325,0.008941247392122475,-0.00287102855783147,0.998504023580425
1658137063.023866,-34.37943494398617,0.8816137331552193,1.8964192302319725,0.0544980268393851,0.009557368756429905,-0.0012507910019314682,0.9984673541457815
1658137063.1248007,-34.3797439027916,0.8818388658637204,1.885397080036359,0.05411555015913923,0.009563920054339599,-0.0001649970933268563,0.9984888639539589
1658137063.2248878,-34.37589755481847,0.8660268774811513,1.8746547109474117,0.05375613715202312,0.00873772674037965,-0.0009560981952700376,0.9985154058531518
1658137063.324566,-34.37623592415435,0.8593756206936961,1.8650131132208692,0.05402038694564589,0.009240890204170632,-0.0021465648447199235,0.998494765134893
1658137063.4248893,-34.37719305789046,0.8558789575412638,1.8534736677725951,0.05376067841603462,0.008403514705591395,-0.004001799205176506,0.9985104686481271
1658137063.5234911,-34.37777597350355,0.8546967560696436,1.8478169328486094,0.053964471570673675,0.007648427598201045,-0.004783638358061846,0.9985021052393291
1658137063.624814,-34.37814929016255,0.8542238824385157,1.8359642016557864,0.054736449698638306,0.007468301693010436,-0.004550261226713407,0.9984625384394343
1658137063.7248247,-34.37861271247024,0.8517237433647914,1.8372045711772633,0.05497109740591459,0.007181925280337093,-0.0038612055544906894,0.9984546506931914
1658137063.8247573,-34.37772859112656,0.8440208670456641,1.8316954667423715,0.05508330234669219,0.006713330810704898,-0.002340417168615603,0.998456450447102
1658137063.924858,-34.37479235449298,0.8440138983998406,1.8246476012250457,0.05464906851350778,0.008252521047081365,-0.0019558762613500905,0.9984696038212499
1658137064.0208392,-34.374200382177776,0.8402323721162416,1.8186545583912948,0.05418574531198866,0.01002764021953074,-0.002782162559093539,0.9984766451990987
1658137064.12491,-34.376705582816314,0.8310868909795157,1.8240311387374177,0.05416109410135921,0.01156059104049651,-0.003425261437249945,0.998459411395659
1658137064.2247424,-34.3789365841641,0.8307528866120687,1.8209682799784586,0.053837509187531676,0.01135214398755452,-0.002949597741373287,0.998480821700884
1658137064.3248756,-34.37781972267612,0.8247290759172409,1.8143629607586158,0.054365603192208393,0.011717539278127872,-0.0022518503330232584,0.9984498032614508
1658137064.4246757,-34.37644567942172,0.8240609287726064,1.8010717465120167,0.05397757643471382,0.012465936201136079,-0.001451934015895606,0.9984632760219158
1658137064.524802,-34.377187946228624,0.8201365982235602,1.7978083182925948,0.05382618973422438,0.01254640013756022,-0.0014600474522507964,0.9984704289079671
1658137064.624883,-34.37603592058077,0.8185310556365724,1.7865988656255813,0.05428038119592517,0.011308567406409887,-0.002428283725142399,0.9984587422415252
1658137064.724464,-34.37708293329297,0.8160126443838407,1.7887457497238124,0.054272945513824444,0.010122724331278418,-0.004097123388633059,0.9984664197744672
1658137064.8248072,-34.378079013614624,0.8088220580139134,1.7918914150231715,0.05392917209469574,0.008809865404398,-0.004882323886568709,0.9984939627169217
1658137064.9248762,-34.380285791514886,0.8047026229840616,1.785459252018209,0.05301816668294121,0.007166518149596783,-0.003835269004540208,0.9985604667373884
1658137065.0247412,-34.37934207585577,0.8010006658831509,1.7851818054818993,0.05358439584957813,0.006282419932478625,-0.0027399506443964113,0.9985398021068719
1658137065.124837,-34.380852376306635,0.7942098431215769,1.783975132518236,0.05286049794918579,0.006031807876737295,-0.002864846827120698,0.9985795800550377
1658137065.224909,-34.38346398940767,0.7937804271455771,1.7785089469424453,0.052984345476520645,0.006844716736154585,-0.00289647732276303,0.9985676839384907
1658137065.324745,-34.38363403352388,0.7865712689053883,1.7810535546570576,0.052636072429215766,0.0071349224499351474,-0.0023618058359716316,0.9985854788819977
1658137065.4246922,-34.383229229322694,0.781401085058756,1.783760143777739,0.052686645270614486,0.007442197524737691,-0.0019498661899155314,0.9985814584338665
1658137065.5243282,-34.38291275473293,0.7759521933355992,1.7798319825098012,0.05263550977546041,0.008312303575297053,-0.0019443852237946368,0.9985773020082052
1658137065.6247048,-34.38557323390826,0.7688696522066379,1.7837139576543728,0.053070307738714,0.010242374938107932,-0.002523364002348479,0.9985350613905313
1658137065.7248025,-34.38672519553971,0.7631754321038363,1.7848227175919942,0.05342022591065878,0.010272485515785027,-0.0034867801403552106,0.998513193638006
1658137065.8234744,-34.389082355244774,0.7565967286430759,1.783464237449675,0.05334502790316666,0.009335738161249456,-0.0034841024641754825,0.9985264207926348
1658137065.9247227,-34.3918279622942,0.7538162198590578,1.7795068812232162,0.05340704283992897,0.007701882366015953,-0.003880198165340708,0.9985355841657554
1658137066.0241308,-34.39265527184775,0.7538046912570857,1.7754605558693726,0.0532683152847701,0.006333252401157335,-0.0036465551554364047,0.9985534933773843
1658137066.1249187,-34.395330635004,0.7520893880305272,1.7750122302661022,0.05342941357344932,0.005169979911337074,-0.004458108976983023,0.998548293442634
1658137066.224697,-34.394516723747316,0.7457900949564729,1.7695289388444244,0.053852657118365,0.005539312637587044,-0.005738507433525731,0.998517038847692
1658137066.3241851,-34.39336821909624,0.7357132361772489,1.7727018744543164,0.05340976043972882,0.006152293866108763,-0.006137526807017078,0.998534865457677
1658137066.4230723,-34.39304959313494,0.7310446536245065,1.7744691976205822,0.05409741349440922,0.006146159686450725,-0.005667383176468354,0.9985006636663724
1658137066.5218792,-34.39810817095981,0.7278711045884694,1.7816319540318872,0.0539109658467292,0.0043267235482945315,-0.005428284441206184,0.9985216176692245
1658137066.6248047,-34.39865845991111,0.7236567576686178,1.7878326836232374,0.053960024479906665,0.0034464910762127873,-0.00559479783654601,0.9985214748289032
1658137066.7249093,-34.39835768176538,0.7152709893875023,1.781649513276514,0.054010939362035715,0.004123520210621017,-0.006237941920775873,0.9985123449866937
1658137066.8240051,-34.39824526734949,0.712909911340519,1.7794207285799393,0.05336714912239914,0.00479213858866524,-0.0066460733104517205,0.9985413424149129
1658137066.9248526,-34.400625525751614,0.7135915365366879,1.778801121327454,0.05341216366464138,0.004794067152067092,-0.007702380220517978,0.9985313370303766
1658137067.0248091,-34.40001963181806,0.7117255396402987,1.7928653416640747,0.053148254576836536,0.004879444594681553,-0.008601928012840139,0.998537661227795
1658137067.1249006,-34.39829290687514,0.7044283924120481,1.7967458304470802,0.0539157666760927,0.003767564241381569,-0.008642321751585575,0.9985009793876457
1658137067.224125,-34.39952787080725,0.6946998120355636,1.7930675926161723,0.053447546194685155,0.002306400270130109,-0.00833778010488627,0.9985331851002314
1658137067.324069,-34.40165052107106,0.6876381925683308,1.7909700613758177,0.05364835563620146,0.0015393886563386406,-0.00798226006721221,0.9985267987111041
1658137067.4247062,-34.40609796547375,0.6838346193641273,1.79387360253159,0.053151610687850924,0.0019070643161510133,-0.006202725735161346,0.9985653687067088
1658137067.524614,-34.40548226044749,0.6816485577000989,1.7970302698652458,0.05355901004172942,0.0024357936346577893,-0.0046923340233157185,0.9985506904279132
1658137067.6242085,-34.40399600284717,0.6779928991009273,1.795593235226789,0.05360613866655762,0.0027987610129908717,-0.004953049980373589,0.9985459509355968
1658137067.7230055,-34.403208081967435,0.673523446039923,1.8029537608405968,0.05349180722401809,0.002230284131144979,-0.0064761429089151695,0.9985447971751465
1658137067.824851,-34.40229148759985,0.6710095495611772,1.8008298424155746,0.05355835569548419,0.0022560807297833697,-0.008321324133753498,0.9985274999715963
1658137067.924172,-34.40282026314895,0.6683112304287634,1.7990693702358642,0.0531019635813981,0.001468116583413848,-0.008693167113776467,0.9985501764773552
1658137068.0247617,-34.402116476874625,0.6693444846507555,1.8020533719022966,0.05320103071316232,0.001210929866509003,-0.008423237961826435,0.9985475617325804
1658137068.1247602,-34.40149232782192,0.6801948282831872,1.8081574034963543,0.053557550203369206,0.0009687564558266333,-0.006990649129255101,0.9985398245196945
1658137068.2248583,-34.401107206842376,0.6883341225566433,1.8087473410597867,0.053279126208716616,0.0005889078394940333,-0.004138331275073648,0.9985709099068414
1658137068.3240533,-34.40176004395752,0.6941081468492882,1.8029121624229936,0.05394655974929492,-0.0002895193635336066,-0.0012473703244262454,0.9985430030484189
1658137068.424672,-34.40094418561897,0.6968652198614396,1.8125123373107834,0.05383287713897793,-0.0011984401060063416,0.0005052823602362752,0.9985491123474681
1658137068.524617,-34.40001765982935,0.7012796054586642,1.8088076441757044,0.053947489256902195,-0.0013151758900825591,0.0006070807267259855,0.9985427232563329
1658137068.623314,-34.40180864024569,0.7007569378568094,1.8103082571975102,0.054055964546681295,-0.00042315137553382195,-0.0003644337763873395,0.9985377513283068
1658137068.7247643,-34.40340523114241,0.7034314050567205,1.8124962571730185,0.05377090107628039,0.0014858900196472635,-0.0020134830442983843,0.9985501630935983
1658137068.8248553,-34.40434135831566,0.7086471756582468,1.8175916633265696,0.05459171517604675,0.0035686789803645955,-0.0028921835657693086,0.9984981945094445
1658137068.9236453,-34.406267838349876,0.709880912967092,1.8212854048564817,0.055070448410961974,0.003947288242115559,-0.0020117498722214333,0.9984726423341436
1658137069.0222504,-34.408273057793856,0.7047376686957583,1.822953917856047,0.05488567987466898,0.003798939394035614,-0.001712325441246305,0.9984839498688428
1658137069.1247342,-34.409171044036526,0.6972094107519594,1.8239538998943392,0.05436695929515086,0.0026996851834267125,-0.0011563704614244703,0.9985167040386417
1658137069.224832,-34.410731312629,0.6881139423457195,1.8234781249753642,0.054360352748619785,0.0028103696853808533,-0.0020342851708406496,0.9985153556931646
1658137069.323527,-34.41204625858603,0.687039516809779,1.8287381336864308,0.05450091042695726,0.0032680851896801583,-0.003521901480325934,0.9985021615358253
1658137069.4249225,-34.4130934254299,0.6869719395654682,1.8214883844115557,0.05447890838324189,0.003718698184928364,-0.004723778799915789,0.9984968230990798
1658137069.522895,-34.41189180018391,0.693391780635436,1.8215011590007952,0.05413663961212764,0.002707364490111432,-0.0062216516086516715,0.9985104834102699
1658137069.6239488,-34.41234216739238,0.691434919627529,1.8123950957763826,0.05390807799175845,0.0013882108489356058,-0.0074750481154699025,0.9985169581201261
1658137069.7248507,-34.41141659457572,0.6942170467253903,1.8072361390086669,0.05379878461180042,0.00022136290105868867,-0.006906185827857717,0.998527889630527
1658137069.8246298,-34.41230222893818,0.6922148029555866,1.8094215447780486,0.05300780629176082,7.201814074883286e-05,-0.0047090476843125225,0.9985829921220134
1658137069.9232583,-34.411546947134084,0.6941458624632749,1.8118912683030297,0.05310812993561088,0.0015951891904945243,-0.0025823399628606626,0.9985841544038382
1658137070.0248652,-34.4115716036739,0.6968581072216716,1.8130320272391773,0.05375177057535586,0.004787455083100075,-0.0018067848216797484,0.9985412174579334
1658137070.1246774,-34.41279837627465,0.6952951520226723,1.8084724790006548,0.05368221594976746,0.006411593907345191,-0.0030178201706734143,0.9985329258044673
1658137070.2233963,-34.41216170919043,0.6901321582601823,1.803907983624779,0.05330271789768943,0.0060589849801699625,-0.004858359212549188,0.9985481987923334
1658137070.3228576,-34.41323395150537,0.6900243335223065,1.8057305558908678,0.052774061014883356,0.005176721662695922,-0.006291511065684205,0.998573240641495
1658137070.4249046,-34.417128842706205,0.6876674594582434,1.8049585710862208,0.05227331538053266,0.0040854493806546195,-0.007213156270953729,0.9985984077591045
1658137070.5245028,-34.41770217236927,0.6753102080803165,1.7987708825057709,0.052050770634163815,0.0029039846987377192,-0.007070035888225284,0.998615190522215
1658137070.6233482,-34.41700183262419,0.6705277410954389,1.7948472344048079,0.05196695595579425,0.002508478564136799,-0.006536619525573292,0.9986242614863114
1658137070.7249234,-34.41909464247702,0.6704539244073044,1.7863764643178188,0.05247184687890771,0.003826174769586275,-0.007065074157373111,0.9985900812639896
1658137070.8247397,-34.418500069076146,0.6615362228699303,1.7898709664252843,0.052025801137117716,0.004336326784953901,-0.008314247726590415,0.9986017151851474
1658137070.9248514,-34.419067405335724,0.66078527254695,1.7878211400856454,0.05231073980109618,0.0047788896878500275,-0.00963654807900305,0.998572924555767
1658137071.024494,-34.41876615691343,0.6641327377663627,1.781620035780573,0.05202794509590268,0.0049128473157421014,-0.009428230316078675,0.9985890372587612
1658137071.1241937,-34.4183214757942,0.6598732863065058,1.776291730686006,0.051671774420533965,0.005705473155570484,-0.009201494369576435,0.9986054314921354
1658137071.2247283,-34.416472345968145,0.6505180908465054,1.7710921531103734,0.05167097729905522,0.008572144489146642,-0.009786705060753707,0.9985794153935851
1658137071.3248267,-34.41568685985097,0.6403058915739007,1.774218814121838,0.05174912827060023,0.008408665033836513,-0.010215315971555184,0.9985724657705648
1658137071.424206,-34.41821907184997,0.6422250086947078,1.7763908044242336,0.05147348778001951,0.006540326341589488,-0.010015792739080747,0.9986027178427048
1658137071.5231264,-34.41917663529414,0.6484419628409828,1.7675826968075292,0.05214930605793299,0.005711316160826967,-0.009817597666487137,0.9985747070306603
1658137071.624896,-34.41868073005899,0.6496251540786429,1.7551918171216359,0.052261999596799405,0.005241128899070569,-0.008708664378203564,0.9985816807505923
1658137071.7244947,-34.416513323714625,0.6528043998363635,1.7583417383495332,0.052386984278287314,0.005177593421828713,-0.006964260416143347,0.9985891524953405
1658137071.8227432,-34.41757638687947,0.6494465178734066,1.7598378675040525,0.052024026311433914,0.00530286080896688,-0.005393824514596281,0.9986171874199915
1658137071.9237132,-34.41676869203517,0.648625781639459,1.7610512291325913,0.05278085196229819,0.005144114334256325,-0.00594464716673264,0.998575175399346
1658137072.022542,-34.41932019558448,0.6411416804392411,1.766563740651191,0.05272451903000579,0.0053665426252979855,-0.007521667324289575,0.998566347236822
1658137072.124501,-34.41920698662314,0.6341965306512151,1.771338209368746,0.052996181553947225,0.007147587998960786,-0.010157296715371817,0.9985174740833809
1658137072.223206,-34.41990015975321,0.6385962434299096,1.7697172496659348,0.05287820559866526,0.008165873116579642,-0.01204102508375616,0.9984949812611789
1658137072.3247132,-34.42071838976341,0.6340137694547469,1.764092868541334,0.05289806774321167,0.007366716865611677,-0.011872492293723367,0.9985021631615589
1658137072.4248059,-34.41884414132703,0.6343672287444417,1.7540676757703673,0.05248586394196612,0.005677620251298357,-0.009920814739658569,0.9985562458616785
1658137072.5248966,-34.419474094385286,0.6361297039611439,1.7553213294628143,0.05268215727545387,0.003685008356558616,-0.008308348581792356,0.9985699686862107
1658137072.6247172,-34.41991595780342,0.6438507028728151,1.748238583955709,0.05354518309175925,0.003596223417336207,-0.007991260525139198,0.9985269752490118
1658137072.7242613,-34.419385856430914,0.6370682819107387,1.7569236342568115,0.05301180834176319,0.005263517429744477,-0.008615299228161573,0.9985428484445381
1658137072.8231678,-34.4195036034993,0.6444998395463645,1.7574794022872677,0.0541540674484307,0.005685456786055945,-0.009305994075400004,0.9984730397131971
1658137072.9247437,-34.41820940444992,0.6431939808134742,1.762231703701941,0.05400983200762583,0.00495671368735601,-0.00878510929454986,0.9984894545715198
1658137073.0238786,-34.41927926806687,0.6464881222198452,1.759207804798229,0.05434940228546362,0.0032101333948602734,-0.007820800756533363,0.9984861904854995
1658137073.1248057,-34.41625837151193,0.652941868376844,1.7584824421551166,0.054164206356195586,0.0025279110459857763,-0.0069993403739217605,0.9985043102810303
1658137073.2236578,-34.41676596384586,0.6558050439634422,1.758749515434628,0.05413151125455175,0.001972192410340315,-0.006063356231469616,0.9985134579250922
1658137073.3203223,-34.415677830628084,0.6561560741321033,1.762436249236018,0.05427820501924441,0.002150438827782193,-0.006403277053848524,0.9985030045601405
1658137073.424402,-34.416134276634146,0.6637252960695064,1.7665821467939584,0.054516353170857755,0.0023159028018474625,-0.007335637529786967,0.998483245854989
1658137073.5247617,-34.416765192086025,0.6613452087795885,1.7631680621220887,0.05510977775280643,0.0025242250592481348,-0.0077440304027127605,0.9984470795575143
1658137073.6239018,-34.417275128508024,0.6657202618960816,1.7670722395612048,0.05463288223521366,0.002640772394686466,-0.007845530600395034,0.9984721939790575
1658137073.7248156,-34.41642889021938,0.662580113724678,1.76860780249737,0.053910668024598034,0.0021138502226537843,-0.007838433458464711,0.998512759293148
1658137073.8248913,-34.41678523518478,0.6660695422774711,1.7586628028085645,0.05410472022147841,0.0014682876746405225,-0.00772492944915314,0.9985043058725321
1658137073.9247327,-34.408830865537,0.6708551528238261,1.7698495356225161,0.0521699264498809,0.00718233582462288,0.0022529994259707477,0.9986098521543957
1658137074.0248156,-34.40596530680678,0.6811447143245805,1.7676184147685379,0.048840611972152476,0.008035583721168842,0.0029696767116168224,0.9987698458787169
1658137074.1228437,-34.40661327700822,0.677558783237892,1.77572941034817,0.04636902034481802,0.007125306712497948,0.0009498499427883254,0.9988985142353161
1658137074.2247436,-34.40959755602642,0.6776661858554102,1.777727866572109,0.04635727074552319,0.004997751785303028,-0.0003268054163170253,0.9989123680905446
1658137074.322608,-34.41035209323402,0.6716818039114403,1.7771017329931067,0.0452642880203476,0.0021487303936859937,-0.003485287761325938,0.9989666560785938
1658137074.4247203,-34.41368207688123,0.6628104699334414,1.7774421746104407,0.04555374048391957,0.002714168371073325,-0.00868806379754704,0.9989204210373054
1658137074.5248108,-34.42265753641625,0.656702157289625,1.7749303107678793,0.046338367551424946,0.003680946632194005,-0.013332976183074626,0.9988300346258026
1658137074.6220667,-34.435150597717715,0.6493410050050427,1.7760612270023741,0.04573269488059382,0.004281666305823068,-0.014222073003221664,0.9988432913085092
1658137074.7242742,-34.45853203860809,0.6470684840723893,1.7794783176978137,0.04564055690294662,0.005158885149488173,-0.014076855402347538,0.998845417275118
1658137074.8249316,-34.4965273679386,0.6453164733768254,1.7829176446875237,0.04486589018176459,0.004904379325878215,-0.015154830532066498,0.9988660220835875
1658137074.9247637,-34.54957114357499,0.647142601557941,1.7868496682629453,0.04461674362116922,0.003530655860970127,-0.01759988481213108,0.9988428929077652
1658137075.0220394,-34.617206280221296,0.6484730295206652,1.7908744341136198,0.04491060117254523,0.0037547381108886274,-0.02064449836177048,0.9987706165738705
1658137075.12472,-34.708610413293385,0.6566242923348564,1.7957582544271018,0.045895970376775425,0.004525374803634473,-0.023158996197926374,0.9986674830898844
1658137075.224779,-34.82173318162995,0.6574985013681127,1.7993308019910876,0.04713784549961291,0.005347587840848428,-0.024858424966920298,0.9985647127422551
1658137075.3236196,-34.959940227140834,0.6790680221940026,1.802517891630805,0.04853307034971963,0.006912123491323561,-0.026945677581355517,0.9984341210570034
1658137075.4247189,-35.13321562475905,0.690868849244148,1.815327587300023,0.04798503105982305,0.007336635900470549,-0.029257931521113206,0.998392499977277
1658137075.5248363,-35.33305561175156,0.7030120835804362,1.8228305454224323,0.04808927566241089,0.005418448093223112,-0.03176159262407543,0.9983232258243956
1658137075.6237075,-35.55943603048693,0.7299350746222528,1.8387293594202396,0.047440621328576224,0.002566960522930818,-0.03415554058208259,0.9982866307875194
1658137075.7244508,-35.82132974695093,0.7576043433827189,1.8413051379411298,0.04831774136442657,0.0021005270805976987,-0.03492080258840616,0.9982191749320007
1658137075.8247552,-36.11251251140176,0.8007208352689086,1.8381071293012765,0.04886526604849304,0.0015206266017456541,-0.03316100706529309,0.9982535855578385
1658137075.921195,-36.40819156267242,0.8391490537234868,1.8525177531949668,0.048567916877371796,0.003573753083583929,-0.03206181405117899,0.9982987658104944
1658137076.0248177,-36.73913788033485,0.8997622045777633,1.8577566205839697,0.04954301635256325,0.005188851443755982,-0.02792872804621356,0.9983679439470315
1658137076.12473,-37.06827671984536,0.9495369437003205,1.8682433560865905,0.04967008997170014,0.003950261349419,-0.02501403797159681,0.9984445780822028
1658137076.223211,-37.39676095981452,1.00838263791208,1.8856908122934168,0.04877545940209921,0.0009654784116188904,-0.022494579809363188,0.9985559655275558
1658137076.324841,-37.73934655220021,1.0693422973670617,1.895620828987795,0.04893877760680866,-0.0010021176624295772,-0.02010881197991239,0.9985988321078771
1658137076.4248078,-38.07894188063621,1.12002063367536,1.9068166693643769,0.04895470308189488,-0.003796112600245878,-0.015952320807978728,0.9986663857545456
1658137076.524909,-38.41921831655667,1.1919765034406302,1.9025516335125763,0.0478195735311582,-0.0052641786625926825,-0.011650249237672649,0.9987741729254546
1658137076.624746,-38.75534633348658,1.2535964541554856,1.908765794097023,0.04801378096328323,-0.004647087227381127,-0.008174235299497788,0.998802414542085
1658137076.724519,-39.09077152231676,1.3055462241413796,1.9199470784611743,0.047668961612274734,-0.0026944995487929425,-0.007287554318837839,0.9988329696815967
1658137076.8249269,-39.41961290349605,1.3609525938525664,1.9237565617291803,0.046657074417932154,-0.0013946587626446915,-0.0074303354073202675,0.9988823566613578
1658137076.9235306,-39.738071967784265,1.4307076723641674,1.9262261860712722,0.04774646168913177,-6.501563179406214e-05,-0.007173307649908435,0.998833727317222
1658137077.0248535,-40.06270747956291,1.5096173042397254,1.9277549214316905,0.047556986036363845,0.0022478832914874796,-0.006722666746103659,0.9988433740339795
1658137077.1248097,-40.38012717614313,1.5675113328405725,1.9311442363094413,0.04705730459965504,0.004645602907641867,-0.006895083024360172,0.9988575905940971
1658137077.2248793,-40.705499038778306,1.614815314651877,1.9404405508368356,0.04744198975910509,0.005295850597409187,-0.007897925425381458,0.9988287312387644
1658137077.3238444,-41.02263351953456,1.678714865886298,1.9339451632260414,0.04695449935314092,0.005047662602819459,-0.008720860620200907,0.9988462057207327
1658137077.4240408,-41.33906218798581,1.7332602511660975,1.9402087822801464,0.04747645397325777,0.005302941283149919,-0.008428977304792962,0.9988227157375748
1658137077.522419,-41.64771606337197,1.78972878963286,1.9362820903555638,0.047282878394135884,0.005994958394455997,-0.007545785016131529,0.9988350469487047
1658137077.6248858,-41.96554977888921,1.854629716253114,1.9253863608183948,0.04795430671324788,0.007240134894310605,-0.00815933084574363,0.9987899630224715
1658137077.72474,-42.26987570421442,1.9100649303707469,1.9222151330009092,0.047637561527030046,0.009620951764719882,-0.008132495750636586,0.9987852434491016
1658137077.8247726,-42.575434105647574,1.9828050179786445,1.9148718170517012,0.04770467646310012,0.012159211921626664,-0.007644165924638396,0.9987582210606468
1658137077.924807,-42.884510080153255,2.046074353409258,1.9119130200389065,0.04749086291250673,0.012836046226116081,-0.006504601537070124,0.9987680131120874
1658137078.0248718,-43.193622186980704,2.112054570392299,1.919938730763473,0.04820805790960231,0.012739841005433386,-0.004445622712253426,0.9987461719788252
1658137078.1247327,-43.50370747193683,2.1270843355265794,1.9339951168698462,0.04744711539677323,0.012994353836953737,-0.00333592798498598,0.9987836550491207
1658137078.2229333,-43.80211017751474,2.186800541703424,1.9541008117791712,0.04772533574148392,0.012417939483954421,-0.0036477905961998522,0.9987766420631886
1658137078.3248787,-44.11767571138868,2.252749180553358,1.9442209942914366,0.04788037620198879,0.010916760010053194,-0.005402823281685498,0.9987788060557464
1658137078.4227111,-44.41624776858321,2.3206956707579143,1.9585744105966707,0.04759001978429922,0.010738306360354095,-0.006385305361616121,0.9987888198557278
1658137078.524473,-44.72936186130674,2.3883256544764646,1.9617747457503576,0.04809667437812825,0.011642497617846541,-0.006440982334729195,0.9987540617736997
1658137078.623519,-45.03318491487834,2.460934375612051,1.962183581531507,0.04820825562870957,0.012130614128517257,-0.005701380517952302,0.9987473687325582
1658137078.7234373,-45.33873940624079,2.519640452358698,1.978085203047219,0.048373819066256936,0.012616037326161194,-0.004885618062073582,0.9987376732491864
1658137078.824823,-45.65022122005421,2.578714091028785,1.990342253558026,0.04841618643116854,0.011931811329283552,-0.005310309942108483,0.998741861232471
1658137078.924908,-45.95715444817548,2.6408787790110777,2.0024534070578097,0.048535947188481574,0.01070405862642895,-0.003968094098626189,0.9987561960701823
1658137079.0247393,-46.26671069850644,2.680475647985007,2.017224621278754,0.04761394183919566,0.007422626479990443,-0.004283021799586177,0.9988290508805064
1658137079.1248295,-46.57477880802997,2.7385959432362506,2.0236475514315204,0.04828886536039076,0.005974434376623706,-0.004407626470829845,0.998805819188543
1658137079.2247727,-46.884721104354625,2.7861507841017294,2.0282510832782377,0.04841057213886485,0.0060824454107956975,-0.004853237542844472,0.9987972098720951
1658137079.3248649,-47.19075895722721,2.8460461463453632,2.0427786372709202,0.048081528234241,0.007879398860633867,-0.005564653427685228,0.9987968343704348
1658137079.4242625,-47.49481881960992,2.915120809846296,2.046170776021624,0.04729470788598619,0.010063143445191991,-0.007284906943185616,0.9988037213991177
1658137079.524873,-47.803120432500286,2.9837677141739816,2.0566200854919554,0.04717600976748183,0.011139280590948788,-0.008530258328889831,0.9987880532040286
1658137079.6237257,-48.09955146661174,3.0543913571164314,2.073455553965585,0.04726247356997499,0.00957157142487735,-0.008801702700220267,0.998797864255826
1658137079.724841,-48.404443775840726,3.1134556605272925,2.087908893436456,0.04709781591341308,0.007455295938262954,-0.007549118743987767,0.9988339326959034
1658137079.8243973,-48.70501238550154,3.160829451088153,2.097490599570529,0.047269471334946106,0.006119900093620936,-0.007237781880779528,0.9988372031597142
1658137079.9246466,-49.00693404733966,3.2032679149427064,2.1110692242081393,0.046737495380385,0.005701077203269973,-0.007145358473471669,0.9988653803673906
1658137080.0228672,-49.3020737700415,3.2562539160036748,2.1144355935086296,0.046748922833225445,0.006865137293751427,-0.0067098385646301535,0.9988605439050156
1658137080.1248543,-49.613680522749895,3.3046844416276215,2.1231782189987527,0.04712539671052614,0.008232979447323808,-0.005992434683699221,0.9988370766850682
1658137080.2248132,-49.91783527989004,3.3602663274749767,2.1322166795056465,0.04687640909853006,0.00995255822618224,-0.0053941850662725995,0.998836549001972
1658137080.3246717,-50.220164268965426,3.4108807695853796,2.1442812836672953,0.04753277072712664,0.010449641949018769,-0.005715159198690849,0.9987986672224731
1658137080.4244502,-50.519882049700044,3.46318286579679,2.161790159239095,0.047186819573269465,0.009842722190753012,-0.006463525188534836,0.998816673729713
1658137080.524719,-50.825606664423546,3.514058679019086,2.168808225013844,0.046774147088919346,0.00941745224818067,-0.007120374047236947,0.9988357177387079
1658137080.624216,-51.12674243109395,3.57755107015934,2.1851774894539804,0.04643337472083779,0.009315622461269872,-0.006688561102073232,0.9988555571455228
1658137080.722652,-51.418008964130955,3.6282525776907044,2.186184951737997,0.047073346952550416,0.011188790797628714,-0.006102179409015137,0.9988101292906212
1658137080.8248346,-51.72591770602057,3.6860277445562413,2.183881683349367,0.047280985855202726,0.013016766196387577,-0.006554299702530002,0.9987753067280313
1658137080.9236183,-52.028784852173516,3.7409885098107485,2.1870990944082775,0.04689615683041602,0.012314833115143285,-0.006351502927500478,0.9988036612720044
1658137081.024895,-52.33950104323983,3.786615532237328,2.1890512351367972,0.046927052723166496,0.010206603261638037,-0.006106542063902088,0.9988275061873866
1658137081.124519,-52.64011634783632,3.8294066922842704,2.193981473342532,0.0467832396676575,0.01057318275271934,-0.007089315922847217,0.9988239473963054
1658137081.22409,-52.94183473661848,3.891033144671899,2.209484732023779,0.04746835516895536,0.012222870260632306,-0.006904291894238875,0.9987740923019075
1658137081.3247347,-53.245417211140044,3.9561030469543055,2.224294661620482,0.04822138942892508,0.014158908667253512,-0.0063325547846371354,0.998716236804384
1658137081.4246547,-53.54660260035711,4.006987592818361,2.2338931928339827,0.04883667483002507,0.016169782293316746,-0.003993842210729361,0.9986678960277249
1658137081.5247326,-53.852041451904455,4.060737472977663,2.2383149811658387,0.04830059372225423,0.018021850443357357,-0.0035448011237363005,0.9986639574639616
1658137081.6248791,-54.1593498087642,4.122859839346916,2.2517154772643435,0.047991178635248294,0.01618812390268697,-0.004652362442470293,0.9987057359108974
1658137081.7241821,-54.461111784069764,4.162772103847733,2.2574138229040153,0.04782074764114238,0.01320755110071466,-0.004587109121817133,0.998758076372242
1658137081.824429,-54.76726941863214,4.216854507837515,2.2699126454190632,0.047551755415987336,0.01017434637238249,-0.005468574348767878,0.9988019863452704
1658137081.9236126,-55.07208007624802,4.273397804823728,2.2829015687705283,0.04703970708070416,0.006761515273751862,-0.006649690680008886,0.9988480011907406
1658137082.023569,-55.37292955939926,4.340003202627398,2.293218518442561,0.04707837997562269,0.007112633143960903,-0.007516389520932595,0.9988375946454524
1658137082.1246378,-55.672770654753016,4.4030519993217245,2.2820464914436807,0.04838179117582548,0.010437259655660605,-0.005513797436221877,0.9987591621263079
1658137082.2231855,-55.970813613073716,4.445111916389827,2.296817200452798,0.048614013920145104,0.012750208308511058,-0.0025591532735910294,0.9987329776136848
1658137082.3247302,-56.27941397209578,4.489933177969577,2.3120154125300036,0.048145165886003066,0.014049336905626658,-0.0033029066465686055,0.9987360762192979
1658137082.4247797,-56.58909702573202,4.549100170554427,2.3330131906377365,0.047894198152852625,0.01212944552716428,-0.0043922495769825026,0.9987691076910951
1658137082.5239387,-56.89156747689659,4.603827711171079,2.3606977543605403,0.04708652144550661,0.0079055357109515,-0.006411231847224003,0.9988389550420024
1658137082.6249244,-57.19789291395008,4.651120882519124,2.3721396600730484,0.046901624256606135,0.004472332944776116,-0.007321965350349773,0.998862665586939
1658137082.724749,-57.49436923066561,4.70576075161646,2.3865018497472006,0.04696336411535236,0.004099289505666234,-0.007291175510776992,0.9988615905199794
1658137082.8248174,-57.79535056362381,4.750791660277922,2.383447539271363,0.046647310683993484,0.004584684637667493,-0.006589106148555666,0.9988791682444884
1658137082.924815,-58.09355315305294,4.817081209751172,2.385777563835574,0.04753468286546297,0.005373074069148122,-0.005538358146405289,0.9988397822418182
1658137083.0240903,-58.3917686426071,4.860689789469944,2.3972075688817007,0.0476398208213968,0.007025615678564712,-0.004257696922043172,0.998830796588329
1658137083.1245635,-58.697934437776716,4.893882825701778,2.4198678316928044,0.048803196166116156,0.009786098489681747,-0.0038789880306659102,0.9987529393058588
1658137083.2248402,-58.999196355340615,4.950484394780655,2.435578552257117,0.04893508766561887,0.012061502437528765,-0.0058756098584272,0.9987118476131196
1658137083.3247628,-59.30249058118944,5.020214976935015,2.4441324299219613,0.04898934694690751,0.012058846760986657,-0.00790948441727084,0.9986951828043805
1658137083.4242237,-59.60556090067761,5.0657202595224415,2.440621462393185,0.04750156191616008,0.009639672627658472,-0.009314432002931451,0.998781217125918
1658137083.5247993,-59.910087509163624,5.122882111493999,2.460509899905833,0.046544620337601296,0.006409061915319175,-0.010436678041946805,0.9988411275044463
1658137083.6247094,-60.21650187824598,5.181989632230748,2.456567767238849,0.045371968508129724,0.004618478027931603,-0.011113203391346542,0.998897667854268
1658137083.7248623,-60.519532485786975,5.230641932960627,2.478208743390333,0.04460634197681358,0.002015568715124584,-0.010979509497429416,0.9989422716600335
1658137083.8241153,-60.813851429013035,5.274643909372545,2.495755717507039,0.04411678270000791,0.0009146232013574119,-0.01044681949979907,0.9989713393840924
1658137083.9248724,-61.11982995140182,5.309069462751365,2.4940874118598497,0.04467174982790193,0.0020267276283734404,-0.010486962765556974,0.9989446184620531
1658137084.0248013,-61.419886771202606,5.350801025947426,2.500541072426628,0.04509100926326972,0.007174049715694152,-0.010117664303517357,0.998905884837629
1658137084.1248767,-61.72630565989981,5.390180200216387,2.518472385147487,0.04565232628224912,0.010252064167488096,-0.010563586947882404,0.9988489229688478
1658137084.224697,-62.0299418197653,5.4508731234917525,2.5261544759141232,0.0449572793401657,0.013465248286518641,-0.01191484402817255,0.9988270954547662
1658137084.3249195,-62.33065242093762,5.49308030381564,2.536548701607188,0.044557919048611665,0.012289089951165127,-0.011551712556590578,0.9988644192557598
1658137084.4247751,-62.63396017227442,5.539492170296798,2.5406317475889098,0.04401241328018611,0.011419215952687007,-0.011665029127364591,0.9988976104084163
1658137084.524878,-62.92920677906803,5.600786127747517,2.5453743264237465,0.04419921950252983,0.010474947395215348,-0.011557609207561522,0.9989009591254514
1658137084.624726,-63.226156354623186,5.653453652365187,2.5401739595068715,0.04419505923386128,0.008945231098955356,-0.009086051648251207,0.9989415514659765
1658137084.7237086,-63.520267053340525,5.6973190953898065,2.532702293112055,0.04479103635898659,0.00759024875835925,-0.00777504834005707,0.9989372852230959
1658137084.8249047,-63.82365422102484,5.737730025928761,2.52823746546092,0.04624752874063396,0.007549935562392865,-0.008336435548749797,0.9988666920068132
1658137084.9247491,-64.1252187852792,5.795643789450838,2.5411716532164914,0.04871834223070745,0.010127846113202521,-0.01084687779837354,0.9987023055472191
1658137085.024821,-64.4291398191789,5.840943649166032,2.547138209534138,0.05010629707081079,0.014289577859782066,-0.010958785168099897,0.9985815299643713
1658137085.124904,-64.73220490847683,5.8934309724434595,2.547188251765278,0.05004948949396617,0.0183776268739567,-0.010394558504061423,0.9985235423290153
1658137085.2247212,-65.02944366106742,5.9451601689101325,2.549008063656264,0.04989036174736178,0.017670505410645028,-0.010543719613774401,0.9985427056565284
1658137085.324787,-65.32738125833886,5.99197845105526,2.554211534246843,0.049997783304852564,0.01662295248538654,-0.013456229061379004,0.9985203197805348
1658137085.4248824,-65.62861254431007,6.055381723400938,2.5555473098845263,0.05039689789268904,0.016502587632693296,-0.014134592415346764,0.9984928795847141
1658137085.5246804,-65.93278367257162,6.106542615245175,2.5586550972231987,0.050417087259005525,0.016745183458038434,-0.01252160439749462,0.9985093517671678
1658137085.6244805,-66.23663894279522,6.158568301355649,2.5591635146844616,0.05071350876699304,0.01740406103286593,-0.010798638222472332,0.998503193835927
1658137085.72476,-66.54010221754919,6.2017211031232895,2.5561247491706,0.05074511340805799,0.01802253983740346,-0.009516872843132539,0.9985036558041246
1658137085.824675,-66.84451512298145,6.254318022685002,2.5564953993165243,0.050416050265828856,0.01828461866038045,-0.010898610762508918,0.9985014345905501
1658137085.9243977,-67.14817579117461,6.316299544049578,2.5557199862906916,0.04974130805871192,0.017501423381892634,-0.011929101545534292,0.998537530085091
1658137086.0248163,-67.45376160736076,6.364693483892168,2.556843877158198,0.04932907056826404,0.015837604847379116,-0.01015154058877323,0.9986054072020373
1658137086.1247365,-67.75251504689399,6.418013173091413,2.5636256163204365,0.049178704495338676,0.015680011509190697,-0.008057166195554601,0.9986344047428126
1658137086.2248402,-68.04918667520334,6.478504058063676,2.566501492352378,0.04851886494696342,0.015832413644786325,-0.006511477256213838,0.9986755504598495
1658137086.3243625,-68.35257452876031,6.528639713174831,2.5758938959013444,0.048171969688889454,0.013739183020821544,-0.005152304153650766,0.9987312701362787
1658137086.4231744,-68.65068899346343,6.570616310108298,2.580109785492966,0.04810294565239903,0.014251622308795522,-0.0057662313951794995,0.9987240602171009
1658137086.5247357,-68.9508734689653,6.634655798819007,2.5973119421097324,0.048106955189599745,0.01909822158967315,-0.005662356924670513,0.9986435382600031
1658137086.624648,-69.2475981582628,6.697891727736832,2.614576717787947,0.04724397386046293,0.01915969089042104,-0.0037535971168068125,0.9986925571403055
1658137086.724742,-69.54344890860366,6.7497870923719,2.6162617553179897,0.047336449808255035,0.011850388309662438,-0.0005300601829922892,0.9988085641666105
1658137086.8249059,-69.83956197205406,6.798560007477322,2.629271866860952,0.046884707591235066,0.007821097830960662,-0.00141795551404211,0.9988686820723056
1658137086.9247582,-70.1411546700761,6.854232950566671,2.63422267580779,0.04672479909838621,0.007412355156939458,-0.004238269259957203,0.9988713066325533
1658137087.0248144,-70.44214002170561,6.90990386720238,2.6379875670816797,0.04696600227380511,0.009655115387623084,-0.007056588832895356,0.9988248985338788
1658137087.1241539,-70.74102012184056,6.975834787599066,2.6445336777727033,0.04656762272195661,0.012134751103444997,-0.008555283548305453,0.9988047914647741
1658137087.2242033,-71.0404100983938,7.03976724371347,2.6527284327172658,0.04645355822232159,0.01339394330240195,-0.008983208596161316,0.9987902538443767
1658137087.3247638,-71.33471977600398,7.092668229652018,2.664569312056906,0.04649538626073368,0.013497079225409575,-0.007875787405038954,0.9987962654523181
1658137087.4240975,-71.62955787443265,7.141868678580158,2.6802918741202295,0.04722110128962368,0.01519963133971336,-0.007220507140523029,0.9987427111507076
1658137087.5249188,-71.92965693969568,7.2045571468213945,2.6886353273499717,0.04760820610119927,0.016087260754946736,-0.006783356032538495,0.998713494869306
1658137087.6246002,-72.2300212946648,7.259133208063501,2.712150895133297,0.047821088550640996,0.01584392059637956,-0.006129446041056886,0.9987114415891589
1658137087.723224,-72.52521386978216,7.306177454108916,2.722187515820514,0.04753889548415075,0.012117050578529662,-0.005551235949226609,0.9987804635057493
1658137087.8248105,-72.83117706109519,7.3396964690362925,2.731598197571875,0.04713570620560988,0.008795931499214572,-0.005871269849477584,0.9988325109745941
1658137087.9249246,-73.13665004408662,7.385094938952409,2.7351274885726027,0.0470416479411641,0.006997280135881492,-0.0066130329150144345,0.9988465293653691
1658137088.0247471,-73.43728045695774,7.450626661843902,2.74877938595045,0.04726990257291851,0.0065350816176908706,-0.007525958306666995,0.9988324228670501
1658137088.1248262,-73.73125837003916,7.505105269310218,2.755816842417875,0.0475029880796337,0.0071337052638224385,-0.008862653073789679,0.9988063024195968
1658137088.2247856,-74.03367747410987,7.571327546072356,2.7682257176097367,0.04776524939237247,0.008209588054549502,-0.009723354563501258,0.9987775227699057
1658137088.3248198,-74.33603902534261,7.6145714863880105,2.772616836199826,0.047976127390003696,0.008885576705371668,-0.010411472123473133,0.9987546940942963
1658137088.4244397,-74.63736105637781,7.671724597234737,2.7984252351874517,0.04819512688627522,0.009537617159576572,-0.010066006418748186,0.9987416778717152
1658137088.524338,-74.93570208597043,7.714930096397425,2.827359223993694,0.04807838257347255,0.009819839204042623,-0.008545051109776332,0.998758740631868
1658137088.6248188,-75.23612072543531,7.763548835379786,2.8439216435816173,0.04800255393591111,0.009676150026139823,-0.007278996373058146,0.9987738198150775
1658137088.7242835,-75.53649253357617,7.826080026666595,2.854963260651614,0.04799919353698785,0.008458760001387988,-0.007064086302254573,0.9987865765435829
1658137088.8246455,-75.83689370751456,7.8799202799103965,2.8670567230824937,0.048190308041973225,0.00700800483816684,-0.006937442058784927,0.9987894943263012
1658137088.9244199,-76.13632961157236,7.935348579343747,2.8725218735381186,0.04811430131502615,0.005838080398033788,-0.00650938221419307,0.9988035636546966
1658137089.0248158,-76.44017410634292,7.989996038817967,2.8881397749210396,0.04857984809948744,0.0053927264945922105,-0.0063202547223181835,0.9987847472001808
1658137089.1248844,-76.74423165592312,8.029069196411372,2.8892921511616603,0.04891884353379761,0.005885865391691135,-0.005718837663260419,0.9987690414863627
1658137089.224698,-77.04681421284064,8.083801951824821,2.89630470530585,0.04824648507135259,0.005184150376924122,-0.005806412192884022,0.9988051295625567
1658137089.3248107,-77.34650374374185,8.1395749761867,2.9075340884712113,0.048311610228632174,0.004721669860893724,-0.005283165450691682,0.9988071797467025
1658137089.4238307,-77.64501132485371,8.195151452664872,2.927244922071156,0.04797413174461453,0.003782542411722446,-0.0049386815068315345,0.9988292068622782
1658137089.5246859,-77.94987839268458,8.259248605141568,2.9345598501059906,0.048367887075068124,0.0032555494219897924,-0.005426363830464687,0.9988095431429023
1658137089.6233308,-78.24361159475164,8.321560519639466,2.94414629319302,0.048672978679709517,0.0031520967140800894,-0.005585093858192206,0.9987941790775735
1658137089.724115,-78.54977002144489,8.380493396408617,2.960155693990208,0.04836034843051945,0.0025179353342424495,-0.005301048608828072,0.9988127129671897
1658137089.8249264,-78.85200290279279,8.431864422582175,2.962952787995582,0.04832389582432197,0.0024650301377734853,-0.005343202589417523,0.9988143846104578
1658137089.924758,-79.14989072948234,8.487077569871124,2.9767599510781397,0.04853001465052967,0.002828064128962173,-0.004788600564491741,0.9988062419888232
1658137090.0248597,-79.45034135041703,8.530769662670266,2.9864252593409857,0.048391863459380124,0.0040095845260996665,-0.0013016019603333336,0.9988195315546714
1658137090.1246352,-79.73817557778553,8.584298313131743,3.0020711340204214,0.048337687423817,0.005340639283135246,0.0003323631178829427,0.9988167174618287
1658137090.2243426,-80.01284774996185,8.632373755228413,3.0182538324124217,0.04868385043974344,0.0047645557023319315,0.0024279432148480626,0.9987999233114534
1658137090.324794,-80.2615797689374,8.671786136311026,3.024494657059153,0.048937861961674205,0.003819979167344063,0.007318227220121373,0.9987677092177317
1658137090.4249208,-80.48351031507053,8.733608443830596,3.0281338581277764,0.0496942685090544,0.0030542362056166414,0.012420386502680666,0.9986825748542799
1658137090.5246933,-80.68218965459587,8.794807511257428,3.0340444484606293,0.05002632001594419,0.0026280268817185327,0.01820021386175862,0.998578596303595
1658137090.6247973,-80.84857791486087,8.848164574632516,3.0335457010456004,0.050256537488915745,0.0022449724836257055,0.024064661222321433,0.9984438555163366
1658137090.7235363,-80.9750354735338,8.917190073361017,3.047346885866667,0.04996117616742588,0.0014476548365102307,0.028655454389256103,0.9983389455015195
1658137090.8243773,-81.0849821935722,8.95184637132625,3.058826426338096,0.0502269510259728,0.0010763126214425726,0.032450509837143135,0.9982099274967088
1658137090.9245083,-81.16606067703742,8.979708823295558,3.0598735248559388,0.0503018909077845,-0.0002428144944861221,0.03404597545967815,0.9981535615160229
1658137091.0247028,-81.2198692732873,8.99025096384169,3.0620995820400445,0.05040704481426067,-0.0004378384085095991,0.03460265581357082,0.9981290469379038
1658137091.124839,-81.25252170442805,9.007905667683952,3.0618844834661654,0.05006611182689296,0.00010394916438652286,0.03311071226479498,0.9981969016052525
1658137091.2247565,-81.26447769091608,9.023418027025986,3.057573021622698,0.0642486841084211,0.0008508347401080679,0.030919946384402826,0.9974544298292869
1658137091.324446,-81.26477205671483,9.037082679507229,3.0577300707759827,0.08782778283978782,0.001039286911271032,0.026334265321209995,0.995786978682718
1658137091.4246864,-81.26018167010577,9.032273069755568,3.0639680520781947,0.10233555037417595,0.005831331001023093,0.022256048200638617,0.9944838354778641
1658137091.5239758,-81.2543903953455,9.047197174695603,3.0708420820373847,0.11211386875723355,0.011495595473033042,0.018363728050720694,0.9934591613191688
1658137091.6247954,-81.24449335317145,9.040261630505762,3.0617724537024986,0.11900988388508572,0.01502862332631962,0.013815841873881407,0.9926831873925289
1658137091.7244282,-81.2337029621374,9.04313013235934,3.0651615268273162,0.12047533705092463,0.013418458942991976,0.009884898902366775,0.9925764085931378
1658137091.8247228,-81.22027921802112,9.038918782261263,3.062862957725329,0.12282564236695798,0.009553115851860553,0.015363407957715196,0.9922633547856586
1658137091.924495,-81.19925175783357,9.033548874323118,3.0701683707855416,0.1224906240584116,0.0072853273066167306,0.011557902440662352,0.9923756274288925
1658137092.0230136,-81.18561908759192,9.010824326988718,3.074741140730302,0.12072473438136014,0.006827764676539987,0.004669547430294364,0.9926515579319705
1658137092.1247158,-81.16449640701052,8.998165603338183,3.073030079652112,0.12049554577979893,0.008015895458620529,-0.004870787453114143,0.9926695544322447
1658137092.2245839,-81.1458405998782,8.988887322664612,3.0663158460309057,0.11959755872948612,0.010118936234678855,-0.016960139634293988,0.992626004464376
1658137092.3245583,-81.12573283140654,8.985849970792572,3.0702875070054008,0.11978924186031795,0.011393998747342718,-0.02564941126768504,0.9924025503940412
1658137092.4247823,-81.10826428259692,8.980267845994712,3.0804584540019957,0.11932219324279805,0.0120115830513703,-0.03357733849181027,0.9922149456705619
1658137092.5246224,-81.08747764910888,8.984707144158094,3.0920408985047008,0.11935994153457764,0.013033493963914572,-0.04296185801963068,0.9918354758463511
1658137092.624739,-81.07033922928949,9.01984356527685,3.097690631482214,0.11940684206275215,0.015237245138504517,-0.05434447851662108,0.9912398852365905
1658137092.7248225,-81.05543637948324,9.026613687644529,3.0986929292489287,0.11976045231592952,0.01839440790246627,-0.06657975283452677,0.9903969993550046
1658137092.8242633,-81.03797083850141,9.048250760041737,3.115426919085786,0.12035707134809516,0.021660171846208942,-0.08015392976115257,0.989252424751058
1658137092.9245274,-81.02764148199797,9.089067345296549,3.143719568935874,0.12042972970717651,0.024830092545124714,-0.09636780380877796,0.9877213134765455
1658137093.0248413,-81.01948368623107,9.146493468350753,3.1488445040161466,0.12068054215340196,0.027332178956404756,-0.11219372302101217,0.9859521931887181
1658137093.1239882,-81.01492120675054,9.233461749180458,3.189168606983895,0.12086852615938067,0.030039061258427438,-0.1262124460331218,0.9841538866706829
1658137093.2237914,-81.01093947230653,9.317764152862747,3.2150689997095445,0.12173623206156348,0.03182726272800363,-0.1383249929864275,0.9823611919583881
1658137093.3248358,-81.00230284683211,9.453410955987119,3.2600927469809813,0.12000261699453903,0.03187928690320655,-0.14934684283095082,0.9809580029325092
1658137093.423502,-80.97461297626293,9.639863485559367,3.2903856931862223,0.1187179307200885,0.025582713272155496,-0.1453349966202486,0.9819008689600348
1658137093.5248945,-80.91425167308428,9.610192566004336,3.2607145418368355,0.11951947404663328,0.005491611063859582,0.004516818163707119,0.9928063939586212
1658137093.6246393,-80.88473578540273,9.897111943670426,3.276463242197487,0.12237281182565486,-0.005468552295864867,0.14015940577263364,0.9825224327388349
1658137093.724832,-80.88481312573694,10.372943907436346,3.312252660414212,0.11971151196565726,-0.007988808552031492,0.18827078842114997,0.9747612236173527
1658137093.8229852,-80.94203476086956,10.732211550596448,3.3502833547003337,0.12137859977947377,-0.009087259729578892,0.17883581954993222,0.9763208524209602
1658137093.9218001,-80.90040709239011,11.161304509529828,3.3499187792477354,0.12452196673504777,-0.0071003104083586085,0.12547642975992823,0.9842253456232201
1658137094.0248737,-80.94067287219043,11.42883180884231,3.445815203594479,0.12495395351813901,-0.00319128879677779,0.06616822720116164,0.9899485294119909
1658137094.124646,-80.93978403092866,11.427253453429538,3.537411278010848,0.12439261910073851,-0.0014722533850829375,0.021889032861128026,0.9919905135753763
1658137094.2248082,-80.94326794225658,11.264215637923723,3.610718152637614,0.12231940384226522,-0.0019258893313892703,-0.00018979870743070264,0.992488900880162
1658137094.3248231,-80.94385857481532,10.922658968707223,3.6911989502153393,0.1221504498602053,0.0005843013380123917,-0.004395336133076517,0.9925016912887754
1658137094.4246473,-80.95746555957301,10.677607136526712,3.710346758672815,0.12189835550562106,0.0012758141948031772,0.003110439036923759,0.9925368952296276
1658137094.523731,-80.97194406035571,10.545628917197169,3.708005435453858,0.12314227304442447,0.0014833845379908332,0.019441947551580057,0.9921974555677274
1658137094.6247342,-80.98699600166258,10.4877746719477,3.711723293883155,0.12395631868463995,0.0007170281327313377,0.028738008580677994,0.9918711830633712
1658137094.7245784,-80.99151202525516,10.52089953688136,3.7241244759467333,0.12361347520027577,0.00028960028063465277,0.029584336646207646,0.9918893042601566
1658137094.8236356,-80.99065481662672,10.565378910522746,3.720549232111259,0.12421395104542224,-0.0006357597475739883,0.026715995743604136,0.9918955316698232
1658137094.9248004,-80.98474239881489,10.641755888892211,3.7293521433781174,0.12379354773597838,-0.0003050813227650085,0.021629494775821274,0.9920721896212866
1658137095.0247169,-80.98410409538926,10.70242042107912,3.729069850998919,0.12400122063365634,0.000467873797935664,0.016278036482116055,0.9921484283632486
1658137095.1248176,-80.98153253274079,10.740257061288174,3.7274366896243865,0.12367204232551048,0.0008915731435164315,0.012747844250729768,0.9922408596259429
1658137095.2249138,-80.9822903299088,10.773944331838512,3.726570057372951,0.12329178191575736,0.001555129028986218,0.011054843873105649,0.9923076682725909
1658137095.3244793,-80.98096693707812,10.784892327646391,3.724573806161122,0.12245934161513664,0.0010435202272533676,0.009798083882906842,0.9924246159123878
1658137095.4241226,-80.98349793115132,10.770595980384396,3.724912379320823,0.12124719492177105,0.0008262535638583838,0.011461460928535828,0.9925558271160059
1658137095.5245974,-80.98716033454005,10.768548922000058,3.724757338318631,0.12011524818733581,0.00010395378424607165,0.012780985653221595,0.9926776731407538
1658137095.6247523,-80.98525520811685,10.763925981912166,3.7218104215322447,0.11911891996216216,0.00046336052609105024,0.012124648614137461,0.9928058526720914
1658137095.7246978,-80.98779457103744,10.74846663050952,3.7170975983340258,0.1187988185108725,0.002178053470463042,0.010467340908451323,0.9928607815689522
1658137095.824651,-80.98515976811665,10.724270292645874,3.703411500656066,0.11879005408325849,0.0038933185650885773,0.008152455829791289,0.9928782919297279
1658137095.9248831,-80.98312654657342,10.71137839260868,3.69388707657156,0.11905903464870343,0.006605906384541742,0.004984620404423957,0.9928526888862635
1658137096.024763,-80.98655465102794,10.694791960149772,3.6816041093612912,0.11967483039494495,0.00990041479964089,0.0020120010901259373,0.9927617380863614
1658137096.124855,-80.98679815634773,10.678353058045612,3.665001930636681,0.12020296966720904,0.012681762494698065,-8.88264264868463e-05,0.9926683288455318
1658137096.2248063,-80.98462284059825,10.668533251596566,3.6565928216427066,0.1206933879393384,0.014667513278444974,-0.0011303824499235913,0.992580824113266
1658137096.3244994,-80.98407777904853,10.659293414893881,3.655584162684812,0.12117223891540023,0.016460485766000194,-0.0013020414321509555,0.9924941539437846
1658137096.424767,-80.98610213792297,10.645417610073652,3.650896825134719,0.12098927273286739,0.016205363544396268,-0.0008948033354868358,0.9925211239076276
1658137096.5248458,-80.9919108032865,10.637588784564032,3.6410978544855754,0.12121433460677221,0.014661625765948939,0.0006567590340044106,0.9925178539871268
1658137096.624704,-80.99291873334309,10.62762928978161,3.631220833201373,0.1210648030009997,0.013256585549145834,0.0019352607883299036,0.9925541955880758
1658137096.7246513,-80.99363778631667,10.622843146560738,3.6318598213859783,0.12096795008262248,0.0117131822295134,0.0021364998416896,0.9925850048148
1658137096.8247452,-80.99588739359871,10.608202473088957,3.630400251806816,0.12115176962259849,0.010352402417861355,0.0018476595805477652,0.9925782904312738
1658137096.9247942,-80.99660285708823,10.597820876836806,3.6264927377163825,0.12153192910107946,0.009941978110054643,0.001361930700895425,0.9925367965092781
1658137097.024097,-80.99712438025614,10.590412374360408,3.629111456846781,0.12178945420435273,0.00928933537725153,0.001496352732922723,0.992511359139661
1658137097.1245935,-80.99953712235772,10.574253128000844,3.6236135923416306,0.1220144388006297,0.008522825812577286,0.0024600929854078388,0.9924886831126806
1658137097.2247665,-81.00053942593132,10.558477246373327,3.6200510774184984,0.12245318881193451,0.007673160336201916,0.0027101617330094058,0.9924409273017357
1658137097.3245428,-80.9991043197759,10.550401117765242,3.6232410632717285,0.12251135884704462,0.007322179162801817,0.0026043114022966333,0.9924366832235612
1658137097.42473,-80.99588832464919,10.543588088648116,3.630131711054073,0.12210929125534016,0.006780465683562239,0.0022575889022372845,0.9924909317301023
1658137097.5248075,-80.9966682031306,10.531501322416316,3.6381910014568097,0.12170607940096204,0.0056866958266212474,0.0018965506480306063,0.9925480818695729
1658137097.6248949,-80.99401811904622,10.532654413821225,3.6379780724198305,0.12164382823003678,0.0038182079961519406,0.00118989946512849,0.9925657582651181
1658137097.723057,-80.99522984699207,10.523454550173103,3.634232435282822,0.12175165025840837,0.003950432313205307,0.00028356588824330947,0.9925526934798913
1658137097.8248415,-80.99350354201013,10.518566253341595,3.6280669726726833,0.12221889015679006,0.004361783171007323,-0.0009329708483137278,0.9924931472316147
1658137097.9246979,-80.9955037196604,10.495349552965877,3.6265565971016303,0.12191698795356443,0.0035614980965011944,-0.0017867942354118798,0.9925323023186235
1658137098.0247915,-80.99580146425191,10.486367936316398,3.629882155788547,0.12126236017997646,0.0025199249827582556,-0.0020330193021027092,0.9926152108516615
1658137098.1245246,-80.99388902912503,10.482210897138748,3.6273875775606266,0.12101461055144237,0.001662309534245354,-0.0014310169936608257,0.9926483027489481
1658137098.2245839,-80.99362811138309,10.470775562451628,3.632793647334212,0.12076369508773038,0.0009402156678021586,0.00026933458311575575,0.9926808013667062
1658137098.3233194,-80.98960197620902,10.461707857713298,3.6340747257811623,0.12071320724998919,0.001109699051382409,0.00033954387204868927,0.9926867455916316
1658137098.4246233,-80.98855207716767,10.454014071183838,3.6407378906953096,0.12074315303431354,0.0024393127695596767,-0.0015903231762022818,0.9926795110309518
1658137098.5242336,-80.98948347281176,10.452887518421482,3.6392797356747106,0.1206899029300137,0.003182778753128075,-0.0022332736277914343,0.9926826430128441
1658137098.623692,-80.98800573168097,10.452897181074363,3.6439332565883076,0.12019520063319124,0.00380676695651394,-0.0026591584388053623,0.9927394175443993
1658137098.7234006,-80.98695431214975,10.440374586050968,3.6435958527196646,0.1199176018400848,0.003802564854434927,-0.0033474662898830836,0.9927709220856538
1658137098.824839,-80.9851461697827,10.431917159548822,3.6414319035676512,0.11972454508923516,0.003941522450975341,-0.004173127603113824,0.992790553294028
1658137098.9239683,-80.98500828970425,10.430294838995504,3.6405994986746033,0.11972835049673888,0.003939766214793365,-0.004165913569699496,0.9927901316459299
1658137099.024867,-80.98498948802492,10.429405646588883,3.640244519853035,0.11972910618694539,0.003939092063289698,-0.004161703003708462,0.9927900608453992
1658137099.1247525,-80.98498100505128,10.42886962798589,3.6400583347241153,0.1197296000711318,0.003938869559087238,-0.00415914743562314,0.9927900128757957
1658137099.2243447,-80.9911918090801,10.26086347885929,3.5803058422316996,0.11962027548046365,0.0076567207370692655,-0.003798396867920409,0.9927829251667641
1658137099.3248298,-80.99420977671535,10.26478392354483,3.5501273461353327,0.12003070977340806,0.00603849666539047,-0.0033648408252066092,0.9927461121129838
1658137099.424714,-80.9878720713505,10.335735087879092,3.5675898291171433,0.1206375268483583,0.005433207102783526,-0.0034494895533002173,0.9926757619677335
1658137099.524769,-80.98397236411549,10.381310253144523,3.5795606718563575,0.12117038338222709,0.004636397088100887,-0.0041865393243690424,0.9926120666712854
1658137099.624793,-80.97914965970922,10.413763704022843,3.601438910491313,0.1215843610435435,0.004159869201510551,-0.0047313564482465605,0.9925611078940829
1658137099.724165,-80.97368382479266,10.418897557689268,3.619830407638145,0.12149878687078966,0.004421943487761429,-0.004760398312899758,0.9925703147951436
1658137099.824885,-80.97347789736867,10.408122520602634,3.6318423758084215,0.12133887543902584,0.004734762366660029,-0.005115892673111435,0.9925866647172888
1658137099.9247143,-80.97788891007087,10.3981738862329,3.6324098692345648,0.12108067589939117,0.004962791786689029,-0.00480439074140369,0.9926186369653466
1658137100.0247812,-80.98047527142305,10.387070810677251,3.6283666072512513,0.1211949597689778,0.004830572411981959,-0.003888240257952848,0.9926093536151945
1658137100.1248946,-80.9792992531085,10.372926619908174,3.625291065901512,0.12088953139326057,0.004630106932775866,-0.0038488412816255336,0.9926477067570383
1658137100.224736,-80.98296559597748,10.362092033979039,3.6218391550195386,0.1203947058270259,0.004794614044236561,-0.004224577742092362,0.992705535104847
1658137100.3248622,-80.98683047430801,10.347990511101907,3.619835218015612,0.12038542897854544,0.00517987754295178,-0.004984923699632694,0.9927011976893696
1658137100.4243355,-80.9883313516511,10.338744484409077,3.6118811199792766,0.12094022042857196,0.006276327271627709,-0.005100283046952058,0.9926268472650828
1658137100.5248096,-80.99331894963568,10.331630382463846,3.5988956638697713,0.12165466337647378,0.006691829996924146,-0.00488755822728634,0.9925378955307111
1658137100.6249037,-80.99233771538448,10.33590931091699,3.5937005746840365,0.1220685458151168,0.006191827726128494,-0.004688482684184614,0.9924912843556971
1658137100.7247329,-80.99194718466224,10.339676427538576,3.5865269347962134,0.12261228715901722,0.006333710745419606,-0.004936128202400663,0.9924221610706334
1658137100.824816,-80.9914503004114,10.34337332248069,3.5828912623847566,0.12256562830568883,0.00685491934580255,-0.004553723480154552,0.9924262896765527
1658137100.9247873,-80.99002824024919,10.346778581547936,3.574036847694005,0.1223128561750641,0.007125144153102608,-0.0033618727612872963,0.9924603243185797
1658137101.0247388,-80.98942091419137,10.359592401339002,3.5731257475952956,0.12203970720798978,0.006209260644112248,-0.0023161883902747932,0.9925030933040405
1658137101.1231694,-80.99149094622739,10.364850365765209,3.570246319067592,0.12155744144580205,0.004946147560544041,-0.0012771649205200722,0.992571253312895
1658137101.223075,-80.99256462431619,10.366030159822003,3.5711238571087707,0.12141924659463942,0.004632111996922684,-0.0006821291958400656,0.9925902703505124
1658137101.3247519,-80.99276077214954,10.365368820614922,3.575601341624288,0.12144506992327626,0.005042679895313434,-0.000941144217286186,0.9925848984435897
1658137101.424903,-80.99186018998758,10.36655957135751,3.584764855341218,0.12148829487537396,0.006397476513682852,-0.0015216064226523465,0.9925710811908288
1658137101.5247455,-80.9914498040342,10.367327082882209,3.5878500257955195,0.12162813646762193,0.006845341209006042,-0.001688647303131642,0.9925506970393688
1658137101.6247675,-80.98936721311773,10.362764620640533,3.581090346884259,0.12142175004245206,0.006833459247881823,-0.0013965896185877114,0.9925765018318125
1658137101.7247977,-80.9899755988295,10.355793313942563,3.5742376595067182,0.12147038488498177,0.007006132478302983,-0.0022127795540832834,0.9925678633273098
1658137101.8240948,-80.99316930870742,10.359196423721606,3.570081059113465,0.12156631049312935,0.007486024920929288,-0.002330600979521511,0.9925523461676727
1658137101.9246693,-80.99133257065661,10.355795987506543,3.5669250830048687,0.12147007538132594,0.006734090511132363,-0.0012222768051164627,0.9925714981053815
1658137102.023921,-80.9917066864393,10.357522730302405,3.5662201040648367,0.12137692993555801,0.006260476297247562,-0.00025142753426608057,0.9925867136427186
1658137102.123719,-80.9929777694923,10.37085349558991,3.5618419092768177,0.12106400110542295,0.005544976257421206,8.045838132056077e-05,0.9926292129496326
1658137102.2247107,-80.99767544800436,10.366094784171876,3.564869089869897,0.12053716123692786,0.00571639109481069,-0.001189327802187252,0.9926916445367523
1658137102.3248222,-80.99684373894506,10.36072700976729,3.571611630600653,0.12058674055965782,0.006930555714964351,-0.00277441400935387,0.9926747241798254
1658137102.4239228,-80.99355203798598,10.368049125029247,3.5744050617819645,0.12052990914584669,0.007616470990717223,-0.00399635809478428,0.9926724331282838
1658137102.523608,-80.99080350131864,10.376701644898416,3.5857077517692644,0.12123842674718659,0.007331551980248945,-0.0036932720258579044,0.9925894679912123
1658137102.6247928,-80.99189551423306,10.377176286051666,3.5877330681352864,0.12161053145137078,0.006606399742072674,-0.0024708501236924067,0.9925528343731314
1658137102.724139,-80.99957750041386,10.383419471574744,3.589362980806579,0.12211147487146787,0.005191624358563146,-0.0019031085745499167,0.992500988875525
1658137102.8244922,-80.99865579058017,10.386678631022745,3.586750890659151,0.12214524642767242,0.004139317001868344,-0.0017160952570037318,0.9925021208273846
1658137102.924714,-80.99926107138205,10.381165896579672,3.5884172276304254,0.12266710322643144,0.003791877241840189,-0.001563608160607076,0.9924393979394635
1658137103.024861,-80.99868354386834,10.3858130988843,3.5867890215004827,0.12301024224974091,0.003039102279796682,-0.001759767529181058,0.9923991875133422
1658137103.1245456,-80.99716498778712,10.379879036427186,3.5937621125560453,0.12299022205952001,0.0025253735369728594,-0.002079216059581117,0.9924024912437155
1658137103.2247252,-80.99420833080632,10.37435251858574,3.603508417992269,0.12300651892060449,0.002498531141245771,-0.002233191889529391,0.9924002048060359
1658137103.3246038,-80.99461012584808,10.364357786601188,3.606999001695501,0.12284394965155146,0.003123637160486323,-0.0017262716261257959,0.9924195820876749
1658137103.4247136,-80.99382343931623,10.355532116497448,3.6081442477396815,0.12286579985791489,0.002954198372132159,-0.00173169391005247,0.9924173865734923
1658137103.5247426,-80.99527262805711,10.363815867437829,3.610266898976745,0.1226186240781197,0.002282584931559211,-0.0025460522998969294,0.9924479736756034
1658137103.6248114,-80.99498501786643,10.374021681212568,3.610877451343776,0.12237980374197813,0.0013656686040492683,-0.003289156813781167,0.9924769518899161
1658137103.72466,-80.99067453706748,10.382200841553265,3.6221777039112415,0.12226357814925211,0.00019669692801705773,-0.0037869985747140595,0.9924904218228817
1658137103.8247306,-80.98979574628929,10.380986301077938,3.62580966705435,0.12197906633897693,-0.00010041796869865838,-0.0032623512083719587,0.9925273066046101
1658137103.9247305,-80.98980335358436,10.387298219433907,3.623985902811706,0.12143815810298361,0.0008881990168481453,-0.0024391419684816175,0.9925956051914719
1658137104.0243587,-80.99183040941115,10.380316551117145,3.6237184813398637,0.12099701589658754,0.0011633181916112388,-0.0017095896839619251,0.9926507170893114
1658137104.1247923,-80.99241122870079,10.372689872028765,3.6307502579316595,0.12038796790727453,0.0013343855614264945,-0.001099383380203422,0.9927254141777673
1658137104.2247515,-80.99409534843942,10.37311967101203,3.6367019365773907,0.12027381585605497,0.0009337827694513055,-0.0009278035147215779,0.9927398835796348
1658137104.3242218,-80.99691900118002,10.36905559772139,3.6400092644108444,0.11997911868163028,-7.794221859217124e-05,-0.0011135063750756337,0.9927757879344401
1658137104.4247148,-80.99630393630798,10.371032308552431,3.638641330075897,0.12008966685270328,-0.00013523709523863124,-0.0015487112676207707,0.9927618320218856
1658137104.5248878,-80.99522036588591,10.369354494493503,3.639563571596032,0.12016083981998274,0.0006199857210506485,-0.001515843266941118,0.9927530863263827
1658137104.62428,-80.99175180069338,10.38373860985769,3.648247079682888,0.12042313945201709,0.001997407027134393,-0.0003345607242915442,0.9927205880401168
1658137104.7247145,-80.99629102532244,10.388891865811146,3.6404866052409703,0.12025158089647396,0.0025869598578333597,2.3247606526570026e-05,0.9927400789683307
1658137104.82439,-80.99884396282836,10.388879777173692,3.6338922379749476,0.11963184548260292,0.002582244661364423,-3.0487759534834164e-05,0.9928149639430996
1658137104.9244454,-80.996337040625,10.398299159692204,3.633859455702805,0.11947024064006982,0.001805921720907764,-0.0006255524203303799,0.9928359426069433
1658137105.0244584,-80.99732496817624,10.39674350994443,3.636531723278384,0.11897080482108423,0.0010727634541345314,-0.0011787237630901419,0.9928964736512018
1658137105.124916,-80.99909976876812,10.401641302206851,3.643632171603221,0.11899864582546663,0.0015258451193075697,-0.0012540269849716436,0.9928924521339682
1658137105.22443,-81.00131489431938,10.405743077344836,3.639114887887782,0.11905839997707843,0.003016276646719077,-0.0020253462282065287,0.9928806058346841
1658137105.324798,-81.00230641314464,10.411996145755902,3.6389571099055127,0.11923957979216518,0.0039007917276415857,-0.0024786711604919812,0.9928547540421349
1658137105.4248247,-81.00081188178355,10.413570385745112,3.638845531811779,0.11927042035477137,0.0031224695264102866,-0.0020034836197642156,0.9928548751281538
1658137105.5241203,-80.99911869954607,10.410554930651074,3.6308183833244265,0.11964861124181375,0.003092937248673909,-0.0015400170421814975,0.9928102899922499
1658137105.6247623,-81.00056220658432,10.401689310272163,3.6140019004241495,0.11996186535121948,0.00413500050222181,-0.0012882013020373553,0.9927690532896422
1658137105.7248452,-81.00190167137173,10.394487791581383,3.6174833822445978,0.12020390681586088,0.005018948498027267,-0.00044542107344813645,0.9927364365944014
1658137105.8247077,-81.001141091831,10.393805852931827,3.6163099841710378,0.1201981806217076,0.004629079812263089,-4.995955495450204e-05,0.9927391230828316
1658137105.9249284,-80.99897058096697,10.397824035887583,3.6163214491339404,0.12041148738885316,0.004853663451523626,-0.0013988277980417226,0.9927112162842721
1658137106.0247717,-81.00032108346215,10.390770659368465,3.6175362336121775,0.12049735671345774,0.004514177366747766,-0.0022798758872533548,0.9927007662904332
1658137106.1248627,-80.99714976311103,10.400106006755848,3.6259564972555136,0.12061589659316513,0.004160568748897134,-0.002584539874523181,0.9926871689058202
1658137106.2246134,-80.99988225509028,10.390555458362192,3.622543355249497,0.12059103307657298,0.004119447043891251,-0.003383369341737116,0.9926879598893993
1658137106.3242226,-80.9997371962455,10.385480988998681,3.6274242862703763,0.12036081184696053,0.003946325610815248,-0.0034420921119238906,0.9927164013390276
1658137106.424663,-80.99929862656064,10.386488474469703,3.617895864692733,0.12039552256726829,0.003270021040990122,-0.0025544412316082497,0.9927173313375977
1658137106.524411,-81.00020672031653,10.387736552355332,3.6231101080684676,0.12022208520702121,0.0031286045513677207,-0.0020172389185079387,0.9927400429161121
1658137106.6247494,-81.00466048281756,10.386363193525263,3.6207204499667514,0.12057346503448073,0.0025179200211881514,-0.002587983646523508,0.9926978402056148
1658137106.7248468,-81.00785449809221,10.383478627277869,3.619291598718515,0.12131040472178115,0.003245339863648943,-0.0026598465265661726,0.9926057518933503
1658137106.8239372,-81.00255248174713,10.391681411875119,3.6098534297418055,0.12189442018863998,0.004048529952079638,-0.0025532224405326507,0.9925315313818361
1658137106.924811,-81.0012229323191,10.394956034045371,3.6071072527575665,0.12261402743704232,0.004212782874162057,-0.0034797510672450018,0.992439390627223
1658137107.0247307,-81.00379689697769,10.392493684921044,3.6134962430477606,0.12330532514089926,0.004038339796019908,-0.0038302827208552817,0.9923531717779548
1658137107.1246395,-81.00310505098057,10.396444538382209,3.6151405744389407,0.12380889515243833,0.003590028636495512,-0.003398513262305618,0.9922937666250995
1658137107.2248416,-81.0012299708441,10.401503232844515,3.612345802856408,0.12431467923989514,0.0032026783383352305,-0.002511589534061625,0.99223449612219
1658137107.3247836,-80.99794471425982,10.410703053085648,3.6145605084570196,0.1243331431862116,0.0018097010796975777,-0.0009232859590504143,0.9922384501874422
1658137107.4247642,-80.99644331620674,10.408299002175559,3.6059355412218776,0.12395950164012091,5.274694636701941e-05,0.0009585013937029284,0.9922868136007206
1658137107.524861,-80.9926932172758,10.411381639362562,3.613002195633055,0.12323644960572451,-4.9807137419728604e-05,0.0012857415221370222,0.9923765020779477
1658137107.6238847,-80.99195892336598,10.413417853793314,3.622637485609675,0.12232722531811986,0.0007102816365526117,0.0007519631037604876,0.9924892845755849
1658137107.7248015,-80.99391473544107,10.410428147927478,3.625275850976891,0.12185097401676764,0.0008278781520507181,0.0002895988547794077,0.9925480194334846
1658137107.8247561,-80.99447496902005,10.410172068692866,3.6261179254372227,0.12133665649996674,0.000706622674910058,0.0005859688219284731,0.9926109878065237
1658137107.9248562,-80.99162002467679,10.408548500284677,3.6315571572960437,0.12091104635785885,0.0004898264416657211,0.0012235561921177364,0.9926624712604217
1658137108.024772,-80.98963927241273,10.411468232359116,3.6341446642138138,0.12105151979232981,0.0009257765869813366,0.0019761598952925913,0.992643827002236
1658137108.123445,-80.98738798060789,10.419208435218277,3.6289760726697318,0.12102983124812285,0.0015214635264255761,0.0030350543567617696,0.9926430645210487
1658137108.2239878,-80.98991975911554,10.429250853888645,3.6293756604233356,0.12054786126746325,0.0010428297977167435,0.0038758469179090067,0.9926994023673129
1658137108.324832,-80.99278786539642,10.438601208657602,3.6336372716307954,0.12032822160391622,0.00034313468674318265,0.004150568432564125,0.9927254273593528
1658137108.4245467,-80.99024471848617,10.437660741200899,3.6348085681276787,0.11992055284939655,0.00033088972938535334,0.004120777386391981,0.9927748842058362
1658137108.5246997,-80.98745249053354,10.452363640924178,3.6376339017905295,0.11970951436941354,-3.991280289688172e-05,0.004350291204747318,0.9927994286575405
1658137108.6239576,-80.98772137353093,10.455761629330327,3.636599764998689,0.11951929348298067,-0.0007150824445436114,0.004775963623178267,0.9928201334148056
1658137108.724794,-80.98444316193986,10.457817001807527,3.636183885386973,0.11970534301898254,-0.0003451828254987754,0.00387929275335306,0.9928018245295255
1658137108.824908,-80.98296780666405,10.453970064231175,3.6266262480823346,0.11979650481732508,0.0006470792481382012,0.0032917722541758294,0.9927927996099298
1658137108.924756,-80.98355010068515,10.461892999343142,3.6290340920814446,0.11958106705836649,0.0025820815081912117,0.002975512772856008,0.9928166233398303
1658137109.0248396,-80.98352027277092,10.462833090006052,3.6276139672344017,0.1194006717002098,0.0036188130696049653,0.0017930602093048276,0.9928379367875139
1658137109.1248114,-80.97969435959962,10.462233620203156,3.6327697883492562,0.11949228837817827,0.004575753242792369,0.0017973327955556557,0.9928229575786034
1658137109.224907,-80.98186730240288,10.458748726528002,3.625877970747162,0.11958563131981853,0.005920618063242099,0.002070582186904776,0.992804077224148
1658137109.3247693,-80.9792518367521,10.459588021335389,3.6211589842594516,0.1194840337824423,0.005453239477004913,0.0017201837802116751,0.992819655737103
1658137109.423256,-80.97846895093873,10.460655417017087,3.6192283190178993,0.11904649232916903,0.003328711220793088,0.002726640875921901,0.992879357109995
1658137109.5247095,-80.97832518873498,10.461517625837647,3.616177989968317,0.11887841948006363,0.0026227917725916323,0.004305150261635387,0.9928960207526051
1658137109.6243546,-80.97683818359745,10.46365050058846,3.6137656009943018,0.11871565912717907,0.002823566904023494,0.005253823560441846,0.9929103771669556
1658137109.7242925,-80.9771292225074,10.467863402349051,3.612327368447549,0.11835887846726101,0.0035314195469158885,0.004594406511192436,0.992953974961911
1658137109.8245897,-80.9765037921897,10.472231705566767,3.6072586121194745,0.11826968459793125,0.003264044586068517,0.002570151217446748,0.99297282039372
1658137109.9238524,-80.97451450956542,10.469856730126896,3.5959384040528204,0.1185732387595872,0.003492327604244738,0.0018444529984340396,0.9929374545715334
1658137110.024931,-80.97302153883156,10.471868582091574,3.5965467674403118,0.11919404308130364,0.003966461255706824,0.0014087539501338841,0.9928620562249525
1658137110.1247194,-80.9702620765313,10.47383855564629,3.5905777625170368,0.12028708062068551,0.004652346854660508,0.00020261110089678876,0.9927282270859089
1658137110.2235658,-80.96760410840957,10.475704290503502,3.5858959517294173,0.12135377446138239,0.0036140750126395635,-5.3634877672245694e-05,0.9926027387676166
1658137110.3245842,-80.96581528802729,10.477086922638055,3.591363181161181,0.12276633787339165,0.003629571703016968,0.0004174789651085371,0.9924288781598496
1658137110.4248111,-80.96769390443244,10.479687895043154,3.58915438293926,0.12355556173334369,0.004449300663471429,0.002237564314691094,0.9923251585010812
1658137110.5248733,-80.96574487303177,10.472026997836622,3.5880392083158927,0.12344228398660127,0.0045146914343670175,0.0043055884512905925,0.9923321429810714
1658137110.6241407,-80.96153738285558,10.479414817628735,3.586006449459361,0.12326359586460744,0.00532793823961317,0.005599340269472739,0.9923438649969488
1658137110.7247233,-80.95987327562177,10.479712777024497,3.5814817334817564,0.12313581004806473,0.0068201595564867335,0.006958516028177274,0.9923419958673577
1658137110.8240852,-80.95870332412831,10.476799976658015,3.589878796939204,0.12288848557230819,0.006987145318532094,0.008090556284916922,0.9923629088256659
1658137110.924058,-80.95645735197922,10.484541179628026,3.589274332135534,0.12237083153094382,0.0060161288036531604,0.008529231937842396,0.992429563237154
1658137111.0248427,-80.95630077557756,10.48247153511929,3.5800314423615336,0.12194151082113937,0.004718439592260831,0.008604775197996899,0.9924887717803957
1658137111.1248064,-80.95761515296343,10.490678321911972,3.57415485928647,0.12133441855563787,0.0029931053155164114,0.007412760839372461,0.9925794936280758
1658137111.2248883,-80.95566343888572,10.49458226911475,3.5722209396818743,0.1208280790764609,0.002662275239574759,0.00597139582559957,0.9926519178589385
1658137111.3247967,-80.95428816559097,10.5014659124191,3.5695495981251066,0.12096119739475487,0.0038475966071079,0.005163467339792621,0.9926363499943469
1658137111.4249046,-80.95372688384406,10.510317720079543,3.571783858257557,0.12083422322940789,0.004291359645577515,0.0051303718474739945,0.9926501669840877
1658137111.524744,-80.958043619977,10.508623531239087,3.568676971449931,0.12038565325719543,0.0067700825637101395,0.006114272805632248,0.9926852855461643
1658137111.6248393,-80.95882398671813,10.515962346915627,3.5615556050838846,0.12029604847345582,0.009176356417136421,0.008683519429103505,0.9926576709494532
1658137111.7244868,-80.95590033988593,10.516348402447534,3.563452125026306,0.11970242366332397,0.011041814914009096,0.01147276909820925,0.9926821161185692
1658137111.8248353,-80.9570691675558,10.525682113852163,3.5612421078865615,0.11875327628768405,0.011691188757809483,0.012342962119178678,0.9927782364467833
1658137111.9238899,-80.9555163085908,10.523642583427627,3.567964982547393,0.1175956498010478,0.009563019994749108,0.011071364800932572,0.9929537938281837
