timestamp_utc,timestamp_monotonic,elapsed_sec,pid,cpu_percent_raw,cpu_percent_normalized,rss_mb,vms_mb,shared_mb,num_threads,read_bytes_delta,write_bytes_delta,process_status
2026-07-31T06:19:18.034727+00:00,7003.184752617,0.000122,5507,0.000,0.000,143.281,879.426,42.188,13,0,0,S (sleeping)
2026-07-31T06:19:18.535670+00:00,7003.685541292,0.500911,5507,3.994,0.200,143.281,880.004,42.188,13,0,0,S (sleeping)
2026-07-31T06:19:19.036508+00:00,7004.186497566,1.001867,5507,5.989,0.299,143.281,880.004,42.188,13,0,0,S (sleeping)
2026-07-31T06:19:19.537333+00:00,7004.687304905,1.502675,5507,3.994,0.200,143.281,880.004,42.188,13,0,0,S (sleeping)
2026-07-31T06:19:20.037733+00:00,7005.187767311,2.003137,5507,3.996,0.200,143.281,880.004,42.188,13,0,0,S (sleeping)
2026-07-31T06:19:20.538682+00:00,7005.688639553,2.504009,5507,3.993,0.200,143.281,880.004,42.188,13,0,0,S (sleeping)
2026-07-31T06:19:21.039429+00:00,7006.189462999,3.004833,5507,5.990,0.300,143.281,880.004,42.188,13,0,0,S (sleeping)
2026-07-31T06:19:21.540272+00:00,7006.690250384,3.505620,5507,1.997,0.100,143.094,878.949,42.000,13,0,0,S (sleeping)
2026-07-31T06:19:22.041078+00:00,7007.191098059,4.006468,5507,9.983,0.499,148.473,910.672,42.469,13,0,0,S (sleeping)
2026-07-31T06:19:22.541806+00:00,7007.691842606,4.507212,5507,11.982,0.599,148.484,910.684,42.469,13,0,4096,S (sleeping)
2026-07-31T06:19:23.042532+00:00,7008.192566321,5.007936,5507,7.988,0.399,148.488,910.684,42.469,13,0,0,S (sleeping)
2026-07-31T06:19:23.543258+00:00,7008.693296578,5.508666,5507,9.985,0.499,148.488,910.684,42.469,13,0,0,S (sleeping)
2026-07-31T06:19:24.044017+00:00,7009.194038970,6.009409,5507,9.985,0.499,148.492,910.688,42.469,13,0,0,S (sleeping)
2026-07-31T06:19:24.544773+00:00,7009.694801006,6.510171,5507,11.982,0.599,148.488,910.684,42.469,13,0,0,S (sleeping)
2026-07-31T06:19:25.045561+00:00,7010.195574949,7.010945,5507,11.981,0.599,148.492,910.688,42.469,13,0,0,S (sleeping)
2026-07-31T06:19:25.546294+00:00,7010.696329071,7.511699,5507,5.991,0.300,148.492,910.688,42.469,13,0,0,S (sleeping)
2026-07-31T06:19:26.047029+00:00,7011.197065892,8.012436,5507,7.988,0.399,148.496,910.691,42.469,13,0,0,S (sleeping)
2026-07-31T06:19:26.547773+00:00,7011.697808217,8.513178,5507,5.991,0.300,148.492,910.688,42.469,13,0,0,S (sleeping)
2026-07-31T06:19:27.048513+00:00,7012.198540356,9.013910,5507,5.991,0.300,148.496,910.691,42.469,13,0,0,S (sleeping)
2026-07-31T06:19:27.549251+00:00,7012.699286279,9.514656,5507,7.988,0.399,148.492,910.688,42.469,13,0,0,S (sleeping)
2026-07-31T06:19:28.050052+00:00,7013.200061085,10.015431,5507,5.991,0.300,148.496,910.691,42.469,13,0,0,S (sleeping)
2026-07-31T06:19:28.550502+00:00,7013.700514050,10.515884,5507,3.996,0.200,148.496,910.691,42.469,13,0,0,S (sleeping)
2026-07-31T06:19:29.051264+00:00,7014.201298201,11.016668,5507,7.987,0.399,148.586,910.695,42.469,13,0,0,S (sleeping)
2026-07-31T06:19:29.552014+00:00,7014.702048466,11.517418,5507,5.991,0.300,148.586,910.695,42.469,13,0,0,S (sleeping)
2026-07-31T06:19:30.052769+00:00,7015.202801850,12.018172,5507,7.988,0.399,148.590,910.699,42.469,13,0,0,S (sleeping)
2026-07-31T06:19:30.553621+00:00,7015.703648213,12.519018,5507,5.990,0.299,148.590,910.699,42.469,13,0,0,S (sleeping)
2026-07-31T06:19:31.054358+00:00,7016.204393090,13.019763,5507,5.991,0.300,148.594,910.703,42.469,13,0,0,S (sleeping)
2026-07-31T06:19:31.555154+00:00,7016.705166850,13.520537,5507,5.991,0.300,148.590,910.699,42.469,13,0,0,S (sleeping)
2026-07-31T06:19:32.055914+00:00,7017.205946578,14.021316,5507,7.988,0.399,148.602,910.707,42.469,13,0,4096,S (sleeping)
2026-07-31T06:19:32.556672+00:00,7017.706703216,14.522073,5507,9.985,0.499,153.602,1058.988,42.938,15,0,4096,S (sleeping)
2026-07-31T06:19:33.057475+00:00,7018.207504500,15.022874,5507,27.955,1.398,154.195,1058.586,42.938,15,0,0,S (sleeping)
2026-07-31T06:19:33.558222+00:00,7018.708245988,15.523616,5507,29.956,1.498,156.387,1061.020,42.938,15,0,4096,S (sleeping)
2026-07-31T06:19:34.058962+00:00,7019.209003343,16.024373,5507,27.958,1.398,155.781,1060.395,42.938,15,0,0,S (sleeping)
2026-07-31T06:19:34.559736+00:00,7019.709768105,16.525138,5507,27.957,1.398,156.719,1061.156,42.938,15,0,4096,S (sleeping)
2026-07-31T06:19:35.060749+00:00,7020.210635224,17.026005,5507,29.948,1.497,156.719,1061.156,42.938,15,0,0,S (sleeping)
2026-07-31T06:19:35.561555+00:00,7020.711587707,17.526958,5507,29.943,1.497,157.188,1125.188,42.938,15,0,0,S (sleeping)
2026-07-31T06:19:36.062315+00:00,7021.212337623,18.027707,5507,29.955,1.498,157.188,1125.188,42.938,15,0,4096,S (sleeping)
2026-07-31T06:19:36.563044+00:00,7021.713076425,18.528446,5507,29.956,1.498,157.344,1125.188,42.938,15,0,0,S (sleeping)
2026-07-31T06:19:37.063791+00:00,7022.213826285,19.029196,5507,33.949,1.697,155.172,1122.645,42.938,15,0,4096,S (sleeping)
2026-07-31T06:19:37.563066+00:00,7022.714580147,19.529950,5507,33.949,1.697,158.312,1125.996,42.938,15,0,0,R (running)
2026-07-31T06:19:38.064023+00:00,7023.215444865,20.030815,5507,35.938,1.797,158.938,1126.453,42.938,15,0,4096,R (running)
2026-07-31T06:19:38.564607+00:00,7023.716117635,20.531488,5507,33.954,1.698,155.188,1122.645,42.938,15,0,0,S (sleeping)
2026-07-31T06:19:39.065357+00:00,7024.216873233,21.032243,5507,33.949,1.697,159.406,1127.098,42.938,15,0,0,R (running)
2026-07-31T06:19:39.566095+00:00,7024.717608474,21.532978,5507,37.944,1.897,160.188,1127.703,42.938,15,0,4096,S (sleeping)
2026-07-31T06:19:40.066851+00:00,7025.218360580,22.033730,5507,35.946,1.797,160.508,1127.984,42.938,15,0,0,R (running)
2026-07-31T06:19:40.567665+00:00,7025.719160056,22.534530,5507,33.946,1.697,156.602,1124.059,42.938,15,0,0,S (sleeping)
2026-07-31T06:19:41.068428+00:00,7026.219916967,23.035287,5507,35.946,1.797,157.539,1124.734,42.938,15,0,4096,S (sleeping)
2026-07-31T06:19:41.569302+00:00,7026.720740524,23.536110,5507,35.941,1.797,157.539,1124.734,42.938,15,0,0,S (sleeping)
2026-07-31T06:19:42.070065+00:00,7027.221582426,24.036952,5507,35.939,1.797,160.398,1128.062,42.938,15,0,0,S (sleeping)
2026-07-31T06:19:42.570789+00:00,7027.722304255,24.537674,5507,31.954,1.598,160.398,1128.062,42.938,15,0,0,S (sleeping)
2026-07-31T06:19:43.071736+00:00,7028.223154067,25.038524,5507,35.939,1.797,160.555,1128.062,42.938,15,0,4096,S (sleeping)
2026-07-31T06:19:43.572545+00:00,7028.724062565,25.539432,5507,37.931,1.897,160.555,1128.203,42.938,15,0,0,S (sleeping)
2026-07-31T06:19:44.073294+00:00,7029.224808109,26.040178,5507,37.943,1.897,160.711,1128.203,42.938,15,0,0,S (sleeping)
2026-07-31T06:19:44.574201+00:00,7029.725625102,26.540995,5507,31.948,1.597,160.711,1128.203,42.938,15,0,4096,S (sleeping)
2026-07-31T06:19:45.074978+00:00,7030.226492960,27.041863,5507,29.948,1.497,160.867,1128.203,42.938,15,0,0,S (sleeping)
2026-07-31T06:19:45.575756+00:00,7030.727270364,27.542640,5507,37.941,1.897,161.180,1128.449,42.938,15,0,0,S (sleeping)
2026-07-31T06:19:46.076527+00:00,7031.228027175,28.043397,5507,33.949,1.697,162.273,1129.695,42.938,15,0,0,R (running)
2026-07-31T06:19:46.577308+00:00,7031.728801167,28.544171,5507,27.957,1.398,162.273,1129.695,42.938,15,0,4096,S (sleeping)
2026-07-31T06:19:47.078055+00:00,7032.229566280,29.044936,5507,37.942,1.897,162.273,1129.695,42.938,15,0,0,S (sleeping)
2026-07-31T06:19:47.578998+00:00,7032.730386337,29.545756,5507,33.944,1.697,162.273,1129.695,42.938,15,0,0,S (sleeping)
2026-07-31T06:19:48.079761+00:00,7033.231276257,30.046646,5507,33.940,1.697,162.430,1129.855,42.938,15,0,4096,S (sleeping)
2026-07-31T06:19:48.580514+00:00,7033.732026740,30.547397,5507,31.952,1.598,162.430,1129.855,42.938,15,0,4096,S (sleeping)
2026-07-31T06:19:49.081257+00:00,7034.232751739,31.048122,5507,29.957,1.498,162.430,1129.855,42.938,15,0,0,S (sleeping)
2026-07-31T06:19:49.581990+00:00,7034.733502491,31.548872,5507,41.937,2.097,162.430,1129.855,42.938,15,0,4096,S (sleeping)
2026-07-31T06:19:50.082719+00:00,7035.234239516,32.049609,5507,35.947,1.797,162.430,1129.855,42.938,15,0,0,S (sleeping)
2026-07-31T06:19:50.583449+00:00,7035.734965118,32.550335,5507,41.939,2.097,162.898,1130.105,42.938,15,0,0,S (sleeping)
2026-07-31T06:19:51.084184+00:00,7036.235688383,33.051058,5507,37.945,1.897,163.680,1130.105,42.938,15,0,0,S (sleeping)
2026-07-31T06:19:51.584949+00:00,7036.736461309,33.551831,5507,39.938,1.997,163.992,1130.105,42.938,15,0,4096,S (sleeping)
2026-07-31T06:19:52.085681+00:00,7037.237193791,34.052564,5507,41.939,2.097,164.930,1130.105,42.938,15,0,0,S (sleeping)
2026-07-31T06:19:52.586425+00:00,7037.737932874,34.553303,5507,39.941,1.997,165.555,1130.105,42.938,15,0,0,S (sleeping)
2026-07-31T06:19:53.086849+00:00,7038.238359362,35.053729,5507,41.964,2.098,168.211,1133.371,42.938,15,0,4096,S (sleeping)
2026-07-31T06:19:53.587665+00:00,7038.739176114,35.554546,5507,39.935,1.997,168.211,1133.371,42.938,15,0,0,S (sleeping)
2026-07-31T06:19:54.088437+00:00,7039.239923529,36.055293,5507,35.946,1.797,168.523,1133.371,42.938,15,0,0,R (running)
2026-07-31T06:19:54.589168+00:00,7039.740681211,36.556051,5507,47.927,2.396,168.523,1133.371,42.938,15,0,0,S (sleeping)
2026-07-31T06:19:55.089958+00:00,7040.241472337,37.056842,5507,37.940,1.897,170.867,1135.539,42.938,15,0,4096,R (running)
2026-07-31T06:19:55.590675+00:00,7040.742188091,37.557558,5507,49.929,2.496,171.023,1135.539,42.938,15,0,0,S (sleeping)
2026-07-31T06:19:56.091402+00:00,7041.242917505,38.058287,5507,41.939,2.097,171.180,1135.688,42.938,15,0,0,S (sleeping)
2026-07-31T06:19:56.592132+00:00,7041.743641448,38.559011,5507,33.951,1.698,171.180,1135.688,42.938,15,0,4096,R (running)
2026-07-31T06:19:57.092850+00:00,7042.244367291,39.059737,5507,47.930,2.397,171.469,1135.832,42.938,15,0,0,S (sleeping)
2026-07-31T06:19:57.593575+00:00,7042.745091162,39.560461,5507,43.936,2.197,171.469,1135.832,42.938,15,0,0,S (sleeping)
2026-07-31T06:19:58.094308+00:00,7043.245824165,40.061194,5507,43.936,2.197,171.898,1136.047,42.938,15,0,0,S (sleeping)
2026-07-31T06:19:58.595072+00:00,7043.746573044,40.561943,5507,41.937,2.097,171.898,1136.047,42.938,15,0,4096,S (sleeping)
2026-07-31T06:19:59.095806+00:00,7044.247318087,41.062688,5507,41.938,2.097,172.418,1136.234,42.938,15,0,0,S (sleeping)
2026-07-31T06:19:59.596585+00:00,7044.748085321,41.563455,5507,41.936,2.097,172.418,1136.234,42.938,15,0,0,S (sleeping)
2026-07-31T06:20:00.097323+00:00,7045.248837260,42.064207,5507,43.934,2.197,172.793,1136.422,42.938,15,0,4096,S (sleeping)
2026-07-31T06:20:00.598054+00:00,7045.749569864,42.564940,5507,41.939,2.097,172.793,1136.422,42.938,15,0,0,S (sleeping)
2026-07-31T06:20:01.098808+00:00,7046.250309574,43.065679,5507,41.938,2.097,173.129,1136.590,42.938,15,0,0,S (sleeping)
2026-07-31T06:20:01.599567+00:00,7046.751063296,43.566433,5507,41.937,2.097,173.129,1136.590,42.938,15,0,4096,S (sleeping)
2026-07-31T06:20:02.100364+00:00,7047.251865961,44.067236,5507,41.933,2.097,173.480,1139.938,42.938,15,0,0,S (sleeping)
2026-07-31T06:20:02.601148+00:00,7047.752656557,44.568026,5507,43.931,2.197,173.480,1139.938,42.938,15,0,0,S (sleeping)
2026-07-31T06:20:03.101738+00:00,7048.253168245,45.068538,5507,39.959,1.998,173.832,1140.113,42.938,15,0,0,S (sleeping)
2026-07-31T06:20:03.602523+00:00,7048.754031906,45.569402,5507,43.924,2.196,173.832,1140.113,42.938,15,0,8192,S (sleeping)
2026-07-31T06:20:04.103257+00:00,7049.254772050,46.070142,5507,43.935,2.197,174.176,1140.285,42.938,15,0,0,S (sleeping)
2026-07-31T06:20:04.603990+00:00,7049.755503368,46.570873,5507,41.939,2.097,174.176,1140.285,42.938,15,0,0,S (sleeping)
2026-07-31T06:20:05.104812+00:00,7050.256310620,47.071680,5507,41.932,2.097,174.551,1140.473,42.938,15,0,4096,S (sleeping)
2026-07-31T06:20:05.605194+00:00,7050.756696136,47.572066,5507,41.968,2.098,174.551,1140.473,42.938,15,0,0,S (sleeping)
2026-07-31T06:20:06.105983+00:00,7051.257482916,48.072853,5507,43.931,2.197,174.863,1140.629,42.938,15,0,0,S (sleeping)
2026-07-31T06:20:06.606285+00:00,7051.757786435,48.573156,5507,41.975,2.099,174.863,1140.629,42.938,15,0,0,S (sleeping)
2026-07-31T06:20:07.107024+00:00,7052.258539091,49.073909,5507,41.937,2.097,175.191,1140.793,42.938,15,0,4096,S (sleeping)
2026-07-31T06:20:07.606541+00:00,7052.759331420,49.574701,5507,41.934,2.097,175.191,1140.793,42.938,15,0,0,S (sleeping)
2026-07-31T06:20:08.107363+00:00,7053.260151264,50.075521,5507,41.931,2.097,175.504,1140.949,42.938,15,0,0,S (sleeping)
2026-07-31T06:20:08.608167+00:00,7053.760954466,50.576324,5507,43.929,2.196,175.504,1140.949,42.938,15,0,4096,S (sleeping)
2026-07-31T06:20:09.108962+00:00,7054.261753139,51.077123,5507,41.933,2.097,175.871,1141.133,42.938,15,0,0,S (sleeping)
2026-07-31T06:20:09.609734+00:00,7054.762530622,51.577900,5507,43.932,2.197,175.871,1141.133,42.938,15,0,0,S (sleeping)
2026-07-31T06:20:10.110484+00:00,7055.263278386,52.078648,5507,43.934,2.197,176.246,1141.320,42.938,15,0,4096,S (sleeping)
2026-07-31T06:20:10.611232+00:00,7055.764032453,52.579402,5507,43.934,2.197,176.246,1141.320,42.938,15,0,0,S (sleeping)
2026-07-31T06:20:11.112148+00:00,7056.264879596,53.080249,5507,47.919,2.396,176.676,1141.535,42.938,15,0,0,S (sleeping)
2026-07-31T06:20:11.613017+00:00,7056.765783017,53.581153,5507,45.917,2.296,177.145,1141.535,42.938,15,0,0,S (sleeping)
2026-07-31T06:20:12.113782+00:00,7057.266571688,54.081942,5507,45.928,2.296,177.578,1141.715,42.938,15,0,4096,S (sleeping)
2026-07-31T06:20:12.614526+00:00,7057.767328657,54.582699,5507,49.924,2.496,179.141,1141.715,42.938,15,0,0,S (sleeping)
2026-07-31T06:20:13.115271+00:00,7058.268072215,55.083442,5507,43.935,2.197,179.738,1141.973,42.938,15,0,0,S (sleeping)
2026-07-31T06:20:13.616076+00:00,7058.768863784,55.584234,5507,51.918,2.596,179.738,1141.973,42.938,15,0,4096,S (sleeping)
2026-07-31T06:20:14.116819+00:00,7059.269610658,56.084981,5507,49.925,2.496,181.066,1142.242,42.938,15,0,0,S (sleeping)
2026-07-31T06:20:14.617637+00:00,7059.770423113,56.585793,5507,49.919,2.496,181.066,1142.242,42.938,15,0,0,S (sleeping)
2026-07-31T06:20:15.118455+00:00,7060.271243633,57.086614,5507,53.912,2.696,183.816,1142.523,42.938,15,0,0,S (sleeping)
2026-07-31T06:20:15.619218+00:00,7060.771994808,57.587365,5507,51.922,2.596,183.816,1142.523,42.938,15,0,4096,S (sleeping)
2026-07-31T06:20:16.120009+00:00,7061.272807538,58.088177,5507,51.916,2.596,184.270,1142.750,42.938,15,0,0,S (sleeping)
2026-07-31T06:20:16.620324+00:00,7061.773123373,58.588493,5507,53.966,2.698,184.270,1142.750,42.938,15,0,0,S (sleeping)
2026-07-31T06:20:17.121117+00:00,7062.273908511,59.089278,5507,55.912,2.796,185.090,1148.980,42.938,15,0,4096,S (sleeping)
2026-07-31T06:20:17.621838+00:00,7062.774638224,59.590008,5507,51.924,2.596,185.090,1148.980,42.938,15,0,0,S (sleeping)
2026-07-31T06:20:18.122659+00:00,7063.275445033,60.090815,5507,57.907,2.895,186.406,1149.250,42.938,15,0,0,S (sleeping)
2026-07-31T06:20:18.623383+00:00,7063.776188420,60.591558,5507,53.920,2.696,186.406,1149.250,42.938,15,0,4096,S (sleeping)
2026-07-31T06:20:19.124146+00:00,7064.276933691,61.092304,5507,57.914,2.896,189.246,1149.496,42.938,15,0,4096,S (sleeping)
2026-07-31T06:20:19.624883+00:00,7064.777686415,61.593056,5507,53.919,2.696,190.496,1149.496,42.938,15,0,0,S (sleeping)
2026-07-31T06:20:20.125642+00:00,7065.278424946,62.093795,5507,55.917,2.796,191.012,1149.750,42.938,15,0,0,S (sleeping)
2026-07-31T06:20:20.626386+00:00,7065.779186927,62.594557,5507,55.915,2.796,191.012,1149.918,42.938,15,0,4096,S (sleeping)
2026-07-31T06:20:21.127154+00:00,7066.279922113,63.095292,5507,55.918,2.796,192.824,1151.402,42.938,15,0,0,S (sleeping)
2026-07-31T06:20:21.627891+00:00,7066.780689106,63.596059,5507,59.908,2.995,193.918,1151.793,42.938,15,0,0,S (sleeping)
2026-07-31T06:20:22.128639+00:00,7067.281434952,64.096805,5507,57.914,2.896,195.957,1153.590,42.938,15,0,0,S (sleeping)
2026-07-31T06:20:22.629402+00:00,7067.782181781,64.597552,5507,59.911,2.996,195.957,1153.590,42.938,15,0,4096,S (sleeping)
2026-07-31T06:20:23.130141+00:00,7068.282940816,65.098311,5507,57.912,2.896,196.750,1153.844,42.938,15,0,0,S (sleeping)
2026-07-31T06:20:23.630872+00:00,7068.783670060,65.599040,5507,57.916,2.896,196.750,1153.844,42.938,15,0,0,S (sleeping)
2026-07-31T06:20:24.131640+00:00,7069.284427315,66.099797,5507,59.909,2.995,198.109,1154.133,42.938,15,0,4096,S (sleeping)
2026-07-31T06:20:24.632374+00:00,7069.785175052,66.600545,5507,61.907,3.095,199.828,1154.133,42.938,15,0,0,S (sleeping)
2026-07-31T06:20:25.133128+00:00,7070.285927440,67.101297,5507,61.907,3.095,209.523,1154.449,42.938,15,0,0,S (sleeping)
2026-07-31T06:20:25.633878+00:00,7070.786672085,67.602042,5507,61.908,3.095,209.523,1154.449,42.938,15,0,0,S (sleeping)
2026-07-31T06:20:26.134750+00:00,7071.287528443,68.102898,5507,59.897,2.995,210.363,1154.824,42.938,15,0,4096,S (sleeping)
2026-07-31T06:20:26.635504+00:00,7071.788305019,68.603675,5507,57.910,2.896,210.363,1154.824,42.938,15,0,0,S (sleeping)
2026-07-31T06:20:27.136386+00:00,7072.289114527,69.104484,5507,59.903,2.995,210.973,1155.129,42.938,15,0,0,S (sleeping)
2026-07-31T06:20:27.637203+00:00,7072.789998871,69.605369,5507,63.887,3.194,210.973,1155.129,42.938,15,0,4096,S (sleeping)
2026-07-31T06:20:28.137996+00:00,7073.290795557,70.106165,5507,57.908,2.895,212.113,1155.992,42.938,15,0,0,S (sleeping)
2026-07-31T06:20:28.638719+00:00,7073.791522345,70.606892,5507,59.913,2.996,213.988,1166.887,42.938,15,0,0,R (running)
2026-07-31T06:20:29.139480+00:00,7074.292270375,71.107640,5507,59.910,2.996,214.852,1158.430,42.938,15,0,0,S (sleeping)
2026-07-31T06:20:29.640333+00:00,7074.793122009,71.608492,5507,59.898,2.995,222.508,1168.836,42.938,15,0,4096,R (running)
2026-07-31T06:20:30.141073+00:00,7075.293875971,72.109246,5507,59.910,2.995,215.527,1158.723,42.938,15,0,0,S (sleeping)
2026-07-31T06:20:30.641812+00:00,7075.794608302,72.609978,5507,57.915,2.896,226.152,1169.457,42.938,15,0,0,R (running)
2026-07-31T06:20:31.142540+00:00,7076.295338515,73.110708,5507,59.913,2.996,216.496,1159.430,42.938,15,0,4096,S (sleeping)
2026-07-31T06:20:31.643405+00:00,7076.796139897,73.611510,5507,57.907,2.895,228.684,1171.465,42.938,15,0,0,R (running)
2026-07-31T06:20:32.144176+00:00,7077.296979796,74.112350,5507,61.896,3.095,218.422,1161.172,42.938,15,0,0,S (sleeping)
2026-07-31T06:20:32.645059+00:00,7077.797782697,74.613153,5507,61.901,3.095,223.668,1161.484,42.938,15,0,4096,S (sleeping)
2026-07-31T06:20:33.145832+00:00,7078.298614740,75.113985,5507,55.907,2.795,223.668,1161.484,42.938,15,0,0,S (sleeping)
2026-07-31T06:20:33.646579+00:00,7078.799378345,75.614748,5507,57.912,2.896,224.402,1161.816,42.938,15,0,4096,S (sleeping)
2026-07-31T06:20:34.147350+00:00,7079.300137662,76.115508,5507,57.912,2.896,224.402,1161.816,42.938,15,0,0,S (sleeping)
2026-07-31T06:20:34.648115+00:00,7079.800891415,76.616261,5507,61.907,3.095,225.020,1162.125,42.938,15,0,4096,S (sleeping)
2026-07-31T06:20:35.148867+00:00,7080.301659820,77.117030,5507,63.902,3.195,225.020,1162.125,42.938,15,0,0,S (sleeping)
2026-07-31T06:20:35.649626+00:00,7080.802407839,77.617778,5507,59.910,2.996,225.645,1162.438,42.938,15,0,0,S (sleeping)
2026-07-31T06:20:36.150378+00:00,7081.303174075,78.118544,5507,57.911,2.896,225.645,1162.438,42.938,15,0,4096,S (sleeping)
2026-07-31T06:20:36.651172+00:00,7081.803943345,78.619313,5507,59.908,2.995,226.238,1174.871,42.938,15,0,0,S (sleeping)
2026-07-31T06:20:37.151905+00:00,7082.304710370,79.120080,5507,59.908,2.995,226.238,1174.871,42.938,15,0,0,S (sleeping)
2026-07-31T06:20:37.651164+00:00,7082.805438959,79.620809,5507,61.910,3.095,226.832,1175.168,42.938,15,0,4096,S (sleeping)
2026-07-31T06:20:38.151945+00:00,7083.306191391,80.121561,5507,57.913,2.896,226.832,1175.168,42.938,15,0,0,S (sleeping)
2026-07-31T06:20:38.652683+00:00,7083.806955558,80.622325,5507,61.905,3.095,227.934,1175.754,42.938,15,0,0,S (sleeping)
2026-07-31T06:20:39.153447+00:00,7084.307710162,81.123080,5507,57.913,2.896,227.934,1175.754,42.938,15,0,0,S (sleeping)
2026-07-31T06:20:39.654185+00:00,7084.808459264,81.623829,5507,55.916,2.796,229.418,1176.922,42.938,15,0,4096,S (sleeping)
2026-07-31T06:20:40.154928+00:00,7085.309200521,82.124570,5507,59.911,2.996,229.418,1176.922,42.938,15,0,0,S (sleeping)
2026-07-31T06:20:40.655657+00:00,7085.809931854,82.625302,5507,61.909,3.095,230.789,1177.895,42.938,15,0,0,S (sleeping)
2026-07-31T06:20:41.156391+00:00,7086.310663127,83.126033,5507,59.912,2.996,230.945,1178.137,42.938,15,0,4096,R (running)
2026-07-31T06:20:41.657183+00:00,7086.811449774,83.626820,5507,61.903,3.095,231.672,1178.457,42.938,15,0,0,S (sleeping)
2026-07-31T06:20:42.157989+00:00,7087.312142341,84.127512,5507,57.920,2.896,232.141,1179.047,42.938,15,0,0,S (sleeping)
2026-07-31T06:20:42.658762+00:00,7087.813025651,84.628396,5507,61.891,3.095,232.719,1179.336,42.938,15,0,4096,S (sleeping)
2026-07-31T06:20:43.159523+00:00,7088.313779203,85.129149,5507,55.916,2.796,233.344,1179.973,42.938,15,0,0,S (sleeping)
2026-07-31T06:20:43.659893+00:00,7088.814165357,85.629535,5507,59.954,2.998,234.766,1181.148,42.938,15,0,0,S (sleeping)
2026-07-31T06:20:44.160623+00:00,7089.314899581,86.130269,5507,59.912,2.996,234.766,1181.148,42.938,15,0,0,S (sleeping)
2026-07-31T06:20:44.661358+00:00,7089.815618361,86.630988,5507,61.911,3.096,235.758,1181.812,42.938,15,0,4096,S (sleeping)
2026-07-31T06:20:45.161808+00:00,7090.316066649,87.131437,5507,55.950,2.797,236.227,1182.371,42.938,15,0,0,S (sleeping)
2026-07-31T06:20:45.662531+00:00,7090.816806204,87.632176,5507,63.905,3.195,236.918,1182.672,42.938,15,0,0,R (running)
2026-07-31T06:20:46.163281+00:00,7091.317537611,88.132907,5507,59.912,2.996,237.543,1183.383,42.938,15,0,4096,R (running)
2026-07-31T06:20:46.664225+00:00,7091.818414152,88.633784,5507,59.895,2.995,238.566,1184.059,42.938,15,0,0,R (running)
2026-07-31T06:20:47.164985+00:00,7092.319259644,89.134630,5507,57.902,2.895,238.566,1184.059,42.938,15,0,0,R (running)
2026-07-31T06:20:47.665750+00:00,7092.819999137,89.635369,5507,65.903,3.295,239.598,1184.711,42.938,15,0,4096,R (running)
2026-07-31T06:20:48.166497+00:00,7093.320751886,90.136122,5507,59.910,2.995,239.754,1184.973,42.938,15,0,0,R (running)
2026-07-31T06:20:48.667236+00:00,7093.821504011,90.636874,5507,61.907,3.095,240.508,1185.297,42.938,15,0,4096,R (running)
2026-07-31T06:20:49.167977+00:00,7094.322246163,91.137616,5507,57.914,2.896,240.820,1185.699,42.938,15,0,4096,R (running)
2026-07-31T06:20:49.668724+00:00,7094.822986779,91.638357,5507,61.908,3.095,241.520,1186.004,42.938,15,0,0,R (running)
2026-07-31T06:20:50.169512+00:00,7095.323784194,92.139154,5507,57.908,2.895,241.520,1186.004,42.938,15,0,0,R (running)
2026-07-31T06:20:50.670257+00:00,7095.824516852,92.639887,5507,63.906,3.195,242.129,1186.309,42.938,15,0,0,R (running)
2026-07-31T06:20:51.170992+00:00,7096.325263520,93.140633,5507,59.911,2.996,242.129,1186.309,42.938,15,0,4096,R (running)
2026-07-31T06:20:51.671492+00:00,7096.825684589,93.641054,5507,63.946,3.197,242.832,1186.660,42.938,15,0,0,R (running)
2026-07-31T06:20:52.171796+00:00,7097.326067730,94.141438,5507,55.957,2.798,242.832,1186.660,42.938,15,0,0,R (running)
2026-07-31T06:20:52.672748+00:00,7097.826897735,94.642268,5507,63.894,3.195,243.426,1186.957,42.938,15,0,4096,R (running)
2026-07-31T06:20:53.173674+00:00,7098.327796728,95.143167,5507,55.899,2.795,243.426,1186.957,42.938,15,0,0,R (running)
2026-07-31T06:20:53.674140+00:00,7098.828359315,95.643729,5507,63.928,3.196,244.043,1187.266,42.938,15,0,0,R (running)
2026-07-31T06:20:54.174897+00:00,7099.329173817,96.144544,5507,61.899,3.095,244.043,1187.266,42.938,15,0,4096,S (sleeping)
2026-07-31T06:20:54.675629+00:00,7099.829902792,96.645273,5507,57.916,2.896,244.645,1187.566,42.938,15,0,0,S (sleeping)
2026-07-31T06:20:55.176357+00:00,7100.330630902,97.146001,5507,65.904,3.295,245.113,1188.109,42.938,15,0,0,R (running)
2026-07-31T06:20:55.677078+00:00,7100.831354971,97.646725,5507,63.907,3.195,247.117,1189.746,42.938,15,0,0,S (sleeping)
2026-07-31T06:20:56.177834+00:00,7101.332088306,98.147458,5507,51.924,2.596,247.430,1190.102,42.938,15,0,4096,R (running)
2026-07-31T06:20:56.678555+00:00,7101.832832344,98.648202,5507,73.890,3.695,249.391,1191.559,42.938,15,0,0,R (running)
2026-07-31T06:20:57.179410+00:00,7102.333619463,99.148989,5507,59.906,2.995,249.391,1191.559,42.938,15,0,0,S (sleeping)
2026-07-31T06:20:57.680162+00:00,7102.834425740,99.649796,5507,59.903,2.995,250.047,1191.887,42.938,15,0,4096,S (sleeping)
2026-07-31T06:20:58.180895+00:00,7103.335163196,100.150533,5507,61.909,3.095,250.047,1191.887,42.938,15,0,0,S (sleeping)
2026-07-31T06:20:58.681679+00:00,7103.835942830,100.651313,5507,63.900,3.195,250.633,1192.180,42.938,15,0,0,S (sleeping)
2026-07-31T06:20:59.182468+00:00,7104.336739872,101.152110,5507,61.901,3.095,250.633,1192.180,42.938,15,0,4096,S (sleeping)
2026-07-31T06:20:59.683209+00:00,7104.837470333,101.652840,5507,61.910,3.095,251.219,1192.473,42.938,15,0,0,S (sleeping)
2026-07-31T06:21:00.184093+00:00,7105.338277933,102.153648,5507,65.894,3.295,251.219,1192.473,42.938,15,0,0,S (sleeping)
2026-07-31T06:21:00.684840+00:00,7105.839118291,102.654488,5507,53.909,2.695,252.027,1192.812,42.938,15,0,0,S (sleeping)
2026-07-31T06:21:01.185613+00:00,7106.339889725,103.155260,5507,73.886,3.694,252.965,1193.797,42.938,15,0,4096,S (sleeping)
2026-07-31T06:21:01.686345+00:00,7106.840622525,103.655992,5507,55.918,2.796,255.223,1195.668,42.938,15,0,0,S (sleeping)
2026-07-31T06:21:02.187079+00:00,7107.341349976,104.156720,5507,73.892,3.695,255.223,1195.668,42.938,15,0,0,S (sleeping)
2026-07-31T06:21:02.687824+00:00,7107.842078308,104.657448,5507,69.898,3.495,256.984,1197.160,42.938,15,0,4096,S (sleeping)
2026-07-31T06:21:03.188583+00:00,7108.342845308,105.158215,5507,61.905,3.095,257.297,1197.488,42.938,15,0,0,S (sleeping)
2026-07-31T06:21:03.689350+00:00,7108.843614085,105.658984,5507,63.902,3.195,258.043,1197.809,42.938,15,0,0,S (sleeping)
2026-07-31T06:21:04.190098+00:00,7109.344361895,106.159732,5507,65.901,3.295,259.293,1199.113,42.938,15,0,8192,S (sleeping)
2026-07-31T06:21:04.690839+00:00,7109.845100121,106.660470,5507,67.900,3.395,260.023,1199.453,42.938,15,0,0,S (sleeping)
2026-07-31T06:21:05.191583+00:00,7110.345856752,107.161227,5507,63.903,3.195,260.023,1199.453,42.938,15,0,0,S (sleeping)
2026-07-31T06:21:05.691836+00:00,7110.846107593,107.661477,5507,67.966,3.398,260.645,1199.762,42.938,15,0,0,S (sleeping)
2026-07-31T06:21:06.192590+00:00,7111.346865875,108.162236,5507,63.903,3.195,260.645,1199.762,42.938,15,0,4096,S (sleeping)
2026-07-31T06:21:06.693344+00:00,7111.847619205,108.662989,5507,71.892,3.595,262.957,1200.059,42.938,15,0,0,S (sleeping)
2026-07-31T06:21:07.192798+00:00,7112.348337266,109.163707,5507,65.905,3.295,262.957,1200.059,42.938,15,0,0,S (sleeping)
2026-07-31T06:21:07.693540+00:00,7112.849215004,109.664585,5507,65.884,3.294,263.566,1200.363,42.938,15,0,4096,S (sleeping)
2026-07-31T06:21:08.194116+00:00,7113.349763837,110.165134,5507,59.934,2.997,263.566,1200.363,42.938,15,0,0,S (sleeping)
2026-07-31T06:21:08.694859+00:00,7113.850532839,110.665903,5507,65.899,3.295,270.566,1200.660,42.938,15,0,0,S (sleeping)
2026-07-31T06:21:09.195597+00:00,7114.351272987,111.166643,5507,65.902,3.295,277.129,1200.660,42.938,15,0,4096,S (sleeping)
2026-07-31T06:21:09.696356+00:00,7114.852029627,111.667399,5507,65.900,3.295,277.738,1200.965,42.938,15,0,0,S (sleeping)
2026-07-31T06:21:10.197122+00:00,7115.352781520,112.168151,5507,63.904,3.195,277.738,1200.965,42.938,15,0,0,S (sleeping)
2026-07-31T06:21:10.697848+00:00,7115.853527866,112.668898,5507,67.899,3.395,278.395,1201.293,42.938,15,0,0,S (sleeping)
2026-07-31T06:21:11.198684+00:00,7116.354349161,113.169719,5507,65.892,3.295,278.395,1201.293,42.938,15,0,4096,S (sleeping)
2026-07-31T06:21:11.699426+00:00,7116.855091466,113.670461,5507,71.893,3.595,279.078,1201.625,42.938,15,0,0,S (sleeping)
2026-07-31T06:21:12.200161+00:00,7117.355834190,114.171204,5507,61.908,3.095,279.078,1201.625,42.938,15,0,0,S (sleeping)
2026-07-31T06:21:12.700408+00:00,7117.856087080,114.671457,5507,65.967,3.298,279.766,1201.969,42.938,15,0,4096,S (sleeping)
2026-07-31T06:21:13.201146+00:00,7118.356812347,115.172182,5507,63.907,3.195,279.766,1201.969,42.938,15,0,0,S (sleeping)
2026-07-31T06:21:13.701884+00:00,7118.857558032,115.672928,5507,71.893,3.595,280.289,1202.230,42.938,15,0,0,S (sleeping)
2026-07-31T06:21:14.202626+00:00,7119.358299604,116.173669,5507,67.899,3.395,284.352,1202.230,42.938,15,0,4096,R (running)
2026-07-31T06:21:14.703378+00:00,7119.859035351,116.674405,5507,61.909,3.095,284.859,1202.484,42.938,15,0,0,S (sleeping)
2026-07-31T06:21:15.204115+00:00,7120.359792014,117.175162,5507,63.903,3.195,284.859,1202.484,42.938,15,0,0,S (sleeping)
2026-07-31T06:21:15.704846+00:00,7120.860524369,117.675894,5507,73.892,3.695,301.520,1291.195,42.938,15,0,0,S (sleeping)
2026-07-31T06:21:16.205583+00:00,7121.361254878,118.176625,5507,59.912,2.996,301.520,1291.195,42.938,15,0,4096,S (sleeping)
2026-07-31T06:21:16.706309+00:00,7121.861987939,118.677358,5507,61.909,3.095,302.211,1291.539,42.938,15,0,0,S (sleeping)
2026-07-31T06:21:17.207044+00:00,7122.362711961,119.178082,5507,59.913,2.996,302.211,1291.539,42.938,15,0,0,S (sleeping)
2026-07-31T06:21:17.707792+00:00,7122.863464245,119.678834,5507,61.907,3.095,302.797,1291.832,42.938,15,0,4096,S (sleeping)
2026-07-31T06:21:18.208534+00:00,7123.364209221,120.179579,5507,61.908,3.095,302.797,1291.832,42.938,15,0,0,S (sleeping)
2026-07-31T06:21:18.709271+00:00,7123.864949862,120.680320,5507,65.902,3.295,303.398,1292.133,42.938,15,0,0,S (sleeping)
2026-07-31T06:21:19.210000+00:00,7124.365678913,121.181049,5507,73.892,3.695,330.430,1292.133,42.938,15,0,8192,S (sleeping)
2026-07-31T06:21:19.710749+00:00,7124.866411445,121.681781,5507,61.909,3.095,331.094,1292.465,42.938,15,0,0,S (sleeping)
2026-07-31T06:21:20.211476+00:00,7125.367153434,122.182523,5507,55.917,2.796,331.094,1292.465,42.938,15,0,0,S (sleeping)
2026-07-31T06:21:20.712207+00:00,7125.867885962,122.683256,5507,61.909,3.095,331.727,1292.781,42.938,15,0,0,S (sleeping)
2026-07-31T06:21:21.212987+00:00,7126.368647868,123.184018,5507,61.906,3.095,331.727,1292.781,42.938,15,0,4096,S (sleeping)
2026-07-31T06:21:21.713731+00:00,7126.869401988,123.684772,5507,63.904,3.195,332.516,1293.176,42.938,15,0,0,S (sleeping)
2026-07-31T06:21:22.214475+00:00,7127.370141421,124.185511,5507,61.908,3.095,332.516,1293.176,42.938,15,0,0,S (sleeping)
2026-07-31T06:21:22.715206+00:00,7127.870876234,124.686246,5507,65.903,3.295,333.211,1293.523,42.938,15,0,4096,S (sleeping)
2026-07-31T06:21:23.215938+00:00,7128.371613045,125.186983,5507,61.909,3.095,333.211,1293.523,42.938,15,0,0,S (sleeping)
2026-07-31T06:21:23.716681+00:00,7128.872346025,125.687716,5507,63.906,3.195,333.867,1293.852,42.938,15,0,0,S (sleeping)
2026-07-31T06:21:24.217424+00:00,7129.373104590,126.188474,5507,65.900,3.295,333.867,1293.852,42.938,15,0,4096,S (sleeping)
2026-07-31T06:21:24.718159+00:00,7129.873834110,126.689204,5507,59.913,2.996,334.531,1294.184,42.938,15,0,0,S (sleeping)
2026-07-31T06:21:25.218919+00:00,7130.374588777,127.189959,5507,59.910,2.995,334.531,1294.184,42.938,15,0,0,S (sleeping)
2026-07-31T06:21:25.719661+00:00,7130.875339060,127.690709,5507,61.907,3.095,335.148,1294.492,42.938,15,0,0,S (sleeping)
2026-07-31T06:21:26.220395+00:00,7131.376072148,128.191442,5507,57.915,2.896,335.148,1294.492,42.938,15,0,4096,S (sleeping)
2026-07-31T06:21:26.721177+00:00,7131.876823466,128.692193,5507,65.901,3.295,335.711,1294.773,42.938,15,0,0,S (sleeping)
2026-07-31T06:21:27.221914+00:00,7132.377584614,129.192954,5507,59.909,2.995,335.711,1294.773,42.938,15,0,0,S (sleeping)
2026-07-31T06:21:27.722657+00:00,7132.878336690,129.693707,5507,63.904,3.195,336.227,1295.031,42.938,15,0,4096,S (sleeping)
2026-07-31T06:21:28.223393+00:00,7133.379071472,130.194441,5507,57.915,2.896,336.227,1295.031,42.938,15,0,0,S (sleeping)
2026-07-31T06:21:28.724134+00:00,7133.879812812,130.695183,5507,83.876,4.194,362.438,1359.402,42.938,15,0,0,S (sleeping)
2026-07-31T06:21:29.224870+00:00,7134.380546574,131.195916,5507,57.915,2.896,349.039,1295.402,42.938,15,0,4096,S (sleeping)
2026-07-31T06:21:29.725609+00:00,7134.881285323,131.696655,5507,59.911,2.996,349.719,1295.742,42.938,15,0,0,S (sleeping)
2026-07-31T06:21:30.226350+00:00,7135.382027135,132.197397,5507,61.908,3.095,349.719,1295.742,42.938,15,0,0,S (sleeping)
2026-07-31T06:21:30.727080+00:00,7135.882759417,132.698129,5507,63.906,3.195,350.363,1296.031,42.938,15,0,0,S (sleeping)
2026-07-31T06:21:31.227830+00:00,7136.383496129,133.198866,5507,57.915,2.896,350.363,1296.031,42.938,15,0,4096,S (sleeping)
2026-07-31T06:21:31.728565+00:00,7136.884242469,133.699612,5507,63.905,3.195,350.980,1296.340,42.938,15,0,0,S (sleeping)
2026-07-31T06:21:32.229297+00:00,7137.384978742,134.200349,5507,63.906,3.195,350.980,1296.340,42.938,15,0,0,S (sleeping)
2026-07-31T06:21:32.730024+00:00,7137.885695403,134.701065,5507,61.911,3.096,351.621,1296.637,42.938,15,0,4096,S (sleeping)
2026-07-31T06:21:33.230769+00:00,7138.386436678,135.201807,5507,61.908,3.095,351.621,1296.637,42.938,15,0,0,S (sleeping)
2026-07-31T06:21:33.731509+00:00,7138.887176930,135.702547,5507,67.899,3.395,359.434,1296.949,42.938,15,0,0,S (sleeping)
2026-07-31T06:21:34.232286+00:00,7139.387924445,136.203294,5507,59.910,2.996,359.434,1296.949,42.938,15,0,8192,S (sleeping)
2026-07-31T06:21:34.733031+00:00,7139.888708460,136.704078,5507,67.894,3.395,360.199,1297.289,42.938,15,0,0,S (sleeping)
2026-07-31T06:21:35.233765+00:00,7140.389437458,137.204807,5507,59.913,2.996,360.199,1297.289,42.938,15,0,0,S (sleeping)
2026-07-31T06:21:35.734527+00:00,7140.890192074,137.705562,5507,61.907,3.095,360.809,1297.594,42.938,15,0,0,S (sleeping)
2026-07-31T06:21:36.235269+00:00,7141.390941800,138.206312,5507,63.904,3.195,360.809,1297.594,42.938,15,0,4096,S (sleeping)
2026-07-31T06:21:36.735939+00:00,7141.891616082,138.706986,5507,65.911,3.296,361.418,1297.898,42.938,15,0,0,S (sleeping)
2026-07-31T06:21:37.235453+00:00,7142.392355516,139.207725,5507,59.911,2.996,361.418,1297.898,42.938,15,0,0,S (sleeping)
2026-07-31T06:21:37.736178+00:00,7142.893087331,139.708457,5507,65.904,3.295,361.973,1298.176,42.938,15,0,4096,S (sleeping)
2026-07-31T06:21:38.236910+00:00,7143.393813965,140.209184,5507,61.910,3.096,361.973,1298.176,42.938,15,0,0,S (sleeping)
2026-07-31T06:21:38.737376+00:00,7143.894284087,140.709654,5507,71.932,3.597,363.418,1298.508,42.938,15,0,0,S (sleeping)
2026-07-31T06:21:39.238113+00:00,7144.395010069,141.210380,5507,59.913,2.996,363.418,1298.508,42.938,15,0,4096,S (sleeping)
2026-07-31T06:21:39.738846+00:00,7144.895753288,141.711123,5507,59.911,2.996,364.105,1298.852,42.938,15,0,0,S (sleeping)
2026-07-31T06:21:40.239563+00:00,7145.396471219,142.211841,5507,81.882,4.094,395.199,1385.633,42.938,15,0,0,S (sleeping)
2026-07-31T06:21:40.740293+00:00,7145.897200932,142.712571,5507,55.918,2.796,399.730,1385.934,42.938,15,0,0,S (sleeping)
2026-07-31T06:21:41.240562+00:00,7146.397465020,143.212835,5507,59.968,2.998,399.730,1385.934,42.938,15,0,4096,S (sleeping)
2026-07-31T06:21:41.741287+00:00,7146.898180287,143.713550,5507,61.911,3.096,400.668,1386.262,42.938,15,0,0,S (sleeping)
2026-07-31T06:21:42.242016+00:00,7147.398926398,144.214296,5507,59.911,2.996,400.668,1386.262,42.938,15,0,0,S (sleeping)
2026-07-31T06:21:42.742739+00:00,7147.899643313,144.715013,5507,63.908,3.195,401.762,1386.598,42.938,15,0,4096,S (sleeping)
2026-07-31T06:21:43.243608+00:00,7148.400437813,145.215808,5507,67.892,3.395,401.762,1386.598,42.938,15,0,0,S (sleeping)
2026-07-31T06:21:43.744346+00:00,7148.901247362,145.716617,5507,65.893,3.295,402.855,1386.953,42.938,15,0,0,S (sleeping)
2026-07-31T06:21:44.245062+00:00,7149.401974521,146.217344,5507,65.904,3.295,402.855,1386.953,42.938,15,0,4096,S (sleeping)
2026-07-31T06:21:44.745560+00:00,7149.902450036,146.717820,5507,67.935,3.397,413.012,1387.246,42.938,15,0,0,S (sleeping)
2026-07-31T06:21:45.246296+00:00,7150.403207441,147.218577,5507,59.909,2.995,413.012,1387.246,42.938,15,0,0,S (sleeping)
2026-07-31T06:21:45.747044+00:00,7150.903921958,147.719292,5507,63.909,3.195,414.105,1387.590,42.938,15,0,4096,S (sleeping)
2026-07-31T06:21:46.247776+00:00,7151.404675843,148.220046,5507,65.901,3.295,414.105,1387.590,42.938,15,0,0,S (sleeping)
2026-07-31T06:21:46.748562+00:00,7151.905445574,148.720815,5507,61.905,3.095,415.199,1387.930,42.938,15,0,0,S (sleeping)
2026-07-31T06:21:47.249305+00:00,7152.406210244,149.221580,5507,61.905,3.095,415.199,1387.930,42.938,15,0,0,S (sleeping)
2026-07-31T06:21:47.750056+00:00,7152.906951337,149.722321,5507,65.902,3.295,415.980,1388.219,42.938,15,0,4096,S (sleeping)
2026-07-31T06:21:48.250803+00:00,7153.407704828,150.223075,5507,61.907,3.095,415.980,1388.219,42.938,15,0,0,S (sleeping)
2026-07-31T06:21:48.751105+00:00,7153.907989572,150.723359,5507,63.964,3.198,416.918,1388.512,42.938,15,0,0,S (sleeping)
2026-07-31T06:21:49.251480+00:00,7154.408389356,151.223759,5507,61.950,3.098,416.918,1388.512,42.938,15,0,8192,S (sleeping)
2026-07-31T06:21:49.751804+00:00,7154.908714418,151.724084,5507,63.958,3.198,417.699,1388.793,42.938,15,0,0,S (sleeping)
2026-07-31T06:21:50.252528+00:00,7155.409436538,152.224806,5507,67.902,3.395,423.324,1388.793,42.938,15,0,0,S (sleeping)
2026-07-31T06:21:50.753298+00:00,7155.910174139,152.725544,5507,59.912,2.996,424.262,1389.129,42.938,15,0,4096,S (sleeping)
2026-07-31T06:21:51.254044+00:00,7156.410946566,153.226316,5507,57.911,2.896,424.262,1389.129,42.938,15,0,0,S (sleeping)
2026-07-31T06:21:51.754894+00:00,7156.911766854,153.727137,5507,73.879,3.694,425.355,1389.477,42.938,15,0,0,S (sleeping)
2026-07-31T06:21:52.255633+00:00,7157.412540370,154.227910,5507,63.901,3.195,425.355,1389.477,42.938,15,0,0,S (sleeping)
2026-07-31T06:21:52.756364+00:00,7157.913270862,154.728641,5507,63.907,3.195,426.113,1389.820,42.938,15,0,4096,S (sleeping)
2026-07-31T06:21:53.257104+00:00,7158.414007327,155.229377,5507,63.906,3.195,426.113,1389.820,42.938,15,0,0,R (running)
2026-07-31T06:21:53.757838+00:00,7158.914743926,155.730114,5507,91.865,4.593,458.594,1390.090,42.938,15,0,0,S (sleeping)
2026-07-31T06:21:54.258620+00:00,7159.415489963,156.230860,5507,55.917,2.796,458.594,1390.090,42.938,15,0,4096,S (sleeping)
2026-07-31T06:21:54.759319+00:00,7159.916223309,156.731593,5507,61.909,3.095,459.188,1390.387,42.938,15,0,0,S (sleeping)
2026-07-31T06:21:55.260050+00:00,7160.416955440,157.232325,5507,59.912,2.996,459.188,1390.387,42.938,15,0,0,S (sleeping)
2026-07-31T06:21:55.760784+00:00,7160.917687982,157.733058,5507,61.909,3.095,459.730,1390.656,42.938,15,0,0,S (sleeping)
2026-07-31T06:21:56.261514+00:00,7161.418420893,158.233791,5507,61.909,3.095,459.730,1390.656,42.938,15,0,4096,S (sleeping)
2026-07-31T06:21:56.762246+00:00,7161.919151109,158.734521,5507,65.904,3.295,460.418,1391.000,42.938,15,0,0,S (sleeping)
2026-07-31T06:21:57.263036+00:00,7162.419906683,159.235277,5507,61.906,3.095,460.418,1391.000,42.938,15,0,0,R (running)
2026-07-31T06:21:57.763811+00:00,7162.920695017,159.736065,5507,69.890,3.494,461.105,1391.344,42.938,15,0,4096,R (running)
2026-07-31T06:21:58.264644+00:00,7163.421552556,160.236922,5507,67.884,3.394,461.105,1391.344,42.938,15,0,0,R (running)
2026-07-31T06:21:58.765404+00:00,7163.922297807,160.737668,5507,63.905,3.195,461.762,1391.672,42.938,15,0,0,R (running)
2026-07-31T06:21:59.266157+00:00,7164.423061754,161.238432,5507,63.902,3.195,461.762,1391.672,42.938,15,0,4096,R (running)
2026-07-31T06:21:59.766902+00:00,7164.923796486,161.739166,5507,65.903,3.295,462.316,1391.949,42.938,15,0,0,R (running)
2026-07-31T06:22:00.267627+00:00,7165.424536340,162.239906,5507,63.905,3.195,462.316,1391.949,42.938,15,0,0,R (running)
2026-07-31T06:22:00.768345+00:00,7165.925254332,162.740624,5507,79.885,3.994,463.895,1392.270,42.938,15,0,0,R (running)
2026-07-31T06:22:01.269134+00:00,7166.426034295,163.241404,5507,57.910,2.895,463.895,1392.270,42.938,15,0,4096,R (running)
2026-07-31T06:22:01.769764+00:00,7166.926654381,163.742024,5507,61.923,3.096,464.520,1392.586,42.938,15,0,0,R (running)
2026-07-31T06:22:02.270510+00:00,7167.427407505,164.242777,5507,57.913,2.896,464.520,1392.586,42.938,15,0,0,R (running)
2026-07-31T06:22:02.771337+00:00,7167.928199262,164.743569,5507,65.896,3.295,465.145,1392.875,42.938,15,0,4096,R (running)
2026-07-31T06:22:03.272132+00:00,7168.429014143,165.244384,5507,59.902,2.995,465.145,1392.875,42.938,15,0,0,R (running)
2026-07-31T06:22:03.772875+00:00,7168.929781320,165.745151,5507,63.902,3.195,465.770,1393.191,42.938,15,0,0,R (running)
2026-07-31T06:22:04.273607+00:00,7169.430512994,166.245883,5507,61.909,3.095,465.770,1393.191,42.938,15,0,8192,R (running)
2026-07-31T06:22:04.774359+00:00,7169.931259015,166.746629,5507,65.902,3.295,466.395,1393.516,42.938,15,0,0,R (running)
2026-07-31T06:22:05.275109+00:00,7170.431995866,167.247366,5507,59.912,2.996,466.395,1393.516,42.938,15,0,0,R (running)
2026-07-31T06:22:05.775851+00:00,7170.932753537,167.748123,5507,65.900,3.295,467.020,1393.805,42.938,15,0,0,R (running)
2026-07-31T06:22:06.276584+00:00,7171.433488822,168.248859,5507,63.906,3.195,467.020,1393.805,42.938,15,0,4096,R (running)
2026-07-31T06:22:06.777304+00:00,7171.934214559,168.749584,5507,65.904,3.295,467.645,1394.121,42.938,15,0,0,S (sleeping)
2026-07-31T06:22:07.276572+00:00,7172.434939098,169.250309,5507,59.913,2.996,467.645,1394.121,42.938,15,0,0,R (running)
2026-07-31T06:22:07.777301+00:00,7172.935659016,169.751029,5507,71.896,3.595,468.270,1394.445,42.938,15,0,4096,S (sleeping)
2026-07-31T06:22:08.278201+00:00,7173.436448435,170.251818,5507,63.899,3.195,468.270,1394.445,42.938,15,0,0,S (sleeping)
2026-07-31T06:22:08.778935+00:00,7173.937305874,170.752676,5507,61.894,3.095,468.738,1394.727,42.938,15,0,0,S (sleeping)
2026-07-31T06:22:09.279703+00:00,7174.438071863,171.253442,5507,59.908,2.995,468.738,1394.727,42.938,15,0,4096,S (sleeping)
2026-07-31T06:22:09.780428+00:00,7174.938797447,171.754167,5507,61.910,3.096,469.363,1395.008,42.938,15,0,0,S (sleeping)
2026-07-31T06:22:10.281161+00:00,7175.439526864,172.254897,5507,59.913,2.996,469.363,1395.008,42.938,15,0,0,S (sleeping)
2026-07-31T06:22:10.781917+00:00,7175.940265540,172.755635,5507,63.906,3.195,469.988,1395.355,42.938,15,0,0,S (sleeping)
2026-07-31T06:22:11.282679+00:00,7176.441039240,173.256409,5507,99.845,4.992,508.227,1507.359,42.938,15,0,4096,S (sleeping)
2026-07-31T06:22:11.783409+00:00,7176.941774398,173.757144,5507,59.912,2.996,508.852,1507.668,42.938,15,0,0,S (sleeping)
2026-07-31T06:22:12.284158+00:00,7177.442524142,174.257894,5507,57.913,2.896,508.852,1507.668,42.938,15,0,0,S (sleeping)
2026-07-31T06:22:12.784905+00:00,7177.943262177,174.758632,5507,61.909,3.095,485.359,1460.012,42.938,15,0,4096,S (sleeping)
2026-07-31T06:22:13.285650+00:00,7178.444016308,175.259386,5507,59.910,2.995,485.359,1460.012,42.938,15,0,0,S (sleeping)
2026-07-31T06:22:13.786382+00:00,7178.944741663,175.760112,5507,61.910,3.096,485.984,1460.367,42.938,15,0,0,S (sleeping)
2026-07-31T06:22:14.287126+00:00,7179.445489340,176.260859,5507,63.904,3.195,485.984,1460.367,42.938,15,0,4096,S (sleeping)
2026-07-31T06:22:14.787881+00:00,7179.946243520,176.761613,5507,63.904,3.195,486.828,1460.719,42.938,15,0,0,S (sleeping)
2026-07-31T06:22:15.288619+00:00,7180.446986294,177.262356,5507,61.908,3.095,486.828,1460.719,42.938,15,0,0,S (sleeping)
2026-07-31T06:22:15.789354+00:00,7180.947720739,177.763091,5507,69.897,3.495,491.195,1461.027,42.938,15,0,4096,S (sleeping)
2026-07-31T06:22:16.290102+00:00,7181.448463844,178.263834,5507,61.908,3.095,491.195,1461.027,42.938,15,0,0,S (sleeping)
2026-07-31T06:22:16.790852+00:00,7181.949218656,178.764589,5507,67.898,3.395,496.316,1461.332,42.938,15,0,0,S (sleeping)
2026-07-31T06:22:17.291587+00:00,7182.449956509,179.265326,5507,59.912,2.996,496.316,1461.332,42.938,15,0,0,S (sleeping)
2026-07-31T06:22:17.792319+00:00,7182.950687691,179.766058,5507,65.904,3.295,496.879,1461.613,42.938,15,0,4096,S (sleeping)
2026-07-31T06:22:18.293047+00:00,7183.451410857,180.266781,5507,61.910,3.096,496.879,1461.613,42.938,15,0,0,S (sleeping)
2026-07-31T06:22:18.793780+00:00,7183.952149815,180.767520,5507,67.900,3.395,497.582,1461.965,42.938,15,0,0,S (sleeping)
2026-07-31T06:22:19.294516+00:00,7184.452878082,181.268248,5507,59.913,2.996,497.582,1461.965,42.938,15,0,4096,S (sleeping)
2026-07-31T06:22:19.795251+00:00,7184.953621247,181.768991,5507,69.896,3.495,498.191,1462.270,42.938,15,0,4096,S (sleeping)
2026-07-31T06:22:20.295492+00:00,7185.453856381,182.269226,5507,53.975,2.699,498.191,1462.270,42.938,15,0,0,R (running)
2026-07-31T06:22:20.796242+00:00,7185.954605160,182.769975,5507,71.892,3.595,498.652,1462.500,42.938,15,0,4096,S (sleeping)
2026-07-31T06:22:21.296986+00:00,7186.455341402,183.270711,5507,59.912,2.996,498.652,1462.500,42.938,15,0,0,S (sleeping)
2026-07-31T06:22:21.797711+00:00,7186.956079399,183.771449,5507,85.873,4.294,526.395,1462.777,42.938,15,0,0,S (sleeping)
2026-07-31T06:22:22.298486+00:00,7187.456842556,184.272212,5507,55.915,2.796,526.395,1462.777,42.938,15,0,0,S (sleeping)
2026-07-31T06:22:22.799228+00:00,7187.957593413,184.772963,5507,63.904,3.195,526.996,1463.078,42.938,15,0,4096,S (sleeping)
2026-07-31T06:22:23.299959+00:00,7188.458331876,185.273702,5507,57.914,2.896,526.996,1463.078,42.938,15,0,0,S (sleeping)
2026-07-31T06:22:23.800331+00:00,7188.958695670,185.774066,5507,65.952,3.298,527.559,1463.359,42.938,15,0,0,S (sleeping)
2026-07-31T06:22:24.301050+00:00,7189.459419544,186.274789,5507,53.922,2.696,527.559,1463.359,42.938,15,0,4096,R (running)
2026-07-31T06:22:24.801791+00:00,7189.960143721,186.775514,5507,73.893,3.695,528.223,1463.691,42.938,15,0,0,S (sleeping)
2026-07-31T06:22:25.302511+00:00,7190.460880007,187.276250,5507,57.915,2.896,528.223,1463.691,42.938,15,0,0,S (sleeping)
2026-07-31T06:22:25.803259+00:00,7190.961616166,187.776986,5507,67.900,3.395,528.926,1464.043,42.938,15,0,4096,S (sleeping)
2026-07-31T06:22:26.303989+00:00,7191.462360189,188.277730,5507,57.914,2.896,528.926,1464.043,42.938,15,0,0,S (sleeping)
2026-07-31T06:22:26.804723+00:00,7191.963089919,188.778460,5507,71.895,3.595,529.539,1464.352,42.938,15,0,0,S (sleeping)
2026-07-31T06:22:27.305449+00:00,7192.463815044,189.279185,5507,63.907,3.195,529.539,1464.352,42.938,15,0,0,S (sleeping)
2026-07-31T06:22:27.806183+00:00,7192.964546798,189.779917,5507,63.906,3.195,530.133,1464.648,42.938,15,0,4096,S (sleeping)
2026-07-31T06:22:28.306919+00:00,7193.465285824,190.280656,5507,59.911,2.996,530.133,1464.648,42.938,15,0,0,S (sleeping)
2026-07-31T06:22:28.807644+00:00,7193.966013884,190.781384,5507,63.907,3.195,530.801,1464.980,42.938,15,0,0,S (sleeping)
2026-07-31T06:22:29.308388+00:00,7194.466748283,191.282118,5507,65.903,3.295,530.801,1464.980,42.938,15,0,4096,S (sleeping)
2026-07-31T06:22:29.809130+00:00,7194.967496309,191.782866,5507,67.898,3.395,531.543,1465.352,42.938,15,0,0,S (sleeping)
2026-07-31T06:22:30.309871+00:00,7195.468238326,192.283608,5507,69.896,3.495,531.543,1465.352,42.938,15,0,0,S (sleeping)
2026-07-31T06:22:30.810588+00:00,7195.968959460,192.784329,5507,65.905,3.295,532.090,1465.625,42.938,15,0,4096,S (sleeping)
2026-07-31T06:22:31.311298+00:00,7196.469672483,193.285042,5507,61.912,3.096,532.090,1465.625,42.938,15,0,0,S (sleeping)
2026-07-31T06:22:31.812044+00:00,7196.970414671,193.785785,5507,69.896,3.495,532.762,1465.961,42.938,15,0,0,S (sleeping)
2026-07-31T06:22:32.312791+00:00,7197.471155024,194.286525,5507,63.905,3.195,532.762,1465.961,42.938,15,0,0,S (sleeping)
2026-07-31T06:22:32.813308+00:00,7197.971667488,194.787037,5507,67.930,3.397,533.371,1514.957,42.938,15,0,4096,R (running)
2026-07-31T06:22:33.314123+00:00,7198.472493411,195.287863,5507,55.908,2.795,533.371,1514.957,42.938,15,0,0,S (sleeping)
2026-07-31T06:22:33.814882+00:00,7198.973249073,195.788619,5507,73.888,3.694,564.051,1563.301,42.938,15,0,0,S (sleeping)
2026-07-31T06:22:34.315604+00:00,7199.473977971,196.289348,5507,93.863,4.693,572.957,1563.301,42.938,15,0,4096,S (sleeping)
2026-07-31T06:22:34.816327+00:00,7199.974697460,196.790067,5507,61.911,3.096,544.000,1515.602,42.938,15,0,4096,S (sleeping)
2026-07-31T06:22:35.317055+00:00,7200.475428280,197.290798,5507,55.918,2.796,544.000,1515.602,42.938,15,0,0,S (sleeping)
2026-07-31T06:22:35.817774+00:00,7200.976147074,197.791517,5507,67.902,3.395,544.633,1515.918,42.938,15,0,4096,S (sleeping)
2026-07-31T06:22:36.318613+00:00,7201.476964766,198.292335,5507,53.912,2.696,544.633,1515.918,42.938,15,0,0,S (sleeping)
2026-07-31T06:22:36.819376+00:00,7201.977733405,198.793103,5507,65.899,3.295,545.227,1516.215,42.938,15,0,0,S (sleeping)
2026-07-31T06:22:37.318356+00:00,7202.478490005,199.293860,5507,63.903,3.195,545.227,1516.215,42.938,15,0,4096,S (sleeping)
2026-07-31T06:22:37.819133+00:00,7202.979273787,199.794644,5507,65.897,3.295,545.828,1516.516,42.938,15,0,0,S (sleeping)
2026-07-31T06:22:38.319385+00:00,7203.479540144,200.294910,5507,59.968,2.998,545.828,1516.516,42.938,15,0,0,S (sleeping)
2026-07-31T06:22:38.819960+00:00,7203.980102339,200.795472,5507,65.926,3.296,546.555,1516.879,42.938,15,0,0,S (sleeping)
2026-07-31T06:22:39.320717+00:00,7204.480862712,201.296233,5507,67.897,3.395,546.711,1516.879,42.938,15,0,4096,S (sleeping)
2026-07-31T06:22:39.821468+00:00,7204.981615291,201.796985,5507,65.901,3.295,547.320,1517.184,42.938,15,0,0,S (sleeping)
2026-07-31T06:22:40.322318+00:00,7205.482403981,202.297774,5507,59.906,2.995,549.508,1517.184,42.938,15,0,0,S (sleeping)
2026-07-31T06:22:40.823086+00:00,7205.983244732,202.798615,5507,69.882,3.494,550.484,1517.516,42.938,15,0,4096,S (sleeping)
2026-07-31T06:22:41.323837+00:00,7206.483967369,203.299337,5507,59.913,2.996,550.484,1517.516,42.938,15,0,0,S (sleeping)
2026-07-31T06:22:41.824571+00:00,7206.984723232,203.800093,5507,67.897,3.395,551.117,1517.832,42.938,15,0,0,S (sleeping)
2026-07-31T06:22:42.325301+00:00,7207.485454073,204.300824,5507,57.915,2.896,551.117,1517.832,42.938,15,0,4096,S (sleeping)
2026-07-31T06:22:42.826018+00:00,7207.986174613,204.801544,5507,67.902,3.395,551.812,1518.180,42.938,15,0,0,S (sleeping)
2026-07-31T06:22:43.326755+00:00,7208.486906405,205.302276,5507,75.889,3.794,558.266,1518.180,42.938,15,0,0,S (sleeping)
2026-07-31T06:22:43.827516+00:00,7208.987655439,205.803025,5507,63.904,3.195,558.918,1518.508,42.938,15,0,0,S (sleeping)
2026-07-31T06:22:44.328232+00:00,7209.488390847,206.303761,5507,61.909,3.095,558.918,1518.508,42.938,15,0,4096,S (sleeping)
2026-07-31T06:22:44.828965+00:00,7209.989119802,206.804490,5507,67.901,3.395,559.641,1518.867,42.938,15,0,0,S (sleeping)
2026-07-31T06:22:45.329690+00:00,7210.489842360,207.305212,5507,57.916,2.896,559.641,1518.867,42.938,15,0,0,S (sleeping)
2026-07-31T06:22:45.830452+00:00,7210.990596491,207.805966,5507,67.898,3.395,560.188,1519.145,42.938,15,0,4096,S (sleeping)
2026-07-31T06:22:46.331191+00:00,7211.491343475,208.306713,5507,59.910,2.996,560.188,1519.145,42.938,15,0,0,S (sleeping)
2026-07-31T06:22:46.831932+00:00,7211.992080152,208.807450,5507,65.903,3.295,560.816,1519.453,42.938,15,0,0,S (sleeping)
2026-07-31T06:22:47.332690+00:00,7212.492830724,209.308201,5507,59.910,2.996,560.816,1519.453,42.938,15,0,4096,S (sleeping)
2026-07-31T06:22:47.833420+00:00,7212.993573675,209.808944,5507,67.899,3.395,561.410,1519.750,42.938,15,0,0,S (sleeping)
2026-07-31T06:22:48.334162+00:00,7213.494314116,210.309684,5507,59.911,2.996,561.410,1519.750,42.938,15,0,0,S (sleeping)
2026-07-31T06:22:48.834897+00:00,7213.995054547,210.810424,5507,73.891,3.695,562.098,1520.094,42.938,15,0,0,S (sleeping)
2026-07-31T06:22:49.335200+00:00,7214.495356133,211.310726,5507,67.959,3.398,562.098,1520.094,42.938,15,0,4096,S (sleeping)
2026-07-31T06:22:49.835939+00:00,7214.996085498,211.811455,5507,67.901,3.395,562.824,1520.457,42.938,15,0,4096,S (sleeping)
2026-07-31T06:22:50.336677+00:00,7215.496827482,212.312197,5507,63.905,3.195,562.824,1520.457,42.938,15,0,0,S (sleeping)
2026-07-31T06:22:50.837359+00:00,7215.997502447,212.812872,5507,69.906,3.495,563.473,1520.781,42.938,15,0,4096,R (running)
2026-07-31T06:22:51.338099+00:00,7216.498252360,213.313622,5507,59.910,2.996,563.473,1520.781,42.938,15,0,0,S (sleeping)
2026-07-31T06:22:51.838840+00:00,7216.998991109,213.814361,5507,75.888,3.794,564.293,1521.191,42.938,15,0,0,S (sleeping)
2026-07-31T06:22:52.339575+00:00,7217.499728980,214.315099,5507,63.906,3.195,564.293,1521.191,42.938,15,0,4096,S (sleeping)
2026-07-31T06:22:52.840308+00:00,7218.000456042,214.815826,5507,69.898,3.495,564.910,1521.500,42.938,15,0,0,S (sleeping)
2026-07-31T06:22:53.341037+00:00,7218.501193624,215.316563,5507,67.900,3.395,564.910,1521.500,42.938,15,0,0,S (sleeping)
2026-07-31T06:22:53.841765+00:00,7219.001918741,215.817289,5507,85.875,4.294,565.535,1521.812,42.938,15,0,0,S (sleeping)
2026-07-31T06:22:54.342512+00:00,7219.502661860,216.318032,5507,57.914,2.896,565.535,1521.812,42.938,15,0,4096,S (sleeping)
2026-07-31T06:22:54.843243+00:00,7220.003397579,216.818767,5507,69.897,3.495,566.230,1522.160,42.938,15,0,0,S (sleeping)
2026-07-31T06:22:55.343979+00:00,7220.504131478,217.319501,5507,61.909,3.095,566.230,1522.160,42.938,15,0,0,S (sleeping)
2026-07-31T06:22:55.844713+00:00,7221.004868958,217.820239,5507,63.906,3.195,566.746,1522.418,42.938,15,0,4096,S (sleeping)
2026-07-31T06:22:56.345442+00:00,7221.505597638,218.320968,5507,63.907,3.195,566.746,1522.418,42.938,15,0,0,S (sleeping)
2026-07-31T06:22:56.846163+00:00,7222.006320476,218.821690,5507,73.893,3.695,567.301,1522.695,42.938,15,0,0,S (sleeping)
2026-07-31T06:22:57.346912+00:00,7222.507060364,219.322430,5507,63.905,3.195,567.301,1522.695,42.938,15,0,4096,S (sleeping)
2026-07-31T06:22:57.847362+00:00,7223.007484186,219.822854,5507,65.944,3.297,567.879,1522.984,42.938,15,0,0,S (sleeping)
2026-07-31T06:22:58.347649+00:00,7223.507793447,220.323163,5507,67.958,3.398,567.879,1522.984,42.938,15,0,0,S (sleeping)
2026-07-31T06:22:58.848143+00:00,7224.008196241,220.823566,5507,73.940,3.697,568.441,1523.266,42.938,15,0,0,S (sleeping)
2026-07-31T06:22:59.348928+00:00,7224.509075671,221.324446,5507,71.874,3.594,568.441,1523.266,42.938,15,0,4096,S (sleeping)
2026-07-31T06:22:59.849671+00:00,7225.009821107,221.825191,5507,73.890,3.694,569.098,1523.547,42.938,15,0,0,S (sleeping)
2026-07-31T06:23:00.350443+00:00,7225.510583679,222.325954,5507,71.890,3.595,569.098,1523.547,42.938,15,0,0,R (running)
2026-07-31T06:23:00.851208+00:00,7226.011345545,222.826715,5507,71.890,3.595,569.758,1523.875,42.938,15,0,4096,R (running)
2026-07-31T06:23:01.351924+00:00,7226.512079920,223.327450,5507,69.897,3.495,569.758,1523.875,42.938,15,0,0,S (sleeping)
2026-07-31T06:23:01.852668+00:00,7227.012807388,223.828177,5507,71.895,3.595,570.609,1524.238,42.938,15,0,0,S (sleeping)
2026-07-31T06:23:02.353419+00:00,7227.513573374,224.328943,5507,65.899,3.295,570.609,1524.238,42.938,15,0,4096,S (sleeping)
2026-07-31T06:23:02.854155+00:00,7228.014311040,224.829681,5507,69.897,3.495,571.305,1524.562,42.938,15,0,0,S (sleeping)
2026-07-31T06:23:03.354894+00:00,7228.515044773,225.330415,5507,63.906,3.195,571.305,1524.562,42.938,15,0,0,S (sleeping)
2026-07-31T06:23:03.855651+00:00,7229.015790696,225.831161,5507,67.899,3.395,571.883,1524.852,42.938,15,0,4096,S (sleeping)
2026-07-31T06:23:04.356391+00:00,7229.516533702,226.331904,5507,59.911,2.996,571.883,1524.852,42.938,15,0,0,S (sleeping)
2026-07-31T06:23:04.857134+00:00,7230.017283486,226.832653,5507,71.892,3.595,572.414,1525.117,42.938,15,0,4096,S (sleeping)
2026-07-31T06:23:05.357997+00:00,7230.518128250,227.333498,5507,63.892,3.195,572.414,1525.117,42.938,15,0,0,S (sleeping)
2026-07-31T06:23:05.858749+00:00,7231.018902343,227.834272,5507,73.886,3.694,573.102,1525.461,42.938,15,0,4096,S (sleeping)
2026-07-31T06:23:06.359473+00:00,7231.519625638,228.334996,5507,59.913,2.996,573.102,1525.461,42.938,15,0,0,S (sleeping)
2026-07-31T06:23:06.860199+00:00,7232.020353049,228.835723,5507,93.863,4.693,595.141,1589.777,42.938,15,0,0,S (sleeping)
2026-07-31T06:23:07.359808+00:00,7232.521078101,229.336448,5507,63.907,3.195,576.879,1525.777,42.938,15,0,4096,S (sleeping)
2026-07-31T06:23:07.860556+00:00,7233.021824025,229.837194,5507,71.893,3.595,577.645,1526.117,42.938,15,0,0,S (sleeping)
2026-07-31T06:23:08.361289+00:00,7233.522563636,230.337934,5507,57.914,2.896,577.645,1526.117,42.938,15,0,0,S (sleeping)
2026-07-31T06:23:08.862053+00:00,7234.023323058,230.838693,5507,67.897,3.395,578.289,1526.387,42.938,15,0,4096,S (sleeping)
2026-07-31T06:23:09.362792+00:00,7234.524074580,231.339444,5507,65.901,3.295,578.289,1526.387,42.938,15,0,0,R (running)
2026-07-31T06:23:09.863524+00:00,7235.024801970,231.840172,5507,69.898,3.495,578.930,1526.707,42.938,15,0,0,R (running)
2026-07-31T06:23:10.364270+00:00,7235.525548255,232.340918,5507,61.908,3.095,578.930,1526.707,42.938,15,0,4096,R (running)
2026-07-31T06:23:10.864995+00:00,7236.026278990,232.841649,5507,65.904,3.295,579.422,1526.953,42.938,15,0,0,R (running)
2026-07-31T06:23:11.365717+00:00,7236.526995460,233.342365,5507,65.906,3.295,579.422,1526.953,42.938,15,0,0,R (running)
2026-07-31T06:23:11.866462+00:00,7237.027726464,233.843096,5507,71.895,3.595,580.047,1527.266,42.938,15,0,0,R (running)
2026-07-31T06:23:12.367222+00:00,7237.528498115,234.343868,5507,67.895,3.395,580.047,1527.266,42.938,15,0,4096,R (running)
2026-07-31T06:23:12.867958+00:00,7238.029238040,234.844608,5507,85.873,4.294,580.633,1527.559,42.938,15,0,0,R (running)
2026-07-31T06:23:13.368705+00:00,7238.529978440,235.345348,5507,59.911,2.996,580.633,1527.559,42.938,15,0,0,R (running)
2026-07-31T06:23:13.869452+00:00,7239.030724674,235.846095,5507,65.902,3.295,581.180,1527.832,42.938,15,0,4096,R (running)
2026-07-31T06:23:14.370190+00:00,7239.531469188,236.346839,5507,61.908,3.095,581.180,1527.832,42.938,15,0,0,R (running)
2026-07-31T06:23:14.870940+00:00,7240.032202611,236.847572,5507,67.900,3.395,581.797,1528.141,42.938,15,0,0,R (running)
2026-07-31T06:23:15.371726+00:00,7240.533007836,237.348378,5507,57.907,2.895,581.797,1528.141,42.938,15,0,4096,R (running)
2026-07-31T06:23:15.872682+00:00,7241.033831893,237.849202,5507,69.885,3.494,582.316,1528.402,42.938,15,0,0,R (running)
2026-07-31T06:23:16.373255+00:00,7241.534531019,238.349901,5507,59.916,2.996,582.316,1528.402,42.938,15,0,0,R (running)
2026-07-31T06:23:16.873996+00:00,7242.035277860,238.850648,5507,67.899,3.395,582.938,1528.711,42.938,15,0,0,R (running)
2026-07-31T06:23:17.374756+00:00,7242.536034339,239.351404,5507,69.894,3.495,582.938,1528.711,42.938,15,0,4096,R (running)
2026-07-31T06:23:17.875017+00:00,7243.036289968,239.851660,5507,65.966,3.298,583.484,1528.984,42.938,15,0,0,R (running)
2026-07-31T06:23:18.375749+00:00,7243.537022075,240.352392,5507,65.904,3.295,583.484,1528.984,42.938,15,0,0,S (sleeping)
2026-07-31T06:23:18.876100+00:00,7244.037379773,240.852750,5507,63.954,3.198,584.133,1529.309,42.938,15,0,4096,R (running)
2026-07-31T06:23:19.376825+00:00,7244.538096728,241.353467,5507,63.908,3.195,584.133,1529.309,42.938,15,0,0,R (running)
2026-07-31T06:23:19.877061+00:00,7245.038345074,241.853715,5507,77.961,3.898,584.688,1529.586,42.938,15,0,4096,S (sleeping)
2026-07-31T06:23:20.378053+00:00,7245.539183481,242.354553,5507,69.883,3.494,584.688,1529.586,42.938,15,0,4096,R (running)
2026-07-31T06:23:20.878829+00:00,7246.040094784,242.855465,5507,67.876,3.394,585.344,1529.914,42.938,15,0,0,S (sleeping)
2026-07-31T06:23:21.379211+00:00,7246.540491679,243.355862,5507,57.954,2.898,585.344,1529.914,42.938,15,0,0,S (sleeping)
2026-07-31T06:23:21.880073+00:00,7247.041270368,243.856640,5507,73.885,3.694,586.148,1530.316,42.938,15,0,0,S (sleeping)
2026-07-31T06:23:22.380837+00:00,7247.542106137,244.357476,5507,63.893,3.195,586.148,1530.316,42.938,15,0,4096,S (sleeping)
2026-07-31T06:23:22.881568+00:00,7248.042851171,244.858221,5507,69.896,3.495,586.781,1530.633,42.938,15,0,0,S (sleeping)
2026-07-31T06:23:23.382291+00:00,7248.543572284,245.358942,5507,61.911,3.096,586.781,1530.633,42.938,15,0,0,S (sleeping)
2026-07-31T06:23:23.883037+00:00,7249.044319145,245.859689,5507,73.890,3.694,587.375,1530.930,42.938,15,0,4096,S (sleeping)
2026-07-31T06:23:24.383770+00:00,7249.545049653,246.360420,5507,59.912,2.996,587.375,1530.930,42.938,15,0,0,S (sleeping)
2026-07-31T06:23:24.884497+00:00,7250.045779316,246.861149,5507,75.889,3.794,588.055,1531.270,42.938,15,0,0,S (sleeping)
2026-07-31T06:23:25.385275+00:00,7250.546536781,247.361907,5507,63.903,3.195,588.055,1531.270,42.938,15,0,4096,S (sleeping)
2026-07-31T06:23:25.886003+00:00,7251.047286643,247.862657,5507,75.886,3.794,588.824,1531.656,42.938,15,0,0,S (sleeping)
2026-07-31T06:23:26.386751+00:00,7251.548028652,248.363399,5507,59.911,2.996,588.824,1531.656,42.938,15,0,0,S (sleeping)
2026-07-31T06:23:26.887658+00:00,7252.048914313,248.864284,5507,73.869,3.693,589.398,1531.941,42.938,15,0,0,S (sleeping)
2026-07-31T06:23:27.388442+00:00,7252.549719826,249.365090,5507,63.897,3.195,589.398,1531.941,42.938,15,0,4096,S (sleeping)
2026-07-31T06:23:27.889163+00:00,7253.050448351,249.865818,5507,61.910,3.095,589.938,1532.211,42.938,15,0,0,S (sleeping)
2026-07-31T06:23:28.389896+00:00,7253.551168186,250.366538,5507,55.919,2.796,589.938,1532.211,42.938,15,0,0,S (sleeping)
2026-07-31T06:23:28.890678+00:00,7254.051911193,250.867281,5507,69.896,3.495,590.562,1532.523,42.938,15,0,4096,S (sleeping)
2026-07-31T06:23:29.391420+00:00,7254.552692750,251.368063,5507,55.913,2.796,590.562,1532.523,42.938,15,0,0,S (sleeping)
2026-07-31T06:23:29.892159+00:00,7255.053434963,251.868805,5507,65.902,3.295,591.242,1532.863,42.938,15,0,0,S (sleeping)
2026-07-31T06:23:30.392925+00:00,7255.554189412,252.369559,5507,87.867,4.393,613.742,1596.863,42.938,15,0,4096,S (sleeping)
2026-07-31T06:23:30.893738+00:00,7256.055011315,252.870381,5507,63.895,3.195,614.406,1597.195,42.938,15,0,0,S (sleeping)
2026-07-31T06:23:31.394520+00:00,7256.555803138,253.371173,5507,53.915,2.696,614.406,1597.195,42.938,15,0,0,S (sleeping)
2026-07-31T06:23:31.894989+00:00,7257.056255068,253.871625,5507,65.940,3.297,614.984,1597.484,42.938,15,0,4096,S (sleeping)
2026-07-31T06:23:32.395280+00:00,7257.556551779,254.371922,5507,61.963,3.098,614.984,1597.484,42.938,15,0,0,S (sleeping)
2026-07-31T06:23:32.895710+00:00,7258.056972477,254.872342,5507,69.941,3.497,615.906,1597.789,42.938,15,0,0,S (sleeping)
2026-07-31T06:23:33.396101+00:00,7258.557380251,255.372750,5507,59.951,2.998,615.906,1597.789,42.938,15,0,0,S (sleeping)
2026-07-31T06:23:33.896835+00:00,7259.058111003,255.873481,5507,69.898,3.495,616.484,1598.078,42.938,15,0,4096,S (sleeping)
2026-07-31T06:23:34.397604+00:00,7259.558874314,256.374244,5507,67.896,3.395,616.484,1598.078,42.938,15,0,0,S (sleeping)
2026-07-31T06:23:34.898460+00:00,7260.059736029,256.875106,5507,63.890,3.194,617.156,1598.414,42.938,15,0,4096,S (sleeping)
2026-07-31T06:23:35.399184+00:00,7260.560467291,257.375837,5507,71.895,3.595,617.156,1598.414,42.938,15,0,4096,S (sleeping)
2026-07-31T06:23:35.899909+00:00,7261.061191557,257.876561,5507,65.905,3.295,617.812,1598.742,42.938,15,0,0,S (sleeping)
2026-07-31T06:23:36.400643+00:00,7261.561906099,258.377276,5507,59.914,2.996,617.812,1598.742,42.938,15,0,0,S (sleeping)
2026-07-31T06:23:36.901374+00:00,7262.062658977,258.878029,5507,65.901,3.295,618.422,1599.047,42.938,15,0,4096,S (sleeping)
2026-07-31T06:23:37.400701+00:00,7262.563391927,259.378762,5507,59.912,2.996,618.422,1599.047,42.938,15,0,0,S (sleeping)
2026-07-31T06:23:37.901507+00:00,7263.064074365,259.879444,5507,67.907,3.395,619.035,1599.352,42.938,15,0,0,S (sleeping)
2026-07-31T06:23:38.402238+00:00,7263.564936647,260.380307,5507,63.890,3.194,619.035,1599.352,42.938,15,0,0,S (sleeping)
2026-07-31T06:23:38.902967+00:00,7264.065660123,260.881030,5507,69.899,3.495,619.746,1599.707,42.938,15,0,4096,S (sleeping)
2026-07-31T06:23:39.403704+00:00,7264.566391702,261.381762,5507,65.904,3.295,619.746,1599.707,42.938,15,0,0,S (sleeping)
2026-07-31T06:23:39.904433+00:00,7265.067131529,261.882501,5507,73.891,3.695,620.277,1599.973,42.938,15,0,0,S (sleeping)
2026-07-31T06:23:40.405160+00:00,7265.567857036,262.383227,5507,63.907,3.195,620.277,1599.973,42.938,15,0,4096,S (sleeping)
2026-07-31T06:23:40.905925+00:00,7266.068620003,262.883990,5507,71.890,3.595,620.855,1600.262,42.938,15,0,0,S (sleeping)
2026-07-31T06:23:41.406681+00:00,7266.569373965,263.384744,5507,77.883,3.894,633.824,1600.262,42.938,15,0,0,S (sleeping)
2026-07-31T06:23:41.907435+00:00,7267.070127821,263.885498,5507,71.892,3.595,634.582,1600.641,42.938,15,0,4096,S (sleeping)
2026-07-31T06:23:42.408168+00:00,7267.570865182,264.386235,5507,59.912,2.996,634.582,1600.641,42.938,15,0,0,S (sleeping)
2026-07-31T06:23:42.908930+00:00,7268.071614995,264.886985,5507,65.901,3.295,635.172,1600.938,42.938,15,0,0,S (sleeping)
2026-07-31T06:23:43.409700+00:00,7268.572372271,265.387742,5507,59.909,2.995,635.172,1600.938,42.938,15,0,0,S (sleeping)
2026-07-31T06:23:43.910530+00:00,7269.073194718,265.888565,5507,75.875,3.794,635.777,1601.242,42.938,15,0,4096,S (sleeping)
2026-07-31T06:23:44.411309+00:00,7269.573994534,266.389364,5507,57.907,2.895,635.777,1601.242,42.938,15,0,0,S (sleeping)
2026-07-31T06:23:44.912347+00:00,7270.074789808,266.890160,5507,69.889,3.494,636.500,1601.602,42.938,15,0,0,S (sleeping)
2026-07-31T06:23:45.413069+00:00,7270.575770078,267.391140,5507,63.875,3.194,636.500,1601.602,42.938,15,0,4096,S (sleeping)
2026-07-31T06:23:45.913375+00:00,7271.076074781,267.891445,5507,69.957,3.498,637.039,1601.871,42.938,15,0,0,S (sleeping)
2026-07-31T06:23:46.414093+00:00,7271.576794238,268.392164,5507,67.902,3.395,637.039,1601.871,42.938,15,0,0,S (sleeping)
2026-07-31T06:23:46.914842+00:00,7272.077519189,268.892889,5507,65.904,3.295,637.641,1602.172,42.938,15,0,4096,S (sleeping)
2026-07-31T06:23:47.415628+00:00,7272.578322730,269.393693,5507,67.891,3.395,637.641,1602.172,42.938,15,0,0,S (sleeping)
2026-07-31T06:23:47.916356+00:00,7273.079050270,269.894420,5507,67.901,3.395,638.211,1602.457,42.938,15,0,0,S (sleeping)
2026-07-31T06:23:48.417123+00:00,7273.579792196,270.395162,5507,57.914,2.896,638.211,1602.457,42.938,15,0,0,S (sleeping)
2026-07-31T06:23:48.917883+00:00,7274.080566305,270.895936,5507,65.898,3.295,638.797,1602.750,42.938,15,0,4096,S (sleeping)
2026-07-31T06:23:49.418624+00:00,7274.581325249,271.396695,5507,63.903,3.195,638.797,1602.750,42.938,15,0,0,S (sleeping)
2026-07-31T06:23:49.919369+00:00,7275.082061739,271.897432,5507,65.903,3.295,639.461,1603.082,42.938,15,0,0,S (sleeping)
2026-07-31T06:23:50.420088+00:00,7275.582788449,272.398158,5507,63.907,3.195,639.461,1603.082,42.938,15,0,8192,S (sleeping)
2026-07-31T06:23:50.920823+00:00,7276.083518561,272.898888,5507,69.898,3.495,640.164,1603.434,42.938,15,0,0,S (sleeping)
2026-07-31T06:23:51.421547+00:00,7276.584243263,273.399613,5507,59.913,2.996,640.164,1603.434,42.938,15,0,0,S (sleeping)
2026-07-31T06:23:51.922336+00:00,7277.085031093,273.900401,5507,75.880,3.794,640.812,1603.758,42.938,15,0,4096,S (sleeping)
2026-07-31T06:23:52.423101+00:00,7277.585778198,274.401148,5507,61.907,3.095,640.812,1603.758,42.938,15,0,0,S (sleeping)
2026-07-31T06:23:52.923826+00:00,7278.086524294,274.901894,5507,75.887,3.794,641.539,1604.121,42.938,15,0,0,S (sleeping)
2026-07-31T06:23:53.424588+00:00,7278.587267864,275.402638,5507,59.911,2.996,641.539,1604.121,42.938,15,0,0,S (sleeping)
2026-07-31T06:23:53.925382+00:00,7279.088068577,275.903438,5507,79.872,3.994,679.742,1652.477,42.938,15,0,4096,S (sleeping)
2026-07-31T06:23:54.426113+00:00,7279.588802615,276.404172,5507,85.874,4.294,681.930,1652.477,42.938,15,0,0,S (sleeping)
2026-07-31T06:23:54.926522+00:00,7280.089222390,276.904592,5507,65.945,3.297,682.527,1652.777,42.938,15,0,0,S (sleeping)
2026-07-31T06:23:55.427302+00:00,7280.589968332,277.405338,5507,59.911,2.996,656.086,1604.773,42.938,15,0,4096,S (sleeping)
2026-07-31T06:23:55.928074+00:00,7281.090759944,277.906130,5507,67.893,3.395,656.801,1605.129,42.938,15,0,0,S (sleeping)
2026-07-31T06:23:56.428818+00:00,7281.591499998,278.406870,5507,59.911,2.996,656.801,1605.129,42.938,15,0,0,S (sleeping)
2026-07-31T06:23:56.929540+00:00,7282.092240092,278.907610,5507,71.894,3.595,657.527,1605.492,42.938,15,0,4096,S (sleeping)
2026-07-31T06:23:57.430263+00:00,7282.592964691,279.408335,5507,59.913,2.996,657.527,1605.492,42.938,15,0,0,S (sleeping)
2026-07-31T06:23:57.930515+00:00,7283.093207834,279.908578,5507,71.965,3.598,658.207,1605.762,42.938,15,0,0,S (sleeping)
2026-07-31T06:23:58.431251+00:00,7283.593942908,280.409313,5507,61.909,3.095,658.207,1605.762,42.938,15,0,0,S (sleeping)
2026-07-31T06:23:58.931493+00:00,7284.094191547,280.909561,5507,67.966,3.398,658.668,1606.062,42.938,15,0,4096,S (sleeping)
2026-07-31T06:23:59.431737+00:00,7284.594438363,281.409808,5507,63.968,3.198,658.668,1606.062,42.938,15,0,0,S (sleeping)
2026-07-31T06:23:59.931999+00:00,7285.094703133,281.910073,5507,69.963,3.498,659.285,1606.371,42.938,15,0,0,S (sleeping)
2026-07-31T06:24:00.432859+00:00,7285.595476836,282.410847,5507,63.901,3.195,659.285,1606.371,42.938,15,0,4096,S (sleeping)
2026-07-31T06:24:00.933412+00:00,7286.096099392,282.911469,5507,79.901,3.995,667.582,1606.691,42.938,15,0,0,S (sleeping)
2026-07-31T06:24:01.434155+00:00,7286.596851771,283.412222,5507,55.916,2.796,667.582,1606.691,42.938,15,0,0,S (sleeping)
2026-07-31T06:24:01.934890+00:00,7287.097590176,283.912960,5507,65.903,3.295,668.184,1606.992,42.938,15,0,4096,S (sleeping)
2026-07-31T06:24:02.435634+00:00,7287.598334653,284.413705,5507,59.911,2.996,668.184,1606.992,42.938,15,0,0,S (sleeping)
2026-07-31T06:24:02.936353+00:00,7288.099056036,284.914426,5507,71.896,3.595,668.832,1607.316,42.938,15,0,0,S (sleeping)
2026-07-31T06:24:03.437085+00:00,7288.599781207,285.415151,5507,131.809,6.590,792.270,1783.320,42.938,15,0,0,S (sleeping)
2026-07-31T06:24:03.937882+00:00,7289.100566025,285.915936,5507,63.900,3.195,792.801,1783.586,42.938,15,0,4096,S (sleeping)
2026-07-31T06:24:04.438612+00:00,7289.601310108,286.416680,5507,57.914,2.896,745.086,1735.582,42.938,15,0,0,S (sleeping)
2026-07-31T06:24:04.939342+00:00,7290.102037491,286.917407,5507,63.907,3.195,745.680,1735.879,42.938,15,0,0,S (sleeping)
2026-07-31T06:24:05.440068+00:00,7290.602761133,287.418131,5507,59.913,2.996,745.680,1735.879,42.938,15,0,8192,S (sleeping)
2026-07-31T06:24:05.940804+00:00,7291.103495597,287.918865,5507,65.903,3.295,746.375,1736.227,42.938,15,0,0,S (sleeping)
2026-07-31T06:24:06.441532+00:00,7291.604226174,288.419596,5507,61.910,3.095,746.375,1736.227,42.938,15,0,0,S (sleeping)
2026-07-31T06:24:06.942352+00:00,7292.104972512,288.920342,5507,71.893,3.595,747.414,1736.668,42.938,15,0,4096,S (sleeping)
2026-07-31T06:24:07.441493+00:00,7292.605875965,289.421246,5507,75.863,3.793,747.414,1736.668,42.938,15,0,0,S (sleeping)
2026-07-31T06:24:07.942263+00:00,7293.106690764,289.922061,5507,73.880,3.694,748.000,1736.961,42.938,15,0,0,S (sleeping)
2026-07-31T06:24:08.443012+00:00,7293.607455175,290.422825,5507,57.911,2.896,748.000,1736.961,42.938,15,0,0,S (sleeping)
2026-07-31T06:24:08.943847+00:00,7294.108238975,290.923609,5507,67.894,3.395,748.586,1737.254,42.938,15,0,4096,S (sleeping)
2026-07-31T06:24:09.444239+00:00,7294.608682398,291.424052,5507,53.952,2.698,748.586,1737.254,42.938,15,0,0,S (sleeping)
2026-07-31T06:24:09.944767+00:00,7295.109208758,291.924579,5507,69.926,3.496,749.180,1737.551,42.938,15,0,0,S (sleeping)
2026-07-31T06:24:10.445495+00:00,7295.609941438,292.425311,5507,61.909,3.095,749.180,1737.551,42.938,15,0,4096,S (sleeping)
2026-07-31T06:24:10.946245+00:00,7296.110673083,292.926043,5507,75.889,3.794,749.793,1737.859,42.938,15,0,0,R (running)
2026-07-31T06:24:11.446980+00:00,7296.611428651,293.426799,5507,61.906,3.095,749.793,1737.859,42.938,15,0,0,S (sleeping)
2026-07-31T06:24:11.947718+00:00,7297.112163058,293.927533,5507,69.897,3.495,750.391,1738.156,42.938,15,0,4096,S (sleeping)
2026-07-31T06:24:12.448470+00:00,7297.612893214,294.428263,5507,69.898,3.495,750.391,1738.156,42.938,15,0,0,S (sleeping)
2026-07-31T06:24:12.949210+00:00,7298.113643635,294.929014,5507,73.889,3.694,751.203,1738.562,42.938,15,0,0,S (sleeping)
2026-07-31T06:24:13.449531+00:00,7298.613978408,295.429348,5507,59.960,2.998,751.203,1738.562,42.938,15,0,0,S (sleeping)
2026-07-31T06:24:13.950246+00:00,7299.114693111,295.930063,5507,65.906,3.295,751.898,1738.910,42.938,15,0,4096,S (sleeping)
2026-07-31T06:24:14.451114+00:00,7299.615422445,296.430792,5507,61.910,3.095,751.898,1738.910,42.938,15,0,0,S (sleeping)
2026-07-31T06:24:14.951924+00:00,7300.116347146,296.931717,5507,71.867,3.593,752.727,1739.324,42.938,15,0,0,S (sleeping)
2026-07-31T06:24:15.452667+00:00,7300.617111953,297.432482,5507,75.884,3.794,767.102,1739.324,42.938,15,0,4096,S (sleeping)
2026-07-31T06:24:15.953400+00:00,7301.117840865,297.933211,5507,67.901,3.395,767.734,1739.641,42.938,15,0,0,S (sleeping)
2026-07-31T06:24:16.454142+00:00,7301.618573316,298.433943,5507,59.912,2.996,767.734,1739.641,42.938,15,0,0,S (sleeping)
2026-07-31T06:24:16.954638+00:00,7302.119080276,298.934450,5507,71.927,3.596,768.430,1739.988,42.938,15,0,4096,S (sleeping)
2026-07-31T06:24:17.455366+00:00,7302.619814269,299.435184,5507,59.912,2.996,768.430,1739.988,42.938,15,0,0,S (sleeping)
2026-07-31T06:24:17.956094+00:00,7303.120537779,299.935908,5507,71.896,3.595,769.004,1740.277,42.938,15,0,0,S (sleeping)
2026-07-31T06:24:18.456875+00:00,7303.621298720,300.436669,5507,65.900,3.295,769.004,1740.277,42.938,15,0,0,S (sleeping)
2026-07-31T06:24:18.957603+00:00,7304.122050885,300.937421,5507,67.898,3.395,769.566,1740.559,42.938,15,0,4096,S (sleeping)
2026-07-31T06:24:19.458348+00:00,7304.622781050,301.438151,5507,61.910,3.095,769.566,1740.559,42.938,15,0,0,S (sleeping)
2026-07-31T06:24:19.959092+00:00,7305.123537605,301.938907,5507,69.894,3.495,770.141,1740.844,42.938,15,0,0,S (sleeping)
2026-07-31T06:24:20.459824+00:00,7305.624266710,302.439637,5507,61.910,3.095,770.141,1740.844,42.938,15,0,8192,S (sleeping)
2026-07-31T06:24:20.960556+00:00,7306.124998698,302.940369,5507,71.895,3.595,770.812,1741.180,42.938,15,0,0,S (sleeping)
2026-07-31T06:24:21.461288+00:00,7306.625733935,303.441104,5507,59.912,2.996,770.812,1741.180,42.938,15,0,0,S (sleeping)
2026-07-31T06:24:21.962053+00:00,7307.126484628,303.941854,5507,69.895,3.495,771.367,1741.457,42.938,15,0,4096,S (sleeping)
2026-07-31T06:24:22.462840+00:00,7307.627261803,304.442632,5507,65.898,3.295,771.367,1741.457,42.938,15,0,0,R (running)
2026-07-31T06:24:22.963587+00:00,7308.128030094,304.943400,5507,69.893,3.495,771.977,1741.762,42.938,15,0,0,R (running)
2026-07-31T06:24:23.464323+00:00,7308.628758890,305.444129,5507,63.907,3.195,771.977,1741.762,42.938,15,0,4096,R (running)
2026-07-31T06:24:23.965065+00:00,7309.129508743,305.944879,5507,69.895,3.495,772.625,1742.086,42.938,15,0,0,R (running)
2026-07-31T06:24:24.465821+00:00,7309.630253617,306.445623,5507,55.917,2.796,772.625,1742.086,42.938,15,0,0,R (running)
2026-07-31T06:24:24.966560+00:00,7310.131004331,306.946374,5507,85.871,4.294,773.289,1742.418,42.938,15,0,0,R (running)
2026-07-31T06:24:25.467434+00:00,7310.631812293,307.447182,5507,57.906,2.895,773.289,1742.418,42.938,15,0,4096,R (running)
2026-07-31T06:24:25.968274+00:00,7311.132712914,307.948083,5507,71.871,3.594,773.875,1742.711,42.938,15,0,0,R (running)
2026-07-31T06:24:26.469020+00:00,7311.633462846,308.448833,5507,53.919,2.696,773.875,1742.711,42.938,15,0,0,R (running)
2026-07-31T06:24:26.969768+00:00,7312.134199446,308.949569,5507,69.897,3.495,774.469,1743.008,42.938,15,0,4096,R (running)
2026-07-31T06:24:27.470506+00:00,7312.634950414,309.450320,5507,63.904,3.195,774.469,1743.008,42.938,15,0,0,R (running)
2026-07-31T06:24:27.971245+00:00,7313.135685718,309.951056,5507,67.900,3.395,775.082,1743.316,42.938,15,0,0,R (running)
2026-07-31T06:24:28.471782+00:00,7313.636212737,310.451583,5507,63.933,3.197,775.082,1743.316,42.938,15,0,4096,R (running)
2026-07-31T06:24:28.972541+00:00,7314.136980249,310.952350,5507,71.890,3.594,775.633,1743.590,42.938,15,0,0,R (running)
2026-07-31T06:24:29.473285+00:00,7314.637720060,311.453090,5507,59.911,2.996,775.633,1743.590,42.938,15,0,0,R (running)
2026-07-31T06:24:29.974384+00:00,7315.138613719,311.953984,5507,111.800,5.590,805.449,1791.891,42.938,15,0,0,R (running)
2026-07-31T06:24:30.475231+00:00,7315.639662838,312.455033,5507,59.874,2.994,805.449,1791.891,42.938,15,0,4096,R (running)
2026-07-31T06:24:30.975954+00:00,7316.140405118,312.955775,5507,71.893,3.595,776.875,1744.199,42.938,15,0,0,S (sleeping)
2026-07-31T06:24:31.476698+00:00,7316.641133442,313.456503,5507,57.916,2.896,776.875,1744.199,42.938,15,0,0,S (sleeping)
2026-07-31T06:24:31.977540+00:00,7317.141971121,313.957341,5507,69.883,3.494,777.672,1744.523,42.938,15,0,4096,R (running)
2026-07-31T06:24:32.477953+00:00,7317.642378268,314.457748,5507,63.948,3.197,777.672,1744.523,42.938,15,0,0,R (running)
2026-07-31T06:24:32.978708+00:00,7318.143134156,314.958504,5507,69.894,3.495,778.250,1744.812,42.938,15,0,0,S (sleeping)
2026-07-31T06:24:33.479502+00:00,7318.643919225,315.459289,5507,63.900,3.195,778.250,1744.812,42.938,15,0,4096,S (sleeping)
2026-07-31T06:24:33.980281+00:00,7319.144727021,315.960097,5507,67.890,3.395,778.914,1745.145,42.938,15,0,0,S (sleeping)
2026-07-31T06:24:34.481016+00:00,7319.645457669,316.460828,5507,59.912,2.996,778.914,1745.145,42.938,15,0,0,S (sleeping)
2026-07-31T06:24:34.981740+00:00,7320.146186217,316.961556,5507,73.892,3.695,779.531,1745.453,42.938,15,0,0,S (sleeping)
2026-07-31T06:24:35.482670+00:00,7320.647116918,317.462487,5507,61.885,3.094,779.531,1745.453,42.938,15,0,8192,S (sleeping)
2026-07-31T06:24:35.983415+00:00,7321.147859562,317.963229,5507,85.872,4.294,812.434,1798.789,42.938,15,0,0,S (sleeping)
2026-07-31T06:24:36.484204+00:00,7321.648637601,318.464007,5507,85.866,4.293,812.434,1798.789,42.938,15,0,0,S (sleeping)
2026-07-31T06:24:36.984936+00:00,7322.149379336,318.964749,5507,67.899,3.395,782.312,1751.184,42.938,15,0,4096,S (sleeping)
2026-07-31T06:24:37.484789+00:00,7322.650117384,319.465487,5507,59.912,2.996,782.312,1751.184,42.938,15,0,0,S (sleeping)
2026-07-31T06:24:37.985524+00:00,7323.150850510,319.966220,5507,71.895,3.595,783.078,1751.566,42.938,15,0,0,S (sleeping)
2026-07-31T06:24:38.486345+00:00,7323.651637757,320.467008,5507,59.906,2.995,783.078,1751.566,42.938,15,0,4096,S (sleeping)
2026-07-31T06:24:38.986747+00:00,7324.152070019,320.967440,5507,67.941,3.397,783.641,1751.848,42.938,15,0,0,S (sleeping)
2026-07-31T06:24:39.487493+00:00,7324.652812189,321.468182,5507,57.914,2.896,783.641,1751.848,42.938,15,0,0,S (sleeping)
2026-07-31T06:24:39.987862+00:00,7325.153181600,321.968551,5507,73.945,3.697,784.461,1752.258,42.938,15,0,0,S (sleeping)
2026-07-31T06:24:40.488588+00:00,7325.653910523,322.469280,5507,65.904,3.295,784.461,1752.258,42.938,15,0,4096,S (sleeping)
2026-07-31T06:24:40.989323+00:00,7326.154639274,322.970009,5507,65.904,3.295,785.066,1752.562,42.938,15,0,0,S (sleeping)
2026-07-31T06:24:41.490053+00:00,7326.655383931,323.470754,5507,61.908,3.095,785.066,1752.562,42.938,15,0,0,S (sleeping)
2026-07-31T06:24:41.990794+00:00,7327.156112563,323.971482,5507,73.892,3.695,785.812,1752.934,42.938,15,0,4096,S (sleeping)
2026-07-31T06:24:42.491547+00:00,7327.656858442,324.472228,5507,59.911,2.996,785.812,1752.934,42.938,15,0,0,R (running)
2026-07-31T06:24:42.992277+00:00,7328.157610060,324.972980,5507,71.892,3.595,786.559,1753.293,42.938,15,0,0,S (sleeping)
2026-07-31T06:24:43.493011+00:00,7328.658335764,325.473706,5507,69.899,3.495,786.559,1753.293,42.938,15,0,4096,S (sleeping)
2026-07-31T06:24:43.993741+00:00,7329.159071516,325.974441,5507,69.897,3.495,787.059,1753.543,42.938,15,0,0,S (sleeping)
2026-07-31T06:24:44.494464+00:00,7329.659792664,326.475163,5507,63.908,3.195,787.059,1753.543,42.938,15,0,0,S (sleeping)
2026-07-31T06:24:44.995194+00:00,7330.160523242,326.975893,5507,67.901,3.395,787.637,1753.832,42.938,15,0,0,S (sleeping)
2026-07-31T06:24:45.495919+00:00,7330.661249693,327.476620,5507,63.907,3.195,787.637,1753.832,42.938,15,0,4096,S (sleeping)
2026-07-31T06:24:45.996664+00:00,7331.161987163,327.977357,5507,69.897,3.495,788.262,1754.145,42.938,15,0,0,S (sleeping)
2026-07-31T06:24:46.497487+00:00,7331.662814187,328.478184,5507,61.898,3.095,788.262,1754.145,42.938,15,0,0,S (sleeping)
2026-07-31T06:24:46.998217+00:00,7332.163548349,328.978918,5507,71.894,3.595,789.121,1754.574,42.938,15,0,4096,S (sleeping)
2026-07-31T06:24:47.498934+00:00,7332.664264392,329.479634,5507,69.900,3.495,789.121,1754.574,42.938,15,0,0,S (sleeping)
2026-07-31T06:24:47.999711+00:00,7333.165038323,329.980408,5507,67.895,3.395,789.645,1754.836,42.938,15,0,0,S (sleeping)
2026-07-31T06:24:48.500434+00:00,7333.665761217,330.481131,5507,65.905,3.295,789.645,1754.836,42.938,15,0,4096,S (sleeping)
2026-07-31T06:24:49.001155+00:00,7334.166486286,330.981856,5507,73.893,3.695,790.152,1755.090,42.938,15,0,0,S (sleeping)
2026-07-31T06:24:49.501887+00:00,7334.667211166,331.482581,5507,59.913,2.996,790.152,1755.090,42.938,15,0,0,S (sleeping)
2026-07-31T06:24:50.002661+00:00,7335.167954234,331.983324,5507,69.896,3.495,790.676,1755.352,42.938,15,0,0,S (sleeping)
2026-07-31T06:24:50.503397+00:00,7335.668719384,332.484089,5507,57.911,2.896,790.676,1755.352,42.938,15,0,8192,S (sleeping)
2026-07-31T06:24:51.004128+00:00,7336.169460396,332.984830,5507,69.896,3.495,791.355,1755.691,42.938,15,0,0,S (sleeping)
2026-07-31T06:24:51.504860+00:00,7336.670189739,333.485560,5507,61.910,3.095,791.355,1755.691,42.938,15,0,0,S (sleeping)
2026-07-31T06:24:52.005606+00:00,7337.170922252,333.986292,5507,67.901,3.395,791.895,1755.961,42.938,15,0,4096,S (sleeping)
2026-07-31T06:24:52.506334+00:00,7337.671665111,334.487035,5507,65.902,3.295,791.895,1755.961,42.938,15,0,0,S (sleeping)
2026-07-31T06:24:53.007099+00:00,7338.172402865,334.987773,5507,65.903,3.295,792.379,1756.203,42.938,15,0,0,S (sleeping)
2026-07-31T06:24:53.507828+00:00,7338.673157198,335.488527,5507,57.913,2.896,792.379,1756.203,42.938,15,0,4096,S (sleeping)
2026-07-31T06:24:54.008562+00:00,7339.173878515,335.989248,5507,81.882,4.094,793.270,1756.570,42.938,15,0,0,S (sleeping)
2026-07-31T06:24:54.508844+00:00,7339.674145861,336.489516,5507,57.969,2.898,793.270,1756.570,42.938,15,0,0,S (sleeping)
2026-07-31T06:24:55.009603+00:00,7340.174931828,336.990302,5507,77.878,3.894,798.371,1756.855,42.938,15,0,0,S (sleeping)
2026-07-31T06:24:55.510318+00:00,7340.675649654,337.491020,5507,73.894,3.695,798.371,1756.855,42.938,15,0,4096,S (sleeping)
2026-07-31T06:24:56.011049+00:00,7341.176373915,337.991744,5507,63.907,3.195,798.871,1757.105,42.938,15,0,0,S (sleeping)
2026-07-31T06:24:56.511833+00:00,7341.677164518,338.492534,5507,59.905,2.995,798.871,1757.105,42.938,15,0,0,S (sleeping)
2026-07-31T06:24:57.012621+00:00,7342.177922569,338.993292,5507,63.903,3.195,799.270,1757.305,42.938,15,0,4096,S (sleeping)
2026-07-31T06:24:57.513351+00:00,7342.678680794,339.494051,5507,57.912,2.896,799.270,1757.305,42.938,15,0,0,S (sleeping)
2026-07-31T06:24:58.014069+00:00,7343.179400131,339.994770,5507,67.902,3.395,800.027,1757.684,42.938,15,0,0,S (sleeping)
2026-07-31T06:24:58.514784+00:00,7343.680113983,340.495484,5507,59.914,2.996,800.027,1757.684,42.938,15,0,0,S (sleeping)
2026-07-31T06:24:59.015510+00:00,7344.180834230,340.996204,5507,71.896,3.595,800.660,1758.000,42.938,15,0,4096,S (sleeping)
2026-07-31T06:24:59.516228+00:00,7344.681561634,341.496932,5507,59.913,2.996,800.660,1758.000,42.938,15,0,0,S (sleeping)
2026-07-31T06:25:00.016959+00:00,7345.182288495,341.997658,5507,67.901,3.395,801.418,1758.379,42.938,15,0,0,S (sleeping)
2026-07-31T06:25:00.517696+00:00,7345.683023157,342.498393,5507,55.918,2.796,801.418,1758.379,42.938,15,0,4096,S (sleeping)
2026-07-31T06:25:01.018438+00:00,7346.183752726,342.999123,5507,69.898,3.495,802.121,1758.730,42.938,15,0,0,S (sleeping)
2026-07-31T06:25:01.519164+00:00,7346.684494315,343.499864,5507,57.914,2.896,802.121,1758.730,42.938,15,0,0,S (sleeping)
2026-07-31T06:25:02.019857+00:00,7347.185178785,344.000549,5507,65.910,3.295,802.590,1758.965,42.938,15,0,4096,S (sleeping)
2026-07-31T06:25:02.520594+00:00,7347.685913192,344.501283,5507,61.909,3.095,802.590,1758.965,42.938,15,0,0,S (sleeping)
2026-07-31T06:25:03.021337+00:00,7348.186669716,345.002040,5507,71.891,3.595,803.258,1759.254,42.938,15,0,0,S (sleeping)
2026-07-31T06:25:03.522246+00:00,7348.687384984,345.502755,5507,59.914,2.996,803.258,1759.254,42.938,15,0,0,S (sleeping)
2026-07-31T06:25:04.022983+00:00,7349.188313387,346.003683,5507,65.878,3.294,803.852,1759.551,42.938,15,0,4096,S (sleeping)
2026-07-31T06:25:04.523708+00:00,7349.689037955,346.504408,5507,57.916,2.896,803.852,1759.551,42.938,15,0,0,S (sleeping)
2026-07-31T06:25:05.024465+00:00,7350.189771798,347.005142,5507,69.897,3.495,804.406,1759.828,42.938,15,0,0,S (sleeping)
2026-07-31T06:25:05.525200+00:00,7350.690529643,347.505900,5507,57.912,2.896,804.406,1759.828,42.938,15,0,8192,S (sleeping)
2026-07-31T06:25:06.026002+00:00,7351.191310005,348.006680,5507,79.875,3.994,804.945,1760.098,42.938,15,0,0,S (sleeping)
2026-07-31T06:25:06.526338+00:00,7351.691665693,348.507036,5507,55.960,2.798,804.945,1760.098,42.938,15,0,0,S (sleeping)
2026-07-31T06:25:07.027049+00:00,7352.192385499,349.007755,5507,67.902,3.395,805.695,1760.473,42.938,15,0,4096,S (sleeping)
2026-07-31T06:25:07.525976+00:00,7352.693118542,349.508488,5507,59.912,2.996,805.695,1760.473,42.938,15,0,0,R (running)
2026-07-31T06:25:08.026332+00:00,7353.193478590,350.008848,5507,71.948,3.597,806.312,1858.312,42.938,15,0,0,S (sleeping)
2026-07-31T06:25:08.527060+00:00,7353.694218655,350.509589,5507,63.905,3.195,806.312,1858.312,42.938,15,0,0,S (sleeping)
2026-07-31T06:25:09.027799+00:00,7354.194950112,351.010320,5507,69.898,3.495,807.035,1858.676,42.938,15,0,4096,S (sleeping)
2026-07-31T06:25:09.528543+00:00,7354.695682940,351.511053,5507,63.906,3.195,807.035,1858.676,42.938,15,0,0,S (sleeping)
2026-07-31T06:25:10.029287+00:00,7355.196424254,352.011794,5507,75.887,3.794,807.781,1859.047,42.938,15,0,0,S (sleeping)
2026-07-31T06:25:10.530044+00:00,7355.697188485,352.512558,5507,57.911,2.896,807.781,1859.047,42.938,15,0,4096,S (sleeping)
2026-07-31T06:25:11.030811+00:00,7356.197946187,353.013316,5507,71.891,3.595,808.453,1859.383,42.938,15,0,0,S (sleeping)
2026-07-31T06:25:11.531569+00:00,7356.698709146,353.514079,5507,63.902,3.195,808.453,1859.383,42.938,15,0,0,S (sleeping)
2026-07-31T06:25:12.032297+00:00,7357.199450893,354.014821,5507,71.893,3.595,809.102,1859.707,42.938,15,0,4096,S (sleeping)
2026-07-31T06:25:12.533040+00:00,7357.700193768,354.515564,5507,61.908,3.095,809.102,1859.707,42.938,15,0,0,S (sleeping)
2026-07-31T06:25:13.033310+00:00,7358.200463782,355.015834,5507,69.962,3.498,809.672,1859.992,42.938,15,0,0,S (sleeping)
2026-07-31T06:25:13.534039+00:00,7358.701196466,355.516566,5507,61.909,3.095,809.672,1859.992,42.938,15,0,4096,S (sleeping)
2026-07-31T06:25:14.034864+00:00,7359.201950452,356.017320,5507,73.889,3.694,810.227,1860.270,42.938,15,0,0,S (sleeping)
2026-07-31T06:25:14.535663+00:00,7359.702793668,356.518164,5507,63.892,3.195,810.227,1860.270,42.938,15,0,0,S (sleeping)
2026-07-31T06:25:15.036424+00:00,7360.203567107,357.018937,5507,69.892,3.495,810.844,1860.578,42.938,15,0,0,S (sleeping)
2026-07-31T06:25:15.537079+00:00,7360.704229393,357.519599,5507,89.881,4.494,849.438,1908.582,42.938,15,0,4096,R (running)
2026-07-31T06:25:16.037804+00:00,7361.204958020,358.020328,5507,89.869,4.493,850.070,1908.898,42.938,15,0,0,S (sleeping)
2026-07-31T06:25:16.538554+00:00,7361.705693118,358.521063,5507,55.918,2.796,850.070,1908.898,42.938,15,0,0,S (sleeping)
2026-07-31T06:25:17.039312+00:00,7362.206448915,359.021819,5507,69.894,3.495,812.258,1861.250,42.938,15,0,4096,S (sleeping)
2026-07-31T06:25:17.540065+00:00,7362.707216959,359.522587,5507,65.899,3.295,812.258,1861.250,42.938,15,0,0,S (sleeping)
2026-07-31T06:25:18.040831+00:00,7363.207954616,360.023324,5507,69.897,3.495,812.891,1861.566,42.938,15,0,0,S (sleeping)
2026-07-31T06:25:18.541610+00:00,7363.708757813,360.524128,5507,59.904,2.995,812.891,1861.566,42.938,15,0,4096,S (sleeping)
2026-07-31T06:25:19.042356+00:00,7364.209504986,361.024875,5507,69.896,3.495,813.562,1861.902,42.938,15,0,0,R (running)
2026-07-31T06:25:19.543098+00:00,7364.710252048,361.525622,5507,59.910,2.996,813.562,1861.902,42.938,15,0,0,R (running)
2026-07-31T06:25:20.043852+00:00,7365.210998595,362.026368,5507,71.893,3.595,814.324,1862.285,42.938,15,0,0,S (sleeping)
2026-07-31T06:25:20.544592+00:00,7365.711740164,362.527110,5507,63.905,3.195,814.324,1862.285,42.938,15,0,4096,R (running)
2026-07-31T06:25:21.044987+00:00,7366.212119124,363.027489,5507,67.949,3.397,814.996,1862.617,42.938,15,0,4096,R (running)
2026-07-31T06:25:21.545715+00:00,7366.712869569,363.528239,5507,55.916,2.796,814.996,1862.617,42.938,15,0,0,S (sleeping)
2026-07-31T06:25:22.046487+00:00,7367.213626255,364.028996,5507,69.894,3.495,815.504,1862.871,42.938,15,0,4096,S (sleeping)
2026-07-31T06:25:22.547253+00:00,7367.714387447,364.529757,5507,61.906,3.095,815.504,1862.871,42.938,15,0,0,S (sleeping)
2026-07-31T06:25:23.047731+00:00,7368.214868721,365.030239,5507,67.935,3.397,816.137,1863.188,42.938,15,0,0,S (sleeping)
2026-07-31T06:25:23.548462+00:00,7368.715615310,365.530985,5507,61.908,3.095,816.137,1863.188,42.938,15,0,4096,S (sleeping)
2026-07-31T06:25:24.049193+00:00,7369.216335561,366.031705,5507,69.899,3.495,816.707,1863.473,42.938,15,0,0,S (sleeping)
2026-07-31T06:25:24.549955+00:00,7369.717100059,366.532470,5507,57.911,2.896,816.707,1863.473,42.938,15,0,0,S (sleeping)
2026-07-31T06:25:25.050703+00:00,7370.217844118,367.033214,5507,73.890,3.695,817.395,1863.816,42.938,15,0,0,R (running)
2026-07-31T06:25:25.551560+00:00,7370.718626698,367.533997,5507,59.906,2.995,817.395,1863.816,42.938,15,0,4096,S (sleeping)
2026-07-31T06:25:26.052350+00:00,7371.219504750,368.034875,5507,75.867,3.793,813.488,1864.129,38.406,15,0,0,S (sleeping)
2026-07-31T06:25:26.553079+00:00,7371.720238307,368.535608,5507,53.921,2.696,813.488,1864.129,38.406,15,0,0,S (sleeping)
2026-07-31T06:25:27.053808+00:00,7372.220962165,369.036332,5507,75.890,3.795,814.035,1864.402,38.406,15,0,4096,S (sleeping)
2026-07-31T06:25:27.554551+00:00,7372.721702065,369.537072,5507,53.920,2.696,814.035,1864.402,38.406,15,0,0,S (sleeping)
2026-07-31T06:25:28.055278+00:00,7373.222434166,370.037804,5507,69.898,3.495,814.582,1864.676,38.406,15,0,0,S (sleeping)
2026-07-31T06:25:28.555990+00:00,7373.723154836,370.538525,5507,55.919,2.796,814.738,1864.676,38.406,15,0,4096,S (sleeping)
2026-07-31T06:25:29.056930+00:00,7374.223945547,371.039315,5507,63.899,3.195,815.191,1864.902,38.406,15,0,0,S (sleeping)
2026-07-31T06:25:29.557673+00:00,7374.724825190,371.540195,5507,61.891,3.095,815.191,1864.902,38.406,15,0,0,S (sleeping)
2026-07-31T06:25:30.058408+00:00,7375.225563536,372.040933,5507,69.897,3.495,816.004,1865.309,38.406,15,90112,0,S (sleeping)
2026-07-31T06:25:30.559141+00:00,7375.726299415,372.541669,5507,65.903,3.295,816.004,1865.309,38.406,15,0,4096,S (sleeping)
2026-07-31T06:25:31.059860+00:00,7376.227018901,373.042389,5507,67.902,3.395,816.457,1865.535,38.406,15,0,0,S (sleeping)
2026-07-31T06:25:31.560603+00:00,7376.727744704,373.543115,5507,57.916,2.896,816.457,1865.535,38.406,15,0,0,S (sleeping)
2026-07-31T06:25:32.061351+00:00,7377.228497407,374.043867,5507,63.904,3.195,817.105,1865.859,38.406,15,0,4096,S (sleeping)
2026-07-31T06:25:32.562135+00:00,7377.729273000,374.544643,5507,57.910,2.896,817.105,1865.859,38.406,15,0,0,S (sleeping)
2026-07-31T06:25:33.062883+00:00,7378.230024203,375.045394,5507,67.898,3.395,817.676,1866.145,38.406,15,0,0,S (sleeping)
2026-07-31T06:25:33.563611+00:00,7378.730765692,375.546136,5507,59.911,2.996,817.676,1866.145,38.406,15,0,0,R (running)
2026-07-31T06:25:34.064905+00:00,7379.231980968,376.047351,5507,99.758,4.988,818.441,1866.527,38.406,15,0,4096,R (running)
2026-07-31T06:25:34.565637+00:00,7379.732789715,376.548160,5507,53.913,2.696,818.441,1866.527,38.406,15,0,0,R (running)
2026-07-31T06:25:35.066371+00:00,7380.233524221,377.048894,5507,61.909,3.095,819.141,1866.875,38.406,15,0,0,R (running)
2026-07-31T06:25:35.567128+00:00,7380.734270535,377.549640,5507,61.908,3.095,819.141,1866.875,38.406,15,0,4096,R (running)
2026-07-31T06:25:36.067875+00:00,7381.235026464,378.050396,5507,71.891,3.595,819.961,1867.285,38.406,15,0,4096,R (running)
2026-07-31T06:25:36.568619+00:00,7381.735770607,378.551140,5507,57.914,2.896,819.961,1867.285,38.406,15,0,0,R (running)
2026-07-31T06:25:37.069404+00:00,7382.236511674,379.051882,5507,69.896,3.495,820.605,1867.609,38.406,15,0,4096,R (running)
2026-07-31T06:25:37.568857+00:00,7382.737334687,379.552705,5507,61.898,3.095,820.605,1867.609,38.406,15,0,0,R (running)
2026-07-31T06:25:38.069601+00:00,7383.238110146,380.053480,5507,79.876,3.994,820.914,1867.996,37.938,15,0,0,R (running)
2026-07-31T06:25:38.570346+00:00,7383.738844403,380.554214,5507,57.915,2.896,820.914,1867.996,37.938,15,0,4096,R (running)
2026-07-31T06:25:39.071101+00:00,7384.239597958,381.054968,5507,69.895,3.495,821.754,1868.418,37.938,15,0,0,R (running)
2026-07-31T06:25:39.571850+00:00,7384.740362737,381.555733,5507,61.905,3.095,821.754,1868.418,37.938,15,0,0,R (running)
2026-07-31T06:25:40.072097+00:00,7385.240610197,382.055980,5507,71.964,3.598,822.297,1868.688,37.938,15,0,0,R (running)
2026-07-31T06:25:40.572817+00:00,7385.741330976,382.556701,5507,59.914,2.996,822.297,1868.688,37.938,15,0,4096,R (running)
2026-07-31T06:25:41.073567+00:00,7386.242063701,383.057434,5507,61.909,3.095,822.836,1868.961,37.938,15,0,0,R (running)
2026-07-31T06:25:41.574305+00:00,7386.742806614,383.558176,5507,57.914,2.896,822.836,1868.961,37.938,15,0,0,R (running)
2026-07-31T06:25:42.075029+00:00,7387.243543572,384.058913,5507,79.882,3.994,823.617,1869.348,37.938,15,0,4096,R (running)
2026-07-31T06:25:42.575799+00:00,7387.744299549,384.559669,5507,59.909,2.995,823.617,1869.348,37.938,15,0,0,R (running)
2026-07-31T06:25:43.076563+00:00,7388.245072806,385.060443,5507,61.904,3.095,824.250,1869.664,37.938,15,0,0,R (running)
2026-07-31T06:25:43.577293+00:00,7388.745807089,385.561177,5507,63.906,3.195,824.250,1869.664,37.938,15,0,0,S (sleeping)
2026-07-31T06:25:44.078037+00:00,7389.246537185,386.061907,5507,69.898,3.495,824.922,1870.000,37.938,15,0,4096,S (sleeping)
2026-07-31T06:25:44.578847+00:00,7389.747361080,386.562731,5507,59.901,2.995,824.922,1870.000,37.938,15,0,0,S (sleeping)
2026-07-31T06:25:45.079590+00:00,7390.248093755,387.063464,5507,75.889,3.794,825.500,1870.289,37.938,15,0,0,S (sleeping)
2026-07-31T06:25:45.580327+00:00,7390.748827066,387.564197,5507,53.921,2.696,825.500,1870.289,37.938,15,0,4096,S (sleeping)
2026-07-31T06:25:46.081089+00:00,7391.249582616,388.064952,5507,79.879,3.994,826.039,1870.559,37.938,15,0,0,S (sleeping)
2026-07-31T06:25:46.581834+00:00,7391.750342623,388.565712,5507,55.915,2.796,826.039,1870.559,37.938,15,0,0,S (sleeping)
2026-07-31T06:25:47.082555+00:00,7392.251068249,389.066438,5507,69.899,3.495,826.562,1870.820,37.938,15,0,0,S (sleeping)
2026-07-31T06:25:47.583284+00:00,7392.751798156,389.567168,5507,55.918,2.796,826.562,1870.820,37.938,15,0,4096,S (sleeping)
2026-07-31T06:25:48.084012+00:00,7393.252523070,390.067893,5507,69.899,3.495,827.250,1871.164,37.938,15,0,0,S (sleeping)
2026-07-31T06:25:48.584743+00:00,7393.753257619,390.568627,5507,61.909,3.095,827.250,1871.164,37.938,15,0,0,S (sleeping)
2026-07-31T06:25:49.085086+00:00,7394.253597496,391.068967,5507,65.955,3.298,827.945,1871.512,37.938,15,0,4096,S (sleeping)
2026-07-31T06:25:49.585905+00:00,7394.754410267,391.569780,5507,79.870,3.994,827.945,1871.512,37.938,15,0,0,R (running)
2026-07-31T06:25:50.086683+00:00,7395.255188376,392.070558,5507,69.891,3.495,828.688,1871.883,37.938,15,0,0,S (sleeping)
2026-07-31T06:25:50.587445+00:00,7395.755934978,392.571305,5507,59.911,2.996,828.688,1871.883,37.938,15,0,4096,S (sleeping)
2026-07-31T06:25:51.088179+00:00,7396.256694269,393.072064,5507,67.897,3.395,829.297,1872.188,37.938,15,0,4096,S (sleeping)
2026-07-31T06:25:51.588900+00:00,7396.757414204,393.572784,5507,55.919,2.796,829.297,1872.188,37.938,15,0,0,S (sleeping)
2026-07-31T06:25:52.089655+00:00,7397.258159162,394.073529,5507,71.893,3.595,829.922,1872.500,37.938,15,0,0,S (sleeping)
2026-07-31T06:25:52.590400+00:00,7397.758914433,394.574284,5507,59.910,2.995,829.922,1872.500,37.938,15,0,4096,S (sleeping)
2026-07-31T06:25:53.091251+00:00,7398.259719925,395.075090,5507,69.887,3.494,830.617,1872.848,37.938,15,0,0,S (sleeping)
2026-07-31T06:25:53.592074+00:00,7398.760575096,395.575945,5507,61.894,3.095,830.617,1872.848,37.938,15,0,0,S (sleeping)
2026-07-31T06:25:54.092799+00:00,7399.261312322,396.076682,5507,75.888,3.794,831.344,1873.211,37.938,15,0,4096,S (sleeping)
2026-07-31T06:25:54.593534+00:00,7399.762048543,396.577418,5507,61.909,3.095,831.344,1873.211,37.938,15,0,0,S (sleeping)
2026-07-31T06:25:55.094055+00:00,7400.262566049,397.077936,5507,69.928,3.496,832.008,1873.543,37.938,15,0,0,S (sleeping)
2026-07-31T06:25:55.594845+00:00,7400.763353107,397.578723,5507,63.899,3.195,832.008,1873.543,37.938,15,0,4096,S (sleeping)
2026-07-31T06:25:56.095590+00:00,7401.264103086,398.079473,5507,75.886,3.794,832.594,1873.836,37.938,15,0,0,S (sleeping)
2026-07-31T06:25:56.596370+00:00,7401.764865656,398.580236,5507,57.912,2.896,832.594,1873.836,37.938,15,0,0,S (sleeping)
2026-07-31T06:25:57.097114+00:00,7402.265625514,399.080995,5507,71.891,3.595,833.230,1874.133,37.938,15,0,0,S (sleeping)
2026-07-31T06:25:57.597868+00:00,7402.766383321,399.581753,5507,65.900,3.295,833.230,1874.133,37.938,15,0,4096,S (sleeping)
2026-07-31T06:25:58.098137+00:00,7403.266645998,400.082016,5507,77.959,3.898,833.883,1874.480,37.938,15,0,0,S (sleeping)
2026-07-31T06:25:58.598887+00:00,7403.767402548,400.582772,5507,61.906,3.095,833.883,1874.480,37.938,15,0,0,S (sleeping)
2026-07-31T06:25:59.099625+00:00,7404.268138577,401.083508,5507,69.897,3.495,834.469,1874.773,37.938,15,0,4096,S (sleeping)
2026-07-31T06:25:59.600373+00:00,7404.768883940,401.584254,5507,59.911,2.996,834.469,1874.773,37.938,15,0,0,S (sleeping)
2026-07-31T06:26:00.101131+00:00,7405.269630651,402.085001,5507,79.881,3.994,835.023,1875.051,37.938,15,0,0,S (sleeping)
2026-07-31T06:26:00.601898+00:00,7405.770401917,402.585772,5507,69.892,3.495,835.023,1875.051,37.938,15,0,0,S (sleeping)
2026-07-31T06:26:01.102641+00:00,7406.271153757,403.086524,5507,69.895,3.495,835.695,1875.387,37.938,15,0,4096,S (sleeping)
2026-07-31T06:26:01.603408+00:00,7406.771889480,403.587259,5507,57.915,2.896,835.695,1875.387,37.938,15,0,0,S (sleeping)
2026-07-31T06:26:02.104147+00:00,7407.272661851,404.088032,5507,75.883,3.794,836.312,1875.695,37.938,15,0,0,S (sleeping)
2026-07-31T06:26:02.604899+00:00,7407.773409543,404.588779,5507,59.910,2.996,836.312,1875.695,37.938,15,0,4096,S (sleeping)
2026-07-31T06:26:03.105657+00:00,7408.274165386,405.089535,5507,71.891,3.595,836.914,1875.996,37.938,15,0,0,S (sleeping)
2026-07-31T06:26:03.606449+00:00,7408.774964100,405.590334,5507,61.901,3.095,836.914,1875.996,37.938,15,0,0,S (sleeping)
2026-07-31T06:26:04.107300+00:00,7409.275798081,406.091168,5507,75.873,3.794,837.578,1876.324,37.938,15,0,4096,S (sleeping)
2026-07-31T06:26:04.608058+00:00,7409.776572940,406.591943,5507,61.904,3.095,837.578,1876.324,37.938,15,0,0,S (sleeping)
2026-07-31T06:26:05.108807+00:00,7410.277320531,407.092690,5507,75.887,3.794,838.148,1876.609,37.938,15,0,0,S (sleeping)
2026-07-31T06:26:05.609589+00:00,7410.778088630,407.593459,5507,59.908,2.995,838.148,1876.609,37.938,15,0,0,S (sleeping)
2026-07-31T06:26:06.110329+00:00,7411.278830910,408.094201,5507,71.893,3.595,838.742,1876.906,37.938,15,0,8192,S (sleeping)
2026-07-31T06:26:06.611063+00:00,7411.779579377,408.594949,5507,63.904,3.195,838.742,1876.906,37.938,15,0,0,S (sleeping)
2026-07-31T06:26:07.111972+00:00,7412.280373854,409.095744,5507,69.889,3.494,839.438,1877.254,37.938,15,0,0,S (sleeping)
2026-07-31T06:26:07.611565+00:00,7412.781231099,409.596601,5507,61.894,3.095,839.438,1877.254,37.938,15,0,4096,S (sleeping)
2026-07-31T06:26:08.112369+00:00,7413.282047376,410.097417,5507,75.876,3.794,840.047,1877.559,37.938,15,0,0,S (sleeping)
2026-07-31T06:26:08.613124+00:00,7413.782788345,410.598158,5507,63.905,3.195,843.484,1995.008,37.938,15,0,0,R (running)
2026-07-31T06:26:09.113859+00:00,7414.283536723,411.098907,5507,69.895,3.495,840.711,1877.891,37.938,15,0,0,S (sleeping)
2026-07-31T06:26:09.614584+00:00,7414.784261467,411.599631,5507,61.910,3.096,849.617,1995.645,37.938,15,0,4096,R (running)
2026-07-31T06:26:10.115317+00:00,7415.284994564,412.100364,5507,73.892,3.695,841.320,1878.195,37.938,15,0,0,S (sleeping)
2026-07-31T06:26:10.616175+00:00,7415.785842346,412.601212,5507,63.892,3.195,856.789,1996.281,37.938,15,0,0,R (running)
2026-07-31T06:26:11.116959+00:00,7416.286614432,413.101984,5507,71.889,3.594,841.984,1878.527,37.938,15,0,4096,S (sleeping)
2026-07-31T06:26:11.617729+00:00,7416.787389610,413.602759,5507,65.898,3.295,857.766,1996.941,37.938,15,0,0,R (running)
2026-07-31T06:26:12.118339+00:00,7417.287996299,414.103366,5507,75.908,3.795,842.645,1878.855,37.938,15,0,0,S (sleeping)
2026-07-31T06:26:12.618637+00:00,7417.788316451,414.603686,5507,61.960,3.098,866.395,1997.594,37.938,15,0,4096,R (running)
2026-07-31T06:26:13.119392+00:00,7418.289072911,415.104443,5507,69.894,3.495,843.293,1879.180,37.938,15,0,0,S (sleeping)
2026-07-31T06:26:13.620134+00:00,7418.789809491,415.605179,5507,65.903,3.295,868.449,1998.246,37.938,15,0,0,R (running)
2026-07-31T06:26:14.120884+00:00,7419.290559853,416.105930,5507,73.889,3.694,843.949,1879.508,37.938,15,0,0,S (sleeping)
2026-07-31T06:26:14.621661+00:00,7419.791337296,416.606707,5507,65.898,3.295,879.730,1998.898,37.938,15,0,4096,R (running)
2026-07-31T06:26:15.122374+00:00,7420.292057745,417.107428,5507,69.899,3.495,844.598,1879.832,37.938,15,0,0,S (sleeping)
2026-07-31T06:26:15.623116+00:00,7420.792778978,417.608149,5507,61.911,3.096,872.879,1999.527,37.938,15,0,0,R (running)
2026-07-31T06:26:16.123696+00:00,7421.293372786,418.108743,5507,73.912,3.696,845.207,1880.137,37.938,15,0,4096,S (sleeping)
2026-07-31T06:26:16.624434+00:00,7421.794108121,418.609478,5507,89.868,4.493,891.613,2000.102,37.938,15,0,0,R (running)
2026-07-31T06:26:17.125163+00:00,7422.294831320,419.110201,5507,67.902,3.395,845.746,1880.406,37.938,15,0,0,S (sleeping)
2026-07-31T06:26:17.626034+00:00,7422.795630633,419.611001,5507,59.904,2.995,879.965,2000.727,37.938,15,0,0,R (running)
2026-07-31T06:26:18.126794+00:00,7423.296465698,420.111836,5507,67.887,3.394,846.457,1880.762,37.938,15,0,4096,S (sleeping)
2026-07-31T06:26:18.627537+00:00,7423.797209176,420.612579,5507,59.911,2.996,905.832,2001.391,37.938,15,0,0,R (running)
2026-07-31T06:26:19.128297+00:00,7424.297958741,421.113329,5507,67.898,3.395,847.078,1881.074,37.938,15,0,0,S (sleeping)
2026-07-31T06:26:19.629043+00:00,7424.798717867,421.614088,5507,61.906,3.095,893.953,2002.020,37.938,15,0,4096,R (running)
2026-07-31T06:26:20.129780+00:00,7425.299445642,422.114816,5507,69.898,3.495,847.707,1881.387,37.938,15,0,0,S (sleeping)
2026-07-31T06:26:20.630572+00:00,7425.800247683,422.615618,5507,67.891,3.395,916.613,2002.633,37.938,15,0,0,R (running)
2026-07-31T06:26:21.131321+00:00,7426.300991308,423.116361,5507,63.905,3.195,848.309,1881.688,37.938,15,0,8192,S (sleeping)
2026-07-31T06:26:21.632066+00:00,7426.801741465,423.617111,5507,63.904,3.195,900.496,2003.277,37.938,15,0,0,R (running)
2026-07-31T06:26:22.132845+00:00,7427.302528813,424.117899,5507,71.887,3.594,848.996,1882.031,37.938,15,0,0,S (sleeping)
2026-07-31T06:26:22.633633+00:00,7427.803302703,424.618673,5507,63.901,3.195,927.902,2003.910,37.938,15,0,0,R (running)
2026-07-31T06:26:23.134396+00:00,7428.304076605,425.119446,5507,65.898,3.295,849.574,1882.320,37.938,15,0,4096,S (sleeping)
2026-07-31T06:26:23.635136+00:00,7428.804810744,425.620181,5507,61.909,3.095,905.043,2004.523,37.938,15,0,0,R (running)
2026-07-31T06:26:24.135878+00:00,7429.305550142,426.120920,5507,73.891,3.695,850.223,1882.645,37.938,15,0,0,S (sleeping)
2026-07-31T06:26:24.636771+00:00,7429.806352523,426.621722,5507,63.897,3.195,940.535,2005.168,37.938,15,0,4096,R (running)
2026-07-31T06:26:25.137548+00:00,7430.307224929,427.122595,5507,69.878,3.494,850.863,1882.965,37.938,15,0,0,S (sleeping)
2026-07-31T06:26:25.638307+00:00,7430.807964547,427.623334,5507,71.894,3.595,911.645,2005.789,37.938,15,0,0,R (running)
2026-07-31T06:26:26.139051+00:00,7431.308726553,428.124096,5507,71.890,3.595,851.465,1883.266,37.938,15,0,4096,S (sleeping)
2026-07-31T06:26:26.639797+00:00,7431.809469260,428.624839,5507,67.899,3.395,953.965,2006.422,37.938,15,0,0,R (running)
2026-07-31T06:26:27.140142+00:00,7432.309814261,429.125184,5507,71.950,3.598,852.129,1883.598,37.938,15,0,0,R (running)
2026-07-31T06:26:27.640873+00:00,7432.810546220,429.625916,5507,65.904,3.295,922.441,2007.059,37.938,15,0,0,R (running)
2026-07-31T06:26:28.141679+00:00,7433.311334223,430.126704,5507,75.880,3.794,852.738,1883.902,37.938,15,0,4096,R (running)
2026-07-31T06:26:28.642023+00:00,7433.811699213,430.627069,5507,69.949,3.497,960.551,2007.707,37.938,15,0,0,R (running)
2026-07-31T06:26:29.142767+00:00,7434.312441975,431.127812,5507,65.902,3.295,853.430,1884.250,37.938,15,0,0,S (sleeping)
2026-07-31T06:26:29.643521+00:00,7434.813195263,431.628565,5507,73.889,3.694,924.992,2008.348,37.938,15,0,4096,R (running)
2026-07-31T06:26:30.143829+00:00,7435.313474813,432.128845,5507,71.960,3.598,854.016,1884.543,37.938,15,0,0,R (running)
2026-07-31T06:26:30.644582+00:00,7435.814256276,432.629626,5507,67.894,3.395,974.328,2008.969,37.938,15,0,0,R (running)
2026-07-31T06:26:31.145331+00:00,7436.315005200,433.130375,5507,67.898,3.395,854.668,1884.867,37.938,15,0,0,S (sleeping)
2026-07-31T06:26:31.646113+00:00,7436.815748042,433.631118,5507,71.893,3.595,925.137,2009.602,37.938,15,0,4096,R (running)
2026-07-31T06:26:32.146918+00:00,7437.316566438,434.131936,5507,87.856,4.393,855.285,1885.176,37.938,15,0,0,S (sleeping)
2026-07-31T06:26:32.647667+00:00,7437.817340060,434.632710,5507,65.898,3.295,953.410,2010.207,37.938,15,0,0,R (running)
2026-07-31T06:26:33.148406+00:00,7438.318084573,435.133454,5507,71.893,3.595,855.879,1885.473,37.938,15,0,4096,S (sleeping)
2026-07-31T06:26:33.649169+00:00,7438.818835072,435.634205,5507,69.895,3.495,951.973,2010.824,37.938,15,0,0,R (running)
2026-07-31T06:26:34.149666+00:00,7439.319327604,436.134697,5507,73.927,3.696,856.520,1885.793,37.938,15,0,0,S (sleeping)
2026-07-31T06:26:34.650040+00:00,7439.819662644,436.635033,5507,69.953,3.498,982.301,2011.426,37.938,15,0,0,R (running)
2026-07-31T06:26:35.150820+00:00,7440.320468179,437.135838,5507,63.897,3.195,857.082,1886.074,37.938,15,0,4096,S (sleeping)
2026-07-31T06:26:35.651725+00:00,7440.821314875,437.636685,5507,69.882,3.494,949.113,2012.047,37.938,15,0,0,R (running)
2026-07-31T06:26:36.152503+00:00,7441.322167412,438.137537,5507,79.864,3.993,857.762,1886.414,37.938,15,0,4096,R (running)
2026-07-31T06:26:36.653367+00:00,7441.822986252,438.638356,5507,65.892,3.295,984.324,2012.691,37.938,15,0,4096,R (running)
2026-07-31T06:26:37.154130+00:00,7442.323799536,439.139169,5507,67.890,3.394,858.371,1886.719,37.938,15,0,0,S (sleeping)
2026-07-31T06:26:37.653275+00:00,7442.824547862,439.639918,5507,85.871,4.294,963.840,2013.352,37.938,15,0,0,R (running)
2026-07-31T06:26:38.154024+00:00,7443.325291737,440.140662,5507,63.905,3.195,859.082,1887.074,37.938,15,0,4096,S (sleeping)
2026-07-31T06:26:38.654468+00:00,7443.825683950,440.641054,5507,61.951,3.098,986.582,2014.324,37.938,15,0,0,R (running)
2026-07-31T06:26:39.155247+00:00,7444.326516935,441.141887,5507,61.897,3.095,859.699,1887.383,37.938,15,0,0,S (sleeping)
2026-07-31T06:26:39.656012+00:00,7444.827282001,441.642652,5507,67.896,3.395,970.480,2014.695,37.938,15,0,0,R (running)
2026-07-31T06:26:40.156822+00:00,7445.328092542,442.143462,5507,67.890,3.394,860.441,1887.754,37.938,15,0,4096,S (sleeping)
2026-07-31T06:26:40.657681+00:00,7445.828895936,442.644266,5507,67.891,3.395,988.566,2015.660,37.938,15,0,0,R (running)
2026-07-31T06:26:41.158459+00:00,7446.329732821,443.145103,5507,61.896,3.095,861.035,1888.051,37.938,15,0,0,S (sleeping)
2026-07-31T06:26:41.659240+00:00,7446.830498875,443.645869,5507,69.893,3.495,981.816,2015.992,37.938,15,0,4096,R (running)
2026-07-31T06:26:42.159990+00:00,7447.331261594,444.146631,5507,69.893,3.495,861.699,1888.383,37.938,15,0,0,S (sleeping)
2026-07-31T06:26:42.660882+00:00,7447.832055492,444.647425,5507,71.886,3.594,990.449,2016.957,37.938,15,0,0,R (running)
2026-07-31T06:26:43.161316+00:00,7448.332550493,445.147920,5507,107.893,5.395,888.270,1936.703,37.938,15,0,4096,S (sleeping)
2026-07-31T06:26:43.662187+00:00,7448.833408024,445.648778,5507,59.897,2.995,1017.176,2065.309,37.938,15,0,0,R (running)
2026-07-31T06:26:44.162953+00:00,7449.334224053,446.149594,5507,61.899,3.095,862.961,1889.047,37.938,15,0,0,R (running)
2026-07-31T06:26:44.663675+00:00,7449.834955774,446.650326,5507,69.898,3.495,875.555,2018.246,37.938,15,0,0,R (running)
2026-07-31T06:26:45.164419+00:00,7450.335696985,447.151067,5507,59.911,2.996,863.555,1889.344,37.938,15,0,4096,R (running)
2026-07-31T06:26:45.665267+00:00,7450.836472988,447.651843,5507,69.892,3.495,992.930,2018.551,37.938,15,0,0,R (running)
2026-07-31T06:26:46.166136+00:00,7451.337396910,448.152767,5507,65.878,3.294,864.164,1889.648,37.938,15,0,0,R (running)
2026-07-31T06:26:46.666897+00:00,7451.838159692,448.653530,5507,67.896,3.395,864.773,1889.953,37.938,15,0,4096,S (sleeping)
2026-07-31T06:26:47.167618+00:00,7452.338896742,449.154267,5507,71.894,3.595,864.773,1889.953,37.938,15,0,0,S (sleeping)
2026-07-31T06:26:47.668480+00:00,7452.839695583,449.655065,5507,61.901,3.095,994.773,2019.777,37.938,15,0,0,R (running)
2026-07-31T06:26:48.169249+00:00,7453.340512792,450.155883,5507,83.863,4.193,870.242,1897.777,37.938,15,0,0,R (running)
2026-07-31T06:26:48.669997+00:00,7453.841257977,450.656628,5507,65.902,3.295,871.117,1898.141,37.938,15,0,4096,S (sleeping)
2026-07-31T06:26:49.170959+00:00,7454.342105535,451.157475,5507,61.895,3.095,871.117,1898.141,37.938,15,0,0,R (running)
2026-07-31T06:26:49.671848+00:00,7454.843066181,451.658436,5507,67.870,3.393,1002.211,2028.945,37.938,15,0,0,R (running)
2026-07-31T06:26:50.172647+00:00,7455.343892585,452.159262,5507,61.898,3.095,871.734,1898.449,37.938,15,0,4096,R (running)
2026-07-31T06:26:50.673390+00:00,7455.844666925,452.660037,5507,65.898,3.295,872.352,1898.758,37.938,15,0,0,S (sleeping)
2026-07-31T06:26:51.174126+00:00,7456.345402956,453.160773,5507,67.900,3.395,872.352,1898.758,37.938,15,0,4096,R (running)
2026-07-31T06:26:51.674967+00:00,7456.846181019,453.661551,5507,67.894,3.395,1003.914,2030.125,37.938,15,0,0,R (running)
2026-07-31T06:26:52.175906+00:00,7457.347169585,454.162539,5507,67.866,3.393,872.914,1899.039,37.938,15,0,4096,S (sleeping)
2026-07-31T06:26:52.676690+00:00,7457.847942709,454.663313,5507,63.901,3.195,873.531,1899.348,37.938,15,0,0,S (sleeping)
2026-07-31T06:26:53.177423+00:00,7458.348702166,455.164072,5507,69.894,3.495,873.531,1899.348,37.938,15,0,0,S (sleeping)
2026-07-31T06:26:53.678041+00:00,7458.849230693,455.664601,5507,63.932,3.197,1005.719,2031.359,37.938,15,0,4096,R (running)
2026-07-31T06:26:54.178815+00:00,7459.350095340,456.165465,5507,71.876,3.594,874.148,1899.656,37.938,15,0,0,S (sleeping)
2026-07-31T06:26:54.679562+00:00,7459.850823482,456.666193,5507,63.907,3.195,874.812,1899.988,37.938,15,0,0,S (sleeping)
2026-07-31T06:26:55.179907+00:00,7460.351184635,457.166555,5507,75.945,3.797,874.812,1899.988,37.938,15,0,4096,S (sleeping)
2026-07-31T06:26:55.680655+00:00,7460.851914047,457.667284,5507,59.913,2.996,894.113,2032.633,37.938,15,0,0,R (running)
2026-07-31T06:26:56.181427+00:00,7461.352707089,458.168077,5507,71.886,3.594,875.422,1900.293,37.938,15,0,0,S (sleeping)
2026-07-31T06:26:56.682158+00:00,7461.853418451,458.668788,5507,61.912,3.096,876.102,1900.637,37.938,15,0,0,S (sleeping)
2026-07-31T06:26:57.182898+00:00,7462.354176227,459.169546,5507,69.894,3.495,876.102,1900.637,37.938,15,0,4096,S (sleeping)
2026-07-31T06:26:57.683195+00:00,7462.854473416,459.669843,5507,77.954,3.898,876.719,2033.930,37.938,15,0,0,R (running)
2026-07-31T06:26:58.183923+00:00,7463.355193820,460.170564,5507,67.902,3.395,876.719,1900.941,37.938,15,0,0,S (sleeping)
2026-07-31T06:26:58.684677+00:00,7463.855935487,460.671305,5507,57.914,2.896,877.324,1901.246,37.938,15,0,4096,S (sleeping)
2026-07-31T06:26:59.185407+00:00,7464.356685205,461.172055,5507,69.895,3.495,877.324,1901.246,37.938,15,0,0,S (sleeping)
2026-07-31T06:26:59.686164+00:00,7464.857429872,461.672800,5507,61.908,3.095,973.621,2035.129,37.938,15,0,0,R (running)
2026-07-31T06:27:00.186944+00:00,7465.358205702,462.173576,5507,75.882,3.794,877.918,1901.543,37.938,15,0,0,S (sleeping)
2026-07-31T06:27:00.687711+00:00,7465.858981242,462.674351,5507,59.907,2.995,878.555,1901.859,37.938,15,0,4096,S (sleeping)
2026-07-31T06:27:01.188440+00:00,7466.359722150,463.175092,5507,73.891,3.695,878.555,1901.859,37.938,15,0,0,S (sleeping)
2026-07-31T06:27:01.688867+00:00,7466.860109869,463.675480,5507,63.950,3.198,1013.242,2036.359,37.938,15,0,0,R (running)
2026-07-31T06:27:02.189588+00:00,7467.360866727,464.176237,5507,71.891,3.595,879.148,1902.156,37.938,15,0,4096,S (sleeping)
2026-07-31T06:27:02.689918+00:00,7467.861196698,464.676567,5507,61.959,3.098,879.754,1902.457,37.938,15,0,0,R (running)
2026-07-31T06:27:03.190627+00:00,7468.361902181,465.177272,5507,71.899,3.595,879.754,1902.457,37.938,15,0,0,S (sleeping)
2026-07-31T06:27:03.691194+00:00,7468.862456367,465.677826,5507,63.929,3.196,880.387,1902.773,37.938,15,0,0,R (running)
2026-07-31T06:27:04.191970+00:00,7469.363228982,466.178599,5507,75.883,3.794,880.387,1902.773,37.938,15,0,4096,S (sleeping)
2026-07-31T06:27:04.692705+00:00,7469.863970707,466.679341,5507,59.911,2.996,880.965,1903.062,37.938,15,0,0,R (running)
2026-07-31T06:27:05.193449+00:00,7470.364726464,467.180096,5507,69.894,3.495,880.965,1903.062,37.938,15,0,0,S (sleeping)
2026-07-31T06:27:05.694202+00:00,7470.865475439,467.680845,5507,67.898,3.395,881.637,1903.398,37.938,15,0,4096,R (running)
2026-07-31T06:27:06.194928+00:00,7471.366199548,468.181569,5507,75.890,3.795,881.637,1903.398,37.938,15,0,0,S (sleeping)
2026-07-31T06:27:06.695665+00:00,7471.866934622,468.682304,5507,61.909,3.095,882.375,1903.770,37.938,15,0,4096,R (running)
2026-07-31T06:27:07.195001+00:00,7472.367694524,469.183064,5507,67.897,3.395,882.375,1903.770,37.938,15,0,4096,S (sleeping)
2026-07-31T06:27:07.695844+00:00,7472.868528657,469.683899,5507,67.887,3.394,882.953,1904.059,37.938,15,0,0,R (running)
2026-07-31T06:27:08.196585+00:00,7473.369286279,470.184656,5507,67.897,3.395,882.953,1904.059,37.938,15,0,0,S (sleeping)
2026-07-31T06:27:08.697313+00:00,7473.870017585,470.685387,5507,81.880,4.094,883.637,1904.398,37.938,15,0,0,R (running)
2026-07-31T06:27:09.198054+00:00,7474.370745039,471.186115,5507,65.904,3.295,883.637,1904.398,37.938,15,0,4096,S (sleeping)
2026-07-31T06:27:09.698791+00:00,7474.871485030,471.686855,5507,63.905,3.195,884.273,1904.719,37.938,15,0,0,S (sleeping)
2026-07-31T06:27:10.199379+00:00,7475.372078774,472.187449,5507,71.915,3.596,884.273,1904.719,37.938,15,0,0,S (sleeping)
2026-07-31T06:27:10.700256+00:00,7475.872947013,472.688317,5507,67.882,3.394,884.898,1905.031,37.938,15,0,4096,R (running)
2026-07-31T06:27:11.201008+00:00,7476.373694108,473.189064,5507,65.902,3.295,884.898,1905.031,37.938,15,0,0,S (sleeping)
2026-07-31T06:27:11.701743+00:00,7476.874436313,473.689806,5507,67.899,3.395,885.551,1905.355,37.938,15,0,0,S (sleeping)
2026-07-31T06:27:12.202484+00:00,7477.375174205,474.190544,5507,73.891,3.695,885.551,1905.355,37.938,15,0,0,S (sleeping)
2026-07-31T06:27:12.703287+00:00,7477.875962278,474.691332,5507,71.887,3.594,886.184,1905.672,37.938,15,0,4096,R (running)
2026-07-31T06:27:13.204038+00:00,7478.376722184,475.192092,5507,67.897,3.395,886.184,1905.672,37.938,15,0,0,S (sleeping)
2026-07-31T06:27:13.704778+00:00,7478.877477085,475.692847,5507,65.901,3.295,886.824,1905.992,37.938,15,0,0,S (sleeping)
2026-07-31T06:27:14.205703+00:00,7479.378305074,476.193675,5507,71.881,3.594,886.824,1905.992,37.938,15,0,4096,S (sleeping)
2026-07-31T06:27:14.706474+00:00,7479.879160752,476.694531,5507,67.884,3.394,887.465,1906.312,37.938,15,0,0,S (sleeping)
2026-07-31T06:27:15.207257+00:00,7480.379931452,477.195301,5507,71.889,3.594,887.465,1906.312,37.938,15,0,0,S (sleeping)
2026-07-31T06:27:15.707986+00:00,7480.880683928,477.696054,5507,61.907,3.095,888.012,1906.586,37.938,15,0,0,S (sleeping)
2026-07-31T06:27:16.208724+00:00,7481.381415165,478.196785,5507,69.898,3.495,888.012,1906.586,37.938,15,0,4096,S (sleeping)
2026-07-31T06:27:16.709448+00:00,7481.882153686,478.697524,5507,73.891,3.695,888.668,1906.914,37.938,15,0,0,S (sleeping)
2026-07-31T06:27:17.210234+00:00,7482.382899795,479.198270,5507,57.914,2.896,888.668,1906.914,37.938,15,0,0,S (sleeping)
2026-07-31T06:27:17.711026+00:00,7482.883714761,479.699085,5507,77.873,3.894,889.340,1907.250,37.938,15,0,4096,S (sleeping)
2026-07-31T06:27:18.211761+00:00,7483.384462617,480.199832,5507,61.907,3.095,889.340,1907.250,37.938,15,0,0,S (sleeping)
2026-07-31T06:27:18.712553+00:00,7483.885252390,480.700622,5507,71.886,3.594,889.965,1907.578,37.938,15,0,0,S (sleeping)
2026-07-31T06:27:19.213306+00:00,7484.385992933,481.201363,5507,63.905,3.195,889.965,1907.578,37.938,15,0,4096,S (sleeping)
2026-07-31T06:27:19.714054+00:00,7484.886753435,481.702123,5507,75.885,3.794,890.645,1907.918,37.938,15,0,0,S (sleeping)
2026-07-31T06:27:20.214790+00:00,7485.387488357,482.202858,5507,65.903,3.295,890.645,1907.918,37.938,15,0,0,S (sleeping)
2026-07-31T06:27:20.715551+00:00,7485.888237375,482.703607,5507,73.889,3.694,891.309,1908.250,37.938,15,0,0,S (sleeping)
2026-07-31T06:27:21.216289+00:00,7486.388981857,483.204352,5507,77.884,3.894,891.309,1908.250,37.938,15,0,4096,S (sleeping)
2026-07-31T06:27:21.717024+00:00,7486.889719106,483.705089,5507,65.903,3.295,891.918,1908.555,37.938,15,0,4096,R (running)
2026-07-31T06:27:22.217774+00:00,7487.390472658,484.205843,5507,69.895,3.495,891.918,1908.555,37.938,15,0,0,S (sleeping)
2026-07-31T06:27:22.718504+00:00,7487.891206700,484.706577,5507,71.894,3.595,892.582,1908.887,37.938,15,0,4096,S (sleeping)
2026-07-31T06:27:23.219273+00:00,7488.391947774,485.207318,5507,61.908,3.095,892.582,1908.887,37.938,15,0,0,S (sleeping)
2026-07-31T06:27:23.720003+00:00,7488.892699826,485.708070,5507,73.889,3.694,893.191,1909.191,37.938,15,0,0,S (sleeping)
2026-07-31T06:27:24.220761+00:00,7489.393451409,486.208821,5507,61.907,3.095,893.191,1909.191,37.938,15,0,4096,S (sleeping)
2026-07-31T06:27:24.721489+00:00,7489.894193393,486.709563,5507,73.890,3.695,893.809,1909.500,37.938,15,0,0,S (sleeping)
2026-07-31T06:27:25.222225+00:00,7490.394916756,487.210287,5507,65.905,3.295,893.809,1909.500,37.938,15,0,0,S (sleeping)
2026-07-31T06:27:25.722957+00:00,7490.895661956,487.711032,5507,71.893,3.595,894.426,1909.809,37.938,15,0,0,S (sleeping)
2026-07-31T06:27:26.223702+00:00,7491.396388689,488.211759,5507,57.916,2.896,894.426,1909.809,37.938,15,0,4096,S (sleeping)
2026-07-31T06:27:26.724423+00:00,7491.897127909,488.712498,5507,81.879,4.094,895.059,1910.125,37.938,15,0,0,S (sleeping)
2026-07-31T06:27:27.225164+00:00,7492.397848109,489.213218,5507,63.908,3.195,895.059,1910.125,37.938,15,0,0,S (sleeping)
2026-07-31T06:27:27.725925+00:00,7492.898619122,489.713989,5507,69.892,3.495,895.641,1910.418,37.938,15,0,4096,S (sleeping)
2026-07-31T06:27:28.226677+00:00,7493.399364234,490.214734,5507,61.908,3.095,895.641,1910.418,37.938,15,0,0,S (sleeping)
2026-07-31T06:27:28.727402+00:00,7493.900106018,490.715476,5507,77.884,3.894,896.270,1910.730,37.938,15,0,0,S (sleeping)
2026-07-31T06:27:29.228146+00:00,7494.400832831,491.216203,5507,61.910,3.096,896.270,1910.730,37.938,15,0,0,S (sleeping)
2026-07-31T06:27:29.728889+00:00,7494.901578426,491.716948,5507,79.881,3.994,896.887,1911.039,37.938,15,0,4096,S (sleeping)
2026-07-31T06:27:30.229621+00:00,7495.402318975,492.217689,5507,65.902,3.295,896.887,1911.039,37.938,15,0,0,S (sleeping)
2026-07-31T06:27:30.730358+00:00,7495.903047835,492.718418,5507,73.892,3.695,897.434,1911.312,37.938,15,0,0,S (sleeping)
2026-07-31T06:27:31.231129+00:00,7496.403815043,493.219185,5507,63.902,3.195,897.434,1911.312,37.938,15,0,4096,S (sleeping)
2026-07-31T06:27:31.731462+00:00,7496.904137278,493.719507,5507,79.948,3.997,898.035,1911.613,37.938,15,0,0,S (sleeping)
2026-07-31T06:27:32.232197+00:00,7497.404902317,494.220272,5507,59.908,2.995,898.035,1911.613,37.938,15,0,0,S (sleeping)
2026-07-31T06:27:32.732926+00:00,7497.905624699,494.720995,5507,71.896,3.595,898.652,1911.922,37.938,15,0,4096,S (sleeping)
2026-07-31T06:27:33.233694+00:00,7498.406382870,495.221753,5507,65.900,3.295,898.652,1911.922,37.938,15,0,0,S (sleeping)
2026-07-31T06:27:33.734427+00:00,7498.907116697,495.722487,5507,71.894,3.595,899.324,1912.258,37.938,15,0,0,S (sleeping)
2026-07-31T06:27:34.235172+00:00,7499.407857202,496.223227,5507,65.902,3.295,899.324,1912.258,37.938,15,0,0,S (sleeping)
2026-07-31T06:27:34.735955+00:00,7499.908647909,496.724018,5507,75.880,3.794,900.004,1912.598,37.938,15,0,4096,S (sleeping)
2026-07-31T06:27:35.236908+00:00,7500.409540654,497.224911,5507,85.847,4.292,900.004,1912.598,37.938,15,0,0,R (running)
2026-07-31T06:27:35.737664+00:00,7500.910357764,497.725728,5507,71.883,3.594,900.613,1912.902,37.938,15,0,0,R (running)
2026-07-31T06:27:36.238396+00:00,7501.411097528,498.226467,5507,57.914,2.896,900.613,1912.902,37.938,15,0,4096,S (sleeping)
2026-07-31T06:27:36.739121+00:00,7501.911819809,498.727190,5507,75.890,3.795,901.281,1913.238,37.938,15,0,4096,R (running)
2026-07-31T06:27:37.238564+00:00,7502.412553855,499.227924,5507,57.915,2.896,901.281,1913.238,37.938,15,0,0,S (sleeping)
2026-07-31T06:27:37.739297+00:00,7502.913291719,499.728662,5507,71.894,3.595,902.004,1913.598,37.938,15,0,0,S (sleeping)
2026-07-31T06:27:38.240093+00:00,7503.414046787,500.229417,5507,59.910,2.995,902.004,1913.598,37.938,15,0,4096,R (running)
2026-07-31T06:27:38.740852+00:00,7503.914848145,500.730218,5507,77.875,3.894,902.645,1913.918,37.938,15,0,0,S (sleeping)
2026-07-31T06:27:39.241598+00:00,7504.415586272,501.230956,5507,61.909,3.095,902.645,1913.918,37.938,15,0,0,S (sleeping)
2026-07-31T06:27:39.742329+00:00,7504.916329996,501.731700,5507,73.890,3.695,903.254,1914.223,37.938,15,0,4096,S (sleeping)
2026-07-31T06:27:40.243068+00:00,7505.417068854,502.232439,5507,65.903,3.295,903.254,1914.223,37.938,15,0,0,R (running)
2026-07-31T06:27:40.743805+00:00,7505.917792352,502.733162,5507,81.882,4.094,903.941,1914.566,37.938,15,0,0,R (running)
2026-07-31T06:27:41.244549+00:00,7506.418534572,503.233904,5507,63.905,3.195,903.941,1914.566,37.938,15,0,4096,R (running)
2026-07-31T06:27:41.745325+00:00,7506.919297643,503.734668,5507,73.887,3.694,904.527,1914.859,37.938,15,0,0,S (sleeping)
2026-07-31T06:27:42.246086+00:00,7507.420081882,504.235452,5507,65.897,3.295,904.527,1914.859,37.938,15,0,0,R (running)
2026-07-31T06:27:42.746835+00:00,7507.920822079,504.736192,5507,77.885,3.894,905.160,1915.176,37.938,15,0,0,R (running)
2026-07-31T06:27:43.247584+00:00,7508.421563748,505.236934,5507,55.917,2.796,905.160,1915.176,37.938,15,0,4096,S (sleeping)
2026-07-31T06:27:43.748345+00:00,7508.922330414,505.737700,5507,79.878,3.994,905.801,1915.496,37.938,15,0,0,R (running)
2026-07-31T06:27:44.249073+00:00,7509.423075004,506.238445,5507,71.893,3.595,905.801,1915.496,37.938,15,0,0,S (sleeping)
2026-07-31T06:27:44.749804+00:00,7509.923795740,506.739166,5507,77.888,3.894,906.539,1915.836,37.938,15,0,4096,R (running)
2026-07-31T06:27:45.250546+00:00,7510.424543335,507.239913,5507,55.916,2.796,906.539,1915.836,37.938,15,0,0,S (sleeping)
2026-07-31T06:27:45.751286+00:00,7510.925283649,507.740654,5507,79.882,3.994,907.180,1916.156,37.938,15,0,0,R (running)
2026-07-31T06:27:46.252033+00:00,7511.426019476,508.241389,5507,55.918,2.796,907.180,1916.156,37.938,15,0,0,S (sleeping)
2026-07-31T06:27:46.752771+00:00,7511.926767191,508.742137,5507,81.878,4.094,907.828,1916.480,37.938,15,0,4096,R (running)
2026-07-31T06:27:47.253489+00:00,7512.427490505,509.242860,5507,65.905,3.295,907.828,1916.480,37.938,15,0,0,S (sleeping)
2026-07-31T06:27:47.754227+00:00,7512.928211268,509.743581,5507,69.899,3.495,908.477,1916.805,37.938,15,0,0,S (sleeping)
2026-07-31T06:27:48.254971+00:00,7513.428967978,510.244338,5507,59.909,2.995,908.477,1916.805,37.938,15,0,4096,S (sleeping)
2026-07-31T06:27:48.755711+00:00,7513.929707128,510.745077,5507,75.888,3.794,909.148,1917.141,37.938,15,0,0,S (sleeping)
2026-07-31T06:27:49.256179+00:00,7514.430179362,511.245549,5507,67.936,3.397,909.148,1917.141,37.938,15,0,0,S (sleeping)
2026-07-31T06:27:49.756909+00:00,7514.930908322,511.746278,5507,65.904,3.295,909.805,1917.469,37.938,15,0,0,S (sleeping)
2026-07-31T06:27:50.257642+00:00,7515.431633205,512.247003,5507,61.910,3.096,909.805,1917.469,37.938,15,0,4096,S (sleeping)
2026-07-31T06:27:50.758373+00:00,7515.932369352,512.747739,5507,73.891,3.695,910.422,1917.777,37.938,15,0,0,S (sleeping)
2026-07-31T06:27:51.259165+00:00,7516.433162042,513.248532,5507,73.883,3.694,910.422,1917.777,37.938,15,0,0,S (sleeping)
2026-07-31T06:27:51.759888+00:00,7516.933889471,513.749259,5507,75.890,3.794,911.070,1918.102,37.938,15,0,8192,S (sleeping)
2026-07-31T06:27:52.260623+00:00,7517.434613600,514.249983,5507,59.913,2.996,911.070,1918.102,37.938,15,0,0,S (sleeping)
2026-07-31T06:27:52.761345+00:00,7517.935347176,514.750717,5507,79.883,3.994,911.625,1918.379,37.938,15,0,0,S (sleeping)
2026-07-31T06:27:53.262060+00:00,7518.436068419,515.251438,5507,59.914,2.996,911.625,1918.379,37.938,15,0,4096,S (sleeping)
2026-07-31T06:27:53.762796+00:00,7518.936792143,515.752162,5507,75.890,3.795,912.324,1918.727,37.938,15,0,0,S (sleeping)
2026-07-31T06:27:54.263514+00:00,7519.437518091,516.252888,5507,61.910,3.096,912.324,1918.727,37.938,15,0,0,S (sleeping)
2026-07-31T06:27:54.764282+00:00,7519.938283302,516.753653,5507,75.884,3.794,912.988,1919.059,37.938,15,0,0,S (sleeping)
2026-07-31T06:27:55.265012+00:00,7520.439009856,517.254380,5507,61.910,3.096,912.988,1919.059,37.938,15,0,4096,S (sleeping)
2026-07-31T06:27:55.765867+00:00,7520.939794935,517.755165,5507,63.900,3.195,913.605,1919.367,37.938,15,0,0,R (running)
2026-07-31T06:27:56.266709+00:00,7521.440703487,518.256073,5507,73.866,3.693,913.605,1919.367,37.938,15,0,0,S (sleeping)
2026-07-31T06:27:56.767437+00:00,7521.941441192,518.756811,5507,77.885,3.894,914.223,1919.676,37.938,15,0,4096,S (sleeping)
2026-07-31T06:27:57.268168+00:00,7522.442158919,519.257529,5507,53.923,2.696,914.223,1919.676,37.938,15,0,0,R (running)
2026-07-31T06:27:57.768922+00:00,7522.942906947,519.758277,5507,71.892,3.595,914.895,1920.012,37.938,15,0,0,R (running)
2026-07-31T06:27:58.269735+00:00,7523.443733719,520.259104,5507,71.881,3.594,914.895,1920.012,37.938,15,0,4096,S (sleeping)
2026-07-31T06:27:58.770500+00:00,7523.944488480,520.759858,5507,71.891,3.595,915.535,1920.332,37.938,15,0,0,R (running)
2026-07-31T06:27:59.271242+00:00,7524.445238862,521.260609,5507,67.898,3.395,915.535,1920.332,37.938,15,0,0,S (sleeping)
2026-07-31T06:27:59.772001+00:00,7524.945999772,521.761370,5507,65.900,3.295,916.160,1920.645,37.938,15,0,0,R (running)
2026-07-31T06:28:00.272748+00:00,7525.446731776,522.262102,5507,65.904,3.295,916.160,1920.645,37.938,15,0,4096,R (running)
2026-07-31T06:28:00.773486+00:00,7525.947487385,522.762857,5507,85.870,4.294,916.848,1920.988,37.938,15,0,0,S (sleeping)
2026-07-31T06:28:01.274212+00:00,7526.448214451,523.263584,5507,59.913,2.996,916.848,1920.988,37.938,15,0,0,S (sleeping)
2026-07-31T06:28:01.774951+00:00,7526.948941696,523.764312,5507,79.884,3.994,917.441,1921.285,37.938,15,0,4096,S (sleeping)
2026-07-31T06:28:02.275705+00:00,7527.449691473,524.265061,5507,59.910,2.996,917.441,1921.285,37.938,15,0,0,S (sleeping)
2026-07-31T06:28:02.776478+00:00,7527.950472835,524.765843,5507,79.875,3.994,918.094,1921.613,37.938,15,0,0,S (sleeping)
2026-07-31T06:28:03.277211+00:00,7528.451210533,525.266580,5507,61.909,3.095,918.094,1921.613,37.938,15,0,4096,S (sleeping)
2026-07-31T06:28:03.777972+00:00,7528.951943761,525.767314,5507,77.886,3.894,918.730,1921.930,37.938,15,0,0,S (sleeping)
2026-07-31T06:28:04.278712+00:00,7529.452711470,526.268081,5507,55.914,2.796,918.730,1921.930,37.938,15,0,0,S (sleeping)
2026-07-31T06:28:04.779444+00:00,7529.953446777,526.768817,5507,83.877,4.194,919.340,1922.234,37.938,15,0,0,S (sleeping)
2026-07-31T06:28:05.280190+00:00,7530.454174933,527.269545,5507,71.895,3.595,919.340,1922.234,37.938,15,0,4096,S (sleeping)
2026-07-31T06:28:05.780947+00:00,7530.954931946,527.770302,5507,71.891,3.595,920.051,1922.590,37.938,15,0,0,S (sleeping)
2026-07-31T06:28:06.281694+00:00,7531.455681795,528.271052,5507,57.913,2.896,920.051,1922.590,37.938,15,0,0,S (sleeping)
2026-07-31T06:28:06.782425+00:00,7531.956425220,528.771795,5507,75.887,3.794,920.652,1922.891,37.938,15,0,8192,S (sleeping)
2026-07-31T06:28:07.281513+00:00,7532.457160298,529.272530,5507,59.912,2.996,920.652,1922.891,37.938,15,0,0,S (sleeping)
2026-07-31T06:28:07.782246+00:00,7532.957895688,529.773266,5507,73.891,3.695,921.184,1923.156,37.938,15,0,0,S (sleeping)
2026-07-31T06:28:08.282984+00:00,7533.458630861,530.274001,5507,61.909,3.095,921.184,1923.156,37.938,15,0,0,S (sleeping)
2026-07-31T06:28:08.783719+00:00,7533.959360455,530.774730,5507,75.889,3.794,921.855,1923.492,37.938,15,0,4096,S (sleeping)
2026-07-31T06:28:09.284558+00:00,7534.460134659,531.275505,5507,61.904,3.095,921.855,1923.492,37.938,15,0,0,S (sleeping)
2026-07-31T06:28:09.785319+00:00,7534.960965443,531.776335,5507,71.881,3.594,922.504,1923.816,37.938,15,0,0,S (sleeping)
2026-07-31T06:28:10.286049+00:00,7535.461698841,532.277069,5507,69.897,3.495,922.504,1923.816,37.938,15,0,4096,S (sleeping)
2026-07-31T06:28:10.786787+00:00,7535.962438253,532.777808,5507,77.885,3.894,923.184,1924.156,37.938,15,0,0,S (sleeping)
2026-07-31T06:28:11.287518+00:00,7536.463170010,533.278540,5507,61.909,3.095,923.184,1924.156,37.938,15,0,0,S (sleeping)
2026-07-31T06:28:11.788298+00:00,7536.963906478,533.779276,5507,75.888,3.794,923.910,1924.520,37.938,15,0,4096,S (sleeping)
2026-07-31T06:28:12.289042+00:00,7537.464677830,534.280048,5507,65.898,3.295,923.910,1924.520,37.938,15,0,0,S (sleeping)
2026-07-31T06:28:12.789835+00:00,7537.965442255,534.780812,5507,77.881,3.894,924.652,1924.891,37.938,15,0,0,S (sleeping)
2026-07-31T06:28:13.290581+00:00,7538.466233303,535.281603,5507,61.902,3.095,924.652,1924.891,37.938,15,0,0,S (sleeping)
2026-07-31T06:28:13.791317+00:00,7538.966965397,535.782335,5507,75.889,3.794,925.199,1925.164,37.938,15,0,4096,S (sleeping)
2026-07-31T06:28:14.292052+00:00,7539.467701069,536.283071,5507,65.903,3.295,925.199,1925.164,37.938,15,0,0,S (sleeping)
2026-07-31T06:28:14.792785+00:00,7539.968437272,536.783807,5507,79.882,3.994,925.871,1925.500,37.938,15,0,0,S (sleeping)
2026-07-31T06:28:15.293514+00:00,7540.469162363,537.284532,5507,69.899,3.495,925.871,1925.500,37.938,15,0,4096,S (sleeping)
2026-07-31T06:28:15.794267+00:00,7540.969911180,537.785281,5507,79.880,3.994,926.523,1925.828,37.938,15,0,0,S (sleeping)
2026-07-31T06:28:16.295016+00:00,7541.470661783,538.286032,5507,63.904,3.195,926.523,1925.828,37.938,15,0,0,S (sleeping)
2026-07-31T06:28:16.795755+00:00,7541.971394730,538.786765,5507,75.889,3.794,927.156,1926.145,37.938,15,0,0,S (sleeping)
2026-07-31T06:28:17.296556+00:00,7542.472132991,539.287503,5507,67.900,3.395,927.156,1926.145,37.938,15,0,4096,R (running)
2026-07-31T06:28:17.797322+00:00,7542.972944578,539.788314,5507,85.861,4.293,927.801,1926.465,37.938,15,0,0,S (sleeping)
2026-07-31T06:28:18.298056+00:00,7543.473699481,540.289069,5507,65.901,3.295,927.801,1926.465,37.938,15,0,0,S (sleeping)
2026-07-31T06:28:18.798804+00:00,7543.974450994,540.789821,5507,77.883,3.894,928.488,1926.809,37.938,15,0,4096,S (sleeping)
2026-07-31T06:28:19.299621+00:00,7544.475267751,541.290638,5507,63.896,3.195,928.488,1926.809,37.938,15,0,0,S (sleeping)
2026-07-31T06:28:19.800390+00:00,7544.976039009,541.791409,5507,79.877,3.994,929.168,1927.148,37.938,15,0,0,S (sleeping)
2026-07-31T06:28:20.301125+00:00,7545.476768078,542.292138,5507,59.913,2.996,929.168,1927.148,37.938,15,0,4096,S (sleeping)
2026-07-31T06:28:20.801863+00:00,7545.977503134,542.792873,5507,75.888,3.794,929.762,1927.445,37.938,15,0,0,S (sleeping)
2026-07-31T06:28:21.302596+00:00,7546.478244758,543.293615,5507,61.908,3.095,929.762,1927.445,37.938,15,0,0,S (sleeping)
2026-07-31T06:28:21.803341+00:00,7546.978975640,543.794346,5507,73.892,3.695,930.371,1927.750,37.938,15,0,0,S (sleeping)
2026-07-31T06:28:22.304164+00:00,7547.479801845,544.295172,5507,61.898,3.095,930.371,1927.750,37.938,15,0,8192,S (sleeping)
2026-07-31T06:28:22.804906+00:00,7547.980553416,544.795923,5507,77.883,3.894,931.027,1928.078,37.938,15,0,0,S (sleeping)
2026-07-31T06:28:23.305191+00:00,7548.480837258,545.296207,5507,61.965,3.098,931.027,1928.078,37.938,15,0,0,S (sleeping)
2026-07-31T06:28:23.805917+00:00,7548.981565716,545.796936,5507,79.884,3.994,931.691,1928.410,37.938,15,0,4096,S (sleeping)
2026-07-31T06:28:24.306632+00:00,7549.482285872,546.297656,5507,67.902,3.395,931.691,1928.410,37.938,15,0,0,S (sleeping)
2026-07-31T06:28:24.807355+00:00,7549.983005129,546.798375,5507,73.894,3.695,932.402,1928.766,37.938,15,0,0,S (sleeping)
2026-07-31T06:28:25.308081+00:00,7550.483733518,547.299103,5507,59.913,2.996,932.402,1928.766,37.938,15,0,0,S (sleeping)
2026-07-31T06:28:25.808812+00:00,7550.984458290,547.799828,5507,73.893,3.695,933.043,1929.090,37.938,15,0,4096,S (sleeping)
2026-07-31T06:28:26.309534+00:00,7551.485188234,548.300558,5507,59.913,2.996,933.043,1929.090,37.938,15,0,0,S (sleeping)
2026-07-31T06:28:26.810274+00:00,7551.985920924,548.801291,5507,75.889,3.794,933.738,1929.434,37.938,15,0,0,S (sleeping)
2026-07-31T06:28:27.310714+00:00,7552.486353743,549.301724,5507,85.926,4.296,933.738,1929.434,37.938,15,0,4096,R (running)
2026-07-31T06:28:27.811451+00:00,7552.987102547,549.802472,5507,71.892,3.595,934.387,1929.758,37.938,15,0,0,S (sleeping)
2026-07-31T06:28:28.312197+00:00,7553.487844795,550.303215,5507,55.917,2.796,934.387,1929.758,37.938,15,0,0,S (sleeping)
2026-07-31T06:28:28.812972+00:00,7553.988617735,550.803988,5507,75.883,3.794,934.891,1930.012,37.938,15,0,4096,S (sleeping)
2026-07-31T06:28:29.313729+00:00,7554.489377090,551.304747,5507,57.912,2.896,934.891,1930.012,37.938,15,0,0,S (sleeping)
2026-07-31T06:28:29.814459+00:00,7554.990109316,551.805479,5507,77.886,3.894,935.605,1930.367,37.938,15,0,0,S (sleeping)
2026-07-31T06:28:30.315339+00:00,7555.490884985,552.306255,5507,65.898,3.295,935.605,1930.367,37.938,15,0,0,S (sleeping)
2026-07-31T06:28:30.816138+00:00,7555.991776577,552.807146,5507,79.858,3.993,936.191,1930.660,37.938,15,0,4096,S (sleeping)
2026-07-31T06:28:31.316896+00:00,7556.492537143,553.307907,5507,63.903,3.195,936.191,1930.660,37.938,15,0,0,S (sleeping)
2026-07-31T06:28:31.817635+00:00,7556.993283204,553.808653,5507,83.875,4.194,936.809,1930.969,37.938,15,0,0,S (sleeping)
2026-07-31T06:28:32.318531+00:00,7557.494079461,554.309449,5507,77.876,3.894,936.809,1930.969,37.938,15,0,4096,S (sleeping)
2026-07-31T06:28:32.819285+00:00,7557.994940906,554.810311,5507,75.869,3.793,937.426,1931.277,37.938,15,0,0,S (sleeping)
2026-07-31T06:28:33.319991+00:00,7558.495644478,555.311014,5507,59.916,2.996,937.426,1931.277,37.938,15,0,0,S (sleeping)
2026-07-31T06:28:33.820720+00:00,7558.996361379,555.811731,5507,73.894,3.695,938.105,1931.617,37.938,15,0,4096,S (sleeping)
2026-07-31T06:28:34.321454+00:00,7559.497092941,556.312463,5507,61.909,3.095,938.105,1931.617,37.938,15,0,0,S (sleeping)
2026-07-31T06:28:34.822174+00:00,7559.997824213,556.813194,5507,75.889,3.794,938.723,1931.926,37.938,15,0,0,S (sleeping)
2026-07-31T06:28:35.322904+00:00,7560.498557242,557.313927,5507,63.906,3.195,938.723,1931.926,37.938,15,0,0,S (sleeping)
2026-07-31T06:28:35.823633+00:00,7560.999285980,557.814656,5507,73.892,3.695,939.395,1932.262,37.938,15,0,4096,S (sleeping)
2026-07-31T06:28:36.324391+00:00,7561.500034496,558.315404,5507,61.907,3.095,939.395,1932.262,37.938,15,0,0,S (sleeping)
2026-07-31T06:28:36.825101+00:00,7562.000757342,558.816127,5507,77.887,3.894,940.035,1932.582,37.938,15,0,0,S (sleeping)
2026-07-31T06:28:37.324610+00:00,7562.501608827,559.316979,5507,69.881,3.494,940.035,1932.582,37.938,15,0,8192,S (sleeping)
2026-07-31T06:28:37.825323+00:00,7563.002350570,559.817720,5507,69.896,3.495,940.684,1932.906,37.938,15,0,0,S (sleeping)
2026-07-31T06:28:38.325846+00:00,7563.502875038,560.318245,5507,65.931,3.297,940.684,1932.906,37.938,15,0,0,S (sleeping)
2026-07-31T06:28:38.826614+00:00,7564.003641571,560.819011,5507,73.887,3.694,941.215,1933.172,37.938,15,0,0,S (sleeping)
2026-07-31T06:28:39.327049+00:00,7564.504078768,561.319449,5507,59.948,2.997,941.215,1933.172,37.938,15,0,4096,S (sleeping)
2026-07-31T06:28:39.827799+00:00,7565.004819855,561.820190,5507,73.890,3.695,941.824,1933.477,37.938,15,0,0,S (sleeping)
2026-07-31T06:28:40.328528+00:00,7565.505553887,562.320924,5507,59.912,2.996,941.824,1933.477,37.938,15,0,0,S (sleeping)
2026-07-31T06:28:40.829263+00:00,7566.006283158,562.821653,5507,79.883,3.994,942.410,1933.770,37.938,15,0,4096,S (sleeping)
2026-07-31T06:28:41.330068+00:00,7566.507058720,563.322429,5507,59.907,2.995,942.410,1933.770,37.938,15,0,0,S (sleeping)
2026-07-31T06:28:41.830806+00:00,7567.007827556,563.823197,5507,77.880,3.894,943.066,1934.098,37.938,15,0,0,S (sleeping)
2026-07-31T06:28:42.331327+00:00,7567.508232187,564.323602,5507,63.948,3.197,943.066,1934.098,37.938,15,0,4096,S (sleeping)
2026-07-31T06:28:42.831713+00:00,7568.008737599,564.824107,5507,103.895,5.195,943.637,1934.383,37.938,15,0,0,S (sleeping)
2026-07-31T06:28:43.332445+00:00,7568.509472033,565.324842,5507,59.912,2.996,943.637,1934.383,37.938,15,0,0,S (sleeping)
2026-07-31T06:28:43.833183+00:00,7569.010203532,565.825573,5507,69.898,3.495,944.199,1934.664,37.938,15,0,0,S (sleeping)
2026-07-31T06:28:44.333941+00:00,7569.510969717,566.326340,5507,57.911,2.896,944.199,1934.664,37.938,15,0,4096,R (running)
2026-07-31T06:28:44.834942+00:00,7570.011930871,566.827301,5507,75.854,3.793,944.832,1934.980,37.938,15,0,0,S (sleeping)
2026-07-31T06:28:45.335674+00:00,7570.512700499,567.328070,5507,59.908,2.995,944.832,1934.980,37.938,15,0,0,S (sleeping)
2026-07-31T06:28:45.836443+00:00,7571.013424094,567.828794,5507,73.893,3.695,945.414,1935.270,37.938,15,0,4096,R (running)
2026-07-31T06:28:46.337213+00:00,7571.514212274,568.329582,5507,71.887,3.594,945.414,1935.270,37.938,15,0,0,R (running)
2026-07-31T06:28:46.837952+00:00,7572.014977200,568.830347,5507,73.887,3.694,946.023,1935.574,37.938,15,0,0,R (running)
2026-07-31T06:28:47.338677+00:00,7572.515701236,569.331071,5507,57.916,2.896,946.023,1935.574,37.938,15,0,4096,R (running)
2026-07-31T06:28:47.839427+00:00,7573.016439904,569.831810,5507,71.894,3.595,946.672,1935.898,37.938,15,0,0,R (running)
2026-07-31T06:28:48.340171+00:00,7573.517190642,570.332561,5507,59.910,2.996,946.672,1935.898,37.938,15,0,0,R (running)
2026-07-31T06:28:48.840902+00:00,7574.017927903,570.833298,5507,75.888,3.794,947.102,1936.184,37.938,15,0,0,R (running)
2026-07-31T06:28:49.341633+00:00,7574.518651385,571.334021,5507,59.913,2.996,947.102,1936.184,37.938,15,0,4096,R (running)
2026-07-31T06:28:49.842381+00:00,7575.019381038,571.834751,5507,71.895,3.595,947.695,1936.480,37.938,15,0,0,R (running)
2026-07-31T06:28:50.343062+00:00,7575.520079373,572.335449,5507,61.914,3.096,947.695,1936.480,37.938,15,0,0,R (running)
2026-07-31T06:28:50.843793+00:00,7576.020819705,572.836190,5507,77.885,3.894,948.297,1936.781,37.938,15,0,4096,R (running)
2026-07-31T06:28:51.344539+00:00,7576.521547498,573.336917,5507,57.916,2.896,948.297,1936.781,37.938,15,0,0,R (running)
2026-07-31T06:28:51.845297+00:00,7577.022311896,573.837682,5507,79.878,3.994,948.945,1937.105,37.938,15,0,0,R (running)
2026-07-31T06:28:52.346041+00:00,7577.523048890,574.338419,5507,59.912,2.996,948.945,1937.105,37.938,15,0,8192,R (running)
2026-07-31T06:28:52.846787+00:00,7578.023797722,574.839168,5507,71.892,3.595,949.484,1937.375,37.938,15,0,0,R (running)
2026-07-31T06:28:53.347184+00:00,7578.524126755,575.339497,5507,63.958,3.198,949.484,1937.375,37.938,15,0,0,R (running)
2026-07-31T06:28:53.847933+00:00,7579.024957995,575.840328,5507,75.874,3.794,950.094,1937.680,37.938,15,0,0,R (running)
2026-07-31T06:28:54.348664+00:00,7579.525681923,576.341052,5507,57.916,2.896,950.094,1937.680,37.938,15,0,4096,R (running)
2026-07-31T06:28:54.849400+00:00,7580.026411235,576.841781,5507,73.892,3.695,950.688,1937.977,37.938,15,0,0,R (running)
2026-07-31T06:28:55.350253+00:00,7580.527202297,577.342572,5507,59.905,2.995,950.688,1937.977,37.938,15,0,0,R (running)
2026-07-31T06:28:55.851025+00:00,7581.028038536,577.843408,5507,75.873,3.794,951.281,1938.273,37.938,15,0,4096,R (running)
2026-07-31T06:28:56.351753+00:00,7581.528779045,578.344149,5507,59.911,2.996,951.281,1938.273,37.938,15,0,0,S (sleeping)
2026-07-31T06:28:56.852495+00:00,7582.029521472,578.844891,5507,75.887,3.794,951.902,1938.586,37.938,15,0,0,S (sleeping)
2026-07-31T06:28:57.353218+00:00,7582.530244402,579.345614,5507,61.910,3.096,951.902,1938.586,37.938,15,0,0,S (sleeping)
2026-07-31T06:28:57.853956+00:00,7583.030981270,579.846351,5507,71.894,3.595,952.586,1938.926,37.938,15,0,4096,S (sleeping)
2026-07-31T06:28:58.354682+00:00,7583.531708487,580.347078,5507,57.916,2.896,952.586,1938.926,37.938,15,0,0,S (sleeping)
2026-07-31T06:28:58.855544+00:00,7584.032494248,580.847864,5507,75.881,3.794,953.133,1939.199,37.938,15,0,0,S (sleeping)
2026-07-31T06:28:59.356321+00:00,7584.533329703,581.348700,5507,49.917,2.496,953.133,1939.199,37.938,15,0,4096,S (sleeping)
2026-07-31T06:28:59.857053+00:00,7585.034077517,581.849447,5507,93.860,4.693,953.742,1939.504,37.938,15,0,0,S (sleeping)
2026-07-31T06:29:00.357780+00:00,7585.534806519,582.350176,5507,57.916,2.896,953.742,1939.504,37.938,15,0,0,S (sleeping)
2026-07-31T06:29:00.858562+00:00,7586.035585480,582.850955,5507,73.885,3.694,954.469,1939.867,37.938,15,0,4096,S (sleeping)
2026-07-31T06:29:01.359307+00:00,7586.536309637,583.351680,5507,63.907,3.195,954.469,1939.867,37.938,15,0,0,S (sleeping)
2026-07-31T06:29:01.860042+00:00,7587.037064219,583.852434,5507,77.882,3.894,955.156,1940.211,37.938,15,0,0,S (sleeping)
2026-07-31T06:29:02.360851+00:00,7587.537875405,584.353245,5507,49.919,2.496,955.156,1940.211,37.938,15,0,0,S (sleeping)
2026-07-31T06:29:02.861588+00:00,7588.038614456,584.853984,5507,85.873,4.294,955.719,1940.492,37.938,15,0,4096,S (sleeping)
2026-07-31T06:29:03.362326+00:00,7588.539350788,585.354721,5507,63.906,3.195,955.719,1940.492,37.938,15,0,0,S (sleeping)
2026-07-31T06:29:03.863065+00:00,7589.040089500,585.855459,5507,73.891,3.695,956.328,1940.797,37.938,15,0,0,S (sleeping)
2026-07-31T06:29:04.363802+00:00,7589.540820431,586.356190,5507,57.915,2.896,956.328,1940.797,37.938,15,0,4096,S (sleeping)
2026-07-31T06:29:04.864561+00:00,7590.041575828,586.856946,5507,75.885,3.794,956.891,1941.078,37.938,15,0,0,S (sleeping)
2026-07-31T06:29:05.365453+00:00,7590.542382674,587.357753,5507,47.923,2.396,956.891,1941.078,37.938,15,0,0,R (running)
2026-07-31T06:29:05.866218+00:00,7591.043242287,587.858612,5507,87.849,4.392,957.492,1941.379,37.938,15,0,0,S (sleeping)
2026-07-31T06:29:06.366963+00:00,7591.543964936,588.359335,5507,55.919,2.796,957.492,1941.379,37.938,15,0,4096,S (sleeping)
2026-07-31T06:29:06.867680+00:00,7592.044704342,588.860074,5507,93.861,4.693,958.117,1941.691,37.938,15,0,0,S (sleeping)
2026-07-31T06:29:07.366452+00:00,7592.545009322,589.360379,5507,55.966,2.798,958.117,1941.691,37.938,15,0,4096,S (sleeping)
2026-07-31T06:29:07.867193+00:00,7593.045748450,589.861118,5507,71.894,3.595,958.703,1941.984,37.938,15,0,4096,R (running)
2026-07-31T06:29:08.367934+00:00,7593.546487758,590.361858,5507,57.914,2.896,958.703,1941.984,37.938,15,0,0,S (sleeping)
2026-07-31T06:29:08.868668+00:00,7594.047230505,590.862600,5507,77.884,3.894,959.414,1942.340,37.938,15,0,0,S (sleeping)
2026-07-31T06:29:09.369482+00:00,7594.548023638,591.363394,5507,59.905,2.995,959.414,1942.340,37.938,15,0,4096,S (sleeping)
2026-07-31T06:29:09.870228+00:00,7595.048798649,591.864169,5507,77.879,3.894,960.047,1942.656,37.938,15,0,0,S (sleeping)
2026-07-31T06:29:10.370971+00:00,7595.549524857,592.364895,5507,57.916,2.896,960.047,1942.656,37.938,15,0,0,S (sleeping)
2026-07-31T06:29:10.871717+00:00,7596.050270117,592.865640,5507,79.881,3.994,960.609,1942.938,37.938,15,0,0,S (sleeping)
2026-07-31T06:29:11.372473+00:00,7596.551028870,593.366399,5507,59.909,2.995,960.609,1942.938,37.938,15,0,4096,S (sleeping)
2026-07-31T06:29:11.873162+00:00,7597.051725180,593.867095,5507,71.900,3.595,961.102,1943.184,37.938,15,0,0,S (sleeping)
2026-07-31T06:29:12.373927+00:00,7597.552476170,594.367846,5507,59.910,2.996,961.102,1943.184,37.938,15,0,0,S (sleeping)
2026-07-31T06:29:12.874675+00:00,7598.053232864,594.868603,5507,77.882,3.894,961.688,1943.477,37.938,15,0,4096,S (sleeping)
2026-07-31T06:29:13.375420+00:00,7598.553986054,595.369356,5507,59.910,2.995,961.688,1943.477,37.938,15,0,0,S (sleeping)
2026-07-31T06:29:13.876153+00:00,7599.054722080,595.870092,5507,73.891,3.695,962.414,1943.840,37.938,15,0,0,S (sleeping)
2026-07-31T06:29:14.376897+00:00,7599.555452411,596.370822,5507,59.912,2.996,962.414,1943.840,37.938,15,0,0,S (sleeping)
2026-07-31T06:29:14.877631+00:00,7600.056199002,596.871569,5507,73.890,3.694,963.055,1944.160,37.938,15,0,4096,S (sleeping)
2026-07-31T06:29:15.378365+00:00,7600.556933795,597.372304,5507,61.909,3.095,963.055,1944.160,37.938,15,0,0,S (sleeping)
2026-07-31T06:29:15.879113+00:00,7601.057672113,597.873042,5507,73.891,3.695,963.613,1944.441,37.938,15,0,0,S (sleeping)
2026-07-31T06:29:16.379879+00:00,7601.558432807,598.373803,5507,55.915,2.796,963.613,1944.441,37.938,15,0,4096,S (sleeping)
2026-07-31T06:29:16.880620+00:00,7602.059187933,598.874558,5507,75.885,3.794,964.195,1944.730,37.938,15,0,0,S (sleeping)
2026-07-31T06:29:17.381409+00:00,7602.559955941,599.375326,5507,55.914,2.796,964.195,1944.730,37.938,15,0,0,S (sleeping)
2026-07-31T06:29:17.882149+00:00,7603.060716039,599.876086,5507,91.860,4.593,964.781,1945.023,37.938,15,0,4096,S (sleeping)
2026-07-31T06:29:18.382698+00:00,7603.561261308,600.376631,5507,55.939,2.797,964.781,1945.023,37.938,15,0,0,S (sleeping)
2026-07-31T06:29:18.883493+00:00,7604.062038922,600.877409,5507,75.882,3.794,965.328,1945.297,37.938,15,0,0,S (sleeping)
2026-07-31T06:29:19.384242+00:00,7604.562805483,601.378175,5507,57.911,2.896,965.328,1945.297,37.938,15,0,0,S (sleeping)
2026-07-31T06:29:19.885012+00:00,7605.063555538,601.878925,5507,69.895,3.495,965.930,1945.598,37.938,15,0,4096,S (sleeping)
2026-07-31T06:29:20.385819+00:00,7605.564389603,602.379759,5507,57.903,2.895,965.930,1945.598,37.938,15,0,0,S (sleeping)
2026-07-31T06:29:20.886571+00:00,7606.065136935,602.880507,5507,75.887,3.794,966.547,1945.906,37.938,15,0,0,S (sleeping)
2026-07-31T06:29:21.387295+00:00,7606.565865504,603.381235,5507,57.916,2.896,966.547,1945.906,37.938,15,0,4096,S (sleeping)
2026-07-31T06:29:21.888038+00:00,7607.066600099,603.881970,5507,75.889,3.794,967.102,1946.184,37.938,15,0,0,S (sleeping)
2026-07-31T06:29:22.388767+00:00,7607.567333748,604.382704,5507,61.909,3.095,967.102,1946.184,37.938,15,0,4096,S (sleeping)
2026-07-31T06:29:22.889554+00:00,7608.068098984,604.883469,5507,75.884,3.794,967.820,1946.543,37.938,15,0,0,S (sleeping)
2026-07-31T06:29:23.390291+00:00,7608.568851046,605.384221,5507,59.910,2.995,967.820,1946.543,37.938,15,0,4096,S (sleeping)
2026-07-31T06:29:23.891023+00:00,7609.069592719,605.884963,5507,73.890,3.695,968.344,1946.805,37.938,15,0,0,S (sleeping)
2026-07-31T06:29:24.391751+00:00,7609.570319146,606.385689,5507,67.901,3.395,968.344,1946.805,37.938,15,0,0,S (sleeping)
2026-07-31T06:29:24.892496+00:00,7610.071060454,606.886430,5507,75.887,3.794,968.992,1947.129,37.938,15,0,4096,S (sleeping)
2026-07-31T06:29:25.393235+00:00,7610.571794302,607.387164,5507,57.915,2.896,968.992,1947.129,37.938,15,0,0,S (sleeping)
2026-07-31T06:29:25.893987+00:00,7611.072545519,607.887915,5507,73.889,3.694,969.562,1947.414,37.938,15,0,0,S (sleeping)
2026-07-31T06:29:26.394915+00:00,7611.573354591,608.388724,5507,61.900,3.095,969.562,1947.414,37.938,15,0,4096,S (sleeping)
2026-07-31T06:29:26.895255+00:00,7612.073824085,608.889194,5507,75.929,3.796,970.172,1947.719,37.938,15,0,0,S (sleeping)
2026-07-31T06:29:27.395995+00:00,7612.574561960,609.389932,5507,65.903,3.295,970.172,1947.719,37.938,15,0,0,S (sleeping)
2026-07-31T06:29:27.896709+00:00,7613.075276940,609.890647,5507,77.889,3.894,970.859,1948.062,37.938,15,0,0,S (sleeping)
2026-07-31T06:29:28.397470+00:00,7613.576037560,610.391407,5507,63.903,3.195,970.859,1948.062,37.938,15,0,4096,S (sleeping)
2026-07-31T06:29:28.898198+00:00,7614.076768808,610.892139,5507,77.886,3.894,971.453,1948.359,37.938,15,0,0,S (sleeping)
2026-07-31T06:29:29.398933+00:00,7614.577499032,611.392869,5507,67.901,3.395,971.453,1948.359,37.938,15,0,0,S (sleeping)
2026-07-31T06:29:29.899735+00:00,7615.078279520,611.893649,5507,75.882,3.794,972.109,1948.688,37.938,15,0,4096,S (sleeping)
2026-07-31T06:29:30.400494+00:00,7615.579052861,612.394423,5507,63.901,3.195,972.109,1948.688,37.938,15,0,0,S (sleeping)
2026-07-31T06:29:30.901230+00:00,7616.079795433,612.895165,5507,79.881,3.994,972.734,1949.000,37.938,15,0,0,S (sleeping)
2026-07-31T06:29:31.402014+00:00,7616.580583078,613.395953,5507,59.906,2.995,972.734,1949.000,37.938,15,0,0,S (sleeping)
2026-07-31T06:29:31.902749+00:00,7617.081301585,613.896671,5507,77.888,3.894,973.312,1949.289,37.938,15,0,4096,S (sleeping)
2026-07-31T06:29:32.403491+00:00,7617.582052549,614.397422,5507,59.910,2.996,973.312,1949.289,37.938,15,0,0,S (sleeping)
2026-07-31T06:29:32.904228+00:00,7618.082787709,614.898158,5507,75.888,3.794,973.945,1949.605,37.938,15,0,0,S (sleeping)
2026-07-31T06:29:33.405039+00:00,7618.583551488,615.398921,5507,65.899,3.295,973.945,1949.605,37.938,15,0,4096,R (running)
2026-07-31T06:29:33.905807+00:00,7619.084360095,615.899730,5507,83.864,4.193,974.469,1949.867,37.938,15,0,0,S (sleeping)
2026-07-31T06:29:34.406546+00:00,7619.585113835,616.400484,5507,63.904,3.195,974.469,1949.867,37.938,15,0,0,S (sleeping)
2026-07-31T06:29:34.907300+00:00,7620.085859322,616.901229,5507,81.878,4.094,975.180,1950.223,37.938,15,0,4096,S (sleeping)
2026-07-31T06:29:35.408080+00:00,7620.586648345,617.402018,5507,59.905,2.995,975.180,1950.223,37.938,15,0,0,S (sleeping)
2026-07-31T06:29:35.908368+00:00,7621.086927070,617.902297,5507,79.955,3.998,975.820,1950.543,37.938,15,0,0,S (sleeping)
2026-07-31T06:29:36.409120+00:00,7621.587691928,618.403062,5507,61.905,3.095,975.820,1950.543,37.938,15,0,0,S (sleeping)
2026-07-31T06:29:36.909866+00:00,7622.088419247,618.903789,5507,89.869,4.493,976.426,1950.844,37.938,15,0,4096,S (sleeping)
2026-07-31T06:29:37.409494+00:00,7622.589190188,619.404560,5507,59.908,2.995,976.426,1950.844,37.938,15,0,4096,S (sleeping)
2026-07-31T06:29:37.910217+00:00,7623.089951918,619.905322,5507,75.884,3.794,977.090,1951.176,37.938,15,0,0,S (sleeping)
2026-07-31T06:29:38.410954+00:00,7623.590676028,620.406046,5507,59.913,2.996,977.090,1951.176,37.938,15,0,4096,S (sleeping)
2026-07-31T06:29:38.911679+00:00,7624.091410925,620.906781,5507,77.886,3.894,977.688,1951.477,37.938,15,0,0,S (sleeping)
2026-07-31T06:29:39.412418+00:00,7624.592139635,621.407510,5507,63.907,3.195,977.688,1951.477,37.938,15,0,0,S (sleeping)
2026-07-31T06:29:39.913132+00:00,7625.092864359,621.908234,5507,83.878,4.194,978.223,1951.742,37.938,15,0,4096,S (sleeping)
2026-07-31T06:29:40.413873+00:00,7625.593600860,622.408971,5507,63.906,3.195,978.223,1951.742,37.938,15,0,0,S (sleeping)
2026-07-31T06:29:40.914611+00:00,7626.094332219,622.909702,5507,73.892,3.695,978.824,1952.043,37.938,15,0,0,S (sleeping)
2026-07-31T06:29:41.415345+00:00,7626.595063679,623.410434,5507,61.909,3.095,978.824,1952.043,37.938,15,0,0,R (running)
2026-07-31T06:29:41.916075+00:00,7627.095804111,623.911174,5507,81.879,4.094,979.465,1952.363,37.938,15,0,4096,S (sleeping)
2026-07-31T06:29:42.416795+00:00,7627.596529174,624.411899,5507,61.910,3.096,979.465,1952.363,37.938,15,0,0,S (sleeping)
2026-07-31T06:29:42.917527+00:00,7628.097256187,624.912626,5507,77.887,3.894,980.098,1952.680,37.938,15,0,0,S (sleeping)
2026-07-31T06:29:43.418256+00:00,7628.597986856,625.413357,5507,63.907,3.195,980.098,1952.680,37.938,15,0,4096,S (sleeping)
2026-07-31T06:29:43.919015+00:00,7629.098734465,625.914104,5507,77.884,3.894,980.770,1953.016,37.938,15,0,0,S (sleeping)
2026-07-31T06:29:44.419760+00:00,7629.599482058,626.414852,5507,65.901,3.295,980.770,1953.016,37.938,15,0,0,S (sleeping)
2026-07-31T06:29:44.920492+00:00,7630.100219486,626.915589,5507,79.882,3.994,981.367,1953.316,37.938,15,0,0,S (sleeping)
2026-07-31T06:29:45.421229+00:00,7630.600943479,627.416313,5507,59.913,2.996,981.367,1953.316,37.938,15,0,4096,S (sleeping)
2026-07-31T06:29:45.921956+00:00,7631.101687752,627.917058,5507,77.884,3.894,981.980,1953.621,37.938,15,0,0,S (sleeping)
2026-07-31T06:29:46.422680+00:00,7631.602413224,628.417783,5507,63.907,3.195,981.980,1953.621,37.938,15,0,0,S (sleeping)
2026-07-31T06:29:46.923407+00:00,7632.103140504,628.918510,5507,81.881,4.094,982.691,1953.977,37.938,15,0,4096,S (sleeping)
2026-07-31T06:29:47.424209+00:00,7632.603892057,629.419262,5507,61.907,3.095,982.691,1953.977,37.938,15,0,0,S (sleeping)
2026-07-31T06:29:47.924644+00:00,7633.104375901,629.919746,5507,77.925,3.896,983.262,1954.262,37.938,15,0,0,S (sleeping)
2026-07-31T06:29:48.425381+00:00,7633.605111437,630.420481,5507,59.912,2.996,983.262,1954.262,37.938,15,0,4096,S (sleeping)
2026-07-31T06:29:48.926107+00:00,7634.105837908,630.921208,5507,77.887,3.894,983.918,1954.590,37.938,15,0,0,S (sleeping)
2026-07-31T06:29:49.426866+00:00,7634.606558569,631.421928,5507,63.908,3.195,983.918,1954.590,37.938,15,0,0,S (sleeping)
2026-07-31T06:29:49.927615+00:00,7635.107344834,631.922715,5507,91.856,4.593,984.500,1954.883,37.938,15,0,0,S (sleeping)
2026-07-31T06:29:50.428348+00:00,7635.608070159,632.423440,5507,59.913,2.996,984.500,1954.883,37.938,15,0,4096,S (sleeping)
2026-07-31T06:29:50.929290+00:00,7636.108899019,632.924269,5507,73.878,3.694,985.051,1955.156,37.938,15,0,0,S (sleeping)
2026-07-31T06:29:51.430091+00:00,7636.609812315,633.425182,5507,65.880,3.294,985.051,1955.156,37.938,15,0,0,S (sleeping)
2026-07-31T06:29:51.930482+00:00,7637.110203455,633.925573,5507,81.936,4.097,985.637,1955.449,37.938,15,0,4096,S (sleeping)
2026-07-31T06:29:52.431223+00:00,7637.610952748,634.426323,5507,63.904,3.195,985.637,1955.449,37.938,15,0,0,R (running)
2026-07-31T06:29:52.931962+00:00,7638.111692704,634.927063,5507,75.888,3.794,986.277,1955.770,37.938,15,0,4096,S (sleeping)
2026-07-31T06:29:53.432285+00:00,7638.612014776,635.427385,5507,63.959,3.198,986.277,1955.770,37.938,15,0,0,S (sleeping)
2026-07-31T06:29:53.932667+00:00,7639.112384662,635.927755,5507,83.938,4.197,986.879,1956.070,37.938,15,0,4096,R (running)
2026-07-31T06:29:54.433173+00:00,7639.612900955,636.428271,5507,61.936,3.097,986.879,1956.070,37.938,15,0,0,S (sleeping)
2026-07-31T06:29:54.933449+00:00,7640.113165786,636.928536,5507,79.958,3.998,987.543,1956.402,37.938,15,0,0,S (sleeping)
2026-07-31T06:29:55.434179+00:00,7640.613909098,637.429279,5507,65.902,3.295,987.543,1956.402,37.938,15,0,4096,S (sleeping)
2026-07-31T06:29:55.934721+00:00,7641.114370400,637.929740,5507,77.928,3.896,988.074,1956.668,37.938,15,0,0,S (sleeping)
2026-07-31T06:29:56.435167+00:00,7641.614891293,638.430261,5507,67.929,3.396,988.074,1956.668,37.938,15,0,0,S (sleeping)
2026-07-31T06:29:56.935964+00:00,7642.115633374,638.931003,5507,81.878,4.094,988.660,1956.961,37.938,15,0,4096,S (sleeping)
2026-07-31T06:29:57.436376+00:00,7642.616096727,639.431467,5507,63.941,3.197,988.660,1956.961,37.938,15,0,0,S (sleeping)
2026-07-31T06:29:57.936701+00:00,7643.116428732,639.931799,5507,85.943,4.297,989.254,1957.258,37.938,15,0,0,S (sleeping)
2026-07-31T06:29:58.437429+00:00,7643.617157746,640.432528,5507,65.904,3.295,989.254,1957.258,37.938,15,0,0,S (sleeping)
2026-07-31T06:29:58.938159+00:00,7644.117886017,640.933256,5507,79.884,3.994,989.980,1957.621,37.938,15,0,4096,R (running)
2026-07-31T06:29:59.438887+00:00,7644.618617651,641.433988,5507,71.895,3.595,989.980,1957.621,37.938,15,0,0,S (sleeping)
2026-07-31T06:29:59.939744+00:00,7645.119400315,641.934770,5507,97.847,4.892,990.629,1957.945,37.938,15,0,0,R (running)
2026-07-31T06:30:00.440500+00:00,7645.620226381,642.435596,5507,69.885,3.494,990.629,1957.945,37.938,15,0,4096,R (running)
2026-07-31T06:30:00.941372+00:00,7646.121090995,642.936461,5507,73.872,3.694,991.223,1958.242,37.938,15,0,0,R (running)
2026-07-31T06:30:01.442138+00:00,7646.621852331,643.437222,5507,61.906,3.095,991.223,1958.242,37.938,15,0,0,R (running)
2026-07-31T06:30:01.942442+00:00,7647.122155269,643.937525,5507,81.950,4.098,991.867,1958.566,37.938,15,0,4096,R (running)
2026-07-31T06:30:02.443206+00:00,7647.622907654,644.438278,5507,67.898,3.395,991.867,1958.566,37.938,15,0,0,R (running)
2026-07-31T06:30:02.943504+00:00,7648.123233203,644.938603,5507,77.949,3.897,992.516,1958.891,37.938,15,0,0,R (running)
2026-07-31T06:30:03.444231+00:00,7648.623955091,645.439325,5507,65.905,3.295,992.516,1958.891,37.938,15,0,0,S (sleeping)
2026-07-31T06:30:03.944603+00:00,7649.124210756,645.939581,5507,85.956,4.298,993.176,1959.219,37.938,15,0,4096,R (running)
2026-07-31T06:30:04.445091+00:00,7649.624818965,646.440189,5507,59.927,2.996,993.176,1959.219,37.938,15,0,0,R (running)
2026-07-31T06:30:04.945839+00:00,7650.125555635,646.940926,5507,77.885,3.894,993.785,1959.523,37.938,15,0,0,R (running)
2026-07-31T06:30:05.446569+00:00,7650.626302697,647.441673,5507,73.890,3.694,993.785,1959.523,37.938,15,0,4096,R (running)
2026-07-31T06:30:05.947318+00:00,7651.127036184,647.942406,5507,73.892,3.695,994.434,1959.848,37.938,15,0,0,R (running)
2026-07-31T06:30:06.448075+00:00,7651.627793124,648.443163,5507,61.906,3.095,994.434,1959.848,37.938,15,0,0,R (running)
2026-07-31T06:30:06.948812+00:00,7652.128544793,648.943915,5507,77.883,3.894,995.145,1960.203,37.938,15,0,4096,R (running)
2026-07-31T06:30:07.448160+00:00,7652.629272752,649.444643,5507,61.910,3.095,995.145,1960.203,37.938,15,0,0,R (running)
2026-07-31T06:30:07.948990+00:00,7653.130051276,649.945421,5507,81.873,4.094,995.762,1960.512,37.938,15,0,4096,R (running)
2026-07-31T06:30:08.449877+00:00,7653.630910100,650.446280,5507,67.883,3.394,995.762,1960.512,37.938,15,0,0,R (running)
2026-07-31T06:30:08.950687+00:00,7654.131768068,650.947138,5507,87.849,4.392,996.410,1960.836,37.938,15,0,4096,R (running)
2026-07-31T06:30:09.451429+00:00,7654.632544513,651.447914,5507,63.901,3.195,996.410,1960.836,37.938,15,0,0,S (sleeping)
2026-07-31T06:30:09.952230+00:00,7655.133346268,651.948716,5507,91.853,4.593,997.074,1961.168,37.938,15,0,0,R (running)
2026-07-31T06:30:10.452963+00:00,7655.634084115,652.449454,5507,67.900,3.395,997.074,1961.168,37.938,15,0,4096,S (sleeping)
2026-07-31T06:30:10.953757+00:00,7656.134845473,652.950215,5507,77.881,3.894,997.668,1961.465,37.938,15,0,0,R (running)
2026-07-31T06:30:11.454624+00:00,7656.635725452,653.451095,5507,67.881,3.394,997.668,1961.465,37.938,15,0,0,S (sleeping)
2026-07-31T06:30:11.955371+00:00,7657.136481538,653.951851,5507,101.846,5.092,998.262,1961.762,37.938,15,0,4096,S (sleeping)
2026-07-31T06:30:12.456106+00:00,7657.637217346,654.452587,5507,57.915,2.896,998.262,1961.762,37.938,15,0,0,S (sleeping)
2026-07-31T06:30:12.956920+00:00,7658.138040140,654.953410,5507,77.872,3.894,998.871,1962.066,37.938,15,0,0,S (sleeping)
2026-07-31T06:30:13.457649+00:00,7658.638766610,655.454136,5507,59.913,2.996,998.871,1962.066,37.938,15,0,0,S (sleeping)
2026-07-31T06:30:13.958449+00:00,7659.139566880,655.954937,5507,99.840,4.992,999.512,1962.387,37.938,15,0,4096,S (sleeping)
2026-07-31T06:30:14.459370+00:00,7659.640356236,656.455726,5507,75.880,3.794,999.512,1962.387,37.938,15,0,0,S (sleeping)
2026-07-31T06:30:14.960098+00:00,7660.141218052,656.956588,5507,75.869,3.793,1000.137,1962.699,37.938,15,0,0,S (sleeping)
2026-07-31T06:30:15.460839+00:00,7660.641951007,657.457321,5507,59.912,2.996,1000.137,1962.699,37.938,15,0,4096,R (running)
2026-07-31T06:30:15.961568+00:00,7661.142687075,657.958057,5507,81.879,4.094,1000.793,1963.027,37.938,15,0,0,S (sleeping)
2026-07-31T06:30:16.462299+00:00,7661.643419313,658.458789,5507,51.924,2.596,1000.793,1963.027,37.938,15,0,0,S (sleeping)
2026-07-31T06:30:16.963042+00:00,7662.144155564,658.959525,5507,101.850,5.093,1001.457,2158.387,37.938,15,0,0,S (sleeping)
2026-07-31T06:30:17.463781+00:00,7662.644893235,659.460263,5507,63.906,3.195,1001.457,2158.387,37.938,15,0,4096,S (sleeping)
2026-07-31T06:30:17.964520+00:00,7663.145632560,659.961002,5507,69.897,3.495,1002.090,2158.703,37.938,15,0,0,R (running)
2026-07-31T06:30:18.465242+00:00,7663.646359647,660.461730,5507,75.890,3.794,1002.090,2158.703,37.938,15,0,0,S (sleeping)
2026-07-31T06:30:18.965965+00:00,7664.147085268,660.962455,5507,79.884,3.994,1002.691,2159.004,37.938,15,0,4096,S (sleeping)
2026-07-31T06:30:19.466696+00:00,7664.647815783,661.463186,5507,59.912,2.996,1002.691,2159.004,37.938,15,0,0,S (sleeping)
2026-07-31T06:30:19.967423+00:00,7665.148541508,661.963911,5507,93.864,4.693,1003.301,2159.309,37.938,15,0,0,S (sleeping)
2026-07-31T06:30:20.468210+00:00,7665.649323359,662.464693,5507,59.906,2.995,1003.301,2159.309,37.938,15,0,4096,S (sleeping)
2026-07-31T06:30:20.968951+00:00,7666.150060715,662.965431,5507,75.888,3.794,1003.820,2159.570,37.938,15,0,0,S (sleeping)
2026-07-31T06:30:21.469809+00:00,7666.650851665,663.466222,5507,51.918,2.596,1003.820,2159.570,37.938,15,0,0,R (running)
2026-07-31T06:30:21.970550+00:00,7667.151667970,663.967038,5507,91.850,4.593,1004.426,2159.871,37.938,15,0,0,S (sleeping)
2026-07-31T06:30:22.471276+00:00,7667.652396628,664.467766,5507,67.901,3.395,1004.426,2159.871,37.938,15,0,4096,S (sleeping)
2026-07-31T06:30:22.971996+00:00,7668.153113498,664.968483,5507,77.888,3.894,1005.059,2160.188,37.938,15,0,4096,R (running)
2026-07-31T06:30:23.472726+00:00,7668.653847334,665.469217,5507,65.903,3.295,1005.059,2160.188,37.938,15,0,0,S (sleeping)
2026-07-31T06:30:23.973177+00:00,7669.154286065,665.969656,5507,87.923,4.396,1005.707,2160.512,37.938,15,0,4096,S (sleeping)
2026-07-31T06:30:24.473917+00:00,7669.655033133,666.470403,5507,61.908,3.095,1005.707,2160.512,37.938,15,0,0,S (sleeping)
2026-07-31T06:30:24.974701+00:00,7670.155792974,666.971163,5507,79.879,3.994,1006.387,2160.852,37.938,15,0,0,S (sleeping)
2026-07-31T06:30:25.475332+00:00,7670.656451023,667.471821,5507,63.916,3.196,1006.387,2160.852,37.938,15,0,4096,S (sleeping)
2026-07-31T06:30:25.976061+00:00,7671.157173440,667.972543,5507,87.873,4.394,1007.035,2161.176,37.938,15,0,0,S (sleeping)
2026-07-31T06:30:26.476800+00:00,7671.657921026,668.473291,5507,67.898,3.395,1007.035,2161.176,37.938,15,0,0,S (sleeping)
2026-07-31T06:30:26.977540+00:00,7672.158660888,668.974031,5507,73.891,3.695,1007.684,2161.500,37.938,15,0,0,S (sleeping)
2026-07-31T06:30:27.478268+00:00,7672.659386684,669.474757,5507,67.901,3.395,1007.684,2161.500,37.938,15,0,4096,S (sleeping)
2026-07-31T06:30:27.979049+00:00,7673.160166624,669.975536,5507,95.850,4.793,1008.316,2161.801,37.938,15,0,0,S (sleeping)
2026-07-31T06:30:28.479815+00:00,7673.660934514,670.476304,5507,59.908,2.995,1008.316,2161.801,37.938,15,0,0,S (sleeping)
2026-07-31T06:30:28.980681+00:00,7674.161720660,670.977091,5507,75.881,3.794,1009.059,2162.172,37.938,15,0,4096,R (running)
2026-07-31T06:30:29.481440+00:00,7674.662547072,671.477917,5507,63.894,3.195,1009.059,2162.172,37.938,15,0,0,S (sleeping)
2026-07-31T06:30:29.982175+00:00,7675.163291101,671.978661,5507,79.881,3.994,1009.668,2162.477,37.938,15,0,0,S (sleeping)
2026-07-31T06:30:30.482921+00:00,7675.664039293,672.479409,5507,61.907,3.095,1009.668,2162.477,37.938,15,0,0,S (sleeping)
2026-07-31T06:30:30.983645+00:00,7676.164764938,672.980135,5507,79.884,3.994,1010.355,2162.820,37.938,15,0,4096,S (sleeping)
2026-07-31T06:30:31.484438+00:00,7676.665556506,673.480926,5507,65.896,3.295,1010.355,2162.820,37.938,15,0,0,S (sleeping)
2026-07-31T06:30:31.985213+00:00,7677.166333273,673.981703,5507,85.867,4.293,1011.004,2163.145,37.938,15,0,0,S (sleeping)
2026-07-31T06:30:32.485946+00:00,7677.667065397,674.482435,5507,59.912,2.996,1011.004,2163.145,37.938,15,0,4096,S (sleeping)
2026-07-31T06:30:32.986676+00:00,7678.167796319,674.983166,5507,75.889,3.794,1011.574,2163.430,37.938,15,0,0,S (sleeping)
2026-07-31T06:30:33.487402+00:00,7678.668523610,675.483893,5507,57.916,2.896,1011.574,2163.430,37.938,15,0,0,S (sleeping)
2026-07-31T06:30:33.988133+00:00,7679.169253656,675.984624,5507,87.872,4.394,1012.230,2163.758,37.938,15,0,4096,S (sleeping)
2026-07-31T06:30:34.488857+00:00,7679.669978698,676.485349,5507,59.913,2.996,1012.230,2163.758,37.938,15,0,0,S (sleeping)
2026-07-31T06:30:34.989630+00:00,7680.170734344,676.986104,5507,81.876,4.094,1012.824,2164.055,37.938,15,0,0,S (sleeping)
2026-07-31T06:30:35.490371+00:00,7680.671492292,677.486862,5507,73.888,3.694,1012.824,2164.055,37.938,15,0,0,S (sleeping)
2026-07-31T06:30:35.991117+00:00,7681.172233806,677.987604,5507,81.879,4.094,1013.426,2164.355,37.938,15,0,4096,S (sleeping)
2026-07-31T06:30:36.491665+00:00,7681.672780846,678.488151,5507,57.937,2.897,1013.426,2164.355,37.938,15,0,0,R (running)
2026-07-31T06:30:36.992058+00:00,7682.173165048,678.988535,5507,77.940,3.897,1014.105,2164.695,37.938,15,0,0,S (sleeping)
2026-07-31T06:30:37.491309+00:00,7682.673892821,679.489263,5507,61.910,3.095,1014.105,2164.695,37.938,15,0,4096,S (sleeping)
2026-07-31T06:30:37.992056+00:00,7683.174614377,679.989984,5507,83.879,4.194,1014.691,2164.988,37.938,15,0,4096,S (sleeping)
2026-07-31T06:30:38.492782+00:00,7683.675366428,680.490736,5507,59.910,2.995,1014.691,2164.988,37.938,15,0,0,S (sleeping)
2026-07-31T06:30:38.993532+00:00,7684.176114151,680.991484,5507,79.881,3.994,1015.379,2165.332,37.938,15,0,0,S (sleeping)
2026-07-31T06:30:39.494135+00:00,7684.676707147,681.492077,5507,63.924,3.196,1015.379,2165.332,37.938,15,0,4096,S (sleeping)
2026-07-31T06:30:39.994948+00:00,7685.177515771,681.992886,5507,81.868,4.093,1015.977,2165.633,37.938,15,0,0,S (sleeping)
2026-07-31T06:30:40.495771+00:00,7685.678344979,682.493715,5507,91.848,4.592,1015.977,2165.633,37.938,15,0,0,S (sleeping)
2026-07-31T06:30:40.996559+00:00,7686.179137598,682.994507,5507,89.858,4.493,1016.512,2165.898,37.938,15,0,4096,S (sleeping)
2026-07-31T06:30:41.497290+00:00,7686.679874847,683.495245,5507,61.909,3.095,1016.512,2165.898,37.938,15,0,0,S (sleeping)
2026-07-31T06:30:41.998239+00:00,7687.180636633,683.996007,5507,79.878,3.994,1017.105,2166.195,37.938,15,0,0,S (sleeping)
2026-07-31T06:30:42.499066+00:00,7687.681623460,684.496993,5507,59.882,2.994,1017.105,2166.195,37.938,15,0,4096,S (sleeping)
2026-07-31T06:30:42.999796+00:00,7688.182379306,684.997749,5507,77.882,3.894,1017.723,2166.504,37.938,15,0,0,S (sleeping)
2026-07-31T06:30:43.500536+00:00,7688.683120160,685.498490,5507,61.908,3.095,1017.723,2166.504,37.938,15,0,0,S (sleeping)
2026-07-31T06:30:44.001347+00:00,7689.183907819,685.999278,5507,83.868,4.193,1018.363,2166.824,37.938,15,0,0,S (sleeping)
2026-07-31T06:30:44.502062+00:00,7689.684651170,686.500021,5507,61.908,3.095,1018.363,2166.824,37.938,15,0,4096,S (sleeping)
2026-07-31T06:30:45.002788+00:00,7690.185375434,687.000745,5507,79.884,3.994,1019.043,2167.164,37.938,15,0,0,S (sleeping)
2026-07-31T06:30:45.503576+00:00,7690.686153412,687.501523,5507,61.904,3.095,1019.043,2167.164,37.938,15,0,0,S (sleeping)
2026-07-31T06:30:46.003958+00:00,7691.186519822,688.001890,5507,83.938,4.197,1019.676,2167.480,37.938,15,0,4096,S (sleeping)
2026-07-31T06:30:46.504733+00:00,7691.687305175,688.502675,5507,57.909,2.895,1019.676,2167.480,37.938,15,0,0,S (sleeping)
2026-07-31T06:30:47.005474+00:00,7692.188059076,689.003429,5507,75.886,3.794,1020.355,2167.820,37.938,15,0,0,S (sleeping)
2026-07-31T06:30:47.506206+00:00,7692.688784095,689.504154,5507,61.910,3.096,1020.355,2167.820,37.938,15,0,4096,S (sleeping)
2026-07-31T06:30:48.006949+00:00,7693.189517281,690.004887,5507,79.883,3.994,1020.965,2168.125,37.938,15,0,0,S (sleeping)
2026-07-31T06:30:48.507677+00:00,7693.690261452,690.505631,5507,67.899,3.395,1020.965,2168.125,37.938,15,0,0,S (sleeping)
2026-07-31T06:30:49.008403+00:00,7694.190987857,691.006358,5507,75.890,3.794,1021.582,2168.434,37.938,15,0,0,S (sleeping)
2026-07-31T06:30:49.509180+00:00,7694.691749169,691.507119,5507,61.906,3.095,1021.582,2168.434,37.938,15,0,4096,S (sleeping)
2026-07-31T06:30:50.009905+00:00,7695.192491595,692.007861,5507,79.881,3.994,1022.223,2168.754,37.938,15,0,0,S (sleeping)
2026-07-31T06:30:50.510645+00:00,7695.693219809,692.508590,5507,63.907,3.195,1022.223,2168.754,37.938,15,0,0,S (sleeping)
2026-07-31T06:30:51.011382+00:00,7696.193964907,693.009335,5507,75.887,3.794,1022.801,2169.043,37.938,15,0,4096,S (sleeping)
2026-07-31T06:30:51.512113+00:00,7696.694699587,693.510069,5507,65.903,3.295,1022.801,2169.043,37.938,15,0,0,S (sleeping)
2026-07-31T06:30:52.012842+00:00,7697.195428969,694.010799,5507,105.846,5.292,1023.488,2169.387,37.938,15,0,0,S (sleeping)
2026-07-31T06:30:52.513576+00:00,7697.696155613,694.511525,5507,59.913,2.996,1023.488,2169.387,37.938,15,0,4096,S (sleeping)
2026-07-31T06:30:53.014401+00:00,7698.196979151,695.012349,5507,75.875,3.794,1024.051,2169.668,37.938,15,0,0,S (sleeping)
2026-07-31T06:30:53.515173+00:00,7698.697758027,695.513128,5507,61.904,3.095,1024.051,2169.668,37.938,15,0,4096,S (sleeping)
2026-07-31T06:30:54.015957+00:00,7699.198542239,696.013912,5507,81.872,4.094,1024.684,2169.984,37.938,15,0,0,S (sleeping)
2026-07-31T06:30:54.516699+00:00,7699.699285501,696.514655,5507,63.905,3.195,1024.684,2169.984,37.938,15,0,4096,S (sleeping)
2026-07-31T06:30:55.017439+00:00,7700.200020127,697.015390,5507,79.883,3.994,1025.348,2170.316,37.938,15,0,0,S (sleeping)
2026-07-31T06:30:55.518179+00:00,7700.700748559,697.516118,5507,63.907,3.195,1025.348,2170.316,37.938,15,0,0,S (sleeping)
2026-07-31T06:30:56.018944+00:00,7701.201519160,698.016889,5507,77.880,3.894,1025.969,2170.629,37.938,15,0,4096,S (sleeping)
2026-07-31T06:30:56.519697+00:00,7701.702266452,698.517636,5507,63.904,3.195,1025.969,2170.629,37.938,15,0,0,S (sleeping)
2026-07-31T06:30:57.020431+00:00,7702.203019528,699.018389,5507,77.883,3.894,1026.527,2170.906,37.938,15,0,0,S (sleeping)
2026-07-31T06:30:57.521160+00:00,7702.703747820,699.519118,5507,65.904,3.295,1026.527,2170.906,37.938,15,0,0,S (sleeping)
2026-07-31T06:30:58.021890+00:00,7703.204465576,700.019835,5507,83.880,4.194,1027.160,2171.223,37.938,15,0,4096,S (sleeping)
2026-07-31T06:30:58.522630+00:00,7703.705201929,700.520572,5507,69.897,3.495,1027.160,2171.223,37.938,15,0,0,S (sleeping)
2026-07-31T06:30:59.023364+00:00,7704.205946241,701.021316,5507,77.884,3.894,1027.848,2171.566,37.938,15,0,0,S (sleeping)
2026-07-31T06:30:59.524123+00:00,7704.706692966,701.522063,5507,61.908,3.095,1027.848,2171.566,37.938,15,0,4096,S (sleeping)
2026-07-31T06:31:00.025027+00:00,7705.207520691,702.022891,5507,83.861,4.193,1028.543,2171.914,37.938,15,0,0,S (sleeping)
2026-07-31T06:31:00.525789+00:00,7705.708373064,702.523743,5507,63.891,3.195,1028.543,2171.914,37.938,15,0,0,S (sleeping)
2026-07-31T06:31:01.026533+00:00,7706.209114106,703.024484,5507,77.885,3.894,1029.137,2172.211,37.938,15,0,4096,S (sleeping)
2026-07-31T06:31:01.527279+00:00,7706.709857294,703.525227,5507,63.905,3.195,1029.137,2172.211,37.938,15,0,0,S (sleeping)
2026-07-31T06:31:02.028005+00:00,7707.210589638,704.025960,5507,87.871,4.394,1029.809,2172.547,37.938,15,0,0,R (running)
2026-07-31T06:31:02.528751+00:00,7707.711331374,704.526701,5507,61.908,3.095,1029.809,2172.547,37.938,15,0,0,R (running)
2026-07-31T06:31:03.029504+00:00,7708.212077111,705.027447,5507,79.881,3.994,1030.410,2172.848,37.938,15,0,4096,S (sleeping)
2026-07-31T06:31:03.530296+00:00,7708.712867836,705.528238,5507,61.902,3.095,1030.410,2172.848,37.938,15,0,0,R (running)
2026-07-31T06:31:04.031030+00:00,7709.213611711,706.028982,5507,83.875,4.194,1031.059,2173.172,37.938,15,0,0,S (sleeping)
2026-07-31T06:31:04.531762+00:00,7709.714346250,706.529716,5507,63.906,3.195,1031.059,2173.172,37.938,15,0,4096,S (sleeping)
2026-07-31T06:31:05.032490+00:00,7710.215073318,707.030443,5507,81.881,4.094,1031.715,2173.500,37.938,15,0,0,S (sleeping)
2026-07-31T06:31:05.533244+00:00,7710.715825468,707.531195,5507,67.898,3.395,1031.715,2173.500,37.938,15,0,0,S (sleeping)
2026-07-31T06:31:06.033974+00:00,7711.216556286,708.031926,5507,99.854,4.993,1032.387,2173.836,37.938,15,0,4096,S (sleeping)
2026-07-31T06:31:06.534754+00:00,7711.717305517,708.532675,5507,59.910,2.996,1032.387,2173.836,37.938,15,0,0,S (sleeping)
2026-07-31T06:31:07.035474+00:00,7712.218065320,709.033435,5507,79.879,3.994,1032.980,2174.133,37.938,15,0,0,S (sleeping)
2026-07-31T06:31:07.534560+00:00,7712.718805459,709.534175,5507,67.899,3.395,1032.980,2174.133,37.938,15,0,0,S (sleeping)
2026-07-31T06:31:08.035284+00:00,7713.219535690,710.034906,5507,81.880,4.094,1033.598,2174.441,37.938,15,0,4096,S (sleeping)
2026-07-31T06:31:08.536042+00:00,7713.720280366,710.535650,5507,63.905,3.195,1033.598,2174.441,37.938,15,0,4096,S (sleeping)
2026-07-31T06:31:09.036795+00:00,7714.221037402,711.036407,5507,79.879,3.994,1034.164,2174.727,37.938,15,0,0,S (sleeping)
2026-07-31T06:31:09.537548+00:00,7714.721784941,711.537155,5507,61.907,3.095,1034.164,2174.727,37.938,15,0,4096,R (running)
2026-07-31T06:31:10.038298+00:00,7715.222547915,712.037918,5507,85.869,4.293,1034.754,2175.020,37.938,15,0,0,R (running)
2026-07-31T06:31:10.539027+00:00,7715.723277541,712.538647,5507,59.913,2.996,1034.754,2175.020,37.938,15,0,0,R (running)
2026-07-31T06:31:11.039784+00:00,7716.224032783,713.039403,5507,77.882,3.894,1035.387,2175.336,37.938,15,0,4096,R (running)
2026-07-31T06:31:11.540513+00:00,7716.724762864,713.540133,5507,63.907,3.195,1035.387,2175.336,37.938,15,0,0,R (running)
2026-07-31T06:31:12.041239+00:00,7717.225489842,714.040860,5507,85.875,4.294,1035.988,2175.637,37.938,15,0,0,R (running)
2026-07-31T06:31:12.541963+00:00,7717.726216664,714.541587,5507,61.910,3.096,1035.988,2175.637,37.938,15,0,4096,R (running)
2026-07-31T06:31:13.042709+00:00,7718.226945964,715.042316,5507,91.866,4.593,1036.590,2175.938,37.938,15,0,0,R (running)
2026-07-31T06:31:13.543531+00:00,7718.727779899,715.543150,5507,61.897,3.095,1036.590,2175.938,37.938,15,0,0,R (running)
2026-07-31T06:31:14.044255+00:00,7719.228503518,716.043873,5507,83.879,4.194,1037.316,2176.301,37.938,15,0,0,R (running)
2026-07-31T06:31:14.544988+00:00,7719.729230395,716.544600,5507,61.910,3.095,1037.316,2176.301,37.938,15,0,4096,R (running)
2026-07-31T06:31:15.045735+00:00,7720.229968264,717.045338,5507,79.882,3.994,1038.004,2176.645,37.938,15,0,0,R (running)
2026-07-31T06:31:15.546478+00:00,7720.730723766,717.546094,5507,65.900,3.295,1038.004,2176.645,37.938,15,0,0,R (running)
2026-07-31T06:31:16.047262+00:00,7721.231491620,718.046861,5507,83.871,4.194,1038.605,2176.945,37.938,15,0,4096,R (running)
2026-07-31T06:31:16.548202+00:00,7721.732356962,718.547727,5507,69.879,3.494,1038.605,2176.945,37.938,15,0,0,R (running)
2026-07-31T06:31:17.048962+00:00,7722.233205225,719.048575,5507,79.865,3.993,1039.246,2177.266,37.938,15,0,0,R (running)
2026-07-31T06:31:17.549708+00:00,7722.733956899,719.549327,5507,61.907,3.095,1039.246,2177.266,37.938,15,0,0,R (running)
2026-07-31T06:31:18.050467+00:00,7723.234696501,720.050066,5507,85.873,4.294,1039.879,2177.582,37.938,15,0,4096,R (running)
2026-07-31T06:31:18.551194+00:00,7723.735444862,720.550815,5507,61.907,3.095,1039.879,2177.582,37.938,15,0,0,R (running)
2026-07-31T06:31:19.051928+00:00,7724.236176400,721.051546,5507,83.877,4.194,1040.531,2177.906,37.938,15,0,0,R (running)
2026-07-31T06:31:19.552705+00:00,7724.736955006,721.552325,5507,65.897,3.295,1040.531,2177.906,37.938,15,0,4096,R (running)
2026-07-31T06:31:20.053646+00:00,7725.237744845,722.053115,5507,85.864,4.293,1041.164,2178.223,37.938,15,0,0,R (running)
2026-07-31T06:31:20.554433+00:00,7725.738682270,722.554052,5507,77.854,3.893,1041.164,2178.223,37.938,15,0,0,S (sleeping)
2026-07-31T06:31:21.055166+00:00,7726.239419090,723.054789,5507,101.850,5.092,1041.805,2178.543,37.938,15,0,4096,S (sleeping)
2026-07-31T06:31:21.555898+00:00,7726.740151207,723.555521,5507,49.927,2.496,1041.805,2178.543,37.938,15,0,0,S (sleeping)
2026-07-31T06:31:22.056626+00:00,7727.240872855,724.056243,5507,91.867,4.593,1042.477,2178.879,37.938,15,0,0,S (sleeping)
2026-07-31T06:31:22.557364+00:00,7727.741603784,724.556974,5507,63.907,3.195,1042.477,2178.879,37.938,15,0,4096,S (sleeping)
2026-07-31T06:31:23.058094+00:00,7728.242341127,725.057711,5507,79.882,3.994,1043.117,2179.199,37.938,15,0,0,S (sleeping)
2026-07-31T06:31:23.558900+00:00,7728.743138684,725.558509,5507,61.901,3.095,1043.117,2179.199,37.938,15,0,4096,S (sleeping)
2026-07-31T06:31:24.059635+00:00,7729.243886347,726.059256,5507,83.875,4.194,1043.742,2179.512,37.938,15,0,0,S (sleeping)
2026-07-31T06:31:24.560405+00:00,7729.744653530,726.560023,5507,61.905,3.095,1043.742,2179.512,37.938,15,0,4096,S (sleeping)
2026-07-31T06:31:25.061126+00:00,7730.245382204,727.060752,5507,87.872,4.394,1044.320,2179.801,37.938,15,0,0,S (sleeping)
2026-07-31T06:31:25.561877+00:00,7730.746112495,727.561482,5507,61.910,3.095,1044.320,2179.801,37.938,15,0,0,S (sleeping)
2026-07-31T06:31:26.062603+00:00,7731.246853652,728.062224,5507,83.876,4.194,1044.930,2180.105,37.938,15,0,4096,S (sleeping)
2026-07-31T06:31:26.563412+00:00,7731.747644568,728.563014,5507,63.899,3.195,1044.930,2180.105,37.938,15,0,0,S (sleeping)
2026-07-31T06:31:27.064148+00:00,7732.248400750,729.063771,5507,79.879,3.994,1045.570,2180.426,37.938,15,0,0,S (sleeping)
2026-07-31T06:31:27.564875+00:00,7732.749124223,729.564494,5507,63.908,3.195,1045.570,2180.426,37.938,15,0,4096,S (sleeping)
2026-07-31T06:31:28.065595+00:00,7733.249849856,730.065220,5507,85.875,4.294,1046.219,2180.750,37.938,15,0,0,S (sleeping)
2026-07-31T06:31:28.566366+00:00,7733.750584274,730.565954,5507,65.903,3.295,1046.219,2180.750,37.938,15,0,0,S (sleeping)
2026-07-31T06:31:29.067154+00:00,7734.251401560,731.066771,5507,81.866,4.093,1046.891,2181.086,37.938,15,0,0,S (sleeping)
2026-07-31T06:31:29.567874+00:00,7734.752127835,731.567498,5507,61.910,3.096,1046.891,2181.086,37.938,15,0,4096,S (sleeping)
2026-07-31T06:31:30.068762+00:00,7735.252909076,732.068279,5507,83.869,4.193,1047.477,2181.379,37.938,15,0,0,S (sleeping)
2026-07-31T06:31:30.569517+00:00,7735.753770932,732.569141,5507,67.883,3.394,1047.477,2181.379,37.938,15,0,0,S (sleeping)
2026-07-31T06:31:31.070271+00:00,7736.254507295,733.069877,5507,75.888,3.794,1048.133,2181.707,37.938,15,0,4096,S (sleeping)
2026-07-31T06:31:31.571008+00:00,7736.755257475,733.570627,5507,61.907,3.095,1048.133,2181.707,37.938,15,0,0,S (sleeping)
2026-07-31T06:31:32.071766+00:00,7737.255989332,734.071359,5507,99.854,4.993,1048.727,2182.004,37.938,15,0,0,S (sleeping)
2026-07-31T06:31:32.572505+00:00,7737.756757339,734.572127,5507,57.911,2.896,1048.727,2182.004,37.938,15,0,4096,S (sleeping)
2026-07-31T06:31:33.072906+00:00,7738.257158780,735.072529,5507,79.936,3.997,1049.312,2182.297,37.938,15,0,0,S (sleeping)
2026-07-31T06:31:33.573802+00:00,7738.757980902,735.573351,5507,53.911,2.696,1049.312,2182.297,37.938,15,0,0,R (running)
2026-07-31T06:31:34.074558+00:00,7739.258811155,736.074181,5507,85.857,4.293,1049.984,2182.633,37.938,15,0,0,S (sleeping)
2026-07-31T06:31:34.575290+00:00,7739.759537045,736.574907,5507,59.913,2.996,1049.984,2182.633,37.938,15,0,4096,S (sleeping)
2026-07-31T06:31:35.076013+00:00,7740.260264918,737.075635,5507,75.890,3.794,1050.664,2182.973,37.938,15,0,0,R (running)
2026-07-31T06:31:35.576740+00:00,7740.760992040,737.576362,5507,65.904,3.295,1050.664,2182.973,37.938,15,0,0,S (sleeping)
2026-07-31T06:31:36.077508+00:00,7741.261725772,738.077096,5507,77.886,3.894,1051.242,2183.262,37.938,15,0,4096,S (sleeping)
2026-07-31T06:31:36.578245+00:00,7741.762490008,738.577860,5507,65.899,3.295,1051.242,2183.262,37.938,15,0,0,S (sleeping)
2026-07-31T06:31:37.078998+00:00,7742.263231304,739.078601,5507,79.882,3.994,1051.914,2183.598,37.938,15,0,0,S (sleeping)
2026-07-31T06:31:37.578477+00:00,7742.763975242,739.579345,5507,61.908,3.095,1051.914,2183.598,37.938,15,0,4096,S (sleeping)
2026-07-31T06:31:38.079201+00:00,7743.264710229,740.080080,5507,81.880,4.094,1052.594,2183.938,37.938,15,0,0,S (sleeping)
2026-07-31T06:31:38.579926+00:00,7743.765437193,740.580807,5507,61.910,3.095,1052.594,2183.938,37.938,15,0,4096,S (sleeping)
2026-07-31T06:31:39.080657+00:00,7744.266164250,741.081534,5507,79.884,3.994,1053.156,2184.219,37.938,15,0,0,S (sleeping)
2026-07-31T06:31:39.581438+00:00,7744.766935832,741.582306,5507,61.904,3.095,1053.156,2184.219,37.938,15,0,4096,S (sleeping)
2026-07-31T06:31:40.082192+00:00,7745.267686203,742.083056,5507,113.829,5.691,1053.781,2184.531,37.938,15,0,0,S (sleeping)
2026-07-31T06:31:40.583008+00:00,7745.768475530,742.583845,5507,61.902,3.095,1053.781,2184.531,37.938,15,0,0,S (sleeping)
2026-07-31T06:31:41.083373+00:00,7746.268879928,743.084250,5507,75.939,3.797,1054.391,2184.836,37.938,15,0,4096,S (sleeping)
2026-07-31T06:31:41.583984+00:00,7746.769487237,743.584857,5507,61.925,3.096,1054.391,2184.836,37.938,15,0,0,S (sleeping)
2026-07-31T06:31:42.084723+00:00,7747.270228280,744.085598,5507,75.888,3.794,1054.977,2185.129,37.938,15,0,0,S (sleeping)
2026-07-31T06:31:42.585457+00:00,7747.770952983,744.586323,5507,59.913,2.996,1054.977,2185.129,37.938,15,0,4096,S (sleeping)
2026-07-31T06:31:43.086208+00:00,7748.271692806,745.087063,5507,79.882,3.994,1055.477,2185.379,37.938,15,0,0,S (sleeping)
2026-07-31T06:31:43.586960+00:00,7748.772451626,745.587821,5507,61.906,3.095,1055.477,2185.379,37.938,15,0,0,S (sleeping)
2026-07-31T06:31:44.087703+00:00,7749.273206886,746.088577,5507,81.876,4.094,1056.000,2185.641,37.938,15,0,0,S (sleeping)
2026-07-31T06:31:44.588440+00:00,7749.773945077,746.589315,5507,63.906,3.195,1056.000,2185.641,37.938,15,0,4096,S (sleeping)
2026-07-31T06:31:45.089184+00:00,7750.274687909,747.090058,5507,75.887,3.794,1056.594,2185.938,37.938,15,0,0,S (sleeping)
2026-07-31T06:31:45.589925+00:00,7750.775432296,747.590802,5507,63.905,3.195,1056.594,2185.938,37.938,15,0,0,S (sleeping)
2026-07-31T06:31:46.090310+00:00,7751.275811974,748.091182,5507,77.941,3.897,1057.266,2186.273,37.938,15,0,4096,S (sleeping)
2026-07-31T06:31:46.590657+00:00,7751.776167474,748.591537,5507,63.955,3.198,1057.266,2186.273,37.938,15,0,0,S (sleeping)
2026-07-31T06:31:47.091455+00:00,7752.276932351,749.092302,5507,83.872,4.194,1057.797,2186.539,37.938,15,0,0,S (sleeping)
2026-07-31T06:31:47.592379+00:00,7752.777783427,749.593153,5507,67.884,3.394,1057.797,2186.539,37.938,15,0,4096,S (sleeping)
2026-07-31T06:31:48.093387+00:00,7753.278793299,750.094163,5507,89.819,4.491,1058.461,2186.871,37.938,15,0,0,S (sleeping)
2026-07-31T06:31:48.594163+00:00,7753.779661182,750.595031,5507,63.889,3.194,1078.930,2411.055,37.938,15,0,0,R (running)
2026-07-31T06:31:49.094907+00:00,7754.280412340,751.095782,5507,85.871,4.294,1059.047,2187.164,37.938,15,0,0,S (sleeping)
2026-07-31T06:31:49.595656+00:00,7754.781158945,751.596529,5507,59.911,2.996,1091.078,2411.617,37.938,15,0,4096,R (running)
2026-07-31T06:31:50.096403+00:00,7755.281906119,752.097276,5507,73.890,3.694,1059.586,2187.434,37.938,15,0,0,S (sleeping)
2026-07-31T06:31:50.597146+00:00,7755.782649427,752.598019,5507,59.911,2.996,1095.836,2412.188,37.938,15,0,0,R (running)
2026-07-31T06:31:51.097897+00:00,7756.283381907,753.098752,5507,77.886,3.894,1060.188,2187.734,37.938,15,0,4096,S (sleeping)
2026-07-31T06:31:51.598592+00:00,7756.784094529,753.599464,5507,61.912,3.096,1099.250,2412.793,37.938,15,0,0,R (running)
2026-07-31T06:31:52.099371+00:00,7757.284883763,754.100254,5507,79.874,3.994,1060.797,2188.039,37.938,15,0,0,S (sleeping)
2026-07-31T06:31:52.600129+00:00,7757.785624046,754.600994,5507,63.905,3.195,1109.547,2413.418,37.938,15,0,4096,R (running)
2026-07-31T06:31:53.100903+00:00,7758.286400133,755.101770,5507,81.873,4.094,1061.438,2188.359,37.938,15,0,0,R (running)
2026-07-31T06:31:53.601652+00:00,7758.787151970,755.602522,5507,69.895,3.495,1115.188,2414.023,37.938,15,0,4096,R (running)
2026-07-31T06:31:54.102370+00:00,7759.287881910,756.103252,5507,71.895,3.595,1062.008,2188.645,37.938,15,0,0,S (sleeping)
2026-07-31T06:31:54.603164+00:00,7759.788639036,756.604009,5507,61.906,3.095,1118.570,2414.621,37.938,15,0,4096,R (running)
2026-07-31T06:31:55.103932+00:00,7760.289424726,757.104795,5507,93.853,4.693,1062.633,2188.957,37.938,15,0,0,S (sleeping)
2026-07-31T06:31:55.604680+00:00,7760.790177069,757.605547,5507,59.910,2.995,1125.289,2415.266,37.938,15,0,0,R (running)
2026-07-31T06:31:56.105422+00:00,7761.290918400,758.106288,5507,71.893,3.595,1063.297,2189.289,37.938,15,0,4096,S (sleeping)
2026-07-31T06:31:56.606162+00:00,7761.791661191,758.607031,5507,59.911,2.996,1125.484,2415.934,37.938,15,0,0,R (running)
2026-07-31T06:31:57.106891+00:00,7762.292398760,759.107769,5507,77.885,3.894,1063.969,2189.625,37.938,15,0,0,S (sleeping)
2026-07-31T06:31:57.607633+00:00,7762.793131012,759.608501,5507,63.906,3.195,1140.375,2416.578,37.938,15,0,4096,R (running)
2026-07-31T06:31:58.108519+00:00,7763.293994788,760.109365,5507,73.872,3.694,1064.586,2189.934,37.938,15,0,0,S (sleeping)
2026-07-31T06:31:58.609270+00:00,7763.794774065,760.610144,5507,63.900,3.195,1139.898,2417.234,37.938,15,0,0,R (running)
2026-07-31T06:31:59.109998+00:00,7764.295503350,761.110873,5507,71.895,3.595,1065.285,2190.281,37.938,15,0,4096,S (sleeping)
2026-07-31T06:31:59.610747+00:00,7764.796237536,761.611607,5507,65.903,3.295,1154.504,2417.871,37.938,15,0,0,R (running)
2026-07-31T06:32:00.111491+00:00,7765.296995097,762.112365,5507,79.879,3.994,1065.863,2190.574,37.938,15,0,0,S (sleeping)
2026-07-31T06:32:00.612235+00:00,7765.797736966,762.613107,5507,61.908,3.095,1160.082,2418.445,37.938,15,0,0,R (running)
2026-07-31T06:32:01.112962+00:00,7766.298469894,763.113840,5507,75.889,3.794,1066.422,2190.852,37.938,15,0,4096,S (sleeping)
2026-07-31T06:32:01.613720+00:00,7766.799218261,763.614588,5507,65.901,3.295,1167.359,2419.035,37.938,15,0,0,R (running)
2026-07-31T06:32:02.114546+00:00,7767.300046661,764.115417,5507,75.874,3.794,1067.047,2191.164,37.938,15,0,0,S (sleeping)
2026-07-31T06:32:02.615289+00:00,7767.800788811,764.616159,5507,67.899,3.395,1167.516,2419.684,37.938,15,0,4096,R (running)
2026-07-31T06:32:03.116024+00:00,7768.301530535,765.116900,5507,69.896,3.495,1067.719,2191.500,37.938,15,0,0,S (sleeping)
2026-07-31T06:32:03.616762+00:00,7768.802264754,765.617635,5507,63.906,3.195,1180.062,2420.301,37.938,15,0,0,R (running)
2026-07-31T06:32:04.117498+00:00,7769.302996352,766.118366,5507,79.883,3.994,1068.281,2191.781,37.938,15,0,0,S (sleeping)
2026-07-31T06:32:04.618235+00:00,7769.803736449,766.619106,5507,59.911,2.996,1176.562,2420.875,37.938,15,0,4096,R (running)
2026-07-31T06:32:05.119085+00:00,7770.304489670,767.119860,5507,73.889,3.694,1068.867,2192.074,37.938,15,0,0,S (sleeping)
2026-07-31T06:32:05.619923+00:00,7770.805424862,767.620795,5507,65.877,3.294,1193.398,2421.488,37.938,15,0,0,R (running)
2026-07-31T06:32:06.120655+00:00,7771.306164196,768.121534,5507,73.891,3.695,1069.508,2192.395,37.938,15,0,4096,S (sleeping)
2026-07-31T06:32:06.621409+00:00,7771.806907830,768.622278,5507,63.905,3.195,1186.227,2422.113,37.938,15,0,0,R (running)
2026-07-31T06:32:07.122156+00:00,7772.307650785,769.123021,5507,75.887,3.794,1070.121,2192.703,37.938,15,0,0,S (sleeping)
2026-07-31T06:32:07.621610+00:00,7772.808457194,769.623827,5507,67.891,3.395,1204.027,2422.730,37.938,15,0,4096,R (running)
2026-07-31T06:32:08.122498+00:00,7773.309244812,770.124615,5507,71.887,3.594,1070.734,2193.008,37.938,15,0,0,S (sleeping)
2026-07-31T06:32:08.623385+00:00,7773.810198847,770.625569,5507,69.867,3.493,1203.859,2423.363,37.938,15,0,0,R (running)
2026-07-31T06:32:09.124123+00:00,7774.310977184,771.126347,5507,77.879,3.894,1071.391,2193.336,37.938,15,0,4096,S (sleeping)
2026-07-31T06:32:09.624869+00:00,7774.811715965,771.627086,5507,65.903,3.295,1216.391,2423.984,37.938,15,0,4096,R (running)
2026-07-31T06:32:10.125626+00:00,7775.312449990,772.127820,5507,73.892,3.695,1071.980,2193.629,37.938,15,0,0,R (running)
2026-07-31T06:32:10.626389+00:00,7775.813230860,772.628601,5507,101.841,5.092,1217.137,2424.562,37.938,15,0,0,R (running)
2026-07-31T06:32:11.127157+00:00,7776.313991226,773.129361,5507,83.872,4.194,1072.551,2193.914,37.938,15,0,4096,S (sleeping)
2026-07-31T06:32:11.627857+00:00,7776.814684610,773.630054,5507,63.911,3.196,1228.332,2425.152,37.938,15,0,0,R (running)
2026-07-31T06:32:12.128607+00:00,7777.315458014,774.130828,5507,73.886,3.694,1073.160,2194.219,37.938,15,0,0,S (sleeping)
2026-07-31T06:32:12.629343+00:00,7777.816192573,774.631562,5507,69.897,3.495,1230.035,2425.758,37.938,15,0,4096,R (running)
2026-07-31T06:32:13.130076+00:00,7778.316926662,775.132297,5507,75.889,3.794,1073.762,2194.520,37.938,15,0,0,S (sleeping)
2026-07-31T06:32:13.630833+00:00,7778.817679692,775.633050,5507,69.895,3.495,1241.418,2426.398,37.938,15,0,0,R (running)
2026-07-31T06:32:14.131561+00:00,7779.318411477,776.133781,5507,77.886,3.894,1074.441,2194.859,37.938,15,0,0,S (sleeping)
2026-07-31T06:32:14.632289+00:00,7779.819142429,776.634512,5507,69.898,3.495,1239.285,2427.059,37.938,15,0,4096,R (running)
2026-07-31T06:32:15.133240+00:00,7780.320075913,777.135446,5507,73.862,3.693,1075.082,2195.180,37.938,15,0,0,S (sleeping)
2026-07-31T06:32:15.633981+00:00,7780.820828201,777.636198,5507,73.889,3.694,1257.426,2427.695,37.938,15,0,0,R (running)
2026-07-31T06:32:16.134718+00:00,7781.321568967,778.136939,5507,71.893,3.595,1075.715,2195.496,37.938,15,0,4096,S (sleeping)
2026-07-31T06:32:16.635454+00:00,7781.822303555,778.637673,5507,73.891,3.695,1252.746,2428.312,37.938,15,0,0,R (running)
2026-07-31T06:32:17.136194+00:00,7782.323047368,779.138417,5507,85.872,4.294,1076.316,2195.797,37.938,15,0,0,S (sleeping)
2026-07-31T06:32:17.636948+00:00,7782.823795782,779.639166,5507,67.898,3.395,1208.660,2428.941,37.938,15,0,4096,R (running)
2026-07-31T06:32:18.137715+00:00,7783.324542737,780.139913,5507,81.878,4.094,1076.977,2196.129,37.938,15,0,0,R (running)
2026-07-31T06:32:18.638470+00:00,7783.825318366,780.640688,5507,75.882,3.794,1262.289,2429.590,37.938,15,0,0,R (running)
2026-07-31T06:32:19.139239+00:00,7784.326087745,781.141458,5507,71.889,3.594,1077.605,2196.441,37.938,15,0,4096,R (running)
2026-07-31T06:32:19.639980+00:00,7784.826826124,781.642196,5507,73.891,3.695,1269.949,2430.230,37.938,15,0,0,R (running)
2026-07-31T06:32:20.140729+00:00,7785.327569968,782.142940,5507,71.893,3.595,1078.262,2196.770,37.938,15,0,0,R (running)
2026-07-31T06:32:20.641464+00:00,7785.828311885,782.643682,5507,73.890,3.695,1270.605,2430.867,37.938,15,0,0,R (running)
2026-07-31T06:32:21.142199+00:00,7786.329051706,783.144422,5507,79.882,3.994,1078.879,2197.078,37.938,15,0,4096,R (running)
2026-07-31T06:32:21.642981+00:00,7786.829808680,783.645179,5507,67.897,3.395,1286.535,2431.457,37.938,15,0,0,R (running)
2026-07-31T06:32:22.143741+00:00,7787.330575130,784.145945,5507,75.884,3.794,1079.441,2197.359,37.938,15,0,0,R (running)
2026-07-31T06:32:22.644478+00:00,7787.831323455,784.646693,5507,71.892,3.595,1280.223,2432.047,37.938,15,0,4096,R (running)
2026-07-31T06:32:23.145232+00:00,7788.332079928,785.147450,5507,77.882,3.894,1080.059,2197.668,37.938,15,0,0,R (running)
2026-07-31T06:32:23.645975+00:00,7788.832820603,785.648190,5507,73.891,3.695,1302.559,2432.668,37.938,15,0,0,R (running)
2026-07-31T06:32:24.146709+00:00,7789.333559089,786.148929,5507,77.885,3.894,1080.684,2197.980,37.938,15,0,8192,R (running)
2026-07-31T06:32:24.647449+00:00,7789.834297020,786.649667,5507,69.897,3.495,1278.965,2433.301,37.938,15,0,0,R (running)
2026-07-31T06:32:25.148189+00:00,7790.335031177,787.150401,5507,89.868,4.493,1081.324,2198.301,37.938,15,0,0,R (running)
2026-07-31T06:32:25.648947+00:00,7790.835788241,787.651158,5507,89.864,4.493,1313.199,2433.961,37.938,15,0,0,R (running)
2026-07-31T06:32:26.149687+00:00,7791.336527703,788.151898,5507,73.891,3.695,1082.004,2198.641,37.938,15,0,4096,R (running)
2026-07-31T06:32:26.650433+00:00,7791.837279016,788.652649,5507,63.904,3.195,1287.004,2434.598,37.938,15,0,0,R (running)
2026-07-31T06:32:27.151154+00:00,7792.338009685,789.153380,5507,77.886,3.894,1082.602,2198.941,37.938,15,0,0,R (running)
2026-07-31T06:32:27.651902+00:00,7792.838744133,789.654114,5507,67.900,3.395,1315.883,2435.207,37.938,15,0,4096,R (running)
2026-07-31T06:32:28.152636+00:00,7793.339490906,790.154861,5507,77.884,3.894,1083.215,2199.246,37.938,15,0,0,R (running)
2026-07-31T06:32:28.653418+00:00,7793.840246174,790.655616,5507,73.888,3.694,1306.496,2435.809,37.938,15,0,0,R (running)
2026-07-31T06:32:29.154167+00:00,7794.341022151,791.156392,5507,77.879,3.894,1083.809,2199.543,37.938,15,0,4096,S (sleeping)
2026-07-31T06:32:29.654920+00:00,7794.841756846,791.657127,5507,65.903,3.295,1314.121,2436.422,37.938,15,0,0,R (running)
2026-07-31T06:32:30.155668+00:00,7795.342512467,792.157882,5507,81.876,4.094,1084.441,2199.859,37.938,15,0,0,S (sleeping)
2026-07-31T06:32:30.656423+00:00,7795.843257663,792.658628,5507,67.899,3.395,1315.066,2437.000,37.938,15,0,0,R (running)
2026-07-31T06:32:31.157175+00:00,7796.344021077,793.159391,5507,77.881,3.894,1084.965,2200.121,37.938,15,0,4096,S (sleeping)
2026-07-31T06:32:31.658020+00:00,7796.844812297,793.660182,5507,65.896,3.295,1322.777,2437.613,37.938,15,0,0,R (running)
2026-07-31T06:32:32.158799+00:00,7797.345647192,794.161017,5507,81.863,4.093,1085.668,2200.473,37.938,15,0,0,S (sleeping)
2026-07-31T06:32:32.659574+00:00,7797.846421395,794.661791,5507,67.895,3.395,1320.980,2438.305,37.938,15,0,4096,R (running)
2026-07-31T06:32:33.160337+00:00,7798.347186623,795.162556,5507,85.869,4.293,1086.348,2200.812,37.938,15,0,0,S (sleeping)
2026-07-31T06:32:33.661235+00:00,7798.848027172,795.663397,5507,83.859,4.193,1324.785,2438.973,37.938,15,0,0,R (running)
2026-07-31T06:32:34.162003+00:00,7799.348856553,796.164226,5507,75.874,3.794,1087.004,2201.141,37.938,15,0,0,S (sleeping)
2026-07-31T06:32:34.662868+00:00,7799.849665582,796.665035,5507,61.900,3.095,1325.754,2439.617,37.938,15,0,4096,R (running)
2026-07-31T06:32:35.163651+00:00,7800.350496771,797.165867,5507,81.864,4.093,1087.637,2201.457,37.938,15,0,0,S (sleeping)
2026-07-31T06:32:35.664523+00:00,7800.851323579,797.666693,5507,65.891,3.295,1326.699,2440.266,37.938,15,0,0,R (running)
2026-07-31T06:32:36.165282+00:00,7801.352134681,798.167505,5507,77.874,3.894,1088.305,2201.793,37.938,15,0,4096,S (sleeping)
2026-07-31T06:32:36.666157+00:00,7801.852946371,798.668316,5507,69.887,3.494,1327.680,2440.961,37.938,15,0,0,R (running)
2026-07-31T06:32:37.166919+00:00,7802.353777098,799.169147,5507,81.864,4.093,1089.020,2202.148,37.938,15,0,0,S (sleeping)
2026-07-31T06:32:37.666023+00:00,7802.854572817,799.669943,5507,65.895,3.295,1329.176,2441.988,37.938,15,0,4096,R (running)
2026-07-31T06:32:38.166843+00:00,7803.355431884,800.170802,5507,83.856,4.193,1089.691,2202.484,37.938,15,0,0,S (sleeping)
2026-07-31T06:32:38.667715+00:00,7803.856267957,800.671638,5507,67.886,3.394,1329.848,2442.332,37.938,15,0,0,R (running)
2026-07-31T06:32:39.168495+00:00,7804.357102273,801.172472,5507,77.870,3.894,1090.379,2202.832,37.938,15,0,4096,S (sleeping)
2026-07-31T06:32:39.669398+00:00,7804.857933980,801.673304,5507,65.890,3.295,1331.004,2443.293,37.938,15,0,4096,R (running)
2026-07-31T06:32:40.170158+00:00,7805.358757269,802.174127,5507,75.875,3.794,1090.996,2203.137,37.938,15,0,0,S (sleeping)
2026-07-31T06:32:40.671061+00:00,7805.859596114,802.674966,5507,65.889,3.294,1331.777,2443.633,37.938,15,0,0,R (running)
2026-07-31T06:32:41.171886+00:00,7806.360455104,803.175825,5507,91.842,4.592,1091.676,2203.477,37.938,15,0,4096,S (sleeping)
2026-07-31T06:32:41.672768+00:00,7806.861300829,803.676671,5507,65.889,3.294,1333.082,2444.652,37.938,15,0,0,R (running)
2026-07-31T06:32:42.173500+00:00,7807.362108002,804.177478,5507,73.881,3.694,1092.355,2203.816,37.938,15,0,0,S (sleeping)
2026-07-31T06:32:42.674347+00:00,7807.862890593,804.678260,5507,69.891,3.495,1334.074,2445.340,37.938,15,0,4096,R (running)
2026-07-31T06:32:43.175110+00:00,7808.363711341,805.179081,5507,73.879,3.694,1093.043,2204.160,37.938,15,0,0,S (sleeping)
2026-07-31T06:32:43.675949+00:00,7808.864502321,805.679872,5507,119.810,5.991,1338.512,2446.004,37.938,15,0,0,R (running)
2026-07-31T06:32:44.176725+00:00,7809.365324650,806.180695,5507,71.882,3.594,1097.145,2204.492,37.938,15,0,0,S (sleeping)
2026-07-31T06:32:44.677601+00:00,7809.866153981,806.681524,5507,65.891,3.295,1339.332,2446.520,37.938,15,0,4096,R (running)
2026-07-31T06:32:45.178465+00:00,7810.367074196,807.182444,5507,73.864,3.693,1097.660,2204.750,37.938,15,0,0,S (sleeping)
2026-07-31T06:32:45.679376+00:00,7810.867890868,807.683261,5507,65.892,3.295,1340.160,2447.066,37.938,15,0,0,R (running)
2026-07-31T06:32:46.180166+00:00,7811.368771931,808.184142,5507,77.863,3.893,1098.207,2205.023,37.938,15,0,4096,S (sleeping)
2026-07-31T06:32:46.681059+00:00,7811.869589467,808.684959,5507,63.896,3.195,1341.020,2447.668,37.938,15,0,0,R (running)
2026-07-31T06:32:47.181831+00:00,7812.370432310,809.185802,5507,75.872,3.794,1098.809,2205.324,37.938,15,0,0,S (sleeping)
2026-07-31T06:32:47.682667+00:00,7812.871258018,809.686628,5507,65.891,3.295,1266.164,2448.188,37.938,15,0,4096,R (running)
2026-07-31T06:32:48.183429+00:00,7813.372026642,810.187397,5507,71.889,3.594,1099.328,2205.586,37.938,15,0,0,S (sleeping)
2026-07-31T06:32:48.684283+00:00,7813.872825809,810.688196,5507,67.891,3.395,1342.609,2448.707,37.938,15,0,0,R (running)
2026-07-31T06:32:49.185035+00:00,7814.373640263,811.189010,5507,79.870,3.993,1099.848,2205.844,37.938,15,0,0,S (sleeping)
2026-07-31T06:32:49.685760+00:00,7814.874364325,811.689734,5507,63.907,3.195,1100.473,2206.156,37.938,15,0,4096,R (running)
2026-07-31T06:32:50.186496+00:00,7815.375102914,812.190473,5507,75.888,3.794,1100.473,2206.156,37.938,15,0,0,S (sleeping)
2026-07-31T06:32:50.687341+00:00,7815.875906138,812.691276,5507,73.881,3.694,1344.535,2450.020,37.938,15,0,0,R (running)
2026-07-31T06:32:51.187723+00:00,7816.376325152,813.191695,5507,73.938,3.697,1101.160,2206.500,37.938,15,0,4096,S (sleeping)
2026-07-31T06:32:51.688468+00:00,7816.877069683,813.692440,5507,67.899,3.395,1118.262,2450.605,37.938,15,0,0,R (running)
2026-07-31T06:32:52.189199+00:00,7817.377806492,814.193176,5507,69.897,3.495,1101.746,2206.793,37.938,15,0,0,S (sleeping)
2026-07-31T06:32:52.690007+00:00,7817.878587412,814.693957,5507,69.891,3.495,1346.277,2451.137,37.938,15,0,0,R (running)
2026-07-31T06:32:53.190740+00:00,7818.379344525,815.194714,5507,75.885,3.794,1102.277,2207.059,37.938,15,0,4096,S (sleeping)
2026-07-31T06:32:53.691526+00:00,7818.880124647,815.695495,5507,71.888,3.594,1102.980,2207.410,37.938,15,0,0,R (running)
2026-07-31T06:32:54.192433+00:00,7819.381027898,816.196398,5507,69.874,3.494,1102.980,2207.410,37.938,15,0,4096,S (sleeping)
2026-07-31T06:32:54.693160+00:00,7819.881766563,816.697136,5507,69.897,3.495,1103.676,2452.535,37.938,15,0,4096,R (running)
2026-07-31T06:32:55.193948+00:00,7820.382547646,817.197918,5507,87.863,4.393,1103.676,2207.758,37.938,15,0,0,S (sleeping)
2026-07-31T06:32:55.694684+00:00,7820.883289689,817.698660,5507,63.905,3.195,1104.168,2208.004,37.938,15,0,0,R (running)
2026-07-31T06:32:56.195444+00:00,7821.384041910,818.199412,5507,69.895,3.495,1104.168,2208.004,37.938,15,0,4096,S (sleeping)
2026-07-31T06:32:56.696239+00:00,7821.884848120,818.700218,5507,69.887,3.494,1104.793,2208.316,37.938,15,0,0,S (sleeping)
2026-07-31T06:32:57.196949+00:00,7822.385557015,819.200927,5507,69.901,3.495,1104.793,2208.316,37.938,15,0,0,S (sleeping)
2026-07-31T06:32:57.697817+00:00,7822.886346099,819.701716,5507,73.883,3.694,1105.332,2208.586,37.938,15,0,0,R (running)
2026-07-31T06:32:58.198626+00:00,7823.387196430,820.202566,5507,67.885,3.394,1105.332,2208.586,37.938,15,0,4096,S (sleeping)
2026-07-31T06:32:58.699397+00:00,7823.887980029,820.703350,5507,69.890,3.495,1105.926,2208.883,37.938,15,0,0,S (sleeping)
2026-07-31T06:32:59.200130+00:00,7824.388739117,821.204109,5507,65.900,3.295,1105.926,2208.883,37.938,15,0,0,S (sleeping)
2026-07-31T06:32:59.700949+00:00,7824.889546249,821.704916,5507,67.890,3.395,1106.598,2209.219,37.938,15,0,4096,S (sleeping)
2026-07-31T06:33:00.201677+00:00,7825.390282880,822.205653,5507,71.894,3.595,1106.598,2209.219,37.938,15,0,0,S (sleeping)
2026-07-31T06:33:00.702647+00:00,7825.891069292,822.706439,5507,69.890,3.495,1107.230,2209.535,37.938,15,0,0,S (sleeping)
2026-07-31T06:33:01.203335+00:00,7826.391824183,823.207194,5507,73.888,3.694,1107.230,2209.535,37.938,15,0,4096,S (sleeping)
2026-07-31T06:33:01.703601+00:00,7826.892207216,823.707577,5507,71.945,3.597,1107.809,2209.824,37.938,15,0,0,S (sleeping)
2026-07-31T06:33:02.204318+00:00,7827.392928615,824.208298,5507,71.896,3.595,1107.809,2209.824,37.938,15,0,0,S (sleeping)
2026-07-31T06:33:02.704786+00:00,7827.893383324,824.708753,5507,81.925,4.096,1108.461,2210.148,37.938,15,0,0,S (sleeping)
2026-07-31T06:33:03.205518+00:00,7828.394118447,825.209488,5507,63.906,3.195,1108.461,2210.148,37.938,15,0,4096,S (sleeping)
2026-07-31T06:33:03.706246+00:00,7828.894850492,825.710220,5507,77.886,3.894,1109.039,2210.438,37.938,15,0,0,S (sleeping)
2026-07-31T06:33:04.206964+00:00,7829.395569655,826.210940,5507,61.911,3.096,1109.039,2210.438,37.938,15,0,0,S (sleeping)
2026-07-31T06:33:04.707461+00:00,7829.896068660,826.711439,5507,69.930,3.497,1109.605,2210.723,37.938,15,0,4096,S (sleeping)
2026-07-31T06:33:05.208213+00:00,7830.396792644,827.212163,5507,73.893,3.695,1109.605,2210.723,37.938,15,0,0,S (sleeping)
2026-07-31T06:33:05.708957+00:00,7830.897561209,827.712931,5507,77.880,3.894,1110.156,2210.996,37.938,15,0,0,S (sleeping)
2026-07-31T06:33:06.209673+00:00,7831.398279149,828.213649,5507,61.911,3.096,1110.156,2210.996,37.938,15,0,0,S (sleeping)
2026-07-31T06:33:06.710388+00:00,7831.898999345,828.714369,5507,73.894,3.695,1110.758,2211.297,37.938,15,0,4096,S (sleeping)
2026-07-31T06:33:07.210064+00:00,7832.399728333,829.215098,5507,71.895,3.595,1110.758,2211.297,37.938,15,0,0,S (sleeping)
2026-07-31T06:33:07.710394+00:00,7832.900068355,829.715438,5507,81.944,4.097,1111.402,2211.621,37.938,15,0,0,S (sleeping)
2026-07-31T06:33:08.211117+00:00,7833.400788182,830.216158,5507,59.914,2.996,1111.402,2211.621,37.938,15,0,4096,S (sleeping)
2026-07-31T06:33:08.712000+00:00,7833.901662337,830.717032,5507,71.874,3.594,1112.070,2211.953,37.938,15,0,0,S (sleeping)
2026-07-31T06:33:09.212795+00:00,7834.402459753,831.217830,5507,71.885,3.594,1112.070,2211.953,37.938,15,0,4096,S (sleeping)
2026-07-31T06:33:09.713520+00:00,7834.903188757,831.718559,5507,71.895,3.595,1112.727,2212.281,37.938,15,0,0,R (running)
2026-07-31T06:33:10.214251+00:00,7835.403904575,832.219274,5507,71.897,3.595,1112.727,2212.281,37.938,15,0,4096,S (sleeping)
2026-07-31T06:33:10.714965+00:00,7835.904636873,832.720007,5507,69.898,3.495,1113.266,2212.551,37.938,15,0,0,R (running)
2026-07-31T06:33:11.215666+00:00,7836.405342629,833.220713,5507,71.899,3.595,1113.266,2212.551,37.938,15,0,0,S (sleeping)
2026-07-31T06:33:11.716385+00:00,7836.906055383,833.721425,5507,73.895,3.695,1113.891,2212.863,37.938,15,0,4096,R (running)
2026-07-31T06:33:12.217213+00:00,7837.406870378,834.222240,5507,73.880,3.694,1113.891,2212.863,37.938,15,0,0,S (sleeping)
2026-07-31T06:33:12.718044+00:00,7837.907667696,834.723038,5507,71.885,3.594,1114.469,2213.152,37.938,15,0,0,R (running)
2026-07-31T06:33:13.218414+00:00,7838.408085311,835.223455,5507,85.928,4.296,1114.469,2213.152,37.938,15,0,4096,S (sleeping)
2026-07-31T06:33:13.719078+00:00,7838.908736102,835.724106,5507,75.901,3.795,1115.078,2213.457,37.938,15,0,0,R (running)
2026-07-31T06:33:14.219783+00:00,7839.409453452,836.224823,5507,65.905,3.295,1115.078,2213.457,37.938,15,0,0,S (sleeping)
2026-07-31T06:33:14.720527+00:00,7839.910182819,836.725553,5507,71.895,3.595,1115.680,2213.758,37.938,15,0,0,R (running)
2026-07-31T06:33:15.221263+00:00,7840.410932821,837.226303,5507,69.895,3.495,1115.680,2213.758,37.938,15,0,4096,S (sleeping)
2026-07-31T06:33:15.722216+00:00,7840.911681913,837.727052,5507,77.883,3.894,1116.219,2214.027,37.938,15,0,0,S (sleeping)
2026-07-31T06:33:16.223015+00:00,7841.412672143,838.228042,5507,57.885,2.894,1116.219,2214.027,37.938,15,0,0,S (sleeping)
2026-07-31T06:33:16.723746+00:00,7841.913416505,838.728786,5507,83.875,4.194,1116.844,2214.340,37.938,15,0,4096,R (running)
2026-07-31T06:33:17.224487+00:00,7842.414142252,839.229512,5507,65.904,3.295,1116.844,2214.340,37.938,15,0,0,S (sleeping)
2026-07-31T06:33:17.725213+00:00,7842.914881549,839.730251,5507,71.894,3.595,1117.441,2214.641,37.938,15,0,0,R (running)
2026-07-31T06:33:18.225938+00:00,7843.415606128,840.230976,5507,65.904,3.295,1117.441,2214.641,37.938,15,0,0,S (sleeping)
2026-07-31T06:33:18.726668+00:00,7843.916339231,840.731709,5507,77.886,3.894,1118.000,2214.918,37.938,15,0,4096,R (running)
2026-07-31T06:33:19.227418+00:00,7844.417068516,841.232438,5507,65.904,3.295,1118.000,2214.918,37.938,15,0,0,S (sleeping)
2026-07-31T06:33:19.728170+00:00,7844.917834219,841.733204,5507,81.875,4.094,1118.594,2215.215,37.938,15,0,0,S (sleeping)
2026-07-31T06:33:20.228918+00:00,7845.418576683,842.233947,5507,65.902,3.295,1118.594,2215.215,37.938,15,0,4096,S (sleeping)
2026-07-31T06:33:20.729663+00:00,7845.919321461,842.734691,5507,79.881,3.994,1119.266,2215.551,37.938,15,0,0,R (running)
2026-07-31T06:33:21.230407+00:00,7846.420067390,843.235437,5507,67.899,3.395,1119.266,2215.551,37.938,15,0,0,S (sleeping)
2026-07-31T06:33:21.731137+00:00,7846.920804970,843.736175,5507,81.879,4.094,1119.961,2215.898,37.938,15,0,0,S (sleeping)
2026-07-31T06:33:22.231864+00:00,7847.421532941,844.236903,5507,65.904,3.295,1119.961,2215.898,37.938,15,0,4096,S (sleeping)
2026-07-31T06:33:22.732787+00:00,7847.922416797,844.737787,5507,79.859,3.993,1120.508,2216.172,37.938,15,0,0,S (sleeping)
2026-07-31T06:33:23.233519+00:00,7848.423186251,845.238556,5507,77.880,3.894,1120.508,2216.172,37.938,15,0,0,R (running)
2026-07-31T06:33:23.734270+00:00,7848.923911121,845.739281,5507,77.887,3.894,1121.156,2216.496,37.938,15,0,4096,S (sleeping)
2026-07-31T06:33:24.234989+00:00,7849.424659012,846.240029,5507,61.907,3.095,1121.156,2216.496,37.938,15,0,4096,S (sleeping)
2026-07-31T06:33:24.735737+00:00,7849.925403370,846.740773,5507,85.872,4.294,1121.773,2216.805,37.938,15,0,0,S (sleeping)
2026-07-31T06:33:25.236479+00:00,7850.426139096,847.241509,5507,61.909,3.095,1121.773,2216.805,37.938,15,0,0,S (sleeping)
2026-07-31T06:33:25.737241+00:00,7850.926882658,847.742253,5507,83.875,4.194,1122.430,2217.133,37.938,15,0,4096,S (sleeping)
2026-07-31T06:33:26.237999+00:00,7851.427650002,848.243020,5507,61.905,3.095,1122.430,2217.133,37.938,15,0,0,R (running)
2026-07-31T06:33:26.738802+00:00,7851.928468032,848.743838,5507,79.869,3.993,1123.031,2217.434,37.938,15,0,0,R (running)
2026-07-31T06:33:27.239545+00:00,7852.429212251,849.244582,5507,79.881,3.994,1123.031,2217.434,37.938,15,0,4096,R (running)
2026-07-31T06:33:27.740288+00:00,7852.929949239,849.745319,5507,83.876,4.194,1123.656,2217.746,37.938,15,0,0,R (running)
2026-07-31T06:33:28.241009+00:00,7853.430677463,850.246047,5507,69.898,3.495,1123.656,2217.746,37.938,15,0,0,R (running)
2026-07-31T06:33:28.741736+00:00,7853.931402355,850.746772,5507,85.875,4.294,1124.242,2218.039,37.938,15,0,4096,R (running)
2026-07-31T06:33:29.242422+00:00,7854.432080074,851.247450,5507,67.908,3.395,1124.242,2218.039,37.938,15,0,0,R (running)
2026-07-31T06:33:29.743389+00:00,7854.932905813,851.748276,5507,89.852,4.493,1124.859,2218.348,37.938,15,0,0,R (running)
2026-07-31T06:33:30.244170+00:00,7855.433823032,852.249193,5507,67.875,3.394,1124.859,2218.348,37.938,15,0,0,R (running)
2026-07-31T06:33:30.744929+00:00,7855.934590560,852.749960,5507,83.871,4.194,1125.539,2218.688,37.938,15,0,4096,R (running)
2026-07-31T06:33:31.245678+00:00,7856.435341655,853.250712,5507,75.886,3.794,1125.539,2218.688,37.938,15,0,0,R (running)
2026-07-31T06:33:31.746565+00:00,7856.936154672,853.751525,5507,89.854,4.493,1126.207,2219.023,37.938,15,0,0,R (running)
2026-07-31T06:33:32.247330+00:00,7857.436980150,854.252350,5507,65.891,3.295,1126.207,2219.023,37.938,15,0,4096,R (running)
2026-07-31T06:33:32.748217+00:00,7857.937789228,854.753159,5507,81.868,4.093,1126.797,2219.316,37.938,15,0,0,R (running)
2026-07-31T06:33:33.248982+00:00,7858.438645858,855.254016,5507,59.897,2.995,1126.797,2219.316,37.938,15,0,0,R (running)
2026-07-31T06:33:33.749726+00:00,7858.939391129,855.754761,5507,145.783,7.289,1183.352,2315.629,37.938,15,0,0,R (running)
2026-07-31T06:33:34.250456+00:00,7859.440126489,856.255496,5507,71.894,3.595,1147.070,2219.625,37.938,15,0,4096,R (running)
2026-07-31T06:33:34.751200+00:00,7859.940869165,856.756239,5507,79.881,3.994,1147.625,2219.902,37.938,15,0,0,R (running)
2026-07-31T06:33:35.251935+00:00,7860.441602178,857.256972,5507,57.915,2.896,1147.625,2219.902,37.938,15,0,0,S (sleeping)
2026-07-31T06:33:35.752663+00:00,7860.942336721,857.757707,5507,81.880,4.094,1148.188,2220.184,37.938,15,0,4096,S (sleeping)
2026-07-31T06:33:36.253538+00:00,7861.443124022,858.258494,5507,57.909,2.895,1148.188,2220.184,37.938,15,0,0,R (running)
2026-07-31T06:33:36.754312+00:00,7861.943961444,858.759331,5507,85.856,4.293,1148.781,2220.480,37.938,15,0,0,S (sleeping)
2026-07-31T06:33:37.253545+00:00,7862.444712445,859.260082,5507,61.907,3.095,1148.781,2220.480,37.938,15,0,0,S (sleeping)
2026-07-31T06:33:37.754278+00:00,7862.945445704,859.760816,5507,83.877,4.194,1149.406,2220.793,37.938,15,0,4096,S (sleeping)
2026-07-31T06:33:38.255003+00:00,7863.446162813,860.261533,5507,63.908,3.195,1149.406,2220.793,37.938,15,0,0,S (sleeping)
2026-07-31T06:33:38.755759+00:00,7863.946910398,860.762280,5507,83.875,4.194,1150.016,2221.098,37.938,15,0,0,S (sleeping)
2026-07-31T06:33:39.256547+00:00,7864.447680918,861.263051,5507,125.806,6.290,1198.297,2269.750,37.938,15,0,8192,S (sleeping)
2026-07-31T06:33:39.757326+00:00,7864.948464067,861.763834,5507,97.847,4.892,1161.762,2222.039,37.938,15,0,0,S (sleeping)
2026-07-31T06:33:40.258072+00:00,7865.449239740,862.264610,5507,55.913,2.796,1161.762,2222.039,37.938,15,0,0,S (sleeping)
2026-07-31T06:33:40.758813+00:00,7865.949965931,862.765336,5507,79.884,3.994,1162.348,2222.332,37.938,15,0,0,S (sleeping)
2026-07-31T06:33:41.259539+00:00,7866.450704778,863.266075,5507,61.909,3.095,1162.348,2222.332,37.938,15,0,4096,S (sleeping)
2026-07-31T06:33:41.760260+00:00,7866.951424905,863.766795,5507,81.882,4.094,1162.934,2222.625,37.938,15,0,0,S (sleeping)
2026-07-31T06:33:42.260625+00:00,7867.451792553,864.267162,5507,59.956,2.998,1162.934,2222.625,37.938,15,0,0,S (sleeping)
2026-07-31T06:33:42.761409+00:00,7867.952560915,864.767931,5507,83.871,4.194,1163.551,2222.934,37.938,15,0,4096,S (sleeping)
2026-07-31T06:33:43.262157+00:00,7868.453315494,865.268685,5507,61.907,3.095,1163.551,2222.934,37.938,15,0,0,S (sleeping)
2026-07-31T06:33:43.762875+00:00,7868.954043921,865.769414,5507,81.881,4.094,1164.176,2223.246,37.938,15,0,0,S (sleeping)
2026-07-31T06:33:44.263620+00:00,7869.454759045,866.270129,5507,61.911,3.096,1164.176,2223.246,37.938,15,0,4096,S (sleeping)
2026-07-31T06:33:44.764346+00:00,7869.955512134,866.770882,5507,83.874,4.194,1164.762,2223.539,37.938,15,0,0,S (sleeping)
2026-07-31T06:33:45.265147+00:00,7870.456304583,867.271674,5507,61.902,3.095,1164.762,2223.539,37.938,15,0,0,S (sleeping)
2026-07-31T06:33:45.765890+00:00,7870.957060118,867.772430,5507,81.876,4.094,1165.316,2223.816,37.938,15,0,0,S (sleeping)
2026-07-31T06:33:46.266634+00:00,7871.457785364,868.273155,5507,63.907,3.195,1165.316,2223.816,37.938,15,0,4096,S (sleeping)
2026-07-31T06:33:46.767448+00:00,7871.958602250,868.773972,5507,85.860,4.293,1165.965,2224.141,37.938,15,0,0,S (sleeping)
2026-07-31T06:33:47.268186+00:00,7872.459347791,869.274718,5507,65.902,3.295,1165.965,2224.141,37.938,15,0,0,S (sleeping)
2026-07-31T06:33:47.768917+00:00,7872.960084711,869.775455,5507,93.862,4.693,1166.523,2224.418,37.938,15,0,4096,S (sleeping)
2026-07-31T06:33:48.269654+00:00,7873.460810546,870.276180,5507,59.913,2.996,1166.523,2224.418,37.938,15,0,0,S (sleeping)
2026-07-31T06:33:48.770374+00:00,7873.961540384,870.776910,5507,77.886,3.894,1167.117,2224.715,37.938,15,0,0,S (sleeping)
2026-07-31T06:33:49.271105+00:00,7874.462271830,871.277642,5507,59.912,2.996,1167.117,2224.715,37.938,15,0,0,S (sleeping)
2026-07-31T06:33:49.771831+00:00,7874.962991945,871.778362,5507,83.879,4.194,1167.828,2225.070,37.938,15,0,4096,S (sleeping)
2026-07-31T06:33:50.272572+00:00,7875.463733008,872.279103,5507,59.911,2.996,1167.828,2225.070,37.938,15,0,0,S (sleeping)
2026-07-31T06:33:50.773302+00:00,7875.964468857,872.779839,5507,83.877,4.194,1168.359,2225.336,37.938,15,0,0,S (sleeping)
2026-07-31T06:33:51.274024+00:00,7876.465193882,873.280564,5507,59.913,2.996,1168.359,2225.336,37.938,15,0,4096,S (sleeping)
2026-07-31T06:33:51.774764+00:00,7876.965927459,873.781297,5507,89.868,4.493,1168.969,2225.641,37.938,15,0,0,S (sleeping)
2026-07-31T06:33:52.275496+00:00,7877.466663551,874.282033,5507,63.906,3.195,1168.969,2225.641,37.938,15,0,0,S (sleeping)
2026-07-31T06:33:52.776242+00:00,7877.967392202,874.782762,5507,81.881,4.094,1169.582,2225.945,37.938,15,0,0,S (sleeping)
2026-07-31T06:33:53.277168+00:00,7878.468157473,875.283527,5507,59.908,2.995,1169.582,2225.945,37.938,15,0,4096,S (sleeping)
2026-07-31T06:33:53.777978+00:00,7878.969142715,875.784513,5507,89.823,4.491,1170.199,2226.254,37.938,15,0,0,S (sleeping)
2026-07-31T06:33:54.278732+00:00,7879.469885150,876.285255,5507,59.911,2.996,1170.199,2226.254,37.938,15,0,0,S (sleeping)
2026-07-31T06:33:54.779470+00:00,7879.970626754,876.785997,5507,81.879,4.094,1170.785,2226.547,37.938,15,0,8192,S (sleeping)
2026-07-31T06:33:55.280213+00:00,7880.471369815,877.286740,5507,65.902,3.295,1170.785,2226.547,37.938,15,0,0,S (sleeping)
2026-07-31T06:33:55.780966+00:00,7880.972133567,877.787503,5507,81.875,4.094,1171.426,2226.867,37.938,15,0,0,S (sleeping)
2026-07-31T06:33:56.281703+00:00,7881.472859029,878.288229,5507,63.907,3.195,1171.426,2226.867,37.938,15,0,0,R (running)
2026-07-31T06:33:56.782454+00:00,7881.973615703,878.788986,5507,83.873,4.194,1172.027,2227.168,37.938,15,0,4096,S (sleeping)
2026-07-31T06:33:57.283195+00:00,7882.474359351,879.289729,5507,63.905,3.195,1172.027,2227.168,37.938,15,0,0,S (sleeping)
2026-07-31T06:33:57.783937+00:00,7882.975101572,879.790471,5507,87.870,4.393,1172.582,2227.445,37.938,15,0,0,S (sleeping)
2026-07-31T06:33:58.284676+00:00,7883.475841486,880.291211,5507,77.885,3.894,1172.582,2227.445,37.938,15,0,4096,S (sleeping)
2026-07-31T06:33:58.785415+00:00,7883.976578395,880.791948,5507,81.879,4.094,1173.246,2227.777,37.938,15,0,0,S (sleeping)
2026-07-31T06:33:59.286154+00:00,7884.477319468,881.292689,5507,59.911,2.996,1173.246,2227.777,37.938,15,0,0,S (sleeping)
2026-07-31T06:33:59.786889+00:00,7884.978051648,881.793422,5507,85.874,4.294,1173.785,2228.047,37.938,15,0,0,S (sleeping)
2026-07-31T06:34:00.287626+00:00,7885.478784887,882.294155,5507,63.906,3.195,1173.785,2228.047,37.938,15,0,4096,S (sleeping)
2026-07-31T06:34:00.788372+00:00,7885.979534259,882.794904,5507,83.874,4.194,1174.387,2228.348,37.938,15,0,0,S (sleeping)
2026-07-31T06:34:01.289098+00:00,7886.480264840,883.295635,5507,59.912,2.996,1174.387,2228.348,37.938,15,0,0,S (sleeping)
2026-07-31T06:34:01.789824+00:00,7886.980986684,883.796357,5507,87.873,4.394,1174.992,2228.652,37.938,15,0,4096,S (sleeping)
2026-07-31T06:34:02.290551+00:00,7887.481709699,884.297080,5507,61.910,3.096,1174.992,2228.652,37.938,15,0,0,S (sleeping)
2026-07-31T06:34:02.790844+00:00,7887.982009300,884.797379,5507,83.950,4.197,1175.695,2228.938,37.938,15,0,0,S (sleeping)
2026-07-31T06:34:03.291567+00:00,7888.482733255,885.298103,5507,61.910,3.096,1175.695,2228.938,37.938,15,0,0,S (sleeping)
2026-07-31T06:34:03.791988+00:00,7888.983150923,885.798521,5507,83.930,4.196,1176.145,2229.227,37.938,15,0,4096,R (running)
2026-07-31T06:34:04.292769+00:00,7889.483889680,886.299260,5507,61.909,3.095,1176.145,2229.227,37.938,15,0,0,S (sleeping)
2026-07-31T06:34:04.793219+00:00,7889.984381918,886.799752,5507,83.917,4.196,1176.660,2229.484,37.938,15,0,0,S (sleeping)
2026-07-31T06:34:05.293745+00:00,7890.484909677,887.300280,5507,67.928,3.396,1176.660,2229.484,37.938,15,0,4096,S (sleeping)
2026-07-31T06:34:05.794487+00:00,7890.985640098,887.801010,5507,83.877,4.194,1177.254,2229.781,37.938,15,0,0,S (sleeping)
2026-07-31T06:34:06.295206+00:00,7891.486373347,888.301743,5507,59.912,2.996,1177.254,2229.781,37.938,15,0,0,S (sleeping)
2026-07-31T06:34:06.795940+00:00,7891.987099942,888.802470,5507,79.884,3.994,1177.848,2230.078,37.938,15,0,4096,S (sleeping)
2026-07-31T06:34:07.295214+00:00,7892.487847483,889.303217,5507,59.910,2.996,1177.848,2230.078,37.938,15,0,0,S (sleeping)
2026-07-31T06:34:07.795933+00:00,7892.988566981,889.803937,5507,83.879,4.194,1178.457,2230.383,37.938,15,0,0,S (sleeping)
2026-07-31T06:34:08.296667+00:00,7893.489298648,890.304669,5507,65.904,3.295,1178.457,2230.383,37.938,15,0,0,S (sleeping)
2026-07-31T06:34:08.797399+00:00,7893.990030925,890.805401,5507,79.883,3.994,1179.004,2230.656,37.938,15,0,4096,S (sleeping)
2026-07-31T06:34:09.298125+00:00,7894.490759235,891.306129,5507,61.910,3.095,1179.004,2230.656,37.938,15,0,0,S (sleeping)
2026-07-31T06:34:09.798846+00:00,7894.991477187,891.806847,5507,83.880,4.194,1179.602,2230.957,37.938,15,0,4096,S (sleeping)
2026-07-31T06:34:10.299596+00:00,7895.492220876,892.307591,5507,61.908,3.095,1179.602,2230.957,37.938,15,0,4096,S (sleeping)
2026-07-31T06:34:10.800324+00:00,7895.992956914,892.808327,5507,81.879,4.094,1180.207,2231.258,37.938,15,0,0,S (sleeping)
2026-07-31T06:34:11.301057+00:00,7896.493690270,893.309060,5507,67.900,3.395,1180.207,2231.258,37.938,15,0,0,S (sleeping)
2026-07-31T06:34:11.801801+00:00,7896.994426235,893.809796,5507,85.874,4.294,1180.848,2231.578,37.938,15,0,0,S (sleeping)
2026-07-31T06:34:12.302536+00:00,7897.495163557,894.310533,5507,59.912,2.996,1180.848,2231.578,37.938,15,0,4096,S (sleeping)
2026-07-31T06:34:12.803253+00:00,7897.995887176,894.811257,5507,83.879,4.194,1181.434,2231.871,37.938,15,0,0,S (sleeping)
2026-07-31T06:34:13.303546+00:00,7898.496174575,895.311544,5507,59.966,2.998,1181.434,2231.871,37.938,15,0,0,S (sleeping)
2026-07-31T06:34:13.804279+00:00,7898.996911590,895.812281,5507,83.876,4.194,1182.004,2232.156,37.938,15,0,4096,S (sleeping)
2026-07-31T06:34:14.305005+00:00,7899.497638028,896.313008,5507,61.910,3.096,1182.004,2232.156,37.938,15,0,0,S (sleeping)
2026-07-31T06:34:14.805321+00:00,7899.997953858,896.813324,5507,81.948,4.097,1182.582,2232.445,37.938,15,0,0,S (sleeping)
2026-07-31T06:34:15.306048+00:00,7900.498681832,897.314052,5507,63.907,3.195,1182.582,2232.445,37.938,15,0,0,S (sleeping)
2026-07-31T06:34:15.806781+00:00,7900.999408530,897.814778,5507,85.875,4.294,1183.168,2232.738,37.938,15,0,4096,S (sleeping)
2026-07-31T06:34:16.307526+00:00,7901.500146866,898.315517,5507,75.888,3.794,1183.168,2232.738,37.938,15,0,0,S (sleeping)
2026-07-31T06:34:16.808256+00:00,7902.000880916,898.816251,5507,79.883,3.994,1183.738,2233.023,37.938,15,0,0,S (sleeping)
2026-07-31T06:34:17.308985+00:00,7902.501609941,899.316980,5507,59.913,2.996,1183.738,2233.023,37.938,15,0,4096,S (sleeping)
2026-07-31T06:34:17.809728+00:00,7903.002348985,899.817719,5507,85.873,4.294,1184.332,2233.320,37.938,15,0,0,S (sleeping)
2026-07-31T06:34:18.310463+00:00,7903.503090828,900.318461,5507,63.905,3.195,1184.332,2233.320,37.938,15,0,0,S (sleeping)
2026-07-31T06:34:18.811184+00:00,7904.003816423,900.819186,5507,83.878,4.194,1185.082,2233.625,37.938,15,0,0,S (sleeping)
2026-07-31T06:34:19.311982+00:00,7904.504579571,901.319949,5507,65.899,3.295,1185.082,2233.625,37.938,15,0,4096,S (sleeping)
2026-07-31T06:34:19.812769+00:00,7905.005381002,901.820751,5507,91.853,4.593,1185.707,2233.938,37.938,15,0,0,R (running)
2026-07-31T06:34:20.313486+00:00,7905.506118115,902.321488,5507,63.906,3.195,1185.707,2233.938,37.938,15,0,0,S (sleeping)
2026-07-31T06:34:20.814212+00:00,7906.006843772,902.822214,5507,87.872,4.394,1186.348,2234.258,37.938,15,0,4096,S (sleeping)
2026-07-31T06:34:21.314929+00:00,7906.507566188,903.322936,5507,67.902,3.395,1186.348,2234.258,37.938,15,0,0,S (sleeping)
2026-07-31T06:34:21.815660+00:00,7907.008285077,903.823655,5507,87.874,4.394,1186.949,2234.559,37.938,15,0,0,S (sleeping)
2026-07-31T06:34:22.316458+00:00,7907.509091065,904.324461,5507,61.900,3.095,1186.949,2234.559,37.938,15,0,0,S (sleeping)
2026-07-31T06:34:22.817203+00:00,7908.009830189,904.825200,5507,83.876,4.194,1187.574,2234.871,37.938,15,0,4096,S (sleeping)
2026-07-31T06:34:23.317990+00:00,7908.510591986,905.325962,5507,63.903,3.195,1187.574,2234.871,37.938,15,0,0,S (sleeping)
2026-07-31T06:34:23.818718+00:00,7909.011342222,905.826712,5507,85.871,4.294,1188.215,2235.191,37.938,15,0,0,S (sleeping)
2026-07-31T06:34:24.319544+00:00,7909.512120108,906.327490,5507,63.901,3.195,1188.215,2235.191,37.938,15,0,4096,S (sleeping)
2026-07-31T06:34:24.820314+00:00,7910.012930443,906.828300,5507,89.854,4.493,1188.809,2235.488,37.938,15,0,4096,R (running)
2026-07-31T06:34:25.321069+00:00,7910.513675123,907.329045,5507,63.905,3.195,1188.809,2235.488,37.938,15,0,0,S (sleeping)
2026-07-31T06:34:25.821865+00:00,7911.014484121,907.829854,5507,117.809,5.890,1189.434,2235.801,37.938,15,0,4096,S (sleeping)
2026-07-31T06:34:26.322615+00:00,7911.515242535,908.330612,5507,59.909,2.995,1189.434,2235.801,37.938,15,0,0,R (running)
2026-07-31T06:34:26.823358+00:00,7912.015966049,908.831336,5507,83.879,4.194,1190.062,2236.117,37.938,15,0,0,S (sleeping)
2026-07-31T06:34:27.324111+00:00,7912.516736553,909.332106,5507,63.902,3.195,1190.062,2236.117,37.938,15,0,0,S (sleeping)
2026-07-31T06:34:27.824836+00:00,7913.017466974,909.832837,5507,85.875,4.294,1190.699,2236.434,37.938,15,0,4096,S (sleeping)
2026-07-31T06:34:28.325567+00:00,7913.518194626,910.333564,5507,63.907,3.195,1190.699,2236.434,37.938,15,0,0,S (sleeping)
2026-07-31T06:34:28.826317+00:00,7914.018939150,910.834309,5507,87.869,4.393,1191.340,2236.754,37.938,15,0,0,S (sleeping)
2026-07-31T06:34:29.327060+00:00,7914.519682881,911.335053,5507,63.905,3.195,1191.340,2236.754,37.938,15,0,4096,S (sleeping)
2026-07-31T06:34:29.828012+00:00,7915.020496474,911.835866,5507,85.860,4.293,1192.023,2237.047,37.938,15,0,0,S (sleeping)
2026-07-31T06:34:30.328741+00:00,7915.521372679,912.336743,5507,67.881,3.394,1192.023,2237.047,37.938,15,0,0,S (sleeping)
2026-07-31T06:34:30.829473+00:00,7916.022104812,912.837475,5507,91.865,4.593,1192.617,2237.344,37.938,15,0,0,S (sleeping)
2026-07-31T06:34:31.330206+00:00,7916.522832612,913.338202,5507,67.901,3.395,1192.617,2237.344,37.938,15,0,4096,S (sleeping)
2026-07-31T06:34:31.830933+00:00,7917.023562006,913.838932,5507,89.869,4.493,1193.250,2237.660,37.938,15,0,0,S (sleeping)
2026-07-31T06:34:32.331660+00:00,7917.524290845,914.339661,5507,63.907,3.195,1193.250,2237.660,37.938,15,0,0,S (sleeping)
2026-07-31T06:34:32.832412+00:00,7918.025026339,914.840396,5507,91.865,4.593,1193.914,2237.992,37.938,15,0,4096,S (sleeping)
2026-07-31T06:34:33.333183+00:00,7918.525800777,915.341171,5507,59.907,2.995,1193.914,2237.992,37.938,15,0,0,S (sleeping)
2026-07-31T06:34:33.833912+00:00,7919.026545314,915.841915,5507,89.866,4.493,1194.555,2238.312,37.938,15,0,0,S (sleeping)
2026-07-31T06:34:34.334643+00:00,7919.527272047,916.342642,5507,65.904,3.295,1194.555,2238.312,37.938,15,0,0,S (sleeping)
2026-07-31T06:34:34.834875+00:00,7920.027508528,916.842878,5507,83.960,4.198,1195.195,2238.633,37.938,15,0,4096,S (sleeping)
2026-07-31T06:34:35.335618+00:00,7920.528250424,917.343620,5507,61.908,3.095,1195.195,2238.633,37.938,15,0,0,S (sleeping)
2026-07-31T06:34:35.836358+00:00,7921.028981846,917.844352,5507,89.869,4.493,1195.812,2238.941,37.938,15,0,0,S (sleeping)
2026-07-31T06:34:36.337086+00:00,7921.529720106,918.345090,5507,63.906,3.195,1195.812,2238.941,37.938,15,0,4096,S (sleeping)
2026-07-31T06:34:36.837893+00:00,7922.030459368,918.845829,5507,91.864,4.593,1196.430,2239.250,37.938,15,0,0,S (sleeping)
2026-07-31T06:34:37.336974+00:00,7922.531165053,919.346535,5507,65.907,3.295,1196.430,2239.250,37.938,15,0,0,S (sleeping)
2026-07-31T06:34:37.837240+00:00,7923.031436105,919.846806,5507,89.951,4.498,1197.039,2239.555,37.938,15,0,0,R (running)
2026-07-31T06:34:38.337976+00:00,7923.532159219,920.347529,5507,123.821,6.191,1261.664,2343.316,37.938,15,0,4096,R (running)
2026-07-31T06:34:38.838711+00:00,7924.032905222,920.848275,5507,81.878,4.094,1262.281,2343.625,37.938,15,0,0,R (running)
2026-07-31T06:34:39.339446+00:00,7924.533639525,921.349009,5507,59.912,2.996,1237.414,2295.621,37.938,15,0,0,R (running)
2026-07-31T06:34:39.840340+00:00,7925.034522473,921.849892,5507,81.855,4.093,1238.023,2295.926,37.938,15,0,8192,R (running)
2026-07-31T06:34:40.341111+00:00,7925.535300053,922.350670,5507,61.904,3.095,1238.023,2295.926,37.938,15,0,0,R (running)
2026-07-31T06:34:40.841865+00:00,7926.036062412,922.851432,5507,85.869,4.293,1238.672,2296.250,37.938,15,0,0,R (running)
2026-07-31T06:34:41.342596+00:00,7926.536794696,923.352165,5507,59.912,2.996,1238.672,2296.250,37.938,15,0,4096,R (running)
2026-07-31T06:34:41.843336+00:00,7927.037522188,923.852892,5507,89.869,4.493,1239.289,2296.559,37.938,15,0,0,R (running)
2026-07-31T06:34:42.344074+00:00,7927.538256312,924.353626,5507,57.915,2.896,1239.289,2296.559,37.938,15,0,0,R (running)
2026-07-31T06:34:42.844828+00:00,7928.039019866,924.854390,5507,81.875,4.094,1239.910,2296.871,37.938,15,0,0,R (running)
2026-07-31T06:34:43.345550+00:00,7928.539752135,925.355122,5507,61.909,3.095,1239.910,2296.871,37.938,15,0,4096,R (running)
2026-07-31T06:34:43.846501+00:00,7929.040611241,925.855981,5507,87.849,4.392,1240.504,2297.164,37.938,15,0,0,R (running)
2026-07-31T06:34:44.347273+00:00,7929.541470957,926.356841,5507,63.890,3.195,1240.504,2297.164,37.938,15,0,0,R (running)
2026-07-31T06:34:44.848002+00:00,7930.042202413,926.857572,5507,85.874,4.294,1241.160,2297.492,37.938,15,0,4096,R (running)
2026-07-31T06:34:45.348730+00:00,7930.542931166,927.358301,5507,67.901,3.395,1241.160,2297.492,37.938,15,0,0,R (running)
2026-07-31T06:34:45.849443+00:00,7931.043646652,927.859017,5507,83.880,4.194,1241.785,2297.805,37.938,15,0,0,R (running)
2026-07-31T06:34:46.350168+00:00,7931.544361236,928.359731,5507,69.900,3.495,1241.785,2297.805,37.938,15,0,0,R (running)
2026-07-31T06:34:46.850899+00:00,7932.045099394,928.860469,5507,81.879,4.094,1242.402,2298.113,37.938,15,0,4096,R (running)
2026-07-31T06:34:47.351657+00:00,7932.545835522,929.361205,5507,59.912,2.996,1242.402,2298.113,37.938,15,0,0,R (running)
2026-07-31T06:34:47.852473+00:00,7933.046652382,929.862022,5507,83.863,4.193,1243.027,2298.426,37.938,15,0,0,S (sleeping)
2026-07-31T06:34:48.352984+00:00,7933.547165540,930.362535,5507,59.938,2.997,1243.027,2298.426,37.938,15,0,4096,R (running)
2026-07-31T06:34:48.853740+00:00,7934.047921053,930.863291,5507,83.873,4.194,1243.676,2298.750,37.938,15,0,0,S (sleeping)
2026-07-31T06:34:49.354480+00:00,7934.548667041,931.364037,5507,65.902,3.295,1243.676,2298.750,37.938,15,0,0,S (sleeping)
2026-07-31T06:34:49.855207+00:00,7935.049405802,931.864776,5507,85.873,4.294,1244.293,2299.059,37.938,15,0,0,S (sleeping)
2026-07-31T06:34:50.355954+00:00,7935.550139255,932.365509,5507,61.909,3.095,1244.293,2299.059,37.938,15,0,4096,S (sleeping)
2026-07-31T06:34:50.856322+00:00,7936.050519354,932.865889,5507,83.936,4.197,1244.941,2299.383,37.938,15,0,0,R (running)
2026-07-31T06:34:51.357066+00:00,7936.551256759,933.366627,5507,77.885,3.894,1244.941,2299.383,37.938,15,0,0,S (sleeping)
2026-07-31T06:34:51.857856+00:00,7937.052050695,933.867421,5507,83.867,4.193,1245.605,2299.715,37.938,15,0,4096,S (sleeping)
2026-07-31T06:34:52.358610+00:00,7937.552795093,934.368165,5507,59.911,2.996,1245.605,2299.715,37.938,15,0,0,S (sleeping)
2026-07-31T06:34:52.859351+00:00,7938.053536115,934.868906,5507,85.873,4.294,1246.215,2300.020,37.938,15,0,0,S (sleeping)
2026-07-31T06:34:53.360093+00:00,7938.554291318,935.369661,5507,59.910,2.995,1246.215,2300.020,37.938,15,0,0,S (sleeping)
2026-07-31T06:34:53.860649+00:00,7939.054844829,935.870215,5507,87.903,4.395,1246.863,2300.344,37.938,15,0,4096,S (sleeping)
2026-07-31T06:34:54.361454+00:00,7939.555629621,936.370999,5507,61.903,3.095,1246.863,2300.344,37.938,15,0,0,S (sleeping)
2026-07-31T06:34:54.862201+00:00,7940.056397890,936.871768,5507,83.871,4.194,1247.473,2300.648,37.938,15,0,0,S (sleeping)
2026-07-31T06:34:55.362933+00:00,7940.557117235,937.372487,5507,63.908,3.195,1247.473,2300.648,37.938,15,0,8192,S (sleeping)
2026-07-31T06:34:55.863665+00:00,7941.057850613,937.873220,5507,89.868,4.493,1248.184,2301.004,37.938,15,0,0,S (sleeping)
2026-07-31T06:34:56.364394+00:00,7941.558590852,938.373961,5507,63.905,3.195,1248.184,2301.004,37.938,15,0,0,S (sleeping)
2026-07-31T06:34:56.864675+00:00,7942.058875349,938.874245,5507,81.953,4.098,1248.832,2301.328,37.938,15,0,4096,S (sleeping)
2026-07-31T06:34:57.365403+00:00,7942.559600102,939.374970,5507,63.907,3.195,1248.832,2301.328,37.938,15,0,0,S (sleeping)
2026-07-31T06:34:57.866125+00:00,7943.060323693,939.875694,5507,83.879,4.194,1249.449,2301.637,37.938,15,0,0,S (sleeping)
2026-07-31T06:34:58.366923+00:00,7943.561101542,940.376471,5507,63.901,3.195,1249.449,2301.637,37.938,15,0,0,S (sleeping)
2026-07-31T06:34:58.867591+00:00,7944.061787057,940.877157,5507,83.885,4.194,1250.137,2301.980,37.938,15,0,4096,S (sleeping)
2026-07-31T06:34:59.368335+00:00,7944.562524329,941.377894,5507,61.909,3.095,1250.137,2301.980,37.938,15,0,0,S (sleeping)
2026-07-31T06:34:59.869068+00:00,7945.063265142,941.878635,5507,89.867,4.493,1250.777,2302.301,37.938,15,0,0,S (sleeping)
2026-07-31T06:35:00.369423+00:00,7945.563620937,942.378991,5507,69.950,3.498,1250.777,2302.301,37.938,15,0,4096,S (sleeping)
2026-07-31T06:35:00.870157+00:00,7946.064352560,942.879722,5507,87.871,4.394,1251.441,2302.633,37.938,15,0,0,S (sleeping)
2026-07-31T06:35:01.370846+00:00,7946.565043793,943.380414,5507,61.914,3.096,1251.441,2302.633,37.938,15,0,0,S (sleeping)
2026-07-31T06:35:01.871575+00:00,7947.065774932,943.881145,5507,87.872,4.394,1252.043,2302.934,37.938,15,0,0,S (sleeping)
2026-07-31T06:35:02.372160+00:00,7947.566339017,944.381709,5507,65.926,3.296,1252.043,2302.934,37.938,15,0,4096,S (sleeping)
2026-07-31T06:35:02.872911+00:00,7948.067099379,944.882469,5507,81.875,4.094,1252.652,2303.238,37.938,15,0,0,S (sleeping)
2026-07-31T06:35:03.373640+00:00,7948.567838877,945.383209,5507,75.888,3.794,1252.652,2303.238,37.938,15,0,0,S (sleeping)
2026-07-31T06:35:03.874366+00:00,7949.068563630,945.883934,5507,83.878,4.194,1253.316,2303.570,37.938,15,0,4096,S (sleeping)
2026-07-31T06:35:04.375089+00:00,7949.569286666,946.384657,5507,59.913,2.996,1253.316,2303.570,37.938,15,0,0,S (sleeping)
2026-07-31T06:35:04.875818+00:00,7950.070015427,946.885385,5507,79.884,3.994,1253.988,2303.906,37.938,15,0,0,S (sleeping)
2026-07-31T06:35:05.376555+00:00,7950.570749311,947.386119,5507,61.909,3.095,1253.988,2303.906,37.938,15,0,0,S (sleeping)
2026-07-31T06:35:05.877302+00:00,7951.071493304,947.886863,5507,89.866,4.493,1254.602,2304.215,37.938,15,0,4096,S (sleeping)
2026-07-31T06:35:06.378055+00:00,7951.572243143,948.387613,5507,59.910,2.996,1254.602,2304.215,37.938,15,0,0,S (sleeping)
2026-07-31T06:35:06.878805+00:00,7952.073001773,948.888372,5507,105.839,5.292,1255.277,2304.551,37.938,15,0,0,R (running)
2026-07-31T06:35:07.378205+00:00,7952.573768616,949.389138,5507,63.902,3.195,1255.277,2304.551,37.938,15,0,4096,S (sleeping)
2026-07-31T06:35:07.878953+00:00,7953.074509011,949.889879,5507,87.870,4.393,1255.848,2304.836,37.938,15,0,0,S (sleeping)
2026-07-31T06:35:08.379687+00:00,7953.575255288,950.390625,5507,61.908,3.095,1255.848,2304.836,37.938,15,0,0,S (sleeping)
2026-07-31T06:35:08.880442+00:00,7954.075986763,950.891357,5507,85.874,4.294,1256.457,2305.141,37.938,15,0,0,S (sleeping)
2026-07-31T06:35:09.381199+00:00,7954.576752548,951.392122,5507,65.899,3.295,1256.457,2305.141,37.938,15,0,4096,S (sleeping)
2026-07-31T06:35:09.881979+00:00,7955.077540691,951.892911,5507,85.865,4.293,1257.004,2305.414,37.938,15,0,0,S (sleeping)
2026-07-31T06:35:10.382715+00:00,7955.578282237,952.393652,5507,63.905,3.195,1257.004,2305.414,37.938,15,0,4096,S (sleeping)
2026-07-31T06:35:10.883498+00:00,7956.079049943,952.894420,5507,91.859,4.593,1289.824,2353.734,37.938,15,0,4096,S (sleeping)
2026-07-31T06:35:11.384262+00:00,7956.579825906,953.395196,5507,101.842,5.092,1289.824,2353.734,37.938,15,0,0,S (sleeping)
2026-07-31T06:35:11.885001+00:00,7957.080565983,953.895936,5507,87.870,4.393,1290.516,2354.082,37.938,15,0,0,S (sleeping)
2026-07-31T06:35:12.385753+00:00,7957.581302350,954.396672,5507,59.912,2.996,1258.297,2306.078,37.938,15,0,0,S (sleeping)
2026-07-31T06:35:12.886504+00:00,7958.082068605,954.897438,5507,89.862,4.493,1258.965,2306.410,37.938,15,0,4096,S (sleeping)
2026-07-31T06:35:13.387254+00:00,7958.582819711,955.398190,5507,63.904,3.195,1258.965,2306.410,37.938,15,0,0,S (sleeping)
2026-07-31T06:35:13.887992+00:00,7959.083560963,955.898931,5507,89.867,4.493,1259.598,2306.727,37.938,15,0,0,S (sleeping)
2026-07-31T06:35:14.388730+00:00,7959.584292477,956.399662,5507,65.904,3.295,1259.598,2306.727,37.938,15,0,4096,S (sleeping)
2026-07-31T06:35:14.889466+00:00,7960.085029087,956.900399,5507,87.871,4.394,1260.246,2307.051,37.938,15,0,0,S (sleeping)
2026-07-31T06:35:15.390187+00:00,7960.585757419,957.401127,5507,65.904,3.295,1260.246,2307.051,37.938,15,0,0,S (sleeping)
2026-07-31T06:35:15.891105+00:00,7961.086652866,957.902023,5507,89.839,4.492,1260.840,2307.348,37.938,15,0,4096,S (sleeping)
2026-07-31T06:35:16.391910+00:00,7961.587425294,958.402795,5507,69.892,3.495,1260.840,2307.348,37.938,15,0,0,S (sleeping)
2026-07-31T06:35:16.892649+00:00,7962.088210557,958.903580,5507,83.868,4.193,1261.520,2307.688,37.938,15,0,0,S (sleeping)
2026-07-31T06:35:17.393385+00:00,7962.588952507,959.404322,5507,63.905,3.195,1261.520,2307.688,37.938,15,0,0,S (sleeping)
2026-07-31T06:35:17.894121+00:00,7963.089684897,959.905055,5507,89.868,4.493,1262.160,2308.008,37.938,15,0,4096,S (sleeping)
2026-07-31T06:35:18.394850+00:00,7963.590416542,960.405786,5507,73.892,3.695,1262.160,2308.008,37.938,15,0,0,S (sleeping)
2026-07-31T06:35:18.895594+00:00,7964.091153511,960.906523,5507,83.876,4.194,1262.770,2308.312,37.938,15,0,0,S (sleeping)
2026-07-31T06:35:19.396377+00:00,7964.591896045,961.407266,5507,57.914,2.896,1262.770,2308.312,37.938,15,0,4096,S (sleeping)
2026-07-31T06:35:19.897139+00:00,7965.092697720,961.908068,5507,85.862,4.293,1263.457,2308.656,37.938,15,0,0,S (sleeping)
2026-07-31T06:35:20.397876+00:00,7965.593438327,962.408808,5507,65.902,3.295,1263.457,2308.656,37.938,15,0,0,S (sleeping)
2026-07-31T06:35:20.898611+00:00,7966.094172448,962.909542,5507,83.877,4.194,1264.082,2308.973,37.938,15,0,0,S (sleeping)
2026-07-31T06:35:21.399346+00:00,7966.594911418,963.410281,5507,63.906,3.195,1264.082,2308.973,37.938,15,0,4096,S (sleeping)
2026-07-31T06:35:21.900083+00:00,7967.095641740,963.911012,5507,87.872,4.394,1264.730,2309.293,37.938,15,0,0,S (sleeping)
2026-07-31T06:35:22.400824+00:00,7967.596380276,964.411750,5507,61.909,3.095,1264.730,2309.293,37.938,15,0,0,S (sleeping)
2026-07-31T06:35:22.901605+00:00,7968.097154346,964.912524,5507,91.858,4.593,1265.355,2309.605,37.938,15,0,4096,S (sleeping)
2026-07-31T06:35:23.402354+00:00,7968.597920988,965.413291,5507,65.899,3.295,1265.355,2309.605,37.938,15,0,0,S (sleeping)
2026-07-31T06:35:23.903085+00:00,7969.098645421,965.914015,5507,87.873,4.394,1265.965,2309.910,37.938,15,0,0,S (sleeping)
2026-07-31T06:35:24.403823+00:00,7969.599381676,966.414752,5507,65.903,3.295,1265.965,2309.910,37.938,15,0,0,S (sleeping)
2026-07-31T06:35:24.904548+00:00,7970.100116950,966.915487,5507,89.868,4.493,1266.598,2310.227,37.938,15,0,4096,S (sleeping)
2026-07-31T06:35:25.405286+00:00,7970.600846147,967.416216,5507,61.910,3.095,1266.598,2310.227,37.938,15,0,4096,S (sleeping)
2026-07-31T06:35:25.906035+00:00,7971.101584735,967.916955,5507,85.873,4.294,1267.254,2310.555,37.938,15,0,0,S (sleeping)
2026-07-31T06:35:26.406777+00:00,7971.602342975,968.417713,5507,61.906,3.095,1267.254,2310.555,37.938,15,0,4096,S (sleeping)
2026-07-31T06:35:26.907523+00:00,7972.103082649,968.918453,5507,105.843,5.292,1267.887,2310.871,37.938,15,0,0,S (sleeping)
2026-07-31T06:35:27.408253+00:00,7972.603822216,969.419192,5507,57.914,2.896,1267.887,2310.871,37.938,15,0,0,S (sleeping)
2026-07-31T06:35:27.908971+00:00,7973.104541689,969.919912,5507,87.874,4.394,1268.465,2311.160,37.938,15,0,4096,S (sleeping)
2026-07-31T06:35:28.409706+00:00,7973.605274585,970.420644,5507,59.912,2.996,1268.465,2311.160,37.938,15,0,0,S (sleeping)
2026-07-31T06:35:28.910437+00:00,7974.106007707,970.921378,5507,81.880,4.094,1269.090,2311.473,37.938,15,0,0,S (sleeping)
2026-07-31T06:35:29.411175+00:00,7974.606732392,971.422102,5507,65.904,3.295,1269.090,2311.473,37.938,15,0,0,S (sleeping)
2026-07-31T06:35:29.911948+00:00,7975.107490014,971.922860,5507,87.867,4.393,1269.707,2311.781,37.938,15,0,4096,S (sleeping)
2026-07-31T06:35:30.412694+00:00,7975.608259282,972.423629,5507,63.902,3.195,1269.707,2311.781,37.938,15,0,0,S (sleeping)
2026-07-31T06:35:30.913153+00:00,7976.108716495,972.924086,5507,87.920,4.396,1270.348,2312.102,37.938,15,0,0,S (sleeping)
2026-07-31T06:35:31.413881+00:00,7976.609448532,973.424818,5507,59.912,2.996,1270.348,2312.102,37.938,15,0,4096,S (sleeping)
2026-07-31T06:35:31.914134+00:00,7977.109702079,973.925072,5507,91.953,4.598,1271.051,2312.453,37.938,15,0,0,S (sleeping)
2026-07-31T06:35:32.414869+00:00,7977.610430378,974.425800,5507,61.910,3.095,1271.051,2312.453,37.938,15,0,0,S (sleeping)
2026-07-31T06:35:32.915589+00:00,7978.111157097,974.926527,5507,87.872,4.394,1271.746,2312.801,37.938,15,0,0,S (sleeping)
2026-07-31T06:35:33.416308+00:00,7978.611873874,975.427244,5507,65.906,3.295,1271.746,2312.801,37.938,15,0,4096,S (sleeping)
2026-07-31T06:35:33.917399+00:00,7979.112729985,975.928100,5507,87.850,4.392,1272.348,2313.102,37.938,15,0,0,S (sleeping)
2026-07-31T06:35:34.417667+00:00,7979.613234950,976.428605,5507,61.937,3.097,1272.348,2313.102,37.938,15,0,0,S (sleeping)
2026-07-31T06:35:34.918411+00:00,7980.113973869,976.929344,5507,83.876,4.194,1273.055,2313.453,37.938,15,0,4096,S (sleeping)
2026-07-31T06:35:35.419153+00:00,7980.614712617,977.430082,5507,61.909,3.095,1273.055,2313.453,37.938,15,0,0,R (running)
2026-07-31T06:35:35.919877+00:00,7981.115448325,977.930818,5507,97.856,4.893,1273.672,2313.762,37.938,15,0,0,S (sleeping)
2026-07-31T06:35:36.420660+00:00,7981.616210071,978.431580,5507,59.909,2.995,1273.672,2313.762,37.938,15,0,0,S (sleeping)
2026-07-31T06:35:36.921407+00:00,7982.116968428,978.932338,5507,87.867,4.393,1274.141,2313.996,37.938,15,0,4096,S (sleeping)
2026-07-31T06:35:37.420876+00:00,7982.617728638,979.433099,5507,79.879,3.994,1275.703,2313.996,37.938,15,0,0,S (sleeping)
2026-07-31T06:35:37.921614+00:00,7983.118489237,979.933859,5507,87.866,4.393,1276.250,2314.270,37.938,15,0,0,S (sleeping)
2026-07-31T06:35:38.422339+00:00,7983.619220822,980.434591,5507,57.915,2.896,1276.250,2314.270,37.938,15,0,4096,S (sleeping)
2026-07-31T06:35:38.923090+00:00,7984.119943678,980.935314,5507,81.882,4.094,1276.945,2314.617,37.938,15,0,0,S (sleeping)
2026-07-31T06:35:39.423377+00:00,7984.620253214,981.435623,5507,57.964,2.898,1276.945,2314.617,37.938,15,0,0,S (sleeping)
2026-07-31T06:35:39.923775+00:00,7985.120645923,981.936016,5507,81.936,4.097,1277.469,2314.879,37.938,15,0,4096,S (sleeping)
2026-07-31T06:35:40.424514+00:00,7985.621393292,982.436763,5507,61.907,3.095,1277.469,2314.879,37.938,15,0,4096,S (sleeping)
2026-07-31T06:35:40.925268+00:00,7986.122139118,982.937509,5507,81.878,4.094,1278.086,2315.188,37.938,15,0,0,S (sleeping)
2026-07-31T06:35:41.426033+00:00,7986.622909267,983.438279,5507,61.905,3.095,1278.086,2315.188,37.938,15,0,0,S (sleeping)
2026-07-31T06:35:41.926777+00:00,7987.123655467,983.939025,5507,87.869,4.393,1278.719,2315.504,37.938,15,0,4096,S (sleeping)
2026-07-31T06:35:42.427119+00:00,7987.623972868,984.439343,5507,57.963,2.898,1278.719,2315.504,37.938,15,0,0,S (sleeping)
2026-07-31T06:35:42.927849+00:00,7988.124729438,984.940099,5507,87.867,4.393,1279.289,2315.789,37.938,15,0,0,S (sleeping)
2026-07-31T06:35:43.428579+00:00,7988.625457977,985.440828,5507,57.916,2.896,1279.289,2315.789,37.938,15,0,4096,S (sleeping)
2026-07-31T06:35:43.928897+00:00,7989.125775955,985.941146,5507,85.945,4.297,1279.984,2316.137,37.938,15,0,0,S (sleeping)
2026-07-31T06:35:44.429616+00:00,7989.626498111,986.441868,5507,61.911,3.096,1279.984,2316.137,37.938,15,0,0,S (sleeping)
2026-07-31T06:35:44.930005+00:00,7990.126886053,986.942256,5507,83.935,4.197,1280.609,2316.449,37.938,15,0,0,S (sleeping)
2026-07-31T06:35:45.430381+00:00,7990.627255919,987.442626,5507,61.954,3.098,1280.609,2316.449,37.938,15,0,4096,S (sleeping)
2026-07-31T06:35:45.931187+00:00,7991.128049096,987.943419,5507,83.867,4.193,1281.242,2316.766,37.938,15,0,0,S (sleeping)
2026-07-31T06:35:46.431931+00:00,7991.628808453,988.444178,5507,65.900,3.295,1281.242,2316.766,37.938,15,0,0,S (sleeping)
2026-07-31T06:35:46.932669+00:00,7992.129550854,988.944921,5507,83.875,4.194,1281.875,2317.082,37.938,15,0,4096,S (sleeping)
2026-07-31T06:35:47.433396+00:00,7992.630278417,989.445648,5507,63.907,3.195,1281.875,2317.082,37.938,15,0,0,S (sleeping)
2026-07-31T06:35:47.934117+00:00,7993.131000176,989.946370,5507,83.879,4.194,1282.500,2317.395,37.938,15,0,0,S (sleeping)
2026-07-31T06:35:48.434900+00:00,7993.631754803,990.447125,5507,67.898,3.395,1282.500,2317.395,37.938,15,0,0,S (sleeping)
2026-07-31T06:35:48.935307+00:00,7994.132133904,990.947504,5507,83.936,4.197,1283.125,2317.707,37.938,15,0,4096,S (sleeping)
2026-07-31T06:35:49.436096+00:00,7994.632961780,991.448332,5507,59.901,2.995,1283.125,2317.707,37.938,15,0,0,S (sleeping)
2026-07-31T06:35:49.936840+00:00,7995.133721300,991.949091,5507,85.870,4.293,1283.820,2318.055,37.938,15,0,0,S (sleeping)
2026-07-31T06:35:50.437574+00:00,7995.634454702,992.449825,5507,55.918,2.796,1283.820,2318.055,37.938,15,0,4096,S (sleeping)
2026-07-31T06:35:50.938309+00:00,7996.135186747,992.950557,5507,85.874,4.294,1284.430,2318.359,37.938,15,0,0,R (running)
2026-07-31T06:35:51.439083+00:00,7996.635921072,993.451291,5507,67.900,3.395,1284.430,2318.359,37.938,15,0,0,R (running)
2026-07-31T06:35:51.940276+00:00,7997.137148001,993.952518,5507,89.780,4.489,1284.961,2318.625,37.938,15,0,4096,R (running)
2026-07-31T06:35:52.441157+00:00,7997.637877330,994.453247,5507,59.913,2.996,1284.961,2318.625,37.938,15,0,0,R (running)
2026-07-31T06:35:52.942013+00:00,7998.138806716,994.954177,5507,87.837,4.392,1285.531,2318.910,37.938,15,0,0,R (running)
2026-07-31T06:35:53.442748+00:00,7998.639625863,995.454996,5507,57.905,2.895,1285.531,2318.910,37.938,15,0,0,R (running)
2026-07-31T06:35:53.943247+00:00,7999.140125986,995.955496,5507,83.916,4.196,1286.180,2319.234,37.938,15,0,4096,R (running)
2026-07-31T06:35:54.443987+00:00,7999.640855791,996.456226,5507,55.918,2.796,1286.180,2319.234,37.938,15,0,0,R (running)
2026-07-31T06:35:54.944718+00:00,8000.141601128,996.956971,5507,83.875,4.194,1286.836,2319.562,37.938,15,0,0,R (running)
2026-07-31T06:35:55.445455+00:00,8000.642336494,997.457706,5507,59.912,2.996,1286.836,2319.562,37.938,15,0,8192,R (running)
2026-07-31T06:35:55.946193+00:00,8001.143069874,997.958440,5507,85.874,4.294,1287.422,2319.855,37.938,15,0,0,R (running)
2026-07-31T06:35:56.447080+00:00,8001.643857970,998.459228,5507,57.909,2.895,1287.422,2319.855,37.938,15,0,0,R (running)
2026-07-31T06:35:56.947886+00:00,8002.144760686,998.960131,5507,95.827,4.791,1288.023,2320.156,37.938,15,0,0,R (running)
2026-07-31T06:35:57.448624+00:00,8002.645507219,999.460877,5507,57.914,2.896,1288.023,2320.156,37.938,15,0,4096,R (running)
2026-07-31T06:35:57.949360+00:00,8003.146243734,999.961614,5507,79.882,3.994,1288.602,2320.445,37.938,15,0,0,R (running)
2026-07-31T06:35:58.450097+00:00,8003.646968133,1000.462338,5507,63.907,3.195,1288.602,2320.445,37.938,15,0,0,R (running)
2026-07-31T06:35:58.950832+00:00,8004.147707706,1000.963078,5507,83.876,4.194,1289.164,2320.727,37.938,15,0,4096,S (sleeping)
2026-07-31T06:35:59.451632+00:00,8004.648505578,1001.463875,5507,59.904,2.995,1289.164,2320.727,37.938,15,0,0,R (running)
2026-07-31T06:35:59.952544+00:00,8005.149301543,1001.964671,5507,91.854,4.593,1289.867,2321.078,37.938,15,0,0,S (sleeping)
2026-07-31T06:36:00.453244+00:00,8005.650125020,1002.465495,5507,67.888,3.394,1289.867,2321.078,37.938,15,0,4096,S (sleeping)
2026-07-31T06:36:00.954008+00:00,8006.150876412,1002.966246,5507,81.877,4.094,1290.430,2321.359,37.938,15,0,0,S (sleeping)
2026-07-31T06:36:01.454745+00:00,8006.651626450,1003.466996,5507,59.910,2.996,1290.430,2321.359,37.938,15,0,0,S (sleeping)
2026-07-31T06:36:01.955477+00:00,8007.152358735,1003.967729,5507,85.874,4.294,1291.008,2321.648,37.938,15,0,0,S (sleeping)
2026-07-31T06:36:02.456216+00:00,8007.653084679,1004.468455,5507,59.913,2.996,1291.008,2321.648,37.938,15,0,4096,S (sleeping)
2026-07-31T06:36:02.957102+00:00,8008.153891325,1004.969261,5507,83.865,4.193,1291.539,2321.914,37.938,15,0,0,S (sleeping)
2026-07-31T06:36:03.457859+00:00,8008.654732874,1005.470103,5507,59.899,2.995,1291.539,2321.914,37.938,15,0,0,S (sleeping)
2026-07-31T06:36:03.958639+00:00,8009.155517655,1005.970888,5507,83.868,4.193,1292.156,2322.223,37.938,15,0,4096,S (sleeping)
2026-07-31T06:36:04.459355+00:00,8009.656239854,1006.471610,5507,59.913,2.996,1292.156,2322.223,37.938,15,0,0,S (sleeping)
2026-07-31T06:36:04.960085+00:00,8010.156964059,1006.972334,5507,85.876,4.294,1292.914,2322.551,37.938,15,0,0,S (sleeping)
2026-07-31T06:36:05.460803+00:00,8010.657688463,1007.473058,5507,67.902,3.395,1292.914,2322.551,37.938,15,0,4096,S (sleeping)
2026-07-31T06:36:05.961545+00:00,8011.158427697,1007.973798,5507,85.873,4.294,1293.469,2322.879,37.938,15,0,0,S (sleeping)
2026-07-31T06:36:06.462300+00:00,8011.659174721,1008.474545,5507,59.910,2.996,1293.469,2322.879,37.938,15,0,0,S (sleeping)
2026-07-31T06:36:06.963057+00:00,8012.159917242,1008.975287,5507,83.875,4.194,1294.039,2323.164,37.938,15,0,0,S (sleeping)
2026-07-31T06:36:07.462660+00:00,8012.660665237,1009.476035,5507,61.907,3.095,1294.039,2323.164,37.938,15,0,4096,S (sleeping)
2026-07-31T06:36:07.963371+00:00,8013.161380223,1009.976750,5507,85.877,4.294,1294.727,2323.508,37.938,15,0,0,S (sleeping)
2026-07-31T06:36:08.464090+00:00,8013.662098768,1010.477469,5507,59.914,2.996,1294.727,2323.508,37.938,15,0,0,S (sleeping)
2026-07-31T06:36:08.964835+00:00,8014.162826315,1010.978196,5507,87.872,4.394,1295.242,2323.766,37.938,15,0,4096,S (sleeping)
2026-07-31T06:36:09.465555+00:00,8014.663560895,1011.478931,5507,61.909,3.095,1295.242,2323.766,37.938,15,0,0,S (sleeping)
2026-07-31T06:36:09.966428+00:00,8015.164340677,1011.979711,5507,87.863,4.393,1295.766,2324.027,37.938,15,0,0,S (sleeping)
2026-07-31T06:36:10.467160+00:00,8015.665164878,1012.480535,5507,59.901,2.995,1295.766,2324.027,37.938,15,0,4096,S (sleeping)
2026-07-31T06:36:10.967893+00:00,8016.165891188,1012.981261,5507,85.875,4.294,1296.414,2324.352,37.938,15,0,4096,S (sleeping)
2026-07-31T06:36:11.468624+00:00,8016.666629423,1013.481999,5507,61.909,3.095,1296.414,2324.352,37.938,15,0,0,S (sleeping)
2026-07-31T06:36:11.968917+00:00,8017.166927426,1013.982297,5507,87.948,4.397,1297.039,2324.664,37.938,15,0,0,S (sleeping)
2026-07-31T06:36:12.469650+00:00,8017.667642951,1014.483013,5507,59.914,2.996,1297.039,2324.664,37.938,15,0,4096,S (sleeping)
2026-07-31T06:36:12.970387+00:00,8018.168391351,1014.983761,5507,91.863,4.593,1297.672,2324.980,37.938,15,0,0,S (sleeping)
2026-07-31T06:36:13.471129+00:00,8018.669126341,1015.484496,5507,65.903,3.295,1297.672,2324.980,37.938,15,0,0,S (sleeping)
2026-07-31T06:36:13.971867+00:00,8019.169874982,1015.985245,5507,83.874,4.194,1298.250,2325.270,37.938,15,0,4096,S (sleeping)
2026-07-31T06:36:14.472640+00:00,8019.670620321,1016.485990,5507,57.914,2.896,1298.250,2325.270,37.938,15,0,0,S (sleeping)
2026-07-31T06:36:14.973449+00:00,8020.171455351,1016.986825,5507,85.857,4.293,1298.914,2325.602,37.938,15,0,0,S (sleeping)
2026-07-31T06:36:15.474176+00:00,8020.672180969,1017.487551,5507,61.910,3.096,1298.914,2325.602,37.938,15,0,4096,S (sleeping)
2026-07-31T06:36:15.974916+00:00,8021.172918568,1017.988288,5507,87.870,4.394,1299.656,2325.973,37.938,15,0,0,S (sleeping)
2026-07-31T06:36:16.475652+00:00,8021.673659524,1018.489029,5507,61.908,3.095,1299.656,2325.973,37.938,15,0,0,S (sleeping)
2026-07-31T06:36:16.976419+00:00,8022.174418167,1018.989788,5507,87.867,4.393,1300.219,2326.254,37.938,15,0,0,S (sleeping)
2026-07-31T06:36:17.477153+00:00,8022.675159713,1019.490530,5507,61.908,3.095,1300.219,2326.254,37.938,15,0,4096,S (sleeping)
2026-07-31T06:36:17.977937+00:00,8023.175897635,1019.991268,5507,85.873,4.294,1300.789,2326.539,37.938,15,0,0,S (sleeping)
2026-07-31T06:36:18.478679+00:00,8023.676680561,1020.492050,5507,63.900,3.195,1300.789,2326.539,37.938,15,0,0,S (sleeping)
2026-07-31T06:36:18.979419+00:00,8024.177418877,1020.992789,5507,87.870,4.394,1301.398,2326.844,37.938,15,0,4096,S (sleeping)
2026-07-31T06:36:19.480162+00:00,8024.678169154,1021.493539,5507,61.907,3.095,1301.398,2326.844,37.938,15,0,0,S (sleeping)
2026-07-31T06:36:19.980899+00:00,8025.178905426,1021.994275,5507,87.871,4.394,1302.016,2327.152,37.938,15,0,0,S (sleeping)
2026-07-31T06:36:20.481645+00:00,8025.679648267,1022.495018,5507,59.911,2.996,1302.016,2327.152,37.938,15,0,0,S (sleeping)
2026-07-31T06:36:20.982440+00:00,8026.180401488,1022.995771,5507,87.868,4.393,1302.641,2327.465,37.938,15,0,4096,S (sleeping)
2026-07-31T06:36:21.483203+00:00,8026.681190821,1023.496561,5507,57.909,2.895,1302.641,2327.465,37.938,15,0,0,S (sleeping)
2026-07-31T06:36:21.983461+00:00,8027.181460106,1023.996830,5507,89.952,4.498,1303.258,2327.773,37.938,15,0,0,S (sleeping)
2026-07-31T06:36:22.484210+00:00,8027.682200123,1024.497570,5507,59.911,2.996,1303.258,2327.773,37.938,15,0,4096,S (sleeping)
2026-07-31T06:36:22.984948+00:00,8028.182954205,1024.998324,5507,85.870,4.294,1303.898,2328.094,37.938,15,0,0,S (sleeping)
2026-07-31T06:36:23.485712+00:00,8028.683707722,1025.499078,5507,59.910,2.995,1303.898,2328.094,37.938,15,0,0,S (sleeping)
2026-07-31T06:36:23.986467+00:00,8029.184456624,1025.999826,5507,85.871,4.294,1304.516,2328.402,37.938,15,0,4096,S (sleeping)
2026-07-31T06:36:24.487201+00:00,8029.685203854,1026.500574,5507,67.899,3.395,1304.516,2328.402,37.938,15,0,0,S (sleeping)
2026-07-31T06:36:24.987932+00:00,8030.185936080,1027.001306,5507,83.877,4.194,1305.023,2328.656,37.938,15,0,0,R (running)
2026-07-31T06:36:25.488652+00:00,8030.686658784,1027.502029,5507,61.911,3.096,1305.023,2328.656,37.938,15,0,0,S (sleeping)
2026-07-31T06:36:25.989380+00:00,8031.187385120,1028.002755,5507,85.875,4.294,1305.652,2328.969,37.938,15,0,8192,S (sleeping)
2026-07-31T06:36:26.490097+00:00,8031.688105181,1028.503475,5507,59.914,2.996,1305.652,2328.969,37.938,15,0,0,S (sleeping)
2026-07-31T06:36:26.990820+00:00,8032.188821407,1029.004191,5507,87.874,4.394,1306.223,2329.254,37.938,15,0,0,S (sleeping)
2026-07-31T06:36:27.491690+00:00,8032.689615097,1029.504985,5507,61.902,3.095,1306.223,2329.254,37.938,15,0,4096,S (sleeping)
2026-07-31T06:36:27.992461+00:00,8033.190459527,1030.005829,5507,89.848,4.492,1306.902,2329.594,37.938,15,0,0,S (sleeping)
2026-07-31T06:36:28.493209+00:00,8033.691208588,1030.506578,5507,59.910,2.996,1306.902,2329.594,37.938,15,0,0,S (sleeping)
2026-07-31T06:36:28.993969+00:00,8034.191944283,1031.007314,5507,89.868,4.493,1307.480,2329.883,37.938,15,0,0,S (sleeping)
2026-07-31T06:36:29.494689+00:00,8034.692698344,1031.508068,5507,61.907,3.095,1307.480,2329.883,37.938,15,0,4096,S (sleeping)
2026-07-31T06:36:29.995435+00:00,8035.193425700,1032.008796,5507,95.861,4.793,1308.184,2330.234,37.938,15,0,0,S (sleeping)
2026-07-31T06:36:30.496164+00:00,8035.694169866,1032.509540,5507,67.899,3.395,1308.184,2330.234,37.938,15,0,0,S (sleeping)
2026-07-31T06:36:30.996904+00:00,8036.194897566,1033.010267,5507,101.852,5.093,1308.824,2330.555,37.938,15,0,4096,S (sleeping)
2026-07-31T06:36:31.497703+00:00,8036.695697010,1033.511067,5507,57.907,2.895,1308.824,2330.555,37.938,15,0,0,S (sleeping)
2026-07-31T06:36:31.998446+00:00,8037.196451917,1034.011822,5507,85.870,4.294,1309.559,2330.922,37.938,15,0,0,S (sleeping)
2026-07-31T06:36:32.499183+00:00,8037.697190570,1034.512560,5507,57.914,2.896,1309.559,2330.922,37.938,15,0,4096,S (sleeping)
2026-07-31T06:36:32.999914+00:00,8038.197918811,1035.013289,5507,83.878,4.194,1310.207,2331.246,37.938,15,0,0,S (sleeping)
2026-07-31T06:36:33.500645+00:00,8038.698651008,1035.514021,5507,61.909,3.095,1310.207,2331.246,37.938,15,0,0,S (sleeping)
2026-07-31T06:36:34.001389+00:00,8039.199388824,1036.014759,5507,85.873,4.294,1310.809,2331.547,37.938,15,0,0,S (sleeping)
2026-07-31T06:36:34.502359+00:00,8039.700214537,1036.515584,5507,59.901,2.995,1310.809,2331.547,37.938,15,0,4096,S (sleeping)
2026-07-31T06:36:35.003091+00:00,8040.201098739,1037.016469,5507,87.845,4.392,1311.375,2331.832,37.938,15,0,0,S (sleeping)
2026-07-31T06:36:35.503858+00:00,8040.701859662,1037.517230,5507,57.912,2.896,1311.375,2331.832,37.938,15,0,0,S (sleeping)
2026-07-31T06:36:36.004609+00:00,8041.202598364,1038.017968,5507,89.867,4.493,1311.957,2332.121,37.938,15,0,4096,S (sleeping)
2026-07-31T06:36:36.505361+00:00,8041.703356480,1038.518726,5507,59.909,2.995,1311.957,2332.121,37.938,15,0,0,S (sleeping)
2026-07-31T06:36:37.006095+00:00,8042.204100904,1039.019471,5507,85.872,4.294,1312.574,2332.430,37.938,15,0,0,S (sleeping)
2026-07-31T06:36:37.505044+00:00,8042.704883877,1039.520254,5507,61.903,3.095,1312.574,2332.430,37.938,15,0,4096,S (sleeping)
2026-07-31T06:36:38.005798+00:00,8043.205661244,1040.021031,5507,87.863,4.393,1313.207,2332.746,37.938,15,0,0,S (sleeping)
2026-07-31T06:36:38.506521+00:00,8043.706385711,1040.521756,5507,61.910,3.096,1313.207,2332.746,37.938,15,0,0,S (sleeping)
2026-07-31T06:36:39.007282+00:00,8044.207134780,1041.022505,5507,85.871,4.294,1313.785,2333.035,37.938,15,0,0,S (sleeping)
2026-07-31T06:36:39.508094+00:00,8044.707905398,1041.523275,5507,63.902,3.195,1313.785,2333.035,37.938,15,0,4096,S (sleeping)
2026-07-31T06:36:40.008845+00:00,8045.208696458,1042.024066,5507,95.848,4.792,1314.355,2333.320,37.938,15,0,0,S (sleeping)
2026-07-31T06:36:40.509595+00:00,8045.709444072,1042.524814,5507,59.910,2.996,1314.355,2333.320,37.938,15,0,0,S (sleeping)
2026-07-31T06:36:41.010454+00:00,8046.210234729,1043.025605,5507,83.867,4.193,1314.906,2333.598,37.938,15,0,8192,S (sleeping)
2026-07-31T06:36:41.511232+00:00,8046.711082772,1043.526453,5507,59.898,2.995,1314.906,2333.598,37.938,15,0,0,S (sleeping)
2026-07-31T06:36:42.012011+00:00,8047.211859625,1044.027229,5507,85.867,4.293,1315.543,2333.914,37.938,15,0,0,S (sleeping)
2026-07-31T06:36:42.512755+00:00,8047.712610026,1044.527980,5507,63.904,3.195,1315.543,2333.914,37.938,15,0,4096,S (sleeping)
2026-07-31T06:36:43.013498+00:00,8048.213359060,1045.028729,5507,89.865,4.493,1316.121,2334.203,37.938,15,0,0,S (sleeping)
2026-07-31T06:36:43.514230+00:00,8048.714086303,1045.529456,5507,57.916,2.896,1316.121,2334.203,37.938,15,0,0,R (running)
2026-07-31T06:36:44.014968+00:00,8049.214817793,1046.030188,5507,85.874,4.294,1316.746,2334.516,37.938,15,0,0,S (sleeping)
2026-07-31T06:36:44.515746+00:00,8049.715597219,1046.530967,5507,61.904,3.095,1316.746,2334.516,37.938,15,0,4096,R (running)
2026-07-31T06:36:45.016505+00:00,8050.216364742,1047.031735,5507,83.871,4.194,1317.277,2334.781,37.938,15,0,0,R (running)
2026-07-31T06:36:45.517241+00:00,8050.717103176,1047.532473,5507,59.912,2.996,1317.277,2334.781,37.938,15,0,0,R (running)
2026-07-31T06:36:46.017965+00:00,8051.217828202,1048.033198,5507,85.875,4.294,1317.879,2335.082,37.938,15,0,4096,S (sleeping)
2026-07-31T06:36:46.518262+00:00,8051.718119167,1048.533489,5507,63.963,3.198,1317.879,2335.082,37.938,15,0,0,S (sleeping)
2026-07-31T06:36:47.018997+00:00,8052.218856677,1049.034227,5507,103.847,5.192,1318.559,2335.422,37.938,15,0,0,S (sleeping)
2026-07-31T06:36:47.519737+00:00,8052.719598037,1049.534968,5507,57.914,2.896,1318.559,2335.422,37.938,15,0,4096,S (sleeping)
2026-07-31T06:36:48.020551+00:00,8053.220370150,1050.035740,5507,83.870,4.194,1319.176,2335.730,37.938,15,0,0,S (sleeping)
2026-07-31T06:36:48.521295+00:00,8053.721142943,1050.536513,5507,57.910,2.896,1319.176,2335.730,37.938,15,0,0,S (sleeping)
2026-07-31T06:36:49.021769+00:00,8054.221605165,1051.036975,5507,85.921,4.296,1319.762,2336.023,37.938,15,0,0,S (sleeping)
2026-07-31T06:36:49.522511+00:00,8054.722359957,1051.537730,5507,57.913,2.896,1319.762,2336.023,37.938,15,0,4096,S (sleeping)
2026-07-31T06:36:50.023260+00:00,8055.223117158,1052.038487,5507,91.861,4.593,1320.344,2336.316,37.938,15,0,0,R (running)
2026-07-31T06:36:50.523978+00:00,8055.723840815,1052.539211,5507,57.916,2.896,1320.344,2336.316,37.938,15,0,0,S (sleeping)
2026-07-31T06:36:51.024720+00:00,8056.224563126,1053.039933,5507,85.876,4.294,1320.914,2336.602,37.938,15,0,4096,S (sleeping)
2026-07-31T06:36:51.525499+00:00,8056.725330045,1053.540700,5507,61.905,3.095,1320.914,2336.602,37.938,15,0,0,S (sleeping)
2026-07-31T06:36:52.026227+00:00,8057.226094631,1054.041465,5507,87.866,4.393,1321.488,2336.887,37.938,15,0,0,R (running)
2026-07-31T06:36:52.526973+00:00,8057.726834265,1054.542204,5507,59.911,2.996,1321.488,2336.887,37.938,15,0,4096,S (sleeping)
2026-07-31T06:36:53.027693+00:00,8058.227557870,1055.042928,5507,91.867,4.593,1322.027,2337.156,37.938,15,0,0,S (sleeping)
2026-07-31T06:36:53.528445+00:00,8058.728285395,1055.543655,5507,55.919,2.796,1322.027,2337.156,37.938,15,0,0,S (sleeping)
2026-07-31T06:36:54.029189+00:00,8059.229030811,1056.044401,5507,97.854,4.893,1322.605,2337.445,37.938,15,0,0,S (sleeping)
2026-07-31T06:36:54.529936+00:00,8059.729776476,1056.545146,5507,55.917,2.796,1322.605,2337.445,37.938,15,0,4096,R (running)
2026-07-31T06:36:55.030697+00:00,8060.230538021,1057.045908,5507,83.872,4.194,1323.238,2337.762,37.938,15,0,0,S (sleeping)
2026-07-31T06:36:55.531426+00:00,8060.731290710,1057.546661,5507,59.910,2.995,1323.238,2337.762,37.938,15,0,0,S (sleeping)
2026-07-31T06:36:56.032189+00:00,8061.232049085,1058.047419,5507,97.852,4.893,1323.832,2338.059,37.938,15,0,4096,S (sleeping)
2026-07-31T06:36:56.532923+00:00,8061.732784801,1058.548155,5507,63.906,3.195,1323.832,2338.059,37.938,15,0,4096,S (sleeping)
2026-07-31T06:36:57.033781+00:00,8062.233559561,1059.048929,5507,77.879,3.894,1324.480,2338.383,37.938,15,0,0,S (sleeping)
2026-07-31T06:36:57.534531+00:00,8062.734392452,1059.549762,5507,65.890,3.295,1324.480,2338.383,37.938,15,0,4096,S (sleeping)
2026-07-31T06:36:58.035271+00:00,8063.235134035,1060.050504,5507,83.876,4.194,1324.965,2338.625,37.938,15,0,0,S (sleeping)
2026-07-31T06:36:58.536075+00:00,8063.735887906,1060.551258,5507,59.910,2.995,1324.965,2338.625,37.938,15,0,0,S (sleeping)
2026-07-31T06:36:59.036817+00:00,8064.236679389,1061.052049,5507,93.851,4.693,1325.520,2338.902,37.938,15,0,4096,S (sleeping)
2026-07-31T06:36:59.537548+00:00,8064.737407762,1061.552778,5507,51.924,2.596,1325.520,2338.902,37.938,15,0,0,S (sleeping)
2026-07-31T06:37:00.038282+00:00,8065.238143012,1062.053513,5507,93.862,4.693,1326.176,2339.230,37.938,15,0,0,S (sleeping)
2026-07-31T06:37:00.539009+00:00,8065.738874246,1062.554244,5507,57.915,2.896,1326.176,2339.230,37.938,15,0,0,S (sleeping)
2026-07-31T06:37:01.039729+00:00,8066.239593618,1063.054963,5507,93.865,4.693,1326.605,2339.445,37.938,15,0,4096,S (sleeping)
2026-07-31T06:37:01.540482+00:00,8066.740348087,1063.555718,5507,59.910,2.995,1326.605,2339.445,37.938,15,0,0,S (sleeping)
2026-07-31T06:37:02.041356+00:00,8067.241128224,1064.056498,5507,75.882,3.794,1327.184,2339.734,37.938,15,0,0,R (running)
2026-07-31T06:37:02.542115+00:00,8067.741974918,1064.557345,5507,57.902,2.895,1327.184,2339.734,37.938,15,0,4096,R (running)
2026-07-31T06:37:03.042861+00:00,8068.242717292,1065.058087,5507,83.875,4.194,1327.379,2339.988,37.625,15,0,0,R (running)
2026-07-31T06:37:03.543611+00:00,8068.743469553,1065.558839,5507,57.913,2.896,1327.379,2339.988,37.625,15,0,0,R (running)
2026-07-31T06:37:04.044353+00:00,8069.244209587,1066.059579,5507,85.873,4.294,1327.992,2340.297,37.625,15,0,4096,R (running)
2026-07-31T06:37:04.545132+00:00,8069.744995157,1066.560365,5507,79.875,3.994,1327.992,2340.297,37.625,15,0,0,S (sleeping)
2026-07-31T06:37:05.045876+00:00,8070.245727355,1067.061097,5507,83.877,4.194,1328.590,2340.594,37.625,15,0,0,S (sleeping)
2026-07-31T06:37:05.546772+00:00,8070.746547916,1067.561918,5507,49.918,2.496,1328.590,2340.594,37.625,15,0,4096,R (running)
2026-07-31T06:37:06.047530+00:00,8071.247378997,1068.062749,5507,85.857,4.293,1329.277,2340.938,37.625,15,0,0,R (running)
2026-07-31T06:37:06.548265+00:00,8071.748127671,1068.563498,5507,65.901,3.295,1329.277,2340.938,37.625,15,0,0,S (sleeping)
2026-07-31T06:37:07.049059+00:00,8072.248887837,1069.064258,5507,79.879,3.994,1329.840,2341.219,37.625,15,0,0,R (running)
2026-07-31T06:37:07.548767+00:00,8072.749689485,1069.565059,5507,65.894,3.295,1329.840,2341.219,37.625,15,0,4096,R (running)
2026-07-31T06:37:08.049592+00:00,8073.250523776,1070.065894,5507,89.850,4.493,1330.410,2341.504,37.625,15,0,0,R (running)
2026-07-31T06:37:08.550352+00:00,8073.751272710,1070.566643,5507,57.913,2.896,1330.410,2341.504,37.625,15,0,0,S (sleeping)
2026-07-31T06:37:09.051127+00:00,8074.252050951,1071.067421,5507,89.860,4.493,1330.918,2341.758,37.625,15,0,4096,S (sleeping)
2026-07-31T06:37:09.551850+00:00,8074.752784887,1071.568155,5507,93.862,4.693,1359.980,2389.762,37.625,15,0,0,S (sleeping)
2026-07-31T06:37:10.052178+00:00,8075.253111308,1072.068481,5507,77.949,3.897,1360.527,2390.035,37.625,15,0,0,S (sleeping)
2026-07-31T06:37:10.552921+00:00,8075.753835987,1072.569206,5507,55.919,2.796,1331.480,2342.031,37.625,15,0,4096,S (sleeping)
2026-07-31T06:37:11.053672+00:00,8076.254599085,1073.069969,5507,85.869,4.293,1332.066,2342.324,37.625,15,0,0,S (sleeping)
2026-07-31T06:37:11.554427+00:00,8076.755348380,1073.570718,5507,55.916,2.796,1332.066,2342.324,37.625,15,0,4096,S (sleeping)
2026-07-31T06:37:12.054807+00:00,8077.255740659,1074.071111,5507,81.936,4.097,1332.672,2342.629,37.625,15,0,0,S (sleeping)
2026-07-31T06:37:12.555598+00:00,8077.756495511,1074.571865,5507,63.904,3.195,1332.672,2342.629,37.625,15,0,4096,S (sleeping)
2026-07-31T06:37:13.056349+00:00,8078.257282331,1075.072652,5507,81.871,4.094,1333.223,2342.902,37.625,15,0,0,S (sleeping)
2026-07-31T06:37:13.557063+00:00,8078.758002244,1075.573372,5507,57.917,2.896,1333.223,2342.902,37.625,15,0,0,S (sleeping)
2026-07-31T06:37:14.057786+00:00,8079.258719900,1076.074090,5507,83.880,4.194,1333.832,2343.207,37.625,15,0,4096,S (sleeping)
2026-07-31T06:37:14.558501+00:00,8079.759436890,1076.574807,5507,57.917,2.896,1333.832,2343.207,37.625,15,0,0,S (sleeping)
2026-07-31T06:37:15.059218+00:00,8080.260156225,1077.075526,5507,85.876,4.294,1334.418,2343.500,37.625,15,0,0,S (sleeping)
2026-07-31T06:37:15.559942+00:00,8080.760875169,1077.576245,5507,57.917,2.896,1334.418,2343.500,37.625,15,0,4096,S (sleeping)
2026-07-31T06:37:16.060699+00:00,8081.261629834,1078.077000,5507,85.870,4.294,1334.953,2343.770,37.625,15,0,0,S (sleeping)
2026-07-31T06:37:16.561430+00:00,8081.762361238,1078.577731,5507,55.918,2.796,1334.953,2343.770,37.625,15,0,0,S (sleeping)
2026-07-31T06:37:17.062161+00:00,8082.263091717,1079.078462,5507,85.875,4.294,1335.543,2344.062,37.625,15,0,4096,S (sleeping)
2026-07-31T06:37:17.562935+00:00,8082.763869792,1079.579240,5507,67.894,3.395,1335.543,2344.062,37.625,15,0,0,S (sleeping)
2026-07-31T06:37:18.063717+00:00,8083.264650835,1080.080021,5507,79.875,3.994,1336.141,2344.359,37.625,15,0,0,S (sleeping)
2026-07-31T06:37:18.564441+00:00,8083.765372024,1080.580742,5507,55.919,2.796,1336.141,2344.359,37.625,15,0,0,S (sleeping)
2026-07-31T06:37:19.065178+00:00,8084.266105216,1081.081475,5507,83.877,4.194,1336.742,2344.660,37.625,15,0,4096,S (sleeping)
2026-07-31T06:37:19.566079+00:00,8084.766904610,1081.582274,5507,57.907,2.895,1336.742,2344.660,37.625,15,0,0,S (sleeping)
2026-07-31T06:37:20.066803+00:00,8085.267735215,1082.083105,5507,83.861,4.193,1337.297,2344.938,37.625,15,0,0,S (sleeping)
2026-07-31T06:37:20.567174+00:00,8085.768101322,1082.583471,5507,59.956,2.998,1337.297,2344.938,37.625,15,0,4096,S (sleeping)
2026-07-31T06:37:21.067903+00:00,8086.268835835,1083.084206,5507,85.874,4.294,1337.867,2345.223,37.625,15,0,0,S (sleeping)
2026-07-31T06:37:21.568626+00:00,8086.769562256,1083.584932,5507,53.922,2.696,1337.867,2345.223,37.625,15,0,0,S (sleeping)
2026-07-31T06:37:22.069346+00:00,8087.270281135,1084.085651,5507,83.879,4.194,1338.398,2345.488,37.625,15,0,4096,S (sleeping)
2026-07-31T06:37:22.570067+00:00,8087.770998884,1084.586369,5507,55.920,2.796,1338.398,2345.488,37.625,15,0,0,S (sleeping)
2026-07-31T06:37:23.070810+00:00,8088.271730718,1085.087101,5507,89.868,4.493,1338.914,2345.746,37.625,15,0,0,S (sleeping)
2026-07-31T06:37:23.571151+00:00,8088.772079709,1085.587450,5507,55.961,2.798,1338.914,2345.746,37.625,15,0,0,S (sleeping)
2026-07-31T06:37:24.071900+00:00,8089.272825064,1086.088195,5507,83.875,4.194,1339.570,2346.074,37.625,15,0,4096,S (sleeping)
2026-07-31T06:37:24.572631+00:00,8089.773554326,1086.588924,5507,57.916,2.896,1339.570,2346.074,37.625,15,0,0,S (sleeping)
2026-07-31T06:37:25.073350+00:00,8090.274285244,1087.089655,5507,85.874,4.294,1340.109,2346.344,37.625,15,0,0,S (sleeping)
2026-07-31T06:37:25.574101+00:00,8090.775030985,1087.590401,5507,53.920,2.696,1340.109,2346.344,37.625,15,0,4096,S (sleeping)
2026-07-31T06:37:26.074830+00:00,8091.275760489,1088.091130,5507,77.886,3.894,1339.742,2346.629,36.688,15,0,0,S (sleeping)
2026-07-31T06:37:26.575137+00:00,8091.776073144,1088.591443,5507,51.968,2.598,1339.742,2346.629,36.688,15,0,4096,S (sleeping)
2026-07-31T06:37:27.075884+00:00,8092.276803224,1089.092173,5507,83.878,4.194,1339.898,2346.863,36.375,15,0,4096,S (sleeping)
2026-07-31T06:37:27.576634+00:00,8092.777563206,1089.592933,5507,53.918,2.696,1339.898,2346.863,36.375,15,0,0,S (sleeping)
2026-07-31T06:37:28.077357+00:00,8093.278291441,1090.093661,5507,81.881,4.094,1340.422,2347.125,36.375,15,0,0,S (sleeping)
2026-07-31T06:37:28.578090+00:00,8093.779024407,1090.594394,5507,53.921,2.696,1340.422,2347.125,36.375,15,0,0,S (sleeping)
2026-07-31T06:37:29.078836+00:00,8094.279767268,1091.095137,5507,93.861,4.693,1340.930,2347.379,36.375,15,0,4096,S (sleeping)
2026-07-31T06:37:29.579570+00:00,8094.780494434,1091.595864,5507,55.919,2.796,1340.930,2347.379,36.375,15,0,0,S (sleeping)
2026-07-31T06:37:30.080295+00:00,8095.281226447,1092.096596,5507,81.880,4.094,1341.340,2347.586,36.375,15,0,0,S (sleeping)
2026-07-31T06:37:30.581036+00:00,8095.781960284,1092.597330,5507,51.924,2.596,1341.340,2347.586,36.375,15,0,4096,S (sleeping)
2026-07-31T06:37:31.081386+00:00,8096.282313023,1093.097683,5507,83.941,4.197,1341.836,2347.832,36.375,15,0,0,S (sleeping)
2026-07-31T06:37:31.582120+00:00,8096.783047302,1093.598417,5507,51.924,2.596,1341.836,2347.832,36.375,15,0,0,S (sleeping)
2026-07-31T06:37:32.082761+00:00,8097.283695773,1094.099066,5507,81.894,4.095,1342.219,2348.023,36.375,15,0,4096,S (sleeping)
2026-07-31T06:37:32.583505+00:00,8097.784437430,1094.599807,5507,55.917,2.796,1342.219,2348.023,36.375,15,0,0,S (sleeping)
2026-07-31T06:37:33.084235+00:00,8098.285157915,1095.100528,5507,83.879,4.194,1342.789,2348.309,36.375,15,0,0,S (sleeping)
2026-07-31T06:37:33.584975+00:00,8098.785902030,1095.601272,5507,55.917,2.796,1342.789,2348.309,36.375,15,0,0,S (sleeping)
2026-07-31T06:37:34.085696+00:00,8099.286632846,1096.102003,5507,77.886,3.894,1343.234,2348.531,36.375,15,0,4096,S (sleeping)
2026-07-31T06:37:34.586445+00:00,8099.787354774,1096.602725,5507,53.922,2.696,1343.234,2348.531,36.375,15,0,0,S (sleeping)
2026-07-31T06:37:35.087222+00:00,8100.288121034,1097.103491,5507,77.881,3.894,1343.789,2348.809,36.375,15,0,0,S (sleeping)
2026-07-31T06:37:35.587954+00:00,8100.788891733,1097.604262,5507,53.917,2.696,1343.789,2348.809,36.375,15,0,4096,S (sleeping)
2026-07-31T06:37:36.088687+00:00,8101.289607737,1098.104978,5507,77.888,3.894,1344.281,2349.055,36.375,15,0,0,R (running)
2026-07-31T06:37:36.589403+00:00,8101.790341024,1098.605711,5507,53.921,2.696,1346.625,2679.016,36.375,15,0,0,R (running)
2026-07-31T06:37:37.090155+00:00,8102.291073901,1099.106444,5507,77.886,3.894,1344.867,2349.348,36.375,15,0,4096,S (sleeping)
2026-07-31T06:37:37.589365+00:00,8102.791837930,1099.607208,5507,55.915,2.796,1351.898,2679.621,36.375,15,0,0,R (running)
2026-07-31T06:37:38.090468+00:00,8103.292749645,1100.108120,5507,79.854,3.993,1345.492,2349.660,36.375,15,0,0,S (sleeping)
2026-07-31T06:37:38.591248+00:00,8103.793764400,1100.609134,5507,57.883,2.894,1360.648,2680.148,36.375,15,0,0,R (running)
2026-07-31T06:37:39.092056+00:00,8104.294521703,1101.109892,5507,79.879,3.994,1345.922,2349.875,36.375,15,0,4096,S (sleeping)
2026-07-31T06:37:39.592800+00:00,8104.795320562,1101.610690,5507,53.914,2.696,1367.328,2680.641,36.375,15,0,0,R (running)
2026-07-31T06:37:40.093535+00:00,8105.296059009,1102.111429,5507,81.879,4.094,1346.477,2350.152,36.375,15,0,0,S (sleeping)
2026-07-31T06:37:40.594268+00:00,8105.796778388,1102.612148,5507,55.920,2.796,1371.789,2681.195,36.375,15,0,4096,R (running)
2026-07-31T06:37:41.095036+00:00,8106.297536216,1103.112906,5507,81.876,4.094,1347.031,2350.430,36.375,15,0,0,S (sleeping)
2026-07-31T06:37:41.595785+00:00,8106.798293665,1103.613664,5507,55.915,2.796,1378.906,2681.699,36.375,15,0,4096,R (running)
2026-07-31T06:37:42.096543+00:00,8107.299051130,1104.114421,5507,81.876,4.094,1347.484,2350.656,36.375,15,0,0,S (sleeping)
2026-07-31T06:37:42.597287+00:00,8107.799803053,1104.615173,5507,51.922,2.596,1385.453,2682.172,36.375,15,0,4096,R (running)
2026-07-31T06:37:43.097581+00:00,8108.300096840,1105.115467,5507,81.952,4.098,1347.977,2350.902,36.375,15,0,0,S (sleeping)
2026-07-31T06:37:43.598330+00:00,8108.800829357,1105.616199,5507,65.903,3.295,1389.227,2682.660,36.375,15,0,0,R (running)
2026-07-31T06:37:44.099081+00:00,8109.301591524,1106.116961,5507,77.881,3.894,1348.461,2351.145,36.375,15,0,4096,S (sleeping)
2026-07-31T06:37:44.599836+00:00,8109.802338044,1106.617708,5507,49.925,2.496,1396.117,2683.176,36.375,15,0,0,R (running)
2026-07-31T06:37:45.100640+00:00,8110.303117959,1107.118488,5507,79.875,3.994,1349.008,2351.418,36.375,15,0,0,S (sleeping)
2026-07-31T06:37:45.601400+00:00,8110.803903518,1107.619273,5507,53.915,2.696,1403.227,2683.738,36.375,15,0,4096,R (running)
2026-07-31T06:37:46.102145+00:00,8111.304661643,1108.120032,5507,77.882,3.894,1349.586,2351.707,36.375,15,0,0,S (sleeping)
2026-07-31T06:37:46.602886+00:00,8111.805400151,1108.620770,5507,57.914,2.896,1409.742,2684.277,36.375,15,0,0,R (running)
2026-07-31T06:37:47.103620+00:00,8112.306140474,1109.121510,5507,79.882,3.994,1350.086,2351.957,36.375,15,0,0,S (sleeping)
2026-07-31T06:37:47.604381+00:00,8112.806883958,1109.622254,5507,55.917,2.796,1413.523,2684.730,36.375,15,0,4096,R (running)
2026-07-31T06:37:48.105156+00:00,8113.307662562,1110.123032,5507,75.882,3.794,1350.492,2352.160,36.375,15,0,0,S (sleeping)
2026-07-31T06:37:48.605600+00:00,8113.808113322,1110.623483,5507,57.948,2.897,1420.336,2685.184,36.375,15,0,0,R (running)
2026-07-31T06:37:49.106346+00:00,8114.308862404,1111.124232,5507,77.883,3.894,1350.992,2352.410,36.375,15,0,4096,S (sleeping)
2026-07-31T06:37:49.607095+00:00,8114.809605514,1111.624975,5507,55.917,2.796,1426.461,2685.703,36.375,15,0,0,R (running)
2026-07-31T06:37:50.107828+00:00,8115.310345885,1112.125716,5507,75.888,3.794,1351.535,2352.684,36.375,15,0,0,S (sleeping)
2026-07-31T06:37:50.608571+00:00,8115.811085393,1112.626455,5507,55.917,2.796,1432.473,2686.195,36.375,15,0,4096,R (running)
2026-07-31T06:37:51.109024+00:00,8116.311519417,1113.126889,5507,77.932,3.897,1351.969,2352.898,36.375,15,0,0,S (sleeping)
2026-07-31T06:37:51.609648+00:00,8116.812157241,1113.627527,5507,55.929,2.796,1436.344,2686.656,36.375,15,0,0,R (running)
2026-07-31T06:37:52.110413+00:00,8117.312910141,1114.128280,5507,81.877,4.094,1352.461,2353.145,36.375,15,0,0,R (running)
2026-07-31T06:37:52.610883+00:00,8117.813291040,1114.628661,5507,63.951,3.198,1441.055,2687.145,36.375,15,0,4096,R (running)
2026-07-31T06:37:53.111679+00:00,8118.314168180,1115.129538,5507,71.874,3.594,1352.945,2353.387,36.375,15,0,0,S (sleeping)
2026-07-31T06:37:53.612453+00:00,8118.814959104,1115.630329,5507,55.912,2.796,1449.195,2687.660,36.375,15,0,0,R (running)
2026-07-31T06:37:54.113189+00:00,8119.315710603,1116.131080,5507,75.886,3.794,1353.492,2353.660,36.375,15,0,4096,R (running)
2026-07-31T06:37:54.613930+00:00,8119.816435443,1116.631805,5507,55.919,2.796,1455.836,2688.164,36.375,15,0,0,R (running)
2026-07-31T06:37:55.114664+00:00,8120.317181614,1117.132551,5507,75.887,3.794,1353.957,2353.895,36.375,15,0,0,R (running)
2026-07-31T06:37:55.615424+00:00,8120.817930256,1117.633300,5507,55.916,2.796,1460.207,2688.594,36.375,15,0,0,R (running)
2026-07-31T06:37:56.116174+00:00,8121.318691285,1118.134061,5507,75.884,3.794,1354.344,2354.086,36.375,15,0,4096,R (running)
2026-07-31T06:37:56.616918+00:00,8121.819433229,1118.634803,5507,93.861,4.693,1501.219,2737.027,36.375,15,0,4096,R (running)
2026-07-31T06:37:57.117665+00:00,8122.320177945,1119.135548,5507,83.875,4.194,1390.918,2402.332,36.375,15,0,0,R (running)
2026-07-31T06:37:57.618411+00:00,8122.820924372,1119.636294,5507,57.914,2.896,1469.668,2689.559,36.375,15,0,4096,R (running)
2026-07-31T06:37:58.119138+00:00,8123.321659343,1120.137029,5507,73.891,3.695,1355.406,2354.617,36.375,15,0,0,R (running)
2026-07-31T06:37:58.619935+00:00,8123.822445080,1120.637815,5507,49.922,2.496,1479.625,2690.043,36.375,15,0,0,R (running)
2026-07-31T06:37:59.120692+00:00,8124.323124588,1121.138494,5507,71.902,3.595,1355.797,2354.812,36.375,15,0,4096,R (running)
2026-07-31T06:37:59.621466+00:00,8124.823968872,1121.639339,5507,51.912,2.596,1485.797,2690.438,36.375,15,0,0,R (running)
2026-07-31T06:38:00.122204+00:00,8125.324720694,1122.140091,5507,77.883,3.894,1356.195,2355.012,36.375,15,0,0,S (sleeping)
2026-07-31T06:38:00.622973+00:00,8125.825453440,1122.640823,5507,53.921,2.696,1487.445,2690.848,36.375,15,0,0,R (running)
2026-07-31T06:38:01.123941+00:00,8126.326230136,1123.141600,5507,75.882,3.794,1356.617,2355.223,36.375,15,0,4096,S (sleeping)
2026-07-31T06:38:01.624687+00:00,8126.827198859,1123.642569,5507,47.907,2.395,1499.430,2691.242,36.375,15,0,0,R (running)
2026-07-31T06:38:02.125106+00:00,8127.327624455,1124.142994,5507,75.935,3.797,1356.984,2355.406,36.375,15,0,0,R (running)
2026-07-31T06:38:02.625881+00:00,8127.828372728,1124.643743,5507,55.916,2.796,1499.172,2691.703,36.375,15,0,4096,R (running)
2026-07-31T06:38:03.126681+00:00,8128.329162111,1125.144532,5507,69.890,3.494,1357.539,2355.684,36.375,15,0,0,S (sleeping)
2026-07-31T06:38:03.627427+00:00,8128.829929761,1125.645300,5507,57.911,2.896,1499.102,2692.297,36.375,15,0,0,R (running)
2026-07-31T06:38:04.128228+00:00,8129.330743665,1126.146114,5507,79.870,3.993,1358.172,2356.000,36.375,15,0,4096,S (sleeping)
2026-07-31T06:38:04.628963+00:00,8129.831480912,1126.646851,5507,49.926,2.496,1517.859,2692.723,36.375,15,0,0,R (running)
2026-07-31T06:38:05.129746+00:00,8130.332262873,1127.147633,5507,77.878,3.894,1358.391,2356.109,36.375,15,0,0,S (sleeping)
2026-07-31T06:38:05.630487+00:00,8130.832998591,1127.648368,5507,49.927,2.496,1524.016,2693.020,36.375,15,0,0,R (running)
2026-07-31T06:38:06.131400+00:00,8131.333820812,1128.149191,5507,89.852,4.493,1358.762,2356.297,36.375,15,0,4096,S (sleeping)
2026-07-31T06:38:06.632194+00:00,8131.834704238,1128.650074,5507,53.905,2.695,1525.793,2693.430,36.375,15,0,0,R (running)
2026-07-31T06:38:07.132951+00:00,8132.335458583,1129.150828,5507,101.846,5.092,1359.207,2356.520,36.375,15,0,0,S (sleeping)
2026-07-31T06:38:07.632364+00:00,8132.836214069,1129.651584,5507,49.925,2.496,1536.238,2693.906,36.375,15,0,4096,R (running)
2026-07-31T06:38:08.133092+00:00,8133.336951828,1130.152322,5507,77.885,3.894,1359.719,2356.773,36.375,15,0,0,S (sleeping)
2026-07-31T06:38:08.633850+00:00,8133.837691821,1130.653062,5507,45.932,2.297,1541.438,2694.332,36.375,15,0,0,R (running)
2026-07-31T06:38:09.134594+00:00,8134.338445587,1131.153815,5507,75.886,3.794,1360.219,2356.945,36.375,15,0,0,S (sleeping)
2026-07-31T06:38:09.635440+00:00,8134.839139172,1131.654509,5507,45.936,2.297,1549.281,2694.750,36.375,15,0,4096,R (running)
2026-07-31T06:38:10.136207+00:00,8135.340050038,1132.155420,5507,77.858,3.893,1360.715,2357.195,36.375,15,0,0,S (sleeping)
2026-07-31T06:38:10.636951+00:00,8135.840800377,1132.656170,5507,47.928,2.396,1551.184,2695.277,36.375,15,0,0,R (running)
2026-07-31T06:38:11.137720+00:00,8136.341557970,1133.156928,5507,71.891,3.595,1361.266,2357.469,36.375,15,0,4096,S (sleeping)
2026-07-31T06:38:11.638459+00:00,8136.842301162,1133.657671,5507,51.923,2.596,1540.016,2695.828,36.375,15,0,0,R (running)
2026-07-31T06:38:12.138778+00:00,8137.342627132,1134.157997,5507,81.947,4.097,1361.926,2357.746,36.375,15,0,4096,S (sleeping)
2026-07-31T06:38:12.639523+00:00,8137.843373682,1134.658744,5507,55.917,2.796,1559.582,2696.406,36.375,15,0,4096,R (running)
2026-07-31T06:38:13.140275+00:00,8138.344125803,1135.159496,5507,77.883,3.894,1362.684,2358.047,36.375,15,0,0,S (sleeping)
2026-07-31T06:38:13.641024+00:00,8138.844871473,1135.660241,5507,43.934,2.197,1564.715,2696.863,36.375,15,0,0,R (running)
2026-07-31T06:38:14.141386+00:00,8139.345240663,1136.160611,5507,73.945,3.697,1362.996,2358.203,36.375,15,0,0,S (sleeping)
2026-07-31T06:38:14.642136+00:00,8139.845984647,1136.661355,5507,49.926,2.496,1575.965,2697.320,36.375,15,0,4096,R (running)
2026-07-31T06:38:15.142865+00:00,8140.346724088,1137.162094,5507,77.885,3.894,1363.598,2358.504,36.375,15,0,0,S (sleeping)
2026-07-31T06:38:15.643279+00:00,8140.847134487,1137.662504,5507,45.962,2.298,1582.816,2697.773,36.375,15,0,0,R (running)
2026-07-31T06:38:16.144019+00:00,8141.347876832,1138.163247,5507,67.899,3.395,1363.902,2358.656,36.375,15,0,4096,R (running)
2026-07-31T06:38:16.644814+00:00,8141.848633496,1138.664003,5507,57.912,2.896,1587.184,2698.164,36.375,15,0,0,R (running)
2026-07-31T06:38:17.145634+00:00,8142.349448684,1139.164819,5507,71.883,3.594,1364.379,2358.895,36.375,15,0,0,S (sleeping)
2026-07-31T06:38:17.646395+00:00,8142.850238913,1139.665609,5507,53.915,2.696,1592.035,2698.672,36.375,15,0,0,R (running)
2026-07-31T06:38:18.147118+00:00,8143.350978533,1140.166348,5507,75.888,3.794,1364.918,2359.164,36.375,15,0,4096,S (sleeping)
2026-07-31T06:38:18.647864+00:00,8143.851709089,1140.667079,5507,47.930,2.396,1599.605,2699.184,36.375,15,0,0,R (running)
2026-07-31T06:38:19.148610+00:00,8144.352465070,1141.167835,5507,71.891,3.595,1365.402,2359.406,36.375,15,0,0,S (sleeping)
2026-07-31T06:38:19.649359+00:00,8144.853199870,1141.668570,5507,51.924,2.596,1595.871,2699.664,36.375,15,0,4096,R (running)
2026-07-31T06:38:20.150358+00:00,8145.354209088,1142.169579,5507,69.859,3.493,1365.879,2359.645,36.375,15,0,0,S (sleeping)
2026-07-31T06:38:20.651105+00:00,8145.854957553,1142.670327,5507,49.925,2.496,1614.941,2700.109,36.375,15,0,0,R (running)
2026-07-31T06:38:21.151839+00:00,8146.355694912,1143.171065,5507,71.894,3.595,1366.293,2359.852,36.375,15,0,4096,S (sleeping)
2026-07-31T06:38:21.652574+00:00,8146.856428765,1143.671799,5507,51.924,2.596,1608.949,2700.543,36.375,15,0,0,R (running)
2026-07-31T06:38:22.153310+00:00,8147.357162544,1144.172532,5507,71.894,3.595,1366.746,2360.078,36.375,15,0,0,S (sleeping)
2026-07-31T06:38:22.654049+00:00,8147.857906359,1144.673276,5507,51.923,2.596,1628.934,2700.984,36.375,15,0,0,R (running)
2026-07-31T06:38:23.154783+00:00,8148.358640886,1145.174011,5507,73.891,3.695,1367.176,2360.293,36.375,15,0,4096,S (sleeping)
2026-07-31T06:38:23.655538+00:00,8148.859383475,1145.674753,5507,51.923,2.596,1617.020,2701.426,36.375,15,0,0,R (running)
2026-07-31T06:38:24.156274+00:00,8149.360126509,1146.175496,5507,69.896,3.495,1367.629,2360.520,36.375,15,0,0,S (sleeping)
2026-07-31T06:38:24.657034+00:00,8149.860882845,1146.676253,5507,55.915,2.796,1637.160,2701.930,36.375,15,0,4096,R (running)
2026-07-31T06:38:25.157779+00:00,8150.361624681,1147.176995,5507,69.896,3.495,1368.188,2360.801,36.375,15,0,0,S (sleeping)
2026-07-31T06:38:25.658532+00:00,8150.862371669,1147.677742,5507,53.919,2.696,1626.312,2702.383,36.375,15,0,0,R (running)
2026-07-31T06:38:26.159258+00:00,8151.363113156,1148.178483,5507,77.884,3.894,1368.527,2360.969,36.375,15,0,0,S (sleeping)
2026-07-31T06:38:26.660013+00:00,8151.863862531,1148.679232,5507,51.922,2.596,1650.871,2702.844,36.375,15,0,4096,R (running)
2026-07-31T06:38:27.160788+00:00,8152.364646801,1149.180017,5507,67.894,3.395,1369.113,2361.262,36.375,15,0,4096,S (sleeping)
2026-07-31T06:38:27.661543+00:00,8152.865383089,1149.680753,5507,51.924,2.596,1638.488,2703.422,36.375,15,0,0,R (running)
2026-07-31T06:38:28.162278+00:00,8153.366135182,1150.181505,5507,65.901,3.295,1369.684,2361.547,36.375,15,0,4096,S (sleeping)
2026-07-31T06:38:28.663077+00:00,8153.866910752,1150.682281,5507,51.919,2.596,1667.184,2704.031,36.375,15,0,0,R (running)
2026-07-31T06:38:29.163805+00:00,8154.367666300,1151.183036,5507,61.906,3.095,1370.332,2361.871,36.375,15,0,0,S (sleeping)
2026-07-31T06:38:29.664553+00:00,8154.868403587,1151.683773,5507,51.923,2.596,1646.270,2704.504,36.375,15,0,0,R (running)
2026-07-31T06:38:30.165307+00:00,8155.369148789,1152.184519,5507,75.887,3.794,1370.629,2362.020,36.375,15,0,4096,S (sleeping)
2026-07-31T06:38:30.666073+00:00,8155.869918910,1152.685289,5507,55.914,2.796,1671.254,2704.918,36.375,15,0,0,R (running)
2026-07-31T06:38:31.166801+00:00,8156.370656944,1153.186027,5507,77.885,3.894,1371.160,2362.285,36.375,15,0,0,S (sleeping)
2026-07-31T06:38:31.667286+00:00,8156.871134482,1153.686504,5507,51.950,2.598,1664.598,2705.355,36.375,15,0,4096,R (running)
2026-07-31T06:38:32.168053+00:00,8157.371888593,1154.187258,5507,69.895,3.495,1371.504,2362.457,36.375,15,0,0,S (sleeping)
2026-07-31T06:38:32.668812+00:00,8157.872664518,1154.688034,5507,73.885,3.694,1684.004,2705.883,36.375,15,0,0,R (running)
2026-07-31T06:38:33.169534+00:00,8158.373392797,1155.188763,5507,71.895,3.595,1372.215,2362.812,36.375,15,0,0,S (sleeping)
2026-07-31T06:38:33.670437+00:00,8158.874132101,1155.689502,5507,53.920,2.696,1667.684,2706.297,36.375,15,0,4096,R (running)
2026-07-31T06:38:34.171238+00:00,8159.375059698,1156.190430,5507,71.867,3.593,1372.332,2362.871,36.375,15,0,0,S (sleeping)
2026-07-31T06:38:34.671998+00:00,8159.875853546,1156.691223,5507,63.899,3.195,1648.895,2706.758,36.375,15,0,0,R (running)
2026-07-31T06:38:35.172758+00:00,8160.376617409,1157.191987,5507,77.881,3.894,1373.141,2363.277,36.375,15,0,4096,S (sleeping)
2026-07-31T06:38:35.673512+00:00,8160.877358713,1157.692729,5507,61.908,3.095,1682.359,2707.578,36.375,15,0,0,R (running)
2026-07-31T06:38:36.174245+00:00,8161.378105151,1158.193475,5507,69.896,3.495,1373.965,2363.688,36.375,15,0,0,S (sleeping)
2026-07-31T06:38:36.674985+00:00,8161.878835909,1158.694206,5507,55.918,2.796,1714.590,2708.379,36.375,15,0,0,R (running)
2026-07-31T06:38:37.175723+00:00,8162.379577541,1159.194947,5507,71.893,3.595,1374.750,2364.082,36.375,15,0,4096,S (sleeping)
2026-07-31T06:38:37.674874+00:00,8162.880317326,1159.695687,5507,61.908,3.095,1698.344,2708.980,36.375,15,0,0,R (running)
2026-07-31T06:38:38.175619+00:00,8163.381067676,1160.196438,5507,75.886,3.794,1375.160,2364.285,36.375,15,0,0,S (sleeping)
2026-07-31T06:38:38.675915+00:00,8163.881348625,1160.696718,5507,55.969,2.798,1717.504,2709.254,36.375,15,0,4096,R (running)
2026-07-31T06:38:39.176636+00:00,8164.382089256,1161.197459,5507,67.899,3.395,1375.301,2364.355,36.375,15,0,0,S (sleeping)
2026-07-31T06:38:39.677389+00:00,8164.882834340,1161.698204,5507,57.914,2.896,1704.051,2709.594,36.375,15,0,0,R (running)
2026-07-31T06:38:40.178131+00:00,8165.383575375,1162.198945,5507,67.899,3.395,1375.840,2364.625,36.375,15,0,4096,S (sleeping)
2026-07-31T06:38:40.679080+00:00,8165.884372879,1162.699743,5507,65.895,3.295,1721.152,2709.961,36.375,15,0,0,R (running)
2026-07-31T06:38:41.179852+00:00,8166.385303110,1163.200673,5507,65.877,3.294,1376.035,2364.723,36.375,15,0,0,S (sleeping)
2026-07-31T06:38:41.680606+00:00,8166.886047438,1163.701417,5507,63.905,3.195,1714.160,2710.500,36.375,15,0,0,R (running)
2026-07-31T06:38:42.181370+00:00,8167.386809386,1164.202179,5507,69.893,3.495,1376.918,2365.164,36.375,15,0,8192,S (sleeping)
2026-07-31T06:38:42.682233+00:00,8167.887620667,1164.702991,5507,57.906,2.895,1723.012,2711.113,36.375,15,0,0,R (running)
2026-07-31T06:38:43.183016+00:00,8168.388461733,1165.203832,5507,71.879,3.594,1377.266,2365.340,36.375,15,0,0,S (sleeping)
2026-07-31T06:38:43.683884+00:00,8168.889260184,1165.704630,5507,61.901,3.095,1723.516,2711.484,36.375,15,0,4096,R (running)
2026-07-31T06:38:44.184731+00:00,8169.390086375,1166.205456,5507,73.878,3.694,1377.652,2365.531,36.375,15,0,0,S (sleeping)
2026-07-31T06:38:44.685665+00:00,8169.891030188,1166.706400,5507,63.879,3.194,1724.371,2711.992,36.375,15,0,0,R (running)
2026-07-31T06:38:45.186512+00:00,8170.391904594,1167.207274,5507,69.878,3.494,1378.285,2365.848,36.375,15,0,0,S (sleeping)
2026-07-31T06:38:45.687382+00:00,8170.892769655,1167.708140,5507,61.893,3.095,1725.316,2712.668,36.375,15,0,4096,R (running)
2026-07-31T06:38:46.188148+00:00,8171.393597991,1168.208968,5507,67.888,3.394,1379.008,2366.211,36.375,15,0,0,S (sleeping)
2026-07-31T06:38:46.688978+00:00,8171.894381295,1168.709751,5507,61.903,3.095,1726.195,2713.238,36.375,15,0,0,R (running)
2026-07-31T06:38:47.189756+00:00,8172.395193269,1169.210563,5507,73.880,3.694,1379.418,2366.414,36.375,15,0,4096,S (sleeping)
2026-07-31T06:38:47.690657+00:00,8172.896029651,1169.711400,5507,61.896,3.095,1726.918,2713.707,36.375,15,0,0,R (running)
2026-07-31T06:38:48.191443+00:00,8173.396875196,1170.212245,5507,75.872,3.794,1379.949,2366.680,36.375,15,0,0,S (sleeping)
2026-07-31T06:38:48.692284+00:00,8173.897674519,1170.713044,5507,61.901,3.095,1727.605,2714.172,36.375,15,0,0,R (running)
2026-07-31T06:38:49.193060+00:00,8174.398511521,1171.213881,5507,65.890,3.294,1380.352,2366.879,36.375,15,0,4096,S (sleeping)
2026-07-31T06:38:49.693914+00:00,8174.899307913,1171.714678,5507,59.905,2.995,1728.320,2714.637,36.375,15,0,0,R (running)
2026-07-31T06:38:50.194694+00:00,8175.400137156,1172.215507,5507,67.887,3.394,1380.883,2367.145,36.375,15,0,0,S (sleeping)
2026-07-31T06:38:50.695566+00:00,8175.900954307,1172.716324,5507,59.902,2.995,1729.164,2715.180,36.375,15,0,4096,R (running)
2026-07-31T06:38:51.196337+00:00,8176.401783343,1173.217153,5507,63.894,3.195,1381.438,2367.422,36.375,15,0,0,S (sleeping)
2026-07-31T06:38:51.696788+00:00,8176.902168950,1173.717539,5507,67.948,3.397,1729.875,2715.703,36.375,15,0,0,R (running)
2026-07-31T06:38:52.197590+00:00,8177.403025096,1174.218395,5507,63.891,3.195,1381.930,2367.668,36.375,15,0,4096,S (sleeping)
2026-07-31T06:38:52.698486+00:00,8177.903864940,1174.719235,5507,61.896,3.095,1730.836,2716.629,36.375,15,0,0,R (running)
2026-07-31T06:38:53.199247+00:00,8178.404692772,1175.220063,5507,69.884,3.494,1382.609,2368.008,36.375,15,0,0,S (sleeping)
2026-07-31T06:38:53.700100+00:00,8178.905489940,1175.720860,5507,63.898,3.195,1731.672,2716.918,36.375,15,0,0,R (running)
2026-07-31T06:38:54.200865+00:00,8179.406302037,1176.221672,5507,71.883,3.594,1383.188,2368.297,36.375,15,0,4096,S (sleeping)
2026-07-31T06:38:54.701697+00:00,8179.907090844,1176.722461,5507,73.883,3.694,1732.719,2717.637,36.375,15,0,0,R (running)
2026-07-31T06:38:55.202494+00:00,8180.407905235,1177.223275,5507,69.886,3.494,1383.617,2368.512,36.375,15,0,0,S (sleeping)
2026-07-31T06:38:55.703332+00:00,8180.908715932,1177.724086,5507,65.893,3.295,1732.992,2717.816,36.375,15,0,4096,R (running)
2026-07-31T06:38:56.204100+00:00,8181.409532879,1178.224903,5507,67.889,3.394,1383.977,2368.691,36.375,15,0,0,S (sleeping)
2026-07-31T06:38:56.704990+00:00,8181.910370403,1178.725740,5507,65.890,3.294,1734.133,2718.637,36.375,15,0,0,R (running)
2026-07-31T06:38:57.205770+00:00,8182.411215642,1179.226586,5507,67.885,3.394,1384.617,2369.012,36.375,15,0,4096,R (running)
2026-07-31T06:38:57.706677+00:00,8182.912044381,1179.727414,5507,67.887,3.394,1734.930,2719.191,36.375,15,0,4096,R (running)
2026-07-31T06:38:58.207277+00:00,8183.412696454,1180.228066,5507,69.909,3.495,1385.172,2369.289,36.375,15,0,0,S (sleeping)
2026-07-31T06:38:58.708066+00:00,8183.913473636,1180.728844,5507,69.891,3.495,1735.484,2719.449,36.375,15,0,0,R (running)
2026-07-31T06:38:59.208815+00:00,8184.414267346,1181.229637,5507,75.880,3.794,1385.688,2369.547,36.375,15,0,4096,R (running)
2026-07-31T06:38:59.709706+00:00,8184.915091920,1181.730462,5507,67.888,3.394,1736.625,2720.238,36.375,15,0,0,R (running)
2026-07-31T06:39:00.210626+00:00,8185.416065671,1182.231436,5507,73.856,3.693,1386.223,2369.812,36.375,15,0,0,S (sleeping)
2026-07-31T06:39:00.711029+00:00,8185.916410860,1182.731781,5507,67.953,3.398,1737.160,2720.676,36.375,15,0,0,R (running)
2026-07-31T06:39:01.211395+00:00,8186.416841475,1183.232211,5507,71.938,3.597,1386.660,2370.031,36.375,15,0,4096,S (sleeping)
2026-07-31T06:39:01.712230+00:00,8186.917619065,1183.732989,5507,71.888,3.594,1737.754,2720.934,36.375,15,0,0,R (running)
2026-07-31T06:39:02.213007+00:00,8187.418448318,1184.233818,5507,71.881,3.594,1387.172,2370.289,36.375,15,0,0,S (sleeping)
2026-07-31T06:39:02.713888+00:00,8187.919253147,1184.734623,5507,73.881,3.694,1738.891,2721.750,36.375,15,0,4096,R (running)
2026-07-31T06:39:03.214635+00:00,8188.420080779,1185.235451,5507,75.874,3.794,1387.734,2370.570,36.375,15,0,0,R (running)
2026-07-31T06:39:03.715492+00:00,8188.920878764,1185.736249,5507,69.888,3.494,1739.609,2722.309,36.375,15,0,0,R (running)
2026-07-31T06:39:04.216254+00:00,8189.421706323,1186.237076,5507,73.878,3.694,1388.293,2370.848,36.375,15,0,4096,R (running)
2026-07-31T06:39:04.717073+00:00,8189.922464493,1186.737834,5507,71.891,3.595,1740.480,2722.859,36.375,15,0,0,R (running)
2026-07-31T06:39:05.217857+00:00,8190.423294791,1187.238665,5507,71.881,3.594,1388.891,2371.125,36.375,15,0,0,R (running)
2026-07-31T06:39:05.718704+00:00,8190.924106361,1187.739476,5507,71.883,3.594,1741.234,2723.332,36.375,15,0,0,R (running)
2026-07-31T06:39:06.219507+00:00,8191.424937358,1188.240307,5507,77.871,3.894,1389.363,2371.359,36.375,15,0,4096,R (running)
2026-07-31T06:39:06.720332+00:00,8191.925745469,1188.741115,5507,73.881,3.694,1741.863,2723.629,36.375,15,0,0,R (running)
2026-07-31T06:39:07.220050+00:00,8192.426550467,1189.241920,5507,79.871,3.994,1389.957,2371.656,36.375,15,0,0,R (running)
2026-07-31T06:39:07.720897+00:00,8192.927354549,1189.742724,5507,71.884,3.594,1743.082,2724.496,36.375,15,0,0,R (running)
2026-07-31T06:39:08.221664+00:00,8193.428165479,1190.243535,5507,73.880,3.694,1390.527,2371.941,36.375,15,0,4096,S (sleeping)
2026-07-31T06:39:08.722405+00:00,8193.928917611,1190.744287,5507,73.889,3.694,1722.602,2725.082,36.375,15,0,0,R (running)
2026-07-31T06:39:09.223142+00:00,8194.429656998,1191.245027,5507,75.888,3.794,1391.113,2372.234,36.375,15,0,0,R (running)
2026-07-31T06:39:09.723971+00:00,8194.930433490,1191.745803,5507,71.888,3.594,1744.863,2725.676,36.375,15,0,4096,R (running)
2026-07-31T06:39:10.224807+00:00,8195.431320308,1192.246690,5507,81.855,4.093,1391.801,2372.531,36.375,15,0,0,R (running)
2026-07-31T06:39:10.725550+00:00,8195.932064298,1192.747434,5507,71.893,3.595,1442.867,2726.332,36.375,15,0,0,R (running)
2026-07-31T06:39:11.226303+00:00,8196.432801083,1193.248171,5507,99.853,4.993,1392.457,2372.859,36.375,15,0,4096,R (running)
2026-07-31T06:39:11.726820+00:00,8196.933284606,1193.748654,5507,65.936,3.297,1746.832,2726.941,36.375,15,0,0,R (running)
2026-07-31T06:39:12.227627+00:00,8197.434143610,1194.249513,5507,79.863,3.993,1393.066,2373.164,36.375,15,0,4096,S (sleeping)
2026-07-31T06:39:12.728081+00:00,8197.934563524,1194.749933,5507,67.943,3.397,1499.145,2727.531,36.375,15,0,0,R (running)
2026-07-31T06:39:13.228831+00:00,8198.435331574,1195.250701,5507,79.877,3.994,1393.656,2373.461,36.375,15,0,4096,S (sleeping)
2026-07-31T06:39:13.729501+00:00,8198.935690770,1195.751061,5507,67.951,3.398,1748.656,2728.152,36.375,15,0,0,R (running)
2026-07-31T06:39:14.230475+00:00,8199.436839193,1196.252209,5507,93.785,4.689,1394.277,2373.770,36.375,15,0,0,S (sleeping)
2026-07-31T06:39:14.731208+00:00,8199.937722899,1196.753093,5507,69.876,3.494,1711.656,2728.738,36.375,15,0,4096,R (running)
2026-07-31T06:39:15.231931+00:00,8200.438442683,1197.253813,5507,81.882,4.094,1394.863,2374.062,36.375,15,0,0,S (sleeping)
2026-07-31T06:39:15.732649+00:00,8200.939162536,1197.754532,5507,69.899,3.495,1706.969,2729.355,36.375,15,0,0,R (running)
2026-07-31T06:39:16.233038+00:00,8201.439537215,1198.254907,5507,85.936,4.297,1395.480,2374.371,36.375,15,0,4096,S (sleeping)
2026-07-31T06:39:16.733687+00:00,8201.940201606,1198.755571,5507,67.910,3.395,1396.043,2374.652,36.375,15,0,0,R (running)
2026-07-31T06:39:17.234433+00:00,8202.440922469,1199.256292,5507,81.882,4.094,1396.043,2374.652,36.375,15,0,0,S (sleeping)
2026-07-31T06:39:17.734889+00:00,8202.941399373,1199.756769,5507,67.935,3.397,1638.586,2730.535,36.375,15,0,0,R (running)
2026-07-31T06:39:18.235643+00:00,8203.442151804,1200.257522,5507,87.868,4.393,1396.660,2374.961,36.375,15,0,4096,S (sleeping)
2026-07-31T06:39:18.736376+00:00,8203.942892027,1200.758262,5507,69.897,3.495,1397.324,2375.293,36.375,15,0,0,S (sleeping)
2026-07-31T06:39:19.237200+00:00,8204.443716634,1201.259087,5507,85.858,4.293,1397.324,2375.293,36.375,15,0,0,S (sleeping)
2026-07-31T06:39:19.737939+00:00,8204.944454783,1201.759825,5507,65.903,3.295,1488.895,2731.762,36.375,15,0,0,R (running)
2026-07-31T06:39:20.238659+00:00,8205.445173096,1202.260543,5507,83.879,4.194,1397.887,2375.574,36.375,15,0,4096,S (sleeping)
2026-07-31T06:39:20.739400+00:00,8205.945916147,1202.761286,5507,79.881,3.994,1398.488,2375.875,36.375,15,0,0,R (running)
2026-07-31T06:39:21.240359+00:00,8206.446859859,1203.262230,5507,77.853,3.893,1398.488,2375.875,36.375,15,0,0,S (sleeping)
2026-07-31T06:39:21.740778+00:00,8206.947236006,1203.762606,5507,63.952,3.198,1755.832,2732.949,36.375,15,0,4096,R (running)
2026-07-31T06:39:22.241561+00:00,8207.448072197,1204.263442,5507,83.860,4.193,1399.074,2376.168,36.375,15,0,0,S (sleeping)
2026-07-31T06:39:22.742380+00:00,8207.948845993,1204.764216,5507,67.895,3.395,1756.574,2733.520,36.375,15,0,0,R (running)
2026-07-31T06:39:23.243145+00:00,8208.449653566,1205.265023,5507,87.858,4.393,1399.645,2376.453,36.375,15,0,4096,S (sleeping)
2026-07-31T06:39:23.743877+00:00,8208.950390466,1205.765760,5507,67.900,3.395,1459.750,2734.137,36.375,15,0,0,R (running)
2026-07-31T06:39:24.244607+00:00,8209.451122524,1206.266492,5507,83.877,4.194,1400.262,2376.762,36.375,15,0,0,S (sleeping)
2026-07-31T06:39:24.745372+00:00,8209.951866306,1206.767236,5507,69.896,3.495,1400.871,2377.066,36.375,15,0,0,R (running)
2026-07-31T06:39:25.246113+00:00,8210.452629815,1207.268000,5507,81.875,4.094,1400.871,2377.066,36.375,15,0,4096,S (sleeping)
2026-07-31T06:39:25.746839+00:00,8210.953356654,1207.768727,5507,67.901,3.395,1401.465,2377.363,36.375,15,0,0,S (sleeping)
2026-07-31T06:39:26.247093+00:00,8211.453608957,1208.268979,5507,83.958,4.198,1401.465,2377.363,36.375,15,0,0,S (sleeping)
2026-07-31T06:39:26.747835+00:00,8211.954347888,1208.769718,5507,69.897,3.495,1401.996,2377.629,36.375,15,0,4096,R (running)
2026-07-31T06:39:27.248211+00:00,8212.454726445,1209.270096,5507,83.936,4.197,1401.996,2377.629,36.375,15,0,4096,S (sleeping)
2026-07-31T06:39:27.748950+00:00,8212.955466416,1209.770836,5507,93.861,4.693,1402.621,2377.941,36.375,15,0,0,S (sleeping)
2026-07-31T06:39:28.249683+00:00,8213.456200382,1210.271570,5507,75.889,3.794,1402.621,2377.941,36.375,15,0,4096,S (sleeping)
2026-07-31T06:39:28.750557+00:00,8213.956996213,1210.772366,5507,73.882,3.694,1403.289,2378.277,36.375,15,0,0,R (running)
2026-07-31T06:39:29.250950+00:00,8214.457462563,1211.272832,5507,71.933,3.597,1403.289,2378.277,36.375,15,0,0,S (sleeping)
2026-07-31T06:39:29.751750+00:00,8214.958234001,1211.773604,5507,71.889,3.594,1403.910,2378.586,36.375,15,0,0,R (running)
2026-07-31T06:39:30.252487+00:00,8215.459007785,1212.274378,5507,83.870,4.194,1403.910,2378.586,36.375,15,0,4096,S (sleeping)
2026-07-31T06:39:30.753210+00:00,8215.959726670,1212.775097,5507,69.900,3.495,1404.496,2378.879,36.375,15,0,0,S (sleeping)
2026-07-31T06:39:31.253957+00:00,8216.460467746,1213.275838,5507,81.879,4.094,1404.496,2378.879,36.375,15,0,0,S (sleeping)
2026-07-31T06:39:31.754709+00:00,8216.961217446,1213.776587,5507,67.898,3.395,1404.988,2379.125,36.375,15,0,0,S (sleeping)
2026-07-31T06:39:32.255459+00:00,8217.461962731,1214.277333,5507,81.878,4.094,1404.988,2379.125,36.375,15,0,4096,S (sleeping)
2026-07-31T06:39:32.756196+00:00,8217.962712492,1214.778082,5507,75.886,3.794,1405.605,2379.434,36.375,15,0,0,S (sleeping)
2026-07-31T06:39:33.256913+00:00,8218.463428575,1215.278798,5507,75.891,3.795,1405.605,2379.434,36.375,15,0,0,S (sleeping)
2026-07-31T06:39:33.757569+00:00,8218.964073469,1215.779443,5507,69.910,3.495,1406.207,2379.734,36.375,15,0,4096,S (sleeping)
2026-07-31T06:39:34.258390+00:00,8219.464893584,1216.280263,5507,83.862,4.193,1406.207,2379.734,36.375,15,0,0,S (sleeping)
2026-07-31T06:39:34.759138+00:00,8219.965637872,1216.781008,5507,69.896,3.495,1406.816,2380.039,36.375,15,0,0,S (sleeping)
2026-07-31T06:39:35.259881+00:00,8220.466381887,1217.281752,5507,83.875,4.194,1406.816,2380.039,36.375,15,0,4096,S (sleeping)
2026-07-31T06:39:35.760647+00:00,8220.967144066,1217.782514,5507,65.900,3.295,1407.371,2380.316,36.375,15,0,0,S (sleeping)
2026-07-31T06:39:36.261435+00:00,8221.467905172,1218.283275,5507,75.884,3.794,1407.371,2380.316,36.375,15,0,0,S (sleeping)
2026-07-31T06:39:36.762163+00:00,8221.968681311,1218.784051,5507,77.879,3.894,1407.980,2380.621,36.375,15,0,0,S (sleeping)
2026-07-31T06:39:37.261667+00:00,8222.469405676,1219.284776,5507,65.905,3.295,1407.980,2380.621,36.375,15,0,4096,S (sleeping)
2026-07-31T06:39:37.762412+00:00,8222.970133040,1219.785503,5507,81.881,4.094,1408.527,2380.895,36.375,15,0,0,S (sleeping)
2026-07-31T06:39:38.263164+00:00,8223.470885901,1220.286256,5507,75.886,3.794,1408.527,2380.895,36.375,15,0,0,S (sleeping)
2026-07-31T06:39:38.764028+00:00,8223.971627581,1220.786997,5507,77.884,3.894,1409.176,2381.219,36.375,15,0,4096,R (running)
2026-07-31T06:39:39.264455+00:00,8224.472174914,1221.287545,5507,67.926,3.396,1409.176,2381.219,36.375,15,0,0,S (sleeping)
2026-07-31T06:39:39.765206+00:00,8224.972933386,1221.788303,5507,67.897,3.395,1409.832,2381.547,36.375,15,0,0,R (running)
2026-07-31T06:39:40.265939+00:00,8225.473678198,1222.289048,5507,77.884,3.894,1409.832,2381.547,36.375,15,0,4096,S (sleeping)
2026-07-31T06:39:40.766658+00:00,8225.974397734,1222.789768,5507,77.888,3.894,1410.355,2381.809,36.375,15,0,0,R (running)
2026-07-31T06:39:41.267384+00:00,8226.475123609,1223.290493,5507,65.904,3.295,1410.355,2381.809,36.375,15,0,0,S (sleeping)
2026-07-31T06:39:41.768111+00:00,8226.975843149,1223.791213,5507,71.897,3.595,1410.918,2382.090,36.375,15,0,0,R (running)
2026-07-31T06:39:42.268854+00:00,8227.476594488,1224.291964,5507,77.883,3.894,1410.918,2382.090,36.375,15,0,8192,S (sleeping)
2026-07-31T06:39:42.769726+00:00,8227.977374257,1224.792744,5507,77.879,3.894,1411.434,2382.348,36.375,15,0,0,R (running)
2026-07-31T06:39:43.270478+00:00,8228.478214906,1225.293585,5507,67.886,3.394,1411.434,2382.348,36.375,15,0,0,S (sleeping)
2026-07-31T06:39:43.771237+00:00,8228.978967725,1225.794338,5507,67.898,3.395,1411.918,2382.590,36.375,15,0,4096,R (running)
2026-07-31T06:39:44.271959+00:00,8229.479699691,1226.295070,5507,81.880,4.094,1411.918,2382.590,36.375,15,0,0,S (sleeping)
2026-07-31T06:39:44.772703+00:00,8229.980421185,1226.795791,5507,81.882,4.094,1412.582,2382.922,36.375,15,0,0,R (running)
2026-07-31T06:39:45.273429+00:00,8230.481167961,1227.296538,5507,61.908,3.095,1412.582,2382.922,36.375,15,0,4096,S (sleeping)
2026-07-31T06:39:45.774168+00:00,8230.981905178,1227.797275,5507,71.894,3.595,1413.184,2383.223,36.375,15,0,0,R (running)
2026-07-31T06:39:46.274898+00:00,8231.482638181,1228.298008,5507,71.895,3.595,1413.184,2383.223,36.375,15,0,0,S (sleeping)
2026-07-31T06:39:46.775656+00:00,8231.983387203,1228.798757,5507,89.865,4.493,1413.824,2383.543,36.375,15,0,0,R (running)
2026-07-31T06:39:47.276383+00:00,8232.484122527,1229.299492,5507,65.903,3.295,1413.824,2383.543,36.375,15,0,4096,S (sleeping)
2026-07-31T06:39:47.777141+00:00,8232.984858890,1229.800229,5507,87.871,4.394,1414.355,2383.809,36.375,15,0,0,R (running)
2026-07-31T06:39:48.277885+00:00,8233.485613076,1230.300983,5507,75.886,3.794,1414.355,2383.809,36.375,15,0,0,S (sleeping)
2026-07-31T06:39:48.778612+00:00,8233.986349317,1230.801719,5507,83.876,4.194,1414.965,2384.113,36.375,15,0,4096,S (sleeping)
2026-07-31T06:39:49.279388+00:00,8234.487094966,1231.302465,5507,65.902,3.295,1414.965,2384.113,36.375,15,0,0,R (running)
2026-07-31T06:39:49.780180+00:00,8234.987894717,1231.803265,5507,75.879,3.794,1415.645,2384.453,36.375,15,0,0,S (sleeping)
2026-07-31T06:39:50.280514+00:00,8235.488251370,1232.303621,5507,75.946,3.797,1415.645,2384.453,36.375,15,0,4096,S (sleeping)
2026-07-31T06:39:50.781296+00:00,8235.989036151,1232.804406,5507,87.862,4.393,1416.203,2384.730,36.375,15,0,0,S (sleeping)
2026-07-31T06:39:51.282035+00:00,8236.489772238,1233.305142,5507,59.912,2.996,1416.203,2384.730,36.375,15,0,0,S (sleeping)
2026-07-31T06:39:51.782440+00:00,8236.990139791,1233.805510,5507,81.940,4.097,1416.859,2385.059,36.375,15,0,0,S (sleeping)
2026-07-31T06:39:52.282969+00:00,8237.490704302,1234.306074,5507,73.917,3.696,1416.859,2385.059,36.375,15,0,4096,S (sleeping)
2026-07-31T06:39:52.783273+00:00,8237.990947181,1234.806317,5507,93.954,4.698,1417.391,2385.324,36.375,15,0,0,S (sleeping)
2026-07-31T06:39:53.284036+00:00,8238.491762562,1235.307132,5507,61.899,3.095,1417.391,2385.324,36.375,15,0,0,S (sleeping)
2026-07-31T06:39:53.784940+00:00,8238.992589247,1235.807959,5507,89.851,4.493,1418.141,2385.699,36.375,15,0,4096,S (sleeping)
2026-07-31T06:39:54.285771+00:00,8239.493457129,1236.308827,5507,59.896,2.995,1418.141,2385.699,36.375,15,0,0,S (sleeping)
2026-07-31T06:39:54.786532+00:00,8239.994273184,1236.809643,5507,89.853,4.493,1418.836,2386.047,36.375,15,0,0,S (sleeping)
2026-07-31T06:39:55.287351+00:00,8240.495038246,1237.310408,5507,71.890,3.594,1418.836,2386.047,36.375,15,0,0,S (sleeping)
2026-07-31T06:39:55.788129+00:00,8240.995861931,1237.811232,5507,83.862,4.193,1419.402,2386.324,36.375,15,0,4096,S (sleeping)
2026-07-31T06:39:56.288853+00:00,8241.496594901,1238.311965,5507,59.912,2.996,1419.402,2386.324,36.375,15,0,0,S (sleeping)
2026-07-31T06:39:56.789146+00:00,8241.996886730,1238.812257,5507,77.955,3.898,1420.137,2386.691,36.375,15,0,0,R (running)
2026-07-31T06:39:57.289884+00:00,8242.497616785,1239.312987,5507,67.901,3.395,1420.137,2386.691,36.375,15,0,4096,S (sleeping)
2026-07-31T06:39:57.790647+00:00,8242.998375183,1239.813745,5507,89.864,4.493,1420.730,2386.988,36.375,15,0,4096,S (sleeping)
2026-07-31T06:39:58.291375+00:00,8243.499115078,1240.314485,5507,59.911,2.996,1420.730,2386.988,36.375,15,0,0,S (sleeping)
2026-07-31T06:39:58.792098+00:00,8243.999835905,1240.815206,5507,77.888,3.894,1421.293,2387.270,36.375,15,0,4096,R (running)
2026-07-31T06:39:59.292816+00:00,8244.500556590,1241.315926,5507,69.899,3.495,1421.293,2387.270,36.375,15,0,0,S (sleeping)
2026-07-31T06:39:59.793562+00:00,8245.001284553,1241.816654,5507,81.881,4.094,1421.832,2387.539,36.375,15,0,0,R (running)
2026-07-31T06:40:00.294297+00:00,8245.502034730,1242.317405,5507,79.880,3.994,1421.832,2387.539,36.375,15,0,0,S (sleeping)
2026-07-31T06:40:00.794542+00:00,8246.002275615,1242.817645,5507,79.961,3.998,1422.457,2387.852,36.375,15,0,4096,R (running)
2026-07-31T06:40:01.295291+00:00,8246.503023089,1243.318393,5507,65.901,3.295,1422.457,2387.852,36.375,15,0,0,S (sleeping)
2026-07-31T06:40:01.796089+00:00,8247.003822336,1243.819192,5507,81.869,4.093,1423.090,2388.168,36.375,15,0,0,R (running)
2026-07-31T06:40:02.296845+00:00,8247.504568740,1244.319939,5507,67.899,3.395,1423.090,2388.168,36.375,15,0,4096,S (sleeping)
2026-07-31T06:40:02.797574+00:00,8248.005313618,1244.820683,5507,83.875,4.194,1423.676,2388.461,36.375,15,0,0,R (running)
2026-07-31T06:40:03.298311+00:00,8248.506048132,1245.321418,5507,67.900,3.395,1423.676,2388.461,36.375,15,0,0,S (sleeping)
2026-07-31T06:40:03.799089+00:00,8249.006825354,1245.822195,5507,83.870,4.193,1424.262,2388.754,36.375,15,0,4096,R (running)
2026-07-31T06:40:04.299811+00:00,8249.507548067,1246.322918,5507,67.902,3.395,1424.262,2388.754,36.375,15,0,0,S (sleeping)
2026-07-31T06:40:04.800665+00:00,8250.008321311,1246.823691,5507,85.867,4.293,1424.809,2389.027,36.375,15,0,0,R (running)
2026-07-31T06:40:05.301434+00:00,8250.509169801,1247.324540,5507,65.888,3.294,1424.809,2389.027,36.375,15,0,0,S (sleeping)
2026-07-31T06:40:05.802167+00:00,8251.009902126,1247.825272,5507,97.857,4.893,1425.402,2389.324,36.375,15,0,4096,R (running)
2026-07-31T06:40:06.302922+00:00,8251.510653301,1248.326023,5507,59.910,2.995,1425.402,2389.324,36.375,15,0,0,S (sleeping)
2026-07-31T06:40:06.803670+00:00,8252.011405849,1248.826776,5507,87.868,4.393,1425.988,2389.617,36.375,15,0,0,S (sleeping)
2026-07-31T06:40:07.302751+00:00,8252.512151842,1249.327522,5507,61.908,3.095,1425.988,2389.617,36.375,15,0,4096,S (sleeping)
2026-07-31T06:40:07.803620+00:00,8253.013018941,1249.828389,5507,87.848,4.392,1426.574,2389.910,36.375,15,0,0,S (sleeping)
2026-07-31T06:40:08.304388+00:00,8253.513789325,1250.329159,5507,61.905,3.095,1426.574,2389.910,36.375,15,0,0,S (sleeping)
2026-07-31T06:40:08.805115+00:00,8254.014522749,1250.829893,5507,87.871,4.394,1427.238,2390.242,36.375,15,0,0,S (sleeping)
2026-07-31T06:40:09.305849+00:00,8254.515251149,1251.330621,5507,63.907,3.195,1427.238,2390.242,36.375,15,0,4096,S (sleeping)
2026-07-31T06:40:09.806583+00:00,8255.015980880,1251.831351,5507,87.872,4.394,1427.762,2390.504,36.375,15,0,0,S (sleeping)
2026-07-31T06:40:10.307344+00:00,8255.516740243,1252.332110,5507,63.903,3.195,1427.762,2390.504,36.375,15,0,0,S (sleeping)
2026-07-31T06:40:10.808124+00:00,8256.017529386,1252.832899,5507,85.864,4.293,1428.426,2390.836,36.375,15,0,4096,S (sleeping)
2026-07-31T06:40:11.308901+00:00,8256.518264041,1253.333634,5507,77.886,3.894,1428.426,2390.836,36.375,15,0,0,S (sleeping)
2026-07-31T06:40:11.809645+00:00,8257.019034944,1253.834405,5507,89.861,4.493,1429.012,2391.129,36.375,15,0,0,S (sleeping)
2026-07-31T06:40:12.310394+00:00,8257.519794508,1254.335164,5507,59.909,2.995,1429.012,2391.129,36.375,15,0,4096,S (sleeping)
2026-07-31T06:40:12.811125+00:00,8258.020529474,1254.835899,5507,91.865,4.593,1429.668,2391.457,36.375,15,0,4096,S (sleeping)
2026-07-31T06:40:13.311841+00:00,8258.521251715,1255.336622,5507,57.916,2.896,1429.668,2391.457,36.375,15,0,0,S (sleeping)
2026-07-31T06:40:13.812568+00:00,8259.021971553,1255.837341,5507,89.871,4.494,1430.301,2391.773,36.375,15,0,0,R (running)
2026-07-31T06:40:14.313308+00:00,8259.522697243,1256.338067,5507,57.916,2.896,1430.301,2391.773,36.375,15,0,4096,R (running)
2026-07-31T06:40:14.814273+00:00,8260.023632105,1256.839002,5507,91.828,4.591,1430.816,2392.031,36.375,15,0,0,R (running)
2026-07-31T06:40:15.315009+00:00,8260.524412957,1257.339783,5507,63.900,3.195,1430.816,2392.031,36.375,15,0,0,R (running)
2026-07-31T06:40:15.815744+00:00,8261.025138456,1257.840508,5507,91.867,4.593,1431.410,2392.328,36.375,15,0,4096,R (running)
2026-07-31T06:40:16.316486+00:00,8261.525888438,1258.341258,5507,61.907,3.095,1431.410,2392.328,36.375,15,0,0,R (running)
2026-07-31T06:40:16.817211+00:00,8262.026617527,1258.841987,5507,89.869,4.493,1432.082,2392.664,36.375,15,0,0,R (running)
2026-07-31T06:40:17.317976+00:00,8262.527363159,1259.342733,5507,65.902,3.295,1432.082,2392.664,36.375,15,0,4096,R (running)
2026-07-31T06:40:17.818842+00:00,8263.028113690,1259.843484,5507,105.841,5.292,1432.777,2393.012,36.375,15,0,0,R (running)
2026-07-31T06:40:18.319587+00:00,8263.528984078,1260.344354,5507,59.896,2.995,1432.777,2393.012,36.375,15,0,0,R (running)
2026-07-31T06:40:18.820376+00:00,8264.029778299,1260.845148,5507,97.845,4.892,1433.355,2393.301,36.375,15,0,0,R (running)
2026-07-31T06:40:19.321130+00:00,8264.530519487,1261.345889,5507,69.896,3.495,1433.355,2393.301,36.375,15,0,4096,R (running)
2026-07-31T06:40:19.821868+00:00,8265.031269767,1261.846640,5507,91.862,4.593,1433.980,2393.613,36.375,15,0,0,R (running)
2026-07-31T06:40:20.322602+00:00,8265.531999093,1262.347369,5507,61.910,3.095,1433.980,2393.613,36.375,15,0,0,R (running)
2026-07-31T06:40:20.823332+00:00,8266.032734171,1262.848104,5507,93.862,4.693,1434.613,2393.930,36.375,15,0,4096,R (running)
2026-07-31T06:40:21.324120+00:00,8266.533498648,1263.348869,5507,57.911,2.896,1434.613,2393.930,36.375,15,0,0,R (running)
2026-07-31T06:40:21.825011+00:00,8267.034312547,1263.849682,5507,97.841,4.892,1435.262,2394.254,36.375,15,0,0,R (running)
2026-07-31T06:40:22.325836+00:00,8267.535232675,1264.350603,5507,67.875,3.394,1435.262,2394.254,36.375,15,0,4096,S (sleeping)
2026-07-31T06:40:22.826413+00:00,8268.035791458,1264.851161,5507,87.902,4.395,1435.840,2394.543,36.375,15,0,0,R (running)
2026-07-31T06:40:23.327140+00:00,8268.536545832,1265.351916,5507,71.892,3.595,1435.840,2394.543,36.375,15,0,0,R (running)
2026-07-31T06:40:23.827865+00:00,8269.037271385,1265.852641,5507,85.875,4.294,1436.480,2394.863,36.375,15,0,0,S (sleeping)
2026-07-31T06:40:24.328593+00:00,8269.537990518,1266.353360,5507,67.902,3.395,1436.480,2394.863,36.375,15,0,4096,S (sleeping)
2026-07-31T06:40:24.829350+00:00,8270.038736591,1266.854106,5507,89.866,4.493,1437.098,2395.172,36.375,15,0,0,S (sleeping)
2026-07-31T06:40:25.330085+00:00,8270.539483320,1267.354853,5507,59.911,2.996,1437.098,2395.172,36.375,15,0,0,S (sleeping)
2026-07-31T06:40:25.830826+00:00,8271.040224269,1267.855594,5507,95.858,4.793,1437.809,2395.527,36.375,15,0,4096,S (sleeping)
2026-07-31T06:40:26.331604+00:00,8271.540994620,1268.356364,5507,63.902,3.195,1437.809,2395.527,36.375,15,0,0,S (sleeping)
2026-07-31T06:40:26.832370+00:00,8272.041776140,1268.857146,5507,97.847,4.892,1438.410,2395.828,36.375,15,0,0,S (sleeping)
2026-07-31T06:40:27.333096+00:00,8272.542504808,1269.357875,5507,69.898,3.495,1438.410,2395.828,36.375,15,0,0,S (sleeping)
2026-07-31T06:40:27.833827+00:00,8273.043230934,1269.858601,5507,91.867,4.593,1439.035,2396.141,36.375,15,0,8192,S (sleeping)
2026-07-31T06:40:28.334586+00:00,8273.543965706,1270.359336,5507,57.915,2.896,1439.035,2396.141,36.375,15,0,0,S (sleeping)
2026-07-31T06:40:28.835314+00:00,8274.044718915,1270.860089,5507,91.862,4.593,1439.723,2396.484,36.375,15,0,0,S (sleeping)
2026-07-31T06:40:29.336044+00:00,8274.545448712,1271.360819,5507,61.910,3.095,1439.723,2396.484,36.375,15,0,4096,S (sleeping)
2026-07-31T06:40:29.836776+00:00,8275.046184260,1271.861554,5507,97.856,4.893,1440.379,2396.812,36.375,15,0,0,S (sleeping)
2026-07-31T06:40:30.337518+00:00,8275.546908060,1272.362278,5507,63.907,3.195,1440.379,2396.812,36.375,15,0,0,S (sleeping)
2026-07-31T06:40:30.838243+00:00,8276.047646626,1272.863016,5507,93.861,4.693,1441.020,2397.133,36.375,15,0,4096,S (sleeping)
2026-07-31T06:40:31.338971+00:00,8276.548375329,1273.363745,5507,65.904,3.295,1441.020,2397.133,36.375,15,0,0,S (sleeping)
2026-07-31T06:40:31.839784+00:00,8277.049125703,1273.864496,5507,97.853,4.893,1441.621,2397.434,36.375,15,0,0,S (sleeping)
2026-07-31T06:40:32.340629+00:00,8277.550034528,1274.365404,5507,61.888,3.094,1441.621,2397.434,36.375,15,0,0,S (sleeping)
2026-07-31T06:40:32.841349+00:00,8278.050755046,1274.866125,5507,89.870,4.494,1442.316,2397.781,36.375,15,0,4096,S (sleeping)
2026-07-31T06:40:33.342071+00:00,8278.551477992,1275.366848,5507,81.882,4.094,1442.316,2397.781,36.375,15,0,0,S (sleeping)
2026-07-31T06:40:33.842823+00:00,8279.052221498,1275.867591,5507,89.866,4.493,1442.918,2398.082,36.375,15,0,0,S (sleeping)
2026-07-31T06:40:34.343559+00:00,8279.552964174,1276.368334,5507,61.908,3.095,1442.918,2398.082,36.375,15,0,4096,S (sleeping)
2026-07-31T06:40:34.844273+00:00,8280.053686102,1276.869056,5507,93.864,4.693,1443.629,2398.363,36.375,15,0,0,S (sleeping)
2026-07-31T06:40:35.345198+00:00,8280.554494775,1277.369865,5507,61.900,3.095,1443.629,2398.363,36.375,15,0,0,S (sleeping)
2026-07-31T06:40:35.845935+00:00,8281.055340645,1277.870711,5507,83.858,4.193,1444.113,2398.680,36.375,15,0,0,R (running)
2026-07-31T06:40:36.346656+00:00,8281.556064557,1278.371434,5507,73.893,3.695,1444.113,2398.680,36.375,15,0,4096,S (sleeping)
2026-07-31T06:40:36.847369+00:00,8282.056778438,1278.872148,5507,97.860,4.893,1444.840,2399.043,36.375,15,0,0,S (sleeping)
2026-07-31T06:40:37.346835+00:00,8282.557506650,1279.372877,5507,59.913,2.996,1444.840,2399.043,36.375,15,0,0,R (running)
2026-07-31T06:40:37.847614+00:00,8283.058300597,1279.873670,5507,103.835,5.192,1445.418,2399.332,36.375,15,0,4096,S (sleeping)
2026-07-31T06:40:38.348376+00:00,8283.559040545,1280.374410,5507,65.902,3.295,1445.418,2399.332,36.375,15,0,0,S (sleeping)
2026-07-31T06:40:38.849124+00:00,8284.059803577,1280.875173,5507,87.866,4.393,1446.023,2399.637,36.375,15,0,0,S (sleeping)
2026-07-31T06:40:39.349851+00:00,8284.560534813,1281.375905,5507,59.912,2.996,1446.023,2399.637,36.375,15,0,4096,S (sleeping)
2026-07-31T06:40:39.850580+00:00,8285.061263628,1281.876634,5507,97.857,4.893,1446.645,2399.945,36.375,15,0,0,S (sleeping)
2026-07-31T06:40:40.351318+00:00,8285.561999607,1282.377369,5507,69.897,3.495,1446.645,2399.945,36.375,15,0,0,S (sleeping)
2026-07-31T06:40:40.852043+00:00,8286.062725555,1282.878095,5507,99.855,4.993,1447.230,2400.238,36.375,15,0,0,S (sleeping)
2026-07-31T06:40:41.352773+00:00,8286.563458432,1283.378828,5507,53.921,2.696,1447.230,2400.238,36.375,15,0,4096,S (sleeping)
2026-07-31T06:40:41.853497+00:00,8287.064180784,1283.879551,5507,97.859,4.893,1447.891,2400.566,36.375,15,0,0,S (sleeping)
2026-07-31T06:40:42.353772+00:00,8287.564449823,1284.379820,5507,61.967,3.098,1447.891,2400.566,36.375,15,0,0,S (sleeping)
2026-07-31T06:40:42.854506+00:00,8288.065188183,1284.880558,5507,91.864,4.593,1448.445,2400.844,36.375,15,0,8192,S (sleeping)
2026-07-31T06:40:43.355239+00:00,8288.565924764,1285.381295,5507,61.909,3.095,1448.445,2400.844,36.375,15,0,0,S (sleeping)
2026-07-31T06:40:43.855960+00:00,8289.066648708,1285.882019,5507,93.864,4.693,1449.023,2401.133,36.375,15,0,0,S (sleeping)
2026-07-31T06:40:44.356692+00:00,8289.567365918,1286.382736,5507,59.914,2.996,1449.023,2401.133,36.375,15,0,0,S (sleeping)
2026-07-31T06:40:44.857436+00:00,8290.068096793,1286.883467,5507,91.866,4.593,1449.629,2401.438,36.375,15,0,4096,S (sleeping)
2026-07-31T06:40:45.358187+00:00,8290.568871724,1287.384242,5507,63.901,3.195,1449.629,2401.438,36.375,15,0,0,S (sleeping)
2026-07-31T06:40:45.859008+00:00,8291.069603411,1287.884973,5507,87.871,4.394,1450.258,2401.750,36.375,15,0,0,S (sleeping)
2026-07-31T06:40:46.359776+00:00,8291.570458487,1288.385828,5507,63.891,3.195,1450.258,2401.750,36.375,15,0,4096,S (sleeping)
2026-07-31T06:40:46.860521+00:00,8292.071202780,1288.886573,5507,109.836,5.492,1450.797,2402.020,36.375,15,0,0,S (sleeping)
2026-07-31T06:40:47.361276+00:00,8292.571936244,1289.387306,5507,67.900,3.395,1450.797,2402.020,36.375,15,0,0,S (sleeping)
2026-07-31T06:40:47.861913+00:00,8293.072593873,1289.887964,5507,91.879,4.594,1451.391,2402.316,36.375,15,0,4096,S (sleeping)
2026-07-31T06:40:48.362671+00:00,8293.573341620,1290.388711,5507,57.913,2.896,1451.391,2402.316,36.375,15,0,0,S (sleeping)
2026-07-31T06:40:48.863441+00:00,8294.074097260,1290.889467,5507,85.870,4.294,1452.070,2402.656,36.375,15,0,0,S (sleeping)
2026-07-31T06:40:49.364384+00:00,8294.574938113,1291.390308,5507,59.899,2.995,1452.070,2402.656,36.375,15,0,0,S (sleeping)
2026-07-31T06:40:49.865122+00:00,8295.075806200,1291.891176,5507,83.854,4.193,1452.578,2402.910,36.375,15,0,4096,S (sleeping)
2026-07-31T06:40:50.365863+00:00,8295.576535845,1292.391906,5507,59.913,2.996,1452.578,2402.910,36.375,15,0,0,S (sleeping)
2026-07-31T06:40:50.866590+00:00,8296.077268516,1292.892638,5507,89.868,4.493,1453.227,2403.234,36.375,15,0,0,S (sleeping)
2026-07-31T06:40:51.367313+00:00,8296.577996031,1293.393366,5507,61.910,3.095,1453.227,2403.234,36.375,15,0,4096,S (sleeping)
2026-07-31T06:40:51.868064+00:00,8297.078737333,1293.894107,5507,87.870,4.393,1453.797,2403.520,36.375,15,0,0,S (sleeping)
2026-07-31T06:40:52.368927+00:00,8297.579601475,1294.394971,5507,61.893,3.095,1453.797,2403.520,36.375,15,0,0,S (sleeping)
2026-07-31T06:40:52.869688+00:00,8298.080359973,1294.895730,5507,91.861,4.593,1454.523,2403.883,36.375,15,0,4096,S (sleeping)
2026-07-31T06:40:53.370425+00:00,8298.581106550,1295.396476,5507,59.911,2.996,1454.523,2403.883,36.375,15,0,0,S (sleeping)
2026-07-31T06:40:53.871160+00:00,8299.081834430,1295.897204,5507,91.866,4.593,1455.102,2404.172,36.375,15,0,0,S (sleeping)
2026-07-31T06:40:54.371887+00:00,8299.582571318,1296.397941,5507,59.912,2.996,1455.102,2404.172,36.375,15,0,0,S (sleeping)
2026-07-31T06:40:54.872615+00:00,8300.083302173,1296.898672,5507,93.863,4.693,1455.750,2404.496,36.375,15,0,4096,S (sleeping)
2026-07-31T06:40:55.373380+00:00,8300.584045423,1297.399415,5507,59.911,2.996,1455.750,2404.496,36.375,15,0,0,S (sleeping)
2026-07-31T06:40:55.874129+00:00,8301.084808104,1297.900178,5507,91.860,4.593,1456.414,2404.828,36.375,15,0,0,S (sleeping)
2026-07-31T06:40:56.374862+00:00,8301.585540211,1298.400910,5507,59.912,2.996,1456.414,2404.828,36.375,15,0,4096,S (sleeping)
2026-07-31T06:40:56.875593+00:00,8302.086267951,1298.901638,5507,93.863,4.693,1457.070,2405.156,36.375,15,0,0,S (sleeping)
2026-07-31T06:40:57.376325+00:00,8302.587008006,1299.402378,5507,61.908,3.095,1457.070,2405.156,36.375,15,0,0,S (sleeping)
2026-07-31T06:40:57.877042+00:00,8303.087728606,1299.903098,5507,89.870,4.494,1457.688,2405.465,36.375,15,0,4096,S (sleeping)
2026-07-31T06:40:58.377757+00:00,8303.588429817,1300.403800,5507,61.913,3.096,1457.688,2405.465,36.375,15,0,4096,S (sleeping)
2026-07-31T06:40:58.878496+00:00,8304.089179448,1300.904549,5507,89.865,4.493,1458.344,2405.793,36.375,15,0,0,S (sleeping)
2026-07-31T06:40:59.379248+00:00,8304.589914714,1301.405285,5507,59.912,2.996,1458.344,2405.793,36.375,15,0,0,S (sleeping)
2026-07-31T06:40:59.880007+00:00,8305.090684233,1301.906054,5507,97.849,4.892,1458.938,2406.090,36.375,15,0,4096,R (running)
2026-07-31T06:41:00.380742+00:00,8305.591424946,1302.406795,5507,61.908,3.095,1458.938,2406.090,36.375,15,0,0,S (sleeping)
2026-07-31T06:41:00.881475+00:00,8306.092156323,1302.907526,5507,91.866,4.593,1459.492,2406.367,36.375,15,0,0,S (sleeping)
2026-07-31T06:41:01.382199+00:00,8306.592883822,1303.408254,5507,63.907,3.195,1459.492,2406.367,36.375,15,0,4096,S (sleeping)
2026-07-31T06:41:01.882940+00:00,8307.093626587,1303.908996,5507,97.855,4.893,1460.180,2406.711,36.375,15,0,0,S (sleeping)
2026-07-31T06:41:02.383662+00:00,8307.594347932,1304.409718,5507,59.914,2.996,1460.180,2406.711,36.375,15,0,0,S (sleeping)
2026-07-31T06:41:02.884441+00:00,8308.095105386,1304.910475,5507,97.852,4.893,1460.844,2407.043,36.375,15,0,4096,S (sleeping)
2026-07-31T06:41:03.385187+00:00,8308.595868301,1305.411238,5507,63.902,3.195,1460.844,2407.043,36.375,15,0,0,S (sleeping)
2026-07-31T06:41:03.885921+00:00,8309.096604433,1305.911974,5507,89.868,4.493,1461.453,2407.348,36.375,15,0,0,S (sleeping)
2026-07-31T06:41:04.386660+00:00,8309.597344397,1306.412714,5507,61.908,3.095,1461.453,2407.348,36.375,15,0,0,S (sleeping)
2026-07-31T06:41:04.887381+00:00,8310.098065411,1306.913435,5507,95.862,4.793,1462.039,2407.641,36.375,15,0,4096,S (sleeping)
2026-07-31T06:41:05.388111+00:00,8310.598784698,1307.414155,5507,63.908,3.195,1462.039,2407.641,36.375,15,0,0,S (sleeping)
2026-07-31T06:41:05.888843+00:00,8311.099525382,1307.914895,5507,93.861,4.693,1462.711,2407.977,36.375,15,0,0,S (sleeping)
2026-07-31T06:41:06.389653+00:00,8311.600338172,1308.415708,5507,65.893,3.295,1462.711,2407.977,36.375,15,0,4096,S (sleeping)
2026-07-31T06:41:06.890402+00:00,8312.101085942,1308.916456,5507,101.848,5.092,1463.320,2408.281,36.375,15,0,0,S (sleeping)
2026-07-31T06:41:07.389968+00:00,8312.601819565,1309.417189,5507,61.909,3.095,1463.320,2408.281,36.375,15,0,0,S (sleeping)
2026-07-31T06:41:07.890700+00:00,8313.102551038,1309.917921,5507,89.869,4.493,1463.961,2408.602,36.375,15,0,4096,S (sleeping)
2026-07-31T06:41:08.391427+00:00,8313.603280690,1310.418651,5507,59.913,2.996,1463.961,2408.602,36.375,15,0,0,S (sleeping)
2026-07-31T06:41:08.892186+00:00,8314.104034200,1310.919404,5507,91.862,4.593,1464.570,2408.906,36.375,15,0,0,S (sleeping)
2026-07-31T06:41:09.392964+00:00,8314.604812426,1311.420182,5507,59.907,2.995,1464.570,2408.906,36.375,15,0,0,S (sleeping)
2026-07-31T06:41:09.893777+00:00,8315.105598848,1311.920969,5507,91.856,4.593,1465.148,2409.195,36.375,15,0,4096,S (sleeping)
2026-07-31T06:41:10.394512+00:00,8315.606365265,1312.421735,5507,55.914,2.796,1465.148,2409.195,36.375,15,0,0,S (sleeping)
2026-07-31T06:41:10.895245+00:00,8316.107093267,1312.922463,5507,79.884,3.994,1465.703,2409.473,36.375,15,0,0,S (sleeping)
2026-07-31T06:41:11.395999+00:00,8316.607830328,1313.423200,5507,67.900,3.395,1465.703,2409.473,36.375,15,0,4096,S (sleeping)
2026-07-31T06:41:11.896774+00:00,8317.108620809,1313.923991,5507,97.845,4.892,1466.270,2799.781,36.375,15,0,0,R (running)
2026-07-31T06:41:12.397504+00:00,8317.609356808,1314.424727,5507,75.888,3.794,1466.270,2799.781,36.375,15,0,0,S (sleeping)
2026-07-31T06:41:12.898250+00:00,8318.110096905,1314.925467,5507,87.870,4.393,1466.797,2800.043,36.375,15,0,0,S (sleeping)
2026-07-31T06:41:13.399013+00:00,8318.610856935,1315.426227,5507,53.918,2.696,1466.797,2800.043,36.375,15,0,8192,S (sleeping)
2026-07-31T06:41:13.899756+00:00,8319.111603902,1315.926974,5507,87.869,4.393,1467.371,2800.332,36.375,15,0,0,S (sleeping)
2026-07-31T06:41:14.400481+00:00,8319.612330194,1316.427700,5507,53.922,2.696,1467.371,2800.332,36.375,15,0,0,S (sleeping)
2026-07-31T06:41:14.901211+00:00,8320.113060279,1316.928430,5507,87.872,4.394,1467.840,2800.566,36.375,15,0,4096,S (sleeping)
2026-07-31T06:41:15.401954+00:00,8320.613806587,1317.429176,5507,53.920,2.696,1467.840,2800.566,36.375,15,0,0,S (sleeping)
2026-07-31T06:41:15.902704+00:00,8321.114538935,1317.929909,5507,81.880,4.094,1468.305,2800.797,36.375,15,0,0,S (sleeping)
2026-07-31T06:41:16.403445+00:00,8321.615294007,1318.430664,5507,51.922,2.596,1468.305,2800.797,36.375,15,0,0,S (sleeping)
2026-07-31T06:41:16.904239+00:00,8322.116072524,1318.931442,5507,83.869,4.193,1468.852,2801.070,36.375,15,0,4096,R (running)
2026-07-31T06:41:17.404990+00:00,8322.616831584,1319.432201,5507,47.927,2.396,1468.852,2801.070,36.375,15,0,0,S (sleeping)
2026-07-31T06:41:17.905737+00:00,8323.117576880,1319.932947,5507,77.884,3.894,1469.219,2801.254,36.375,15,0,0,S (sleeping)
2026-07-31T06:41:18.406475+00:00,8323.618325155,1320.433695,5507,47.928,2.396,1469.219,2801.254,36.375,15,0,4096,S (sleeping)
2026-07-31T06:41:18.907223+00:00,8324.119054380,1320.934424,5507,81.881,4.094,1469.539,2801.414,36.375,15,0,0,S (sleeping)
2026-07-31T06:41:19.407961+00:00,8324.619809388,1321.435179,5507,43.934,2.197,1469.539,2801.414,36.375,15,0,0,S (sleeping)
2026-07-31T06:41:19.908702+00:00,8325.120543969,1321.935914,5507,75.889,3.794,1469.930,2801.609,36.375,15,0,4096,S (sleeping)
2026-07-31T06:41:20.409455+00:00,8325.621302659,1322.436673,5507,43.933,2.197,1469.930,2801.609,36.375,15,0,0,S (sleeping)
2026-07-31T06:41:20.910210+00:00,8326.122046367,1322.937416,5507,77.884,3.894,1470.266,2801.777,36.375,15,0,0,R (running)
2026-07-31T06:41:21.410958+00:00,8326.622807420,1323.438177,5507,41.936,2.097,1470.266,2801.777,36.375,15,0,0,S (sleeping)
2026-07-31T06:41:21.911690+00:00,8327.123536900,1323.938907,5507,73.892,3.695,1470.531,2801.910,36.375,15,0,4096,S (sleeping)
2026-07-31T06:41:22.412497+00:00,8327.624302133,1324.439672,5507,41.936,2.097,1470.531,2801.910,36.375,15,0,0,S (sleeping)
2026-07-31T06:41:22.913241+00:00,8328.125088733,1324.940459,5507,79.874,3.994,1470.789,2802.039,36.375,15,0,0,R (running)
2026-07-31T06:41:23.413981+00:00,8328.625828362,1325.441198,5507,37.944,1.897,1470.789,2802.039,36.375,15,0,4096,R (running)
2026-07-31T06:41:23.914738+00:00,8329.126588400,1325.941958,5507,69.894,3.495,1470.984,2802.137,36.375,15,0,0,R (running)
2026-07-31T06:41:24.415485+00:00,8329.627313301,1326.442683,5507,37.945,1.897,1470.984,2802.137,36.375,15,0,0,R (running)
2026-07-31T06:41:24.916210+00:00,8330.128064712,1326.943435,5507,71.892,3.595,1471.211,2802.250,36.375,15,0,4096,R (running)
2026-07-31T06:41:25.416923+00:00,8330.628776509,1327.444146,5507,35.949,1.797,1471.211,2802.250,36.375,15,0,0,R (running)
2026-07-31T06:41:25.917653+00:00,8331.129491906,1327.944862,5507,67.903,3.395,1471.438,2802.363,36.375,15,0,0,R (running)
2026-07-31T06:41:26.418373+00:00,8331.630226843,1328.445597,5507,37.944,1.897,1471.438,2802.363,36.375,15,0,0,S (sleeping)
2026-07-31T06:41:26.919109+00:00,8332.130956119,1328.946326,5507,67.901,3.395,1471.555,2802.422,36.375,15,0,4096,S (sleeping)
2026-07-31T06:41:27.419850+00:00,8332.631701207,1329.447071,5507,33.949,1.697,1471.555,2802.422,36.375,15,0,0,S (sleeping)
2026-07-31T06:41:27.920224+00:00,8333.132081606,1329.947451,5507,65.950,3.297,1471.652,2802.473,36.375,15,0,0,S (sleeping)
2026-07-31T06:41:28.420936+00:00,8333.632788920,1330.448159,5507,35.949,1.797,1471.652,2802.473,36.375,15,0,8192,S (sleeping)
2026-07-31T06:41:28.921255+00:00,8334.133110257,1330.948480,5507,67.956,3.398,1471.797,2802.543,36.375,15,0,0,S (sleeping)
2026-07-31T06:41:29.421970+00:00,8334.633822909,1331.449193,5507,33.952,1.698,1471.797,2802.543,36.375,15,0,0,S (sleeping)
2026-07-31T06:41:29.922693+00:00,8335.134543039,1331.949913,5507,61.911,3.096,1471.953,2802.621,36.375,15,0,4096,S (sleeping)
2026-07-31T06:41:30.423422+00:00,8335.635269702,1332.450640,5507,35.948,1.797,1471.953,2802.621,36.375,15,0,0,S (sleeping)
2026-07-31T06:41:30.924183+00:00,8336.135999427,1332.951369,5507,73.892,3.695,1472.047,2802.668,36.375,15,0,0,S (sleeping)
2026-07-31T06:41:31.424934+00:00,8336.636780393,1333.452150,5507,31.950,1.598,1472.047,2802.668,36.375,15,0,0,S (sleeping)
2026-07-31T06:41:31.925674+00:00,8337.137512478,1333.952882,5507,67.901,3.395,1472.180,2802.734,36.375,15,0,4096,S (sleeping)
2026-07-31T06:41:32.426406+00:00,8337.638256296,1334.453626,5507,31.952,1.598,1472.180,2802.734,36.375,15,0,0,S (sleeping)
2026-07-31T06:41:32.927125+00:00,8338.138977253,1334.954347,5507,67.902,3.395,1472.328,2802.809,36.375,15,0,0,S (sleeping)
2026-07-31T06:41:33.427848+00:00,8338.639697581,1335.455067,5507,31.954,1.598,1472.328,2802.809,36.375,15,0,4096,S (sleeping)
2026-07-31T06:41:33.928582+00:00,8339.140432634,1335.955803,5507,65.903,3.295,1472.473,2802.879,36.375,15,0,0,S (sleeping)
2026-07-31T06:41:34.429414+00:00,8339.641262457,1336.456632,5507,29.950,1.498,1472.473,2802.879,36.375,15,0,0,S (sleeping)
2026-07-31T06:41:34.930147+00:00,8340.141996325,1336.957366,5507,63.906,3.195,1472.551,2802.918,36.375,15,0,0,S (sleeping)
2026-07-31T06:41:35.430881+00:00,8340.642727754,1337.458098,5507,31.953,1.598,1472.551,2802.918,36.375,15,0,4096,S (sleeping)
2026-07-31T06:41:35.931677+00:00,8341.143516426,1337.958886,5507,61.902,3.095,1472.660,2802.973,36.375,15,0,0,S (sleeping)
2026-07-31T06:41:36.432428+00:00,8341.644270402,1338.459640,5507,31.952,1.598,1472.660,2802.973,36.375,15,0,0,S (sleeping)
2026-07-31T06:41:36.933161+00:00,8342.145013884,1338.960384,5507,63.905,3.195,1472.762,2803.023,36.375,15,0,4096,S (sleeping)
2026-07-31T06:41:37.431423+00:00,8342.645403488,1339.460773,5507,27.978,1.399,1472.762,2803.023,36.375,15,0,0,S (sleeping)
2026-07-31T06:41:37.932145+00:00,8343.146123861,1339.961494,5507,63.908,3.195,1472.809,2803.047,36.375,15,0,0,S (sleeping)
2026-07-31T06:41:38.432912+00:00,8343.646881029,1340.462251,5507,29.955,1.498,1472.809,2803.047,36.375,15,0,4096,S (sleeping)
2026-07-31T06:41:38.933681+00:00,8344.147643847,1340.963014,5507,63.903,3.195,1472.871,2803.082,36.375,15,0,0,S (sleeping)
2026-07-31T06:41:39.434423+00:00,8344.648400055,1341.463770,5507,27.958,1.398,1472.871,2803.082,36.375,15,0,0,S (sleeping)
2026-07-31T06:41:39.935155+00:00,8345.149129678,1341.964500,5507,59.913,2.996,1472.926,2803.105,36.375,15,0,0,S (sleeping)
2026-07-31T06:41:40.435895+00:00,8345.649872007,1342.465242,5507,27.958,1.398,1472.926,2803.105,36.375,15,0,4096,S (sleeping)
2026-07-31T06:41:40.936622+00:00,8346.150603874,1342.965974,5507,63.906,3.195,1472.980,2803.133,36.375,15,0,0,S (sleeping)
2026-07-31T06:41:41.437375+00:00,8346.651339106,1343.466709,5507,25.962,1.298,1472.980,2803.133,36.375,15,0,0,S (sleeping)
2026-07-31T06:41:41.938114+00:00,8347.152090794,1343.967461,5507,63.904,3.195,1473.027,2803.156,36.375,15,0,4096,S (sleeping)
2026-07-31T06:41:42.438846+00:00,8347.652825549,1344.468195,5507,31.953,1.598,1473.027,2803.156,36.375,15,0,0,S (sleeping)
2026-07-31T06:41:42.939578+00:00,8348.153555691,1344.968926,5507,61.910,3.095,1473.059,2803.172,36.375,15,0,0,S (sleeping)
2026-07-31T06:41:43.440308+00:00,8348.654283492,1345.469653,5507,27.959,1.398,1473.059,2803.172,36.375,15,0,8192,S (sleeping)
2026-07-31T06:41:43.941039+00:00,8349.155020209,1345.970390,5507,61.909,3.095,1473.086,2803.188,36.375,15,0,0,S (sleeping)
2026-07-31T06:41:44.441766+00:00,8349.655745681,1346.471116,5507,27.959,1.398,1473.086,2803.188,36.375,15,0,0,S (sleeping)
2026-07-31T06:41:44.942525+00:00,8350.156492909,1346.971863,5507,61.907,3.095,1473.105,2803.195,36.375,15,0,0,S (sleeping)
2026-07-31T06:41:45.443276+00:00,8350.657251341,1347.472621,5507,29.955,1.498,1473.105,2803.195,36.375,15,0,4096,S (sleeping)
2026-07-31T06:41:45.943999+00:00,8351.157979732,1347.973350,5507,49.927,2.496,1473.105,2803.195,36.375,15,0,0,S (sleeping)
2026-07-31T06:41:46.444753+00:00,8351.658723488,1348.474093,5507,7.988,0.399,1473.105,2803.195,36.375,15,0,0,S (sleeping)
2026-07-31T06:41:46.945475+00:00,8352.159459462,1348.974829,5507,43.935,2.197,1473.105,2803.195,36.375,15,0,0,S (sleeping)
2026-07-31T06:41:47.446211+00:00,8352.660185122,1349.475555,5507,5.991,0.300,1473.105,2803.195,36.375,15,4096,8192,S (sleeping)
2026-07-31T06:41:47.946937+00:00,8353.160919391,1349.976289,5507,39.941,1.997,1473.105,2803.195,36.375,15,0,0,S (sleeping)
2026-07-31T06:41:48.447724+00:00,8353.661677527,1350.477047,5507,5.991,0.300,1473.105,2803.195,36.375,15,0,0,S (sleeping)
2026-07-31T06:41:48.948460+00:00,8354.162434468,1350.977804,5507,39.940,1.997,1473.105,2803.195,36.375,15,0,0,S (sleeping)
2026-07-31T06:41:49.449184+00:00,8354.663163987,1351.478534,5507,7.988,0.399,1473.105,2803.195,36.375,15,0,0,S (sleeping)
2026-07-31T06:41:49.949969+00:00,8355.163902126,1351.979272,5507,35.947,1.797,1473.105,2803.195,36.375,15,0,0,S (sleeping)
2026-07-31T06:41:50.450684+00:00,8355.664668604,1352.480038,5507,7.988,0.399,1473.105,2803.195,36.375,15,0,0,S (sleeping)
2026-07-31T06:41:50.951409+00:00,8356.165386765,1352.980757,5507,37.945,1.897,1473.105,2803.195,36.375,15,0,0,S (sleeping)
2026-07-31T06:41:51.452169+00:00,8356.666135913,1353.481506,5507,5.991,0.300,1473.105,2803.195,36.375,15,0,0,S (sleeping)
2026-07-31T06:41:51.952904+00:00,8357.166881560,1353.982251,5507,39.940,1.997,1473.105,2803.195,36.375,15,0,0,S (sleeping)
2026-07-31T06:41:52.453628+00:00,8357.667606110,1354.482976,5507,5.991,0.300,1473.105,2803.195,36.375,15,0,4096,S (sleeping)
2026-07-31T06:41:52.954371+00:00,8358.168335016,1354.983705,5507,37.945,1.897,1473.105,2803.195,36.375,15,0,0,S (sleeping)
2026-07-31T06:41:53.455097+00:00,8358.669075352,1355.484445,5507,5.991,0.300,1473.105,2803.195,36.375,15,0,0,S (sleeping)
2026-07-31T06:41:53.955828+00:00,8359.169804749,1355.985175,5507,39.942,1.997,1473.105,2803.195,36.375,15,0,0,S (sleeping)
2026-07-31T06:41:54.456561+00:00,8359.670541552,1356.485911,5507,3.994,0.200,1473.105,2803.195,36.375,15,0,0,S (sleeping)
2026-07-31T06:41:54.957301+00:00,8360.171272628,1356.986643,5507,37.945,1.897,1473.105,2803.195,36.375,15,0,0,S (sleeping)
2026-07-31T06:41:55.458100+00:00,8360.672055828,1357.487426,5507,7.987,0.399,1473.105,2803.195,36.375,15,0,0,S (sleeping)
2026-07-31T06:41:55.958888+00:00,8361.172869371,1357.988239,5507,3.994,0.200,1473.105,2803.195,36.375,15,0,0,S (sleeping)
2026-07-31T06:41:56.459622+00:00,8361.673591530,1358.488961,5507,1.997,0.100,1473.105,2803.195,36.375,15,0,0,S (sleeping)
2026-07-31T06:41:56.960357+00:00,8362.174336395,1358.989706,5507,5.991,0.300,1473.105,2803.195,36.375,15,0,0,S (sleeping)
2026-07-31T06:41:57.461128+00:00,8362.675112406,1359.490482,5507,3.994,0.200,1472.652,2802.668,35.922,15,0,0,S (sleeping)
2026-07-31T06:41:57.961862+00:00,8363.175835816,1359.991206,5507,1.997,0.100,1472.652,2802.617,35.922,15,0,0,S (sleeping)
2026-07-31T06:41:58.462603+00:00,8363.676581173,1360.491951,5507,5.991,0.300,1472.652,2802.617,35.922,15,0,0,S (sleeping)
2026-07-31T06:41:58.963404+00:00,8364.177359385,1360.992729,5507,1.997,0.100,1472.652,2802.617,35.922,15,0,0,S (sleeping)
2026-07-31T06:41:59.464266+00:00,8364.678181146,1361.493551,5507,7.987,0.399,1472.652,2802.617,35.922,15,0,0,S (sleeping)
2026-07-31T06:41:59.965046+00:00,8365.179016668,1361.994387,5507,3.993,0.200,1472.652,2802.617,35.922,15,0,0,S (sleeping)
2026-07-31T06:42:00.465808+00:00,8365.679781000,1362.495151,5507,5.991,0.300,1472.652,2802.617,35.922,15,0,0,S (sleeping)
2026-07-31T06:42:00.966671+00:00,8366.180573825,1362.995944,5507,3.994,0.200,1472.652,2802.617,35.922,15,0,0,S (sleeping)
2026-07-31T06:42:01.467458+00:00,8366.681420817,1363.496791,5507,5.990,0.299,1472.652,2802.617,35.922,15,0,0,S (sleeping)
2026-07-31T06:42:01.968294+00:00,8367.182208747,1363.997579,5507,5.991,0.300,1472.652,2802.617,35.922,15,0,0,S (sleeping)
2026-07-31T06:42:02.469089+00:00,8367.683060385,1364.498430,5507,5.990,0.299,1472.652,2802.617,35.922,15,0,0,S (sleeping)
2026-07-31T06:42:02.969879+00:00,8368.183834404,1364.999204,5507,3.994,0.200,1472.652,2802.617,35.922,15,0,0,S (sleeping)
2026-07-31T06:42:03.470717+00:00,8368.684658915,1365.500029,5507,3.993,0.200,1472.652,2802.617,35.922,15,0,0,S (sleeping)
2026-07-31T06:42:03.971503+00:00,8369.185456796,1366.000827,5507,5.990,0.300,1472.652,2802.617,35.922,15,0,0,S (sleeping)
2026-07-31T06:42:04.472300+00:00,8369.686239766,1366.501610,5507,5.991,0.300,1472.652,2802.617,35.922,15,0,0,S (sleeping)
2026-07-31T06:42:04.973119+00:00,8370.187049795,1367.002420,5507,3.994,0.200,1472.652,2802.617,35.922,15,0,0,S (sleeping)
2026-07-31T06:42:05.473996+00:00,8370.687882566,1367.503252,5507,5.990,0.300,1472.652,2802.617,35.922,15,0,0,S (sleeping)
2026-07-31T06:42:05.974769+00:00,8371.188739862,1368.004110,5507,5.990,0.299,1472.652,2802.617,35.922,15,0,0,S (sleeping)
2026-07-31T06:42:06.475551+00:00,8371.689495327,1368.504865,5507,3.994,0.200,1472.652,2802.617,35.922,15,0,0,S (sleeping)
2026-07-31T06:42:06.976306+00:00,8372.190281546,1369.005651,5507,3.994,0.200,1472.652,2802.617,35.922,15,0,0,S (sleeping)
2026-07-31T06:42:07.476300+00:00,8372.691041406,1369.506411,5507,3.994,0.200,1472.652,2802.617,35.922,15,0,0,S (sleeping)
2026-07-31T06:42:07.977093+00:00,8373.191856663,1370.007227,5507,5.990,0.300,1472.652,2802.617,35.922,15,0,0,S (sleeping)
2026-07-31T06:42:08.477957+00:00,8373.692702726,1370.508073,5507,5.990,0.299,1472.652,2802.617,35.922,15,0,0,S (sleeping)
2026-07-31T06:42:08.978701+00:00,8374.193497897,1371.008868,5507,3.994,0.200,1472.652,2802.617,35.922,15,0,0,S (sleeping)
2026-07-31T06:42:09.479487+00:00,8374.694240039,1371.509610,5507,5.991,0.300,1472.652,2802.617,35.922,15,0,0,S (sleeping)
2026-07-31T06:42:09.980261+00:00,8375.195029177,1372.010399,5507,5.991,0.300,1472.652,2802.617,35.922,15,0,0,S (sleeping)
2026-07-31T06:42:10.481076+00:00,8375.695820609,1372.511190,5507,5.991,0.300,1472.652,2802.617,35.922,15,0,0,S (sleeping)
2026-07-31T06:42:10.981926+00:00,8376.196705036,1373.012075,5507,3.993,0.200,1472.652,2802.617,35.922,15,0,0,S (sleeping)
2026-07-31T06:42:11.482684+00:00,8376.697468252,1373.512838,5507,5.991,0.300,1472.652,2802.617,35.922,15,0,0,S (sleeping)
2026-07-31T06:42:11.983474+00:00,8377.198235508,1374.013605,5507,5.991,0.300,1472.652,2802.617,35.922,15,0,0,S (sleeping)
2026-07-31T06:42:12.484236+00:00,8377.699018561,1374.514388,5507,3.994,0.200,1472.652,2802.617,35.922,15,0,0,S (sleeping)
2026-07-31T06:42:12.984990+00:00,8378.199773783,1375.015144,5507,3.994,0.200,1472.652,2802.617,35.922,15,0,0,S (sleeping)
2026-07-31T06:42:13.485747+00:00,8378.700524202,1375.515894,5507,5.991,0.300,1472.652,2802.617,35.922,15,0,0,S (sleeping)
2026-07-31T06:42:13.986492+00:00,8379.201279979,1376.016650,5507,3.994,0.200,1472.652,2802.617,35.922,15,0,0,S (sleeping)
2026-07-31T06:42:14.487233+00:00,8379.702022389,1376.517392,5507,3.994,0.200,1472.652,2802.617,35.922,15,0,0,S (sleeping)
2026-07-31T06:42:14.988102+00:00,8380.202809010,1377.018179,5507,5.991,0.300,1472.652,2802.617,35.922,15,0,0,R (running)
2026-07-31T06:42:15.488919+00:00,8380.703668570,1377.519038,5507,5.990,0.299,1472.652,2802.617,35.922,15,0,0,S (sleeping)
2026-07-31T06:42:15.989675+00:00,8381.204460398,1378.019830,5507,5.991,0.300,1472.652,2802.617,35.922,15,0,0,S (sleeping)
2026-07-31T06:42:16.490043+00:00,8381.704791542,1378.520161,5507,3.997,0.200,1472.652,2802.617,35.922,15,0,0,S (sleeping)
2026-07-31T06:42:16.990848+00:00,8382.205611391,1379.020981,5507,5.990,0.300,1472.652,2802.617,35.922,15,0,0,S (sleeping)
2026-07-31T06:42:17.491719+00:00,8382.706449028,1379.521819,5507,3.993,0.200,1472.652,2802.617,35.922,15,0,0,S (sleeping)
2026-07-31T06:42:17.992101+00:00,8383.206835087,1380.022205,5507,3.997,0.200,1472.652,2802.617,35.922,15,0,0,S (sleeping)
2026-07-31T06:42:18.493061+00:00,8383.707811938,1380.523182,5507,5.988,0.299,1472.652,2802.617,35.922,15,0,0,S (sleeping)
2026-07-31T06:42:18.993981+00:00,8384.208711407,1381.024081,5507,5.989,0.299,1472.652,2802.617,35.922,15,0,0,S (sleeping)
2026-07-31T06:42:19.494738+00:00,8384.709529192,1381.524899,5507,3.993,0.200,1472.652,2802.617,35.922,15,0,0,S (sleeping)
2026-07-31T06:42:19.995571+00:00,8385.210337421,1382.025707,5507,5.990,0.300,1472.652,2802.617,35.922,15,0,0,S (sleeping)
2026-07-31T06:42:20.496329+00:00,8385.711113338,1382.526483,5507,5.991,0.300,1472.652,2802.617,35.922,15,0,0,S (sleeping)
2026-07-31T06:42:20.997174+00:00,8386.211888099,1383.027258,5507,3.994,0.200,1472.652,2802.617,35.922,15,0,0,S (sleeping)
2026-07-31T06:42:21.498016+00:00,8386.712750058,1383.528120,5507,3.993,0.200,1472.652,2802.617,35.922,15,0,0,S (sleeping)
2026-07-31T06:42:21.998897+00:00,8387.213646165,1384.029016,5507,5.989,0.299,1472.652,2802.617,35.922,15,0,0,S (sleeping)
2026-07-31T06:42:22.499706+00:00,8387.714461354,1384.529831,5507,5.990,0.300,1472.652,2802.617,35.922,15,0,0,S (sleeping)
2026-07-31T06:42:23.000510+00:00,8388.215251048,1385.030621,5507,1.997,0.100,1472.652,2802.617,35.922,15,0,0,S (sleeping)
2026-07-31T06:42:23.501349+00:00,8388.716079923,1385.531450,5507,5.990,0.300,1472.652,2802.617,35.922,15,0,0,R (running)
2026-07-31T06:42:24.002126+00:00,8389.216911553,1386.032281,5507,3.993,0.200,1472.652,2802.617,35.922,15,0,0,S (sleeping)
2026-07-31T06:42:24.502911+00:00,8389.717671162,1386.533041,5507,5.991,0.300,1472.652,2802.617,35.922,15,0,0,S (sleeping)
2026-07-31T06:42:25.003792+00:00,8390.218518051,1387.033888,5507,5.990,0.299,1472.652,2802.617,35.922,15,0,0,S (sleeping)
2026-07-31T06:42:25.504609+00:00,8390.719366813,1387.534737,5507,3.993,0.200,1472.652,2802.617,35.922,15,0,0,S (sleeping)
2026-07-31T06:42:26.005416+00:00,8391.220208174,1388.035578,5507,5.990,0.299,1472.652,2802.617,35.922,15,0,0,S (sleeping)
2026-07-31T06:42:26.506169+00:00,8391.720946117,1388.536316,5507,1.997,0.100,1472.652,2802.617,35.922,15,0,0,S (sleeping)
2026-07-31T06:42:27.006992+00:00,8392.221737341,1389.037107,5507,5.991,0.300,1472.652,2802.617,35.922,15,0,0,S (sleeping)
2026-07-31T06:42:27.507762+00:00,8392.722543704,1389.537914,5507,5.990,0.300,1472.652,2802.617,35.922,15,0,0,S (sleeping)
2026-07-31T06:42:28.008619+00:00,8393.223336918,1390.038707,5507,3.994,0.200,1472.652,2802.617,35.922,15,0,0,S (sleeping)
2026-07-31T06:42:28.509386+00:00,8393.724178063,1390.539548,5507,3.993,0.200,1472.652,2802.617,35.922,15,0,0,S (sleeping)
2026-07-31T06:42:29.010228+00:00,8394.224958158,1391.040328,5507,3.994,0.200,1472.652,2802.617,35.922,15,0,0,R (running)
2026-07-31T06:42:29.511018+00:00,8394.725783616,1391.541153,5507,7.987,0.399,1472.652,2802.617,35.922,15,0,0,S (sleeping)
2026-07-31T06:42:30.011795+00:00,8395.226566883,1392.041937,5507,3.994,0.200,1472.652,2802.617,35.922,15,0,0,S (sleeping)
2026-07-31T06:42:30.512565+00:00,8395.727351842,1392.542722,5507,3.994,0.200,1472.652,2802.617,35.922,15,0,0,S (sleeping)
2026-07-31T06:42:31.013388+00:00,8396.228124642,1393.043495,5507,3.994,0.200,1472.652,2802.617,35.922,15,0,0,S (sleeping)
2026-07-31T06:42:31.514397+00:00,8396.729122332,1393.544492,5507,5.988,0.299,1472.652,2802.617,35.922,15,0,0,S (sleeping)
2026-07-31T06:42:32.015161+00:00,8397.229948960,1394.045319,5507,7.987,0.399,1472.652,2802.617,35.922,15,0,0,S (sleeping)
2026-07-31T06:42:32.515971+00:00,8397.730725656,1394.546096,5507,3.994,0.200,1472.652,2802.617,35.922,15,0,0,S (sleeping)
2026-07-31T06:42:33.016791+00:00,8398.231543565,1395.046913,5507,3.993,0.200,1472.652,2802.617,35.922,15,0,0,S (sleeping)
2026-07-31T06:42:33.517595+00:00,8398.732351683,1395.547722,5507,3.994,0.200,1472.652,2802.617,35.922,15,0,0,S (sleeping)
2026-07-31T06:42:34.018570+00:00,8399.233170267,1396.048540,5507,3.993,0.200,1472.652,2802.617,35.922,15,0,0,S (sleeping)
2026-07-31T06:42:34.519419+00:00,8399.734160848,1396.549531,5507,5.988,0.299,1472.652,2802.617,35.922,15,0,0,S (sleeping)
2026-07-31T06:42:35.020274+00:00,8400.235016047,1397.050386,5507,3.993,0.200,1472.652,2802.617,35.922,15,0,0,S (sleeping)
2026-07-31T06:42:35.521077+00:00,8400.735850700,1397.551221,5507,3.993,0.200,1472.652,2802.617,35.922,15,0,0,S (sleeping)
2026-07-31T06:42:36.021956+00:00,8401.236716054,1398.052086,5507,7.986,0.399,1472.652,2802.617,35.922,15,0,0,S (sleeping)
2026-07-31T06:42:36.522740+00:00,8401.737518127,1398.552888,5507,3.994,0.200,1472.652,2802.617,35.922,15,0,0,S (sleeping)
2026-07-31T06:42:37.023580+00:00,8402.238317102,1399.053687,5507,3.994,0.200,1472.652,2802.617,35.922,15,0,0,S (sleeping)
2026-07-31T06:42:37.523539+00:00,8402.739333367,1399.554703,5507,5.988,0.299,1472.652,2802.617,35.922,15,0,0,S (sleeping)
2026-07-31T06:42:38.024458+00:00,8403.240227553,1400.055597,5507,3.993,0.200,1472.652,2802.617,35.922,15,0,0,S (sleeping)
2026-07-31T06:42:38.525286+00:00,8403.741109160,1400.556479,5507,5.989,0.299,1472.652,2802.617,35.922,15,0,0,S (sleeping)
2026-07-31T06:42:39.026142+00:00,8404.241932736,1401.057303,5507,3.993,0.200,1472.652,2802.617,35.922,15,0,0,S (sleeping)
2026-07-31T06:42:39.526988+00:00,8404.742806781,1401.558177,5507,5.990,0.299,1472.652,2802.617,35.922,15,0,0,S (sleeping)
2026-07-31T06:42:40.027777+00:00,8405.243639377,1402.059009,5507,3.993,0.200,1472.652,2802.617,35.922,15,0,0,S (sleeping)
2026-07-31T06:42:40.528628+00:00,8405.744427750,1402.559798,5507,3.994,0.200,1472.652,2802.617,35.922,15,0,0,S (sleeping)
2026-07-31T06:42:41.029507+00:00,8406.245317615,1403.060687,5507,5.989,0.299,1472.652,2802.617,35.922,15,0,0,S (sleeping)
2026-07-31T06:42:41.530314+00:00,8406.746144488,1403.561514,5507,3.993,0.200,1472.652,2802.617,35.922,15,0,0,S (sleeping)
2026-07-31T06:42:42.030712+00:00,8407.246569302,1404.061939,5507,5.995,0.300,1472.652,2802.617,35.922,15,0,0,S (sleeping)
2026-07-31T06:42:42.531475+00:00,8407.747335464,1404.562705,5507,3.994,0.200,1472.652,2802.617,35.922,15,0,0,S (sleeping)
2026-07-31T06:42:43.032252+00:00,8408.248109058,1405.063479,5507,5.991,0.300,1472.652,2802.617,35.922,15,0,0,S (sleeping)
2026-07-31T06:42:43.533043+00:00,8408.748894248,1405.564264,5507,3.994,0.200,1472.652,2802.617,35.922,15,0,0,S (sleeping)
2026-07-31T06:42:44.033895+00:00,8409.249702605,1406.065072,5507,3.994,0.200,1472.652,2802.617,35.922,15,0,0,S (sleeping)
2026-07-31T06:42:44.534720+00:00,8409.750582823,1406.565953,5507,5.989,0.299,1472.652,2802.617,35.922,15,0,0,S (sleeping)
2026-07-31T06:42:45.035473+00:00,8410.251337120,1407.066707,5507,3.994,0.200,1472.652,2802.617,35.922,15,0,0,S (sleeping)
2026-07-31T06:42:45.536272+00:00,8410.752115596,1407.567485,5507,3.994,0.200,1472.652,2802.617,35.922,15,0,0,S (sleeping)
2026-07-31T06:42:46.037236+00:00,8411.253016003,1408.068386,5507,1.996,0.100,1472.652,2802.617,35.922,15,0,0,S (sleeping)
2026-07-31T06:42:46.538310+00:00,8411.753987233,1408.569357,5507,5.988,0.299,1472.652,2802.617,35.922,15,0,0,S (sleeping)
2026-07-31T06:42:47.039189+00:00,8412.255014104,1409.070384,5507,5.988,0.299,1472.652,2802.617,35.922,15,0,0,S (sleeping)
2026-07-31T06:42:47.539626+00:00,8412.755475344,1409.570845,5507,3.996,0.200,1472.652,2802.617,35.922,15,0,0,S (sleeping)
2026-07-31T06:42:48.040372+00:00,8413.256236236,1410.071606,5507,3.994,0.200,1472.652,2802.617,35.922,15,0,0,S (sleeping)
2026-07-31T06:42:48.541160+00:00,8413.757023306,1410.572393,5507,5.991,0.300,1472.652,2802.617,35.922,15,0,0,S (sleeping)
2026-07-31T06:42:49.041961+00:00,8414.257787079,1411.073157,5507,5.991,0.300,1472.652,2802.617,35.922,15,0,0,S (sleeping)
2026-07-31T06:42:49.542734+00:00,8414.758600879,1411.573971,5507,1.997,0.100,1472.652,2802.617,35.922,15,0,0,S (sleeping)
2026-07-31T06:42:50.043626+00:00,8415.259414455,1412.074784,5507,5.990,0.300,1472.652,2802.617,35.922,15,0,0,R (running)
2026-07-31T06:42:50.544448+00:00,8415.760294396,1412.575664,5507,3.993,0.200,1472.652,2802.617,35.922,15,0,0,S (sleeping)
2026-07-31T06:42:51.045236+00:00,8416.261073001,1413.076443,5507,5.991,0.300,1472.652,2802.617,35.922,15,0,0,S (sleeping)
2026-07-31T06:42:51.545981+00:00,8416.761846595,1413.577216,5507,3.994,0.200,1472.652,2802.617,35.922,15,0,0,S (sleeping)
2026-07-31T06:42:52.046385+00:00,8417.262194858,1414.077565,5507,5.996,0.300,1472.652,2802.617,35.922,15,0,0,S (sleeping)
2026-07-31T06:42:52.547158+00:00,8417.763017533,1414.578387,5507,3.993,0.200,1472.652,2802.617,35.922,15,0,0,S (sleeping)
2026-07-31T06:42:53.047580+00:00,8418.263431568,1415.078801,5507,5.995,0.300,1472.652,2802.617,35.922,15,0,0,S (sleeping)
2026-07-31T06:42:53.548450+00:00,8418.764225596,1415.579595,5507,3.994,0.200,1472.652,2802.617,35.922,15,0,0,S (sleeping)
2026-07-31T06:42:54.049293+00:00,8419.265105694,1416.080476,5507,5.989,0.299,1472.652,2802.617,35.922,15,0,0,S (sleeping)
2026-07-31T06:42:54.550079+00:00,8419.765930459,1416.581300,5507,3.993,0.200,1472.652,2802.617,35.922,15,0,0,S (sleeping)
2026-07-31T06:42:55.050927+00:00,8420.266731238,1417.082101,5507,7.987,0.399,1472.652,2802.617,35.922,15,0,0,S (sleeping)
2026-07-31T06:42:55.551805+00:00,8420.767597854,1417.582968,5507,3.993,0.200,1472.652,2802.617,35.922,15,0,0,S (sleeping)
2026-07-31T06:42:56.052641+00:00,8421.268435391,1418.083805,5507,5.990,0.299,1472.652,2802.617,35.922,15,0,0,S (sleeping)
2026-07-31T06:42:56.553457+00:00,8421.769300967,1418.584671,5507,5.990,0.299,1472.652,2802.617,35.922,15,0,0,S (sleeping)
2026-07-31T06:42:57.054263+00:00,8422.270099767,1419.085470,5507,3.994,0.200,1472.652,2802.617,35.922,15,0,0,S (sleeping)
2026-07-31T06:42:57.555025+00:00,8422.770877600,1419.586247,5507,5.991,0.300,1472.652,2802.617,35.922,15,0,0,S (sleeping)
2026-07-31T06:42:58.055789+00:00,8423.271653333,1420.087023,5507,3.994,0.200,1472.652,2802.617,35.922,15,0,0,S (sleeping)
2026-07-31T06:42:58.556583+00:00,8423.772429895,1420.587800,5507,5.991,0.300,1472.652,2802.617,35.922,15,0,0,S (sleeping)
2026-07-31T06:42:59.057423+00:00,8424.273242184,1421.088612,5507,3.994,0.200,1472.652,2802.617,35.922,15,0,0,S (sleeping)
2026-07-31T06:42:59.558248+00:00,8424.774087994,1421.589458,5507,3.993,0.200,1472.652,2802.617,35.922,15,0,0,S (sleeping)
2026-07-31T06:43:00.059039+00:00,8425.274902561,1422.090272,5507,3.993,0.200,1472.652,2802.617,35.922,15,0,0,S (sleeping)
2026-07-31T06:43:00.559801+00:00,8425.775660797,1422.591031,5507,3.994,0.200,1472.652,2802.617,35.922,15,0,0,S (sleeping)
2026-07-31T06:43:01.060582+00:00,8426.276433329,1423.091803,5507,5.991,0.300,1472.652,2802.617,35.922,15,0,0,S (sleeping)
2026-07-31T06:43:01.561381+00:00,8426.777225858,1423.592596,5507,3.994,0.200,1472.652,2802.617,35.922,15,0,0,S (sleeping)
2026-07-31T06:43:02.062148+00:00,8427.277996673,1424.093367,5507,3.994,0.200,1472.652,2802.617,35.922,15,0,0,S (sleeping)
2026-07-31T06:43:02.563014+00:00,8427.778843825,1424.594214,5507,5.990,0.299,1472.652,2802.617,35.922,15,0,0,S (sleeping)
2026-07-31T06:43:03.063874+00:00,8428.279663660,1425.095034,5507,5.990,0.300,1472.652,2802.617,35.922,15,0,0,S (sleeping)
2026-07-31T06:43:03.564641+00:00,8428.780507615,1425.595877,5507,3.993,0.200,1472.652,2802.617,35.922,15,0,0,S (sleeping)
2026-07-31T06:43:04.065387+00:00,8429.281254446,1426.096624,5507,5.991,0.300,1472.652,2802.617,35.922,15,0,0,S (sleeping)
2026-07-31T06:43:04.566133+00:00,8429.781996070,1426.597366,5507,3.994,0.200,1472.652,2802.617,35.922,15,0,0,S (sleeping)
2026-07-31T06:43:05.066892+00:00,8430.282761434,1427.098131,5507,3.994,0.200,1472.652,2802.617,35.922,15,0,0,S (sleeping)
2026-07-31T06:43:05.567688+00:00,8430.783515989,1427.598886,5507,3.994,0.200,1472.652,2802.617,35.922,15,0,0,S (sleeping)
2026-07-31T06:43:06.068544+00:00,8431.284330354,1428.099700,5507,7.987,0.399,1472.652,2802.617,35.922,15,0,0,S (sleeping)
2026-07-31T06:43:06.569703+00:00,8431.785470218,1428.600840,5507,3.991,0.200,1472.652,2802.617,35.922,15,0,0,S (sleeping)
2026-07-31T06:43:07.070186+00:00,8432.286037182,1429.101407,5507,5.993,0.300,1472.652,2802.617,35.922,15,0,0,S (sleeping)
2026-07-31T06:43:07.569426+00:00,8432.786805321,1429.602175,5507,3.994,0.200,1472.652,2802.617,35.922,15,0,0,S (sleeping)
2026-07-31T06:43:08.070257+00:00,8433.287616163,1430.102986,5507,3.994,0.200,1472.652,2802.617,35.922,15,0,0,S (sleeping)
2026-07-31T06:43:08.571021+00:00,8433.788430660,1430.603801,5507,5.990,0.300,1472.652,2802.617,35.922,15,0,0,S (sleeping)
2026-07-31T06:43:09.071902+00:00,8434.289205958,1431.104576,5507,5.991,0.300,1472.652,2802.617,35.922,15,0,0,S (sleeping)
2026-07-31T06:43:09.572832+00:00,8434.790085673,1431.605456,5507,3.993,0.200,1472.652,2802.617,35.922,15,0,0,R (running)
2026-07-31T06:43:10.073605+00:00,8435.290995146,1432.106365,5507,5.989,0.299,1472.652,2802.617,35.922,15,0,0,S (sleeping)
2026-07-31T06:43:10.574357+00:00,8435.791763473,1432.607133,5507,3.994,0.200,1472.652,2802.617,35.922,15,0,0,S (sleeping)
2026-07-31T06:43:11.075183+00:00,8436.292525190,1433.107895,5507,3.994,0.200,1472.652,2802.617,35.922,15,0,0,S (sleeping)
2026-07-31T06:43:11.575977+00:00,8436.793355136,1433.608725,5507,5.990,0.300,1472.652,2802.617,35.922,15,0,0,S (sleeping)
2026-07-31T06:43:12.076785+00:00,8437.294150160,1434.109520,5507,3.994,0.200,1472.652,2802.617,35.922,15,0,0,S (sleeping)
2026-07-31T06:43:12.577896+00:00,8437.795016092,1434.610386,5507,3.993,0.200,1472.652,2802.617,35.922,15,0,0,R (running)
2026-07-31T06:43:13.078665+00:00,8438.296070979,1435.111441,5507,5.987,0.299,1472.652,2802.617,35.922,15,0,0,S (sleeping)
2026-07-31T06:43:13.579445+00:00,8438.796823717,1435.612194,5507,3.994,0.200,1472.652,2802.617,35.922,15,0,0,S (sleeping)
2026-07-31T06:43:14.080245+00:00,8439.297607968,1436.112978,5507,3.994,0.200,1472.652,2802.617,35.922,15,0,0,S (sleeping)
2026-07-31T06:43:14.581037+00:00,8439.798406036,1436.613776,5507,5.990,0.300,1472.652,2802.617,35.922,15,0,0,S (sleeping)
2026-07-31T06:43:15.081851+00:00,8440.299209160,1437.114579,5507,5.990,0.300,1472.652,2802.617,35.922,15,0,0,S (sleeping)
2026-07-31T06:43:15.582957+00:00,8440.800201643,1437.615572,5507,3.992,0.200,1472.652,2802.617,35.922,15,0,0,S (sleeping)
2026-07-31T06:43:16.083790+00:00,8441.301162917,1438.116533,5507,3.992,0.200,1472.652,2802.617,35.922,15,0,0,S (sleeping)
2026-07-31T06:43:16.584545+00:00,8441.801952413,1438.617322,5507,5.991,0.300,1472.652,2802.617,35.922,15,0,0,S (sleeping)
2026-07-31T06:43:17.085325+00:00,8442.302713565,1439.118083,5507,3.994,0.200,1472.652,2802.617,35.922,15,0,0,S (sleeping)
2026-07-31T06:43:17.586109+00:00,8442.803483539,1439.618853,5507,5.991,0.300,1472.652,2802.617,35.922,15,0,0,S (sleeping)
2026-07-31T06:43:18.086868+00:00,8443.304265152,1440.119635,5507,1.997,0.100,1472.652,2802.617,35.922,15,0,0,S (sleeping)
2026-07-31T06:43:18.587707+00:00,8443.805060769,1440.620431,5507,5.990,0.300,1472.652,2802.617,35.922,15,0,0,S (sleeping)
2026-07-31T06:43:19.088521+00:00,8444.305905038,1441.121275,5507,3.993,0.200,1472.652,2802.617,35.922,15,0,0,S (sleeping)
2026-07-31T06:43:19.589335+00:00,8444.806707606,1441.622077,5507,5.990,0.300,1472.652,2802.617,35.922,15,0,0,S (sleeping)
2026-07-31T06:43:20.090123+00:00,8445.307509693,1442.122880,5507,3.994,0.200,1472.652,2802.617,35.922,15,0,0,S (sleeping)
2026-07-31T06:43:20.590916+00:00,8445.808282389,1442.623652,5507,5.991,0.300,1472.652,2802.617,35.922,15,0,0,S (sleeping)
2026-07-31T06:43:21.091673+00:00,8446.309069769,1443.124440,5507,3.994,0.200,1472.652,2802.617,35.922,15,0,0,S (sleeping)
2026-07-31T06:43:21.592490+00:00,8446.809839902,1443.625210,5507,5.991,0.300,1472.652,2802.617,35.922,15,0,0,S (sleeping)
2026-07-31T06:43:22.093294+00:00,8447.310668726,1444.126039,5507,3.993,0.200,1472.652,2802.617,35.922,15,0,0,S (sleeping)
2026-07-31T06:43:22.594076+00:00,8447.811457262,1444.626827,5507,3.994,0.200,1472.652,2802.617,35.922,15,0,0,S (sleeping)
2026-07-31T06:43:23.094838+00:00,8448.312231213,1445.127601,5507,3.994,0.200,1472.652,2802.617,35.922,15,0,0,S (sleeping)
2026-07-31T06:43:23.595599+00:00,8448.812995621,1445.628365,5507,5.991,0.300,1472.652,2802.617,35.922,15,0,0,S (sleeping)
2026-07-31T06:43:24.096370+00:00,8449.313764636,1446.129135,5507,3.994,0.200,1472.652,2802.617,35.922,15,0,0,S (sleeping)
2026-07-31T06:43:24.597164+00:00,8449.814525301,1446.629895,5507,3.994,0.200,1472.652,2802.617,35.922,15,0,0,S (sleeping)
2026-07-31T06:43:25.097988+00:00,8450.315342757,1447.130713,5507,5.990,0.300,1472.652,2802.617,35.922,15,0,0,S (sleeping)
2026-07-31T06:43:25.598408+00:00,8450.815815637,1447.631186,5507,3.996,0.200,1472.652,2802.617,35.922,15,0,0,S (sleeping)
2026-07-31T06:43:26.099253+00:00,8451.316629594,1448.131999,5507,3.993,0.200,1472.652,2802.617,35.922,15,0,0,S (sleeping)
2026-07-31T06:43:26.600052+00:00,8451.817435489,1448.632805,5507,5.990,0.300,1472.652,2802.617,35.922,15,0,0,S (sleeping)
2026-07-31T06:43:27.100825+00:00,8452.318218923,1449.133589,5507,5.991,0.300,1472.652,2802.617,35.922,15,0,0,S (sleeping)
2026-07-31T06:43:27.601372+00:00,8452.818784418,1449.634154,5507,3.995,0.200,1472.652,2802.617,35.922,15,0,0,S (sleeping)
2026-07-31T06:43:28.102120+00:00,8453.319516596,1450.134886,5507,3.994,0.200,1472.652,2802.617,35.922,15,0,0,S (sleeping)
2026-07-31T06:43:28.602941+00:00,8453.820313290,1450.635683,5507,3.994,0.200,1472.652,2802.617,35.922,15,0,0,S (sleeping)
2026-07-31T06:43:29.103760+00:00,8454.321135602,1451.136505,5507,5.990,0.300,1472.652,2802.617,35.922,15,0,0,S (sleeping)
2026-07-31T06:43:29.604557+00:00,8454.821936544,1451.637306,5507,3.994,0.200,1472.652,2802.617,35.922,15,0,0,R (running)
2026-07-31T06:43:30.105313+00:00,8455.322719903,1452.138090,5507,3.994,0.200,1472.652,2802.617,35.922,15,0,0,S (sleeping)
2026-07-31T06:43:30.606043+00:00,8455.823452188,1452.638822,5507,3.994,0.200,1472.652,2802.617,35.922,15,0,0,S (sleeping)
2026-07-31T06:43:31.106814+00:00,8456.324201928,1453.139572,5507,3.994,0.200,1472.652,2802.617,35.922,15,0,0,S (sleeping)
2026-07-31T06:43:31.607623+00:00,8456.824982223,1453.640352,5507,3.994,0.200,1472.652,2802.617,35.922,15,0,0,S (sleeping)
2026-07-31T06:43:32.108414+00:00,8457.325796608,1454.141166,5507,5.990,0.300,1472.652,2802.617,35.922,15,0,0,S (sleeping)
2026-07-31T06:43:32.609274+00:00,8457.826630835,1454.642001,5507,3.993,0.200,1472.652,2802.617,35.922,15,0,0,S (sleeping)
2026-07-31T06:43:33.110035+00:00,8458.327434106,1455.142804,5507,5.990,0.300,1472.652,2802.617,35.922,15,0,0,S (sleeping)
2026-07-31T06:43:33.610680+00:00,8458.828091470,1455.643461,5507,7.989,0.399,1472.652,2802.617,35.922,15,0,0,S (sleeping)
2026-07-31T06:43:34.111478+00:00,8459.328830627,1456.144200,5507,3.994,0.200,1472.652,2802.617,35.922,15,0,0,S (sleeping)
2026-07-31T06:43:34.612352+00:00,8459.829686015,1456.645056,5507,5.990,0.299,1472.652,2802.617,35.922,15,0,0,S (sleeping)
2026-07-31T06:43:35.112713+00:00,8460.330072315,1457.145442,5507,3.997,0.200,1472.652,2802.617,35.922,15,0,0,S (sleeping)
2026-07-31T06:43:35.613555+00:00,8460.830927811,1457.646298,5507,3.993,0.200,1472.652,2802.617,35.922,15,0,0,S (sleeping)
2026-07-31T06:43:36.114368+00:00,8461.331747004,1458.147117,5507,5.990,0.300,1472.652,2802.617,35.922,15,0,0,S (sleeping)
2026-07-31T06:43:36.615163+00:00,8461.832545454,1458.647915,5507,3.994,0.200,1472.652,2802.617,35.922,15,0,0,S (sleeping)
2026-07-31T06:43:37.116040+00:00,8462.333376358,1459.148746,5507,5.990,0.300,1472.652,2802.617,35.922,15,0,0,S (sleeping)
2026-07-31T06:43:37.615740+00:00,8462.834242899,1459.649613,5507,5.990,0.299,1472.652,2802.617,35.922,15,0,0,S (sleeping)
2026-07-31T06:43:38.116499+00:00,8463.335021707,1460.150392,5507,3.994,0.200,1472.652,2802.617,35.922,15,0,0,S (sleeping)
2026-07-31T06:43:38.617459+00:00,8463.835815801,1460.651186,5507,3.994,0.200,1472.652,2802.617,35.922,15,0,0,S (sleeping)
2026-07-31T06:43:39.118309+00:00,8464.336817733,1461.152188,5507,3.992,0.200,1472.652,2802.617,35.922,15,0,0,S (sleeping)
2026-07-31T06:43:39.619085+00:00,8464.837588552,1461.652958,5507,5.991,0.300,1472.652,2802.617,35.922,15,0,0,S (sleeping)
2026-07-31T06:43:40.119840+00:00,8465.338363421,1462.153733,5507,5.991,0.300,1472.652,2802.617,35.922,15,0,0,S (sleeping)
2026-07-31T06:43:40.620654+00:00,8465.839142179,1462.654512,5507,3.994,0.200,1472.652,2802.617,35.922,15,0,0,S (sleeping)
2026-07-31T06:43:41.121494+00:00,8466.339962085,1463.155332,5507,5.990,0.300,1472.652,2802.617,35.922,15,0,0,S (sleeping)
2026-07-31T06:43:41.622385+00:00,8466.840862644,1463.656233,5507,5.989,0.299,1472.652,2802.617,35.922,15,0,0,S (sleeping)
2026-07-31T06:43:42.123231+00:00,8467.341720412,1464.157090,5507,3.993,0.200,1472.652,2802.617,35.922,15,0,0,S (sleeping)
2026-07-31T06:43:42.623989+00:00,8467.842522757,1464.657893,5507,3.994,0.200,1472.652,2802.617,35.922,15,0,0,S (sleeping)
2026-07-31T06:43:43.124770+00:00,8468.343289458,1465.158659,5507,5.991,0.300,1472.652,2802.617,35.922,15,0,0,S (sleeping)
2026-07-31T06:43:43.625617+00:00,8468.844101571,1465.659471,5507,3.994,0.200,1472.652,2802.617,35.922,15,0,0,S (sleeping)
2026-07-31T06:43:44.126418+00:00,8469.344919799,1466.160290,5507,3.993,0.200,1472.652,2802.617,35.922,15,0,0,S (sleeping)
2026-07-31T06:43:44.627271+00:00,8469.845717939,1466.661088,5507,3.994,0.200,1472.652,2802.617,35.922,15,0,0,S (sleeping)
2026-07-31T06:43:45.128124+00:00,8470.346613395,1467.161983,5507,5.989,0.299,1472.652,2802.617,35.922,15,0,0,S (sleeping)
2026-07-31T06:43:45.628936+00:00,8470.847425824,1467.662796,5507,3.994,0.200,1472.652,2802.617,35.922,15,0,0,S (sleeping)
2026-07-31T06:43:46.129715+00:00,8471.348230859,1468.163601,5507,5.990,0.300,1472.652,2802.617,35.922,15,0,0,S (sleeping)
2026-07-31T06:43:46.630568+00:00,8471.849050321,1468.664420,5507,3.993,0.200,1472.652,2802.617,35.922,15,0,0,S (sleeping)
2026-07-31T06:43:47.131392+00:00,8472.349875131,1469.165245,5507,7.987,0.399,1472.652,2802.617,35.922,15,0,0,S (sleeping)
2026-07-31T06:43:47.632231+00:00,8472.850707668,1469.666078,5507,1.997,0.100,1472.652,2802.617,35.922,15,0,0,S (sleeping)
2026-07-31T06:43:48.133166+00:00,8473.351605755,1470.166976,5507,5.989,0.299,1472.652,2802.617,35.922,15,0,0,S (sleeping)
2026-07-31T06:43:48.633988+00:00,8473.852491693,1470.667862,5507,3.993,0.200,1472.652,2802.617,35.922,15,0,0,S (sleeping)
2026-07-31T06:43:49.134794+00:00,8474.353327294,1471.168697,5507,5.990,0.299,1472.652,2802.617,35.922,15,0,0,S (sleeping)
2026-07-31T06:43:49.635549+00:00,8474.854066021,1471.669436,5507,3.994,0.200,1472.652,2802.617,35.922,15,0,0,S (sleeping)
2026-07-31T06:43:50.136341+00:00,8475.354850378,1472.170220,5507,3.994,0.200,1472.652,2802.617,35.922,15,0,0,S (sleeping)
2026-07-31T06:43:50.637119+00:00,8475.855626827,1472.670997,5507,5.991,0.300,1472.652,2802.617,35.922,15,0,0,S (sleeping)
2026-07-31T06:43:51.137939+00:00,8476.356441179,1473.171811,5507,5.990,0.300,1472.652,2802.617,35.922,15,0,0,S (sleeping)
2026-07-31T06:43:51.638732+00:00,8476.857238448,1473.672608,5507,3.994,0.200,1472.652,2802.617,35.922,15,0,0,S (sleeping)
2026-07-31T06:43:52.139504+00:00,8477.358021954,1474.173392,5507,3.994,0.200,1472.652,2802.617,35.922,15,0,0,S (sleeping)
2026-07-31T06:43:52.640272+00:00,8477.858789896,1474.674160,5507,1.997,0.100,1472.652,2802.617,35.922,15,0,0,S (sleeping)
2026-07-31T06:43:53.141022+00:00,8478.359558443,1475.174928,5507,5.991,0.300,1472.652,2802.617,35.922,15,0,0,S (sleeping)
2026-07-31T06:43:53.641772+00:00,8478.860304531,1475.675674,5507,5.991,0.300,1472.652,2802.617,35.922,15,0,0,S (sleeping)
2026-07-31T06:43:54.142517+00:00,8479.361049331,1476.176419,5507,3.994,0.200,1472.652,2802.617,35.922,15,0,0,S (sleeping)
2026-07-31T06:43:54.643362+00:00,8479.861847299,1476.677217,5507,3.994,0.200,1472.652,2802.617,35.922,15,0,0,S (sleeping)
2026-07-31T06:43:55.144165+00:00,8480.362676876,1477.178047,5507,3.993,0.200,1472.652,2802.617,35.922,15,0,0,S (sleeping)
2026-07-31T06:43:55.644929+00:00,8480.863449642,1477.678820,5507,5.991,0.300,1472.652,2802.617,35.922,15,0,0,S (sleeping)
2026-07-31T06:43:56.145726+00:00,8481.364222655,1478.179593,5507,1.997,0.100,1472.652,2802.617,35.922,15,0,0,S (sleeping)
2026-07-31T06:43:56.646504+00:00,8481.865013047,1478.680383,5507,5.991,0.300,1472.809,2803.195,36.078,15,0,0,S (sleeping)
2026-07-31T06:43:57.146808+00:00,8482.365343280,1479.180713,5507,75.950,3.797,1474.492,2803.195,37.762,15,2154496,275279872,S (sleeping)
