timestamp_utc,timestamp_monotonic,elapsed_sec,latest_lidar_stamp,latest_odom_stamp,latest_clock_stamp,sensor_backlog_sec,clock_lag_sec,odom_message_count,lidar_message_count
2026-07-31T12:17:07.440942+00:00,12246.861529568,0.515098,,,,,,0,0
2026-07-31T12:17:07.940896+00:00,12247.361483538,1.015052,,,,,,0,0
2026-07-31T12:17:08.440888+00:00,12247.861476304,1.515045,,,,,,0,0
2026-07-31T12:17:08.941436+00:00,12248.362015867,2.015585,,,,,,0,0
2026-07-31T12:17:09.440889+00:00,12248.861477504,2.515046,,,,,,0,0
2026-07-31T12:17:09.940869+00:00,12249.361456449,3.015025,,,1658137027.9202201,,,0,0
2026-07-31T12:17:10.440885+00:00,12249.861472973,3.515042,,,1658137028.4202347,,,0,0
2026-07-31T12:17:10.940901+00:00,12250.361489314,4.015058,,,1658137028.9202516,,,0,0
2026-07-31T12:17:11.440893+00:00,12250.861480896,4.515050,,,1658137029.4202936,,,0,0
2026-07-31T12:17:11.940912+00:00,12251.361499988,5.015069,,,1658137029.920334,,,0,0
2026-07-31T12:17:12.440931+00:00,12251.861518090,5.515087,,,1658137030.4203465,,,0,0
2026-07-31T12:17:12.940904+00:00,12252.361491238,6.015060,,,1658137030.9203637,,,0,0
2026-07-31T12:17:13.440888+00:00,12252.861475882,6.515045,,,1658137031.4203975,,,0,0
2026-07-31T12:17:13.940897+00:00,12253.361484110,7.015053,,,1658137031.9204428,,,0,0
2026-07-31T12:17:14.440886+00:00,12253.861473532,7.515042,,,1658137032.420427,,,0,0
2026-07-31T12:17:15.053262+00:00,12254.473849577,8.127418,1658137027.6249104,,1658137027.8130853,,,0,1
2026-07-31T12:17:15.530031+00:00,12254.950618317,8.604187,1658137028.02475,,1658137027.9630842,,,0,4
2026-07-31T12:17:15.991910+00:00,12255.412497686,9.066066,1658137028.3247216,,1658137028.4380808,,,0,7
2026-07-31T12:17:16.445845+00:00,12255.866434195,9.520003,1658137028.8249261,,1658137028.9131155,,,0,10
2026-07-31T12:17:17.067389+00:00,12256.487976945,10.141546,1658137029.2247503,,1658137029.513137,,,0,14
2026-07-31T12:17:17.527573+00:00,12256.948160979,10.601730,1658137029.7247477,,1658137029.9881396,,,0,17
2026-07-31T12:17:17.985601+00:00,12257.406188473,11.059757,1658137030.0247653,,1658137030.4381802,,,0,20
2026-07-31T12:17:18.442529+00:00,12257.863116837,11.516685,1658137030.4249237,,1658137030.888183,,,0,23
2026-07-31T12:17:19.058121+00:00,12258.478709227,12.132278,1658137030.9247606,,1658137031.5132072,,,0,27
2026-07-31T12:17:19.517593+00:00,12258.938181352,12.591750,1658137031.2247653,,1658137031.9632223,,,0,30
2026-07-31T12:17:19.974124+00:00,12259.394711467,13.048280,1658137031.7248912,,1658137032.438247,,,0,33
2026-07-31T12:17:20.588986+00:00,12260.009573124,13.663142,1658137032.1248643,,1658137033.0382636,,,0,37
2026-07-31T12:17:21.047530+00:00,12260.468118148,14.121687,1658137032.5247438,,1658137033.5133,,,0,40
2026-07-31T12:17:21.512620+00:00,12260.933208617,14.586777,1658137032.92483,,1658137033.9633007,,,0,43
2026-07-31T12:17:21.963285+00:00,12261.383872796,15.037441,1658137033.3248124,,1658137034.4133253,,,0,46
2026-07-31T12:17:22.569972+00:00,12261.990560007,15.644129,1658137033.9247613,,1658137035.0133388,,,0,50
2026-07-31T12:17:23.030383+00:00,12262.450971433,16.104540,1658137034.4247053,,1658137035.4883614,,,0,53
2026-07-31T12:17:23.487588+00:00,12262.908176047,16.561745,1658137034.8248394,,1658137035.9383824,,,0,56
2026-07-31T12:17:23.942532+00:00,12263.363119989,17.016689,1658137035.5248456,,1658137036.3883896,,,0,59
2026-07-31T12:17:24.549950+00:00,12263.970537796,17.624106,1658137035.9248335,,1658137037.0134163,,,0,63
2026-07-31T12:17:25.007119+00:00,12264.427707284,18.081276,1658137036.424735,,1658137037.4634383,,,0,66
2026-07-31T12:17:25.471685+00:00,12264.892273125,18.545842,1658137036.7247603,,1658137037.938459,,,0,69
2026-07-31T12:17:26.078424+00:00,12265.499011116,19.152580,1658137037.2248166,1658137038.7248368,1658137038.5384834,-1.5000202655792236,-0.18635344505310059,1,73
2026-07-31T12:17:26.536252+00:00,12265.956839969,19.610409,1658137037.724704,1658137039.0248413,1658137038.988515,-1.3001372814178467,-0.03632640838623047,4,76
2026-07-31T12:17:26.981581+00:00,12266.402167422,20.055736,1658137038.124919,1658137039.3248525,1658137039.4385154,-1.1999335289001465,0.1136629581451416,7,79
2026-07-31T12:17:27.441782+00:00,12266.862369652,20.515938,1658137038.7248406,1658137039.623708,1658137039.8885324,-0.8988673686981201,0.26482439041137695,10,82
2026-07-31T12:17:28.046360+00:00,12267.466948685,21.120517,1658137039.4248247,1658137040.023597,1658137040.5135458,-0.5987722873687744,0.48994874954223633,14,86
2026-07-31T12:17:28.504396+00:00,12267.924982914,21.578552,1658137039.7248366,1658137040.3082232,1658137040.9635806,-0.5833866596221924,0.6553573608398438,17,89
2026-07-31T12:17:28.955235+00:00,12268.375822428,22.029391,1658137040.0248442,1658137040.6048565,1658137041.4135854,-0.580012321472168,0.8087289333343506,20,92
2026-07-31T12:17:29.561216+00:00,12268.981803874,22.635373,1658137040.8247697,1658137041.0247107,1658137042.0136058,-0.19994091987609863,0.9888951778411865,24,96
2026-07-31T12:17:30.015374+00:00,12269.435962079,23.089531,1658137041.2247727,1658137041.319081,1658137042.4636402,-0.09430837631225586,1.1445591449737549,27,99
2026-07-31T12:17:30.462678+00:00,12269.883265804,23.536834,1658137041.724768,1658137041.6241436,1658137042.9136565,0.10062432289123535,1.2895128726959229,30,102
2026-07-31T12:17:31.076932+00:00,12270.497520143,24.151089,1658137042.12476,1658137042.024931,1658137043.5386693,0.09982895851135254,1.5137383937835693,34,106
2026-07-31T12:17:31.542555+00:00,12270.963143497,24.616712,1658137042.5248146,1658137042.4218223,1658137043.9886992,0.10299229621887207,1.5668768882751465,37,109
2026-07-31T12:17:31.984680+00:00,12271.405268183,25.058837,1658137042.8248549,1658137042.8196056,1658137044.4387367,0.0052492618560791016,1.619131088256836,40,112
2026-07-31T12:17:32.592434+00:00,12272.013021919,25.666591,1658137043.3248973,1658137043.4247346,1658137045.0387464,-0.0998373031616211,1.6140117645263672,44,116
2026-07-31T12:17:33.042153+00:00,12272.462740943,26.116310,1658137043.824754,1658137043.9223895,1658137045.4887567,-0.09763550758361816,1.5663671493530273,47,119
2026-07-31T12:17:33.504183+00:00,12272.925717545,26.579286,1658137044.1247544,1658137044.3247185,1658137045.9637742,-0.19996404647827148,1.6390557289123535,50,122
2026-07-31T12:17:33.958627+00:00,12273.380161707,27.033730,1658137044.42481,1658137044.8240688,1658137046.4138427,-0.3992588520050049,1.5897738933563232,53,125
2026-07-31T12:17:34.567074+00:00,12273.988606114,27.642175,1658137045.0248423,1658137045.4098122,1658137047.0138056,-0.38496994972229004,1.6039934158325195,57,129
2026-07-31T12:17:35.018410+00:00,12274.439945514,28.093514,1658137045.6248252,1658137045.9244628,1658137047.4638913,-0.2996375560760498,1.539428472518921,60,132
2026-07-31T12:17:35.471046+00:00,12274.892581188,28.546150,1658137045.9248543,1658137046.3248975,1658137047.9388392,-0.400043249130249,1.6139416694641113,63,135
2026-07-31T12:17:36.067665+00:00,12275.489199590,29.142768,1658137046.5248263,1658137046.9248018,1658137048.513883,-0.3999755382537842,1.5890812873840332,67,139
2026-07-31T12:17:36.517833+00:00,12275.939368366,29.592937,1658137046.9248059,1658137047.4231832,1658137048.963893,-0.49837732315063477,1.5407097339630127,70,142
2026-07-31T12:17:36.979916+00:00,12276.401452260,30.055021,1658137047.2248235,1658137047.8222144,1658137049.4389026,-0.59739089012146,1.6166882514953613,73,145
2026-07-31T12:17:37.586641+00:00,12277.008176781,30.661745,1658137047.824702,1658137048.4248168,1658137050.038934,-0.6001148223876953,1.61411714553833,77,149
2026-07-31T12:17:38.040785+00:00,12277.462320619,31.115889,1658137048.1248622,1658137048.9248986,1658137050.4889722,-0.8000364303588867,1.5640735626220703,80,152
2026-07-31T12:17:38.492224+00:00,12277.913758474,31.567327,1658137048.5249174,1658137049.3242424,1658137050.9389682,-0.7993249893188477,1.6147258281707764,83,155
2026-07-31T12:17:38.949356+00:00,12278.370891224,32.024460,1658137049.024749,1658137049.8248765,1658137051.4139748,-0.8001275062561035,1.5890982151031494,86,158
2026-07-31T12:17:39.551012+00:00,12278.972547470,32.626116,1658137049.5247724,1658137050.41861,1658137052.0140052,-0.8938376903533936,1.5953950881958008,90,162
2026-07-31T12:17:39.997636+00:00,12279.419169551,33.072738,1658137050.0249252,1658137050.8217773,1658137052.464035,-0.7968521118164062,1.6422576904296875,93,165
2026-07-31T12:17:40.453327+00:00,12279.874863311,33.528432,1658137050.5247686,1658137051.3248663,1658137052.9140306,-0.8000977039337158,1.5891642570495605,96,168
2026-07-31T12:17:41.053251+00:00,12280.474786636,34.128355,1658137051.0248137,1658137051.9240067,1658137053.5140603,-0.8991930484771729,1.5900535583496094,100,172
2026-07-31T12:17:41.515763+00:00,12280.937299285,34.590868,1658137051.6247635,1658137052.424901,1658137053.964086,-0.8001375198364258,1.5391850471496582,103,175
2026-07-31T12:17:41.976452+00:00,12281.397987854,35.051556,1658137052.3248193,1658137052.8132913,1658137054.439108,-0.48847198486328125,1.6258165836334229,106,178
2026-07-31T12:17:42.581326+00:00,12282.002861077,35.656430,1658137052.9248285,1658137053.4186208,1658137055.039146,-0.4937922954559326,1.6205251216888428,110,182
2026-07-31T12:17:43.029353+00:00,12282.450888500,36.104457,1658137053.4249144,1658137053.9153697,1658137055.4891531,-0.49045538902282715,1.5737833976745605,113,185
2026-07-31T12:17:43.488319+00:00,12282.909854606,36.563423,1658137054.1247,1658137054.323618,1658137055.9391587,-0.19891786575317383,1.6155407428741455,116,188
2026-07-31T12:17:44.085119+00:00,12283.506654427,37.160223,1658137054.7247434,1658137054.9233704,1658137056.539193,-0.19862699508666992,1.6158225536346436,120,192
2026-07-31T12:17:44.533022+00:00,12283.954556785,37.608125,1658137055.024769,1658137055.4163184,1658137056.9892044,-0.39154934883117676,1.5728859901428223,123,195
2026-07-31T12:17:44.990543+00:00,12284.412077832,38.065646,1658137055.324909,1658137055.8237214,1658137057.4392185,-0.4988124370574951,1.61549711227417,126,198
2026-07-31T12:17:45.590354+00:00,12285.011889534,38.665458,1658137055.7247524,1658137056.4245865,1658137058.0392356,-0.6998341083526611,1.6146490573883057,130,202
2026-07-31T12:17:46.039483+00:00,12285.461017655,39.114586,1658137056.0247674,1658137056.9241667,1658137058.4892626,-0.8993992805480957,1.5650959014892578,133,205
2026-07-31T12:17:46.487605+00:00,12285.909141093,39.562710,1658137056.5248315,1658137057.3247488,1658137058.9392953,-0.7999172210693359,1.614546537399292,136,208
2026-07-31T12:17:46.948810+00:00,12286.370345528,40.023914,1658137057.2248557,1658137057.824671,1658137059.414297,-0.5998153686523438,1.5896260738372803,139,211
2026-07-31T12:17:47.612809+00:00,12287.034344227,40.687913,1658137057.9248526,1658137058.5217297,1658137060.064329,-0.5968770980834961,1.5425992012023926,143,215
2026-07-31T12:17:47.999885+00:00,12287.421421334,41.074990,1658137058.424898,1658137058.8247464,1658137060.4643369,-0.39984846115112305,1.6395905017852783,145,217
2026-07-31T12:17:48.505727+00:00,12287.927262861,41.580832,1658137058.9248548,1658137059.3247514,1658137060.9643614,-0.39989662170410156,1.6396100521087646,148,220
2026-07-31T12:17:48.957844+00:00,12288.379379240,42.032948,1658137059.3248346,1658137059.8245442,1658137061.4144244,-0.4997096061706543,1.5898802280426025,151,223
2026-07-31T12:17:49.558376+00:00,12288.979910387,42.633479,1658137059.824823,1658137060.4247136,1658137062.014393,-0.5998907089233398,1.589679479598999,155,227
2026-07-31T12:17:50.018326+00:00,12289.439861335,43.093430,1658137060.3248682,1658137060.9249082,1658137062.4644923,-0.6000399589538574,1.5395841598510742,158,230
2026-07-31T12:17:50.473084+00:00,12289.894618910,43.548188,1658137060.8248081,1658137061.3226097,1658137062.9394557,-0.4978015422821045,1.6168460845947266,161,233
2026-07-31T12:17:51.065465+00:00,12290.487000336,44.140569,1658137061.3248937,1658137061.923822,1658137063.5144496,-0.5989282131195068,1.590627670288086,165,237
2026-07-31T12:17:51.503819+00:00,12290.925354219,44.578923,1658137061.924733,1658137062.424602,1658137063.9644916,-0.49986910820007324,1.5398895740509033,168,240
2026-07-31T12:17:51.950137+00:00,12291.371672269,45.025241,1658137062.4248276,1658137062.8248606,1658137064.4144995,-0.40003299713134766,1.5896389484405518,171,243
2026-07-31T12:17:52.547775+00:00,12291.969311182,45.622880,1658137063.0248559,1658137063.4248893,1658137065.0145156,-0.40003347396850586,1.5896263122558594,175,247
2026-07-31T12:17:52.994679+00:00,12292.416214480,46.069783,1658137063.3248115,1658137063.8247573,1658137065.439538,-0.49994587898254395,1.6147806644439697,178,250
2026-07-31T12:17:53.446975+00:00,12292.868510463,46.522079,1658137063.724912,1658137064.3248756,1658137065.9146097,-0.5999636650085449,1.5897340774536133,181,253
2026-07-31T12:17:54.045709+00:00,12293.467244032,47.120813,1658137064.1249185,1658137064.9248762,1658137066.514577,-0.7999577522277832,1.589700698852539,185,257
2026-07-31T12:17:54.498223+00:00,12293.919757884,47.573327,1658137064.624887,1658137065.324745,1658137066.9646053,-0.6998579502105713,1.6398603916168213,188,260
2026-07-31T12:17:54.945508+00:00,12294.367043308,48.020612,1658137064.9249012,1658137065.8234744,1658137067.4146187,-0.8985731601715088,1.591144323348999,191,263
2026-07-31T12:17:55.541913+00:00,12294.963448251,48.617017,1658137065.8249013,1658137066.4230723,1658137067.9896443,-0.5981709957122803,1.5665719509124756,195,267
2026-07-31T12:17:55.994351+00:00,12295.415885347,49.069454,1658137066.2247596,1658137066.8240051,1658137068.4396603,-0.599245548248291,1.6156551837921143,198,270
2026-07-31T12:17:56.447195+00:00,12295.868729738,49.522298,1658137066.7249136,1658137067.324069,1658137068.9146838,-0.5991554260253906,1.5906147956848145,201,273
2026-07-31T12:17:57.052261+00:00,12296.473796411,50.127365,1658137067.32488,1658137067.924172,1658137069.5146945,-0.5992920398712158,1.5905225276947021,205,277
2026-07-31T12:17:57.497447+00:00,12296.918982628,50.572551,1658137067.7247515,1658137068.3240533,1658137069.9647908,-0.599301815032959,1.640737533569336,208,280
2026-07-31T12:17:57.944957+00:00,12297.366477536,51.020046,1658137068.1247647,1658137068.8248553,1658137070.38973,-0.7000906467437744,1.5648746490478516,211,283
2026-07-31T12:17:58.546001+00:00,12297.967536555,51.621105,1658137068.7247684,1658137069.4249225,1658137071.0147629,-0.7001540660858154,1.5898404121398926,215,287
2026-07-31T12:17:58.995986+00:00,12298.417522141,52.071091,1658137069.0248992,1658137069.8246298,1658137071.4647856,-0.7997305393218994,1.6401557922363281,218,290
2026-07-31T12:17:59.444006+00:00,12298.865541140,52.519110,1658137069.5247622,1658137070.3228576,1658137071.889804,-0.7980954647064209,1.566946268081665,221,293
2026-07-31T12:18:00.049004+00:00,12299.470540242,53.124109,1658137070.12479,1658137070.9248514,1658137072.5148172,-0.8000614643096924,1.5899658203125,225,297
2026-07-31T12:18:00.503930+00:00,12299.925466240,53.579035,1658137070.4249089,1658137071.424206,1658137072.9648519,-0.9992971420288086,1.5406458377838135,228,300
2026-07-31T12:18:00.947960+00:00,12300.369495451,54.023064,1658137070.9248555,1658137071.8227432,1658137073.4148483,-0.8978877067565918,1.5921051502227783,231,303
2026-07-31T12:18:01.547667+00:00,12300.969202951,54.622772,1658137071.7247448,1658137072.4248059,1658137074.014884,-0.7000610828399658,1.5900781154632568,235,307
2026-07-31T12:18:01.995678+00:00,12301.417213743,55.070782,1658137072.3247175,1658137072.8231678,1658137074.4649081,-0.49845027923583984,1.641740322113037,238,310
2026-07-31T12:18:02.443481+00:00,12301.865016203,55.518585,1658137072.624742,1658137073.3203223,1658137074.8899155,-0.695580244064331,1.5695931911468506,241,313
2026-07-31T12:18:03.034752+00:00,12302.456287012,56.109856,1658137073.2248962,1658137073.9247327,1658137075.4899356,-0.6998364925384521,1.5652029514312744,245,317
2026-07-31T12:18:03.479243+00:00,12302.901874022,56.555443,1658137073.8248954,1658137074.322608,1658137075.9399595,-0.4977126121520996,1.6173515319824219,248,320
2026-07-31T12:18:04.069932+00:00,12303.492562772,57.146131,1658137074.324881,1658137074.9247637,1658137076.5399792,-0.5998826026916504,1.615215539932251,252,324
2026-07-31T12:18:04.542125+00:00,12303.964756291,57.618325,1658137074.8249362,1658137075.4247189,1658137076.9899998,-0.5997827053070068,1.5652809143066406,255,327
2026-07-31T12:18:05.062158+00:00,12304.484788793,58.138357,1658137075.3249097,1658137075.921195,1658137077.5150163,-0.596285343170166,1.5938212871551514,258,330
2026-07-31T12:18:05.512021+00:00,12304.934652317,58.588221,1658137075.8247595,1658137076.4248078,1658137077.9650462,-0.600048303604126,1.540238380432129,261,333
2026-07-31T12:18:05.960109+00:00,12305.382739730,59.036308,1658137076.324845,1658137076.8249269,1658137078.415074,-0.5000817775726318,1.5901472568511963,264,336
2026-07-31T12:18:06.573061+00:00,12305.995691502,59.649260,1658137076.9247777,1658137077.4240408,1658137079.0400782,-0.49926304817199707,1.616037368774414,268,340
2026-07-31T12:18:07.025687+00:00,12306.448318065,60.101887,1658137077.2248921,1658137077.8247726,1658137079.490102,-0.5998804569244385,1.6653294563293457,271,343
2026-07-31T12:18:07.470286+00:00,12306.892917764,60.546486,1658137077.6249187,1658137078.3248787,1658137079.9401116,-0.6999599933624268,1.6152329444885254,274,346
2026-07-31T12:18:08.066078+00:00,12307.488708865,61.142278,1658137078.3248825,1658137078.924908,1658137080.515133,-0.6000254154205322,1.5902249813079834,278,350
2026-07-31T12:18:08.517036+00:00,12307.939666784,61.593235,1658137078.6249003,1658137079.4242625,1658137080.9652064,-0.7993621826171875,1.5409438610076904,281,353
2026-07-31T12:18:08.959494+00:00,12308.382124702,62.035693,1658137079.22481,1658137079.8243973,1658137081.4151587,-0.5995874404907227,1.590761423110962,284,356
2026-07-31T12:18:09.554281+00:00,12308.976911906,62.630481,1658137079.8248222,1658137080.4244502,1658137082.0152116,-0.5996279716491699,1.590761423110962,288,360
2026-07-31T12:18:10.000996+00:00,12309.423626144,63.077195,1658137080.324759,1658137080.8248346,1658137082.4652157,-0.5000755786895752,1.640381097793579,291,363
2026-07-31T12:18:10.452519+00:00,12309.875150538,63.528719,1658137080.6249082,1658137081.3247347,1658137082.9152272,-0.6998264789581299,1.5904924869537354,294,366
2026-07-31T12:18:11.047190+00:00,12310.469820332,64.123389,1658137081.1247315,1658137081.9236126,1658137083.5152454,-0.7988810539245605,1.5916328430175781,298,370
2026-07-31T12:18:11.493776+00:00,12310.916405903,64.569975,1658137081.524812,1658137082.3247302,1658137083.9402754,-0.7999181747436523,1.6155452728271484,301,373
2026-07-31T12:18:11.942896+00:00,12311.365527195,65.019096,1658137081.9249194,1658137082.8248174,1658137084.390292,-0.8998980522155762,1.565474510192871,304,376
2026-07-31T12:18:12.548747+00:00,12311.971377202,65.624946,1658137082.32478,1658137083.4242237,1658137085.0153143,-1.0994436740875244,1.5910906791687012,308,380
2026-07-31T12:18:12.989644+00:00,12312.412274713,66.065843,1658137082.8248465,1658137083.8241153,1658137085.4403217,-0.9992687702178955,1.616206407546997,311,383
2026-07-31T12:18:13.583044+00:00,12313.005675029,66.659244,1658137083.6247134,1658137084.4247751,1658137086.0403576,-0.8000617027282715,1.6155824661254883,315,387
2026-07-31T12:18:14.028989+00:00,12313.451618926,67.105188,1658137084.324932,1658137084.8249047,1658137086.4903746,-0.4999725818634033,1.6654698848724365,318,390
2026-07-31T12:18:14.484479+00:00,12313.907109889,67.560679,1658137084.924753,1658137085.324787,1658137086.94039,-0.40003395080566406,1.6156032085418701,321,393
2026-07-31T12:18:15.078000+00:00,12314.500630762,68.154199,1658137085.524714,1658137085.9243977,1658137087.5404155,-0.39968371391296387,1.6160178184509277,325,397
2026-07-31T12:18:15.523850+00:00,12314.946481927,68.600051,1658137085.8248544,1658137086.3243625,1658137087.9904456,-0.4995081424713135,1.6660830974578857,328,400
2026-07-31T12:18:15.970614+00:00,12315.393245165,69.046814,1658137086.1247656,1658137086.8249059,1658137088.4404466,-0.7001402378082275,1.6155407428741455,331,403
2026-07-31T12:18:16.567798+00:00,12315.990429012,69.643998,1658137086.624839,1658137087.4240975,1658137089.0154643,-0.7992584705352783,1.5913667678833008,335,407
2026-07-31T12:18:17.013357+00:00,12316.435988749,70.089557,1658137087.0248518,1658137087.8248105,1658137089.4654877,-0.7999587059020996,1.6406772136688232,338,410
2026-07-31T12:18:17.456485+00:00,12316.879115724,70.532684,1658137087.324884,1658137088.3248198,1658137089.9155698,-0.9999358654022217,1.590749979019165,341,413
2026-07-31T12:18:18.057728+00:00,12317.480358516,71.133927,1658137088.0247514,1658137088.9244199,1658137090.5155268,-0.8996684551239014,1.59110689163208,345,417
2026-07-31T12:18:18.518625+00:00,12317.941255589,71.594824,1658137088.5247457,1658137089.4238307,1658137090.965551,-0.8990850448608398,1.5417201519012451,348,420
2026-07-31T12:18:19.031865+00:00,12318.454495706,72.108064,1658137089.2247524,1658137089.8249264,1658137091.4905775,-0.6001739501953125,1.6656510829925537,351,423
2026-07-31T12:18:19.501805+00:00,12318.924436940,72.578006,1658137089.624886,1658137090.324794,1658137091.9655843,-0.6999080181121826,1.6407902240753174,354,426
2026-07-31T12:18:19.950057+00:00,12319.372688034,73.026257,1658137090.3248444,1658137090.8243773,1658137092.415607,-0.49953293800354004,1.5912296772003174,357,429
2026-07-31T12:18:20.552625+00:00,12319.975256593,73.628825,1658137090.9248588,1658137091.4246864,1658137093.015634,-0.49982762336730957,1.5909476280212402,361,433
2026-07-31T12:18:21.001714+00:00,12320.424345025,74.077914,1658137091.3249133,1658137091.8247228,1658137093.4656444,-0.49980950355529785,1.6409215927124023,364,436
2026-07-31T12:18:21.451991+00:00,12320.874622243,74.528191,1658137091.7249064,1658137092.3245583,1658137093.9156687,-0.5996518135070801,1.5911104679107666,367,439
2026-07-31T12:18:22.049918+00:00,12321.472549067,75.126118,1658137092.3247623,1658137092.9245274,1658137094.5156868,-0.5997650623321533,1.5911593437194824,371,443
2026-07-31T12:18:22.507067+00:00,12321.929697650,75.583266,1658137092.8249202,1658137093.3248358,1658137094.9657161,-0.49991559982299805,1.6408803462982178,374,446
2026-07-31T12:18:22.951983+00:00,12322.374614836,76.028183,1658137093.2248943,1658137093.8229852,1658137095.415718,-0.5980908870697021,1.5927329063415527,377,449
2026-07-31T12:18:23.546091+00:00,12322.968722338,76.622291,1658137093.7248363,1658137094.4246473,1658137096.0157514,-0.6998109817504883,1.5911040306091309,381,453
2026-07-31T12:18:23.991664+00:00,12323.414295840,77.067864,1658137094.124725,1658137094.8236356,1658137096.4407704,-0.6989104747772217,1.6171348094940186,384,456
2026-07-31T12:18:24.444906+00:00,12323.867536527,77.521105,1658137094.4247143,1658137095.3244793,1658137096.890794,-0.8997650146484375,1.566314697265625,387,459
2026-07-31T12:18:25.039265+00:00,12324.461895985,78.115465,1658137094.8248107,1658137095.9248831,1658137097.4908032,-1.1000723838806152,1.565920114517212,391,463
2026-07-31T12:18:25.484357+00:00,12324.906988025,78.560557,1658137095.5248213,1658137096.3244994,1658137097.9408326,-0.7996780872344971,1.616333246231079,394,466
2026-07-31T12:18:26.078720+00:00,12325.501350699,79.154919,1658137096.2248104,1658137096.9247942,1658137098.5408516,-0.6999838352203369,1.6160573959350586,398,470
2026-07-31T12:18:26.530979+00:00,12325.953610891,79.607180,1658137096.8247786,1658137097.42473,1658137098.990868,-0.5999515056610107,1.5661380290985107,401,473
2026-07-31T12:18:26.974357+00:00,12326.396988860,80.050558,1658137097.4247344,1658137097.8248415,1658137099.4408832,-0.40010714530944824,1.616041660308838,404,476
2026-07-31T12:18:27.590040+00:00,12327.012671834,80.666240,1658137098.024879,1658137098.4246233,1658137100.0409205,-0.39974427223205566,1.6162972450256348,408,480
2026-07-31T12:18:28.079806+00:00,12327.502436879,81.156006,1658137098.6249201,1658137098.9239683,1658137100.5409248,-0.29904818534851074,1.6169564723968506,411,483
2026-07-31T12:18:28.533830+00:00,12327.956460845,81.610029,1658137098.9248137,1658137099.424714,1658137100.990948,-0.49990034103393555,1.5662338733673096,414,486
2026-07-31T12:18:28.974700+00:00,12328.397331276,82.050900,1658137099.22484,1658137099.824885,1658137101.4409697,-0.6000449657440186,1.6160848140716553,417,489
2026-07-31T12:18:29.567330+00:00,12328.989960892,82.643530,1658137099.8248892,1658137100.4243355,1658137102.0159767,-0.5994462966918945,1.5916411876678467,421,493
2026-07-31T12:18:30.021545+00:00,12329.444176010,83.097745,1658137100.124899,1658137100.9247873,1658137102.491012,-0.7998883724212646,1.5662248134613037,424,496
2026-07-31T12:18:30.468467+00:00,12329.891098495,83.544667,1658137100.4247382,1658137101.3247519,1658137102.916024,-0.9000136852264404,1.5912721157073975,427,499
2026-07-31T12:18:31.060986+00:00,12330.483616770,84.137185,1658137100.8248203,1658137101.9246693,1658137103.5160396,-1.099848985671997,1.5913703441619873,431,503
2026-07-31T12:18:31.513936+00:00,12330.936567136,84.590136,1658137101.3248105,1658137102.4239228,1658137103.9660642,-1.0991122722625732,1.5421414375305176,434,506
2026-07-31T12:18:31.954774+00:00,12331.377405006,85.030974,1658137101.8247654,1658137102.8244922,1658137104.4161181,-0.9997267723083496,1.5916259288787842,437,509
2026-07-31T12:18:32.560969+00:00,12331.983599599,85.637168,1658137102.5247583,1658137103.4247136,1658137105.0160916,-0.8999552726745605,1.5913779735565186,441,513
2026-07-31T12:18:33.006161+00:00,12332.428792610,86.082361,1658137103.0249317,1658137103.8247306,1658137105.46613,-0.7997989654541016,1.6413993835449219,444,516
2026-07-31T12:18:33.449141+00:00,12332.872967043,86.526536,1658137103.4249094,1658137104.3242218,1658137105.916132,-0.8993124961853027,1.5919101238250732,447,519
2026-07-31T12:18:34.042737+00:00,12333.466561684,87.120130,1658137104.3248541,1658137104.9244454,1658137106.4911592,-0.5995912551879883,1.566713809967041,451,523
2026-07-31T12:18:34.497444+00:00,12333.921269215,87.574838,1658137104.824905,1658137105.324798,1658137106.966186,-0.4998931884765625,1.641387939453125,454,526
2026-07-31T12:18:35.091064+00:00,12334.514889379,88.168458,1658137105.524915,1658137105.9249284,1658137107.5411975,-0.40001344680786133,1.6162691116333008,458,530
2026-07-31T12:18:35.551923+00:00,12334.975748484,88.629317,1658137105.9249327,1658137106.424663,1658137108.0162163,-0.49973034858703613,1.5915532112121582,461,533
2026-07-31T12:18:36.040786+00:00,12335.464611302,89.118180,1658137106.324871,1658137106.924811,1658137108.4912298,-0.5999398231506348,1.5664188861846924,464,536
2026-07-31T12:18:36.489294+00:00,12335.913119566,89.566688,1658137106.724851,1658137107.3247836,1658137108.9412498,-0.5999326705932617,1.6164662837982178,467,539
2026-07-31T12:18:37.080859+00:00,12336.504684629,90.158253,1658137107.2249205,1658137107.9248562,1658137109.541272,-0.6999356746673584,1.6164157390594482,471,543
2026-07-31T12:18:37.522122+00:00,12336.945947874,90.599517,1658137107.5248654,1658137108.4245467,1658137109.9912934,-0.8996813297271729,1.566746711730957,474,546
2026-07-31T12:18:37.965622+00:00,12337.389447664,91.043016,1658137108.124934,1658137108.824908,1658137110.4163008,-0.6999740600585938,1.5913927555084229,477,549
2026-07-31T12:18:38.565181+00:00,12337.989006649,91.642575,1658137108.5247664,1658137109.423256,1658137111.0163288,-0.8984894752502441,1.5930728912353516,481,553
2026-07-31T12:18:39.009573+00:00,12338.433399250,92.086968,1658137109.0248437,1658137109.9238524,1658137111.4664211,-0.8990087509155273,1.5425686836242676,484,556
2026-07-31T12:18:39.455034+00:00,12338.878858625,92.532427,1658137109.5247138,1658137110.3245842,1658137111.916353,-0.799870491027832,1.591768741607666,487,559
2026-07-31T12:18:40.055640+00:00,12339.479465557,93.133034,1658137110.2248728,1658137110.924058,1658137112.5163937,-0.6991851329803467,1.5923357009887695,491,563
2026-07-31T12:18:40.508323+00:00,12339.932147507,93.585716,1658137110.624731,1658137111.4249046,1658137112.9664054,-0.8001735210418701,1.5415008068084717,494,566
2026-07-31T12:18:40.957180+00:00,12340.381005155,94.034574,1658137111.2248964,1658137111.8248353,1658137113.4164126,-0.5999388694763184,1.5915772914886475,497,569
2026-07-31T12:18:41.549207+00:00,12340.973032380,94.626601,1658137111.6248436,1658137112.424711,1658137114.016429,-0.7998673915863037,1.5917179584503174,501,573
2026-07-31T12:18:41.996715+00:00,12341.420541002,95.074110,1658137112.0248501,1658137112.8247118,1658137114.466465,-0.7998616695404053,1.6417531967163086,504,576
2026-07-31T12:18:42.449120+00:00,12341.872946168,95.526515,1658137112.4248528,1658137113.32492,1658137114.916471,-0.9000670909881592,1.5915510654449463,507,579
2026-07-31T12:18:43.041549+00:00,12342.465375107,96.118944,1658137113.0247874,1658137113.9248316,1658137115.4915054,-0.9000442028045654,1.566673755645752,511,583
2026-07-31T12:18:43.479190+00:00,12342.903014844,96.556583,1658137113.5248468,1658137114.3248105,1658137115.9415114,-0.7999637126922607,1.6167008876800537,514,586
2026-07-31T12:18:44.067513+00:00,12343.491337888,97.144907,1658137114.4249198,1658137114.9247506,1658137116.5165288,-0.4998307228088379,1.59177827835083,518,590
2026-07-31T12:18:44.521259+00:00,12343.945083712,97.598652,1658137115.0248475,1658137115.3244872,1658137116.9915464,-0.2996397018432617,1.6670591831207275,521,593
2026-07-31T12:18:44.994077+00:00,12344.417900936,98.071470,1658137115.6248941,1658137115.824713,1658137117.4415588,-0.19981884956359863,1.6168458461761475,524,596
2026-07-31T12:18:45.446894+00:00,12344.870719737,98.524288,1658137116.0248997,1658137116.323484,1658137117.9165697,-0.2985842227935791,1.593085765838623,527,599
2026-07-31T12:18:46.039828+00:00,12345.463653996,99.117223,1658137116.6247444,1658137116.9249117,1658137118.4916024,-0.3001673221588135,1.5666906833648682,531,603
2026-07-31T12:18:46.495393+00:00,12345.919218459,99.572787,1658137116.9249158,1658137117.3238726,1658137118.9666233,-0.3989567756652832,1.6427507400512695,534,606
2026-07-31T12:18:47.085055+00:00,12346.508880788,100.162449,1658137117.3248212,1658137117.924016,1658137119.5416343,-0.5991947650909424,1.6176183223724365,538,610
2026-07-31T12:18:47.520644+00:00,12346.944469807,100.598038,1658137117.6248372,1658137118.4236739,1658137119.9916666,-0.7988367080688477,1.5679926872253418,541,613
2026-07-31T12:18:47.964259+00:00,12347.388082819,101.041651,1658137118.0248036,1658137118.8243682,1658137120.4166615,-0.7995645999908447,1.5922932624816895,544,616
2026-07-31T12:18:48.585750+00:00,12348.009575731,101.663144,1658137118.624884,1658137119.4247093,1658137121.0417035,-0.7998254299163818,1.6169941425323486,548,620
2026-07-31T12:18:49.040640+00:00,12348.464466182,102.118035,1658137119.3248904,1658137119.9248018,1658137121.4917333,-0.5999114513397217,1.5669314861297607,551,623
2026-07-31T12:18:49.482926+00:00,12348.906751294,102.560320,1658137119.7247574,1658137120.324852,1658137121.941734,-0.6000945568084717,1.616882085800171,554,626
2026-07-31T12:18:50.082608+00:00,12349.506432761,103.160001,1658137120.4247537,1658137120.9248462,1658137122.5417569,-0.5000925064086914,1.616910696029663,558,630
2026-07-31T12:18:50.524898+00:00,12349.948723914,103.602293,1658137120.9248502,1658137121.4243412,1658137122.991777,-0.49949097633361816,1.5674357414245605,561,633
2026-07-31T12:18:50.972686+00:00,12350.396511087,104.050080,1658137121.2247488,1658137121.8226528,1658137123.4417975,-0.5979039669036865,1.6191446781158447,564,636
2026-07-31T12:18:51.573851+00:00,12350.997675977,104.651245,1658137121.6247554,1658137122.424347,1658137124.0418203,-0.7995915412902832,1.6174733638763428,568,640
2026-07-31T12:18:52.025826+00:00,12351.449650693,105.103219,1658137122.1248252,1658137122.9247391,1658137124.4918587,-0.7999138832092285,1.5671195983886719,571,643
2026-07-31T12:18:52.475598+00:00,12351.899423486,105.552992,1658137122.6249244,1658137123.3248637,1658137124.9418511,-0.6999392509460449,1.6169874668121338,574,646
2026-07-31T12:18:53.070030+00:00,12352.493854912,106.147424,1658137123.4248264,1658137123.9247494,1658137125.5168667,-0.4999229907989502,1.5921173095703125,578,650
2026-07-31T12:18:53.517084+00:00,12352.940909071,106.594478,1658137123.9247537,1658137124.3247888,1658137125.9669025,-0.40003514289855957,1.6421136856079102,581,653
2026-07-31T12:18:53.970504+00:00,12353.394329445,107.047898,1658137124.3249102,1658137124.8246093,1658137126.4419456,-0.49969911575317383,1.6173362731933594,584,656
2026-07-31T12:18:54.559456+00:00,12353.983281047,107.636850,1658137124.9248502,1658137125.4248397,1658137127.016924,-0.49998950958251953,1.5920841693878174,588,660
2026-07-31T12:18:55.011425+00:00,12354.435251033,108.088820,1658137125.2247465,1658137125.9246101,1658137127.4669585,-0.6998636722564697,1.5423483848571777,591,663
2026-07-31T12:18:55.460591+00:00,12354.884416842,108.537985,1658137125.6248686,1658137126.324879,1658137127.916981,-0.7000102996826172,1.59210205078125,594,666
2026-07-31T12:18:56.053563+00:00,12355.477388739,109.130957,1658137126.1249032,1658137126.9248176,1658137128.517001,-0.7999143600463867,1.5921833515167236,598,670
2026-07-31T12:18:56.495574+00:00,12355.919399700,109.572968,1658137126.6249216,1658137127.3242452,1658137128.9670286,-0.6993236541748047,1.6427834033966064,601,673
2026-07-31T12:18:56.945721+00:00,12356.369546920,110.023116,1658137127.0247653,1658137127.8246524,1658137129.4170454,-0.7998871803283691,1.592392921447754,604,676
2026-07-31T12:18:57.545018+00:00,12356.968843744,110.622412,1658137127.5248406,1658137128.4246962,1658137129.99206,-0.8998556137084961,1.5673637390136719,608,680
2026-07-31T12:18:57.982251+00:00,12357.406075501,111.059644,1658137127.9248033,1658137128.824814,1658137130.4420872,-0.9000108242034912,1.6172730922698975,611,683
2026-07-31T12:18:58.576859+00:00,12358.000684440,111.654253,1658137128.4247,1658137129.423562,1658137131.0420952,-0.9988620281219482,1.6185331344604492,615,687
2026-07-31T12:18:59.026843+00:00,12358.450668351,112.104237,1658137128.8248181,1658137129.8249214,1658137131.4921308,-1.000103235244751,1.6672093868255615,618,690
2026-07-31T12:18:59.471859+00:00,12358.895685149,112.549254,1658137129.1248412,1658137130.3245387,1658137131.9421394,-1.199697494506836,1.617600679397583,621,693
2026-07-31T12:19:00.074758+00:00,12359.498584571,113.152153,1658137129.9247618,1658137130.9249027,1658137132.5421433,-1.000140905380249,1.6172406673431396,625,697
2026-07-31T12:19:00.519730+00:00,12359.943555279,113.597124,1658137130.4247165,1658137131.324743,1658137132.9671922,-0.9000265598297119,1.642449140548706,628,700
2026-07-31T12:19:00.982653+00:00,12360.406477555,114.060046,1658137130.924915,1658137131.8248107,1658137133.442207,-0.8998956680297852,1.617396354675293,631,703
2026-07-31T12:19:01.575401+00:00,12360.999226539,114.652795,1658137131.424852,1658137132.4239106,1658137134.0422225,-0.999058723449707,1.618311882019043,635,707
2026-07-31T12:19:02.025389+00:00,12361.449207113,115.102776,1658137131.924908,1658137132.924791,1658137134.492248,-0.9998831748962402,1.5674569606781006,638,710
2026-07-31T12:19:02.470167+00:00,12361.893992406,115.547561,1658137132.4247344,1658137133.3237445,1658137134.9172578,-0.899010181427002,1.5935132503509521,641,713
2026-07-31T12:19:03.053707+00:00,12362.477533261,116.131102,1658137133.0249004,1658137133.9247963,1658137135.517281,-0.8998959064483643,1.592484712600708,645,717
2026-07-31T12:19:03.499148+00:00,12362.924496114,116.578065,1658137133.6249073,1658137134.3249238,1658137135.9673035,-0.7000164985656738,1.6423797607421875,648,720
2026-07-31T12:19:03.942987+00:00,12363.368335987,117.021905,1658137134.2248383,1658137134.8247352,1658137136.3923347,-0.5998969078063965,1.5675995349884033,651,723
2026-07-31T12:19:04.534813+00:00,12363.960162449,117.613731,1658137135.1247604,1658137135.4247868,1658137136.9923449,-0.30002641677856445,1.5675580501556396,655,727
2026-07-31T12:19:04.985355+00:00,12364.410704305,118.064273,1658137135.5247576,1658137135.8247187,1658137137.4423618,-0.2999610900878906,1.617643117904663,658,730
2026-07-31T12:19:05.571838+00:00,12364.997186943,118.650756,1658137135.9247665,1658137136.4244902,1658137138.042377,-0.4997236728668213,1.6178867816925049,662,734
2026-07-31T12:19:06.015080+00:00,12365.440428030,119.093997,1658137136.324848,1658137136.8248942,1658137138.4674067,-0.5000462532043457,1.642512559890747,665,737
2026-07-31T12:19:06.464144+00:00,12365.889493606,119.543062,1658137136.724827,1658137137.3247807,1658137138.9174051,-0.5999536514282227,1.5926244258880615,668,740
2026-07-31T12:19:07.058551+00:00,12366.483900244,120.137469,1658137137.3249223,1658137137.9247296,1658137139.5174327,-0.5998072624206543,1.592703104019165,672,744
2026-07-31T12:19:07.504241+00:00,12366.929589252,120.583158,1658137137.8248801,1658137138.3242323,1658137139.967458,-0.49935221672058105,1.6432256698608398,675,747
2026-07-31T12:19:07.950441+00:00,12367.375790104,121.029359,1658137138.4247673,1658137138.8246253,1658137140.4174612,-0.3998579978942871,1.5928359031677246,678,750
2026-07-31T12:19:08.542667+00:00,12367.968000004,121.621569,1658137139.1247394,1658137139.424884,1658137140.9925015,-0.30014467239379883,1.567617416381836,682,754
2026-07-31T12:19:08.981461+00:00,12368.406808542,122.060377,1658137139.5247242,1658137139.8248136,1658137141.4425044,-0.30008935928344727,1.6176908016204834,685,757
2026-07-31T12:19:09.582408+00:00,12369.007756689,122.661325,1658137140.0249207,1658137140.4244354,1658137142.0425239,-0.39951467514038086,1.6180884838104248,689,761
2026-07-31T12:19:10.030047+00:00,12369.455396048,123.108965,1658137140.4249225,1658137140.923833,1658137142.4925742,-0.49891042709350586,1.5687413215637207,692,764
2026-07-31T12:19:10.473864+00:00,12369.899213169,123.552782,1658137140.82476,1658137141.3246405,1658137142.942574,-0.4998805522918701,1.6179335117340088,695,767
2026-07-31T12:19:11.069489+00:00,12370.494837381,124.148406,1658137141.424844,1658137141.9245884,1658137143.5425897,-0.4997444152832031,1.6180012226104736,699,771
2026-07-31T12:19:11.519323+00:00,12370.944670767,124.598239,1658137141.8248503,1658137142.4245777,1658137143.967604,-0.5997273921966553,1.5430262088775635,702,774
2026-07-31T12:19:11.966669+00:00,12371.392017288,125.045586,1658137142.224823,1658137142.8248215,1658137144.4176173,-0.5999984741210938,1.5927958488464355,705,777
2026-07-31T12:19:12.565854+00:00,12371.991202181,125.644771,1658137142.724749,1658137143.4248044,1658137145.017653,-0.7000553607940674,1.592848539352417,709,781
2026-07-31T12:19:13.012821+00:00,12372.438169448,126.091738,1658137143.1247208,1658137143.9240165,1658137145.4676726,-0.7992956638336182,1.5436561107635498,712,784
2026-07-31T12:19:13.466985+00:00,12372.892334157,126.545903,1658137143.6247323,1658137144.3245227,1658137145.917677,-0.6997904777526855,1.5931541919708252,715,787
2026-07-31T12:19:14.062425+00:00,12373.487768542,127.141337,1658137144.7249305,1658137144.9246707,1658137146.517707,-0.19974017143249512,1.593036413192749,719,791
2026-07-31T12:19:14.498202+00:00,12373.923550410,127.577119,1658137145.0247283,1658137145.3248947,1658137146.9677238,-0.30016636848449707,1.642829179763794,722,794
2026-07-31T12:19:14.948588+00:00,12374.373935989,128.027505,1658137145.424748,1658137145.824766,1658137147.417726,-0.40001797676086426,1.5929601192474365,725,797
2026-07-31T12:19:15.542905+00:00,12374.968252881,128.621822,1658137145.9249268,1658137146.4242792,1658137147.992769,-0.49935245513916016,1.5684897899627686,729,801
2026-07-31T12:19:15.990166+00:00,12375.415514709,129.069083,1658137146.2248185,1658137146.8249247,1658137148.4427695,-0.6001062393188477,1.617844820022583,732,804
2026-07-31T12:19:16.583964+00:00,12376.009312801,129.662881,1658137146.7248423,1658137147.4245186,1658137149.0428016,-0.6996762752532959,1.6182830333709717,736,808
2026-07-31T12:19:17.030576+00:00,12376.455924826,130.109493,1658137147.2248874,1658137147.9247591,1658137149.4928212,-0.6998717784881592,1.5680620670318604,739,811
2026-07-31T12:19:17.480119+00:00,12376.905467258,130.559036,1658137147.7248514,1658137148.3248146,1658137149.9428422,-0.5999631881713867,1.618027687072754,742,814
2026-07-31T12:19:18.081605+00:00,12377.506953383,131.160522,1658137148.1248763,1658137148.9249222,1658137150.5428581,-0.8000459671020508,1.6179358959197998,746,818
2026-07-31T12:19:18.524968+00:00,12377.950315927,131.603885,1658137148.4247167,1658137149.4244037,1658137150.9928832,-0.9996869564056396,1.5684795379638672,749,821
2026-07-31T12:19:18.966833+00:00,12378.392182294,132.045751,1658137148.9249268,1658137149.8236072,1658137151.4178853,-0.8986804485321045,1.59427809715271,752,824
2026-07-31T12:19:19.573352+00:00,12378.998699664,132.652268,1658137149.5248299,1658137150.424894,1658137152.042916,-0.90006422996521,1.6180219650268555,756,828
2026-07-31T12:19:20.027725+00:00,12379.453072312,133.106641,1658137149.9248147,1658137150.9247682,1658137152.4929483,-0.9999535083770752,1.5681800842285156,759,831
2026-07-31T12:19:20.517468+00:00,12379.942812307,133.596381,1658137150.5247393,1658137151.424633,1658137152.9679759,-0.8998937606811523,1.5433428287506104,762,834
2026-07-31T12:19:21.052301+00:00,12380.477649468,134.131218,1658137151.1247537,1658137151.9238138,1658137153.5180237,-0.7990601062774658,1.594209909439087,765,837
2026-07-31T12:19:21.509985+00:00,12380.935334158,134.588903,1658137151.6248765,1658137152.423481,1658137153.9680092,-0.7986044883728027,1.5445282459259033,768,840
2026-07-31T12:19:21.955047+00:00,12381.380395364,135.033964,1658137152.124829,1658137152.82348,1658137154.4180136,-0.6986508369445801,1.5945336818695068,771,843
2026-07-31T12:19:22.555054+00:00,12381.980402491,135.633971,1658137152.7248197,1658137153.4246495,1658137155.0180457,-0.6998298168182373,1.5933961868286133,775,847
2026-07-31T12:19:23.000807+00:00,12382.426154855,136.079723,1658137153.22475,1658137153.824208,1658137155.4680638,-0.5994579792022705,1.6438558101654053,778,850
2026-07-31T12:19:23.449350+00:00,12382.874697931,136.528267,1658137153.8247612,1658137154.3244805,1658137155.9180734,-0.49971938133239746,1.593592882156372,781,853
2026-07-31T12:19:24.045263+00:00,12383.470611594,137.124180,1658137154.4248147,1658137154.9249,1658137156.5180993,-0.5000853538513184,1.5931992530822754,785,857
2026-07-31T12:19:24.489177+00:00,12383.914523997,137.568093,1658137154.9249043,1658137155.3247595,1658137156.9431407,-0.3998551368713379,1.6183812618255615,788,860
2026-07-31T12:19:25.076054+00:00,12384.501402700,138.154971,1658137155.4248567,1658137155.9249265,1658137157.5431352,-0.5000698566436768,1.618208646774292,792,864
2026-07-31T12:19:25.534139+00:00,12384.959487811,138.613056,1658137155.7247498,1658137156.424611,1658137157.993153,-0.6998612880706787,1.5685420036315918,795,867
2026-07-31T12:19:25.971257+00:00,12385.396604755,139.050173,1658137156.424699,1658137156.8248,1658137158.44318,-0.4001009464263916,1.618380069732666,798,870
2026-07-31T12:19:26.563106+00:00,12385.988453437,139.642022,1658137157.0248766,1658137157.4247425,1658137159.018208,-0.39986586570739746,1.5934655666351318,802,874
2026-07-31T12:19:27.006458+00:00,12386.431805997,140.085375,1658137157.6248183,1658137157.9232717,1658137159.468223,-0.29845333099365234,1.5449514389038086,805,877
2026-07-31T12:19:27.480332+00:00,12386.905680356,140.559249,1658137158.1247535,1658137158.3237462,1658137159.9432352,-0.19899272918701172,1.6194889545440674,808,880
2026-07-31T12:19:27.973840+00:00,12387.399188887,141.052758,1658137158.62483,1658137158.824675,1658137160.443252,-0.1998450756072998,1.618577003479004,811,883
2026-07-31T12:19:28.469275+00:00,12387.894623778,141.548192,1658137158.9248354,1658137159.324845,1658137160.9182715,-0.4000096321105957,1.5934264659881592,814,886
2026-07-31T12:19:29.060951+00:00,12388.486300187,142.139869,1658137159.424818,1658137159.9245703,1658137161.5182927,-0.4997522830963135,1.5937223434448242,818,890
2026-07-31T12:19:29.504479+00:00,12388.929826959,142.583396,1658137159.8249214,1658137160.3241777,1658137161.9683187,-0.4992563724517822,1.6441409587860107,821,893
2026-07-31T12:19:29.951926+00:00,12389.377274535,143.030843,1658137160.3248222,1658137160.8245273,1658137162.4183383,-0.49970507621765137,1.59381103515625,824,896
2026-07-31T12:19:30.547394+00:00,12389.972742505,143.626311,1658137161.124921,1658137161.4247327,1658137163.0183508,-0.29981160163879395,1.5936181545257568,828,900
2026-07-31T12:19:30.997255+00:00,12390.422603206,144.076172,1658137161.6249192,1658137161.8248422,1658137163.4684355,-0.19992303848266602,1.6435933113098145,831,903
2026-07-31T12:19:31.441017+00:00,12390.866365916,144.519935,1658137161.924811,1658137162.324694,1658137163.8933928,-0.3998830318450928,1.5686988830566406,834,906
2026-07-31T12:19:32.034484+00:00,12391.459832485,145.113401,1658137162.3247607,1658137162.9239585,1658137164.4934242,-0.5991978645324707,1.5694656372070312,838,910
2026-07-31T12:19:32.484488+00:00,12391.909835574,145.563404,1658137162.824856,1658137163.324897,1658137164.9434214,-0.5000410079956055,1.6185243129730225,841,913
2026-07-31T12:19:33.080004+00:00,12392.505352747,146.158921,1658137163.3249137,1658137163.9246473,1658137165.543447,-0.5997335910797119,1.6187996864318848,845,917
2026-07-31T12:19:33.533160+00:00,12392.959285348,146.612854,1658137163.724766,1658137164.4246526,1658137165.9934843,-0.6998865604400635,1.5688316822052002,848,920
2026-07-31T12:19:33.973611+00:00,12393.399736328,147.053305,1658137164.4247277,1658137164.8248377,1658137166.443482,-0.40011000633239746,1.6186442375183105,851,923
2026-07-31T12:19:34.564409+00:00,12393.990534735,147.644103,1658137164.9248137,1658137165.4247124,1658137167.018534,-0.49989867210388184,1.5938215255737305,855,927
2026-07-31T12:19:35.008910+00:00,12394.435036271,148.088605,1658137165.3248773,1658137165.9248006,1658137167.4685323,-0.5999233722686768,1.543731689453125,858,930
2026-07-31T12:19:35.466389+00:00,12394.892514793,148.546083,1658137166.0248842,1658137166.3246498,1658137167.918546,-0.29976558685302734,1.5938961505889893,861,933
2026-07-31T12:19:36.063283+00:00,12395.489408518,149.142977,1658137166.5247564,1658137166.9248052,1658137168.5185676,-0.40004873275756836,1.5937623977661133,865,937
2026-07-31T12:19:36.504402+00:00,12395.930528556,149.584097,1658137167.0248163,1658137167.3248703,1658137168.96859,-0.30005407333374023,1.6437196731567383,868,940
2026-07-31T12:19:36.952353+00:00,12396.378479265,150.032048,1658137167.4247165,1658137167.8246214,1658137169.4186156,-0.3999049663543701,1.593994140625,871,943
2026-07-31T12:19:37.544253+00:00,12396.970378923,150.623948,1658137168.0247543,1658137168.424879,1658137169.993631,-0.40012478828430176,1.5687518119812012,875,947
2026-07-31T12:19:37.984780+00:00,12397.410907070,151.064476,1658137168.5247607,1658137168.8246822,1658137170.4436438,-0.29992151260375977,1.6189615726470947,878,950
2026-07-31T12:19:38.574681+00:00,12398.000806928,151.654376,1658137168.9247284,1658137169.4243658,1658137171.0436642,-0.4996373653411865,1.6192984580993652,882,954
2026-07-31T12:19:39.021922+00:00,12398.448047110,152.101616,1658137169.3249247,1658137169.9248266,1658137171.49369,-0.5999019145965576,1.5688633918762207,885,957
2026-07-31T12:19:39.474010+00:00,12398.900135052,152.553704,1658137169.624824,1658137170.3249195,1658137171.9437006,-0.7000954151153564,1.6187810897827148,888,960
2026-07-31T12:19:40.080281+00:00,12399.506407793,153.159976,1658137170.1247642,1658137170.9243593,1658137172.5437303,-0.7995951175689697,1.619370937347412,892,964
2026-07-31T12:19:40.524260+00:00,12399.950385823,153.603954,1658137170.4247696,1658137171.3247385,1658137172.99375,-0.8999688625335693,1.6690115928649902,895,967
2026-07-31T12:19:40.972533+00:00,12400.398658944,154.052228,1658137170.924822,1658137171.8248303,1658137173.4437582,-0.9000082015991211,1.6189279556274414,898,970
2026-07-31T12:19:41.575743+00:00,12401.001868972,154.655438,1658137171.524819,1658137172.4245224,1658137174.0437968,-0.8997035026550293,1.619274377822876,902,974
2026-07-31T12:19:42.017646+00:00,12401.443771384,155.097340,1658137171.9249208,1658137172.9248195,1658137174.468807,-0.9998986721038818,1.543987512588501,905,977
2026-07-31T12:19:42.459614+00:00,12401.885740078,155.539309,1658137172.224827,1658137173.324842,1658137174.918812,-1.1000149250030518,1.5939700603485107,908,980
2026-07-31T12:19:43.053907+00:00,12402.480031503,156.133600,1658137172.824719,1658137173.924617,1658137175.5188363,-1.099898099899292,1.5942192077636719,912,984
2026-07-31T12:19:43.507263+00:00,12402.933388292,156.586957,1658137173.5248864,1658137174.3248246,1658137175.968872,-0.7999382019042969,1.644047498703003,915,987
2026-07-31T12:19:43.951187+00:00,12403.377312728,157.030881,1658137173.9247425,1658137174.824798,1658137176.4188805,-0.9000556468963623,1.5940823554992676,918,990
2026-07-31T12:19:44.556164+00:00,12403.982289855,157.635858,1658137174.6247494,1658137175.4247298,1658137177.0189147,-0.7999804019927979,1.5941848754882812,922,994
2026-07-31T12:19:45.002614+00:00,12404.428739844,158.082308,1658137175.0247176,1658137175.824746,1658137177.4689155,-0.8000283241271973,1.644169569015503,925,997
2026-07-31T12:19:45.450471+00:00,12404.876596351,158.530165,1658137175.4247546,1658137176.324892,1658137177.9189332,-0.9001374244689941,1.594041109085083,928,1000
2026-07-31T12:19:46.050262+00:00,12405.476388468,159.129957,1658137176.2247267,1658137176.924871,1658137178.5189555,-0.7001442909240723,1.5940845012664795,932,1004
2026-07-31T12:19:46.493836+00:00,12405.919961791,159.573530,1658137176.624808,1658137177.3248725,1658137178.9439971,-0.7000644207000732,1.6191246509552002,935,1007
2026-07-31T12:19:47.091538+00:00,12406.517663995,160.171233,1658137177.324914,1658137177.9245741,1658137179.543999,-0.5996601581573486,1.619424819946289,939,1011
2026-07-31T12:19:47.550974+00:00,12406.977101182,160.630670,1658137177.8247113,1658137178.4247365,1658137180.0190134,-0.6000251770019531,1.5942769050598145,942,1014
2026-07-31T12:19:48.026797+00:00,12407.452922781,161.106491,1658137178.3249013,1658137178.9249055,1658137180.4940403,-0.6000041961669922,1.5691347122192383,945,1017
2026-07-31T12:19:48.481863+00:00,12407.907989081,161.561558,1658137178.7247393,1658137179.3248503,1658137180.9440598,-0.6001110076904297,1.6192095279693604,948,1020
2026-07-31T12:19:49.096669+00:00,12408.522794669,162.176363,1658137179.2249243,1658137179.924755,1658137181.5690978,-0.6998307704925537,1.6443426609039307,952,1024
2026-07-31T12:19:49.557554+00:00,12408.983680236,162.637249,1658137179.6247423,1658137180.423208,1658137182.019149,-0.7984657287597656,1.5959410667419434,955,1027
2026-07-31T12:19:50.036591+00:00,12409.462716986,163.116286,1658137179.9247594,1658137180.9249177,1658137182.4941251,-1.0001583099365234,1.5692074298858643,958,1030
2026-07-31T12:19:50.524750+00:00,12409.950876518,163.604445,1658137180.2248886,1658137181.424868,1658137182.994189,-1.199979543685913,1.5693209171295166,961,1033
2026-07-31T12:19:50.982686+00:00,12410.408812294,164.062381,1658137180.724758,1658137181.8248663,1658137183.4441788,-1.1001083850860596,1.6193125247955322,964,1036
2026-07-31T12:19:51.441346+00:00,12410.867471412,164.521040,1658137181.2249308,1658137182.3248324,1658137183.8941884,-1.0999016761779785,1.5693559646606445,967,1039
2026-07-31T12:19:52.035017+00:00,12411.461142577,165.114711,1658137181.724779,1658137182.9240954,1658137184.4941967,-1.1993165016174316,1.570101261138916,971,1043
2026-07-31T12:19:52.486862+00:00,12411.912987986,165.566557,1658137182.2247448,1658137183.324282,1658137184.944225,-1.0995371341705322,1.6199431419372559,974,1046
2026-07-31T12:19:53.086848+00:00,12412.512973432,166.166542,1658137182.9247112,1658137183.9247086,1658137185.5442324,-0.9999973773956299,1.6195237636566162,978,1050
2026-07-31T12:19:53.535123+00:00,12412.961249609,166.614818,1658137183.4248266,1658137184.4245372,1658137185.9942658,-0.9997105598449707,1.5697286128997803,981,1053
2026-07-31T12:19:53.977072+00:00,12413.403198251,167.056767,1658137184.3248425,1658137184.824777,1658137186.4442759,-0.49993443489074707,1.6194989681243896,984,1056
2026-07-31T12:19:54.572976+00:00,12413.999101755,167.652670,1658137185.0248337,1658137185.4248924,1658137187.044299,-0.4000587463378906,1.6194064617156982,988,1060
2026-07-31T12:19:55.016644+00:00,12414.442769842,168.096338,1658137185.6248147,1658137185.9247906,1658137187.4693153,-0.2999758720397949,1.5445246696472168,991,1063
2026-07-31T12:19:55.461361+00:00,12414.887486923,168.541056,1658137186.024891,1658137186.3247793,1658137187.9193308,-0.29988837242126465,1.5945515632629395,994,1066
2026-07-31T12:19:56.058007+00:00,12415.484132782,169.137701,1658137186.6248229,1658137186.9248457,1658137188.5193553,-0.30002284049987793,1.5945096015930176,998,1070
2026-07-31T12:19:56.499324+00:00,12415.925450379,169.579019,1658137187.024817,1658137187.3246872,1658137188.9693766,-0.29987025260925293,1.6446893215179443,1001,1073
2026-07-31T12:19:56.948168+00:00,12416.374292689,170.027861,1658137187.5248485,1658137187.8247032,1658137189.4193983,-0.29985475540161133,1.5946950912475586,1004,1076
2026-07-31T12:19:57.553331+00:00,12416.979457036,170.633026,1658137188.2248342,1658137188.424743,1658137190.0194213,-0.19990873336791992,1.5946784019470215,1008,1080
2026-07-31T12:19:57.994271+00:00,12417.420397279,171.073966,1658137188.6249013,1658137188.8248243,1658137190.4444373,-0.19992303848266602,1.6196129322052002,1011,1083
2026-07-31T12:19:58.587702+00:00,12418.013827520,171.667396,1658137189.1247368,1658137189.4249032,1658137191.044462,-0.30016636848449707,1.6195588111877441,1015,1087
2026-07-31T12:19:59.032736+00:00,12418.458862070,172.112431,1658137189.4249115,1658137189.9248505,1658137191.4944775,-0.49993896484375,1.569627046585083,1018,1090
2026-07-31T12:19:59.479599+00:00,12418.905724665,172.559293,1658137189.724927,1658137190.3248925,1658137191.944488,-0.5999655723571777,1.6195955276489258,1021,1093
2026-07-31T12:20:00.082460+00:00,12419.508585921,173.162155,1658137190.1249042,1658137190.9248307,1658137192.544516,-0.7999265193939209,1.619685411453247,1025,1097
2026-07-31T12:20:00.537452+00:00,12419.963578452,173.617147,1658137190.424761,1658137191.424915,1658137192.994539,-1.0001540184020996,1.5696239471435547,1028,1100
2026-07-31T12:20:00.987727+00:00,12420.413852409,174.067421,1658137191.1247687,1658137191.8249025,1658137193.4445586,-0.7001338005065918,1.6196560859680176,1031,1103
2026-07-31T12:20:01.441483+00:00,12420.867609116,174.521178,1658137191.7248151,1658137192.3235538,1658137193.894575,-0.5987386703491211,1.571021318435669,1034,1106
2026-07-31T12:20:02.037836+00:00,12421.463962655,175.117531,1658137192.424919,1658137192.9246614,1658137194.4946027,-0.4997425079345703,1.5699412822723389,1038,1110
2026-07-31T12:20:02.479732+00:00,12421.905858371,175.559427,1658137192.8249164,1658137193.3247883,1658137194.9446018,-0.49987196922302246,1.6198134422302246,1041,1113
2026-07-31T12:20:03.076280+00:00,12422.502405823,176.155974,1658137193.524747,1658137193.9241984,1658137195.5446372,-0.39945149421691895,1.620438814163208,1045,1117
2026-07-31T12:20:03.527663+00:00,12422.955004064,176.608573,1658137193.9248729,1658137194.424888,1658137195.9946601,-0.5000150203704834,1.5697722434997559,1048,1120
2026-07-31T12:20:03.970815+00:00,12423.398156372,177.051725,1658137194.424892,1658137194.823627,1658137196.4446716,-0.39873504638671875,1.621044635772705,1051,1123
2026-07-31T12:20:04.561059+00:00,12423.988399545,177.641968,1658137195.124752,1658137195.424713,1658137197.0196838,-0.2999608516693115,1.594970941543579,1055,1127
2026-07-31T12:20:05.005466+00:00,12424.432807702,178.086376,1658137195.424726,1658137195.8247983,1658137197.4697065,-0.4000723361968994,1.6449081897735596,1058,1130
2026-07-31T12:20:05.451722+00:00,12424.879062742,178.532631,1658137195.9249299,1658137196.3248236,1658137197.9197185,-0.39989376068115234,1.5948948860168457,1061,1133
2026-07-31T12:20:06.038633+00:00,12425.465974482,179.119543,1658137196.424932,1658137196.9241905,1658137198.494753,-0.49925851821899414,1.5705623626708984,1065,1137
2026-07-31T12:20:06.483965+00:00,12425.911306104,179.564875,1658137196.8248093,1658137197.324861,1658137198.9447613,-0.500051736831665,1.6199002265930176,1068,1140
2026-07-31T12:20:07.078790+00:00,12426.506131719,180.159700,1658137197.4247038,1658137197.924601,1658137199.5447783,-0.4998972415924072,1.6201772689819336,1072,1144
2026-07-31T12:20:07.529671+00:00,12426.957012775,180.610581,1658137197.724837,1658137198.4247577,1658137199.9948092,-0.699920654296875,1.5700514316558838,1075,1147
2026-07-31T12:20:07.970403+00:00,12427.397744897,181.051314,1658137198.2249222,1658137198.8247309,1658137200.4448144,-0.5998086929321289,1.6200835704803467,1078,1150
2026-07-31T12:20:08.568402+00:00,12427.995742278,181.649311,1658137198.924853,1658137199.4248128,1658137201.0198421,-0.49995970726013184,1.595029354095459,1082,1154
2026-07-31T12:20:09.011709+00:00,12428.439050053,182.092619,1658137199.3248417,1658137199.9238327,1658137201.469865,-0.5989909172058105,1.546032428741455,1085,1157
2026-07-31T12:20:09.461708+00:00,12428.889049987,182.542619,1658137199.7248206,1658137200.3228157,1658137201.9198742,-0.5979950428009033,1.5970585346221924,1088,1160
2026-07-31T12:20:10.061820+00:00,12429.489161928,183.142731,1658137200.4248183,1658137200.924755,1658137202.5199018,-0.4999368190765381,1.595146656036377,1092,1164
2026-07-31T12:20:10.503909+00:00,12429.931250842,183.584819,1658137200.8249166,1658137201.3247705,1658137202.9699667,-0.49985384941101074,1.6451961994171143,1095,1167
2026-07-31T12:20:10.960258+00:00,12430.387599901,184.041169,1658137201.2249086,1658137201.824692,1658137203.4199388,-0.5997834205627441,1.5952467918395996,1098,1170
2026-07-31T12:20:11.556104+00:00,12430.983445289,184.637014,1658137201.7249033,1658137202.424273,1658137204.019961,-0.6993696689605713,1.5956881046295166,1102,1174
2026-07-31T12:20:12.010019+00:00,12431.437360644,185.090929,1658137202.2248173,1658137202.9247456,1658137204.46998,-0.6999282836914062,1.5452344417572021,1105,1177
2026-07-31T12:20:12.455247+00:00,12431.882587727,185.536156,1658137202.7248137,1658137203.3248112,1658137204.919989,-0.5999975204467773,1.5951778888702393,1108,1180
2026-07-31T12:20:13.054744+00:00,12432.482085097,186.135654,1658137203.5247238,1658137203.9248407,1658137205.5200152,-0.4001169204711914,1.5951745510101318,1112,1184
2026-07-31T12:20:13.496796+00:00,12432.924137432,186.577706,1658137203.924845,1658137204.3249013,1658137205.9700372,-0.4000563621520996,1.6451358795166016,1115,1187
2026-07-31T12:20:13.943380+00:00,12433.370721209,187.024290,1658137204.2247467,1658137204.8248472,1658137206.395073,-0.6001005172729492,1.570225715637207,1118,1190
2026-07-31T12:20:14.537908+00:00,12433.965249559,187.618818,1658137204.7247672,1658137205.4234219,1658137206.995074,-0.6986546516418457,1.5716521739959717,1122,1194
2026-07-31T12:20:14.982553+00:00,12434.409893040,188.063462,1658137205.1247396,1658137205.8249192,1658137207.445084,-0.7001795768737793,1.6201648712158203,1125,1197
2026-07-31T12:20:15.583200+00:00,12435.010540775,188.664109,1658137205.524911,1658137206.4248827,1658137208.045104,-0.8999717235565186,1.6202213764190674,1129,1201
2026-07-31T12:20:16.032211+00:00,12435.459551812,189.113120,1658137206.1248183,1658137206.924734,1658137208.4950836,-0.7999157905578613,1.5703494548797607,1132,1204
2026-07-31T12:20:16.476576+00:00,12435.903917186,189.557486,1658137206.7248118,1658137207.324651,1658137208.9451406,-0.5998392105102539,1.6204895973205566,1135,1207
2026-07-31T12:20:17.080476+00:00,12436.507816245,190.161385,1658137207.2247596,1658137207.924851,1658137209.545167,-0.7000913619995117,1.6203160285949707,1139,1211
2026-07-31T12:20:17.521939+00:00,12436.949280064,190.602849,1658137207.5248518,1658137208.4236927,1658137209.9951866,-0.8988409042358398,1.5714938640594482,1142,1214
2026-07-31T12:20:17.978524+00:00,12437.405864662,191.059433,1658137208.1248085,1658137208.8248131,1658137210.4452074,-0.7000045776367188,1.620394229888916,1145,1217
2026-07-31T12:20:18.582197+00:00,12438.009537442,191.663106,1658137208.524927,1658137209.4246454,1658137211.0452173,-0.8997185230255127,1.6205718517303467,1149,1221
2026-07-31T12:20:19.029883+00:00,12438.457223601,192.110792,1658137208.9249043,1658137209.824701,1658137211.4952445,-0.899796724319458,1.6705434322357178,1152,1224
2026-07-31T12:20:19.481997+00:00,12438.909337562,192.562906,1658137209.5248303,1658137210.3245513,1658137211.9452555,-0.7997210025787354,1.620704174041748,1155,1227
2026-07-31T12:20:20.101825+00:00,12439.529166376,193.182735,1658137210.224844,1658137210.924831,1658137212.5702894,-0.6999869346618652,1.645458459854126,1159,1231
2026-07-31T12:20:20.549655+00:00,12439.976996550,193.630565,1658137210.9249268,1658137211.4227533,1658137213.0203001,-0.49782657623291016,1.5975468158721924,1162,1234
2026-07-31T12:20:20.997767+00:00,12440.425107462,194.078676,1658137211.2247229,1658137211.824668,1658137213.4703243,-0.599945068359375,1.6456563472747803,1165,1237
2026-07-31T12:20:21.453461+00:00,12440.880802263,194.534371,1658137211.8248422,1658137212.3247657,1658137213.920348,-0.4999234676361084,1.5955822467803955,1168,1240
2026-07-31T12:20:22.061929+00:00,12441.489269670,195.142838,1658137212.4248664,1658137212.9248075,1658137214.520357,-0.4999411106109619,1.5955493450164795,1172,1244
2026-07-31T12:20:22.511148+00:00,12441.938489707,195.592058,1658137212.7248855,1658137213.4241343,1658137214.9703898,-0.6992487907409668,1.5462555885314941,1175,1247
2026-07-31T12:20:22.961557+00:00,12442.388894105,196.042463,1658137213.2248433,1658137213.8240306,1658137215.4203918,-0.5991873741149902,1.5963611602783203,1178,1250
2026-07-31T12:20:23.571557+00:00,12442.998897810,196.652466,1658137213.9248137,1658137214.4247372,1658137216.0454206,-0.4999234676361084,1.6206834316253662,1182,1254
2026-07-31T12:20:24.035655+00:00,12443.462997034,197.116566,1658137214.3248415,1658137214.924701,1658137216.49544,-0.5998594760894775,1.5707390308380127,1185,1257
2026-07-31T12:20:24.493775+00:00,12443.921116198,197.574685,1658137214.8249192,1658137215.324147,1658137216.9454746,-0.49922776222229004,1.6213276386260986,1188,1260
2026-07-31T12:20:24.954996+00:00,12444.382336673,198.035905,1658137215.324845,1658137215.8248086,1658137217.4205053,-0.49996352195739746,1.5956966876983643,1191,1263
2026-07-31T12:20:25.558251+00:00,12444.985591735,198.639160,1658137215.824813,1658137216.424899,1658137218.0205083,-0.6000862121582031,1.595609188079834,1195,1267
2026-07-31T12:20:26.018611+00:00,12445.445952100,199.099521,1658137216.224907,1658137216.9248438,1658137218.470536,-0.6999368667602539,1.5456922054290771,1198,1270
2026-07-31T12:20:26.474380+00:00,12445.901720913,199.555290,1658137216.6248248,1658137217.3248868,1658137218.9455502,-0.7000620365142822,1.6206634044647217,1201,1273
2026-07-31T12:20:27.082999+00:00,12446.510339322,200.163908,1658137217.2247663,1658137217.924917,1658137219.545567,-0.700150728225708,1.620650053024292,1205,1277
2026-07-31T12:20:27.545726+00:00,12446.973067144,200.626636,1658137217.724725,1658137218.4247146,1658137220.0205898,-0.6999895572662354,1.5958752632141113,1208,1280
2026-07-31T12:20:28.000108+00:00,12447.427449165,201.081018,1658137218.3249087,1658137218.824844,1658137220.470608,-0.4999351501464844,1.6457641124725342,1211,1283
2026-07-31T12:20:28.471545+00:00,12447.898886589,201.552455,1658137219.024905,1658137219.3248177,1658137220.9456341,-0.299912691116333,1.6208164691925049,1214,1286
2026-07-31T12:20:28.941350+00:00,12448.368691306,202.022260,1658137219.3248217,1658137219.8234258,1658137221.395672,-0.49860405921936035,1.5722463130950928,1217,1289
2026-07-31T12:20:29.545879+00:00,12448.973220135,202.626789,1658137219.9247622,1658137220.424806,1658137222.0206654,-0.5000438690185547,1.5958592891693115,1221,1293
2026-07-31T12:20:29.996590+00:00,12449.423930874,203.077500,1658137220.3248677,1658137220.8245554,1658137222.4706917,-0.49968767166137695,1.6461362838745117,1224,1296
2026-07-31T12:20:30.456974+00:00,12449.884314895,203.537884,1658137220.7248373,1658137221.3248153,1658137222.9207208,-0.599977970123291,1.5959055423736572,1227,1299
2026-07-31T12:20:31.075591+00:00,12450.502931754,204.156500,1658137221.324819,1658137221.923838,1658137223.545729,-0.5990188121795654,1.6218910217285156,1231,1303
2026-07-31T12:20:31.554953+00:00,12450.982295039,204.635864,1658137221.8247523,1658137222.4245071,1658137224.0207574,-0.599754810333252,1.596250295639038,1234,1306
2026-07-31T12:20:32.015943+00:00,12451.443283626,205.096852,1658137222.2248867,1658137222.9228518,1658137224.4708056,-0.697965145111084,1.5479538440704346,1237,1309
2026-07-31T12:20:32.464353+00:00,12451.891695130,205.545264,1658137222.824803,1658137223.3248017,1658137224.9207861,-0.4999985694885254,1.5959844589233398,1240,1312
2026-07-31T12:20:33.068997+00:00,12452.496337456,206.149906,1658137223.5248246,1658137223.9248207,1658137225.5207999,-0.3999960422515869,1.5959792137145996,1244,1316
2026-07-31T12:20:33.524062+00:00,12452.952640044,206.606209,1658137223.8248606,1658137224.4246235,1658137225.9958305,-0.5997629165649414,1.571207046508789,1247,1319
2026-07-31T12:20:33.969574+00:00,12453.398153074,207.051722,1658137224.4248974,1658137224.823572,1658137226.445847,-0.39867448806762695,1.6222751140594482,1250,1322
2026-07-31T12:20:34.572925+00:00,12454.001504403,207.655073,1658137224.8247702,1658137225.4249222,1658137227.045876,-0.6001520156860352,1.6209537982940674,1254,1326
2026-07-31T12:20:35.028113+00:00,12454.456692894,208.110262,1658137225.1249182,1658137225.9236479,1658137227.4958823,-0.798729658126831,1.5722343921661377,1257,1329
2026-07-31T12:20:35.484985+00:00,12454.913564329,208.567133,1658137225.724806,1658137226.3219223,1658137227.9459052,-0.597116231918335,1.6239829063415527,1260,1332
2026-07-31T12:20:36.090199+00:00,12455.518778699,209.172347,1658137226.2248485,1658137226.9247243,1658137228.5459228,-0.6998758316040039,1.6211984157562256,1264,1336
2026-07-31T12:20:36.542300+00:00,12455.970879344,209.624448,1658137226.5247674,1658137227.4245327,1658137228.9959452,-0.8997652530670166,1.5714125633239746,1267,1339
2026-07-31T12:20:37.005865+00:00,12456.434444852,210.088013,1658137227.1249182,1658137227.824715,1658137229.4709702,-0.6997966766357422,1.6462552547454834,1270,1342
2026-07-31T12:20:37.462982+00:00,12456.891560483,210.545129,1658137227.524843,1658137228.323715,1658137229.920993,-0.7988719940185547,1.597278118133545,1273,1345
2026-07-31T12:20:38.061442+00:00,12457.490020706,211.143589,1658137228.0249333,1658137228.9248574,1658137230.521005,-0.8999240398406982,1.5961475372314453,1277,1349
2026-07-31T12:20:38.517109+00:00,12457.945687400,211.599256,1658137228.62476,1658137229.424786,1658137230.971023,-0.8000261783599854,1.5462369918823242,1280,1352
2026-07-31T12:20:38.979782+00:00,12458.408360757,212.061929,1658137229.2248335,1658137229.824866,1658137231.4460406,-0.6000325679779053,1.6211745738983154,1283,1355
2026-07-31T12:20:39.582885+00:00,12459.011463125,212.665032,1658137230.0249336,1658137230.4247334,1658137232.0460687,-0.39979982376098633,1.6213352680206299,1287,1359
2026-07-31T12:20:40.045543+00:00,12459.474122151,213.127691,1658137230.524831,1658137230.9249134,1658137232.5210857,-0.4000823497772217,1.5961723327636719,1290,1362
2026-07-31T12:20:40.496083+00:00,12459.924661753,213.578230,1658137230.924922,1658137231.3231578,1658137232.9711199,-0.3982357978820801,1.6479620933532715,1293,1365
2026-07-31T12:20:40.949693+00:00,12460.378271820,214.031840,1658137231.5247493,1658137231.8248155,1658137233.4211237,-0.3000662326812744,1.5963082313537598,1296,1368
2026-07-31T12:20:41.551382+00:00,12460.979961395,214.633530,1658137232.1248806,1658137232.4239552,1658137234.0211446,-0.299074649810791,1.5971894264221191,1300,1372
2026-07-31T12:20:42.001376+00:00,12461.429955178,215.083524,1658137232.5247402,1658137232.824596,1658137234.47116,-0.29985570907592773,1.64656400680542,1303,1375
2026-07-31T12:20:42.458300+00:00,12461.886878226,215.540447,1658137233.0247173,1658137233.324529,1658137234.9212039,-0.29981160163879395,1.596674919128418,1306,1378
2026-07-31T12:20:43.055157+00:00,12462.483735700,216.137304,1658137233.5247633,1658137233.924845,1658137235.5212111,-0.4000816345214844,1.5963661670684814,1310,1382
2026-07-31T12:20:43.505700+00:00,12462.934278842,216.587847,1658137233.8247695,1658137234.3227682,1658137235.971297,-0.4979987144470215,1.648528814315796,1313,1385
2026-07-31T12:20:43.957420+00:00,12463.385998332,217.039567,1658137234.3248105,1658137234.824745,1658137236.421251,-0.49993443489074707,1.596506118774414,1316,1388
2026-07-31T12:20:44.560309+00:00,12463.988888164,217.642457,1658137234.8247492,1658137235.4248574,1658137237.0212562,-0.6001081466674805,1.5963988304138184,1320,1392
2026-07-31T12:20:45.022939+00:00,12464.451518134,218.105087,1658137235.3248208,1658137235.9246643,1658137237.4962845,-0.5998435020446777,1.571620225906372,1323,1395
2026-07-31T12:20:45.501023+00:00,12464.929602530,218.583171,1658137235.824764,1658137236.3243496,1658137237.9713058,-0.4995856285095215,1.646956205368042,1326,1398
2026-07-31T12:20:45.969308+00:00,12465.397886719,219.051455,1658137236.2247536,1658137236.8239594,1658137238.421323,-0.599205732345581,1.5973637104034424,1329,1401
2026-07-31T12:20:46.570239+00:00,12465.998817749,219.652386,1658137236.824929,1658137237.424869,1658137239.0463464,-0.5999400615692139,1.6214773654937744,1333,1405
2026-07-31T12:20:47.029321+00:00,12466.457899668,220.111468,1658137237.2248826,1658137237.924746,1658137239.4963539,-0.6998634338378906,1.5716078281402588,1336,1408
2026-07-31T12:20:47.480573+00:00,12466.909152561,220.562721,1658137237.8249054,1658137238.3246877,1658137239.9464583,-0.4997823238372803,1.6217706203460693,1339,1411
2026-07-31T12:20:48.089721+00:00,12467.518299626,221.171868,1658137238.324721,1658137238.9235296,1658137240.5463977,-0.5988085269927979,1.6228680610656738,1343,1415
2026-07-31T12:20:48.538255+00:00,12467.966833970,221.620403,1658137238.7248466,1658137239.4248278,1658137240.99642,-0.6999812126159668,1.571592092514038,1346,1418
2026-07-31T12:20:48.996809+00:00,12468.425387722,222.078956,1658137239.1248307,1658137239.8247988,1658137241.4714458,-0.6999680995941162,1.6466469764709473,1349,1421
2026-07-31T12:20:49.440927+00:00,12468.869506818,222.523075,1658137239.4248323,1658137240.324846,1658137241.896458,-0.9000136852264404,1.5716118812561035,1352,1424
2026-07-31T12:20:50.047411+00:00,12469.475988847,223.129557,1658137239.8248029,1658137240.9248168,1658137242.5214837,-1.1000139713287354,1.5966668128967285,1356,1428
2026-07-31T12:20:50.502201+00:00,12469.930779337,223.584348,1658137240.124829,1658137241.3246057,1658137242.9715538,-1.1997766494750977,1.6469480991363525,1359,1431
2026-07-31T12:20:50.954782+00:00,12470.383360867,224.036930,1658137241.3248255,1658137241.824896,1658137243.4215395,-0.5000705718994141,1.5966434478759766,1362,1434
2026-07-31T12:20:51.560796+00:00,12470.989374180,224.642943,1658137241.8249002,1658137242.4248796,1658137244.0216386,-0.5999794006347656,1.5967590808868408,1366,1438
2026-07-31T12:20:52.011470+00:00,12471.440049717,225.093618,1658137242.224891,1658137242.9248195,1658137244.4715598,-0.6999285221099854,1.5467402935028076,1369,1441
2026-07-31T12:20:52.468940+00:00,12471.897519231,225.551088,1658137242.824754,1658137243.3249252,1658137244.9215772,-0.5001711845397949,1.5966520309448242,1372,1444
2026-07-31T12:20:53.069327+00:00,12472.497906464,226.151475,1658137243.4247742,1658137243.9244661,1658137245.521604,-0.4996919631958008,1.5971379280090332,1376,1448
2026-07-31T12:20:53.516618+00:00,12472.945197628,226.598766,1658137243.8247595,1658137244.4249074,1658137245.9716225,-0.6001479625701904,1.5467150211334229,1379,1451
2026-07-31T12:20:53.964982+00:00,12473.393561210,227.047130,1658137244.2247798,1658137244.8239958,1658137246.4216475,-0.5992159843444824,1.597651720046997,1382,1454
2026-07-31T12:20:54.575160+00:00,12474.003739338,227.657308,1658137245.0249248,1658137245.4236367,1658137247.0466728,-0.3987119197845459,1.6230361461639404,1386,1458
2026-07-31T12:20:55.031566+00:00,12474.460145066,228.113714,1658137245.4247186,1658137245.824828,1658137247.496686,-0.40010929107666016,1.6718580722808838,1389,1461
2026-07-31T12:20:55.480686+00:00,12474.909264682,228.562833,1658137245.9248059,1658137246.3248098,1658137247.94671,-0.40000391006469727,1.6219003200531006,1392,1464
2026-07-31T12:20:56.084482+00:00,12475.513061627,229.166630,1658137246.6248262,1658137246.924846,1658137248.546725,-0.3000197410583496,1.6218791007995605,1396,1468
2026-07-31T12:20:56.535554+00:00,12475.964133191,229.617702,1658137247.0248199,1658137247.4234703,1658137248.9967535,-0.3986504077911377,1.5732831954956055,1399,1471
2026-07-31T12:20:56.989567+00:00,12476.418147155,230.071716,1658137247.3248253,1658137247.8241873,1658137249.4468434,-0.4993619918823242,1.6226561069488525,1402,1474
2026-07-31T12:20:57.443206+00:00,12476.871783973,230.525353,1658137247.8249195,1658137248.3235502,1658137249.8967986,-0.4986307621002197,1.5732483863830566,1405,1477
2026-07-31T12:20:58.052842+00:00,12477.481420740,231.134989,1658137248.2247605,1658137248.9247603,1658137250.5218124,-0.6999998092651367,1.5970520973205566,1409,1481
2026-07-31T12:20:58.505175+00:00,12477.933753914,231.587323,1658137248.7248209,1658137249.3248804,1658137250.971832,-0.6000595092773438,1.646951675415039,1412,1484
2026-07-31T12:20:58.968003+00:00,12478.396580700,232.050149,1658137249.3248844,1658137249.8248234,1658137251.4218514,-0.49993896484375,1.5970280170440674,1415,1487
2026-07-31T12:20:59.576973+00:00,12479.005551424,232.659120,1658137250.0247736,1658137250.4239779,1658137252.046869,-0.3992042541503906,1.6228911876678467,1419,1491
2026-07-31T12:21:00.038243+00:00,12479.466819888,233.120389,1658137250.6248388,1658137250.9248486,1658137252.4968882,-0.30000972747802734,1.5720396041870117,1422,1494
2026-07-31T12:21:00.505836+00:00,12479.934415393,233.587984,1658137251.024802,1658137251.324902,1658137252.9719167,-0.30010008811950684,1.6470146179199219,1425,1497
2026-07-31T12:21:00.957850+00:00,12480.386427932,234.039997,1658137251.424759,1658137251.8246346,1658137253.421934,-0.3998756408691406,1.597299337387085,1428,1500
2026-07-31T12:21:01.563283+00:00,12480.991861420,234.645430,1658137251.824755,1658137252.4243915,1658137254.0219548,-0.5996365547180176,1.5975632667541504,1432,1504
2026-07-31T12:21:02.020998+00:00,12481.449576733,235.103145,1658137252.2247374,1658137252.9242485,1658137254.4969645,-0.6995110511779785,1.5727159976959229,1435,1507
2026-07-31T12:21:02.473221+00:00,12481.901799405,235.555368,1658137252.7249122,1658137253.324802,1658137254.946979,-0.5998897552490234,1.6221771240234375,1438,1510
2026-07-31T12:21:03.070750+00:00,12482.499329376,236.152898,1658137253.424731,1658137253.9248176,1658137255.5469959,-0.5000865459442139,1.622178316116333,1442,1514
2026-07-31T12:21:03.514576+00:00,12482.944425130,236.597994,1658137253.7247667,1658137254.3248572,1658137255.9720397,-0.600090503692627,1.6471824645996094,1445,1517
2026-07-31T12:21:03.977071+00:00,12483.406918971,237.060488,1658137254.2248461,1658137254.82468,1658137256.447032,-0.5998339653015137,1.622351884841919,1448,1520
2026-07-31T12:21:04.575100+00:00,12484.004947786,237.658516,1658137254.624757,1658137255.4247403,1658137257.0470953,-0.7999832630157471,1.6223549842834473,1452,1524
2026-07-31T12:21:05.034902+00:00,12484.464749780,238.118318,1658137254.9248793,1658137255.922921,1658137257.4970725,-0.9980416297912598,1.5741515159606934,1455,1527
2026-07-31T12:21:05.494682+00:00,12484.924530128,238.578099,1658137255.2249053,1658137256.3234677,1658137257.9720974,-1.098562479019165,1.6486296653747559,1458,1530
2026-07-31T12:21:05.941696+00:00,12485.371542553,239.025111,1658137255.6248085,1658137256.8249147,1658137258.3971188,-1.200106143951416,1.5722041130065918,1461,1533
2026-07-31T12:21:06.549253+00:00,12485.979099801,239.632668,1658137256.124758,1658137257.4207795,1658137259.0221643,-1.2960214614868164,1.6013848781585693,1465,1537
2026-07-31T12:21:07.002784+00:00,12486.432632382,240.086201,1658137256.824919,1658137257.8249092,1658137259.4721563,-0.9999902248382568,1.647247076034546,1468,1540
2026-07-31T12:21:07.451418+00:00,12486.881266959,240.534836,1658137257.3248596,1658137258.324812,1658137259.9221766,-0.9999523162841797,1.5973646640777588,1471,1543
2026-07-31T12:21:08.053265+00:00,12487.483112360,241.136681,1658137258.0248775,1658137258.9248142,1658137260.5221958,-0.8999366760253906,1.597381591796875,1475,1547
2026-07-31T12:21:08.513058+00:00,12487.942905577,241.596474,1658137258.6248233,1658137259.4249184,1658137260.9722219,-0.8000950813293457,1.5473034381866455,1478,1550
2026-07-31T12:21:08.960901+00:00,12488.390749929,242.044319,1658137259.2248485,1658137259.8222423,1658137261.4222326,-0.5973937511444092,1.5999903678894043,1481,1553
2026-07-31T12:21:09.564623+00:00,12488.994472034,242.648041,1658137260.0248678,1658137260.4246266,1658137262.0222638,-0.39975881576538086,1.5976371765136719,1485,1557
2026-07-31T12:21:10.027094+00:00,12489.456941313,243.110510,1658137260.5247374,1658137260.9246578,1658137262.4972625,-0.3999204635620117,1.5726046562194824,1488,1560
2026-07-31T12:21:10.482693+00:00,12489.912540910,243.566110,1658137260.924837,1658137261.324433,1658137262.9472952,-0.3995959758758545,1.6228621006011963,1491,1563
2026-07-31T12:21:11.076747+00:00,12490.506593768,244.160162,1658137261.4249008,1658137261.9244087,1658137263.5473168,-0.4995079040527344,1.622908115386963,1495,1567
2026-07-31T12:21:11.531045+00:00,12490.960892997,244.614462,1658137261.924749,1658137262.4243093,1658137263.99734,-0.4995603561401367,1.573030710220337,1498,1570
2026-07-31T12:21:11.982324+00:00,12491.412171947,245.065741,1658137262.3247654,1658137262.8243315,1658137264.4473517,-0.49956607818603516,1.6230201721191406,1501,1573
2026-07-31T12:21:12.587876+00:00,12492.017724745,245.671293,1658137262.9249096,1658137263.4247394,1658137265.0473685,-0.4998297691345215,1.622629165649414,1505,1577
2026-07-31T12:21:13.035163+00:00,12492.465011445,246.118580,1658137263.3248527,1658137263.9245992,1658137265.497394,-0.5997464656829834,1.5727949142456055,1508,1580
2026-07-31T12:21:13.478025+00:00,12492.907873950,246.561443,1658137263.6247451,1658137264.3247538,1658137265.9474103,-0.7000086307525635,1.6226565837860107,1511,1583
2026-07-31T12:21:14.072509+00:00,12493.502357852,247.155926,1658137264.0248647,1658137264.9219,1658137266.5474222,-0.8970353603363037,1.6255221366882324,1515,1587
2026-07-31T12:21:14.539310+00:00,12493.969158748,247.622727,1658137264.3247583,1658137265.4247894,1658137266.997455,-1.1000311374664307,1.5726654529571533,1518,1590
2026-07-31T12:21:14.990823+00:00,12494.420672116,248.074241,1658137264.724771,1658137265.8243928,1658137267.4474626,-1.0996217727661133,1.6230697631835938,1521,1593
2026-07-31T12:21:15.446011+00:00,12494.875859771,248.529428,1658137265.1247423,1658137266.3249073,1658137267.9224846,-1.200165033340454,1.5975773334503174,1524,1596
2026-07-31T12:21:16.054283+00:00,12495.484130852,249.137699,1658137265.6248307,1658137266.924822,1658137268.5225077,-1.2999913692474365,1.5976855754852295,1528,1600
2026-07-31T12:21:16.513187+00:00,12495.943035557,249.596604,1658137266.524843,1658137267.422003,1658137268.9725344,-0.8971600532531738,1.5505313873291016,1531,1603
2026-07-31T12:21:16.955213+00:00,12496.385061790,250.038630,1658137266.9248264,1658137267.8248224,1658137269.4225507,-0.8999960422515869,1.5977282524108887,1534,1606
2026-07-31T12:21:17.556950+00:00,12496.986796977,250.640366,1658137267.5249212,1658137268.423938,1658137270.0225675,-0.8990168571472168,1.5986294746398926,1538,1610
2026-07-31T12:21:18.011240+00:00,12497.441088967,251.094658,1658137268.224812,1658137268.9240174,1658137270.4725957,-0.6992053985595703,1.5485782623291016,1541,1613
2026-07-31T12:21:18.464048+00:00,12497.893895768,251.547464,1658137268.6248236,1658137269.3248703,1658137270.9226005,-0.7000467777252197,1.5977301597595215,1544,1616
2026-07-31T12:21:19.067126+00:00,12498.496972869,252.150542,1658137269.2248495,1658137269.9248922,1658137271.5226274,-0.700042724609375,1.5977351665496826,1548,1620
2026-07-31T12:21:19.521301+00:00,12498.951150409,252.604719,1658137269.9248965,1658137270.4249172,1658137271.9976377,-0.5000207424163818,1.5727205276489258,1551,1623
2026-07-31T12:21:19.971739+00:00,12499.401587966,253.055157,1658137270.3247097,1658137270.8248105,1658137272.4476635,-0.50010085105896,1.6228530406951904,1554,1626
2026-07-31T12:21:20.580095+00:00,12500.009942865,253.663512,1658137271.2249024,1658137271.424749,1658137273.0476933,-0.19984650611877441,1.6229443550109863,1558,1630
2026-07-31T12:21:21.030837+00:00,12500.460685803,254.114254,1658137271.62481,1658137271.9238002,1658137273.4977067,-0.29899024963378906,1.573906421661377,1561,1633
2026-07-31T12:21:21.482929+00:00,12500.912775864,254.566345,1658137271.92482,1658137272.3248243,1658137273.947715,-0.40000438690185547,1.6228907108306885,1564,1636
2026-07-31T12:21:22.079845+00:00,12501.509693288,255.163262,1658137272.524756,1658137272.922496,1658137274.5477393,-0.39774012565612793,1.6252431869506836,1568,1640
2026-07-31T12:21:22.533099+00:00,12501.962947625,255.616516,1658137272.9248443,1658137273.424676,1658137274.99776,-0.4998316764831543,1.5730841159820557,1571,1643
2026-07-31T12:21:22.976874+00:00,12502.406722617,256.060291,1658137273.4247422,1658137273.8216543,1658137275.4477808,-0.3969120979309082,1.6261265277862549,1574,1646
2026-07-31T12:21:23.577868+00:00,12503.007715119,256.661284,1658137274.2248487,1658137274.4248092,1658137276.0478091,-0.19996047019958496,1.622999906539917,1578,1650
2026-07-31T12:21:24.028281+00:00,12503.458129946,257.111699,1658137274.6248336,1658137274.9238508,1658137276.4978237,-0.29901719093322754,1.5739729404449463,1581,1653
2026-07-31T12:21:24.482946+00:00,12503.912794455,257.566363,1658137274.9248502,1658137275.3248239,1658137276.947843,-0.39997363090515137,1.6230192184448242,1584,1656
2026-07-31T12:21:25.078589+00:00,12504.508436894,258.162006,1658137275.4249256,1658137275.924377,1658137277.5478516,-0.4994513988494873,1.6234745979309082,1588,1660
2026-07-31T12:21:25.528815+00:00,12504.958662888,258.612232,1658137275.724817,1658137276.424887,1658137277.997888,-0.7000699043273926,1.5730011463165283,1591,1663
2026-07-31T12:21:25.975219+00:00,12505.405067665,259.058636,1658137276.0248601,1658137276.8223734,1658137278.4479043,-0.7975132465362549,1.6255309581756592,1594,1666
2026-07-31T12:21:26.581128+00:00,12506.010975576,259.664544,1658137276.7248235,1658137277.4245708,1658137279.0479138,-0.6997473239898682,1.6233429908752441,1598,1670
2026-07-31T12:21:27.027696+00:00,12506.457543731,260.111112,1658137277.024834,1658137277.9247506,1658137279.4979525,-0.8999166488647461,1.5732018947601318,1601,1673
2026-07-31T12:21:27.477439+00:00,12506.907286251,260.560855,1658137277.4249208,1658137278.3246973,1658137279.9479573,-0.8997764587402344,1.6232600212097168,1604,1676
2026-07-31T12:21:28.083567+00:00,12507.513415445,261.166984,1658137277.924755,1658137278.924845,1658137280.5479763,-1.0000898838043213,1.623131275177002,1608,1680
2026-07-31T12:21:28.545285+00:00,12507.975133205,261.628702,1658137278.324901,1658137279.4247134,1658137280.998006,-1.0998122692108154,1.5732927322387695,1611,1683
2026-07-31T12:21:28.992118+00:00,12508.421966588,262.075535,1658137278.82475,1658137279.8245933,1658137281.4480243,-0.9998433589935303,1.6234309673309326,1614,1686
2026-07-31T12:21:29.442184+00:00,12508.872031112,262.525600,1658137279.1249108,1658137280.3247237,1658137281.8980427,-1.199812889099121,1.5733189582824707,1617,1689
2026-07-31T12:21:30.053356+00:00,12509.483204146,263.136773,1658137280.0247626,1658137280.924898,1658137282.5230758,-0.9001352787017822,1.5981779098510742,1621,1693
2026-07-31T12:21:30.512742+00:00,12509.942588997,263.596158,1658137280.524907,1658137281.4228015,1658137282.9730835,-0.8978943824768066,1.5502820014953613,1624,1696
2026-07-31T12:21:30.961283+00:00,12510.391131855,264.044700,1658137281.2249274,1658137281.8249192,1658137283.423102,-0.5999917984008789,1.5981826782226562,1627,1699
2026-07-31T12:21:31.564177+00:00,12510.994024981,264.647594,1658137281.724703,1658137282.4246593,1658137284.0231328,-0.6999561786651611,1.5984735488891602,1631,1703
2026-07-31T12:21:32.019490+00:00,12511.449338458,265.102907,1658137282.2249,1658137282.9245164,1658137284.473136,-0.6996164321899414,1.5486195087432861,1634,1706
2026-07-31T12:21:32.473889+00:00,12511.903736496,265.557305,1658137282.7247074,1658137283.3246164,1658137284.9481452,-0.5999090671539307,1.6235287189483643,1637,1709
2026-07-31T12:21:33.078036+00:00,12512.507883619,266.161452,1658137283.2247777,1658137283.924841,1658137285.5481737,-0.7000632286071777,1.6233327388763428,1641,1713
2026-07-31T12:21:33.532757+00:00,12512.963646795,266.617215,1658137283.8247721,1658137284.424611,1658137285.9982018,-0.5998389720916748,1.5735907554626465,1644,1716
2026-07-31T12:21:33.987373+00:00,12513.418262744,267.071831,1658137284.1249049,1658137284.8234754,1658137286.4482126,-0.6985704898834229,1.62473726272583,1647,1719
2026-07-31T12:21:34.445202+00:00,12513.876091111,267.529660,1658137284.4247653,1658137285.3248076,1658137286.9232304,-0.9000422954559326,1.5984227657318115,1650,1722
2026-07-31T12:21:35.053794+00:00,12514.484682317,268.138251,1658137284.924845,1658137285.9248462,1658137287.5232403,-1.0000011920928955,1.5983941555023193,1654,1726
2026-07-31T12:21:35.503264+00:00,12514.934153896,268.587723,1658137285.3248868,1658137286.3242924,1658137287.9732747,-0.9994056224822998,1.648982286453247,1657,1729
2026-07-31T12:21:35.963642+00:00,12515.394531720,269.048100,1658137285.9249046,1658137286.8247213,1658137288.423283,-0.8998167514801025,1.5985617637634277,1660,1732
2026-07-31T12:21:36.579503+00:00,12516.010390905,269.663960,1658137286.6249275,1658137287.4247384,1658137289.0483584,-0.7998108863830566,1.6236200332641602,1664,1736
2026-07-31T12:21:37.041562+00:00,12516.472450814,270.126019,1658137287.024819,1658137287.9245546,1658137289.4983437,-0.899735689163208,1.573789119720459,1667,1739
2026-07-31T12:21:37.492699+00:00,12516.923586943,270.577156,1658137287.5248373,1658137288.324717,1658137289.9483433,-0.799879789352417,1.6236262321472168,1670,1742
2026-07-31T12:21:37.949761+00:00,12517.380649786,271.034218,1658137287.8247473,1658137288.8248553,1658137290.4233565,-1.000108003616333,1.598501205444336,1673,1745
2026-07-31T12:21:38.553509+00:00,12517.984397812,271.637966,1658137288.8248596,1658137289.42473,1658137291.02338,-0.5998704433441162,1.5986499786376953,1677,1749
2026-07-31T12:21:39.004046+00:00,12518.434934494,272.088503,1658137289.3248887,1658137289.823778,1658137291.4733996,-0.4988892078399658,1.6496217250823975,1680,1752
2026-07-31T12:21:39.453306+00:00,12518.884194150,272.537763,1658137289.7247536,1658137290.3248265,1658137291.9234362,-0.6000728607177734,1.5986096858978271,1683,1755
2026-07-31T12:21:40.092147+00:00,12519.523035295,273.176604,1658137290.6248562,1658137290.9245021,1658137292.5484328,-0.29964590072631836,1.6239306926727295,1687,1759
2026-07-31T12:21:40.560648+00:00,12519.991537299,273.645106,1658137290.9247518,1658137291.424739,1658137293.0234756,-0.4999871253967285,1.5987367630004883,1690,1762
2026-07-31T12:21:41.011908+00:00,12520.442797324,274.096366,1658137291.224769,1658137291.9248674,1658137293.4734776,-0.7000982761383057,1.5486102104187012,1693,1765
2026-07-31T12:21:41.466171+00:00,12520.897059695,274.550628,1658137291.524831,1658137292.3241186,1658137293.9234946,-0.7992875576019287,1.5993759632110596,1696,1768
2026-07-31T12:21:42.079026+00:00,12521.509915365,275.163484,1658137292.224719,1658137292.9248884,1658137294.5485075,-0.7001693248748779,1.6236190795898438,1700,1772
2026-07-31T12:21:42.529422+00:00,12521.960311040,275.613880,1658137292.524916,1658137293.4247408,1658137294.998537,-0.899824857711792,1.573796272277832,1703,1775
2026-07-31T12:21:42.981081+00:00,12522.411970138,276.065539,1658137293.3248923,1658137293.8246005,1658137295.448548,-0.4997081756591797,1.6239476203918457,1706,1778
2026-07-31T12:21:43.587283+00:00,12523.018171148,276.671740,1658137293.924809,1658137294.424737,1658137296.0485687,-0.49992799758911133,1.6238317489624023,1710,1782
2026-07-31T12:21:44.043900+00:00,12523.474789233,277.128358,1658137294.224831,1658137294.9241,1658137296.4985886,-0.6992688179016113,1.574488639831543,1713,1785
2026-07-31T12:21:44.498301+00:00,12523.929189002,277.582758,1658137294.6249404,1658137295.3248067,1658137296.9736257,-0.6998662948608398,1.6488189697265625,1716,1788
2026-07-31T12:21:44.953508+00:00,12524.384396867,278.037966,1658137295.3248107,1658137295.8247054,1658137297.4236236,-0.4998946189880371,1.5989181995391846,1719,1791
2026-07-31T12:21:45.558328+00:00,12524.989216285,278.642785,1658137295.8247094,1658137296.4247007,1658137298.0236502,-0.5999913215637207,1.5989494323730469,1723,1795
2026-07-31T12:21:46.016918+00:00,12525.447806438,279.101375,1658137296.3248637,1658137296.9248953,1658137298.4736717,-0.6000316143035889,1.548776388168335,1726,1798
2026-07-31T12:21:46.462887+00:00,12525.893776304,279.547345,1658137296.824809,1658137297.324918,1658137298.9236875,-0.5001089572906494,1.5987694263458252,1729,1801
2026-07-31T12:21:47.065952+00:00,12526.496840475,280.150409,1658137297.2249186,1658137297.9247391,1658137299.523705,-0.6998205184936523,1.5989658832550049,1733,1805
2026-07-31T12:21:47.520952+00:00,12526.951841139,280.605410,1658137297.5248716,1658137298.4238162,1658137299.9987392,-0.898944616317749,1.574923038482666,1736,1808
2026-07-31T12:21:47.978570+00:00,12527.409458641,281.063027,1658137297.9247475,1658137298.8248234,1658137300.448771,-0.9000759124755859,1.6239476203918457,1739,1811
2026-07-31T12:21:48.583665+00:00,12528.014554554,281.668123,1658137298.3248756,1658137299.424827,1658137301.0487633,-1.0999515056610107,1.6239361763000488,1743,1815
2026-07-31T12:21:49.033053+00:00,12528.463941687,282.117510,1658137298.7247488,1658137299.9247959,1658137301.4987895,-1.2000470161437988,1.5739936828613281,1746,1818
2026-07-31T12:21:49.490513+00:00,12528.921401743,282.574970,1658137299.524924,1658137300.3248422,1658137301.9487982,-0.7999181747436523,1.6239559650421143,1749,1821
2026-07-31T12:21:49.947998+00:00,12529.378886888,283.032456,1658137300.2248979,1658137300.8240373,1658137302.4238207,-0.5991394519805908,1.5997834205627441,1752,1824
2026-07-31T12:21:50.554234+00:00,12529.985123154,283.638692,1658137300.9247105,1658137301.4248695,1658137303.0238428,-0.5001590251922607,1.598973274230957,1756,1828
2026-07-31T12:21:51.003325+00:00,12530.434214156,284.087783,1658137301.4248736,1658137301.8237996,1658137303.4738696,-0.3989260196685791,1.6500699520111084,1759,1831
2026-07-31T12:21:51.462871+00:00,12530.893759675,284.547328,1658137301.724755,1658137302.324838,1658137303.9239266,-0.6000828742980957,1.5990886688232422,1762,1834
2026-07-31T12:21:52.068856+00:00,12531.499745499,285.153314,1658137302.2248404,1658137302.924716,1658137304.5239136,-0.6998755931854248,1.5991976261138916,1766,1838
2026-07-31T12:21:52.519182+00:00,12531.950070487,285.603639,1658137302.6247377,1658137303.4235914,1658137304.9739306,-0.7988536357879639,1.5503392219543457,1769,1841
2026-07-31T12:21:52.975205+00:00,12532.406094600,286.059663,1658137303.2247558,1658137303.8248866,1658137305.44899,-0.6001307964324951,1.6241035461425781,1772,1844
2026-07-31T12:21:53.441454+00:00,12532.872343651,286.525912,1658137303.7248065,1658137304.3246236,1658137305.8989708,-0.5998170375823975,1.5743472576141357,1775,1847
2026-07-31T12:21:54.056661+00:00,12533.487550688,287.141119,1658137304.324919,1658137304.9248543,1658137306.5239937,-0.5999352931976318,1.5991394519805908,1779,1851
2026-07-31T12:21:54.508832+00:00,12533.939721398,287.593290,1658137304.72492,1658137305.4226854,1658137306.9740095,-0.6977653503417969,1.5513241291046143,1782,1854
2026-07-31T12:21:54.959853+00:00,12534.390741677,288.044310,1658137305.324823,1658137305.8238084,1658137307.4240205,-0.49898552894592285,1.6002120971679688,1785,1857
2026-07-31T12:21:55.567343+00:00,12534.998231376,288.651800,1658137305.8247359,1658137306.4247444,1658137308.0240483,-0.600008487701416,1.599303960800171,1789,1861
2026-07-31T12:21:56.021559+00:00,12535.452448224,289.106017,1658137306.4247482,1658137306.9246902,1658137308.4990873,-0.4999420642852783,1.574397087097168,1792,1864
2026-07-31T12:21:56.473665+00:00,12535.904554318,289.558123,1658137306.824763,1658137307.324685,1658137308.9490826,-0.4999220371246338,1.6243975162506104,1795,1867
2026-07-31T12:21:57.078609+00:00,12536.509498189,290.163067,1658137307.424829,1658137307.9230146,1658137309.549106,-0.4981856346130371,1.6260912418365479,1799,1871
2026-07-31T12:21:57.538208+00:00,12536.969097609,290.622666,1658137307.7248657,1658137308.424916,1658137309.999128,-0.7000503540039062,1.5742120742797852,1802,1874
2026-07-31T12:21:57.990551+00:00,12537.421440604,291.075009,1658137308.0247731,1658137308.8245938,1658137310.4491434,-0.7998206615447998,1.6245496273040771,1805,1877
2026-07-31T12:21:58.590717+00:00,12538.021606009,291.675175,1658137308.5247624,1658137309.4249055,1658137311.0491714,-0.9001431465148926,1.6242659091949463,1809,1881
2026-07-31T12:21:59.049240+00:00,12538.480128513,292.133697,1658137309.024861,1658137309.9243002,1658137311.5241866,-0.8994390964508057,1.599886417388916,1812,1884
2026-07-31T12:21:59.509686+00:00,12538.940574545,292.594143,1658137309.5247579,1658137310.4248796,1658137311.974208,-0.9001216888427734,1.5493285655975342,1815,1887
2026-07-31T12:21:59.960880+00:00,12539.391769877,293.045339,1658137310.4248838,1658137310.8247316,1658137312.424226,-0.39984774589538574,1.599494457244873,1818,1890
2026-07-31T12:22:00.570587+00:00,12540.001475996,293.655045,1658137310.924842,1658137311.4248488,1658137313.0492377,-0.500006914138794,1.6243889331817627,1822,1894
2026-07-31T12:22:01.029817+00:00,12540.460706588,294.114275,1658137311.4249027,1658137311.9245427,1658137313.4992597,-0.49963998794555664,1.5747170448303223,1825,1897
2026-07-31T12:22:01.487388+00:00,12540.918276042,294.571845,1658137311.7248073,1658137312.3248155,1658137313.9492908,-0.6000082492828369,1.6244752407073975,1828,1900
2026-07-31T12:22:02.090041+00:00,12541.520929587,295.174498,1658137312.1249053,1658137312.9242303,1658137314.5493596,-0.7993249893188477,1.625129222869873,1832,1904
2026-07-31T12:22:02.541344+00:00,12541.972233050,295.625802,1658137312.8247395,1658137313.424716,1658137314.9993477,-0.5999765396118164,1.574631690979004,1835,1907
2026-07-31T12:22:02.995774+00:00,12542.426663773,296.080232,1658137313.324886,1658137313.8248215,1658137315.4743538,-0.4999353885650635,1.6495323181152344,1838,1910
2026-07-31T12:22:03.451041+00:00,12542.883070615,296.536639,1658137313.7247484,1658137314.3248599,1658137315.9243565,-0.6001114845275879,1.599496603012085,1841,1913
2026-07-31T12:22:04.049952+00:00,12543.481981561,297.135550,1658137314.524926,1658137314.9231706,1658137316.5243814,-0.39824461936950684,1.6012108325958252,1845,1917
2026-07-31T12:22:04.497827+00:00,12543.929856514,297.583425,1658137314.924893,1658137315.3241441,1658137316.9744136,-0.39925122261047363,1.6502695083618164,1848,1920
2026-07-31T12:22:04.942114+00:00,12544.374142840,298.027711,1658137315.3248155,1658137315.8242633,1658137317.3994136,-0.4994478225708008,1.5751502513885498,1851,1923
2026-07-31T12:22:05.544767+00:00,12544.976796625,298.630365,1658137315.9248624,1658137316.424773,1658137318.024432,-0.4999105930328369,1.5996589660644531,1855,1927
2026-07-31T12:22:05.996258+00:00,12545.428286023,299.081855,1658137316.324834,1658137316.8249068,1658137318.4744582,-0.500072717666626,1.6495513916015625,1858,1930
2026-07-31T12:22:06.444564+00:00,12545.876593584,299.530162,1658137316.6248503,1658137317.323301,1658137318.899487,-0.6984508037567139,1.576185941696167,1861,1933
2026-07-31T12:22:07.053618+00:00,12546.485646728,300.139215,1658137317.3248532,1658137317.9240808,1658137319.5244856,-0.5992276668548584,1.6004047393798828,1865,1937
2026-07-31T12:22:07.507245+00:00,12546.939273643,300.592842,1658137317.6247647,1658137318.4245942,1658137319.9745204,-0.7998294830322266,1.5499262809753418,1868,1940
2026-07-31T12:22:07.953174+00:00,12547.385203541,301.038772,1658137317.9249167,1658137318.824715,1658137320.4245257,-0.8997981548309326,1.5998108386993408,1871,1943
2026-07-31T12:22:08.557370+00:00,12547.989397779,301.642966,1658137318.8247397,1658137319.424917,1658137321.0245655,-0.6001772880554199,1.5996484756469727,1875,1947
2026-07-31T12:22:09.007177+00:00,12548.439206801,302.092775,1658137319.2248654,1658137319.9229338,1658137321.4745715,-0.698068380355835,1.5516376495361328,1878,1950
2026-07-31T12:22:09.459639+00:00,12548.891668478,302.545237,1658137319.7248278,1658137320.3248427,1658137321.9245832,-0.6000149250030518,1.5997405052185059,1881,1953
2026-07-31T12:22:10.068255+00:00,12549.500285073,303.153854,1658137320.7249093,1658137320.9248319,1658137322.5246203,-0.1999225616455078,1.5997884273529053,1885,1957
2026-07-31T12:22:10.516555+00:00,12549.948583519,303.602152,1658137321.124765,1658137321.424616,1658137322.9746356,-0.2998511791229248,1.5500195026397705,1888,1960
2026-07-31T12:22:10.969464+00:00,12550.401493740,304.055062,1658137321.6249056,1658137321.82443,1658137323.4246626,-0.1995244026184082,1.6002326011657715,1891,1963
2026-07-31T12:22:11.572129+00:00,12551.004158379,304.657727,1658137322.224837,1658137322.4247253,1658137324.0496829,-0.1998882293701172,1.62495756149292,1895,1967
2026-07-31T12:22:12.023396+00:00,12551.455425225,305.108994,1658137322.6248875,1658137322.924679,1658137324.4996963,-0.2997915744781494,1.5750172138214111,1898,1970
2026-07-31T12:22:12.475590+00:00,12551.907618825,305.561187,1658137322.9249158,1658137323.3244672,1658137324.9497056,-0.3995513916015625,1.6252384185791016,1901,1973
2026-07-31T12:22:13.083450+00:00,12552.515479797,306.169048,1658137323.4247098,1658137323.9248548,1658137325.54973,-0.5001449584960938,1.6248753070831299,1905,1977
2026-07-31T12:22:13.538570+00:00,12552.970599619,306.624168,1658137323.72474,1658137324.4245057,1658137325.9997475,-0.699765682220459,1.5752418041229248,1908,1980
2026-07-31T12:22:13.985498+00:00,12553.417527029,307.071096,1658137324.0247483,1658137324.8246417,1658137326.4497635,-0.7998933792114258,1.625121831893921,1911,1983
2026-07-31T12:22:14.588240+00:00,12554.020268885,307.673838,1658137324.4249096,1658137325.4247022,1658137327.049811,-0.9997925758361816,1.6251087188720703,1915,1987
2026-07-31T12:22:15.051666+00:00,12554.483694023,308.137263,1658137324.9248579,1658137325.9248116,1658137327.524793,-0.9999537467956543,1.5999813079833984,1918,1990
2026-07-31T12:22:15.513150+00:00,12554.945179443,308.598748,1658137325.5248108,1658137326.4248931,1658137327.9748266,-0.9000823497772217,1.5499334335327148,1921,1993
2026-07-31T12:22:15.960139+00:00,12555.392168568,309.045737,1658137326.3248136,1658137326.8244402,1658137328.4248457,-0.49962663650512695,1.6004054546356201,1924,1996
2026-07-31T12:22:16.558625+00:00,12555.990654471,309.644223,1658137326.9248316,1658137327.4249046,1658137329.0248506,-0.5000729560852051,1.5999460220336914,1928,2000
2026-07-31T12:22:17.011750+00:00,12556.443778545,310.097347,1658137327.2248437,1658137327.924673,1658137329.4748802,-0.6998293399810791,1.5502071380615234,1931,2003
2026-07-31T12:22:17.465056+00:00,12556.897084966,310.550654,1658137327.6248448,1658137328.324836,1658137329.9249053,-0.6999912261962891,1.600069284439087,1934,2006
2026-07-31T12:22:18.067160+00:00,12557.499188199,311.152757,1658137328.024815,1658137328.9242623,1658137330.524922,-0.8994472026824951,1.6006596088409424,1938,2010
2026-07-31T12:22:18.515294+00:00,12557.947324263,311.600893,1658137328.3249192,1658137329.4245195,1658137330.974942,-1.0996003150939941,1.5504224300384521,1941,2013
2026-07-31T12:22:18.968079+00:00,12558.400108353,312.053677,1658137328.8247247,1658137329.8246808,1658137331.42496,-0.9999561309814453,1.6002790927886963,1944,2016
2026-07-31T12:22:19.573806+00:00,12559.005835410,312.659404,1658137329.5247517,1658137330.4245067,1658137332.0499926,-0.8997550010681152,1.625485897064209,1948,2020
2026-07-31T12:22:20.027366+00:00,12559.459394426,313.112963,1658137330.2247462,1658137330.9247208,1658137332.5000167,-0.699974536895752,1.5752959251403809,1951,2023
2026-07-31T12:22:20.474374+00:00,12559.906403437,313.559972,1658137330.6248157,1658137331.3248088,1658137332.9500232,-0.6999931335449219,1.6252143383026123,1954,2026
2026-07-31T12:22:21.083522+00:00,12560.515551186,314.169120,1658137331.1247528,1658137331.9247546,1658137333.5500422,-0.800001859664917,1.6252875328063965,1958,2030
2026-07-31T12:22:21.538432+00:00,12560.970460828,314.624029,1658137331.824908,1658137332.4247777,1658137334.0000544,-0.5998697280883789,1.5752766132354736,1961,2033
2026-07-31T12:22:21.979308+00:00,12561.411337672,315.064906,1658137332.1249323,1658137332.8241847,1658137334.4500759,-0.6992523670196533,1.6258912086486816,1964,2036
2026-07-31T12:22:22.581883+00:00,12562.013911389,315.667480,1658137332.5249135,1658137333.4248078,1658137335.0500944,-0.8998942375183105,1.62528657913208,1968,2040
2026-07-31T12:22:23.033163+00:00,12562.465193081,316.118762,1658137333.2249198,1658137333.9245722,1658137335.5001173,-0.6996524333953857,1.575545072555542,1971,2043
2026-07-31T12:22:23.487053+00:00,12562.919082148,316.572651,1658137333.5247262,1658137334.3244874,1658137335.9501407,-0.7997612953186035,1.6256532669067383,1974,2046
2026-07-31T12:22:24.087465+00:00,12563.519493824,317.173062,1658137334.1248353,1658137334.9248369,1658137336.5501614,-0.8000016212463379,1.6253244876861572,1978,2050
2026-07-31T12:22:24.535631+00:00,12563.967659646,317.621228,1658137334.6248195,1658137335.4246826,1658137337.0001767,-0.7998631000518799,1.5754940509796143,1981,2053
2026-07-31T12:22:24.994311+00:00,12564.426340826,318.079909,1658137335.2247386,1658137335.8248074,1658137337.4501927,-0.6000688076019287,1.6253852844238281,1984,2056
2026-07-31T12:22:25.451181+00:00,12564.883210996,318.536780,1658137335.9249003,1658137336.324431,1658137337.9252088,-0.39953064918518066,1.6007778644561768,1987,2059
2026-07-31T12:22:26.055761+00:00,12565.487790263,319.141359,1658137336.5248091,1658137336.924254,1658137338.5252411,-0.3994448184967041,1.600987195968628,1991,2063
2026-07-31T12:22:26.504493+00:00,12565.936523083,319.590092,1658137337.0247643,1658137337.32426,1658137338.975249,-0.2994956970214844,1.650989055633545,1994,2066
2026-07-31T12:22:26.969310+00:00,12566.401340446,320.054909,1658137337.424723,1658137337.8247366,1658137339.425273,-0.40001368522644043,1.6005363464355469,1997,2069
2026-07-31T12:22:27.575665+00:00,12567.007693147,320.661262,1658137337.9248967,1658137338.42472,1658137340.0502946,-0.49982333183288574,1.6255745887756348,2001,2073
2026-07-31T12:22:28.021808+00:00,12567.453837129,321.107406,1658137338.3248842,1658137338.923732,1658137340.5003123,-0.5988478660583496,1.576580286026001,2004,2076
2026-07-31T12:22:28.470862+00:00,12567.902891102,321.556460,1658137338.7247543,1658137339.3248677,1658137340.9503458,-0.6001133918762207,1.6254780292510986,2007,2079
2026-07-31T12:22:29.074142+00:00,12568.506171023,322.159740,1658137339.2248309,1658137339.9235892,1658137341.5503573,-0.6987583637237549,1.6267681121826172,2011,2083
2026-07-31T12:22:29.533660+00:00,12568.965688808,322.619257,1658137339.5249274,1658137340.4248896,1658137342.0003684,-0.8999621868133545,1.5754787921905518,2014,2086
2026-07-31T12:22:29.978112+00:00,12569.410142065,323.063711,1658137340.124865,1658137340.824754,1658137342.4503977,-0.6998889446258545,1.6256437301635742,2017,2089
2026-07-31T12:22:30.584412+00:00,12570.016441704,323.670010,1658137340.824758,1658137341.4249141,1658137343.0504189,-0.6001560688018799,1.625504732131958,2021,2093
2026-07-31T12:22:31.037596+00:00,12570.469624529,324.123193,1658137341.6248262,1658137341.9248002,1658137343.5004306,-0.2999739646911621,1.5756304264068604,2024,2096
2026-07-31T12:22:31.497605+00:00,12570.929632578,324.583201,1658137342.0249126,1658137342.3248477,1658137343.975456,-0.29993510246276855,1.6506083011627197,2027,2099
2026-07-31T12:22:31.951216+00:00,12571.383244906,325.036814,1658137342.4248247,1658137342.8249114,1658137344.425476,-0.4000866413116455,1.60056471824646,2030,2102
2026-07-31T12:22:32.560720+00:00,12571.992749100,325.646318,1658137343.0248497,1658137343.4248736,1658137345.0254996,-0.4000239372253418,1.600625991821289,2034,2106
2026-07-31T12:22:33.022338+00:00,12572.454367479,326.107936,1658137343.3248053,1658137343.9247196,1658137345.5005124,-0.5999143123626709,1.5757927894592285,2037,2109
2026-07-31T12:22:33.467634+00:00,12572.900855597,326.554424,1658137343.724915,1658137344.3248332,1658137345.925531,-0.5999181270599365,1.6006977558135986,2040,2112
2026-07-31T12:22:34.066640+00:00,12573.499860007,327.153429,1658137344.1248968,1658137344.9247491,1658137346.5255606,-0.7998523712158203,1.60081148147583,2044,2116
2026-07-31T12:22:34.516643+00:00,12573.949863866,327.603433,1658137344.424922,1658137345.4245982,1658137346.9755876,-0.9996762275695801,1.5509893894195557,2047,2119
2026-07-31T12:22:34.974952+00:00,12574.408172747,328.061741,1658137344.8249254,1658137345.8247364,1658137347.4505813,-0.9998109340667725,1.625844955444336,2050,2122
2026-07-31T12:22:35.580107+00:00,12575.013327829,328.666896,1658137345.5248652,1658137346.4245193,1658137348.050622,-0.8996541500091553,1.6261026859283447,2054,2126
2026-07-31T12:22:36.033857+00:00,12575.467077810,329.120646,1658137346.3247974,1658137346.9248083,1658137348.5006223,-0.600010871887207,1.5758140087127686,2057,2129
2026-07-31T12:22:36.483596+00:00,12575.916816817,329.570385,1658137347.0249104,1658137347.3248503,1658137348.9506674,-0.2999398708343506,1.625817060470581,2060,2132
2026-07-31T12:22:37.084969+00:00,12576.518190444,330.171759,1658137347.624901,1658137347.9244719,1658137349.5506704,-0.29957079887390137,1.6261985301971436,2064,2136
2026-07-31T12:22:37.533891+00:00,12576.967112508,330.620681,1658137348.1248276,1658137348.422178,1658137350.0006866,-0.2973504066467285,1.5785086154937744,2067,2139
2026-07-31T12:22:37.986819+00:00,12577.420040474,331.073609,1658137348.5247614,1658137348.824909,1658137350.4507184,-0.30014753341674805,1.6258094310760498,2070,2142
2026-07-31T12:22:38.448849+00:00,12577.882070938,331.535640,1658137348.8249133,1658137349.324193,1658137350.9257407,-0.4992797374725342,1.6015477180480957,2073,2145
2026-07-31T12:22:39.068883+00:00,12578.502104503,332.155673,1658137349.2249181,1658137349.9248903,1658137351.5257652,-0.6999721527099609,1.600874900817871,2077,2149
2026-07-31T12:22:39.522710+00:00,12578.955930737,332.609499,1658137349.6247444,1658137350.4248188,1658137352.0007675,-0.8000743389129639,1.575948715209961,2080,2152
2026-07-31T12:22:39.968461+00:00,12579.401682415,333.055251,1658137350.0247352,1658137350.8244548,1658137352.4257932,-0.7997195720672607,1.6013383865356445,2083,2155
2026-07-31T12:22:40.578810+00:00,12580.012031174,333.665600,1658137350.524821,1658137351.4249249,1658137353.0508158,-0.9001038074493408,1.6258909702301025,2087,2159
2026-07-31T12:22:41.034757+00:00,12580.467978615,334.121547,1658137351.524776,1658137351.9247396,1658137353.5008304,-0.3999636173248291,1.5760908126831055,2090,2162
2026-07-31T12:22:41.490521+00:00,12580.923743898,334.577313,1658137351.924748,1658137352.3248138,1658137353.9508617,-0.40006589889526367,1.6260478496551514,2093,2165
2026-07-31T12:22:42.088085+00:00,12581.521306761,335.174875,1658137352.324818,1658137352.9248004,1658137354.5508723,-0.599982500076294,1.6260719299316406,2097,2169
2026-07-31T12:22:42.539424+00:00,12581.972645305,335.626214,1658137352.6248364,1658137353.4234772,1658137355.0008974,-0.7986407279968262,1.5774202346801758,2100,2172
2026-07-31T12:22:42.997290+00:00,12582.430510254,336.084079,1658137352.9248505,1658137353.8249109,1658137355.4759204,-0.9000604152679443,1.6510095596313477,2103,2175
2026-07-31T12:22:43.444715+00:00,12582.877937025,336.531506,1658137353.6247494,1658137354.3247538,1658137355.9009347,-0.7000043392181396,1.5761809349060059,2106,2178
2026-07-31T12:22:44.039546+00:00,12583.472767596,337.126336,1658137354.3248205,1658137354.9204133,1658137356.5009706,-0.595592737197876,1.5805573463439941,2110,2182
2026-07-31T12:22:44.492111+00:00,12583.925333065,337.578902,1658137354.9248555,1658137355.3248203,1658137356.9509735,-0.3999648094177246,1.6261532306671143,2113,2185
2026-07-31T12:22:44.950294+00:00,12584.383515721,338.037084,1658137355.5247576,1658137355.8248928,1658137357.4259799,-0.30013513565063477,1.6010870933532715,2116,2188
2026-07-31T12:22:45.549450+00:00,12584.982672103,338.636241,1658137356.2248929,1658137356.424815,1658137358.0260093,-0.1999220848083496,1.6011943817138672,2120,2192
2026-07-31T12:22:45.998179+00:00,12585.431400785,339.084969,1658137356.5249035,1658137356.824897,1658137358.4760444,-0.29999351501464844,1.6511473655700684,2123,2195
2026-07-31T12:22:46.445604+00:00,12585.878825688,339.532394,1658137357.0248144,1658137357.3220422,1658137358.9260457,-0.2972278594970703,1.6040034294128418,2126,2198
2026-07-31T12:22:47.059385+00:00,12586.492605620,340.146174,1658137357.6249135,1658137357.92482,1658137359.5260658,-0.29990649223327637,1.6012458801269531,2130,2202
2026-07-31T12:22:47.507315+00:00,12586.940536506,340.594105,1658137357.924824,1658137358.324927,1658137359.976147,-0.4001030921936035,1.6512198448181152,2133,2205
2026-07-31T12:22:47.958748+00:00,12587.391969627,341.045538,1658137358.5248594,1658137358.8247552,1658137360.4261615,-0.2998957633972168,1.6014063358306885,2136,2208
2026-07-31T12:22:48.561669+00:00,12587.994890900,341.648460,1658137359.024815,1658137359.4246116,1658137361.026135,-0.3997964859008789,1.6015233993530273,2140,2212
2026-07-31T12:22:49.024528+00:00,12588.457750408,342.111319,1658137359.4248574,1658137359.9218748,1658137361.5011427,-0.49701738357543945,1.579267978668213,2143,2215
2026-07-31T12:22:49.473164+00:00,12588.906384906,342.559954,1658137359.9247053,1658137360.323877,1658137361.9511876,-0.3991718292236328,1.6273105144500732,2146,2218
2026-07-31T12:22:50.078961+00:00,12589.512182331,343.165751,1658137360.5248163,1658137360.9248116,1658137362.5511873,-0.3999953269958496,1.626375675201416,2150,2222
2026-07-31T12:22:50.533916+00:00,12589.967137635,343.620706,1658137361.0248995,1658137361.4248376,1658137363.0012183,-0.39993810653686523,1.576380729675293,2153,2225
2026-07-31T12:22:50.986733+00:00,12590.419953814,344.073522,1658137361.5248165,1658137361.824754,1658137363.4512248,-0.29993748664855957,1.6264708042144775,2156,2228
2026-07-31T12:22:51.589174+00:00,12591.022395846,344.675964,1658137362.1248455,1658137362.4227848,1658137364.0512497,-0.2979393005371094,1.628464937210083,2160,2232
2026-07-31T12:22:52.039059+00:00,12591.472280816,345.125849,1658137362.5248818,1658137362.9248235,1658137364.5012598,-0.39994168281555176,1.5764362812042236,2163,2235
2026-07-31T12:22:52.485050+00:00,12591.918272087,345.571841,1658137362.8247623,1658137363.3244004,1658137364.9512937,-0.49963808059692383,1.6268932819366455,2166,2238
2026-07-31T12:22:52.941299+00:00,12592.374520750,346.028089,1658137363.3248413,1658137363.8216662,1658137365.4013016,-0.4968249797821045,1.5796353816986084,2169,2241
2026-07-31T12:22:53.543671+00:00,12592.976892890,346.630462,1658137363.9249241,1658137364.4245434,1658137366.0013218,-0.4996192455291748,1.5767784118652344,2173,2245
2026-07-31T12:22:53.992800+00:00,12593.426021585,347.079590,1658137364.3248358,1658137364.824531,1658137366.4513378,-0.4996953010559082,1.6268067359924316,2176,2248
2026-07-31T12:22:54.442284+00:00,12593.875505782,347.529074,1658137365.0248525,1658137365.3232253,1658137366.9013832,-0.298372745513916,1.578157901763916,2179,2251
2026-07-31T12:22:55.048885+00:00,12594.482106793,348.135675,1658137365.6247592,1658137365.9248564,1658137367.5263913,-0.3000972270965576,1.6015348434448242,2183,2255
2026-07-31T12:22:55.494980+00:00,12594.928201576,348.581770,1658137366.1248407,1658137366.3221605,1658137367.9514136,-0.19731974601745605,1.6292531490325928,2186,2258
2026-07-31T12:22:55.943893+00:00,12595.377115421,349.030684,1658137366.424735,1658137366.8247364,1658137368.4014263,-0.40000128746032715,1.5766899585723877,2189,2261
2026-07-31T12:22:56.554379+00:00,12595.987601052,349.641170,1658137366.9248347,1658137367.424422,1658137369.026453,-0.4995872974395752,1.6020309925079346,2193,2265
2026-07-31T12:22:57.012304+00:00,12596.445525272,350.099094,1658137367.224862,1658137367.9248235,1658137369.4764838,-0.6999614238739014,1.5516602993011475,2196,2268
2026-07-31T12:22:57.460168+00:00,12596.893389080,350.546958,1658137367.724755,1658137368.3236954,1658137369.9265032,-0.598940372467041,1.6028077602386475,2199,2271
2026-07-31T12:22:58.066805+00:00,12597.500024816,351.153593,1658137368.624764,1658137368.9223988,1658137370.5265198,-0.2976348400115967,1.6041209697723389,2203,2275
2026-07-31T12:22:58.521672+00:00,12597.954892369,351.608461,1658137369.0247602,1658137369.4248204,1658137371.001535,-0.40006017684936523,1.5767145156860352,2206,2278
2026-07-31T12:22:58.975220+00:00,12598.408441932,352.062011,1658137369.5249164,1658137369.8247826,1658137371.4515574,-0.2998661994934082,1.626774787902832,2209,2281
2026-07-31T12:22:59.573029+00:00,12599.006250574,352.659819,1658137369.9249141,1658137370.4244666,1658137372.051574,-0.49955248832702637,1.6271073818206787,2213,2285
2026-07-31T12:23:00.034897+00:00,12599.468118203,353.121687,1658137370.2247176,1658137370.924757,1658137372.501592,-0.7000393867492676,1.5768349170684814,2216,2288
2026-07-31T12:23:00.492075+00:00,12599.925295267,353.578864,1658137370.5249095,1658137371.3246915,1658137372.951626,-0.7997820377349854,1.62693452835083,2219,2291
2026-07-31T12:23:00.948404+00:00,12600.381626377,354.035195,1658137370.9247615,1658137371.8247929,1658137373.426631,-0.900031328201294,1.6018381118774414,2222,2294
2026-07-31T12:23:01.549012+00:00,12600.982233837,354.635802,1658137371.3247123,1658137372.4248466,1658137374.0266452,-1.1001343727111816,1.6017985343933105,2226,2298
2026-07-31T12:23:01.990911+00:00,12601.424132836,355.077701,1658137371.7248402,1658137372.8247209,1658137374.4516773,-1.0998806953430176,1.6269564628601074,2229,2301
2026-07-31T12:23:02.442740+00:00,12601.875961017,355.529530,1658137372.8247542,1658137373.3247786,1658137374.9016826,-0.5000243186950684,1.576904058456421,2232,2304
2026-07-31T12:23:03.042951+00:00,12602.476172753,356.129741,1658137373.4247546,1658137373.9248297,1658137375.5016978,-0.500075101852417,1.5768680572509766,2236,2308
2026-07-31T12:23:03.489707+00:00,12602.924068194,356.577637,1658137373.9248335,1658137374.32476,1658137375.951722,-0.39992642402648926,1.6269619464874268,2239,2311
2026-07-31T12:23:04.093057+00:00,12603.527419016,357.180988,1658137374.7248216,1658137374.9247293,1658137376.551765,-0.19990777969360352,1.6270356178283691,2243,2315
2026-07-31T12:23:04.544143+00:00,12603.978504801,357.632073,1658137375.1249263,1658137375.4246461,1658137377.0017545,-0.29971981048583984,1.577108383178711,2246,2318
2026-07-31T12:23:05.000171+00:00,12604.434532681,358.088101,1658137375.5247355,1658137375.82469,1658137377.4767895,-0.2999546527862549,1.652099370956421,2249,2321
2026-07-31T12:23:05.450370+00:00,12604.884732357,358.538301,1658137375.824748,1658137376.3246748,1658137377.926798,-0.4999268054962158,1.6021232604980469,2252,2324
2026-07-31T12:23:06.058804+00:00,12605.493165737,359.146734,1658137376.3248081,1658137376.9248712,1658137378.5268204,-0.6000630855560303,1.6019492149353027,2256,2328
2026-07-31T12:23:06.513064+00:00,12605.947426394,359.600995,1658137376.7249296,1658137377.4247632,1658137378.976835,-0.6998336315155029,1.5520718097686768,2259,2331
2026-07-31T12:23:06.973835+00:00,12606.408196591,360.061765,1658137377.3249114,1658137377.824639,1658137379.451856,-0.499727725982666,1.6272168159484863,2262,2334
2026-07-31T12:23:07.440815+00:00,12606.875176425,360.528745,1658137378.0248165,1658137378.3248894,1658137379.9018784,-0.30007290840148926,1.576988935470581,2265,2337
2026-07-31T12:23:08.047698+00:00,12607.482060112,361.135629,1658137378.7249143,1658137378.9248347,1658137380.5268981,-0.1999204158782959,1.6020634174346924,2269,2341
2026-07-31T12:23:08.508229+00:00,12607.942590884,361.596160,1658137379.1248968,1658137379.324844,1658137380.9768918,-0.19994711875915527,1.652047872543335,2272,2344
2026-07-31T12:23:08.957346+00:00,12608.391706499,362.045275,1658137379.624753,1658137379.8226955,1658137381.4269278,-0.19794249534606934,1.6042323112487793,2275,2347
2026-07-31T12:23:09.557569+00:00,12608.991930477,362.645499,1658137380.2248216,1658137380.424761,1658137382.0269635,-0.19993948936462402,1.6022024154663086,2279,2351
2026-07-31T12:23:10.004211+00:00,12609.438572434,363.092141,1658137380.6247156,1658137380.8224502,1658137382.4769778,-0.19773459434509277,1.6545276641845703,2282,2354
2026-07-31T12:23:10.460621+00:00,12609.894982905,363.548552,1658137381.1249213,1658137381.3244677,1658137382.9269836,-0.19954633712768555,1.6025159358978271,2285,2357
2026-07-31T12:23:11.060457+00:00,12610.494818756,364.148387,1658137381.7248309,1658137381.9244783,1658137383.527019,-0.1996474266052246,1.6025407314300537,2289,2361
2026-07-31T12:23:11.503119+00:00,12610.937480918,364.591050,1658137382.1248236,1658137382.3248813,1658137383.977041,-0.2000577449798584,1.6521596908569336,2292,2364
2026-07-31T12:23:11.954598+00:00,12611.388959679,365.042528,1658137382.624739,1658137382.8249009,1658137384.4270754,-0.20016193389892578,1.6021745204925537,2295,2367
2026-07-31T12:23:12.560673+00:00,12611.995034926,365.648604,1658137383.1249106,1658137383.4246547,1658137385.027081,-0.2997441291809082,1.602426290512085,2299,2371
2026-07-31T12:23:13.020305+00:00,12612.454666616,366.108235,1658137383.5248048,1658137383.9249144,1658137385.5020878,-0.40010952949523926,1.5771734714508057,2302,2374
2026-07-31T12:23:13.471633+00:00,12612.905994093,366.559563,1658137383.9249184,1658137384.3245952,1658137385.95212,-0.3996767997741699,1.6275248527526855,2305,2377
2026-07-31T12:23:14.070207+00:00,12613.504568700,367.158137,1658137384.4247208,1658137384.9234917,1658137386.5521374,-0.49877095222473145,1.628645658493042,2309,2381
2026-07-31T12:23:14.518070+00:00,12613.952431034,367.606000,1658137384.8248258,1658137385.4246738,1658137386.977153,-0.5998480319976807,1.5524792671203613,2312,2384
2026-07-31T12:23:14.967284+00:00,12614.401645449,368.055214,1658137385.324744,1658137385.8248043,1658137387.4271674,-0.5000603199005127,1.602363109588623,2315,2387
2026-07-31T12:23:15.567458+00:00,12615.001820037,368.655389,1658137386.0247536,1658137386.4243646,1658137388.0272,-0.3996109962463379,1.6028354167938232,2319,2391
2026-07-31T12:23:16.014834+00:00,12615.449196232,369.102765,1658137386.3248973,1658137386.9248388,1658137388.4772184,-0.5999414920806885,1.5523796081542969,2322,2394
2026-07-31T12:23:16.468158+00:00,12615.902519625,369.556088,1658137386.9248428,1658137387.3248315,1658137388.9272327,-0.39998865127563477,1.6024012565612793,2325,2397
2026-07-31T12:23:17.072642+00:00,12616.507003286,370.160572,1658137387.5247788,1658137387.9247625,1658137389.5522575,-0.39998364448547363,1.6274950504302979,2329,2401
2026-07-31T12:23:17.519748+00:00,12616.954108954,370.607678,1658137387.9247668,1658137388.4248424,1658137389.9772737,-0.5000755786895752,1.552431344985962,2332,2404
2026-07-31T12:23:17.973189+00:00,12617.407550403,371.061119,1658137388.324767,1658137388.8248246,1658137390.4522908,-0.5000574588775635,1.6274662017822266,2335,2407
2026-07-31T12:23:18.586633+00:00,12618.020992506,371.674561,1658137389.124844,1658137389.4245834,1658137391.05231,-0.29973936080932617,1.6277265548706055,2339,2411
2026-07-31T12:23:19.069745+00:00,12618.504107221,372.157676,1658137389.5248384,1658137389.9246705,1658137391.5273364,-0.39983201026916504,1.602665901184082,2342,2414
2026-07-31T12:23:19.514948+00:00,12618.949309333,372.602878,1658137389.824722,1658137390.4248245,1658137391.977379,-0.600102424621582,1.5525546073913574,2345,2417
2026-07-31T12:23:19.973806+00:00,12619.408167748,373.061736,1658137390.1247466,1658137390.8249063,1658137392.452375,-0.7001597881317139,1.6274685859680176,2348,2420
2026-07-31T12:23:20.579246+00:00,12620.013607405,373.667176,1658137390.7248204,1658137391.4248803,1658137393.052398,-0.7000598907470703,1.6275177001953125,2352,2424
2026-07-31T12:23:21.032242+00:00,12620.466604524,374.120173,1658137391.0248373,1658137391.9247305,1658137393.5024211,-0.8998932838439941,1.577690601348877,2355,2427
2026-07-31T12:23:21.476181+00:00,12620.910542253,374.564111,1658137391.4249094,1658137392.323633,1658137393.9524455,-0.8987236022949219,1.628812551498413,2358,2430
2026-07-31T12:23:22.077414+00:00,12621.511776371,375.165345,1658137392.1249182,1658137392.922259,1658137394.552463,-0.7973408699035645,1.6302039623260498,2362,2434
2026-07-31T12:23:22.537960+00:00,12621.972322183,375.625891,1658137392.8249059,1658137393.4244075,1658137395.0024848,-0.5995016098022461,1.5780773162841797,2365,2437
2026-07-31T12:23:22.982779+00:00,12622.417141348,376.070710,1658137393.224769,1658137393.8248527,1658137395.4524953,-0.600083589553833,1.6276426315307617,2368,2440
2026-07-31T12:23:23.582193+00:00,12623.016553001,376.670122,1658137394.0249267,1658137394.4249194,1658137396.0525386,-0.3999927043914795,1.6276192665100098,2372,2444
2026-07-31T12:23:24.029276+00:00,12623.463637688,377.117206,1658137394.4249237,1658137394.9220707,1658137396.5025415,-0.4971470832824707,1.5804708003997803,2375,2447
2026-07-31T12:23:24.487669+00:00,12623.922030328,377.575599,1658137395.0248308,1658137395.323523,1658137396.9525533,-0.2986922264099121,1.6290302276611328,2378,2450
2026-07-31T12:23:25.080979+00:00,12624.515340680,378.168909,1658137395.7249215,1658137395.9234788,1658137397.5525765,-0.19855737686157227,1.6290977001190186,2382,2454
2026-07-31T12:23:25.526673+00:00,12624.961034484,378.614603,1658137396.1248949,1658137396.4192011,1658137398.0026097,-0.29430627822875977,1.5834085941314697,2385,2457
2026-07-31T12:23:25.984377+00:00,12625.418738883,379.072308,1658137396.624761,1658137396.823776,1658137398.4526174,-0.19901490211486816,1.6288414001464844,2388,2460
2026-07-31T12:23:26.583009+00:00,12626.017370626,379.670939,1658137397.2248952,1658137397.4202173,1658137399.0526404,-0.19532203674316406,1.6324231624603271,2392,2464
2026-07-31T12:23:27.043732+00:00,12626.478094390,380.131663,1658137397.6247644,1658137397.9247584,1658137399.5026975,-0.29999399185180664,1.5779390335083008,2395,2467
2026-07-31T12:23:27.493238+00:00,12626.927599466,380.581168,1658137397.9247627,1658137398.3227925,1658137399.9526796,-0.39802980422973633,1.6298871040344238,2398,2470
2026-07-31T12:23:27.943188+00:00,12627.377549173,381.031118,1658137398.4249218,1658137398.8205385,1658137400.4027035,-0.3956167697906494,1.582165002822876,2401,2473
2026-07-31T12:23:28.551517+00:00,12627.985878507,381.639447,1658137399.0248077,1658137399.4247255,1658137401.0277197,-0.3999178409576416,1.6029942035675049,2405,2477
2026-07-31T12:23:28.996038+00:00,12628.430400127,382.083969,1658137399.42473,1658137399.8248522,1658137401.4777274,-0.40012216567993164,1.6528751850128174,2408,2480
2026-07-31T12:23:29.444469+00:00,12628.878830824,382.532399,1658137399.9248164,1658137400.3224618,1658137401.902743,-0.3976454734802246,1.5802812576293945,2411,2483
2026-07-31T12:23:30.048759+00:00,12629.483121273,383.136690,1658137400.3248227,1658137400.924833,1658137402.5277731,-0.6000103950500488,1.6029400825500488,2415,2487
2026-07-31T12:23:30.507984+00:00,12629.942346205,383.595915,1658137400.7249186,1658137401.4247093,1658137402.9778044,-0.6997907161712646,1.5530951023101807,2418,2490
2026-07-31T12:23:30.956161+00:00,12630.390523424,384.044092,1658137401.024922,1658137401.8245978,1658137403.4278142,-0.7996759414672852,1.6032164096832275,2421,2493
2026-07-31T12:23:31.556339+00:00,12630.990700902,384.644270,1658137401.8248303,1658137402.4247084,1658137404.0278363,-0.5998780727386475,1.6031279563903809,2425,2497
2026-07-31T12:23:32.017265+00:00,12631.451626159,385.105195,1658137402.2248194,1658137402.9248927,1658137404.477865,-0.7000732421875,1.5529723167419434,2428,2500
2026-07-31T12:23:32.484832+00:00,12631.919193125,385.572762,1658137402.5249119,1658137403.3248117,1658137404.9528775,-0.7998998165130615,1.628065824508667,2431,2503
2026-07-31T12:23:33.092900+00:00,12632.527261939,386.180831,1658137403.1248615,1658137403.9229958,1658137405.5529037,-0.7981343269348145,1.6299078464508057,2435,2507
2026-07-31T12:23:33.539220+00:00,12632.975023377,386.628592,1658137403.5247757,1658137404.4248998,1658137406.0029137,-0.9001240730285645,1.5780138969421387,2438,2510
2026-07-31T12:23:33.988888+00:00,12633.424692085,387.078261,1658137403.8249002,1658137404.8249032,1658137406.4529355,-1.0000030994415283,1.6280322074890137,2441,2513
2026-07-31T12:23:34.584360+00:00,12634.020163990,387.673733,1658137404.2247608,1658137405.4247258,1658137407.0529315,-1.199965000152588,1.6282057762145996,2445,2517
2026-07-31T12:23:35.037373+00:00,12634.473176009,388.126745,1658137404.9247582,1658137405.9248862,1658137407.5029294,-1.0001280307769775,1.5780432224273682,2448,2520
2026-07-31T12:23:35.488938+00:00,12634.924740966,388.578310,1658137405.8248315,1658137406.3242657,1658137407.952963,-0.499434232711792,1.628697395324707,2451,2523
2026-07-31T12:23:36.086726+00:00,12635.522529136,389.176098,1658137406.2248094,1658137406.9247582,1658137408.552925,-0.699948787689209,1.628166913986206,2455,2527
2026-07-31T12:23:36.549184+00:00,12635.984986894,389.638556,1658137406.8248463,1658137407.4247477,1658137409.0279362,-0.5999014377593994,1.6031885147094727,2458,2530
2026-07-31T12:23:36.992065+00:00,12636.427868742,390.081437,1658137407.124773,1658137407.8246543,1658137409.4529338,-0.6998813152313232,1.628279447555542,2461,2533
2026-07-31T12:23:37.589970+00:00,12637.025773754,390.679342,1658137407.6248398,1658137408.4247305,1658137410.052948,-0.7998907566070557,1.6282174587249756,2465,2537
2026-07-31T12:23:38.043850+00:00,12637.479652926,391.133222,1658137408.4247346,1658137408.923573,1658137410.5029476,-0.4988384246826172,1.5793745517730713,2468,2540
2026-07-31T12:23:38.494244+00:00,12637.930046991,391.583616,1658137408.8248274,1658137409.3249183,1658137410.9529479,-0.5000908374786377,1.6280295848846436,2471,2543
2026-07-31T12:23:38.941101+00:00,12638.376903867,392.030473,1658137409.424773,1658137409.824747,1658137411.4029505,-0.39997410774230957,1.5782034397125244,2474,2546
2026-07-31T12:23:39.539983+00:00,12638.975786294,392.629355,1658137410.0248072,1658137410.4245012,1658137412.0029757,-0.39969396591186523,1.578474521636963,2478,2550
2026-07-31T12:23:39.999487+00:00,12639.435289769,393.088858,1658137410.4247508,1658137410.8247275,1658137412.4781003,-0.3999767303466797,1.6533727645874023,2481,2553
2026-07-31T12:23:40.456390+00:00,12639.892193722,393.545762,1658137411.0248,1658137411.3247738,1658137412.9280078,-0.299973726272583,1.603234052658081,2484,2556
2026-07-31T12:23:41.049233+00:00,12640.485036168,394.138605,1658137411.5248253,1658137411.9249275,1658137413.528102,-0.4001021385192871,1.6031744480133057,2488,2560
2026-07-31T12:23:41.507707+00:00,12640.943510688,394.597079,1658137412.0247657,1658137412.4247525,1658137413.9780664,-0.39998674392700195,1.553313970565796,2491,2563
2026-07-31T12:23:41.959171+00:00,12641.394974611,395.048543,1658137412.4247568,1658137412.8247352,1658137414.4280756,-0.3999783992767334,1.6033403873443604,2494,2566
2026-07-31T12:23:42.569404+00:00,12642.005207221,395.658776,1658137413.024918,1658137413.4205089,1658137415.0281267,-0.39559078216552734,1.6076178550720215,2498,2570
2026-07-31T12:23:43.016703+00:00,12642.452506259,396.106075,1658137413.5247324,1658137413.9249275,1658137415.4781632,-0.4001951217651367,1.5532357692718506,2501,2573
2026-07-31T12:23:43.470538+00:00,12642.906340435,396.559909,1658137414.0247657,1658137414.324046,1658137415.9531991,-0.29928016662597656,1.6291532516479492,2504,2576
2026-07-31T12:23:44.067596+00:00,12643.503399075,397.156968,1658137414.4249325,1658137414.9239554,1658137416.5282495,-0.4990229606628418,1.6042940616607666,2508,2580
2026-07-31T12:23:44.526908+00:00,12643.962710819,397.616279,1658137414.8249154,1658137415.4247282,1658137417.0032895,-0.5998127460479736,1.5785613059997559,2511,2583
2026-07-31T12:23:44.974779+00:00,12644.410582363,398.064151,1658137415.3248994,1658137415.824833,1658137417.4533231,-0.49993348121643066,1.6284902095794678,2514,2586
2026-07-31T12:23:45.575682+00:00,12645.011480727,398.665049,1658137415.824837,1658137416.4238303,1658137418.0533793,-0.5989933013916016,1.6295490264892578,2518,2590
2026-07-31T12:23:46.026922+00:00,12645.462726234,399.116295,1658137416.3249152,1658137416.9249072,1658137418.5034049,-0.599992036819458,1.5784976482391357,2521,2593
2026-07-31T12:23:46.477974+00:00,12645.913778358,399.567347,1658137416.824831,1658137417.3248951,1658137418.9534342,-0.5000641345977783,1.6285390853881836,2524,2596
2026-07-31T12:23:47.068919+00:00,12646.504722873,400.158292,1658137417.4247313,1658137417.9244857,1658137419.528462,-0.4997544288635254,1.6039762496948242,2528,2600
2026-07-31T12:23:47.519692+00:00,12646.955495270,400.609064,1658137417.8248534,1658137418.424874,1658137419.9784932,-0.6000206470489502,1.553619146347046,2531,2603
2026-07-31T12:23:47.966754+00:00,12647.402557684,401.056126,1658137418.1247625,1658137418.8247912,1658137420.4285045,-0.700028657913208,1.6037132740020752,2534,2606
2026-07-31T12:23:48.578753+00:00,12648.014556372,401.668125,1658137418.8248577,1658137419.4242775,1658137421.0535247,-0.5994198322296143,1.6292471885681152,2538,2610
2026-07-31T12:23:49.029411+00:00,12648.465210220,402.118779,1658137419.224822,1658137419.9197266,1658137421.5035527,-0.6949045658111572,1.5838260650634766,2541,2613
2026-07-31T12:23:49.481951+00:00,12648.917753869,402.571323,1658137419.6248987,1658137420.3245418,1658137421.9536188,-0.6996431350708008,1.6290769577026367,2544,2616
2026-07-31T12:23:50.094729+00:00,12649.530531934,403.184101,1658137420.5248492,1658137420.924804,1658137422.5535793,-0.39995479583740234,1.6287753582000732,2548,2620
2026-07-31T12:23:50.551652+00:00,12649.987455287,403.641024,1658137421.0248885,1658137421.4229946,1658137423.0286102,-0.39810609817504883,1.6056156158447266,2551,2623
2026-07-31T12:23:51.000387+00:00,12650.436190055,404.089759,1658137421.4247422,1658137421.8248236,1658137423.4786448,-0.4000813961029053,1.6538212299346924,2554,2626
2026-07-31T12:23:51.453433+00:00,12650.889236704,404.542805,1658137421.9248216,1658137422.3219662,1658137423.9286492,-0.3971445560455322,1.6066830158233643,2557,2629
2026-07-31T12:23:52.054882+00:00,12651.490684433,405.144253,1658137422.4248204,1658137422.9246988,1658137424.5286918,-0.4998784065246582,1.6039929389953613,2561,2633
2026-07-31T12:23:52.510422+00:00,12651.946225608,405.599794,1658137422.8249288,1658137423.4245434,1658137424.9786973,-0.5996146202087402,1.5541539192199707,2564,2636
2026-07-31T12:23:52.950797+00:00,12652.386600091,406.040169,1658137423.224931,1658137423.8248541,1658137425.428724,-0.5999231338500977,1.603869915008545,2567,2639
2026-07-31T12:23:53.549383+00:00,12652.985181468,406.638750,1658137424.024864,1658137424.4247782,1658137426.0287569,-0.3999142646789551,1.6039786338806152,2571,2643
2026-07-31T12:23:53.998843+00:00,12653.434646077,407.088215,1658137424.5247471,1658137424.8229003,1658137426.4787662,-0.2981531620025635,1.6558659076690674,2574,2646
2026-07-31T12:23:54.458600+00:00,12653.894402641,407.547971,1658137424.9248574,1658137425.3248525,1658137426.9287918,-0.3999950885772705,1.6039392948150635,2577,2649
2026-07-31T12:23:55.051526+00:00,12654.487328177,408.140897,1658137425.6249285,1658137425.9246092,1658137427.5288112,-0.2996807098388672,1.6042020320892334,2581,2653
2026-07-31T12:23:55.503580+00:00,12654.939383922,408.592953,1658137426.0249076,1658137426.3248894,1658137427.9788852,-0.29998183250427246,1.6539957523345947,2584,2656
2026-07-31T12:23:55.951654+00:00,12655.387456241,409.041025,1658137426.524844,1658137426.8246775,1658137428.4288723,-0.2998335361480713,1.6041948795318604,2587,2659
2026-07-31T12:23:56.561595+00:00,12655.997397191,409.650966,1658137427.2248118,1658137427.4247143,1658137429.028893,-0.19990253448486328,1.6041786670684814,2591,2663
2026-07-31T12:23:57.014816+00:00,12656.450619320,410.104188,1658137427.6247747,1658137427.924891,1658137429.4789093,-0.30011630058288574,1.554018259048462,2594,2666
2026-07-31T12:23:57.466287+00:00,12656.902089654,410.555658,1658137427.9249198,1658137428.3248866,1658137429.9289806,-0.3999667167663574,1.6040940284729004,2597,2669
2026-07-31T12:23:58.064864+00:00,12657.500667233,411.154236,1658137428.3248947,1658137428.9247146,1658137430.5289505,-0.5998198986053467,1.6042358875274658,2601,2673
2026-07-31T12:23:58.521450+00:00,12657.957252116,411.610821,1658137428.6248906,1658137429.4248772,1658137431.0039694,-0.7999866008758545,1.579092264175415,2604,2676
2026-07-31T12:23:58.970222+00:00,12658.406025056,412.059594,1658137428.92491,1658137429.8247402,1658137431.4289868,-0.8998301029205322,1.6042466163635254,2607,2679
2026-07-31T12:23:59.569217+00:00,12659.005020991,412.658590,1658137429.4248815,1658137430.4246576,1658137432.0290174,-0.9997761249542236,1.6043598651885986,2611,2683
2026-07-31T12:24:00.023512+00:00,12659.459314814,413.112883,1658137429.9248304,1658137430.9247394,1658137432.5040207,-0.9999089241027832,1.5792813301086426,2614,2686
2026-07-31T12:24:00.479697+00:00,12659.915501193,413.569070,1658137430.9248142,1658137431.324866,1658137432.9540524,-0.4000518321990967,1.6291863918304443,2617,2689
2026-07-31T12:24:01.074546+00:00,12660.510348926,414.163918,1658137431.32487,1658137431.9242094,1658137433.5540714,-0.5993392467498779,1.6298620700836182,2621,2693
2026-07-31T12:24:01.526968+00:00,12660.962771203,414.616340,1658137431.9248204,1658137432.424822,1658137434.0040784,-0.5000016689300537,1.579256296157837,2624,2696
2026-07-31T12:24:01.977712+00:00,12661.413515238,415.067084,1658137432.4248552,1658137432.8248274,1658137434.454113,-0.39997220039367676,1.6292855739593506,2627,2699
2026-07-31T12:24:02.583016+00:00,12662.018819559,415.672388,1658137432.8248355,1658137433.424612,1658137435.054131,-0.5997765064239502,1.629518985748291,2631,2703
2026-07-31T12:24:03.033935+00:00,12662.469739415,416.123308,1658137433.2249298,1658137433.9247985,1658137435.5041447,-0.6998686790466309,1.5793461799621582,2634,2706
2026-07-31T12:24:03.481840+00:00,12662.918630727,416.572199,1658137433.624925,1658137434.3247514,1658137435.9541805,-0.6998264789581299,1.6294291019439697,2637,2709
2026-07-31T12:24:04.073353+00:00,12663.510144032,417.163713,1658137434.2248666,1658137434.924744,1658137436.5541947,-0.6998772621154785,1.629450798034668,2641,2713
2026-07-31T12:24:04.528372+00:00,12663.965163810,417.618732,1658137434.6248074,1658137435.4247375,1658137437.0042028,-0.7999300956726074,1.579465389251709,2644,2716
2026-07-31T12:24:04.970630+00:00,12664.407420230,418.060989,1658137435.224853,1658137435.8248377,1658137437.4542334,-0.5999846458435059,1.6293957233428955,2647,2719
2026-07-31T12:24:05.561502+00:00,12664.998292760,418.651861,1658137436.0249064,1658137436.4248111,1658137438.0292614,-0.399904727935791,1.6044502258300781,2651,2723
2026-07-31T12:24:06.011964+00:00,12665.448754155,419.102323,1658137436.4248154,1658137436.9245028,1658137438.4792705,-0.49968743324279785,1.5547676086425781,2654,2726
2026-07-31T12:24:06.464193+00:00,12665.900983080,419.554552,1658137437.124846,1658137437.3246198,1658137438.9292846,-0.19977378845214844,1.6046648025512695,2657,2729
2026-07-31T12:24:07.068232+00:00,12666.505023473,420.158592,1658137437.7248445,1658137437.9235954,1658137439.529302,-0.19875097274780273,1.6057064533233643,2661,2733
2026-07-31T12:24:07.519880+00:00,12666.956670805,420.610239,1658137438.024753,1658137438.4241757,1658137440.0043302,-0.39942264556884766,1.5801544189453125,2664,2736
2026-07-31T12:24:07.970877+00:00,12667.407665657,421.061234,1658137438.524805,1658137438.824816,1658137440.4543426,-0.30001091957092285,1.6295266151428223,2667,2739
2026-07-31T12:24:08.579282+00:00,12668.016072355,421.669641,1658137439.1248477,1658137439.4240181,1658137441.0543742,-0.29917049407958984,1.6303560733795166,2671,2743
2026-07-31T12:24:09.027415+00:00,12668.464205614,422.117774,1658137439.524896,1658137439.924714,1658137441.504382,-0.39981818199157715,1.5796678066253662,2674,2746
2026-07-31T12:24:09.475254+00:00,12668.912044092,422.565613,1658137440.1248136,1658137440.324757,1658137441.954396,-0.19994354248046875,1.629638910293579,2677,2749
2026-07-31T12:24:10.084359+00:00,12669.521148769,423.174717,1658137440.724839,1658137440.9247472,1658137442.5544305,-0.19990825653076172,1.629683256149292,2681,2753
2026-07-31T12:24:10.537735+00:00,12669.974526057,423.628095,1658137441.1249175,1658137441.4247506,1658137443.004435,-0.2998330593109131,1.5796844959259033,2684,2756
2026-07-31T12:24:10.983623+00:00,12670.420413108,424.073982,1658137441.524841,1658137441.8247325,1658137443.4544663,-0.29989147186279297,1.6297338008880615,2687,2759
2026-07-31T12:24:11.443752+00:00,12670.880542385,424.534111,1658137441.8247366,1658137442.3247883,1658137443.9044771,-0.500051736831665,1.5796887874603271,2690,2762
2026-07-31T12:24:12.040527+00:00,12671.477317117,425.130886,1658137442.3247924,1658137442.9244869,1658137444.504499,-0.5996944904327393,1.5800120830535889,2694,2766
2026-07-31T12:24:12.497748+00:00,12671.934538642,425.588107,1658137442.824844,1658137443.3239348,1658137444.9795914,-0.49909090995788574,1.6556565761566162,2697,2769
2026-07-31T12:24:12.948500+00:00,12672.385290601,426.038859,1658137443.1247592,1658137443.8247297,1658137445.4295373,-0.6999704837799072,1.6048076152801514,2700,2772
2026-07-31T12:24:13.552780+00:00,12672.989570698,426.643139,1658137443.8248749,1658137444.4249103,1658137446.0295665,-0.6000354290008545,1.6046562194824219,2704,2776
2026-07-31T12:24:14.000106+00:00,12673.436896420,427.090465,1658137444.2248454,1658137444.8244727,1658137446.4795856,-0.5996272563934326,1.6551129817962646,2707,2779
2026-07-31T12:24:14.457821+00:00,12673.894610983,427.548180,1658137444.8247547,1658137445.32484,1658137446.929597,-0.5000853538513184,1.6047568321228027,2710,2782
2026-07-31T12:24:15.055350+00:00,12674.492140911,428.145710,1658137445.624716,1658137445.9245174,1658137447.529624,-0.2998013496398926,1.6051065921783447,2714,2786
2026-07-31T12:24:15.505166+00:00,12674.941955782,428.595524,1658137446.024833,1658137446.3247523,1658137447.9796467,-0.29991936683654785,1.6548943519592285,2717,2789
2026-07-31T12:24:15.954043+00:00,12675.390832743,429.044401,1658137446.5247746,1658137446.8248067,1658137448.4296553,-0.3000321388244629,1.6048486232757568,2720,2792
2026-07-31T12:24:16.560750+00:00,12675.997540680,429.651109,1658137447.024855,1658137447.4249036,1658137449.029675,-0.40004873275756836,1.604771375656128,2724,2796
2026-07-31T12:24:17.003902+00:00,12676.440692908,430.094262,1658137447.424908,1658137447.8249018,1658137449.4797482,-0.399993896484375,1.654846429824829,2727,2799
2026-07-31T12:24:17.450034+00:00,12676.886824645,430.540393,1658137447.9247596,1658137448.32472,1658137449.9297154,-0.3999602794647217,1.6049954891204834,2730,2802
2026-07-31T12:24:18.057730+00:00,12677.494521366,431.148090,1658137448.4249053,1658137448.9243262,1658137450.5297325,-0.4994208812713623,1.6054062843322754,2734,2806
2026-07-31T12:24:18.511040+00:00,12677.947829533,431.601398,1658137448.724813,1658137449.4246666,1658137450.9797568,-0.6998536586761475,1.5550901889801025,2737,2809
2026-07-31T12:24:18.960412+00:00,12678.397201491,432.050770,1658137449.224743,1658137449.8247669,1658137451.4297657,-0.6000239849090576,1.6049988269805908,2740,2812
2026-07-31T12:24:19.555480+00:00,12678.992270847,432.645839,1658137449.624811,1658137450.4244668,1658137452.029792,-0.7996559143066406,1.6053252220153809,2744,2816
2026-07-31T12:24:20.016387+00:00,12679.453177502,433.106746,1658137450.124815,1658137450.9248114,1658137452.4798148,-0.7999963760375977,1.5550034046173096,2747,2819
2026-07-31T12:24:20.476644+00:00,12679.913402746,433.566971,1658137450.624817,1658137451.3248096,1658137452.9548423,-0.6999926567077637,1.6300327777862549,2750,2822
2026-07-31T12:24:21.068038+00:00,12680.504829127,434.158398,1658137451.2248495,1658137451.9244864,1658137453.529853,-0.6996369361877441,1.6053667068481445,2754,2826
2026-07-31T12:24:21.516134+00:00,12680.952924457,434.606493,1658137451.5248914,1658137452.423973,1658137453.9798799,-0.8990817070007324,1.5559067726135254,2757,2829
2026-07-31T12:24:21.963599+00:00,12681.400389727,435.053958,1658137451.924744,1658137452.8241246,1658137454.4298992,-0.8993806838989258,1.6057746410369873,2760,2832
2026-07-31T12:24:22.571580+00:00,12682.008370612,435.661939,1658137452.42471,1658137453.4248917,1658137455.0549247,-1.0001816749572754,1.630033016204834,2764,2836
2026-07-31T12:24:23.013697+00:00,12682.450487722,436.104056,1658137452.7248585,1658137453.9242866,1658137455.479945,-1.1994280815124512,1.5556583404541016,2767,2839
2026-07-31T12:24:23.459693+00:00,12682.896479700,436.550048,1658137453.3248174,1658137454.324286,1658137455.9299552,-0.9994685649871826,1.6056692600250244,2770,2842
2026-07-31T12:24:24.054682+00:00,12683.491472080,437.145041,1658137454.1249256,1658137454.9249125,1658137456.5299742,-0.7999868392944336,1.6050617694854736,2774,2846
2026-07-31T12:24:24.507501+00:00,12683.944291597,437.597860,1658137454.6248918,1658137455.4248512,1658137456.9799917,-0.7999594211578369,1.555140495300293,2777,2849
2026-07-31T12:24:24.954903+00:00,12684.391675766,438.045244,1658137455.5249329,1658137455.824703,1658137457.4300153,-0.2997701168060303,1.6053123474121094,2780,2852
2026-07-31T12:24:25.548487+00:00,12684.985277356,438.638846,1658137456.024767,1658137456.4243479,1658137458.030034,-0.3995809555053711,1.6056861877441406,2784,2856
2026-07-31T12:24:26.025003+00:00,12685.461792533,439.115361,1658137456.424756,1658137456.924819,1658137458.5050502,-0.5000629425048828,1.5802311897277832,2787,2859
2026-07-31T12:24:26.490573+00:00,12685.927362195,439.580931,1658137456.8247464,1658137457.3245704,1658137458.9550903,-0.49982404708862305,1.6305198669433594,2790,2862
2026-07-31T12:24:26.941876+00:00,12686.378666316,440.032235,1658137457.1247544,1658137457.824757,1658137459.4051037,-0.7000026702880859,1.5803465843200684,2793,2865
2026-07-31T12:24:27.539890+00:00,12686.976681062,440.630250,1658137457.8247616,1658137458.4248602,1658137460.005114,-0.6000986099243164,1.5802538394927979,2797,2869
2026-07-31T12:24:27.989066+00:00,12687.425856902,441.079426,1658137458.124903,1658137458.8246398,1658137460.4550893,-0.6997368335723877,1.6304495334625244,2800,2872
2026-07-31T12:24:28.441052+00:00,12687.877841758,441.531410,1658137458.4249225,1658137459.324836,1658137460.905152,-0.8999135494232178,1.5803160667419434,2803,2875
2026-07-31T12:24:29.039659+00:00,12688.476450180,442.130019,1658137459.2247398,1658137459.9231098,1658137461.5051723,-0.6983699798583984,1.5820624828338623,2807,2879
2026-07-31T12:24:29.487628+00:00,12688.924418379,442.577987,1658137459.7247698,1658137460.324871,1658137461.9552138,-0.6001012325286865,1.630342721939087,2810,2882
2026-07-31T12:24:30.093700+00:00,12689.530489932,443.184059,1658137460.4247108,1658137460.9246373,1658137462.5552235,-0.4999265670776367,1.6305861473083496,2814,2886
2026-07-31T12:24:30.545198+00:00,12689.981988609,443.635557,1658137461.2247488,1658137461.4247034,1658137463.005238,-0.19995450973510742,1.5805346965789795,2817,2889
2026-07-31T12:24:30.990302+00:00,12690.427092399,444.080661,1658137461.624778,1658137461.8247764,1658137463.4552627,-0.1999983787536621,1.630486249923706,2820,2892
2026-07-31T12:24:31.586716+00:00,12691.023506179,444.677075,1658137462.1248329,1658137462.42487,1658137464.055281,-0.300037145614624,1.63041090965271,2824,2896
2026-07-31T12:24:32.033714+00:00,12691.470504547,445.124073,1658137462.5247452,1658137462.924381,1658137464.5052936,-0.39963579177856445,1.5809125900268555,2827,2899
2026-07-31T12:24:32.483899+00:00,12691.920687890,445.574257,1658137462.8247304,1658137463.3243656,1658137464.955303,-0.4996352195739746,1.6309373378753662,2830,2902
2026-07-31T12:24:33.082716+00:00,12692.519506935,446.173076,1658137463.224829,1658137463.924821,1658137465.555326,-0.6999919414520264,1.630505084991455,2834,2906
2026-07-31T12:24:33.527670+00:00,12692.965732622,446.619301,1658137463.5247128,1658137464.4249153,1658137466.0053484,-0.9002025127410889,1.5804331302642822,2837,2909
2026-07-31T12:24:33.974871+00:00,12693.412932935,447.066502,1658137464.0249026,1658137464.8249018,1658137466.4553745,-0.7999992370605469,1.6304726600646973,2840,2912
2026-07-31T12:24:34.572954+00:00,12694.011017196,447.664586,1658137464.6248581,1658137465.4247224,1658137467.0553763,-0.7998642921447754,1.6306538581848145,2844,2916
2026-07-31T12:24:35.029604+00:00,12694.467667257,448.121236,1658137465.0248394,1658137465.923605,1658137467.5054,-0.8987655639648438,1.5817949771881104,2847,2919
2026-07-31T12:24:35.476342+00:00,12694.914404991,448.567974,1658137465.624835,1658137466.3245928,1658137467.9554317,-0.6997578144073486,1.6308388710021973,2850,2922
2026-07-31T12:24:36.071284+00:00,12695.509346608,449.162915,1658137466.024719,1658137466.9249072,1658137468.5554392,-0.9001882076263428,1.6305320262908936,2854,2926
2026-07-31T12:24:36.530221+00:00,12695.968281263,449.621850,1658137466.4248435,1658137467.4248896,1658137469.005477,-1.0000460147857666,1.580587387084961,2857,2929
2026-07-31T12:24:36.978744+00:00,12696.416806205,450.070375,1658137466.7247536,1658137467.8246975,1658137469.4554915,-1.0999438762664795,1.6307940483093262,2860,2932
2026-07-31T12:24:37.572780+00:00,12697.010842778,450.664411,1658137467.5247333,1658137468.4246397,1658137470.0555146,-0.8999063968658447,1.6308748722076416,2864,2936
2026-07-31T12:24:38.021138+00:00,12697.459200658,451.112769,1658137468.4247189,1658137468.9244914,1658137470.5055153,-0.4997725486755371,1.581023931503296,2867,2939
2026-07-31T12:24:38.471545+00:00,12697.909608286,451.563177,1658137469.0248594,1658137469.3247764,1658137470.9555461,-0.29991698265075684,1.6307697296142578,2870,2942
2026-07-31T12:24:39.068985+00:00,12698.507047722,452.160616,1658137469.5247066,1658137469.9247239,1658137471.5305612,-0.40001726150512695,1.605837345123291,2874,2946
2026-07-31T12:24:39.513161+00:00,12698.951223840,452.604792,1658137469.8248425,1658137470.424384,1658137471.9805899,-0.5995416641235352,1.5562057495117188,2877,2949
2026-07-31T12:24:39.963341+00:00,12699.401403453,453.054972,1658137470.124741,1658137470.8248003,1658137472.430598,-0.700059175491333,1.6057977676391602,2880,2952
2026-07-31T12:24:40.567200+00:00,12700.005262444,453.658831,1658137470.5249267,1658137471.4248097,1658137473.0306218,-0.8998830318450928,1.6058120727539062,2884,2956
2026-07-31T12:24:41.016737+00:00,12700.454800027,454.108369,1658137470.9249125,1658137471.9246552,1658137473.4806275,-0.9997427463531494,1.5559723377227783,2887,2959
2026-07-31T12:24:41.463523+00:00,12700.901585392,454.555154,1658137471.624827,1658137472.3236642,1658137473.9306507,-0.6988372802734375,1.6069865226745605,2890,2962
2026-07-31T12:24:42.064793+00:00,12701.502855841,455.156424,1658137472.2247639,1658137472.9240737,1658137474.5306807,-0.6993098258972168,1.6066069602966309,2894,2966
2026-07-31T12:24:42.524039+00:00,12701.962102095,455.615671,1658137472.624838,1658137473.4246325,1658137475.0056489,-0.7997944355010986,1.5810163021087646,2897,2969
2026-07-31T12:24:42.972608+00:00,12702.410671371,456.064240,1658137473.0247207,1658137473.8247993,1658137475.4557025,-0.8000786304473877,1.6309032440185547,2900,2972
2026-07-31T12:24:43.573446+00:00,12703.011508848,456.665077,1658137473.5249176,1658137474.4248962,1658137476.0557392,-0.8999786376953125,1.630842924118042,2904,2976
2026-07-31T12:24:44.022301+00:00,12703.460363851,457.113932,1658137473.9248862,1658137474.9248374,1658137476.5057416,-0.9999511241912842,1.580904245376587,2907,2979
2026-07-31T12:24:44.477439+00:00,12703.915501516,457.569070,1658137474.5247378,1658137475.3248732,1658137476.9557626,-0.8001353740692139,1.6308894157409668,2910,2982
2026-07-31T12:24:45.073643+00:00,12704.511705749,458.165274,1658137475.324919,1658137475.924703,1658137477.555803,-0.5997838973999023,1.6311001777648926,2914,2986
2026-07-31T12:24:45.513630+00:00,12704.951692045,458.605261,1658137475.7249062,1658137476.4248927,1658137477.9808125,-0.699986457824707,1.555919885635376,2917,2989
2026-07-31T12:24:45.962770+00:00,12705.400832159,459.054401,1658137476.224744,1658137476.824759,1658137478.4308252,-0.6000149250030518,1.6060662269592285,2920,2992
2026-07-31T12:24:46.562583+00:00,12706.000645438,459.654214,1658137476.8247633,1658137477.4247158,1658137479.0308547,-0.5999524593353271,1.6061389446258545,2924,2996
2026-07-31T12:24:47.013256+00:00,12706.451319261,460.104888,1658137477.42472,1658137477.9249194,1658137479.4808767,-0.5001993179321289,1.555957317352295,2927,2999
2026-07-31T12:24:47.456774+00:00,12706.894836545,460.548405,1658137477.9249232,1658137478.324822,1658137479.930883,-0.3998987674713135,1.6060609817504883,2930,3002
2026-07-31T12:24:48.050890+00:00,12707.488951633,461.142520,1658137478.6247518,1658137478.9238362,1658137480.530906,-0.2990844249725342,1.607069730758667,2934,3006
2026-07-31T12:24:48.509271+00:00,12707.947333908,461.600903,1658137479.0248365,1658137479.4246387,1658137480.9809325,-0.39980220794677734,1.5562937259674072,2937,3009
2026-07-31T12:24:48.950814+00:00,12708.388876709,462.042445,1658137479.5248284,1658137479.824253,1658137481.430955,-0.2994246482849121,1.6067018508911133,2940,3012
2026-07-31T12:24:49.548274+00:00,12708.986336879,462.639906,1658137480.1247616,1658137480.4248517,1658137482.030976,-0.30009007453918457,1.6061244010925293,2944,3016
2026-07-31T12:24:49.996212+00:00,12709.434273667,463.087842,1658137480.4248562,1658137480.8246264,1658137482.4810019,-0.39977025985717773,1.6563754081726074,2947,3019
2026-07-31T12:24:50.454402+00:00,12709.892465035,463.546034,1658137480.8248508,1658137481.3247695,1658137482.9310076,-0.49991869926452637,1.6062381267547607,2950,3022
2026-07-31T12:24:51.053113+00:00,12710.491175386,464.144744,1658137481.4248176,1658137481.9245183,1658137483.5310328,-0.49970078468322754,1.6065144538879395,2954,3026
2026-07-31T12:24:51.499298+00:00,12710.937360088,464.590929,1658137481.924901,1658137482.3248084,1658137483.9810543,-0.39990735054016113,1.6562459468841553,2957,3029
2026-07-31T12:24:51.960091+00:00,12711.398153007,465.051722,1658137482.5248342,1658137482.8240104,1658137484.4310892,-0.2991762161254883,1.6070787906646729,2960,3032
2026-07-31T12:24:52.565255+00:00,12712.003318348,465.656887,1658137483.0249255,1658137483.42474,1658137485.031114,-0.3998146057128906,1.6063740253448486,2964,3036
2026-07-31T12:24:53.012139+00:00,12712.450202030,466.103771,1658137483.3248584,1658137483.9245334,1658137485.481116,-0.5996749401092529,1.5565826892852783,2967,3039
2026-07-31T12:24:53.474752+00:00,12712.912814221,466.566383,1658137483.724837,1658137484.3249123,1658137485.9561286,-0.6000752449035645,1.631216287612915,2970,3042
2026-07-31T12:24:54.070174+00:00,12713.508235739,467.161804,1658137484.1248322,1658137484.924655,1658137486.5311475,-0.7998228073120117,1.606492519378662,2974,3046
2026-07-31T12:24:54.518688+00:00,12713.956751451,467.610320,1658137484.4247632,1658137485.4243534,1658137486.981166,-0.9995901584625244,1.5568125247955322,2977,3049
2026-07-31T12:24:54.971829+00:00,12714.409890876,468.063460,1658137484.9248216,1658137485.824716,1658137487.4561932,-0.8998944759368896,1.6314771175384521,2980,3052
2026-07-31T12:24:55.567943+00:00,12715.006005465,468.659574,1658137485.7249057,1658137486.4248579,1658137488.0312188,-0.6999521255493164,1.606360912322998,2984,3056
2026-07-31T12:24:56.013881+00:00,12715.451943476,469.105512,1658137486.224855,1658137486.9246397,1658137488.4812284,-0.6997847557067871,1.5565886497497559,2987,3059
2026-07-31T12:24:56.472852+00:00,12715.910914755,469.564483,1658137486.9248016,1658137487.3248308,1658137488.9562435,-0.40002918243408203,1.6314127445220947,2990,3062
2026-07-31T12:24:57.072768+00:00,12716.510830299,470.164399,1658137487.324835,1658137487.92475,1658137489.5562782,-0.5999150276184082,1.6315281391143799,2994,3066
2026-07-31T12:24:57.519088+00:00,12716.957150697,470.610719,1658137487.7248254,1658137488.4248867,1658137489.9812825,-0.7000613212585449,1.5563957691192627,2997,3069
2026-07-31T12:24:57.971720+00:00,12717.409782394,471.063351,1658137488.2249033,1658137488.8241427,1658137490.4563143,-0.5992393493652344,1.632171630859375,3000,3072
2026-07-31T12:24:58.574274+00:00,12718.012336484,471.665905,1658137488.8247578,1658137489.4247289,1658137491.0563283,-0.5999710559844971,1.6315994262695312,3004,3076
2026-07-31T12:24:59.026991+00:00,12718.465054164,472.118623,1658137489.3248503,1658137489.9248867,1658137491.506353,-0.6000363826751709,1.5814661979675293,3007,3079
2026-07-31T12:24:59.469715+00:00,12718.907778420,472.561347,1658137489.7248528,1658137490.3248196,1658137491.9313664,-0.5999667644500732,1.6065468788146973,3010,3082
2026-07-31T12:25:00.081838+00:00,12719.519901068,473.173470,1658137490.22483,1658137490.9248064,1658137492.556393,-0.6999764442443848,1.6315865516662598,3014,3086
2026-07-31T12:25:00.531711+00:00,12719.969774576,473.623343,1658137490.9248106,1658137491.424768,1658137493.0064049,-0.4999573230743408,1.581636905670166,3017,3089
2026-07-31T12:25:00.987087+00:00,12720.425149339,474.078718,1658137491.2248447,1658137491.8247423,1658137493.4564192,-0.5998976230621338,1.6316769123077393,3020,3092
2026-07-31T12:25:01.441078+00:00,12720.879139771,474.532708,1658137491.524744,1658137492.3231564,1658137493.906441,-0.7984123229980469,1.583284616470337,3023,3095
2026-07-31T12:25:02.049380+00:00,12721.487443649,475.141012,1658137492.0248957,1658137492.9249117,1658137494.5314736,-0.9000160694122314,1.6065618991851807,3027,3099
2026-07-31T12:25:02.509296+00:00,12721.947358882,475.600928,1658137492.4248195,1658137493.4248662,1658137494.9814856,-1.000046730041504,1.55661940574646,3030,3102
2026-07-31T12:25:02.953977+00:00,12722.392039323,476.045608,1658137492.8248193,1658137493.824823,1658137495.4315083,-1.0000035762786865,1.6066854000091553,3033,3105
2026-07-31T12:25:03.557220+00:00,12722.996407092,476.649976,1658137493.7247357,1658137494.4227378,1658137496.0315351,-0.6980020999908447,1.608797311782837,3037,3109
2026-07-31T12:25:04.007288+00:00,12723.446475428,477.100044,1658137494.0247455,1658137494.9247684,1658137496.4815335,-0.9000229835510254,1.556765079498291,3040,3112
2026-07-31T12:25:04.458827+00:00,12723.898014311,477.551583,1658137494.524743,1658137495.3247988,1658137496.9315565,-0.800055742263794,1.606757640838623,3043,3115
2026-07-31T12:25:05.058561+00:00,12724.497748027,478.151317,1658137495.0248096,1658137495.924559,1658137497.5315828,-0.8997495174407959,1.6070237159729004,3047,3119
2026-07-31T12:25:05.502543+00:00,12724.941729880,478.595299,1658137495.5247571,1658137496.324911,1658137497.9816146,-0.8001539707183838,1.6567034721374512,3050,3122
2026-07-31T12:25:05.955543+00:00,12725.394730596,479.048299,1658137496.0248377,1658137496.8245797,1658137498.4316192,-0.7997419834136963,1.607039451599121,3053,3125
2026-07-31T12:25:06.557241+00:00,12725.996428593,479.649997,1658137496.7247553,1658137497.4247568,1658137499.0316408,-0.7000014781951904,1.6068840026855469,3057,3129
2026-07-31T12:25:07.010944+00:00,12726.450130807,480.103699,1658137497.0248985,1658137497.9248238,1658137499.4816556,-0.8999252319335938,1.5568318367004395,3060,3132
2026-07-31T12:25:07.460384+00:00,12726.899570380,480.553139,1658137497.5248518,1658137498.3247578,1658137499.9316895,-0.7999060153961182,1.6069316864013672,3063,3135
2026-07-31T12:25:08.061764+00:00,12727.500952014,481.154521,1658137498.224847,1658137498.9248576,1658137500.5317018,-0.7000105381011963,1.606844186782837,3067,3139
2026-07-31T12:25:08.521367+00:00,12727.960554789,481.614123,1658137498.5247438,1658137499.4243617,1658137501.0067189,-0.8996179103851318,1.5823571681976318,3070,3142
2026-07-31T12:25:08.974564+00:00,12728.413751176,482.067320,1658137499.1249037,1658137499.8248286,1658137501.4567404,-0.6999249458312988,1.6319117546081543,3073,3145
2026-07-31T12:25:09.578490+00:00,12729.017676552,482.671245,1658137499.7248304,1658137500.4248745,1658137502.0569835,-0.7000441551208496,1.6321089267730713,3077,3149
2026-07-31T12:25:10.036041+00:00,12729.475228185,483.128797,1658137500.3248081,1658137500.9243033,1658137502.5067728,-0.5994951725006104,1.5824694633483887,3080,3152
2026-07-31T12:25:10.494998+00:00,12729.934184903,483.587754,1658137500.9247532,1658137501.3246806,1658137502.9818077,-0.39992737770080566,1.6571271419525146,3083,3155
2026-07-31T12:25:10.942127+00:00,12730.381315259,484.034884,1658137501.3247797,1658137501.824789,1658137503.4068053,-0.500009298324585,1.5820162296295166,3086,3158
2026-07-31T12:25:11.538794+00:00,12730.977981597,484.631550,1658137502.0249305,1658137502.4249113,1658137504.0068283,-0.3999807834625244,1.5819170475006104,3090,3162
2026-07-31T12:25:11.992977+00:00,12731.432164012,485.085733,1658137502.4249153,1658137502.8249297,1658137504.4568584,-0.40001440048217773,1.6319286823272705,3093,3165
2026-07-31T12:25:12.452267+00:00,12731.891454389,485.545023,1658137502.7248302,1658137503.3241446,1658137504.931885,-0.5993144512176514,1.6077404022216797,3096,3168
2026-07-31T12:25:13.051569+00:00,12732.490756284,486.144325,1658137503.3249192,1658137503.9248395,1658137505.5318995,-0.5999202728271484,1.6070599555969238,3100,3172
2026-07-31T12:25:13.507046+00:00,12732.946232531,486.599801,1658137503.7249002,1658137504.3244913,1658137505.9819112,-0.5995910167694092,1.6574199199676514,3103,3175
2026-07-31T12:25:13.959893+00:00,12733.399078183,487.052647,1658137504.1247635,1658137504.8247628,1658137506.431937,-0.6999993324279785,1.6071741580963135,3106,3178
2026-07-31T12:25:14.560245+00:00,12733.999431948,487.653001,1658137504.5247405,1658137505.424365,1658137507.0319514,-0.8996245861053467,1.60758638381958,3110,3182
2026-07-31T12:25:15.012637+00:00,12734.451824010,488.105393,1658137505.0246997,1658137505.9240162,1658137507.4819787,-0.8993165493011475,1.557962417602539,3113,3185
2026-07-31T12:25:15.461121+00:00,12734.900307957,488.553877,1658137505.4248145,1658137506.3246937,1658137507.9319992,-0.8998792171478271,1.6073055267333984,3116,3188
2026-07-31T12:25:16.059810+00:00,12735.498997860,489.152567,1658137506.524733,1658137506.9243233,1658137508.532006,-0.39959025382995605,1.607682704925537,3120,3192
2026-07-31T12:25:16.512825+00:00,12735.952012550,489.605581,1658137507.024901,1658137507.4247077,1658137508.9820302,-0.3998067378997803,1.5573225021362305,3123,3195
2026-07-31T12:25:16.960900+00:00,12736.400087028,490.053656,1658137507.5248728,1658137507.8248742,1658137509.432057,-0.3000013828277588,1.6071827411651611,3126,3198
2026-07-31T12:25:17.558193+00:00,12736.997380336,490.650949,1658137508.224913,1658137508.4248025,1658137510.0320776,-0.1998896598815918,1.6072750091552734,3130,3202
2026-07-31T12:25:18.011633+00:00,12737.450820211,491.104389,1658137508.6247487,1658137508.924899,1658137510.482088,-0.30015039443969727,1.5571889877319336,3133,3205
2026-07-31T12:25:18.458513+00:00,12737.897700536,491.551269,1658137509.1248336,1658137509.3248553,1658137510.9321177,-0.20002174377441406,1.607262372970581,3136,3208
2026-07-31T12:25:19.069477+00:00,12738.508664768,492.162233,1658137509.7248142,1658137509.9247346,1658137511.532142,-0.1999204158782959,1.6074073314666748,3140,3212
2026-07-31T12:25:19.514263+00:00,12738.953450679,492.607019,1658137510.124818,1658137510.4248497,1658137511.9821632,-0.3000316619873047,1.5573134422302246,3143,3215
2026-07-31T12:25:19.972350+00:00,12739.411537086,493.065106,1658137510.4248538,1658137510.8248324,1658137512.4571674,-0.3999786376953125,1.6323349475860596,3146,3218
2026-07-31T12:25:20.568194+00:00,12740.007381667,493.660950,1658137510.9249198,1658137511.4246995,1658137513.0323074,-0.49977970123291016,1.6076078414916992,3150,3222
2026-07-31T12:25:21.027249+00:00,12740.466436441,494.120005,1658137511.2248087,1658137511.9248407,1658137513.5071962,-0.7000319957733154,1.5823554992675781,3153,3225
2026-07-31T12:25:21.513027+00:00,12740.952213841,494.605782,1658137511.5249047,1658137512.4246979,1658137513.9822397,-0.8997931480407715,1.557541847229004,3156,3228
2026-07-31T12:25:21.976267+00:00,12741.415452793,495.069021,1658137511.8248081,1658137512.8247902,1658137514.457255,-0.9999821186065674,1.6324646472930908,3159,3231
2026-07-31T12:25:22.584288+00:00,12742.023475316,495.677044,1658137512.4247644,1658137513.4249215,1658137515.057266,-1.000157117843628,1.6323444843292236,3163,3235
2026-07-31T12:25:23.030431+00:00,12742.469616998,496.123186,1658137512.7247458,1658137513.9243803,1658137515.5072927,-1.1996345520019531,1.5829124450683594,3166,3238
2026-07-31T12:25:23.479432+00:00,12742.918619246,496.572188,1658137513.12485,1658137514.3246996,1658137515.9573185,-1.1998496055603027,1.6326189041137695,3169,3241
2026-07-31T12:25:24.078232+00:00,12743.517418661,497.170987,1658137513.6248517,1658137514.9247139,1658137516.5573363,-1.2998621463775635,1.632622480392456,3173,3245
2026-07-31T12:25:24.538017+00:00,12743.977204605,497.630773,1658137514.224757,1658137515.4242897,1658137517.0074623,-1.1995327472686768,1.5831725597381592,3176,3248
2026-07-31T12:25:24.983929+00:00,12744.423116923,498.076686,1658137515.8248243,1658137515.824787,1658137517.4573874,3.743171691894531e-05,1.6326005458831787,3179,3251
2026-07-31T12:25:25.589413+00:00,12745.028600707,498.682169,1658137516.2249174,1658137516.424529,1658137518.057404,-0.19961166381835938,1.6328749656677246,3183,3255
2026-07-31T12:25:26.037281+00:00,12745.476468452,499.130037,1658137516.5248973,1658137516.9248881,1658137518.507425,-0.3999907970428467,1.5825369358062744,3186,3258
2026-07-31T12:25:26.502032+00:00,12745.941220524,499.594789,1658137516.8248153,1658137517.3238268,1658137518.982444,-0.4990115165710449,1.6586172580718994,3189,3261
2026-07-31T12:25:26.948887+00:00,12746.388074210,500.041643,1658137517.2248082,1658137517.8249242,1658137519.4325492,-0.6001160144805908,1.6076250076293945,3192,3264
2026-07-31T12:25:27.561191+00:00,12747.000378189,500.653947,1658137517.8249283,1658137518.424679,1658137520.0324774,-0.5997507572174072,1.6077983379364014,3196,3268
2026-07-31T12:25:28.011778+00:00,12747.450965666,501.104534,1658137518.1248312,1658137518.9246256,1658137520.482507,-0.7997944355010986,1.5578813552856445,3199,3271
2026-07-31T12:25:28.464420+00:00,12747.903607958,501.557177,1658137518.9248085,1658137519.3241699,1658137520.932506,-0.39936137199401855,1.6083362102508545,3202,3274
2026-07-31T12:25:29.068936+00:00,12748.508123902,502.161693,1658137519.5248613,1658137519.924759,1658137521.5325458,-0.39989757537841797,1.6077868938446045,3206,3278
2026-07-31T12:25:29.512663+00:00,12748.951850673,502.605419,1658137519.8247395,1658137520.4248915,1658137521.9826052,-0.6001520156860352,1.5577137470245361,3209,3281
2026-07-31T12:25:29.958330+00:00,12749.397517545,503.051086,1658137520.4249203,1658137520.824863,1658137522.4325755,-0.39994263648986816,1.6077125072479248,3212,3284
2026-07-31T12:25:30.563395+00:00,12750.002582565,503.656151,1658137521.0248046,1658137521.4248374,1658137523.032631,-0.40003275871276855,1.6077935695648193,3216,3288
2026-07-31T12:25:31.005501+00:00,12750.444687730,504.098256,1658137521.3248131,1658137521.8245835,1658137523.4826937,-0.4997704029083252,1.6581101417541504,3219,3291
2026-07-31T12:25:31.456252+00:00,12750.895439071,504.549008,1658137521.82475,1658137522.3246443,1658137523.932619,-0.499894380569458,1.6079747676849365,3222,3294
2026-07-31T12:25:32.055630+00:00,12751.494816771,505.148385,1658137522.3247154,1658137522.9248462,1658137524.5326488,-0.6001307964324951,1.6078026294708252,3226,3298
2026-07-31T12:25:32.518588+00:00,12751.957775332,505.611344,1658137522.8247693,1658137523.4249036,1658137524.9826694,-0.6001343727111816,1.5577657222747803,3229,3301
2026-07-31T12:25:32.967648+00:00,12752.406834920,506.060404,1658137523.2247512,1658137523.82491,1658137525.4326894,-0.60015869140625,1.6077795028686523,3232,3304
2026-07-31T12:25:33.575671+00:00,12753.016115396,506.669684,1658137524.0248637,1658137524.4247434,1658137526.057715,-0.39987969398498535,1.6329715251922607,3236,3308
2026-07-31T12:25:34.028115+00:00,12753.468559519,507.122128,1658137524.624744,1658137524.9247475,1658137526.5077355,-0.3000035285949707,1.5829880237579346,3239,3311
2026-07-31T12:25:34.483826+00:00,12753.924270460,507.577839,1658137525.0248315,1658137525.3248298,1658137526.9577534,-0.29999828338623047,1.6329236030578613,3242,3314
2026-07-31T12:25:35.080513+00:00,12754.520957112,508.174526,1658137525.724707,1658137525.9247637,1658137527.557769,-0.200056791305542,1.6330053806304932,3246,3318
2026-07-31T12:25:35.532564+00:00,12754.973008026,508.626577,1658137526.1248198,1658137526.4245982,1658137528.007789,-0.29977846145629883,1.583190679550171,3249,3321
2026-07-31T12:25:35.979642+00:00,12755.420084434,509.073653,1658137526.42474,1658137526.8247173,1658137528.4578059,-0.3999772071838379,1.6330885887145996,3252,3324
2026-07-31T12:25:36.589332+00:00,12756.029774782,509.683343,1658137526.9248202,1658137527.4246626,1658137529.057817,-0.49984240531921387,1.6331543922424316,3256,3328
2026-07-31T12:25:37.037175+00:00,12756.477618162,510.131187,1658137527.3249056,1658137527.9237463,1658137529.5078294,-0.5988407135009766,1.584083080291748,3259,3331
2026-07-31T12:25:37.483458+00:00,12756.923901134,510.577470,1658137527.7247508,1658137528.3235865,1658137529.9578514,-0.5988357067108154,1.6342649459838867,3262,3334
2026-07-31T12:25:37.942487+00:00,12757.382931574,511.036500,1658137528.324851,1658137528.8247676,1658137530.4078615,-0.49991655349731445,1.5830938816070557,3265,3337
2026-07-31T12:25:38.549107+00:00,12757.989550888,511.643120,1658137528.8247716,1658137529.4247253,1658137531.0328848,-0.5999536514282227,1.6081595420837402,3269,3341
2026-07-31T12:25:38.992909+00:00,12758.433353145,512.086922,1658137529.3248792,1658137529.8245604,1658137531.4578984,-0.4996812343597412,1.6333379745483398,3272,3344
2026-07-31T12:25:39.446059+00:00,12758.886503016,512.540072,1658137529.9249272,1658137530.3248227,1658137531.9329123,-0.39989542961120605,1.6080896854400635,3275,3347
2026-07-31T12:25:40.052871+00:00,12759.493315108,513.146884,1658137530.424808,1658137530.9247253,1658137532.5329442,-0.49991726875305176,1.6082189083099365,3279,3351
2026-07-31T12:25:40.507342+00:00,12759.947786977,513.601356,1658137530.9247296,1658137531.4238038,1658137532.9829714,-0.49907422065734863,1.5591676235198975,3282,3354
2026-07-31T12:25:40.949885+00:00,12760.390329450,514.043898,1658137531.2247534,1658137531.8247445,1658137533.432967,-0.5999910831451416,1.608222484588623,3285,3357
2026-07-31T12:25:41.558611+00:00,12760.999054235,514.652623,1658137531.624831,1658137532.424766,1658137534.032999,-0.7999351024627686,1.6082329750061035,3289,3361
2026-07-31T12:25:42.007166+00:00,12761.447610530,515.101179,1658137531.9248395,1658137532.824813,1658137534.4829981,-0.8999733924865723,1.6581852436065674,3292,3364
2026-07-31T12:25:42.452975+00:00,12761.893418956,515.546988,1658137532.2247353,1658137533.3246348,1658137534.9330215,-1.0998995304107666,1.608386754989624,3295,3367
2026-07-31T12:25:43.052184+00:00,12762.492628663,516.146197,1658137532.8248546,1658137533.924866,1658137535.5330372,-1.1000113487243652,1.6081712245941162,3299,3371
2026-07-31T12:25:43.495350+00:00,12762.935794595,516.589363,1658137533.2248714,1658137534.3249164,1658137535.983074,-1.1000449657440186,1.6581575870513916,3302,3374
2026-07-31T12:25:43.943974+00:00,12763.384417894,517.037987,1658137533.924895,1658137534.8246925,1658137536.4080791,-0.8997974395751953,1.5833866596221924,3305,3377
2026-07-31T12:25:44.548346+00:00,12763.988790470,517.642359,1658137534.5248501,1658137535.4246597,1658137537.0331118,-0.8998095989227295,1.6084520816802979,3309,3381
2026-07-31T12:25:44.996218+00:00,12764.436662431,518.090231,1658137535.02493,1658137535.8249037,1658137537.483162,-0.799973726272583,1.6582581996917725,3312,3384
2026-07-31T12:25:45.440773+00:00,12764.881218147,518.534787,1658137535.8249323,1658137536.3234537,1658137537.9081538,-0.4985213279724121,1.584700107574463,3315,3387
2026-07-31T12:25:46.036844+00:00,12765.477288806,519.130857,1658137536.4248152,1658137536.92469,1658137538.5081851,-0.4998748302459717,1.5834951400756836,3319,3391
2026-07-31T12:25:46.491114+00:00,12765.931558041,519.585127,1658137537.0248117,1658137537.3236809,1658137538.9582129,-0.29886913299560547,1.6345319747924805,3322,3394
2026-07-31T12:25:47.094972+00:00,12766.535416132,520.188985,1658137537.5249288,1658137537.924892,1658137539.5582163,-0.3999631404876709,1.633324384689331,3326,3398
2026-07-31T12:25:47.548930+00:00,12766.989374720,520.642943,1658137538.024764,1658137538.4239933,1658137540.033246,-0.3992292881011963,1.609252691268921,3329,3401
2026-07-31T12:25:48.002062+00:00,12767.442506422,521.096075,1658137538.4247134,1658137538.824806,1658137540.4832654,-0.40009260177612305,1.6584594249725342,3332,3404
2026-07-31T12:25:48.458739+00:00,12767.899183598,521.552752,1658137538.82481,1658137539.3244915,1658137540.933283,-0.4996814727783203,1.6087915897369385,3335,3407
2026-07-31T12:25:49.063600+00:00,12768.504044138,522.157613,1658137539.524849,1658137539.9239793,1658137541.5333092,-0.39913034439086914,1.6093299388885498,3339,3411
2026-07-31T12:25:49.512347+00:00,12768.952791533,522.606360,1658137539.8247285,1658137540.42457,1658137541.9833593,-0.5998415946960449,1.5587892532348633,3342,3414
2026-07-31T12:25:49.962778+00:00,12769.403221958,523.056791,1658137540.3248162,1658137540.8247137,1658137542.433347,-0.49989748001098633,1.608633279800415,3345,3417
2026-07-31T12:25:50.573328+00:00,12770.013772631,523.667341,1658137541.0249138,1658137541.4244235,1658137543.0583742,-0.3995096683502197,1.6339507102966309,3349,3421
2026-07-31T12:25:51.020843+00:00,12770.461286221,524.114855,1658137541.4247096,1658137541.9238064,1658137543.5084105,-0.4990968704223633,1.584604024887085,3352,3424
2026-07-31T12:25:51.466327+00:00,12770.906770823,524.560339,1658137541.8249168,1658137542.3243656,1658137543.9334173,-0.4994487762451172,1.6090517044067383,3355,3427
2026-07-31T12:25:52.064876+00:00,12771.505319028,525.158888,1658137542.2249017,1658137542.9248178,1658137544.5334342,-0.6999161243438721,1.6086163520812988,3359,3431
2026-07-31T12:25:52.520578+00:00,12771.961021934,525.614591,1658137542.6248133,1658137543.4248936,1658137545.008466,-0.8000802993774414,1.5835723876953125,3362,3434
2026-07-31T12:25:52.966045+00:00,12772.406489517,526.060058,1658137543.0249014,1658137543.8241763,1658137545.4334826,-0.7992749214172363,1.6093063354492188,3365,3437
2026-07-31T12:25:53.570538+00:00,12773.010981572,526.664550,1658137543.8247254,1658137544.4239454,1658137546.058517,-0.5992200374603271,1.6345715522766113,3369,3441
2026-07-31T12:25:54.019589+00:00,12773.460033045,527.113602,1658137544.3248935,1658137544.9248197,1658137546.4835317,-0.599926233291626,1.5587120056152344,3372,3444
2026-07-31T12:25:54.473790+00:00,12773.914234411,527.567803,1658137544.8248513,1658137545.324481,1658137546.95856,-0.4996297359466553,1.6340789794921875,3375,3447
2026-07-31T12:25:55.068173+00:00,12774.508617615,528.162186,1658137545.2248278,1658137545.9236937,1658137547.5335765,-0.6988658905029297,1.6098828315734863,3379,3451
2026-07-31T12:25:55.522601+00:00,12774.963045917,528.616615,1658137545.7247467,1658137546.4248116,1658137548.008592,-0.7000648975372314,1.583780288696289,3382,3454
2026-07-31T12:25:55.970663+00:00,12775.411106537,529.064675,1658137546.2248313,1658137546.8245602,1658137548.4586582,-0.5997288227081299,1.6340980529785156,3385,3457
2026-07-31T12:25:56.573524+00:00,12776.013966300,529.667535,1658137546.9247239,1658137547.4249194,1658137549.0586386,-0.5001955032348633,1.6337192058563232,3389,3461
2026-07-31T12:25:57.022395+00:00,12776.462840254,530.116409,1658137547.4249237,1658137547.9245577,1658137549.5086615,-0.4996340274810791,1.5841038227081299,3392,3464
2026-07-31T12:25:57.467936+00:00,12776.908380688,530.561949,1658137547.8249214,1658137548.3248837,1658137549.9336774,-0.49996232986450195,1.6087937355041504,3395,3467
2026-07-31T12:25:58.065028+00:00,12777.505471069,531.159040,1658137548.5249333,1658137548.9249098,1658137550.533698,-0.3999764919281006,1.608788251876831,3399,3471
2026-07-31T12:25:58.518444+00:00,12777.958888610,531.612457,1658137548.9249136,1658137549.4247131,1658137550.9837139,-0.4997994899749756,1.5590007305145264,3402,3474
2026-07-31T12:25:58.964640+00:00,12778.405079622,532.058648,1658137549.5248353,1658137549.824837,1658137551.433742,-0.3000016212463379,1.6089050769805908,3405,3477
2026-07-31T12:25:59.566905+00:00,12779.007350279,532.660919,1658137550.1247594,1658137550.424782,1658137552.03379,-0.30002260208129883,1.6090080738067627,3409,3481
2026-07-31T12:26:00.014883+00:00,12779.455327469,533.108896,1658137550.4248323,1658137550.9245706,1658137552.4837651,-0.4997382164001465,1.559194564819336,3412,3484
2026-07-31T12:26:00.468426+00:00,12779.908870365,533.562439,1658137550.7248466,1658137551.3244805,1658137552.9337962,-0.5996339321136475,1.6093156337738037,3415,3487
2026-07-31T12:26:01.065785+00:00,12780.506228116,534.159797,1658137551.3249125,1658137551.9244175,1658137553.5338094,-0.5995049476623535,1.6093919277191162,3419,3491
2026-07-31T12:26:01.511469+00:00,12780.951913564,534.605482,1658137551.724765,1658137552.424193,1658137553.983907,-0.6994278430938721,1.5597140789031982,3422,3494
2026-07-31T12:26:01.968582+00:00,12781.409026938,535.062596,1658137552.424754,1658137552.8247995,1658137554.4338458,-0.40004563331604004,1.609046220779419,3425,3497
2026-07-31T12:26:02.578272+00:00,12782.018717383,535.672286,1658137553.1247334,1658137553.4249024,1658137555.0588706,-0.3001689910888672,1.6339681148529053,3429,3501
2026-07-31T12:26:03.019337+00:00,12782.459781480,536.113350,1658137553.4249065,1658137553.9246435,1658137555.4838912,-0.499737024307251,1.5592477321624756,3432,3504
2026-07-31T12:26:03.467337+00:00,12782.908911207,536.562480,1658137553.8247294,1658137554.3247576,1658137555.933912,-0.500028133392334,1.609154462814331,3435,3507
2026-07-31T12:26:04.060657+00:00,12783.502231173,537.155800,1658137554.3247702,1658137554.9247699,1658137556.5339153,-0.5999996662139893,1.6091454029083252,3439,3511
2026-07-31T12:26:04.515485+00:00,12783.957058710,537.610627,1658137554.7248447,1658137555.4246888,1658137556.98394,-0.6998441219329834,1.559251070022583,3442,3514
2026-07-31T12:26:04.962387+00:00,12784.403961035,538.057530,1658137555.4248097,1658137555.8248158,1658137557.4339736,-0.4000060558319092,1.6091578006744385,3445,3517
2026-07-31T12:26:05.560743+00:00,12785.002316281,538.655885,1658137556.0247464,1658137556.4247258,1658137558.0340137,-0.3999793529510498,1.609287977218628,3449,3521
2026-07-31T12:26:06.010613+00:00,12785.452187165,539.105756,1658137556.4247591,1658137556.924688,1658137558.484017,-0.49992895126342773,1.5593287944793701,3452,3524
2026-07-31T12:26:06.463077+00:00,12785.904651408,539.558220,1658137556.9248335,1658137557.324069,1658137558.9340174,-0.39923548698425293,1.6099483966827393,3455,3527
2026-07-31T12:26:07.064907+00:00,12786.506480059,540.160049,1658137557.4248135,1658137557.9248054,1658137559.534054,-0.49999189376831055,1.6092486381530762,3459,3531
2026-07-31T12:26:07.513317+00:00,12786.954890802,540.608459,1658137557.9249012,1658137558.4238536,1658137559.9840658,-0.49895238876342773,1.5602121353149414,3462,3534
2026-07-31T12:26:07.963547+00:00,12787.405120017,541.058689,1658137558.4247198,1658137558.8249269,1658137560.4340901,-0.4002070426940918,1.6091632843017578,3465,3537
2026-07-31T12:26:08.572574+00:00,12788.014148285,541.667717,1658137558.8249311,1658137559.4248416,1658137561.059104,-0.5999104976654053,1.6342623233795166,3469,3541
2026-07-31T12:26:09.025827+00:00,12788.467399575,542.120968,1658137559.2247577,1658137559.9248526,1658137561.509133,-0.7000949382781982,1.5842804908752441,3472,3544
2026-07-31T12:26:09.472843+00:00,12788.914416287,542.567985,1658137559.62484,1658137560.324917,1658137561.9591584,-0.7000770568847656,1.6342413425445557,3475,3547
2026-07-31T12:26:10.078348+00:00,12789.519922282,543.173491,1658137560.024818,1658137560.9248245,1658137562.5591662,-0.9000065326690674,1.6343417167663574,3479,3551
2026-07-31T12:26:10.538851+00:00,12789.980424963,543.633994,1658137560.3249214,1658137561.424633,1658137563.0091867,-1.0997116565704346,1.5845537185668945,3482,3554
2026-07-31T12:26:10.985876+00:00,12790.427449620,544.081018,1658137560.7249262,1658137561.8240862,1658137563.4592035,-1.0991599559783936,1.6351172924041748,3485,3557
2026-07-31T12:26:11.582572+00:00,12791.024145451,544.677714,1658137561.9248273,1658137562.4248083,1658137564.0592375,-0.4999809265136719,1.6344292163848877,3489,3561
2026-07-31T12:26:12.036385+00:00,12791.477958874,545.131528,1658137562.3248737,1658137562.9249303,1658137564.509321,-0.6000566482543945,1.584390640258789,3492,3564
2026-07-31T12:26:12.493525+00:00,12791.935098882,545.588668,1658137562.9249346,1658137563.3248155,1658137564.9592724,-0.39988088607788086,1.6344568729400635,3495,3567
2026-07-31T12:26:12.941957+00:00,12792.383530774,546.037099,1658137563.424901,1658137563.8246891,1658137565.4092848,-0.39978814125061035,1.5845956802368164,3498,3570
2026-07-31T12:26:13.552268+00:00,12792.993841375,546.647410,1658137564.0248277,1658137564.424724,1658137566.034309,-0.39989638328552246,1.6095848083496094,3502,3574
2026-07-31T12:26:14.002606+00:00,12793.444179717,547.097748,1658137564.3248978,1658137564.8244445,1658137566.4843266,-0.49954676628112793,1.6598820686340332,3505,3577
2026-07-31T12:26:14.461070+00:00,12793.902643989,547.556213,1658137564.724756,1658137565.3245263,1658137566.9343495,-0.5997703075408936,1.609823226928711,3508,3580
2026-07-31T12:26:15.062381+00:00,12794.503954575,548.157523,1658137565.2248273,1658137565.9247699,1658137567.5343654,-0.6999425888061523,1.609595537185669,3512,3584
2026-07-31T12:26:15.531165+00:00,12794.972738646,548.626307,1658137565.6247501,1658137566.4247594,1658137568.009382,-0.8000092506408691,1.5846226215362549,3515,3587
2026-07-31T12:26:15.996136+00:00,12795.437710198,549.091279,1658137565.924774,1658137566.824759,1658137568.484404,-0.8999850749969482,1.6596450805664062,3518,3590
2026-07-31T12:26:16.449547+00:00,12795.891119205,549.544688,1658137566.624708,1658137567.3245049,1658137568.9344137,-0.6997969150543213,1.6099088191986084,3521,3593
2026-07-31T12:26:17.050298+00:00,12796.491871296,550.145440,1658137567.424759,1658137567.9248335,1658137569.5344584,-0.5000746250152588,1.6096248626708984,3525,3597
2026-07-31T12:26:17.493945+00:00,12796.935518366,550.589087,1658137567.8247416,1658137568.324737,1658137569.9594615,-0.49999547004699707,1.6347243785858154,3528,3600
2026-07-31T12:26:17.955242+00:00,12797.396814125,551.050383,1658137568.4248924,1658137568.8247104,1658137570.4344757,-0.39981794357299805,1.6097652912139893,3531,3603
2026-07-31T12:26:18.552741+00:00,12797.994314662,551.647883,1658137569.1249077,1658137569.4248178,1658137571.0345082,-0.2999100685119629,1.6096904277801514,3535,3607
2026-07-31T12:26:18.995958+00:00,12798.437531651,552.091100,1658137569.4248223,1658137569.824818,1658137571.4845126,-0.3999955654144287,1.6596946716308594,3538,3610
2026-07-31T12:26:19.441331+00:00,12798.882905140,552.536474,1658137569.8248217,1658137570.3247392,1658137571.909537,-0.49991750717163086,1.5847978591918945,3541,3613
2026-07-31T12:26:20.049556+00:00,12799.491127986,553.144697,1658137570.5247579,1658137570.9248054,1658137572.5345616,-0.40004754066467285,1.6097562313079834,3545,3617
2026-07-31T12:26:20.509483+00:00,12799.951056833,553.604625,1658137570.924847,1658137571.4244435,1658137572.984598,-0.49959659576416016,1.5601544380187988,3548,3620
2026-07-31T12:26:20.953467+00:00,12800.395040023,554.048609,1658137571.6249266,1658137571.8248363,1658137573.4346175,-0.19990968704223633,1.609781265258789,3551,3623
2026-07-31T12:26:21.553818+00:00,12800.995391878,554.648961,1658137572.1248767,1658137572.424727,1658137574.0346327,-0.2998502254486084,1.60990571975708,3555,3627
2026-07-31T12:26:22.005956+00:00,12801.447529839,555.101098,1658137572.5248222,1658137572.9248688,1658137574.4846277,-0.40004658699035645,1.5597589015960693,3558,3630
2026-07-31T12:26:22.456972+00:00,12801.898546518,555.552115,1658137572.9249187,1658137573.3244643,1658137574.9346852,-0.39954566955566406,1.6102209091186523,3561,3633
2026-07-31T12:26:23.056351+00:00,12802.497925195,556.151494,1658137573.4247556,1658137573.9243488,1658137575.534696,-0.49959325790405273,1.6103472709655762,3565,3637
2026-07-31T12:26:23.502710+00:00,12802.944284591,556.597853,1658137573.8247437,1658137574.3244138,1658137575.9846969,-0.49967002868652344,1.660283088684082,3568,3640
2026-07-31T12:26:23.952104+00:00,12803.393677983,557.047247,1658137574.3248556,1658137574.8244793,1658137576.4347167,-0.49962377548217773,1.6102373600006104,3571,3643
2026-07-31T12:26:24.546596+00:00,12803.988169969,557.641739,1658137575.0248713,1658137575.4245605,1658137577.0347455,-0.3996891975402832,1.610184907913208,3575,3647
2026-07-31T12:26:24.993813+00:00,12804.435386104,558.088955,1658137575.5249321,1658137575.8237896,1658137577.4598382,-0.2988574504852295,1.6360485553741455,3578,3650
2026-07-31T12:26:25.440889+00:00,12804.882463544,558.536032,1658137575.9249122,1658137576.323991,1658137577.9097729,-0.3990788459777832,1.5857818126678467,3581,3653
2026-07-31T12:26:26.037605+00:00,12805.479178085,559.132747,1658137576.6248612,1658137576.924728,1658137578.5097923,-0.2998666763305664,1.58506441116333,3585,3657
2026-07-31T12:26:26.488360+00:00,12805.929934513,559.583503,1658137577.024883,1658137577.324877,1658137578.9598153,-0.29999399185180664,1.6349382400512695,3588,3660
2026-07-31T12:26:27.089388+00:00,12806.530961727,560.184530,1658137577.6248984,1658137577.9248226,1658137579.5598476,-0.2999241352081299,1.6350250244140625,3592,3664
2026-07-31T12:26:27.537084+00:00,12806.978657360,560.632226,1658137578.2248325,1658137578.424185,1658137580.009864,-0.19935250282287598,1.585679054260254,3595,3667
2026-07-31T12:26:27.982411+00:00,12807.423985760,561.077554,1658137578.624829,1658137578.8241377,1658137580.4598718,-0.1993086338043213,1.6357340812683105,3598,3670
2026-07-31T12:26:28.587813+00:00,12808.029387385,561.682956,1658137579.2248907,1658137579.424826,1658137581.0599005,-0.1999351978302002,1.6350746154785156,3602,3674
2026-07-31T12:26:29.036486+00:00,12808.478059825,562.131628,1658137579.6247563,1658137579.9247136,1658137581.509914,-0.299957275390625,1.585200309753418,3605,3677
2026-07-31T12:26:29.485423+00:00,12808.926995338,562.580564,1658137580.0248451,1658137580.3248093,1658137581.9599445,-0.29996418952941895,1.6351351737976074,3608,3680
2026-07-31T12:26:30.085264+00:00,12809.526837377,563.180406,1658137580.6247454,1658137580.9240897,1658137582.5599763,-0.2993443012237549,1.6358866691589355,3612,3684
2026-07-31T12:26:30.536724+00:00,12809.978298290,563.631867,1658137581.2249157,1658137581.4246442,1658137583.0099683,-0.19972848892211914,1.5853240489959717,3615,3687
2026-07-31T12:26:30.981507+00:00,12810.423081390,564.076650,1658137581.5248172,1658137581.8248427,1658137583.4600172,-0.30002546310424805,1.6351745128631592,3618,3690
2026-07-31T12:26:31.574235+00:00,12811.015809353,564.669378,1658137582.1248505,1658137582.424882,1658137584.0600328,-0.3000314235687256,1.6351509094238281,3622,3694
2026-07-31T12:26:32.031079+00:00,12811.472653207,565.126222,1658137582.5247414,1658137582.9248552,1658137584.5100322,-0.4001138210296631,1.585176944732666,3625,3697
2026-07-31T12:26:32.482346+00:00,12811.923919363,565.577488,1658137582.8247778,1658137583.324277,1658137584.9600694,-0.4994990825653076,1.6357924938201904,3628,3700
2026-07-31T12:26:33.077090+00:00,12812.518663864,566.172233,1658137583.5249302,1658137583.9246707,1658137585.5600913,-0.39974045753479004,1.635420560836792,3632,3704
2026-07-31T12:26:33.526476+00:00,12812.969588005,566.623157,1658137583.9248943,1658137584.4241207,1658137586.0100942,-0.49922633171081543,1.5859735012054443,3635,3707
2026-07-31T12:26:33.974004+00:00,12813.417113738,567.070682,1658137584.3249214,1658137584.8246784,1658137586.4601135,-0.4997570514678955,1.6354351043701172,3638,3710
2026-07-31T12:26:34.566112+00:00,12814.009223184,567.662792,1658137585.124753,1658137585.4247472,1658137587.0352192,-0.29999423027038574,1.6104719638824463,3642,3714
2026-07-31T12:26:35.011257+00:00,12814.454368378,568.107937,1658137585.424751,1658137585.9247942,1658137587.4851594,-0.5000431537628174,1.5603652000427246,3645,3717
2026-07-31T12:26:35.460761+00:00,12814.903872037,568.557441,1658137585.724907,1658137586.3248057,1658137587.9352834,-0.5998988151550293,1.6104776859283447,3648,3720
2026-07-31T12:26:36.054615+00:00,12815.497725595,569.151294,1658137586.324868,1658137586.924912,1658137588.5352008,-0.6000440120697021,1.6102888584136963,3652,3724
2026-07-31T12:26:36.512013+00:00,12815.955125609,569.608694,1658137586.7248552,1658137587.4236135,1658137588.9852893,-0.6987583637237549,1.561675786972046,3655,3727
2026-07-31T12:26:36.962234+00:00,12816.405345275,570.058914,1658137587.1248405,1658137587.8244808,1658137589.4352324,-0.6996402740478516,1.6107516288757324,3658,3730
2026-07-31T12:26:37.558029+00:00,12817.001140015,570.654709,1658137588.1248384,1658137588.424762,1658137590.0352578,-0.2999236583709717,1.6104958057403564,3662,3734
2026-07-31T12:26:38.006996+00:00,12817.450107207,571.103676,1658137588.5248625,1658137588.923949,1658137590.4852805,-0.39908647537231445,1.5613315105438232,3665,3737
2026-07-31T12:26:38.463957+00:00,12817.907067751,571.560636,1658137588.924777,1658137589.3246984,1658137590.935289,-0.3999214172363281,1.6105904579162598,3668,3740
2026-07-31T12:26:39.059905+00:00,12818.503016516,572.156585,1658137589.6248515,1658137589.924713,1658137591.5353117,-0.29986143112182617,1.6105988025665283,3672,3744
2026-07-31T12:26:39.502854+00:00,12818.945965279,572.599534,1658137590.0248437,1658137590.3248875,1658137591.9853365,-0.30004382133483887,1.6604490280151367,3675,3747
2026-07-31T12:26:39.951961+00:00,12819.395072107,573.048641,1658137590.4247384,1658137590.8248217,1658137592.4353616,-0.4000833034515381,1.6105399131774902,3678,3750
2026-07-31T12:26:40.555213+00:00,12819.998324298,573.651893,1658137591.1248417,1658137591.4241688,1658137593.0353668,-0.29932713508605957,1.6111979484558105,3682,3754
2026-07-31T12:26:41.009812+00:00,12820.452922930,574.106492,1658137591.524825,1658137591.9249258,1658137593.485386,-0.4001007080078125,1.560460090637207,3685,3757
2026-07-31T12:26:41.457261+00:00,12820.900371893,574.553941,1658137592.1248837,1658137592.3242512,1658137593.935443,-0.19936752319335938,1.611191749572754,3688,3760
2026-07-31T12:26:42.061224+00:00,12821.504336046,575.157905,1658137592.6247659,1658137592.9243786,1658137594.5354319,-0.29961276054382324,1.611053228378296,3692,3764
2026-07-31T12:26:42.520852+00:00,12821.963963380,575.617532,1658137592.924902,1658137593.4248152,1658137595.0104375,-0.49991321563720703,1.5856223106384277,3695,3767
2026-07-31T12:26:42.966165+00:00,12822.409276577,576.062845,1658137593.4248235,1658137593.8247979,1658137595.4354622,-0.39997434616088867,1.6106643676757812,3698,3770
2026-07-31T12:26:43.565470+00:00,12823.008582176,576.662151,1658137593.9249094,1658137594.4247491,1658137596.0354974,-0.49983978271484375,1.610748291015625,3702,3774
2026-07-31T12:26:44.007645+00:00,12823.450756881,577.104326,1658137594.224805,1658137594.924869,1658137596.4855168,-0.700063943862915,1.56064772605896,3705,3777
2026-07-31T12:26:44.465690+00:00,12823.908801463,577.562370,1658137594.6247313,1658137595.3249297,1658137596.935528,-0.7001984119415283,1.6105983257293701,3708,3780
2026-07-31T12:26:45.062676+00:00,12824.505787248,578.159356,1658137595.124931,1658137595.9248333,1658137597.5355382,-0.7999022006988525,1.6107048988342285,3712,3784
2026-07-31T12:26:45.503314+00:00,12824.946425163,578.599994,1658137595.524855,1658137596.3248127,1658137597.9855895,-0.7999577522277832,1.6607768535614014,3715,3787
2026-07-31T12:26:45.958111+00:00,12825.401221525,579.054790,1658137596.324817,1658137596.8247411,1658137598.4355853,-0.4999241828918457,1.6108441352844238,3718,3790
2026-07-31T12:26:46.557717+00:00,12826.000828911,579.654398,1658137596.8247454,1658137597.4246192,1658137599.035605,-0.5998737812042236,1.6109857559204102,3722,3794
2026-07-31T12:26:47.010669+00:00,12826.453780205,580.107349,1658137597.3248956,1658137597.9249208,1658137599.485691,-0.6000251770019531,1.5607702732086182,3725,3797
2026-07-31T12:26:47.458555+00:00,12826.901665848,580.555234,1658137597.824829,1658137598.3240907,1658137599.9356456,-0.49926161766052246,1.6115548610687256,3728,3800
2026-07-31T12:26:48.063341+00:00,12827.506452543,581.160021,1658137598.3249228,1658137598.9248366,1658137600.5356927,-0.5999138355255127,1.610856056213379,3732,3804
2026-07-31T12:26:48.516634+00:00,12827.959746380,581.613315,1658137598.724912,1658137599.4248822,1658137600.9856822,-0.6999702453613281,1.5608000755310059,3735,3807
2026-07-31T12:26:48.962395+00:00,12828.405506472,582.059075,1658137599.3248532,1658137599.8249176,1658137601.4356995,-0.5000643730163574,1.6107819080352783,3738,3810
2026-07-31T12:26:49.559835+00:00,12829.002945913,582.656515,1658137599.9247684,1658137600.4248917,1658137602.0357306,-0.5001232624053955,1.6108388900756836,3742,3814
2026-07-31T12:26:50.012453+00:00,12829.455563950,583.109133,1658137600.424896,1658137600.9248226,1658137602.485762,-0.4999265670776367,1.5609393119812012,3745,3817
2026-07-31T12:26:50.470728+00:00,12829.913837741,583.567406,1658137600.9248269,1658137601.3236766,1658137602.9607663,-0.3988497257232666,1.637089729309082,3748,3820
2026-07-31T12:26:51.070745+00:00,12830.513855687,584.167424,1658137601.5249248,1658137601.924826,1658137603.5607865,-0.3999011516571045,1.635960578918457,3752,3824
2026-07-31T12:26:51.519507+00:00,12830.962617538,584.616186,1658137601.824813,1658137602.4247053,1658137603.985796,-0.5998923778533936,1.5610907077789307,3755,3827
2026-07-31T12:26:51.972212+00:00,12831.415322743,585.068891,1658137602.1248217,1658137602.8248117,1658137604.4608324,-0.6999900341033936,1.6360206604003906,3758,3830
2026-07-31T12:26:52.571449+00:00,12832.014560077,585.668129,1658137602.5248206,1658137603.4248807,1658137605.0608501,-0.9000601768493652,1.6359694004058838,3762,3834
2026-07-31T12:26:53.021499+00:00,12832.464609709,586.118178,1658137602.8248367,1658137603.924687,1658137605.510855,-1.0998501777648926,1.5861680507659912,3765,3837
2026-07-31T12:26:53.469806+00:00,12832.912916349,586.566485,1658137603.5247197,1658137604.3229177,1658137605.935902,-0.7981979846954346,1.6129844188690186,3768,3840
2026-07-31T12:26:54.066284+00:00,12833.509395325,587.162964,1658137604.2248607,1658137604.9248002,1658137606.5359056,-0.699939489364624,1.6111054420471191,3772,3844
2026-07-31T12:26:54.515734+00:00,12833.958845008,587.612414,1658137604.824726,1658137605.424907,1658137606.9859285,-0.6001808643341064,1.5610215663909912,3775,3847
2026-07-31T12:26:54.963544+00:00,12834.406654706,588.060223,1658137605.5247567,1658137605.8247504,1658137607.4359343,-0.29999375343322754,1.6111838817596436,3778,3850
2026-07-31T12:26:55.558172+00:00,12835.001282723,588.654851,1658137606.1247633,1658137606.4231822,1658137608.035981,-0.2984189987182617,1.6127986907958984,3782,3854
2026-07-31T12:26:56.006300+00:00,12835.449410665,589.102979,1658137606.6248562,1658137606.9247322,1658137608.4859786,-0.29987597465515137,1.561246395111084,3785,3857
2026-07-31T12:26:56.460646+00:00,12835.903756962,589.557326,1658137607.0248115,1658137607.3249004,1658137608.9359965,-0.30008888244628906,1.6110961437225342,3788,3860
2026-07-31T12:26:57.055947+00:00,12836.499057301,590.152626,1658137607.6248236,1658137607.924619,1658137609.5360289,-0.29979538917541504,1.6114099025726318,3792,3864
2026-07-31T12:26:57.497801+00:00,12836.940912142,590.594481,1658137608.0249193,1658137608.3248184,1658137609.986049,-0.2998991012573242,1.6612305641174316,3795,3867
2026-07-31T12:26:57.950417+00:00,12837.393527666,591.047096,1658137608.424917,1658137608.8247404,1658137610.4360719,-0.3998234272003174,1.6113314628601074,3798,3870
2026-07-31T12:26:58.550924+00:00,12837.994035122,591.647604,1658137609.124817,1658137609.4227817,1658137611.0360985,-0.29796481132507324,1.6133167743682861,3802,3874
2026-07-31T12:26:59.001867+00:00,12838.444977915,592.098547,1658137609.4248028,1658137609.8242388,1658137611.4861047,-0.39943599700927734,1.6618659496307373,3805,3877
2026-07-31T12:26:59.441287+00:00,12838.884398017,592.537967,1658137609.7248094,1658137610.3240724,1658137611.9111083,-0.5992629528045654,1.587035894393921,3808,3880
2026-07-31T12:27:00.049547+00:00,12839.492657290,593.146226,1658137610.1248074,1658137610.9246964,1658137612.5361376,-0.799889087677002,1.6114411354064941,3812,3884
2026-07-31T12:27:00.497795+00:00,12839.940905753,593.594474,1658137610.424827,1658137611.3248281,1658137612.9861732,-0.900001049041748,1.6613450050354004,3815,3887
2026-07-31T12:27:00.954740+00:00,12840.397851193,594.051420,1658137610.9247715,1658137611.8248906,1658137613.4362047,-0.9001190662384033,1.611314058303833,3818,3890
2026-07-31T12:27:01.556584+00:00,12840.999695446,594.653264,1658137611.4249196,1658137612.4247274,1658137614.0362084,-0.9998078346252441,1.611480951309204,3822,3894
2026-07-31T12:27:02.000119+00:00,12841.443229302,595.096798,1658137611.924748,1658137612.8233922,1658137614.4862258,-0.898644208908081,1.6628336906433105,3825,3897
2026-07-31T12:27:02.454764+00:00,12841.897874867,595.551444,1658137612.6248991,1658137613.3247056,1658137614.9362302,-0.6998064517974854,1.6115245819091797,3828,3900
2026-07-31T12:27:03.049812+00:00,12842.492923513,596.146492,1658137613.2248173,1658137613.9247615,1658137615.5362601,-0.699944257736206,1.6114985942840576,3832,3904
2026-07-31T12:27:03.498241+00:00,12842.942315993,596.595885,1658137613.6248584,1658137614.3248343,1658137615.9862862,-0.6999759674072266,1.661451816558838,3835,3907
2026-07-31T12:27:04.089356+00:00,12843.533430468,597.186999,1658137614.3248384,1658137614.9247293,1658137616.5613046,-0.599890947341919,1.6365752220153809,3839,3911
2026-07-31T12:27:04.540807+00:00,12843.984882068,597.638451,1658137614.6247437,1658137615.4244926,1658137617.0113163,-0.7997488975524902,1.5868237018585205,3842,3914
2026-07-31T12:27:04.993489+00:00,12844.437562957,598.091132,1658137615.12492,1658137615.8248231,1658137617.461336,-0.6999032497406006,1.6365127563476562,3845,3917
2026-07-31T12:27:05.442761+00:00,12844.886835604,598.540404,1658137615.6247523,1658137616.324404,1658137617.9113607,-0.6996517181396484,1.5869567394256592,3848,3920
2026-07-31T12:27:06.045415+00:00,12845.489490174,599.143059,1658137616.3247497,1658137616.9246726,1658137618.5364485,-0.5999228954315186,1.6117758750915527,3852,3924
2026-07-31T12:27:06.496350+00:00,12845.940424487,599.593993,1658137616.9248137,1658137617.3247354,1658137618.9863982,-0.3999216556549072,1.6616628170013428,3855,3927
2026-07-31T12:27:06.947520+00:00,12846.391594911,600.045164,1658137617.4248164,1658137617.82299,1658137619.4364295,-0.39817357063293457,1.6134395599365234,3858,3930
2026-07-31T12:27:07.547747+00:00,12846.991821772,600.645390,1658137618.1248124,1658137618.4246948,1658137620.0364501,-0.2998824119567871,1.61175537109375,3862,3934
2026-07-31T12:27:07.994649+00:00,12847.438723341,601.092292,1658137618.6249137,1658137618.8248563,1658137620.4864545,-0.19994258880615234,1.6615982055664062,3865,3937
2026-07-31T12:27:08.451559+00:00,12847.895633823,601.549202,1658137619.024919,1658137619.3247287,1658137620.936519,-0.29980969429016113,1.6117901802062988,3868,3940
2026-07-31T12:27:09.048184+00:00,12848.492258661,602.145827,1658137619.5249088,1658137619.9247391,1658137621.5365071,-0.39983034133911133,1.6117680072784424,3872,3944
2026-07-31T12:27:09.517284+00:00,12848.961358970,602.614928,1658137619.9247434,1658137620.4247286,1658137621.9865286,-0.4999852180480957,1.5618000030517578,3875,3947
2026-07-31T12:27:09.970262+00:00,12849.414336758,603.067905,1658137620.224914,1658137620.8243701,1658137622.4615593,-0.5994560718536377,1.6371891498565674,3878,3950
2026-07-31T12:27:10.442251+00:00,12849.886326017,603.539895,1658137620.5248225,1658137621.3248909,1658137622.9115617,-0.8000683784484863,1.5866708755493164,3881,3953
2026-07-31T12:27:11.045771+00:00,12850.489845852,604.143414,1658137620.924826,1658137621.9248226,1658137623.536596,-0.9999966621398926,1.6117734909057617,3885,3957
2026-07-31T12:27:11.495770+00:00,12850.939845078,604.593414,1658137621.3248954,1658137622.3248463,1658137623.9866068,-0.9999508857727051,1.6617605686187744,3888,3960
2026-07-31T12:27:11.945645+00:00,12851.389719930,605.043289,1658137621.7247603,1658137622.823203,1658137624.4366279,-1.098442792892456,1.6134247779846191,3891,3963
2026-07-31T12:27:12.543398+00:00,12851.987472260,605.641041,1658137622.1247463,1658137623.4230692,1658137625.0116355,-1.2983229160308838,1.5885663032531738,3895,3967
2026-07-31T12:27:12.994510+00:00,12852.438583887,606.092153,1658137623.0247645,1658137623.8249252,1658137625.4616518,-0.8001606464385986,1.6367266178131104,3898,3970
2026-07-31T12:27:13.442496+00:00,12852.886571745,606.540140,1658137623.5247817,1658137624.3244824,1658137625.9116862,-0.7997007369995117,1.5872037410736084,3901,3973
2026-07-31T12:27:14.037877+00:00,12853.481952432,607.135521,1658137624.32481,1658137624.9245663,1658137626.5116973,-0.5997562408447266,1.5871310234069824,3905,3977
2026-07-31T12:27:14.490798+00:00,12853.934873154,607.588442,1658137624.824894,1658137625.3248715,1658137626.9617188,-0.49997758865356445,1.6368472576141357,3908,3980
2026-07-31T12:27:15.090667+00:00,12854.534742182,608.188311,1658137625.5249145,1658137625.9245868,1658137627.561736,-0.399672269821167,1.6371493339538574,3912,3984
2026-07-31T12:27:15.534190+00:00,12854.978263658,608.631832,1658137626.1248064,1658137626.424697,1658137628.011768,-0.29989051818847656,1.587071180343628,3915,3987
2026-07-31T12:27:15.983250+00:00,12855.427325588,609.080894,1658137626.5248406,1658137626.8247359,1658137628.4617653,-0.2998952865600586,1.6370294094085693,3918,3990
2026-07-31T12:27:16.582613+00:00,12856.026687753,609.680256,1658137627.1247702,1658137627.4248624,1658137629.0618026,-0.3000922203063965,1.6369402408599854,3922,3994
2026-07-31T12:27:17.041606+00:00,12856.485680734,610.139249,1658137627.6249106,1658137627.9246073,1658137629.5118196,-0.299696683883667,1.587212324142456,3925,3997
2026-07-31T12:27:17.489697+00:00,12856.933772576,610.587341,1658137627.924807,1658137628.3247964,1658137629.9618363,-0.39998936653137207,1.6370398998260498,3928,4000
2026-07-31T12:27:18.091205+00:00,12857.535279291,611.188848,1658137628.5247593,1658137628.9248269,1658137630.5618744,-0.4000675678253174,1.637047529220581,3932,4004
2026-07-31T12:27:18.544694+00:00,12857.988768414,611.642337,1658137629.024816,1658137629.4246678,1658137631.011883,-0.39985179901123047,1.5872151851654053,3935,4007
2026-07-31T12:27:18.995414+00:00,12858.439490177,612.093059,1658137629.4248219,1658137629.9248908,1658137631.4869006,-0.5000689029693604,1.5620098114013672,3938,4010
2026-07-31T12:27:19.443277+00:00,12858.887352185,612.540921,1658137629.824813,1658137630.3249002,1658137631.9119039,-0.5000872611999512,1.5870037078857422,3941,4013
2026-07-31T12:27:20.050440+00:00,12859.494514768,613.148083,1658137630.424748,1658137630.9249063,1658137632.5369356,-0.5001583099365234,1.6120293140411377,3945,4017
2026-07-31T12:27:20.502959+00:00,12859.947034503,613.600603,1658137630.7247496,1658137631.4248784,1658137632.9869747,-0.7001287937164307,1.562096357345581,3948,4020
2026-07-31T12:27:20.953747+00:00,12860.397821416,614.051390,1658137631.0247462,1658137631.824415,1658137633.436975,-0.7996687889099121,1.6125600337982178,3951,4023
2026-07-31T12:27:21.566090+00:00,12861.010164535,614.663733,1658137631.4248827,1658137632.4246788,1658137634.0370064,-0.9997961521148682,1.6123275756835938,3955,4027
2026-07-31T12:27:22.012995+00:00,12861.457070172,615.110639,1658137631.7247567,1658137632.9248204,1658137634.4870937,-1.200063705444336,1.5622732639312744,3958,4030
2026-07-31T12:27:22.473527+00:00,12861.917601986,615.571171,1658137632.4247665,1658137633.3248181,1658137634.962047,-0.9000515937805176,1.6372289657592773,3961,4033
2026-07-31T12:27:23.076805+00:00,12862.520879273,616.174448,1658137633.3248763,1658137633.9242373,1658137635.562072,-0.5993609428405762,1.6378347873687744,3965,4037
2026-07-31T12:27:23.525456+00:00,12862.969530785,616.623099,1658137633.8248112,1658137634.4247422,1658137636.0120919,-0.599931001663208,1.5873496532440186,3968,4040
2026-07-31T12:27:23.974643+00:00,12863.418716535,617.072285,1658137634.2248223,1658137634.8249006,1658137636.4621115,-0.6000783443450928,1.6372108459472656,3971,4043
2026-07-31T12:27:24.574172+00:00,12864.018246108,617.671815,1658137634.9247396,1658137635.4247417,1658137637.062136,-0.5000021457672119,1.6373941898345947,3975,4047
2026-07-31T12:27:25.029425+00:00,12864.473498798,618.127067,1658137635.4247544,1658137635.9246373,1658137637.5121617,-0.49988293647766113,1.5875244140625,3978,4050
2026-07-31T12:27:25.472608+00:00,12864.916683262,618.570252,1658137635.9248033,1658137636.3247309,1658137637.9621956,-0.39992761611938477,1.6374647617340088,3981,4053
2026-07-31T12:27:26.066425+00:00,12865.510499723,619.164068,1658137636.6248302,1658137636.9247177,1658137638.537199,-0.29988741874694824,1.6124813556671143,3985,4057
2026-07-31T12:27:26.521629+00:00,12865.965703851,619.619272,1658137637.0248022,1658137637.4247177,1658137639.0122156,-0.3999154567718506,1.5874979496002197,3988,4060
2026-07-31T12:27:26.971266+00:00,12866.415341256,620.068910,1658137637.4247215,1658137637.8241951,1658137639.4622312,-0.3994736671447754,1.6380360126495361,3991,4063
2026-07-31T12:27:27.578551+00:00,12867.022626379,620.676195,1658137637.9248161,1658137638.4247115,1658137640.0622554,-0.4998953342437744,1.6375439167022705,3995,4067
2026-07-31T12:27:28.026921+00:00,12867.470995989,621.124565,1658137638.4247155,1658137638.9247596,1658137640.512271,-0.5000441074371338,1.5875113010406494,3998,4070
2026-07-31T12:27:28.493323+00:00,12867.937398298,621.590967,1658137638.9247637,1658137639.4247556,1658137640.962302,-0.49999189376831055,1.5375463962554932,4001,4073
2026-07-31T12:27:28.943559+00:00,12868.387633486,622.041202,1658137639.2248929,1658137639.8249078,1658137641.4122975,-0.6000149250030518,1.5873897075653076,4004,4076
2026-07-31T12:27:29.548870+00:00,12868.992944505,622.646513,1658137639.9247544,1658137640.42486,1658137642.037358,-0.500105619430542,1.6124980449676514,4008,4080
2026-07-31T12:27:29.999970+00:00,12869.444044948,623.097614,1658137640.4248974,1658137640.9248312,1658137642.4873524,-0.49993371963500977,1.56252121925354,4011,4083
2026-07-31T12:27:30.465394+00:00,12869.909469011,623.563038,1658137640.9248395,1658137641.3246644,1658137642.9373574,-0.399824857711792,1.6126930713653564,4014,4086
2026-07-31T12:27:31.061441+00:00,12870.505516278,624.159085,1658137641.5247784,1658137641.9248548,1658137643.5373828,-0.40007638931274414,1.6125280857086182,4018,4090
2026-07-31T12:27:31.512122+00:00,12870.956196591,624.609765,1658137641.824826,1658137642.4249048,1658137643.9874058,-0.600078821182251,1.5625009536743164,4021,4093
2026-07-31T12:27:31.959964+00:00,12871.404019727,625.057588,1658137642.2248044,1658137642.824659,1658137644.4374328,-0.5998547077178955,1.6127736568450928,4024,4096
2026-07-31T12:27:32.562210+00:00,12872.006284489,625.659853,1658137642.624857,1658137643.4243138,1658137645.0374544,-0.7994568347930908,1.61314058303833,4028,4100
2026-07-31T12:27:33.016411+00:00,12872.460486417,626.114055,1658137642.924759,1658137643.924907,1658137645.4874713,-1.000148057937622,1.5625643730163574,4031,4103
2026-07-31T12:27:33.465082+00:00,12872.910333014,626.563902,1658137643.7247207,1658137644.3248167,1658137645.9374907,-0.6000959873199463,1.6126739978790283,4034,4106
2026-07-31T12:27:34.061278+00:00,12873.506528473,627.160097,1658137644.2248266,1658137644.9246922,1658137646.5375144,-0.6998655796051025,1.6128222942352295,4038,4110
2026-07-31T12:27:34.513839+00:00,12873.959088838,627.612657,1658137644.524773,1658137645.4243083,1658137646.987517,-0.8995354175567627,1.563208818435669,4041,4113
2026-07-31T12:27:34.968897+00:00,12874.414145101,628.067714,1658137645.3249016,1658137645.8247304,1658137647.4375565,-0.4998288154602051,1.6128261089324951,4044,4116
2026-07-31T12:27:35.576676+00:00,12875.021925465,628.675494,1658137645.724905,1658137646.4247992,1658137648.0625713,-0.6998941898345947,1.6377720832824707,4048,4120
2026-07-31T12:27:36.026050+00:00,12875.471299754,629.124868,1658137646.224839,1658137646.9239886,1658137648.5125806,-0.6991496086120605,1.5885920524597168,4051,4123
2026-07-31T12:27:36.485682+00:00,12875.930932528,629.584501,1658137646.8249104,1658137647.3247874,1658137648.9625971,-0.4998769760131836,1.6378097534179688,4054,4126
2026-07-31T12:27:37.082169+00:00,12876.527418849,630.180987,1658137647.424892,1658137648.02469,1658137649.5626273,-0.5997979640960693,1.5379374027252197,4058,4130
2026-07-31T12:27:37.532099+00:00,12876.977348470,630.630917,1658137648.1249075,1658137648.4247942,1658137650.0126455,-0.29988670349121094,1.5878512859344482,4061,4133
2026-07-31T12:27:37.980182+00:00,12877.425432212,631.079001,1658137648.4248314,1658137648.8247945,1658137650.4626634,-0.3999631404876709,1.637868881225586,4064,4136
2026-07-31T12:27:38.578682+00:00,12878.023931761,631.677500,1658137649.1248326,1658137649.4249215,1658137651.062682,-0.30008888244628906,1.6377604007720947,4068,4140
2026-07-31T12:27:39.034083+00:00,12878.479332646,632.132901,1658137649.5247915,1658137649.9249177,1658137651.5126934,-0.40012621879577637,1.587775707244873,4071,4143
2026-07-31T12:27:39.477973+00:00,12878.923222872,632.576792,1658137649.9249222,1658137650.3246489,1658137651.9627218,-0.39972662925720215,1.6380729675292969,4074,4146
2026-07-31T12:27:40.087146+00:00,12879.532395882,633.185965,1658137650.424735,1658137651.0247705,1658137652.5627413,-0.6000354290008545,1.537970781326294,4078,4150
2026-07-31T12:27:40.535950+00:00,12879.981199739,633.634768,1658137650.9249191,1658137651.4232864,1658137653.0127547,-0.4983673095703125,1.589468240737915,4081,4153
2026-07-31T12:27:40.990618+00:00,12880.435868566,634.089437,1658137651.2248304,1658137651.824361,1658137653.4627671,-0.5995306968688965,1.6384060382843018,4084,4156
2026-07-31T12:27:41.445733+00:00,12880.890982896,634.544552,1658137651.7249002,1658137652.3249035,1658137653.937795,-0.6000032424926758,1.612891435623169,4087,4159
2026-07-31T12:27:42.047834+00:00,12881.493084306,635.146653,1658137652.4247527,1658137652.9248114,1658137654.5378072,-0.500058650970459,1.6129958629608154,4091,4163
2026-07-31T12:27:42.506089+00:00,12881.951338321,635.604907,1658137652.824848,1658137653.3248441,1658137654.9878283,-0.4999961853027344,1.6629841327667236,4094,4166
2026-07-31T12:27:42.961176+00:00,12882.406426655,636.059995,1658137653.424818,1658137653.8248005,1658137655.4378479,-0.3999824523925781,1.6130473613739014,4097,4169
2026-07-31T12:27:43.561631+00:00,12883.006881123,636.660450,1658137654.1248984,1658137654.4247031,1658137656.0378733,-0.2998046875,1.6131701469421387,4101,4173
2026-07-31T12:27:44.009570+00:00,12883.454819696,637.108388,1658137654.6247435,1658137654.9246087,1658137656.4878862,-0.2998652458190918,1.5632774829864502,4104,4176
2026-07-31T12:27:44.462683+00:00,12883.907933003,637.561502,1658137655.024851,1658137655.324809,1658137656.9379323,-0.2999579906463623,1.6131231784820557,4107,4179
2026-07-31T12:27:45.063207+00:00,12884.508456941,638.162026,1658137655.6248338,1658137655.924387,1658137657.537943,-0.29955315589904785,1.613555908203125,4111,4183
2026-07-31T12:27:45.512562+00:00,12884.957812923,638.611382,1658137655.9247282,1658137656.4247444,1658137657.9879677,-0.5000162124633789,1.5632233619689941,4114,4186
2026-07-31T12:27:45.964929+00:00,12885.410180000,639.063749,1658137656.3248966,1658137656.8248165,1658137658.437982,-0.4999198913574219,1.6131656169891357,4117,4189
2026-07-31T12:27:46.576785+00:00,12886.022034724,639.675603,1658137657.0249028,1658137657.4249077,1658137659.0630112,-0.40000486373901367,1.6381034851074219,4121,4193
2026-07-31T12:27:47.024995+00:00,12886.470245672,640.123814,1658137657.4249117,1658137657.9245722,1658137659.513022,-0.4996604919433594,1.5884497165679932,4124,4196
2026-07-31T12:27:47.471860+00:00,12886.917110257,640.570679,1658137657.82489,1658137658.324765,1658137659.9630399,-0.4998750686645508,1.638274908065796,4127,4199
2026-07-31T12:27:48.074589+00:00,12887.519838100,641.173407,1658137658.3248231,1658137658.9248307,1658137660.5630767,-0.6000075340270996,1.6382460594177246,4131,4203
2026-07-31T12:27:48.535011+00:00,12887.980261958,641.633831,1658137658.6248345,1658137659.4247131,1658137661.013076,-0.7998785972595215,1.5883629322052002,4134,4206
2026-07-31T12:27:48.981544+00:00,12888.426794235,642.080363,1658137658.9248352,1658137659.9245868,1658137661.4631004,-0.9997515678405762,1.5385136604309082,4137,4209
2026-07-31T12:27:49.580080+00:00,12889.025329715,642.678898,1658137659.3248768,1658137660.4247184,1658137662.0631332,-1.099841594696045,1.6384148597717285,4141,4213
2026-07-31T12:27:50.032303+00:00,12889.477553269,643.131122,1658137659.9249156,1658137660.9246185,1658137662.513155,-0.9997029304504395,1.5885365009307861,4144,4216
2026-07-31T12:27:50.490018+00:00,12889.935268608,643.588837,1658137660.524808,1658137661.4246337,1658137662.9631724,-0.8998258113861084,1.5385386943817139,4147,4219
2026-07-31T12:27:51.089891+00:00,12890.535140177,644.188709,1658137661.4247255,1658137661.9241974,1658137663.5631952,-0.49947190284729004,1.6389977931976318,4151,4223
2026-07-31T12:27:51.536498+00:00,12890.981748659,644.635317,1658137661.7247474,1658137662.424859,1658137664.013217,-0.7001116275787354,1.588357925415039,4154,4226
2026-07-31T12:27:51.987519+00:00,12891.432769021,645.086338,1658137662.1248302,1658137662.924783,1658137664.463241,-0.7999527454376221,1.5384581089019775,4157,4229
2026-07-31T12:27:52.448528+00:00,12891.893778365,645.547347,1658137662.824723,1658137663.3248315,1658137664.9382544,-0.5001084804534912,1.6134228706359863,4160,4232
2026-07-31T12:27:53.045467+00:00,12892.490717431,646.144286,1658137663.4249313,1658137663.9248576,1658137665.5382795,-0.4999263286590576,1.61342191696167,4164,4236
2026-07-31T12:27:53.517042+00:00,12892.962291740,646.615860,1658137664.0247102,1658137664.424495,1658137665.9883497,-0.39978480339050293,1.563854694366455,4167,4239
2026-07-31T12:27:54.006374+00:00,12893.451623837,647.105192,1658137664.3248186,1658137664.9247222,1658137666.4883375,-0.5999035835266113,1.563615322113037,4170,4242
2026-07-31T12:27:54.459742+00:00,12893.904993083,647.558562,1658137664.7248142,1658137665.3244421,1658137666.9383426,-0.5996279716491699,1.6139004230499268,4173,4245
2026-07-31T12:27:55.061290+00:00,12894.506540174,648.160109,1658137665.12477,1658137665.9244344,1658137667.5383606,-0.7996644973754883,1.6139261722564697,4177,4249
2026-07-31T12:27:55.509842+00:00,12894.955092254,648.608661,1658137665.4247425,1658137666.4247246,1658137667.9883847,-0.9999821186065674,1.5636601448059082,4180,4252
2026-07-31T12:27:55.959347+00:00,12895.404595331,649.058164,1658137665.7247646,1658137666.824818,1658137668.438409,-1.100053310394287,1.613591194152832,4183,4255
2026-07-31T12:27:56.559320+00:00,12896.004569399,649.658138,1658137666.724771,1658137667.4246812,1658137669.038424,-0.6999101638793945,1.6137428283691406,4187,4259
2026-07-31T12:27:57.004798+00:00,12896.450047545,650.103616,1658137667.4249058,1658137667.9238591,1658137669.4884782,-0.49895334243774414,1.5646190643310547,4190,4262
2026-07-31T12:27:57.450566+00:00,12896.895815233,650.549384,1658137667.9247563,1658137668.3244078,1658137669.938477,-0.39965152740478516,1.6140692234039307,4193,4265
2026-07-31T12:27:58.052481+00:00,12897.497732114,651.151301,1658137668.324895,1658137668.924815,1658137670.5384867,-0.5999200344085693,1.6136717796325684,4197,4269
2026-07-31T12:27:58.503981+00:00,12897.949226127,651.602795,1658137668.724761,1658137669.4248166,1658137670.9885101,-0.7000555992126465,1.5636935234069824,4200,4272
2026-07-31T12:27:58.954480+00:00,12898.399729043,652.053298,1658137669.3248684,1658137669.8246758,1658137671.4385417,-0.49980735778808594,1.613865852355957,4203,4275
2026-07-31T12:27:59.550330+00:00,12898.995580438,652.649149,1658137669.9247699,1658137670.4248567,1658137672.038563,-0.500086784362793,1.613706350326538,4207,4279
2026-07-31T12:28:00.002241+00:00,12899.447492086,653.101061,1658137670.5247579,1658137670.924573,1658137672.488638,-0.39981508255004883,1.5640649795532227,4210,4282
2026-07-31T12:28:00.466533+00:00,12899.911783600,653.565352,1658137671.0248432,1658137671.3241987,1658137672.9386027,-0.29935550689697266,1.6144039630889893,4213,4285
2026-07-31T12:28:01.064918+00:00,12900.510167376,654.163736,1658137671.6248152,1658137671.9244127,1658137673.53862,-0.29959750175476074,1.6142072677612305,4217,4289
2026-07-31T12:28:01.514044+00:00,12900.959284511,654.612853,1658137671.9248164,1658137672.4247272,1658137673.9886358,-0.499910831451416,1.563908576965332,4220,4292
2026-07-31T12:28:01.965690+00:00,12901.410940930,655.064510,1658137672.4247563,1658137672.824865,1658137674.4386635,-0.40010881423950195,1.6137983798980713,4223,4295
2026-07-31T12:28:02.576464+00:00,12902.021714642,655.675283,1658137672.9247146,1658137673.4233236,1658137675.0637233,-0.4986090660095215,1.640399694442749,4227,4299
2026-07-31T12:28:03.025150+00:00,12902.470399914,656.123969,1658137673.3249018,1658137673.9248328,1658137675.5136905,-0.599931001663208,1.588857650756836,4230,4302
2026-07-31T12:28:03.487817+00:00,12902.934206859,656.587776,1658137674.0249226,1658137674.3242474,1658137675.9637177,-0.29932475090026855,1.6394703388214111,4233,4305
2026-07-31T12:28:03.953545+00:00,12903.399934147,657.053503,1658137674.3247721,1658137674.8247068,1658137676.4387994,-0.49993467330932617,1.6140925884246826,4236,4308
2026-07-31T12:28:04.571458+00:00,12904.017847067,657.671416,1658137674.8247569,1658137675.4246767,1658137677.0637681,-0.5999197959899902,1.6390914916992188,4240,4312
2026-07-31T12:28:05.019003+00:00,12904.465392374,658.118961,1658137675.324867,1658137675.924427,1658137677.4887898,-0.599560022354126,1.5643627643585205,4243,4315
2026-07-31T12:28:05.464103+00:00,12904.910492544,658.564061,1658137675.7248843,1658137676.3246698,1658137677.9387856,-0.599785566329956,1.6141157150268555,4246,4318
2026-07-31T12:28:06.065980+00:00,12905.512369118,659.165938,1658137676.3248236,1658137676.9247105,1658137678.5388086,-0.5998868942260742,1.614098072052002,4250,4322
2026-07-31T12:28:06.520143+00:00,12905.966532992,659.620102,1658137676.9248354,1658137677.424728,1658137679.0138278,-0.4998924732208252,1.5890998840332031,4253,4325
2026-07-31T12:28:06.964134+00:00,12906.410524407,660.064093,1658137677.224754,1658137677.8247275,1658137679.4388552,-0.5999734401702881,1.6141276359558105,4256,4328
2026-07-31T12:28:07.569642+00:00,12907.016031197,660.669600,1658137677.7248943,1658137678.4248233,1658137680.0388753,-0.6999289989471436,1.6140520572662354,4260,4332
2026-07-31T12:28:08.026767+00:00,12907.473157189,661.126726,1658137678.3247423,1658137678.9246337,1658137680.513884,-0.5998914241790771,1.5892503261566162,4263,4335
2026-07-31T12:28:08.483236+00:00,12907.929625170,661.583194,1658137678.824922,1658137679.4249144,1658137680.9639146,-0.5999922752380371,1.5390002727508545,4266,4338
2026-07-31T12:28:09.091209+00:00,12908.537599415,662.191168,1658137679.6248407,1658137680.0243144,1658137681.5639262,-0.3994736671447754,1.53961181640625,4270,4342
2026-07-31T12:28:09.542806+00:00,12908.989196110,662.642765,1658137680.124902,1658137680.4247673,1658137682.0139494,-0.2998652458190918,1.5891821384429932,4273,4345
2026-07-31T12:28:09.996900+00:00,12909.443289866,663.096859,1658137680.524869,1658137680.824745,1658137682.4889698,-0.29987597465515137,1.6642248630523682,4276,4348
2026-07-31T12:28:10.458631+00:00,12909.905020526,663.558589,1658137681.024806,1658137681.3248072,1658137682.9389865,-0.3000011444091797,1.6141793727874756,4279,4351
2026-07-31T12:28:11.061144+00:00,12910.507533567,664.161102,1658137681.5247245,1658137681.924839,1658137683.5390081,-0.4001145362854004,1.6141691207885742,4283,4355
2026-07-31T12:28:11.510809+00:00,12910.957199595,664.610768,1658137681.824756,1658137682.4246633,1658137683.9890413,-0.599907398223877,1.564378023147583,4286,4358
2026-07-31T12:28:11.968719+00:00,12911.415108423,665.068677,1658137682.224736,1658137682.8247063,1658137684.4390833,-0.5999703407287598,1.6143770217895508,4289,4361
2026-07-31T12:28:12.570588+00:00,12912.016978242,665.670547,1658137682.6248102,1658137683.4248083,1658137685.0640714,-0.7999980449676514,1.6392631530761719,4293,4365
2026-07-31T12:28:13.014842+00:00,12912.461231933,666.114801,1658137682.9248075,1658137683.92487,1658137685.4890916,-1.0000624656677246,1.5642216205596924,4296,4368
2026-07-31T12:28:13.463222+00:00,12912.909612403,666.563181,1658137683.5249035,1658137684.3247962,1658137685.9391289,-0.7998926639556885,1.614332675933838,4299,4371
2026-07-31T12:28:14.071400+00:00,12913.517789790,667.171358,1658137684.3248088,1658137684.9245272,1658137686.564143,-0.5997183322906494,1.639615774154663,4303,4375
2026-07-31T12:28:14.526853+00:00,12913.973241738,667.626810,1658137684.924848,1658137685.4246972,1658137687.0141387,-0.4998490810394287,1.5894415378570557,4306,4378
2026-07-31T12:28:14.966736+00:00,12914.413125688,668.066694,1658137685.2247477,1658137685.8247323,1658137687.4391618,-0.5999846458435059,1.6144294738769531,4309,4381
2026-07-31T12:28:15.568395+00:00,12915.014784343,668.668353,1658137686.0247307,1658137686.4241812,1658137688.0391812,-0.39945054054260254,1.6150000095367432,4313,4385
2026-07-31T12:28:16.022155+00:00,12915.468545494,669.122114,1658137686.5249176,1658137686.9243314,1658137688.514249,-0.3994138240814209,1.5899176597595215,4316,4388
2026-07-31T12:28:16.479648+00:00,12915.926037491,669.579606,1658137687.0248384,1658137687.3247766,1658137688.9642284,-0.2999382019042969,1.6394517421722412,4319,4391
2026-07-31T12:28:17.095572+00:00,12916.541962587,670.195531,1658137687.524742,1658137688.0247526,1658137689.5892732,-0.5000107288360596,1.5645205974578857,4323,4395
2026-07-31T12:28:17.555201+00:00,12917.001591046,670.655160,1658137687.924851,1658137688.4246964,1658137690.039272,-0.4998455047607422,1.6145756244659424,4326,4398
2026-07-31T12:28:18.014050+00:00,12917.460439516,671.114008,1658137688.324875,1658137688.9247067,1658137690.489296,-0.5998315811157227,1.564589262008667,4329,4401
2026-07-31T12:28:18.463212+00:00,12917.909602645,671.563171,1658137688.7248323,1658137689.3247972,1658137690.939304,-0.5999648571014404,1.6145069599151611,4332,4404
2026-07-31T12:28:19.074685+00:00,12918.521074703,672.174643,1658137689.2248988,1658137689.924846,1658137691.5643425,-0.6999471187591553,1.6394965648651123,4336,4408
2026-07-31T12:28:19.526720+00:00,12918.973110564,672.626679,1658137689.7249184,1658137690.4245944,1658137692.0143595,-0.6996760368347168,1.5897650718688965,4339,4411
2026-07-31T12:28:19.983889+00:00,12919.430278514,673.083847,1658137690.124909,1658137690.8248215,1658137692.4643672,-0.6999125480651855,1.6395456790924072,4342,4414
2026-07-31T12:28:20.585857+00:00,12920.032247264,673.685816,1658137690.6249013,1658137691.5247624,1658137693.0643933,-0.8998610973358154,1.5396308898925781,4346,4418
2026-07-31T12:28:21.032862+00:00,12920.479251949,674.132821,1658137691.0247617,1658137691.924901,1658137693.514398,-0.900139331817627,1.5894970893859863,4349,4421
2026-07-31T12:28:21.487636+00:00,12920.934026639,674.587595,1658137691.5247664,1658137692.4247253,1658137693.9644337,-0.8999588489532471,1.5397083759307861,4352,4424
2026-07-31T12:28:22.084388+00:00,12921.530777354,675.184346,1658137692.2249055,1658137693.0247083,1658137694.5644507,-0.7998027801513672,1.5397424697875977,4356,4428
2026-07-31T12:28:22.534927+00:00,12921.981317260,675.634886,1658137692.7248325,1658137693.4249244,1658137695.014461,-0.7000918388366699,1.5895366668701172,4359,4431
2026-07-31T12:28:22.988050+00:00,12922.434439779,676.088008,1658137693.4249287,1658137693.9247644,1658137695.4644847,-0.499835729598999,1.5397202968597412,4362,4434
2026-07-31T12:28:23.589056+00:00,12923.035445551,676.689014,1658137694.0248525,1658137694.5249047,1658137696.0645192,-0.5000522136688232,1.5396144390106201,4366,4438
2026-07-31T12:28:24.035155+00:00,12923.481545241,677.135114,1658137694.5249088,1658137694.924909,1658137696.5145254,-0.40000033378601074,1.589616298675537,4369,4441
2026-07-31T12:28:24.492015+00:00,12923.938405063,677.591974,1658137694.8248112,1658137695.4245334,1658137696.9645402,-0.599722146987915,1.5400068759918213,4372,4444
2026-07-31T12:28:25.087215+00:00,12924.533605271,678.187174,1658137695.4247541,1658137695.9247506,1658137697.564569,-0.4999964237213135,1.6398184299468994,4376,4448
2026-07-31T12:28:25.537660+00:00,12924.984049823,678.637618,1658137695.9248214,1658137696.4243019,1658137698.0145757,-0.4994804859161377,1.5902738571166992,4379,4451
2026-07-31T12:28:25.993107+00:00,12925.439495769,679.093064,1658137696.3249123,1658137696.924898,1658137698.4646049,-0.5999855995178223,1.5397069454193115,4382,4454
2026-07-31T12:28:26.441230+00:00,12925.887620571,679.541189,1658137696.9249141,1658137697.3247466,1658137698.9146154,-0.39983248710632324,1.5898687839508057,4385,4457
2026-07-31T12:28:27.036357+00:00,12926.482747956,680.136317,1658137697.5248055,1658137697.9248006,1658137699.5146406,-0.3999950885772705,1.5898399353027344,4389,4461
2026-07-31T12:28:27.482753+00:00,12926.929143510,680.582712,1658137698.0247383,1658137698.3248808,1658137699.9646645,-0.3001425266265869,1.6397836208343506,4392,4464
2026-07-31T12:28:28.076292+00:00,12927.522682689,681.176251,1658137698.6249166,1658137698.924641,1658137700.5646951,-0.2997243404388428,1.6400542259216309,4396,4468
2026-07-31T12:28:28.528534+00:00,12927.974923951,681.628493,1658137699.1247318,1658137699.4247344,1658137701.0147104,-0.3000025749206543,1.5899760723114014,4399,4471
2026-07-31T12:28:28.979337+00:00,12928.425725906,682.079295,1658137699.5248485,1658137699.8245962,1658137701.4647198,-0.2997477054595947,1.6401236057281494,4402,4474
2026-07-31T12:28:29.582828+00:00,12929.029217224,682.682786,1658137699.9248304,1658137700.4242713,1658137702.0647514,-0.49944090843200684,1.6404800415039062,4406,4478
2026-07-31T12:28:30.031947+00:00,12929.478335862,683.131905,1658137700.3249035,1658137700.9248836,1658137702.514756,-0.5999801158905029,1.5898723602294922,4409,4481
2026-07-31T12:28:30.483146+00:00,12929.929535896,683.583105,1658137700.6249285,1658137701.3248239,1658137702.9647844,-0.6998953819274902,1.639960527420044,4412,4484
2026-07-31T12:28:31.086921+00:00,12930.533311361,684.186880,1658137701.3248281,1658137701.92434,1658137703.564812,-0.5995118618011475,1.6404719352722168,4416,4488
2026-07-31T12:28:31.540937+00:00,12930.987327561,684.640896,1658137701.72482,1658137702.424628,1658137704.0148213,-0.6998081207275391,1.590193271636963,4419,4491
2026-07-31T12:28:32.001696+00:00,12931.448086181,685.101655,1658137702.224763,1658137702.824669,1658137704.4898486,-0.5999059677124023,1.66517972946167,4422,4494
2026-07-31T12:28:32.446859+00:00,12931.893249358,685.546818,1658137702.7247589,1658137703.3248975,1658137704.9398594,-0.6001386642456055,1.614961862564087,4425,4497
2026-07-31T12:28:33.048681+00:00,12932.495070638,686.148639,1658137703.224824,1658137703.9246998,1658137705.5398948,-0.6998758316040039,1.6151950359344482,4429,4501
2026-07-31T12:28:33.500441+00:00,12932.948105072,686.601674,1658137703.5248303,1658137704.324739,1658137705.9898963,-0.7999086380004883,1.6651573181152344,4432,4504
2026-07-31T12:28:33.956423+00:00,12933.404086520,687.057655,1658137704.2248473,1658137704.8247013,1658137706.4399178,-0.5998539924621582,1.6152164936065674,4435,4507
2026-07-31T12:28:34.557482+00:00,12934.005145847,687.658714,1658137704.6247451,1658137705.424296,1658137707.0399356,-0.7995507717132568,1.6156396865844727,4439,4511
2026-07-31T12:28:35.005125+00:00,12934.452788925,688.106358,1658137705.024756,1658137705.9248195,1658137707.4899597,-0.9000635147094727,1.5651402473449707,4442,4514
2026-07-31T12:28:35.460311+00:00,12934.907975182,688.561544,1658137705.7248976,1658137706.324831,1658137707.9399798,-0.599933385848999,1.6151487827301025,4445,4517
2026-07-31T12:28:36.057684+00:00,12935.505347124,689.158916,1658137706.3248436,1658137706.9247282,1658137708.5400002,-0.5998845100402832,1.615272045135498,4449,4521
2026-07-31T12:28:36.512044+00:00,12935.959707449,689.613276,1658137706.724808,1658137707.42491,1658137708.9900253,-0.7001020908355713,1.565115213394165,4452,4524
2026-07-31T12:28:36.960517+00:00,12936.408180107,690.061749,1658137707.3248277,1658137707.824749,1658137709.4400368,-0.4999213218688965,1.6152877807617188,4455,4527
2026-07-31T12:28:37.562740+00:00,12937.010402435,690.663971,1658137707.724917,1658137708.4249034,1658137710.0400712,-0.699986457824707,1.6151678562164307,4459,4531
2026-07-31T12:28:38.014611+00:00,12937.462275698,691.115844,1658137708.124926,1658137708.9248266,1658137710.4900897,-0.7999005317687988,1.565263032913208,4462,4534
2026-07-31T12:28:38.462669+00:00,12937.910333388,691.563902,1658137708.8247504,1658137709.324871,1658137710.9401011,-0.5001206398010254,1.6152300834655762,4465,4537
2026-07-31T12:28:39.062707+00:00,12938.510370218,692.163939,1658137709.5248418,1658137709.924927,1658137711.5401957,-0.4000852108001709,1.6152687072753906,4469,4541
2026-07-31T12:28:39.510059+00:00,12938.957722969,692.611292,1658137710.0247757,1658137710.424901,1658137711.9901347,-0.40012526512145996,1.5652337074279785,4472,4544
2026-07-31T12:28:39.964689+00:00,12939.412352431,693.065921,1658137710.4249222,1658137710.8246593,1658137712.4401176,-0.3997371196746826,1.6154582500457764,4475,4547
2026-07-31T12:28:40.578465+00:00,12940.026128143,693.679697,1658137710.9247718,1658137711.4247987,1658137713.0651762,-0.5000269412994385,1.6403775215148926,4479,4551
2026-07-31T12:28:41.028855+00:00,12940.476517899,694.130087,1658137711.3247156,1658137711.9247367,1658137713.515202,-0.6000211238861084,1.5904653072357178,4482,4554
2026-07-31T12:28:41.485535+00:00,12940.933198154,694.586767,1658137711.624736,1658137712.3248107,1658137713.9652262,-0.7000746726989746,1.6404154300689697,4485,4557
2026-07-31T12:28:41.945902+00:00,12941.393565430,695.047134,1658137712.3248773,1658137712.824714,1658137714.4402454,-0.49983668327331543,1.6155314445495605,4488,4560
2026-07-31T12:28:42.539782+00:00,12941.987445303,695.641014,1658137712.9249287,1658137713.4248843,1658137715.015248,-0.4999556541442871,1.5903637409210205,4492,4564
2026-07-31T12:28:42.989711+00:00,12942.437375024,696.090944,1658137713.6248097,1658137713.9247973,1658137715.465284,-0.2999875545501709,1.5404868125915527,4495,4567
2026-07-31T12:28:43.442463+00:00,12942.890125335,696.543694,1658137714.0249178,1658137714.3247535,1658137715.9152915,-0.2998356819152832,1.5905380249023438,4498,4570
2026-07-31T12:28:44.038970+00:00,12943.486632904,697.140202,1658137714.42488,1658137714.9243376,1658137716.5153067,-0.49945759773254395,1.5909690856933594,4502,4574
2026-07-31T12:28:44.485957+00:00,12943.933619827,697.587188,1658137714.8247693,1658137715.4244869,1658137716.9653358,-0.5997176170349121,1.540848970413208,4505,4577
2026-07-31T12:28:45.079475+00:00,12944.527137534,698.180706,1658137715.3248155,1658137715.9249144,1658137717.5653665,-0.6000988483428955,1.6404521465301514,4509,4581
2026-07-31T12:28:45.522327+00:00,12944.969991372,698.623560,1658137715.8248394,1658137716.4247305,1658137718.0153794,-0.599891185760498,1.590648889541626,4512,4584
2026-07-31T12:28:45.971407+00:00,12945.419071143,699.072640,1658137716.4247348,1658137716.824823,1658137718.465404,-0.4000880718231201,1.6405811309814453,4515,4587
2026-07-31T12:28:46.573032+00:00,12946.020694978,699.674264,1658137717.0248952,1658137717.4248006,1658137719.0654228,-0.3999054431915283,1.6406221389770508,4519,4591
2026-07-31T12:28:47.021531+00:00,12946.469195195,700.122764,1658137717.6248527,1658137717.9245386,1658137719.5154395,-0.2996859550476074,1.5909008979797363,4522,4594
2026-07-31T12:28:47.468849+00:00,12946.916512796,700.570081,1658137717.9247339,1658137718.3248253,1658137719.9404526,-0.40009140968322754,1.6156272888183594,4525,4597
2026-07-31T12:28:48.072046+00:00,12947.519709362,701.173278,1658137718.6249237,1658137718.9249175,1658137720.5654886,-0.29999375343322754,1.640571117401123,4529,4601
2026-07-31T12:28:48.523345+00:00,12947.971008009,701.624577,1658137719.0247672,1658137719.4246888,1658137721.0154917,-0.3999216556549072,1.5908029079437256,4532,4604
2026-07-31T12:28:48.970099+00:00,12948.417762900,702.071332,1658137719.4247012,1658137719.8249252,1658137721.4655128,-0.400223970413208,1.640587568283081,4535,4607
2026-07-31T12:28:49.564617+00:00,12949.012280400,702.665849,1658137720.1248212,1658137720.4245162,1658137722.04055,-0.2996950149536133,1.6160337924957275,4539,4611
2026-07-31T12:28:50.012711+00:00,12949.460375212,703.113944,1658137720.624852,1658137720.924737,1658137722.4905698,-0.2998850345611572,1.5658328533172607,4542,4614
2026-07-31T12:28:50.466605+00:00,12949.914268779,703.567837,1658137721.0248225,1658137721.3246472,1658137722.940567,-0.29982471466064453,1.615919828414917,4545,4617
2026-07-31T12:28:51.068782+00:00,12950.516445489,704.170014,1658137721.7248256,1658137721.9245322,1658137723.540597,-0.1997065544128418,1.6160647869110107,4549,4621
2026-07-31T12:28:51.514949+00:00,12950.962612983,704.616182,1658137722.1248186,1658137722.4247649,1658137723.9906218,-0.29994630813598633,1.56585693359375,4552,4624
2026-07-31T12:28:51.966288+00:00,12951.413950451,705.067519,1658137722.5248559,1658137722.8247583,1658137724.4406214,-0.29990243911743164,1.6158630847930908,4555,4627
2026-07-31T12:28:52.566995+00:00,12952.014658884,705.668228,1658137723.0248058,1658137723.4245372,1658137725.040656,-0.3997313976287842,1.6161189079284668,4559,4631
2026-07-31T12:28:53.014425+00:00,12952.462089573,706.115658,1658137723.3248453,1658137723.9247499,1658137725.4906862,-0.5999045372009277,1.5659363269805908,4562,4634
2026-07-31T12:28:53.469013+00:00,12952.916675955,706.570245,1658137723.824924,1658137724.3247817,1658137725.9406886,-0.49985766410827637,1.6159069538116455,4565,4637
2026-07-31T12:28:54.072031+00:00,12953.519693913,707.173263,1658137724.5249145,1658137724.9247084,1658137726.5657182,-0.3997938632965088,1.64100980758667,4569,4641
2026-07-31T12:28:54.530111+00:00,12953.977774214,707.631343,1658137725.0247545,1658137725.4248035,1658137727.0157342,-0.40004897117614746,1.590930700302124,4572,4644
2026-07-31T12:28:54.979034+00:00,12954.426696965,708.080266,1658137725.5249054,1658137725.8249025,1658137727.4657526,-0.29999709129333496,1.6408500671386719,4575,4647
2026-07-31T12:28:55.580203+00:00,12955.027866824,708.681435,1658137726.1249192,1658137726.4242768,1658137728.0657794,-0.29935765266418457,1.6415026187896729,4579,4651
2026-07-31T12:28:56.028458+00:00,12955.476119788,709.129688,1658137726.62481,1658137726.9247963,1658137728.5158017,-0.2999863624572754,1.5910053253173828,4582,4654
2026-07-31T12:28:56.479356+00:00,12955.927019030,709.580588,1658137727.024924,1658137727.3243275,1658137728.9658177,-0.29940342903137207,1.6414902210235596,4585,4657
2026-07-31T12:28:57.077645+00:00,12956.525307957,710.178877,1658137727.6247447,1658137727.924279,1658137729.5658343,-0.29953432083129883,1.6415553092956543,4589,4661
2026-07-31T12:28:57.522571+00:00,12956.970234621,710.623803,1658137727.9247491,1658137728.4247897,1658137730.0158613,-0.5000405311584473,1.591071605682373,4592,4664
2026-07-31T12:28:57.989092+00:00,12957.436754169,711.090323,1658137728.3248615,1658137728.8248086,1658137730.4659235,-0.49994707107543945,1.6411149501800537,4595,4667
2026-07-31T12:28:58.453304+00:00,12957.900967706,711.554536,1658137728.624768,1658137729.3235743,1658137730.9409096,-0.6988062858581543,1.617335319519043,4598,4670
2026-07-31T12:28:59.060918+00:00,12958.508581503,712.162150,1658137729.0247347,1658137729.9248345,1658137731.5409167,-0.9000997543334961,1.6160821914672852,4602,4674
2026-07-31T12:28:59.503978+00:00,12958.951641471,712.605210,1658137729.4248981,1658137730.4248993,1658137731.9909422,-1.0000011920928955,1.5660429000854492,4605,4677
2026-07-31T12:28:59.955758+00:00,12959.403422028,713.056991,1658137729.9248388,1658137730.8248768,1658137732.440941,-0.9000380039215088,1.6160643100738525,4608,4680
2026-07-31T12:29:00.567541+00:00,12960.015204684,713.668773,1658137730.5247433,1658137731.4248285,1658137733.0409694,-0.9000852108001709,1.6161408424377441,4612,4684
2026-07-31T12:29:01.008609+00:00,12960.456273266,714.109842,1658137731.124905,1658137731.9248695,1658137733.490997,-0.799964427947998,1.5661275386810303,4615,4687
2026-07-31T12:29:01.456739+00:00,12960.904403233,714.557972,1658137731.4248323,1658137732.3249166,1658137733.9410005,-0.9000842571258545,1.6160838603973389,4618,4690
2026-07-31T12:29:02.057205+00:00,12961.504867660,715.158436,1658137732.0247617,1658137732.9245052,1658137734.5410333,-0.8997435569763184,1.616528034210205,4622,4694
2026-07-31T12:29:02.511146+00:00,12961.958810159,715.612379,1658137732.324921,1658137733.4248002,1658137734.9910743,-1.099879264831543,1.5662741661071777,4625,4697
2026-07-31T12:29:02.956999+00:00,12962.404661803,716.058230,1658137732.724897,1658137733.8247583,1658137735.4410746,-1.0998613834381104,1.616316318511963,4628,4700
2026-07-31T12:29:03.554185+00:00,12963.003095716,716.656664,1658137734.024836,1658137734.4246476,1658137736.0410957,-0.3998115062713623,1.616448163986206,4632,4704
2026-07-31T12:29:04.006314+00:00,12963.455224914,717.108794,1658137734.5248206,1658137734.8248265,1658137736.4911203,-0.3000059127807617,1.6662938594818115,4635,4707
2026-07-31T12:29:04.461223+00:00,12963.910134744,717.563703,1658137735.1248517,1658137735.324361,1658137736.941126,-0.1995093822479248,1.616765022277832,4638,4710
2026-07-31T12:29:05.056297+00:00,12964.505208255,718.158777,1658137735.6247437,1658137735.9248302,1658137737.54115,-0.30008649826049805,1.6163198947906494,4642,4714
2026-07-31T12:29:05.507513+00:00,12964.956423248,718.609992,1658137736.0247183,1658137736.4249175,1658137737.9911754,-0.40019917488098145,1.5662579536437988,4645,4717
2026-07-31T12:29:05.961806+00:00,12965.410717555,719.064286,1658137736.3248324,1658137736.8246105,1658137738.4412029,-0.49977803230285645,1.6165924072265625,4648,4720
2026-07-31T12:29:06.562502+00:00,12966.011412204,719.664981,1658137736.8249178,1658137737.424141,1658137739.0412226,-0.5992231369018555,1.617081642150879,4652,4724
2026-07-31T12:29:07.001238+00:00,12966.450149090,720.103718,1658137737.3249218,1658137737.9248664,1658137739.4912374,-0.5999445915222168,1.566370964050293,4655,4727
2026-07-31T12:29:07.455552+00:00,12966.904463371,720.558032,1658137737.82477,1658137738.3248394,1658137739.9412403,-0.5000693798065186,1.616400957107544,4658,4730
2026-07-31T12:29:08.058116+00:00,12967.507026889,721.160596,1658137738.3248725,1658137738.9246588,1658137740.5412743,-0.5997862815856934,1.6166155338287354,4662,4734
2026-07-31T12:29:08.514009+00:00,12967.962919697,721.616488,1658137738.8249266,1658137739.424723,1658137740.9912908,-0.5997962951660156,1.5665678977966309,4665,4737
2026-07-31T12:29:08.961731+00:00,12968.410642268,722.064211,1658137739.1249323,1658137739.8248477,1658137741.4413135,-0.6999154090881348,1.6164658069610596,4668,4740
2026-07-31T12:29:09.568639+00:00,12969.017549977,722.671119,1658137739.7247782,1658137740.4247372,1658137742.04133,-0.6999590396881104,1.6165928840637207,4672,4744
2026-07-31T12:29:10.019933+00:00,12969.468843880,723.122413,1658137740.2248602,1658137740.9246807,1658137742.5163493,-0.6998205184936523,1.5916686058044434,4675,4747
2026-07-31T12:29:10.473555+00:00,12969.922464834,723.576033,1658137740.9247432,1658137741.3235805,1658137742.9663746,-0.3988373279571533,1.642794132232666,4678,4750
2026-07-31T12:29:11.068053+00:00,12970.516962814,724.170531,1658137741.6248796,1658137741.9247403,1658137743.541383,-0.29986071586608887,1.616642713546753,4682,4754
2026-07-31T12:29:11.518594+00:00,12970.967504529,724.621073,1658137741.9247735,1658137742.424634,1658137743.9914055,-0.4998605251312256,1.5667715072631836,4685,4757
2026-07-31T12:29:11.974428+00:00,12971.423339107,725.076908,1658137742.224912,1658137742.824736,1658137744.4664283,-0.5998241901397705,1.6416921615600586,4688,4760
2026-07-31T12:29:12.582288+00:00,12972.031199933,725.684769,1658137742.6248264,1658137743.5248756,1658137745.0664487,-0.9000492095947266,1.5415730476379395,4692,4764
2026-07-31T12:29:13.025779+00:00,12972.474690311,726.128259,1658137743.1247494,1658137743.9247522,1658137745.5164638,-0.8000028133392334,1.5917115211486816,4695,4767
2026-07-31T12:29:13.482761+00:00,12972.931668877,726.585238,1658137743.424813,1658137744.32469,1658137745.9665344,-0.8998770713806152,1.6418442726135254,4698,4770
2026-07-31T12:29:13.945602+00:00,12973.394512839,727.048081,1658137744.024842,1658137744.824744,1658137746.4414928,-0.7999019622802734,1.6167488098144531,4701,4773
2026-07-31T12:29:14.544687+00:00,12973.993598046,727.647167,1658137744.6248987,1658137745.4248238,1658137747.0165377,-0.7999250888824463,1.5917139053344727,4705,4777
2026-07-31T12:29:14.995884+00:00,12974.444795182,728.098364,1658137745.1248388,1658137745.9249003,1658137747.4915469,-0.8000614643096924,1.5666465759277344,4708,4780
2026-07-31T12:29:15.443421+00:00,12974.892332666,728.545901,1658137745.6247528,1658137746.3246417,1658137747.9165635,-0.6998889446258545,1.5919218063354492,4711,4783
2026-07-31T12:29:16.041560+00:00,12975.490470595,729.144039,1658137746.4247394,1658137746.9246376,1658137748.5165834,-0.49989819526672363,1.5919458866119385,4715,4787
2026-07-31T12:29:16.492635+00:00,12975.941545900,729.595115,1658137746.9248126,1658137747.3247526,1658137748.9666045,-0.39994001388549805,1.6418519020080566,4718,4790
2026-07-31T12:29:16.948778+00:00,12976.397688349,730.051257,1658137747.5248187,1658137747.82485,1658137749.4416285,-0.3000314235687256,1.6167783737182617,4721,4793
2026-07-31T12:29:17.551532+00:00,12977.000443312,730.654012,1658137748.0248973,1658137748.4246182,1658137750.0416522,-0.3997209072113037,1.6170339584350586,4725,4797
2026-07-31T12:29:18.007565+00:00,12977.456476675,731.110045,1658137748.5249207,1658137748.9249003,1658137750.4916694,-0.3999795913696289,1.5667691230773926,4728,4800
2026-07-31T12:29:18.454911+00:00,12977.903822272,731.557391,1658137748.8248231,1658137749.324694,1658137750.9416924,-0.49987077713012695,1.6169984340667725,4731,4803
2026-07-31T12:29:19.057122+00:00,12978.506033127,732.159602,1658137749.4248266,1658137749.9233146,1658137751.5417125,-0.4984879493713379,1.6183979511260986,4735,4807
2026-07-31T12:29:19.505705+00:00,12978.954616716,732.608185,1658137749.824914,1658137750.4249163,1658137751.9917343,-0.6000022888183594,1.5668179988861084,4738,4810
2026-07-31T12:29:19.964077+00:00,12979.412988360,733.066557,1658137750.2249157,1658137750.824842,1658137752.4417505,-0.599926233291626,1.6169085502624512,4741,4813
2026-07-31T12:29:20.568645+00:00,12980.017555027,733.671124,1658137750.8248963,1658137751.4247792,1658137753.0417752,-0.5998828411102295,1.6169960498809814,4745,4817
2026-07-31T12:29:21.012981+00:00,12980.461892385,734.115461,1658137751.1248949,1658137751.9247394,1658137753.4917984,-0.79984450340271,1.56705904006958,4748,4820
2026-07-31T12:29:21.464539+00:00,12980.913450864,734.567020,1658137751.5248978,1658137752.324849,1658137753.9417994,-0.7999510765075684,1.616950511932373,4751,4823
2026-07-31T12:29:22.063996+00:00,12981.512906166,735.166475,1658137752.2249043,1658137752.9247713,1658137754.5418255,-0.6998670101165771,1.6170542240142822,4755,4827
2026-07-31T12:29:22.521233+00:00,12981.970143935,735.623713,1658137752.8249316,1658137753.4245403,1658137755.016848,-0.5996086597442627,1.5923078060150146,4758,4830
2026-07-31T12:29:22.965093+00:00,12982.414004300,736.067573,1658137753.3248825,1658137753.8247461,1658137755.4418666,-0.4998636245727539,1.6171205043792725,4761,4833
2026-07-31T12:29:23.566299+00:00,12983.015206578,736.668775,1658137753.8247504,1658137754.4249089,1658137756.0419025,-0.6001584529876709,1.6169936656951904,4765,4837
2026-07-31T12:29:24.015665+00:00,12983.464576200,737.118145,1658137754.4249134,1658137754.924269,1658137756.491919,-0.4993555545806885,1.5676500797271729,4768,4840
2026-07-31T12:29:24.469224+00:00,12983.918135407,737.571704,1658137754.8249087,1658137755.3247929,1658137756.9419346,-0.49988412857055664,1.6171417236328125,4771,4843
2026-07-31T12:29:25.068133+00:00,12984.517043513,738.170612,1658137755.4247348,1658137755.9246366,1658137757.5419602,-0.49990177154541016,1.617323637008667,4775,4847
2026-07-31T12:29:25.516018+00:00,12984.964929224,738.618498,1658137755.924816,1658137756.4245558,1658137757.9919755,-0.4997398853302002,1.5674197673797607,4778,4850
2026-07-31T12:29:25.977366+00:00,12985.426277571,739.079846,1658137756.4247344,1658137756.824812,1658137758.4670024,-0.40007758140563965,1.6421904563903809,4781,4853
2026-07-31T12:29:26.575330+00:00,12986.024240889,739.677810,1658137756.9249268,1658137757.42475,1658137759.0670192,-0.49982333183288574,1.6422691345214844,4785,4857
2026-07-31T12:29:27.025661+00:00,12986.474571777,740.128140,1658137757.224805,1658137757.924752,1658137759.5170398,-0.6999468803405762,1.5922877788543701,4788,4860
2026-07-31T12:29:27.477121+00:00,12986.926032250,740.579601,1658137757.6247985,1658137758.3248115,1658137759.9671116,-0.7000129222869873,1.6423001289367676,4791,4863
2026-07-31T12:29:28.073994+00:00,12987.522903641,741.176472,1658137758.2248464,1658137758.9247673,1658137760.5670776,-0.6999208927154541,1.642310380935669,4795,4867
2026-07-31T12:29:28.525783+00:00,12987.974694724,741.628263,1658137758.6248229,1658137759.4246356,1658137761.0171065,-0.7998127937316895,1.5924708843231201,4798,4870
2026-07-31T12:29:28.975691+00:00,12988.424601063,742.078170,1658137759.0248227,1658137759.8245656,1658137761.4671187,-0.7997429370880127,1.6425530910491943,4801,4873
2026-07-31T12:29:29.573325+00:00,12989.022235981,742.675805,1658137759.7249014,1658137760.424709,1658137762.0671387,-0.6998076438903809,1.6424295902252197,4805,4877
2026-07-31T12:29:30.024997+00:00,12989.473907855,743.127476,1658137760.2247348,1658137760.9246435,1658137762.5171685,-0.6999087333679199,1.5925250053405762,4808,4880
2026-07-31T12:29:30.482053+00:00,12989.930963430,743.584532,1658137760.5248392,1658137761.3248975,1658137762.9671786,-0.8000583648681641,1.6422810554504395,4811,4883
2026-07-31T12:29:31.082348+00:00,12990.531258866,744.184828,1658137761.0248954,1658137761.9244378,1658137763.5672085,-0.8995423316955566,1.642770767211914,4815,4887
2026-07-31T12:29:31.528121+00:00,12990.977032363,744.630601,1658137761.5248358,1658137762.424455,1658137764.0172145,-0.8996191024780273,1.592759609222412,4818,4890
2026-07-31T12:29:31.979490+00:00,12991.428401010,745.081970,1658137762.024933,1658137762.8248074,1658137764.4672468,-0.7998743057250977,1.642439365386963,4821,4893
2026-07-31T12:29:32.578441+00:00,12992.027351092,745.680920,1658137763.024731,1658137763.4244862,1658137765.06726,-0.39975523948669434,1.6427738666534424,4825,4897
2026-07-31T12:29:33.022324+00:00,12992.471235436,746.124804,1658137763.524904,1658137763.9249022,1658137765.5172913,-0.39999818801879883,1.5923891067504883,4828,4900
2026-07-31T12:29:33.472161+00:00,12992.922459556,746.576028,1658137763.8248148,1658137764.3246996,1658137765.967311,-0.49988484382629395,1.6426112651824951,4831,4903
2026-07-31T12:29:34.081319+00:00,12993.531617455,747.185186,1658137764.424917,1658137765.0248125,1658137766.5673232,-0.5998954772949219,1.542510747909546,4835,4907
2026-07-31T12:29:34.530129+00:00,12993.980426301,747.633995,1658137764.8248928,1658137765.4245791,1658137767.0173368,-0.5996863842010498,1.5927577018737793,4838,4910
2026-07-31T12:29:34.977976+00:00,12994.428273742,748.081842,1658137765.1249194,1658137765.8241062,1658137767.4673645,-0.6991868019104004,1.6432583332061768,4841,4913
2026-07-31T12:29:35.574616+00:00,12995.024913565,748.678482,1658137765.824751,1658137766.4247906,1658137768.0673928,-0.6000397205352783,1.6426022052764893,4845,4917
2026-07-31T12:29:36.026203+00:00,12995.476500625,749.130069,1658137766.2247481,1658137766.9248369,1658137768.517395,-0.7000887393951416,1.5925581455230713,4848,4920
2026-07-31T12:29:36.477599+00:00,12995.927896245,749.581465,1658137766.6248298,1658137767.324252,1658137768.9674275,-0.6994221210479736,1.6431756019592285,4851,4923
2026-07-31T12:29:37.077056+00:00,12996.527352727,750.180921,1658137767.424901,1658137767.9248395,1658137769.5674374,-0.4999384880065918,1.6425979137420654,4855,4927
2026-07-31T12:29:37.531634+00:00,12996.981931902,750.635501,1658137767.9248438,1658137768.4248834,1658137770.017461,-0.5000395774841309,1.5925776958465576,4858,4930
2026-07-31T12:29:37.985074+00:00,12997.435372676,751.088941,1658137768.424904,1658137768.9246776,1658137770.4674711,-0.4997735023498535,1.5427935123443604,4861,4933
2026-07-31T12:29:38.585197+00:00,12998.035494835,751.689063,1658137769.1247706,1658137769.5247142,1658137771.0675025,-0.39994359016418457,1.5427882671356201,4865,4937
2026-07-31T12:29:39.032856+00:00,12998.483153349,752.136722,1658137769.6248393,1658137769.9248424,1658137771.517505,-0.3000030517578125,1.5926625728607178,4868,4940
2026-07-31T12:29:39.482463+00:00,12998.932760100,752.586329,1658137769.9248464,1658137770.3246524,1658137771.967531,-0.39980602264404297,1.642878532409668,4871,4943
2026-07-31T12:29:40.088250+00:00,12999.538547954,753.192117,1658137770.6247628,1658137771.0240395,1658137772.5675566,-0.3992767333984375,1.5435171127319336,4875,4947
2026-07-31T12:29:40.544738+00:00,12999.995035736,753.648604,1658137771.1247365,1658137771.4247139,1658137773.0425684,-0.29997730255126953,1.6178545951843262,4878,4950
2026-07-31T12:29:40.985971+00:00,13000.436268944,754.089838,1658137771.4247224,1658137771.924903,1658137773.4675894,-0.5001804828643799,1.5426864624023438,4881,4953
2026-07-31T12:29:41.585725+00:00,13001.036022880,754.689592,1658137772.12486,1658137772.524778,1658137774.0676136,-0.3999178409576416,1.5428357124328613,4885,4957
2026-07-31T12:29:42.035566+00:00,13001.485863991,755.139433,1658137772.6248927,1658137772.924794,1658137774.5176234,-0.29990124702453613,1.5928294658660889,4888,4960
2026-07-31T12:29:42.488537+00:00,13001.938835177,755.592404,1658137772.9249022,1658137773.4243321,1658137774.9676878,-0.49942994117736816,1.5433557033538818,4891,4963
2026-07-31T12:29:43.086097+00:00,13002.536395137,756.189964,1658137773.5249195,1658137774.0243616,1658137775.5676842,-0.49944210052490234,1.5433225631713867,4895,4967
2026-07-31T12:29:43.527349+00:00,13002.977645835,756.631214,1658137773.9247692,1658137774.4237998,1658137776.017702,-0.49903059005737305,1.593902349472046,4898,4970
2026-07-31T12:29:43.978996+00:00,13003.429294513,757.082863,1658137774.324928,1658137774.8244047,1658137776.4677417,-0.49947667121887207,1.6433370113372803,4901,4973
2026-07-31T12:29:44.585552+00:00,13004.035849936,757.689419,1658137774.8247662,1658137775.524337,1658137777.0677528,-0.699570894241333,1.5434157848358154,4905,4977
2026-07-31T12:29:45.031507+00:00,13004.481804854,758.135373,1658137775.2248957,1658137775.9249063,1658137777.5177746,-0.7000105381011963,1.5928683280944824,4908,4980
2026-07-31T12:29:45.482419+00:00,13004.932716309,758.586285,1658137775.724752,1658137776.324792,1658137777.9677455,-0.6000399589538574,1.642953634262085,4911,4983
2026-07-31T12:29:46.079020+00:00,13005.529318322,759.182887,1658137776.2247107,1658137776.923757,1658137778.56783,-0.6990463733673096,1.6440730094909668,4915,4987
2026-07-31T12:29:46.534988+00:00,13005.985286075,759.638855,1658137776.8249109,1658137777.4237313,1658137779.0178542,-0.5988204479217529,1.5941228866577148,4918,4990
2026-07-31T12:29:46.972772+00:00,13006.423069541,760.076638,1658137777.1249092,1658137777.8247738,1658137779.46789,-0.6998646259307861,1.6431162357330322,4921,4993
2026-07-31T12:29:47.572955+00:00,13007.023252206,760.676821,1658137777.8248239,1658137778.4245899,1658137780.067904,-0.5997660160064697,1.6433141231536865,4925,4997
2026-07-31T12:29:48.018989+00:00,13007.469286446,761.122855,1658137778.2248185,1658137778.9247885,1658137780.4929297,-0.699970006942749,1.568141222000122,4928,5000
2026-07-31T12:29:48.473301+00:00,13007.923598039,761.577167,1658137778.624827,1658137779.3248885,1658137780.967946,-0.700061559677124,1.6430575847625732,4931,5003
2026-07-31T12:29:49.079285+00:00,13008.529582496,762.183151,1658137779.4247217,1658137779.9244814,1658137781.5679843,-0.4997596740722656,1.643502950668335,4935,5007
2026-07-31T12:29:49.525540+00:00,13008.975838149,762.629407,1658137779.9249227,1658137780.4245176,1658137782.0179987,-0.49959492683410645,1.5934810638427734,4938,5010
2026-07-31T12:29:49.979492+00:00,13009.429789684,763.083358,1658137780.2248304,1658137780.8248527,1658137782.4680214,-0.6000223159790039,1.6431686878204346,4941,5013
2026-07-31T12:29:50.590783+00:00,13010.041081184,763.694650,1658137781.0249174,1658137781.524717,1658137783.0680432,-0.4997997283935547,1.5433261394500732,4945,5017
2026-07-31T12:29:51.041410+00:00,13010.491707730,764.145276,1658137781.4247198,1658137781.9247673,1658137783.518081,-0.5000474452972412,1.5933136940002441,4948,5020
2026-07-31T12:29:51.487276+00:00,13010.937573810,764.591142,1658137781.7247324,1658137782.4247842,1658137783.9680982,-0.7000517845153809,1.543313980102539,4951,5023
2026-07-31T12:29:52.091738+00:00,13011.542036700,765.195605,1658137782.1247313,1658137783.024711,1658137784.5681398,-0.8999795913696289,1.543428897857666,4955,5027
2026-07-31T12:29:52.570546+00:00,13012.020844570,765.674413,1658137782.6247478,1658137783.4243748,1658137785.0681484,-0.7996270656585693,1.6437735557556152,4958,5030
2026-07-31T12:29:53.030334+00:00,13012.480632351,766.134201,1658137782.924914,1658137783.9248126,1658137785.518181,-0.9998986721038818,1.5933685302734375,4961,5033
2026-07-31T12:29:53.488480+00:00,13012.938777751,766.592346,1658137783.3248284,1658137784.4247227,1658137785.9682193,-1.0998942852020264,1.5434966087341309,4964,5036
2026-07-31T12:29:54.084273+00:00,13013.534570008,767.188139,1658137784.0249257,1658137785.024671,1658137786.568219,-0.9997453689575195,1.5435478687286377,4968,5040
2026-07-31T12:29:54.537410+00:00,13013.987708245,767.641277,1658137784.5248563,1658137785.4244187,1658137787.0182362,-0.8995623588562012,1.5938174724578857,4971,5043
2026-07-31T12:29:54.980128+00:00,13014.430425272,768.083994,1658137785.124749,1658137785.8248436,1658137787.4682662,-0.7000946998596191,1.6434226036071777,4974,5046
2026-07-31T12:29:55.576875+00:00,13015.027172351,768.680741,1658137785.7247667,1658137786.4247003,1658137788.0682876,-0.6999335289001465,1.643587350845337,4978,5050
2026-07-31T12:29:56.022964+00:00,13015.473261239,769.126830,1658137786.124855,1658137786.924598,1658137788.5183003,-0.7997429370880127,1.5937023162841797,4981,5053
2026-07-31T12:29:56.475186+00:00,13015.925483709,769.579052,1658137786.624922,1658137787.3247113,1658137788.968319,-0.69978928565979,1.6436076164245605,4984,5056
2026-07-31T12:29:57.073094+00:00,13016.523391762,770.176960,1658137787.1247487,1658137787.9247503,1658137789.5683541,-0.8000016212463379,1.643603801727295,4988,5060
2026-07-31T12:29:57.520488+00:00,13016.970786229,770.624355,1658137787.4248126,1658137788.4245906,1658137790.0183687,-0.9997780323028564,1.593778133392334,4991,5063
2026-07-31T12:29:57.977899+00:00,13017.428197077,771.081766,1658137787.9247544,1658137788.8241208,1658137790.4683952,-0.8993663787841797,1.6442744731903076,4994,5066
2026-07-31T12:29:58.576231+00:00,13018.026528872,771.680098,1658137788.7247353,1658137789.4247906,1658137791.0684233,-0.7000553607940674,1.6436326503753662,4998,5070
2026-07-31T12:29:59.020002+00:00,13018.470300254,772.123869,1658137789.12486,1658137789.9249232,1658137791.4934351,-0.8000631332397461,1.568511962890625,5001,5073
2026-07-31T12:29:59.460525+00:00,13018.910823060,772.564392,1658137790.024768,1658137790.3247464,1658137791.9434476,-0.29997825622558594,1.6187012195587158,5004,5076
2026-07-31T12:30:00.061814+00:00,13019.512112622,773.165681,1658137790.4249368,1658137790.9248283,1658137792.5434706,-0.4998915195465088,1.6186423301696777,5008,5080
2026-07-31T12:30:00.517446+00:00,13019.967743799,773.621312,1658137790.724932,1658137791.4240158,1658137792.993538,-0.6990838050842285,1.5695221424102783,5011,5083
2026-07-31T12:30:00.965465+00:00,13020.415763597,774.069332,1658137791.024819,1658137791.824499,1658137793.4435067,-0.7996799945831299,1.6190078258514404,5014,5086
2026-07-31T12:30:01.564679+00:00,13021.014977026,774.668546,1658137791.5249104,1658137792.4248981,1658137794.0435293,-0.8999876976013184,1.61863112449646,5018,5090
2026-07-31T12:30:02.012923+00:00,13021.463220016,775.116789,1658137791.8249357,1658137792.9246883,1658137794.4935653,-1.09975266456604,1.5688769817352295,5021,5093
2026-07-31T12:30:02.481560+00:00,13021.931857707,775.585426,1658137792.4249146,1658137793.3248162,1658137794.96858,-0.8999016284942627,1.643763780593872,5024,5096
2026-07-31T12:30:02.954455+00:00,13022.404752801,776.058321,1658137792.8249052,1658137793.8248508,1658137795.443586,-0.9999456405639648,1.6187353134155273,5027,5099
2026-07-31T12:30:03.553369+00:00,13023.005076357,776.658645,1658137793.324824,1658137794.4247987,1658137796.0436072,-1.0999746322631836,1.6188085079193115,5031,5103
2026-07-31T12:30:03.995091+00:00,13023.446798465,777.100367,1658137793.9247596,1658137794.9247339,1658137796.4936414,-0.999974250793457,1.5689074993133545,5034,5106
2026-07-31T12:30:04.446945+00:00,13023.898651593,777.552220,1658137794.6247268,1658137795.3243942,1658137796.9436655,-0.6996674537658691,1.6192712783813477,5037,5109
2026-07-31T12:30:05.045060+00:00,13024.496766820,778.150335,1658137795.6248715,1658137795.924696,1658137797.5436807,-0.29982447624206543,1.6189846992492676,5041,5113
2026-07-31T12:30:05.493306+00:00,13024.945012718,778.598581,1658137796.0248244,1658137796.3248513,1658137797.968698,-0.30002689361572266,1.6438467502593994,5044,5116
2026-07-31T12:30:05.950575+00:00,13025.402281673,779.055850,1658137796.524915,1658137796.8246002,1658137798.4437242,-0.2996852397918701,1.619123935699463,5047,5119
2026-07-31T12:30:06.548367+00:00,13026.000073330,779.653642,1658137797.024742,1658137797.4247122,1658137799.0437365,-0.39997029304504395,1.6190242767333984,5051,5123
2026-07-31T12:30:06.996590+00:00,13026.448296439,780.101865,1658137797.4247162,1658137797.9247372,1658137799.4937675,-0.5000209808349609,1.5690302848815918,5054,5126
2026-07-31T12:30:07.447172+00:00,13026.898878022,780.552447,1658137797.9247415,1658137798.3247817,1658137799.9437869,-0.4000401496887207,1.6190052032470703,5057,5129
2026-07-31T12:30:08.045527+00:00,13027.497234201,781.150803,1658137798.4248233,1658137798.9246924,1658137800.5437996,-0.49986910820007324,1.6191072463989258,5061,5133
2026-07-31T12:30:08.493803+00:00,13027.945509576,781.599078,1658137798.9248886,1658137799.3247972,1658137800.9688194,-0.39990854263305664,1.6440222263336182,5064,5136
2026-07-31T12:30:08.946934+00:00,13028.398639861,782.052209,1658137799.3248265,1658137799.8249035,1658137801.4438317,-0.5000770092010498,1.6189281940460205,5067,5139
2026-07-31T12:30:09.544335+00:00,13028.996039387,782.649608,1658137800.0248296,1658137800.424651,1658137802.0188599,-0.39982128143310547,1.5942089557647705,5071,5143
2026-07-31T12:30:09.986687+00:00,13029.438393479,783.091962,1658137800.5248127,1658137800.9249012,1658137802.4688947,-0.4000885486602783,1.5439934730529785,5074,5146
2026-07-31T12:30:10.445879+00:00,13029.897586546,783.551155,1658137800.824807,1658137801.3248088,1658137802.9438858,-0.5000019073486328,1.6190769672393799,5077,5149
2026-07-31T12:30:11.050589+00:00,13030.502295721,784.155864,1658137801.3248253,1658137801.9247735,1658137803.5439186,-0.5999481678009033,1.619145154953003,5081,5153
2026-07-31T12:30:11.502210+00:00,13030.953916773,784.607485,1658137801.6248243,1658137802.4244332,1658137803.9939404,-0.7996089458465576,1.569507122039795,5084,5156
2026-07-31T12:30:11.950620+00:00,13031.402326729,785.055895,1658137801.9248319,1658137802.824463,1658137804.4439578,-0.8996310234069824,1.619494915008545,5087,5159
2026-07-31T12:30:12.550301+00:00,13032.002007991,785.655577,1658137802.4248192,1658137803.424718,1658137805.0439808,-0.9998986721038818,1.619262933731079,5091,5163
2026-07-31T12:30:12.996543+00:00,13032.448249845,786.101818,1658137802.8248165,1658137803.8247287,1658137805.494013,-0.9999122619628906,1.6692843437194824,5094,5166
2026-07-31T12:30:13.447537+00:00,13032.899244183,786.552813,1658137803.5248485,1658137804.3247864,1658137805.9440172,-0.7999379634857178,1.6192307472229004,5097,5169
2026-07-31T12:30:14.046096+00:00,13033.497803207,787.151372,1658137804.3248112,1658137804.9246156,1658137806.5440483,-0.5998044013977051,1.6194326877593994,5101,5173
2026-07-31T12:30:14.497425+00:00,13033.949130705,787.602699,1658137804.7249246,1658137805.4246724,1658137806.9940588,-0.6997478008270264,1.5693864822387695,5104,5176
2026-07-31T12:30:14.944064+00:00,13034.395770203,788.049339,1658137805.2248769,1658137805.8243153,1658137807.4190779,-0.5994384288787842,1.5947625637054443,5107,5179
2026-07-31T12:30:15.544117+00:00,13034.995823534,788.649392,1658137805.7248664,1658137806.4246457,1658137808.0191123,-0.6997792720794678,1.5944666862487793,5111,5183
2026-07-31T12:30:15.990646+00:00,13035.442352440,789.095921,1658137806.3248563,1658137806.9248803,1658137808.4691222,-0.6000239849090576,1.5442419052124023,5114,5186
2026-07-31T12:30:16.447215+00:00,13035.898921424,789.552490,1658137806.6247656,1658137807.324817,1658137808.9441428,-0.7000513076782227,1.619325876235962,5117,5189
2026-07-31T12:30:17.052326+00:00,13036.504031478,790.157600,1658137807.1248412,1658137807.9248033,1658137809.544161,-0.799962043762207,1.6193578243255615,5121,5193
2026-07-31T12:30:17.504667+00:00,13036.956373782,790.609942,1658137807.4247453,1658137808.4242294,1658137809.9941857,-0.9994840621948242,1.5699563026428223,5124,5196
2026-07-31T12:30:17.958838+00:00,13037.410544421,791.064113,1658137807.9248075,1658137808.8247705,1658137810.4442022,-0.8999629020690918,1.619431734085083,5127,5199
2026-07-31T12:30:18.558445+00:00,13038.010152101,791.663721,1658137808.6249127,1658137809.4246619,1658137811.0442305,-0.7997491359710693,1.6195685863494873,5131,5203
2026-07-31T12:30:19.001532+00:00,13038.453239259,792.106808,1658137809.224831,1658137809.82485,1658137811.4942434,-0.6000189781188965,1.6693933010101318,5134,5206
2026-07-31T12:30:19.451253+00:00,13038.902960422,792.556529,1658137809.6249175,1658137810.3246512,1658137811.9442558,-0.6997337341308594,1.6196045875549316,5137,5209
2026-07-31T12:30:20.069232+00:00,13039.520938583,793.174507,1658137810.1247456,1658137810.924721,1658137812.5443046,-0.7999753952026367,1.6195836067199707,5141,5213
2026-07-31T12:30:20.524360+00:00,13039.976066825,793.629635,1658137810.5248907,1658137811.424713,1658137813.019354,-0.8998222351074219,1.5946412086486816,5144,5216
2026-07-31T12:30:20.965006+00:00,13040.416713040,794.070282,1658137810.924725,1658137811.8248172,1658137813.4443166,-0.9000921249389648,1.6194994449615479,5147,5219
2026-07-31T12:30:21.576479+00:00,13041.028186417,794.681755,1658137811.3249068,1658137812.4247234,1658137814.0694056,-1.0998165607452393,1.6446821689605713,5151,5223
2026-07-31T12:30:22.021257+00:00,13041.472963841,795.126532,1658137811.624916,1658137812.924807,1658137814.5193708,-1.2998909950256348,1.5945637226104736,5154,5226
2026-07-31T12:30:22.479334+00:00,13041.931040918,795.584610,1658137812.3249094,1658137813.3243256,1658137814.969384,-0.9994161128997803,1.6450583934783936,5157,5229
2026-07-31T12:30:23.081333+00:00,13042.533040159,796.186609,1658137813.1247528,1658137814.0248704,1658137815.569413,-0.9001176357269287,1.5445425510406494,5161,5233
2026-07-31T12:30:23.530236+00:00,13042.981943328,796.635512,1658137813.824932,1658137814.424468,1658137816.0194268,-0.5995359420776367,1.594958782196045,5164,5236
2026-07-31T12:30:23.983810+00:00,13043.435517282,797.089086,1658137814.1247187,1658137814.9248738,1658137816.4694438,-0.8001551628112793,1.544569969177246,5167,5239
2026-07-31T12:30:24.590688+00:00,13044.042395581,797.695964,1658137815.0247693,1658137815.524897,1658137817.069467,-0.5001277923583984,1.544569969177246,5171,5243
2026-07-31T12:30:25.037195+00:00,13044.488901775,798.142470,1658137815.5249302,1658137815.9247997,1658137817.5194855,-0.399869441986084,1.5946857929229736,5174,5246
2026-07-31T12:30:25.490814+00:00,13044.942521577,798.596090,1658137815.9249332,1658137816.4245794,1658137817.9695063,-0.4996461868286133,1.5449268817901611,5177,5249
2026-07-31T12:30:25.948736+00:00,13045.400442051,799.054011,1658137816.524912,1658137816.8248932,1658137818.444521,-0.29998111724853516,1.6196277141571045,5180,5252
2026-07-31T12:30:26.552631+00:00,13046.004336205,799.657905,1658137817.124818,1658137817.4249024,1658137819.04455,-0.30008435249328613,1.61964750289917,5184,5256
2026-07-31T12:30:27.000689+00:00,13046.452396239,800.105965,1658137817.5247464,1658137817.9247518,1658137819.4945786,-0.4000053405761719,1.5698268413543701,5187,5259
2026-07-31T12:30:27.454604+00:00,13046.906310351,800.559879,1658137818.0248585,1658137818.3247178,1658137819.9445832,-0.29985928535461426,1.6198654174804688,5190,5262
2026-07-31T12:30:28.053120+00:00,13047.504825752,801.158394,1658137818.6247556,1658137818.9247582,1658137820.5446007,-0.3000025749206543,1.619842529296875,5194,5266
2026-07-31T12:30:28.502219+00:00,13047.953925262,801.607494,1658137819.024872,1658137819.4246168,1658137820.9946299,-0.39974474906921387,1.5700130462646484,5197,5269
2026-07-31T12:30:28.950644+00:00,13048.402351073,802.055920,1658137819.5248065,1658137819.8232934,1658137821.4446409,-0.29848694801330566,1.621347427368164,5200,5272
2026-07-31T12:30:29.552245+00:00,13049.003951604,802.657520,1658137820.0247705,1658137820.4247098,1658137822.0446837,-0.39993929862976074,1.61997389793396,5204,5276
2026-07-31T12:30:29.996183+00:00,13049.447889651,803.101458,1658137820.3248923,1658137820.8247504,1658137822.494687,-0.49985814094543457,1.6699366569519043,5207,5279
2026-07-31T12:30:30.449095+00:00,13049.900802308,803.554371,1658137820.724733,1658137821.324921,1658137822.9447,-0.6001877784729004,1.619779109954834,5210,5282
2026-07-31T12:30:31.044783+00:00,13050.496489458,804.150058,1658137821.4247875,1658137821.924605,1658137823.519732,-0.4998173713684082,1.5951271057128906,5214,5286
2026-07-31T12:30:31.489653+00:00,13050.941359559,804.594928,1658137821.8247669,1658137822.323835,1658137823.9697528,-0.499068021774292,1.6459178924560547,5217,5289
2026-07-31T12:30:31.948128+00:00,13051.399834540,805.053403,1658137822.324843,1658137822.8244896,1658137824.444769,-0.4996466636657715,1.620279312133789,5220,5292
2026-07-31T12:30:32.551782+00:00,13052.003488735,805.657057,1658137823.0247524,1658137823.4249325,1658137825.0448549,-0.4001801013946533,1.619922399520874,5224,5296
2026-07-31T12:30:32.995222+00:00,13052.446928191,806.100497,1658137823.3248434,1658137823.8238022,1658137825.4698143,-0.4989588260650635,1.6460120677947998,5227,5299
2026-07-31T12:30:33.589419+00:00,13053.041953443,806.695522,1658137823.8249168,1658137824.5239675,1658137826.0698695,-0.6990506649017334,1.5459020137786865,5231,5303
2026-07-31T12:30:34.041965+00:00,13053.494497173,807.148066,1658137824.3248315,1658137824.9247692,1658137826.5198557,-0.5999376773834229,1.5950865745544434,5234,5306
2026-07-31T12:30:34.491782+00:00,13053.944315274,807.597884,1658137824.6248703,1658137825.42471,1658137826.9699254,-0.7998397350311279,1.545215368270874,5237,5309
2026-07-31T12:30:35.081641+00:00,13054.534175253,808.187744,1658137825.3249068,1658137826.024658,1658137827.5699122,-0.6997511386871338,1.5452542304992676,5241,5313
2026-07-31T12:30:35.525703+00:00,13054.978237435,808.631806,1658137825.824826,1658137826.4245856,1658137828.0199227,-0.599759578704834,1.595337152481079,5244,5316
2026-07-31T12:30:35.976061+00:00,13055.428594770,809.082163,1658137826.3248994,1658137826.824795,1658137828.4699464,-0.4998955726623535,1.6451513767242432,5247,5319
2026-07-31T12:30:36.576853+00:00,13056.029386958,809.682956,1658137827.1247303,1658137827.42482,1658137829.0699646,-0.30008959770202637,1.6451447010040283,5251,5323
2026-07-31T12:30:37.015789+00:00,13056.468322602,810.121891,1658137827.6247554,1658137827.924644,1658137829.4949796,-0.29988861083984375,1.5703356266021729,5254,5326
2026-07-31T12:30:37.462047+00:00,13056.914579211,810.568148,1658137828.1248314,1658137828.3232913,1658137829.9450002,-0.19845986366271973,1.621708869934082,5257,5329
2026-07-31T12:30:38.060510+00:00,13057.513044045,811.166613,1658137828.7248485,1658137828.9249115,1658137830.5450103,-0.20006299018859863,1.6200988292694092,5261,5333
2026-07-31T12:30:38.516410+00:00,13057.968943989,811.622513,1658137829.1248455,1658137829.4247866,1658137830.995036,-0.2999410629272461,1.570249319076538,5264,5336
2026-07-31T12:30:38.956551+00:00,13058.409085491,812.062654,1658137829.4248447,1658137829.8248081,1658137831.4450548,-0.39996337890625,1.6202466487884521,5267,5339
2026-07-31T12:30:39.558618+00:00,13059.011152232,812.664721,1658137830.0247319,1658137830.424743,1658137832.0450854,-0.4000110626220703,1.620342493057251,5271,5343
2026-07-31T12:30:40.009439+00:00,13059.461973618,813.115542,1658137830.524833,1658137830.9236016,1658137832.4950972,-0.39876866340637207,1.571495532989502,5274,5346
2026-07-31T12:30:40.468128+00:00,13059.920661942,813.574231,1658137831.0248282,1658137831.323437,1658137832.94512,-0.29860877990722656,1.621683120727539,5277,5349
2026-07-31T12:30:41.077211+00:00,13060.529745043,814.183314,1658137831.5248246,1658137831.9246953,1658137833.5701551,-0.3998706340789795,1.6454598903656006,5281,5353
2026-07-31T12:30:41.523823+00:00,13060.976357201,814.629926,1658137832.0247595,1658137832.4248166,1658137834.0201929,-0.4000570774078369,1.5953762531280518,5284,5356
2026-07-31T12:30:41.977843+00:00,13061.430377395,815.083946,1658137832.4248207,1658137832.8247337,1658137834.470189,-0.39991307258605957,1.6454553604125977,5287,5359
2026-07-31T12:30:42.584238+00:00,13062.036772177,815.690341,1658137833.024783,1658137833.5246031,1658137835.0702085,-0.4998202323913574,1.5456054210662842,5291,5363
2026-07-31T12:30:43.031774+00:00,13062.484309172,816.137878,1658137833.7247758,1658137833.9228747,1658137835.5202272,-0.19809889793395996,1.5973525047302246,5294,5366
2026-07-31T12:30:43.475898+00:00,13062.928432696,816.582001,1658137834.1247466,1658137834.3247037,1658137835.9702466,-0.19995713233947754,1.645542860031128,5297,5369
2026-07-31T12:30:44.074612+00:00,13063.527146253,817.180715,1658137834.7248478,1658137834.9248395,1658137836.5702832,-0.19999170303344727,1.6454436779022217,5301,5373
2026-07-31T12:30:44.529652+00:00,13063.982185942,817.635755,1658137835.2248082,1658137835.4233875,1658137837.0203068,-0.1985793113708496,1.596919298171997,5304,5376
2026-07-31T12:30:44.978610+00:00,13064.431144316,818.084713,1658137835.5248127,1658137835.8248167,1658137837.4703183,-0.3000040054321289,1.6455016136169434,5307,5379
2026-07-31T12:30:45.571946+00:00,13065.024480998,818.678050,1658137836.0247498,1658137836.42472,1658137838.07034,-0.39997029304504395,1.6456198692321777,5311,5383
2026-07-31T12:30:46.026486+00:00,13065.479019963,819.132589,1658137836.3248792,1658137836.924916,1658137838.5203793,-0.6000368595123291,1.5954632759094238,5314,5386
2026-07-31T12:30:46.480110+00:00,13065.932644276,819.586213,1658137836.6249037,1658137837.3248425,1658137838.9703662,-0.6999387741088867,1.6455237865447998,5317,5389
2026-07-31T12:30:47.078964+00:00,13066.531497820,820.185066,1658137837.0247562,1658137837.9247406,1658137839.5703907,-0.8999843597412109,1.6456501483917236,5321,5393
2026-07-31T12:30:47.526300+00:00,13066.978834495,820.632403,1658137837.5248895,1658137838.424808,1658137840.0203965,-0.8999185562133789,1.5955884456634521,5324,5396
2026-07-31T12:30:47.985777+00:00,13067.438311588,821.091880,1658137837.9247446,1658137838.8248,1658137840.4704278,-0.9000554084777832,1.645627737045288,5327,5399
2026-07-31T12:30:48.447389+00:00,13067.899923362,821.553492,1658137838.6247358,1658137839.3248081,1658137840.945462,-0.7000722885131836,1.6206538677215576,5330,5402
2026-07-31T12:30:49.051840+00:00,13068.504374054,822.157943,1658137839.324833,1658137839.924899,1658137841.5454683,-0.6000661849975586,1.6205692291259766,5334,5406
2026-07-31T12:30:49.498525+00:00,13068.951060302,822.604629,1658137839.6247575,1658137840.4246898,1658137841.9954867,-0.7999322414398193,1.5707969665527344,5337,5409
2026-07-31T12:30:49.946880+00:00,13069.399414197,823.052983,1658137839.9249032,1658137840.8234632,1658137842.4455056,-0.8985600471496582,1.6220424175262451,5340,5412
2026-07-31T12:30:50.552215+00:00,13070.004747401,823.658316,1658137840.3248324,1658137841.4245687,1658137843.0455256,-1.099736213684082,1.6209568977355957,5344,5416
2026-07-31T12:30:50.996504+00:00,13070.449038916,824.102608,1658137841.1249306,1658137841.9247887,1658137843.4955513,-0.7998580932617188,1.5707626342773438,5347,5419
2026-07-31T12:30:51.590427+00:00,13071.042960768,824.696529,1658137841.924847,1658137842.5248265,1658137844.0705757,-0.5999796390533447,1.5457491874694824,5351,5423
2026-07-31T12:30:52.039873+00:00,13071.492407020,825.145976,1658137842.4247468,1658137842.9248297,1658137844.520592,-0.5000829696655273,1.5957622528076172,5354,5426
2026-07-31T12:30:52.491419+00:00,13071.943953416,825.597522,1658137842.8248296,1658137843.3247426,1658137844.9706094,-0.49991297721862793,1.645866870880127,5357,5429
2026-07-31T12:30:53.087415+00:00,13072.539948138,826.193517,1658137843.3247592,1658137844.024835,1658137845.5706303,-0.7000758647918701,1.545795202255249,5361,5433
2026-07-31T12:30:53.531918+00:00,13072.984452784,826.638021,1658137843.624905,1658137844.4246588,1658137846.0207312,-0.7997536659240723,1.5960724353790283,5364,5436
2026-07-31T12:30:53.986005+00:00,13073.438539666,827.092108,1658137844.1247528,1658137844.9247448,1658137846.4706762,-0.7999920845031738,1.545931339263916,5367,5439
2026-07-31T12:30:54.575815+00:00,13074.028349491,827.681918,1658137844.6249332,1658137845.4246545,1658137847.0706913,-0.7997212409973145,1.6460368633270264,5371,5443
2026-07-31T12:30:55.027723+00:00,13074.480256111,828.133825,1658137845.4247172,1658137845.9247403,1658137847.520722,-0.5000231266021729,1.5959815979003906,5374,5446
2026-07-31T12:30:55.475795+00:00,13074.928329145,828.581898,1658137845.724743,1658137846.3248787,1658137847.9707398,-0.6001358032226562,1.6458611488342285,5377,5449
2026-07-31T12:30:56.080404+00:00,13075.532939129,829.186508,1658137846.42472,1658137846.9246993,1658137848.5707624,-0.49997925758361816,1.6460630893707275,5381,5453
2026-07-31T12:30:56.537023+00:00,13075.989558167,829.643127,1658137847.0247405,1658137847.4247324,1658137849.0207703,-0.3999919891357422,1.5960378646850586,5384,5456
2026-07-31T12:30:56.984959+00:00,13076.437493697,830.091062,1658137847.4247367,1658137847.9233758,1658137849.4707959,-0.4986391067504883,1.5474200248718262,5387,5459
2026-07-31T12:30:57.577230+00:00,13077.029764338,830.683333,1658137848.2248974,1658137848.4248476,1658137850.0708172,-0.1999502182006836,1.6459696292877197,5391,5463
2026-07-31T12:30:58.029575+00:00,13077.482109043,831.135678,1658137848.6248405,1658137848.9248235,1658137850.5208464,-0.29998302459716797,1.5960228443145752,5394,5466
2026-07-31T12:30:58.486306+00:00,13077.938839866,831.592409,1658137849.0248137,1658137849.3248107,1658137850.9708555,-0.29999709129333496,1.6460447311401367,5397,5469
2026-07-31T12:30:59.081706+00:00,13078.534241004,832.187810,1658137849.5247672,1658137849.924488,1658137851.5708818,-0.3997209072113037,1.6463937759399414,5401,5473
2026-07-31T12:30:59.530612+00:00,13078.983146766,832.636715,1658137849.9247458,1658137850.4247537,1658137852.0208967,-0.5000078678131104,1.5961430072784424,5404,5476
2026-07-31T12:30:59.977792+00:00,13079.430326522,833.083895,1658137850.3248475,1658137850.8248775,1658137852.4709163,-0.5000300407409668,1.6460387706756592,5407,5479
2026-07-31T12:31:00.445208+00:00,13079.897743081,833.551312,1658137850.7248325,1658137851.3245654,1658137852.9209237,-0.5997328758239746,1.596358299255371,5410,5482
2026-07-31T12:31:01.042705+00:00,13080.495238014,834.148807,1658137851.4248228,1658137851.924685,1658137853.5209637,-0.4998621940612793,1.5962786674499512,5414,5486
2026-07-31T12:31:01.493944+00:00,13080.946479117,834.600048,1658137851.8249135,1658137852.3248854,1658137853.9709735,-0.499971866607666,1.6460881233215332,5417,5489
2026-07-31T12:31:01.945697+00:00,13081.398231933,835.051801,1658137852.2247703,1658137852.8239665,1658137854.4459918,-0.599196195602417,1.6220252513885498,5420,5492
2026-07-31T12:31:02.551387+00:00,13082.003921360,835.657490,1658137852.9247193,1658137853.4246664,1658137855.0460217,-0.49994707107543945,1.6213552951812744,5424,5496
2026-07-31T12:31:02.995897+00:00,13082.448431706,836.102000,1658137853.2248628,1658137853.9248638,1658137855.4960349,-0.7000010013580322,1.5711710453033447,5427,5499
2026-07-31T12:31:03.586307+00:00,13083.039982205,836.693551,1658137853.7247348,1658137854.5245194,1658137856.0710928,-0.7997846603393555,1.5465734004974365,5431,5503
2026-07-31T12:31:04.030967+00:00,13083.484642916,837.138212,1658137854.32474,1658137854.9249206,1658137856.5210726,-0.6001806259155273,1.5961520671844482,5434,5506
2026-07-31T12:31:04.485006+00:00,13083.938682472,837.592251,1658137854.924925,1658137855.3246937,1658137856.9710848,-0.399768590927124,1.6463911533355713,5437,5509
2026-07-31T12:31:05.084106+00:00,13084.537782159,838.191351,1658137855.5247586,1658137856.0245993,1658137857.5711663,-0.49984073638916016,1.5465669631958008,5441,5513
2026-07-31T12:31:05.525987+00:00,13084.979662366,838.633231,1658137856.0248446,1658137856.424898,1658137858.021148,-0.4000532627105713,1.596250057220459,5444,5516
2026-07-31T12:31:05.976257+00:00,13085.429933300,839.083502,1658137856.3247106,1658137856.8249226,1658137858.471167,-0.5002119541168213,1.6462445259094238,5447,5519
2026-07-31T12:31:06.576487+00:00,13086.030162407,839.683731,1658137856.8249269,1658137857.4248075,1658137859.071185,-0.5998806953430176,1.6463775634765625,5451,5523
2026-07-31T12:31:07.027992+00:00,13086.481668552,840.135237,1658137857.5247233,1658137857.9244382,1658137859.5211952,-0.39971494674682617,1.596756935119629,5454,5526
2026-07-31T12:31:07.478315+00:00,13086.931990717,840.585559,1658137857.8248768,1658137858.3241756,1658137859.9712179,-0.4992988109588623,1.6470422744750977,5457,5529
2026-07-31T12:31:08.083524+00:00,13087.537200174,841.190769,1658137858.5247457,1658137858.9247036,1658137860.5712445,-0.39995789527893066,1.646540880203247,5461,5533
2026-07-31T12:31:08.540844+00:00,13087.994516042,841.648085,1658137858.9247494,1658137859.4244223,1658137861.021299,-0.49967288970947266,1.596876621246338,5464,5536
2026-07-31T12:31:08.988835+00:00,13088.442511937,842.096081,1658137859.2248907,1658137859.9247396,1658137861.4712799,-0.6998488903045654,1.5465402603149414,5467,5539
2026-07-31T12:31:09.582688+00:00,13089.036362776,842.689931,1658137859.9247437,1658137860.4248848,1658137862.071305,-0.5001411437988281,1.6464202404022217,5471,5543
2026-07-31T12:31:10.037343+00:00,13089.491017667,843.144586,1658137860.4249308,1658137860.9231431,1658137862.5213115,-0.4982123374938965,1.5981683731079102,5474,5546
2026-07-31T12:31:10.494979+00:00,13089.948655312,843.602224,1658137861.0248537,1658137861.4249022,1658137862.9963548,-0.40004849433898926,1.5714526176452637,5477,5549
2026-07-31T12:31:10.943548+00:00,13090.397224670,844.050793,1658137861.5247362,1658137861.8247626,1658137863.4213502,-0.30002641677856445,1.5965876579284668,5480,5552
2026-07-31T12:31:11.547115+00:00,13091.000790172,844.654359,1658137862.0248165,1658137862.4247344,1658137864.046385,-0.3999178409576416,1.6216506958007812,5484,5556
2026-07-31T12:31:11.998221+00:00,13091.451897332,845.105466,1658137862.3248613,1658137862.9248395,1658137864.496393,-0.5999782085418701,1.5715534687042236,5487,5559
2026-07-31T12:31:12.446557+00:00,13091.900233599,845.553802,1658137862.7248664,1658137863.324817,1658137864.946416,-0.5999505519866943,1.6215989589691162,5490,5562
2026-07-31T12:31:13.045305+00:00,13092.498981212,846.152550,1658137863.3248212,1658137863.924777,1658137865.5464334,-0.5999557971954346,1.6216564178466797,5494,5566
2026-07-31T12:31:13.495259+00:00,13092.948934486,846.602503,1658137863.7249253,1658137864.3247695,1658137865.9964662,-0.599844217300415,1.671696662902832,5497,5569
2026-07-31T12:31:13.942722+00:00,13093.396398241,847.049967,1658137864.3248532,1658137864.824229,1658137866.4214752,-0.4993758201599121,1.5972461700439453,5500,5572
2026-07-31T12:31:14.540311+00:00,13093.993986485,847.647555,1658137864.8248188,1658137865.4247012,1658137867.0214994,-0.5998823642730713,1.5967981815338135,5504,5576
2026-07-31T12:31:14.992588+00:00,13094.446263253,848.099832,1658137865.224814,1658137865.9244802,1658137867.4715207,-0.6996662616729736,1.5470404624938965,5507,5579
2026-07-31T12:31:15.592462+00:00,13095.046136602,848.699705,1658137865.8248122,1658137866.5246596,1658137868.0715559,-0.6998474597930908,1.54689621925354,5511,5583
2026-07-31T12:31:16.036986+00:00,13095.490661263,849.144230,1658137866.3248067,1658137866.924808,1658137868.5215492,-0.600001335144043,1.5967411994934082,5514,5586
2026-07-31T12:31:16.496356+00:00,13095.950031761,849.603600,1658137866.724776,1658137867.4248133,1658137868.9965758,-0.7000372409820557,1.5717625617980957,5517,5589
2026-07-31T12:31:16.941468+00:00,13096.395143858,850.048712,1658137867.324846,1658137867.824717,1658137869.4215927,-0.49987101554870605,1.5968756675720215,5520,5592
2026-07-31T12:31:17.537476+00:00,13096.991151776,850.644720,1658137868.1248095,1658137868.4245095,1658137870.0216196,-0.2997000217437744,1.5971100330352783,5524,5596
2026-07-31T12:31:17.983987+00:00,13097.437663082,851.091232,1658137868.5248945,1658137868.8249063,1658137870.4716501,-0.30001187324523926,1.6467437744140625,5527,5599
2026-07-31T12:31:18.584053+00:00,13098.037729577,851.691298,1658137869.1248136,1658137869.5249095,1658137871.071666,-0.40009593963623047,1.5467565059661865,5531,5603
2026-07-31T12:31:19.037727+00:00,13098.491402510,852.144971,1658137869.6247447,1658137869.924015,1658137871.5216818,-0.2992703914642334,1.5976667404174805,5534,5606
2026-07-31T12:31:19.481280+00:00,13098.934955998,852.588525,1658137870.0248415,1658137870.3248806,1658137871.971702,-0.30003905296325684,1.6468214988708496,5537,5609
2026-07-31T12:31:20.087711+00:00,13099.541385817,853.194954,1658137870.4247584,1658137871.0249205,1658137872.5717268,-0.6001620292663574,1.5468063354492188,5541,5613
2026-07-31T12:31:20.534790+00:00,13099.988466251,853.642035,1658137870.824741,1658137871.4248095,1658137873.0218122,-0.6000685691833496,1.5970027446746826,5544,5616
2026-07-31T12:31:20.990567+00:00,13100.444242277,854.097811,1658137871.2248516,1658137871.9247334,1658137873.4717662,-0.6998817920684814,1.5470328330993652,5547,5619
2026-07-31T12:31:21.589007+00:00,13101.042683084,854.696252,1658137871.6247523,1658137872.4247096,1658137874.0717824,-0.799957275390625,1.6470727920532227,5551,5623
2026-07-31T12:31:22.039932+00:00,13101.493606856,855.147175,1658137871.9247503,1658137872.9247324,1658137874.5218155,-0.9999821186065674,1.5970830917358398,5554,5626
2026-07-31T12:31:22.495821+00:00,13101.949496823,855.603065,1658137872.3248103,1658137873.4246857,1658137874.9968204,-1.0998754501342773,1.5721347332000732,5557,5629
2026-07-31T12:31:22.943858+00:00,13102.397533955,856.051103,1658137873.0248303,1658137873.8248208,1658137875.4218452,-0.7999904155731201,1.5970244407653809,5560,5632
2026-07-31T12:31:23.537047+00:00,13102.990723048,856.644292,1658137873.6248975,1658137874.424745,1658137876.0218585,-0.7998476028442383,1.5971133708953857,5564,5636
2026-07-31T12:31:23.979795+00:00,13103.433470982,857.087040,1658137874.124831,1658137874.8249087,1658137876.4718854,-0.7000777721405029,1.6469767093658447,5567,5639
2026-07-31T12:31:24.579748+00:00,13104.033423872,857.686993,1658137874.8249254,1658137875.4248261,1658137877.0719075,-0.5999007225036621,1.6470813751220703,5571,5643
2026-07-31T12:31:25.032642+00:00,13104.486317813,858.139886,1658137875.124825,1658137875.9247303,1658137877.521943,-0.7999053001403809,1.597212791442871,5574,5646
2026-07-31T12:31:25.481831+00:00,13104.935506910,858.589076,1658137875.5249186,1658137876.3248348,1658137877.9719574,-0.7999162673950195,1.6471226215362549,5577,5649
2026-07-31T12:31:26.084535+00:00,13105.538210260,859.191779,1658137876.0248384,1658137876.9246323,1658137878.5719736,-0.8997938632965088,1.647341251373291,5581,5653
2026-07-31T12:31:26.533932+00:00,13105.987608367,859.641177,1658137876.3248389,1658137877.4246924,1658137879.0219748,-1.099853515625,1.5972824096679688,5584,5656
2026-07-31T12:31:26.985837+00:00,13106.439513781,860.093082,1658137877.0248554,1658137877.9247584,1658137879.4720006,-0.8999030590057373,1.5472421646118164,5587,5659
2026-07-31T12:31:27.587102+00:00,13107.040777871,860.694347,1658137878.1248188,1658137878.5247254,1658137880.0720327,-0.39990663528442383,1.5473072528839111,5591,5663
2026-07-31T12:31:28.029902+00:00,13107.483578321,861.137147,1658137878.6248562,1658137878.9247367,1658137880.5220537,-0.2998805046081543,1.5973169803619385,5594,5666
2026-07-31T12:31:28.488471+00:00,13107.942147388,861.595716,1658137879.0248363,1658137879.4247265,1658137880.9720757,-0.3998901844024658,1.547349214553833,5597,5669
2026-07-31T12:31:29.101323+00:00,13108.554998512,862.208567,1658137879.524823,1658137880.0247707,1658137881.5970817,-0.49994778633117676,1.5723109245300293,5601,5673
2026-07-31T12:31:29.546227+00:00,13108.999901425,862.653470,1658137880.024775,1658137880.4248033,1658137882.047113,-0.4000282287597656,1.622309684753418,5604,5676
2026-07-31T12:31:29.995738+00:00,13109.449414236,863.102983,1658137880.4248323,1658137880.9246142,1658137882.497116,-0.49978184700012207,1.5725018978118896,5607,5679
2026-07-31T12:31:30.449006+00:00,13109.902681728,863.556250,1658137880.9247642,1658137881.3247259,1658137882.947135,-0.3999617099761963,1.6224091053009033,5610,5682
2026-07-31T12:31:31.046377+00:00,13110.500053296,864.153622,1658137881.3248262,1658137881.9246905,1658137883.547166,-0.5998642444610596,1.6224756240844727,5614,5686
2026-07-31T12:31:31.496117+00:00,13110.949793924,864.603363,1658137881.7248225,1658137882.4247139,1658137883.9971747,-0.6998913288116455,1.5724608898162842,5617,5689
2026-07-31T12:31:31.942408+00:00,13111.396083079,865.049652,1658137882.2247753,1658137882.8248544,1658137884.4221904,-0.6000790596008301,1.5973360538482666,5620,5692
2026-07-31T12:31:32.539330+00:00,13111.993005216,865.646574,1658137882.7247598,1658137883.4248152,1658137885.022217,-0.7000553607940674,1.5974018573760986,5624,5696
2026-07-31T12:31:32.987645+00:00,13112.441320620,866.094889,1658137883.2248266,1658137883.9248888,1658137885.4722493,-0.7000622749328613,1.5473604202270508,5627,5699
2026-07-31T12:31:33.589811+00:00,13113.044686147,866.698255,1658137884.0247424,1658137884.5248184,1658137886.0722606,-0.5000760555267334,1.5474421977996826,5631,5703
2026-07-31T12:31:34.034474+00:00,13113.489349700,867.142918,1658137884.324893,1658137884.9243677,1658137886.5222704,-0.5994746685028076,1.597902774810791,5634,5706
2026-07-31T12:31:34.484608+00:00,13113.939482444,867.593051,1658137884.624916,1658137885.324584,1658137886.9722965,-0.6996679306030273,1.6477124691009521,5637,5709
2026-07-31T12:31:35.094009+00:00,13114.548883751,868.202452,1658137885.124762,1658137886.0248027,1658137887.572319,-0.9000406265258789,1.5475163459777832,5641,5713
2026-07-31T12:31:35.544245+00:00,13114.999119608,868.652688,1658137885.5248408,1658137886.4246626,1658137888.0223322,-0.8998217582702637,1.5976696014404297,5644,5716
2026-07-31T12:31:35.992239+00:00,13115.447114588,869.100683,1658137885.8247802,1658137886.9247382,1658137888.4723597,-1.0999579429626465,1.547621488571167,5647,5719
2026-07-31T12:31:36.447425+00:00,13115.902300419,869.555869,1658137886.5248148,1658137887.32475,1658137888.9473617,-0.7999351024627686,1.6226117610931396,5650,5722
2026-07-31T12:31:37.043456+00:00,13116.498331308,870.151900,1658137887.4248679,1658137887.9248028,1658137889.5223734,-0.4999349117279053,1.5975706577301025,5654,5726
2026-07-31T12:31:37.490647+00:00,13116.945522021,870.599091,1658137888.0249133,1658137888.4246433,1658137889.9723904,-0.39972996711730957,1.5477471351623535,5657,5729
2026-07-31T12:31:38.088916+00:00,13117.543790763,871.197359,1658137888.6249034,1658137889.024813,1658137890.5724096,-0.39990949630737305,1.5475966930389404,5661,5733
2026-07-31T12:31:38.536752+00:00,13117.991626588,871.645195,1658137889.1247585,1658137889.4247212,1658137891.0224319,-0.29996275901794434,1.5977106094360352,5664,5736
2026-07-31T12:31:38.991189+00:00,13118.446064442,872.099633,1658137889.5248144,1658137889.9248981,1658137891.4724908,-0.4000837802886963,1.5475926399230957,5667,5739
2026-07-31T12:31:39.588103+00:00,13119.042977952,872.696547,1658137890.224929,1658137890.4246173,1658137892.0724528,-0.19968819618225098,1.6478354930877686,5671,5743
2026-07-31T12:31:40.030680+00:00,13119.485555790,873.139124,1658137890.5249083,1658137890.9247203,1658137892.5224674,-0.3998119831085205,1.5977470874786377,5674,5746
2026-07-31T12:31:40.482208+00:00,13119.937082335,873.590651,1658137890.9247494,1658137891.32473,1658137892.9725158,-0.3999805450439453,1.6477859020233154,5677,5749
2026-07-31T12:31:41.083678+00:00,13120.538552844,874.192121,1658137891.4247346,1658137891.9242852,1658137893.5725052,-0.49955058097839355,1.6482200622558594,5681,5753
2026-07-31T12:31:41.531648+00:00,13120.986522916,874.640092,1658137891.7249002,1658137892.424151,1658137894.022533,-0.6992506980895996,1.5983819961547852,5684,5756
2026-07-31T12:31:41.978485+00:00,13121.433359732,875.086928,1658137892.1247642,1658137892.8248067,1658137894.4725375,-0.7000424861907959,1.647730827331543,5687,5759
2026-07-31T12:31:42.579777+00:00,13122.034652658,875.688221,1658137892.8248112,1658137893.424771,1658137895.0725987,-0.5999598503112793,1.6478276252746582,5691,5763
2026-07-31T12:31:43.054970+00:00,13122.509843628,876.163412,1658137893.12482,1658137893.9248228,1658137895.547578,-0.8000028133392334,1.6227552890777588,5694,5766
2026-07-31T12:31:43.516857+00:00,13122.971731546,876.625300,1658137893.624821,1658137894.4243653,1658137895.9976218,-0.7995443344116211,1.573256492614746,5697,5769
2026-07-31T12:31:43.965361+00:00,13123.420236235,877.073805,1658137894.0249116,1658137894.8246903,1658137896.447621,-0.7997786998748779,1.6229307651519775,5700,5772
2026-07-31T12:31:44.564971+00:00,13124.019845879,877.673415,1658137894.4247694,1658137895.4244857,1658137897.0476542,-0.9997162818908691,1.6231684684753418,5704,5776
2026-07-31T12:31:45.021462+00:00,13124.476337761,878.129906,1658137894.724918,1658137895.9247646,1658137897.5226562,-1.1998467445373535,1.5978915691375732,5707,5779
2026-07-31T12:31:45.469163+00:00,13124.924037095,878.577606,1658137895.324875,1658137896.3245378,1658137897.947672,-0.9996626377105713,1.6231341361999512,5710,5782
2026-07-31T12:31:46.070515+00:00,13125.525389786,879.178958,1658137896.2248034,1658137896.9247148,1658137898.5727797,-0.69991135597229,1.6480648517608643,5714,5786
2026-07-31T12:31:46.528017+00:00,13125.982872216,879.636441,1658137896.7248049,1658137897.4248698,1658137899.022721,-0.7000648975372314,1.597851276397705,5717,5789
2026-07-31T12:31:46.978956+00:00,13126.433830717,880.087399,1658137897.1249206,1658137897.8247437,1658137899.4727433,-0.6998231410980225,1.6479995250701904,5720,5792
2026-07-31T12:31:47.580139+00:00,13127.035014537,880.688583,1658137897.6248295,1658137898.4220054,1658137900.0727649,-0.7971758842468262,1.6507594585418701,5724,5796
2026-07-31T12:31:48.028005+00:00,13127.482879919,881.136449,1658137898.02492,1658137898.9249127,1658137900.5228074,-0.8999927043914795,1.5978946685791016,5727,5799
2026-07-31T12:31:48.488892+00:00,13127.943767195,881.597336,1658137898.4247234,1658137899.3248203,1658137900.9728158,-0.9000968933105469,1.6479954719543457,5730,5802
2026-07-31T12:31:48.943058+00:00,13128.397932015,882.051501,1658137899.324866,1658137899.8248606,1658137901.42282,-0.49999451637268066,1.5979595184326172,5733,5805
2026-07-31T12:31:49.539574+00:00,13128.994449279,882.648018,1658137900.1247597,1658137900.42482,1658137902.0229034,-0.3000602722167969,1.59808349609375,5737,5809
2026-07-31T12:31:49.982941+00:00,13129.437816020,883.091385,1658137900.4248407,1658137900.9226942,1658137902.4728675,-0.49785351753234863,1.550173282623291,5740,5812
2026-07-31T12:31:50.445131+00:00,13129.899996740,883.553565,1658137900.8248372,1658137901.3248968,1658137902.9228911,-0.5000596046447754,1.597994327545166,5743,5815
2026-07-31T12:31:51.042441+00:00,13130.497315146,884.150884,1658137901.2248259,1658137901.9246936,1658137903.5229177,-0.6998677253723145,1.59822416305542,5747,5819
2026-07-31T12:31:51.489417+00:00,13130.944292362,884.597861,1658137901.5248356,1658137902.4246154,1658137903.972936,-0.8997797966003418,1.5483205318450928,5750,5822
2026-07-31T12:31:52.089906+00:00,13131.544781540,885.198350,1658137901.924706,1658137903.0247989,1658137904.572954,-1.100092887878418,1.5481550693511963,5754,5826
2026-07-31T12:31:52.541738+00:00,13131.996603291,885.650172,1658137902.3248234,1658137903.4235542,1658137905.0229735,-1.0987308025360107,1.599419355392456,5757,5829
2026-07-31T12:31:52.996156+00:00,13132.451031265,886.104600,1658137903.024815,1658137903.924844,1658137905.4979918,-0.9000289440155029,1.5731477737426758,5760,5832
2026-07-31T12:31:53.447472+00:00,13132.902346003,886.555915,1658137903.7249126,1658137904.3248038,1658137905.9480054,-0.599891185760498,1.623201608657837,5763,5835
2026-07-31T12:31:54.045735+00:00,13133.500610226,887.154179,1658137904.2247517,1658137904.9248335,1658137906.5480373,-0.7000818252563477,1.6232037544250488,5767,5839
2026-07-31T12:31:54.495721+00:00,13133.950595983,887.604165,1658137904.8247602,1658137905.4249134,1658137906.998061,-0.6001532077789307,1.5731475353240967,5770,5842
2026-07-31T12:31:54.948409+00:00,13134.403284144,888.056853,1658137905.4249218,1658137905.8248796,1658137907.448075,-0.39995789527893066,1.6231954097747803,5773,5845
2026-07-31T12:31:55.551849+00:00,13135.006723429,888.660292,1658137905.9247618,1658137906.424882,1658137908.0481012,-0.5001201629638672,1.6232192516326904,5777,5849
2026-07-31T12:31:56.003104+00:00,13135.457979881,889.111549,1658137906.424928,1658137906.9247725,1658137908.4981256,-0.4998445510864258,1.5733530521392822,5780,5852
2026-07-31T12:31:56.460233+00:00,13135.915107633,889.568676,1658137906.9247766,1658137907.324852,1658137908.9481447,-0.40007543563842773,1.6232926845550537,5783,5855
2026-07-31T12:31:57.055120+00:00,13136.509994751,890.163563,1658137907.4248185,1658137907.9245746,1658137909.548165,-0.4997560977935791,1.6235904693603516,5787,5859
2026-07-31T12:31:57.497013+00:00,13136.951887343,890.605456,1658137907.7248368,1658137908.4248133,1658137909.9981825,-0.6999764442443848,1.5733692646026611,5790,5862
2026-07-31T12:31:57.948547+00:00,13137.403421726,891.056990,1658137908.224921,1658137908.824699,1658137910.4482036,-0.5997779369354248,1.623504638671875,5793,5865
2026-07-31T12:31:58.551280+00:00,13138.006155486,891.659724,1658137908.8247156,1658137909.424729,1658137911.0482254,-0.6000134944915771,1.6234962940216064,5797,5869
2026-07-31T12:31:59.004349+00:00,13138.459224303,892.112793,1658137909.3248825,1658137909.9248986,1658137911.4982429,-0.6000161170959473,1.5733442306518555,5800,5872
2026-07-31T12:31:59.448498+00:00,13138.903369435,892.556938,1658137910.024773,1658137910.3248503,1658137911.9482522,-0.3000774383544922,1.6234018802642822,5803,5875
2026-07-31T12:32:00.052621+00:00,13139.507496110,893.161065,1658137910.7247362,1658137910.9248524,1658137912.5482821,-0.20011615753173828,1.623429775238037,5807,5879
2026-07-31T12:32:00.501074+00:00,13139.955948861,893.609518,1658137911.0247602,1658137911.4247496,1658137912.9983146,-0.39998936653137207,1.5735650062561035,5810,5882
2026-07-31T12:32:00.951676+00:00,13140.406550520,894.060119,1658137911.424762,1658137911.824745,1658137913.4483166,-0.39998292922973633,1.6235716342926025,5813,5885
2026-07-31T12:32:01.560055+00:00,13141.014930797,894.668499,1658137911.9248354,1658137912.424911,1658137914.048326,-0.5000755786895752,1.6234149932861328,5817,5889
2026-07-31T12:32:02.010594+00:00,13141.465469921,895.119039,1658137912.2247107,1658137912.9247432,1658137914.498362,-0.7000324726104736,1.5736188888549805,5820,5892
2026-07-31T12:32:02.467370+00:00,13141.922244869,895.575814,1658137912.7248213,1658137913.3244734,1658137914.9483666,-0.5996520519256592,1.6238932609558105,5823,5895
2026-07-31T12:32:03.061516+00:00,13142.516390849,896.169959,1658137913.4247217,1658137913.9248118,1658137915.5483902,-0.5000901222229004,1.6235783100128174,5827,5899
2026-07-31T12:32:03.500074+00:00,13142.956948461,896.610517,1658137913.7247562,1658137914.3248098,1658137915.9984221,-0.6000535488128662,1.673612356185913,5830,5902
2026-07-31T12:32:03.943014+00:00,13143.399886275,897.053455,1658137914.2248285,1658137914.8247945,1658137916.4234257,-0.5999660491943359,1.5986311435699463,5833,5905
2026-07-31T12:32:04.542567+00:00,13143.999441011,897.653010,1658137914.8248239,1658137915.4249103,1658137917.0234497,-0.6000864505767822,1.5985393524169922,5837,5909
2026-07-31T12:32:04.994752+00:00,13144.451626409,898.105195,1658137915.124836,1658137915.9248557,1658137917.4984698,-0.8000197410583496,1.5736141204833984,5840,5912
2026-07-31T12:32:05.441364+00:00,13144.898239222,898.551808,1658137915.7249238,1658137916.3248668,1658137917.9234853,-0.5999429225921631,1.598618507385254,5843,5915
2026-07-31T12:32:06.040511+00:00,13145.497384658,899.150953,1658137916.4247546,1658137916.9248104,1658137918.5235121,-0.5000557899475098,1.5987017154693604,5847,5919
2026-07-31T12:32:06.490953+00:00,13145.947827651,899.601396,1658137916.9248142,1658137917.4248564,1658137918.9735267,-0.500042200088501,1.5486702919006348,5850,5922
2026-07-31T12:32:07.096936+00:00,13146.553810435,900.207379,1658137917.6248593,1658137918.0247672,1658137919.5985467,-0.39990782737731934,1.573779582977295,5854,5926
2026-07-31T12:32:07.542901+00:00,13146.999775040,900.653344,1658137918.1249259,1658137918.4247057,1658137920.0235677,-0.29977989196777344,1.5988619327545166,5857,5929
2026-07-31T12:32:07.988802+00:00,13147.445675794,901.099244,1658137918.4247515,1658137918.924311,1658137920.4735763,-0.4995594024658203,1.5492653846740723,5860,5932
2026-07-31T12:32:08.444149+00:00,13147.901023676,901.554592,1658137918.9247274,1658137919.3248591,1658137920.9485986,-0.4001317024230957,1.62373948097229,5863,5935
2026-07-31T12:32:09.045581+00:00,13148.502454307,902.156023,1658137919.4247189,1658137919.9247887,1658137921.5486212,-0.5000698566436768,1.6238324642181396,5867,5939
2026-07-31T12:32:09.494520+00:00,13148.951394580,902.604963,1658137919.7247455,1658137920.4247124,1658137921.9986494,-0.6999669075012207,1.573936939239502,5870,5942
2026-07-31T12:32:10.095168+00:00,13149.552042270,903.205611,1658137920.4247165,1658137920.9248798,1658137922.5986757,-0.5001633167266846,1.6737959384918213,5874,5946
2026-07-31T12:32:10.545146+00:00,13150.002019721,903.655588,1658137920.7248478,1658137921.4248083,1658137923.0486891,-0.699960470199585,1.6238808631896973,5877,5949
2026-07-31T12:32:10.993846+00:00,13150.450719434,904.104288,1658137921.1248274,1658137921.9249022,1658137923.4736967,-0.8000748157501221,1.5487945079803467,5880,5952
2026-07-31T12:32:11.598112+00:00,13151.054986739,904.708555,1658137921.7248583,1658137922.5247326,1658137924.098727,-0.7998743057250977,1.5739943981170654,5884,5956
2026-07-31T12:32:12.047738+00:00,13151.504611444,905.158180,1658137922.3248136,1658137922.924858,1658137924.5487316,-0.6000444889068604,1.6238734722137451,5887,5959
2026-07-31T12:32:12.504538+00:00,13151.961411999,905.614981,1658137922.9248624,1658137923.4245892,1658137924.9987578,-0.4997267723083496,1.5741686820983887,5890,5962
2026-07-31T12:32:12.961573+00:00,13152.418446319,906.072015,1658137923.2247484,1658137923.8244328,1658137925.4487753,-0.599684476852417,1.624342441558838,5893,5965
2026-07-31T12:32:13.562592+00:00,13153.019466230,906.673035,1658137923.7247567,1658137924.4247072,1658137926.0487971,-0.6999504566192627,1.6240899562835693,5897,5969
2026-07-31T12:32:14.008544+00:00,13153.465418046,907.118987,1658137924.1248462,1658137924.9244127,1658137926.4988294,-0.7995665073394775,1.5744166374206543,5900,5972
2026-07-31T12:32:14.459705+00:00,13153.916579461,907.570148,1658137924.5248208,1658137925.3246875,1658137926.9488347,-0.7998666763305664,1.6241471767425537,5903,5975
2026-07-31T12:32:15.060975+00:00,13154.517849272,908.171418,1658137925.2248216,1658137925.9247215,1658137927.5488565,-0.6998999118804932,1.6241350173950195,5907,5979
2026-07-31T12:32:15.504200+00:00,13154.961074213,908.614643,1658137925.7248266,1658137926.4247093,1658137927.998874,-0.6998827457427979,1.574164628982544,5910,5982
2026-07-31T12:32:15.949931+00:00,13155.406805895,909.060375,1658137926.5248263,1658137926.8247414,1658137928.4489005,-0.299915075302124,1.6241590976715088,5913,5985
2026-07-31T12:32:16.557979+00:00,13156.014853573,909.668422,1658137927.0247564,1658137927.4248197,1658137929.0489264,-0.40006327629089355,1.6241066455841064,5917,5989
2026-07-31T12:32:17.012817+00:00,13156.469690978,910.123260,1658137927.5249116,1658137927.9247122,1658137929.4989507,-0.39980053901672363,1.5742385387420654,5920,5992
2026-07-31T12:32:17.462275+00:00,13156.919149030,910.572718,1658137928.024842,1658137928.3247123,1658137929.9489486,-0.29987025260925293,1.6242363452911377,5923,5995
2026-07-31T12:32:18.065400+00:00,13157.522273422,911.175842,1658137928.5247593,1658137928.9244227,1658137930.548983,-0.39966344833374023,1.6245603561401367,5927,5999
2026-07-31T12:32:18.519811+00:00,13157.976685310,911.630254,1658137929.1248198,1658137929.4246228,1658137931.024003,-0.2998030185699463,1.5993802547454834,5930,6002
2026-07-31T12:32:18.972773+00:00,13158.429647651,912.083216,1658137929.5249138,1658137929.8247962,1658137931.4740138,-0.2998824119567871,1.6492176055908203,5933,6005
2026-07-31T12:32:19.572934+00:00,13159.029808789,912.683377,1658137930.124839,1658137930.4248934,1658137932.0740428,-0.30005431175231934,1.6491494178771973,5937,6009
2026-07-31T12:32:20.029656+00:00,13159.486529132,913.140098,1658137930.6248364,1658137930.9248526,1658137932.5240517,-0.3000161647796631,1.5991990566253662,5940,6012
2026-07-31T12:32:20.480560+00:00,13159.937433227,913.591002,1658137931.0248241,1658137931.3244128,1658137932.9740746,-0.299588680267334,1.6496617794036865,5943,6015
2026-07-31T12:32:21.084108+00:00,13160.540982039,914.194551,1658137931.524828,1658137932.0247462,1658137933.5741034,-0.49991822242736816,1.5493571758270264,5947,6019
2026-07-31T12:32:21.533105+00:00,13160.989979591,914.643548,1658137931.9249089,1658137932.4249158,1658137934.024149,-0.500006914138794,1.5992331504821777,5950,6022
2026-07-31T12:32:21.980846+00:00,13161.437719708,915.091288,1658137932.224911,1658137932.924705,1658137934.4741416,-0.6997940540313721,1.5494365692138672,5953,6025
2026-07-31T12:32:22.583551+00:00,13162.040424891,915.693994,1658137932.8248863,1658137933.5248497,1658137935.0741663,-0.6999633312225342,1.549316644668579,5957,6029
2026-07-31T12:32:23.037671+00:00,13162.494545904,916.148115,1658137933.424769,1658137933.9247332,1658137935.5241773,-0.49996423721313477,1.5994441509246826,5960,6032
2026-07-31T12:32:23.484102+00:00,13162.940976914,916.594546,1658137933.7249231,1658137934.4247177,1658137935.9742029,-0.6997945308685303,1.549485206604004,5963,6035
2026-07-31T12:32:24.080656+00:00,13163.537529869,917.191099,1658137934.6249173,1658137934.9248164,1658137936.5742261,-0.2998991012573242,1.6494097709655762,5967,6039
2026-07-31T12:32:24.529190+00:00,13163.986064476,917.639633,1658137935.024914,1658137935.4248302,1658137937.0242343,-0.3999161720275879,1.5994040966033936,5970,6042
2026-07-31T12:32:24.989018+00:00,13164.445892769,918.099461,1658137935.3247552,1658137935.9248853,1658137937.4742537,-0.6001300811767578,1.5493683815002441,5973,6045
2026-07-31T12:32:25.578129+00:00,13165.035002848,918.688571,1658137936.0247197,1658137936.4241524,1658137938.0742738,-0.3994326591491699,1.6501214504241943,5977,6049
2026-07-31T12:32:26.030011+00:00,13165.486885570,919.140454,1658137936.524818,1658137936.924897,1658137938.5242994,-0.40007901191711426,1.5994024276733398,5980,6052
2026-07-31T12:32:26.478522+00:00,13165.935396808,919.588965,1658137936.8248303,1658137937.324856,1658137938.974324,-0.500025749206543,1.649467945098877,5983,6055
2026-07-31T12:32:27.086604+00:00,13166.543476274,920.197045,1658137937.6248171,1658137938.0244617,1658137939.5743473,-0.3996446132659912,1.5498855113983154,5987,6059
2026-07-31T12:32:27.537670+00:00,13166.994544636,920.648113,1658137938.1247616,1658137938.424754,1658137940.02437,-0.29999232292175293,1.5996160507202148,5990,6062
2026-07-31T12:32:27.984452+00:00,13167.441326081,921.094895,1658137938.424766,1658137938.9247487,1658137940.474394,-0.4999825954437256,1.5496454238891602,5993,6065
2026-07-31T12:32:28.447573+00:00,13167.904447711,921.558016,1658137939.0248873,1658137939.3247874,1658137940.9494076,-0.2999000549316406,1.6246201992034912,5996,6068
2026-07-31T12:32:29.046400+00:00,13168.503272355,922.156841,1658137939.624824,1658137939.9248035,1658137941.5494225,-0.29997944831848145,1.6246190071105957,6000,6072
2026-07-31T12:32:29.493779+00:00,13168.950653214,922.604222,1658137940.024908,1658137940.4246407,1658137941.9744482,-0.3997325897216797,1.5498075485229492,6003,6075
2026-07-31T12:32:30.094526+00:00,13169.551399905,923.204969,1658137940.7248406,1658137941.0246596,1658137942.574466,-0.2998189926147461,1.5498063564300537,6007,6079
2026-07-31T12:32:30.540391+00:00,13169.997265815,923.650834,1658137941.2249155,1658137941.4247744,1658137943.024495,-0.1998589038848877,1.5997204780578613,6010,6082
2026-07-31T12:32:30.993400+00:00,13170.450274134,924.103843,1658137941.624761,1658137941.9248934,1658137943.4745133,-0.30013227462768555,1.5496199131011963,6013,6085
2026-07-31T12:32:31.583273+00:00,13171.040136413,924.693705,1658137942.1248024,1658137942.5248964,1658137944.0745294,-0.40009403228759766,1.5496330261230469,6017,6089
2026-07-31T12:32:32.033624+00:00,13171.490498598,925.144067,1658137942.5249004,1658137942.9244168,1658137944.524546,-0.39951634407043457,1.6001291275024414,6020,6092
2026-07-31T12:32:32.480990+00:00,13171.937862836,925.591431,1658137942.824815,1658137943.3248699,1658137944.9745693,-0.5000548362731934,1.6496994495391846,6023,6095
2026-07-31T12:32:33.087013+00:00,13172.543887301,926.197456,1658137943.22493,1658137944.0247629,1658137945.574586,-0.799832820892334,1.5498230457305908,6027,6099
2026-07-31T12:32:33.533066+00:00,13172.990469485,926.644038,1658137943.524828,1658137944.4247344,1658137946.0246086,-0.8999063968658447,1.5998742580413818,6030,6102
2026-07-31T12:32:33.979534+00:00,13173.436937345,927.090506,1658137943.824832,1658137944.824715,1658137946.4746423,-0.9998829364776611,1.6499273777008057,6033,6105
2026-07-31T12:32:34.574058+00:00,13174.031462862,927.685032,1658137944.624816,1658137945.4247296,1658137947.0746517,-0.7999136447906494,1.6499221324920654,6037,6109
2026-07-31T12:32:35.026037+00:00,13174.483439589,928.137008,1658137945.224838,1658137945.92485,1658137947.5246687,-0.7000119686126709,1.5998187065124512,6040,6112
2026-07-31T12:32:35.467438+00:00,13174.924841989,928.578411,1658137945.6248178,1658137946.3248408,1658137947.9497032,-0.7000229358673096,1.6248624324798584,6043,6115
2026-07-31T12:32:36.066701+00:00,13175.524105378,929.177674,1658137946.2248902,1658137946.9248629,1658137948.5497155,-0.6999726295471191,1.6248526573181152,6047,6119
2026-07-31T12:32:36.514718+00:00,13175.972120630,929.625689,1658137946.6247392,1658137947.4236073,1658137948.9997442,-0.7988681793212891,1.576136827468872,6050,6122
2026-07-31T12:32:36.968932+00:00,13176.426335387,930.079904,1658137946.9248798,1658137947.824741,1658137949.4497607,-0.8998610973358154,1.6250197887420654,6053,6125
2026-07-31T12:32:37.562820+00:00,13177.020223237,930.673792,1658137947.324919,1658137948.4248197,1658137950.0497782,-1.099900722503662,1.6249585151672363,6057,6129
2026-07-31T12:32:38.013757+00:00,13177.471159917,931.124729,1658137948.1247535,1658137948.9246569,1658137950.4998093,-0.799903392791748,1.5751523971557617,6060,6132
2026-07-31T12:32:38.485910+00:00,13177.943312209,931.596881,1658137948.6247556,1658137949.3249092,1658137950.974823,-0.7001535892486572,1.6499137878417969,6063,6135
2026-07-31T12:32:38.952508+00:00,13178.409911074,932.063480,1658137949.1248229,1658137949.8247137,1658137951.449837,-0.6998908519744873,1.6251232624053955,6066,6138
2026-07-31T12:32:39.548736+00:00,13179.006139784,932.659708,1658137949.6247132,1658137950.424806,1658137952.0498734,-0.8000929355621338,1.6250672340393066,6070,6142
2026-07-31T12:32:40.002474+00:00,13179.459877644,933.113446,1658137949.9247355,1658137950.9247496,1658137952.4999416,-1.000014066696167,1.5751919746398926,6073,6145
2026-07-31T12:32:40.456496+00:00,13179.913899211,933.567468,1658137950.3248382,1658137951.3243897,1658137952.9498873,-0.99955153465271,1.625497579574585,6076,6148
2026-07-31T12:32:41.057909+00:00,13180.515313426,934.168882,1658137950.8249197,1658137951.9246693,1658137953.5499225,-1.0997495651245117,1.6252532005310059,6080,6152
2026-07-31T12:32:41.503685+00:00,13180.961089092,934.614658,1658137951.4248257,1658137952.4249196,1658137953.9999447,-1.000093936920166,1.5750250816345215,6083,6155
2026-07-31T12:32:41.949686+00:00,13181.407090428,935.060659,1658137951.924761,1658137952.8247294,1658137954.44997,-0.8999683856964111,1.6252405643463135,6086,6158
2026-07-31T12:32:42.554825+00:00,13182.012228954,935.665798,1658137952.4249363,1658137953.4247775,1658137955.0499895,-0.9998412132263184,1.6252119541168213,6090,6162
2026-07-31T12:32:43.007303+00:00,13182.464706532,936.118275,1658137953.1248693,1658137953.92438,1658137955.4999976,-0.7995107173919678,1.5756175518035889,6093,6165
2026-07-31T12:32:43.459089+00:00,13182.916492671,936.570061,1658137953.7248275,1658137954.3247182,1658137955.9500177,-0.5998907089233398,1.6252994537353516,6096,6168
2026-07-31T12:32:44.055358+00:00,13183.512762162,937.166331,1658137954.4248776,1658137954.924836,1658137956.550054,-0.4999582767486572,1.625218152999878,6100,6172
2026-07-31T12:32:44.506324+00:00,13183.963727373,937.617296,1658137954.8247576,1658137955.4246864,1658137957.000061,-0.5999288558959961,1.5753746032714844,6103,6175
2026-07-31T12:32:44.968735+00:00,13184.426138881,938.079708,1658137955.2247872,1658137955.8247828,1658137957.4500813,-0.5999956130981445,1.6252985000610352,6106,6178
2026-07-31T12:32:45.565204+00:00,13185.022608197,938.676177,1658137955.7248569,1658137956.4247265,1658137958.0501106,-0.6998696327209473,1.6253840923309326,6110,6182
2026-07-31T12:32:46.015627+00:00,13185.473029679,939.126598,1658137956.2246368,1658137956.9248877,1658137958.5001347,-0.7002508640289307,1.575247049331665,6113,6185
2026-07-31T12:32:46.463569+00:00,13185.920972657,939.574541,1658137956.5248044,1658137957.324705,1658137958.950138,-0.7999005317687988,1.6254332065582275,6116,6188
2026-07-31T12:32:47.070131+00:00,13186.527535104,940.181104,1658137957.1248271,1658137957.9248128,1658137959.5752542,-0.7999856472015381,1.6504414081573486,6120,6192
2026-07-31T12:32:47.519843+00:00,13186.977246299,940.630815,1658137957.8247192,1658137958.4244926,1658137960.000183,-0.5997734069824219,1.575690507888794,6123,6195
2026-07-31T12:32:47.969699+00:00,13187.427103328,941.080672,1658137958.2244885,1658137958.8248935,1658137960.4502041,-0.6004049777984619,1.6253106594085693,6126,6198
2026-07-31T12:32:48.569966+00:00,13188.027369668,941.680938,1658137958.8248978,1658137959.424767,1658137961.0502303,-0.5998692512512207,1.6254632472991943,6130,6202
2026-07-31T12:32:49.027094+00:00,13188.484497311,942.138066,1658137959.424771,1658137959.92485,1658137961.5252578,-0.5000789165496826,1.6004078388214111,6133,6205
2026-07-31T12:32:49.467555+00:00,13188.924959222,942.578528,1658137959.9248543,1658137960.3236752,1658137961.9502652,-0.3988208770751953,1.6265900135040283,6136,6208
2026-07-31T12:32:50.064652+00:00,13189.522055902,943.175625,1658137960.324841,1658137960.9246867,1658137962.5502906,-0.5998456478118896,1.6256039142608643,6140,6212
2026-07-31T12:32:50.510940+00:00,13189.968324609,943.621893,1658137960.7247236,1658137961.424703,1658137963.000359,-0.699979305267334,1.5756561756134033,6143,6215
2026-07-31T12:32:50.959304+00:00,13190.416707753,944.070276,1658137961.1247175,1658137961.8247743,1658137963.4503336,-0.700056791305542,1.6255593299865723,6146,6218
2026-07-31T12:32:51.551558+00:00,13191.008960809,944.662529,1658137961.8248453,1658137962.4247444,1658137964.0504007,-0.5998990535736084,1.6256563663482666,6150,6222
2026-07-31T12:32:51.998111+00:00,13191.455515094,945.109084,1658137962.4247487,1658137962.9248712,1658137964.500374,-0.5001225471496582,1.575502872467041,6153,6225
2026-07-31T12:32:52.447922+00:00,13191.905325694,945.558894,1658137963.0247645,1658137963.3248987,1658137964.9503953,-0.30013418197631836,1.6254966259002686,6156,6228
2026-07-31T12:32:53.056163+00:00,13192.513565416,946.167134,1658137963.6249263,1658137963.923981,1658137965.5504172,-0.2990546226501465,1.6264362335205078,6160,6232
2026-07-31T12:32:53.500087+00:00,13192.957490430,946.611059,1658137964.0249207,1658137964.4247122,1658137966.0004332,-0.3997914791107178,1.575721025466919,6163,6235
2026-07-31T12:32:53.943965+00:00,13193.401368580,947.054937,1658137964.5248108,1658137964.8248308,1658137966.4254472,-0.3000199794769287,1.600616455078125,6166,6238
2026-07-31T12:32:54.542925+00:00,13194.000328298,947.653897,1658137965.0247648,1658137965.424731,1658137967.025501,-0.3999662399291992,1.6007699966430664,6170,6242
2026-07-31T12:32:54.992341+00:00,13194.449744772,948.103313,1658137965.424735,1658137965.9249046,1658137967.4754996,-0.5001695156097412,1.5505950450897217,6173,6245
2026-07-31T12:32:55.587645+00:00,13195.045049031,948.698618,1658137966.024765,1658137966.524884,1658137968.0755324,-0.5001189708709717,1.5506484508514404,6177,6249
2026-07-31T12:32:56.024543+00:00,13195.481946355,949.135515,1658137966.4248147,1658137966.9247136,1658137968.525552,-0.49989891052246094,1.6008384227752686,6180,6252
2026-07-31T12:32:56.472681+00:00,13195.930085183,949.583654,1658137966.924751,1658137967.3248906,1658137968.9755664,-0.40013957023620605,1.6506757736206055,6183,6255
2026-07-31T12:32:57.072738+00:00,13196.530141159,950.183710,1658137967.424736,1658137967.9248695,1658137969.5755775,-0.5001335144042969,1.6507079601287842,6187,6259
2026-07-31T12:32:57.525481+00:00,13196.982885042,950.636454,1658137967.8248181,1658137968.4247184,1658137970.0256026,-0.5999002456665039,1.600884199142456,6190,6262
2026-07-31T12:32:57.973943+00:00,13197.431346713,951.084915,1658137968.1248546,1658137968.8248487,1658137970.4756315,-0.6999940872192383,1.650782823562622,6193,6265
2026-07-31T12:32:58.571291+00:00,13198.028694610,951.682263,1658137968.824853,1658137969.4248228,1658137971.075645,-0.5999698638916016,1.6508221626281738,6197,6269
2026-07-31T12:32:59.016903+00:00,13198.474307217,952.127876,1658137969.5249107,1658137969.9243724,1658137971.5006568,-0.3994617462158203,1.576284408569336,6200,6272
2026-07-31T12:32:59.470118+00:00,13198.927522081,952.581091,1658137970.024742,1658137970.3248754,1658137971.9506743,-0.30013346672058105,1.6257989406585693,6203,6275
2026-07-31T12:33:00.074107+00:00,13199.531510666,953.185079,1658137970.5248163,1658137970.9248612,1658137972.575709,-0.40004491806030273,1.6508479118347168,6207,6279
2026-07-31T12:33:00.519903+00:00,13199.977307380,953.630876,1658137971.024723,1658137971.424521,1658137973.0007215,-0.3997979164123535,1.5762004852294922,6210,6282
2026-07-31T12:33:00.975964+00:00,13200.433367859,954.086936,1658137971.3248153,1658137971.824921,1658137973.4757404,-0.500105619430542,1.6508195400238037,6213,6285
2026-07-31T12:33:01.575607+00:00,13201.033010888,954.686580,1658137971.9247594,1658137972.4248989,1658137974.0758467,-0.5001394748687744,1.6509478092193604,6217,6289
2026-07-31T12:33:02.016859+00:00,13201.474261171,955.127830,1658137972.4249072,1658137972.9247837,1658137974.5007794,-0.4998764991760254,1.575995683670044,6220,6292
2026-07-31T12:33:02.466249+00:00,13201.923652066,955.577221,1658137972.924813,1658137973.3247538,1658137974.9508057,-0.39994072914123535,1.626051902770996,6223,6295
2026-07-31T12:33:03.068905+00:00,13202.526309105,956.179878,1658137973.3247576,1658137973.924811,1658137975.5508323,-0.6000533103942871,1.626021385192871,6227,6299
2026-07-31T12:33:03.518957+00:00,13202.977480482,956.631049,1658137973.8248472,1658137974.4247124,1658137976.0008395,-0.599865198135376,1.576127052307129,6230,6302
2026-07-31T12:33:03.962232+00:00,13203.420756446,957.074325,1658137974.1247647,1658137974.8248389,1658137976.450871,-0.7000741958618164,1.6260321140289307,6233,6305
2026-07-31T12:33:04.562991+00:00,13204.021515057,957.675084,1658137974.6249266,1658137975.424808,1658137977.0508938,-0.7998814582824707,1.6260857582092285,6237,6309
2026-07-31T12:33:05.006682+00:00,13204.465205440,958.118774,1658137975.124766,1658137975.9248104,1658137977.5009024,-0.8000442981719971,1.576092004776001,6240,6312
2026-07-31T12:33:05.457821+00:00,13204.916343829,958.569912,1658137975.7248611,1658137976.3249154,1658137977.950925,-0.6000542640686035,1.6260097026824951,6243,6315
2026-07-31T12:33:06.071091+00:00,13205.529613372,959.183182,1658137976.2245748,1658137976.9249122,1658137978.5759463,-0.7003374099731445,1.6510341167449951,6247,6319
2026-07-31T12:33:06.516188+00:00,13205.974710835,959.628279,1658137976.6249123,1658137977.4246151,1658137979.0009754,-0.7997028827667236,1.5763602256774902,6250,6322
2026-07-31T12:33:06.970297+00:00,13206.428821424,960.082390,1658137977.1248488,1658137977.82491,1658137979.475971,-0.7000610828399658,1.6510610580444336,6253,6325
2026-07-31T12:33:07.571116+00:00,13207.029638958,960.683208,1658137977.6247342,1658137978.4245205,1658137980.076019,-0.7997863292694092,1.651498556137085,6257,6329
2026-07-31T12:33:08.015381+00:00,13207.473904716,961.127473,1658137978.1249077,1658137978.9245813,1658137980.5010192,-0.7996735572814941,1.5764379501342773,6260,6332
2026-07-31T12:33:08.466584+00:00,13207.925107888,961.578677,1658137978.7248986,1658137979.324886,1658137980.9510317,-0.5999875068664551,1.626145601272583,6263,6335
2026-07-31T12:33:09.065311+00:00,13208.523834724,962.177403,1658137979.5249245,1658137979.924918,1658137981.551077,-0.3999934196472168,1.6261589527130127,6267,6339
2026-07-31T12:33:09.524884+00:00,13208.983406497,962.636975,1658137979.9249222,1658137980.4247758,1658137982.0260804,-0.49985361099243164,1.601304531097412,6270,6342
2026-07-31T12:33:09.966837+00:00,13209.425360650,963.078929,1658137980.4247801,1658137980.8247392,1658137982.451093,-0.39995908737182617,1.6263537406921387,6273,6345
2026-07-31T12:33:10.567256+00:00,13210.025779460,963.679348,1658137981.0248284,1658137981.4244623,1658137983.0510883,-0.39963388442993164,1.6266260147094727,6277,6349
2026-07-31T12:33:11.013677+00:00,13210.472200025,964.125769,1658137981.5249116,1658137981.9247563,1658137983.501148,-0.3998446464538574,1.5763916969299316,6280,6352
2026-07-31T12:33:11.465759+00:00,13210.924281480,964.577850,1658137982.1249218,1658137982.3238533,1658137983.9511714,-0.19893145561218262,1.6273181438446045,6283,6355
2026-07-31T12:33:12.060462+00:00,13211.518986635,965.172555,1658137982.6249053,1658137982.9249194,1658137984.5511928,-0.30001401901245117,1.6262733936309814,6287,6359
2026-07-31T12:33:12.505695+00:00,13211.964218532,965.617787,1658137983.0247612,1658137983.4249163,1658137985.0012202,-0.40015506744384766,1.5763039588928223,6290,6362
2026-07-31T12:33:12.958901+00:00,13212.417424318,966.070993,1658137983.5247765,1658137983.824796,1658137985.4512255,-0.3000195026397705,1.626429557800293,6293,6365
2026-07-31T12:33:13.556912+00:00,13213.015435552,966.669004,1658137984.0247447,1658137984.4247153,1658137986.051311,-0.39997053146362305,1.6265957355499268,6297,6369
2026-07-31T12:33:13.998052+00:00,13213.456575780,967.110144,1658137984.3249197,1658137984.9248374,1658137986.501283,-0.5999176502227783,1.5764455795288086,6300,6372
2026-07-31T12:33:14.588182+00:00,13214.046705930,967.700275,1658137984.8247492,1658137985.5247557,1658137987.0763443,-0.7000064849853516,1.551588535308838,6304,6376
2026-07-31T12:33:15.038544+00:00,13214.497067715,968.150636,1658137985.2244892,1658137985.9247174,1658137987.5263023,-0.700228214263916,1.6015849113464355,6307,6379
2026-07-31T12:33:15.491343+00:00,13214.949866965,968.603436,1658137985.6248426,1658137986.42468,1658137987.9763367,-0.7998373508453369,1.551656723022461,6310,6382
2026-07-31T12:33:16.082668+00:00,13215.541191787,969.194760,1658137986.5249314,1658137986.9248266,1658137988.5763516,-0.39989519119262695,1.6515250205993652,6314,6386
2026-07-31T12:33:16.529548+00:00,13215.988071170,969.641640,1658137987.2246842,1658137987.424679,1658137989.026379,-0.19999480247497559,1.6017000675201416,6317,6389
2026-07-31T12:33:16.983385+00:00,13216.441908990,970.095478,1658137987.5248344,1658137987.924906,1658137989.4764037,-0.4000716209411621,1.5514976978302002,6320,6392
2026-07-31T12:33:17.593854+00:00,13217.052376366,970.705945,1658137988.1248407,1658137988.424891,1658137990.0764136,-0.3000502586364746,1.6515226364135742,6324,6396
2026-07-31T12:33:18.045471+00:00,13217.503995047,971.157564,1658137988.4249246,1658137988.9247394,1658137990.5514233,-0.4998147487640381,1.6266839504241943,6327,6399
2026-07-31T12:33:18.493402+00:00,13217.951925359,971.605494,1658137988.7248082,1658137989.4246855,1658137990.9764464,-0.6998772621154785,1.5517609119415283,6330,6402
2026-07-31T12:33:18.943844+00:00,13218.402368027,972.055937,1658137989.0248356,1658137989.8246305,1658137991.4264605,-0.7997949123382568,1.601830005645752,6333,6405
2026-07-31T12:33:19.550640+00:00,13219.009162555,972.662731,1658137989.7247162,1658137990.424632,1658137992.0515077,-0.699915885925293,1.626875638961792,6337,6409
2026-07-31T12:33:20.008233+00:00,13219.466756797,973.120325,1658137990.12485,1658137990.9247987,1658137992.5015094,-0.7999486923217773,1.5767107009887695,6340,6412
2026-07-31T12:33:20.459540+00:00,13219.918064167,973.571633,1658137990.7247548,1658137991.3247287,1658137992.951549,-0.5999739170074463,1.6268203258514404,6343,6415
2026-07-31T12:33:21.061181+00:00,13220.519703854,974.173272,1658137991.524918,1658137991.9248629,1658137993.551553,-0.3999447822570801,1.626690149307251,6347,6419
2026-07-31T12:33:21.522835+00:00,13220.981358785,974.634927,1658137992.0247388,1658137992.4247015,1658137994.026571,-0.3999626636505127,1.6018695831298828,6350,6422
2026-07-31T12:33:21.970925+00:00,13221.429448352,975.083017,1658137992.4247057,1658137992.8247814,1658137994.476598,-0.40007567405700684,1.6518166065216064,6353,6425
2026-07-31T12:33:22.583071+00:00,13222.041595285,975.695164,1658137993.0247152,1658137993.424799,1658137995.0766234,-0.4000837802886963,1.6518244743347168,6357,6429
2026-07-31T12:33:23.032184+00:00,13222.490707776,976.144276,1658137993.6248534,1658137993.9246602,1658137995.5266418,-0.2998068332672119,1.6019816398620605,6360,6432
2026-07-31T12:33:23.489013+00:00,13222.947536897,976.601106,1658137994.0248344,1658137994.4247344,1658137995.9766595,-0.399899959564209,1.5519251823425293,6363,6435
2026-07-31T12:33:24.086873+00:00,13223.545396441,977.198965,1658137994.7248414,1658137995.0240355,1658137996.5766807,-0.2991940975189209,1.552645206451416,6367,6439
2026-07-31T12:33:24.533401+00:00,13223.991923859,977.645492,1658137995.224958,1658137995.4245548,1658137997.0266924,-0.19959688186645508,1.602137565612793,6370,6442
2026-07-31T12:33:24.984527+00:00,13224.443050047,978.096619,1658137995.6248062,1658137995.924145,1658137997.4767215,-0.29933881759643555,1.5525765419006348,6373,6445
2026-07-31T12:33:25.587556+00:00,13225.046080047,978.699649,1658137996.2244778,1658137996.5247405,1658137998.076753,-0.3002626895904541,1.5520124435424805,6377,6449
2026-07-31T12:33:26.035288+00:00,13225.493811124,979.147380,1658137996.7248049,1658137996.9245331,1658137998.5267496,-0.19972825050354004,1.6022164821624756,6380,6452
2026-07-31T12:33:26.480812+00:00,13225.939335987,979.592905,1658137997.1247509,1658137997.3247044,1658137998.9767776,-0.19995355606079102,1.6520731449127197,6383,6455
2026-07-31T12:33:27.087471+00:00,13226.545995336,980.199564,1658137997.624722,1658137998.024874,1658137999.576795,-0.40015196800231934,1.5519211292266846,6387,6459
2026-07-31T12:33:27.538021+00:00,13226.996545009,980.650114,1658137997.924717,1658137998.424741,1658138000.026821,-0.5000240802764893,1.6020798683166504,6390,6462
2026-07-31T12:33:27.985278+00:00,13227.443801681,981.097370,1658137998.224753,1658137998.9247098,1658138000.476848,-0.6999568939208984,1.552138090133667,6393,6465
2026-07-31T12:33:28.586423+00:00,13228.044945539,981.698514,1658137998.6248398,1658137999.5246763,1658138001.076868,-0.899836540222168,1.5521917343139648,6397,6469
2026-07-31T12:33:29.037060+00:00,13228.495582760,982.149151,1658137999.12477,1658137999.9249284,1658138001.526894,-0.8001585006713867,1.6019656658172607,6400,6472
2026-07-31T12:33:29.494513+00:00,13228.953037118,982.606606,1658137999.6249323,1658138000.4247298,1658138001.9769025,-0.799797534942627,1.5521726608276367,6403,6475
2026-07-31T12:33:30.098484+00:00,13229.557007420,983.210576,1658138000.524737,1658138001.0236418,1658138002.6019087,-0.4989049434661865,1.5782668590545654,6407,6479
2026-07-31T12:33:30.546380+00:00,13230.004902516,983.658471,1658138000.9248474,1658138001.4247499,1658138003.051944,-0.49990248680114746,1.6271941661834717,6410,6482
2026-07-31T12:33:30.999002+00:00,13230.457526078,984.111095,1658138001.4247544,1658138001.9244838,1658138003.5020173,-0.4997293949127197,1.577533483505249,6413,6485
2026-07-31T12:33:31.451041+00:00,13230.909563911,984.563133,1658138001.9248128,1658138002.3249297,1658138003.9519784,-0.4001169204711914,1.6270487308502197,6416,6488
2026-07-31T12:33:32.059177+00:00,13231.517700281,985.171269,1658138002.5248628,1658138002.9244514,1658138004.5520644,-0.39958858489990234,1.6276130676269531,6420,6492
2026-07-31T12:33:32.506857+00:00,13231.965379037,985.618948,1658138002.9248376,1658138003.4247677,1658138005.0020325,-0.49993014335632324,1.5772647857666016,6423,6495
2026-07-31T12:33:32.992635+00:00,13232.451158684,986.104727,1658138003.424772,1658138003.9248297,1658138005.4770463,-0.5000576972961426,1.5522165298461914,6426,6498
2026-07-31T12:33:33.442287+00:00,13232.902104834,986.555673,1658138003.7249076,1658138004.3248465,1658138005.9270723,-0.5999388694763184,1.6022257804870605,6429,6501
2026-07-31T12:33:34.049756+00:00,13233.509575023,987.163144,1658138004.1249058,1658138004.924818,1658138006.5521128,-0.7999122142791748,1.6272947788238525,6433,6505
2026-07-31T12:33:34.497897+00:00,13233.957715766,987.611284,1658138004.4247377,1658138005.4239714,1658138007.002101,-0.9992337226867676,1.578129529953003,6436,6508
2026-07-31T12:33:34.948446+00:00,13234.408263780,988.061832,1658138005.1247566,1658138005.824746,1658138007.452127,-0.6999893188476562,1.6273810863494873,6439,6511
2026-07-31T12:33:35.547597+00:00,13235.007416333,988.660985,1658138005.8248081,1658138006.4245875,1658138008.0521414,-0.5997793674468994,1.627553939819336,6443,6515
2026-07-31T12:33:35.991187+00:00,13235.451005870,989.104575,1658138006.3248236,1658138006.9242728,1658138008.4771543,-0.5994491577148438,1.5528814792633057,6446,6518
2026-07-31T12:33:36.588439+00:00,13236.048257932,989.701827,1658138007.0248117,1658138007.5247185,1658138009.0771887,-0.4999067783355713,1.5524702072143555,6450,6522
2026-07-31T12:33:37.053352+00:00,13236.513170432,990.166739,1658138007.524752,1658138007.9236052,1658138009.5522,-0.3988533020019531,1.6285948753356934,6453,6525
2026-07-31T12:33:37.501519+00:00,13236.961337521,990.614906,1658138008.0248113,1658138008.4244862,1658138010.002264,-0.3996748924255371,1.5777778625488281,6456,6528
2026-07-31T12:33:37.947846+00:00,13237.407664383,991.061233,1658138008.5247436,1658138008.8243759,1658138010.452294,-0.29963231086730957,1.6279182434082031,6459,6531
2026-07-31T12:33:38.544013+00:00,13238.003783896,991.657353,1658138009.2245536,1658138009.4246724,1658138011.0272732,-0.2001187801361084,1.6026008129119873,6463,6535
2026-07-31T12:33:38.987472+00:00,13238.447290020,992.100859,1658138009.6249032,1658138009.9246082,1658138011.47727,-0.29970502853393555,1.552661657333374,6466,6538
2026-07-31T12:33:39.593547+00:00,13239.053366406,992.706935,1658138010.2249715,1658138010.524747,1658138012.0772994,-0.2997753620147705,1.5525524616241455,6470,6542
2026-07-31T12:33:40.044400+00:00,13239.504218160,993.157787,1658138010.7248065,1658138010.9247322,1658138012.527309,-0.19992566108703613,1.602576732635498,6473,6545
2026-07-31T12:33:40.493223+00:00,13239.953041350,993.606610,1658138011.0248182,1658138011.424764,1658138012.9773283,-0.3999457359313965,1.5525643825531006,6476,6548
2026-07-31T12:33:40.949943+00:00,13240.409762686,994.063331,1658138011.5248578,1658138011.8229885,1658138013.4523463,-0.29813075065612793,1.6293578147888184,6479,6551
2026-07-31T12:33:41.552330+00:00,13241.012147489,994.665716,1658138012.0248308,1658138012.424919,1658138014.0523622,-0.4000880718231201,1.6274433135986328,6483,6555
2026-07-31T12:33:42.002029+00:00,13241.461847722,995.115416,1658138012.4249234,1658138012.922965,1658138014.5023808,-0.49804162979125977,1.5794157981872559,6486,6558
2026-07-31T12:33:42.449964+00:00,13241.909782445,995.563351,1658138012.7248194,1658138013.3247018,1658138014.9523923,-0.5998823642730713,1.6276905536651611,6489,6561
2026-07-31T12:33:43.050912+00:00,13242.510730077,996.164299,1658138013.3247058,1658138013.9247375,1658138015.552423,-0.6000316143035889,1.627685546875,6493,6565
2026-07-31T12:33:43.506799+00:00,13242.966617598,996.620186,1658138013.7248304,1658138014.4225638,1658138016.0024438,-0.6977334022521973,1.5798799991607666,6496,6568
2026-07-31T12:33:43.952000+00:00,13243.411818949,997.065388,1658138014.3248343,1658138014.8248267,1658138016.4524608,-0.49999237060546875,1.627634048461914,6499,6571
2026-07-31T12:33:44.549251+00:00,13244.009069253,997.662638,1658138015.0248544,1658138015.4240558,1658138017.0524852,-0.3992013931274414,1.6284294128417969,6503,6575
2026-07-31T12:33:45.004513+00:00,13244.464332556,998.117901,1658138015.4247425,1658138015.922783,1658138017.5025046,-0.49804043769836426,1.5797216892242432,6506,6578
2026-07-31T12:33:45.451319+00:00,13244.911137139,998.564706,1658138015.8248487,1658138016.324744,1658138017.9525275,-0.4998953342437744,1.6277835369110107,6509,6581
2026-07-31T12:33:46.052551+00:00,13245.512369257,999.165938,1658138016.4248397,1658138016.9238625,1658138018.5525563,-0.4990227222442627,1.6286938190460205,6513,6585
2026-07-31T12:33:46.499927+00:00,13245.959745107,999.613314,1658138016.8248172,1658138017.4245522,1658138019.0025728,-0.5997350215911865,1.5780205726623535,6516,6588
2026-07-31T12:33:46.959692+00:00,13246.419511474,1000.073080,1658138017.3248177,1658138017.8249023,1658138019.4526007,-0.500084638595581,1.6276984214782715,6519,6591
2026-07-31T12:33:47.561036+00:00,13247.020854041,1000.674423,1658138018.1248274,1658138018.4238987,1658138020.052619,-0.2990713119506836,1.6287202835083008,6523,6595
2026-07-31T12:33:48.010451+00:00,13247.470270351,1001.123839,1658138018.5248325,1658138018.9249215,1658138020.5026367,-0.4000890254974365,1.5777151584625244,6526,6598
2026-07-31T12:33:48.461875+00:00,13247.921694072,1001.575263,1658138019.0247684,1658138019.324835,1658138020.9526668,-0.3000667095184326,1.6278316974639893,6529,6601
2026-07-31T12:33:49.056650+00:00,13248.516467710,1002.170036,1658138019.5247655,1658138019.9247673,1658138021.552677,-0.40000176429748535,1.6279096603393555,6533,6605
2026-07-31T12:33:49.512976+00:00,13248.972795145,1002.626364,1658138019.9247713,1658138020.4247384,1658138022.0026944,-0.499967098236084,1.577955961227417,6536,6608
2026-07-31T12:33:49.963258+00:00,13249.423077031,1003.076646,1658138020.3248868,1658138020.8248284,1658138022.4527311,-0.4999415874481201,1.6279027462005615,6539,6611
2026-07-31T12:33:50.569454+00:00,13250.029273015,1003.682842,1658138020.9249117,1658138021.4247186,1658138023.052734,-0.49980688095092773,1.6280152797698975,6543,6615
2026-07-31T12:33:51.016835+00:00,13250.476652920,1004.130222,1658138021.5248199,1658138021.9246886,1658138023.5027616,-0.3998687267303467,1.5780730247497559,6546,6618
2026-07-31T12:33:51.469560+00:00,13250.929378457,1004.582947,1658138021.8248372,1658138022.3248343,1658138023.9527767,-0.4999971389770508,1.6279423236846924,6549,6621
2026-07-31T12:33:52.071632+00:00,13251.531450488,1005.185019,1658138022.4249299,1658138022.9225159,1658138024.577808,-0.4975860118865967,1.65529203414917,6553,6625
2026-07-31T12:33:52.517103+00:00,13251.976921434,1005.630490,1658138022.7248282,1658138023.424633,1658138025.002828,-0.6998047828674316,1.5781948566436768,6556,6628
2026-07-31T12:33:52.974522+00:00,13252.434340483,1006.087909,1658138023.1248214,1658138023.8248794,1658138025.4778438,-0.7000579833984375,1.6529643535614014,6559,6631
2026-07-31T12:33:53.573771+00:00,13253.033589600,1006.687158,1658138023.6248474,1658138024.4248185,1658138026.0778573,-0.7999711036682129,1.653038740158081,6563,6635
2026-07-31T12:33:54.019220+00:00,13253.479039136,1007.132608,1658138024.1249092,1658138024.9243236,1658138026.5028849,-0.7994143962860107,1.5785613059997559,6566,6638
2026-07-31T12:33:54.468405+00:00,13253.928222416,1007.581791,1658138024.8248096,1658138025.324831,1658138026.9529052,-0.5000214576721191,1.6280741691589355,6569,6641
2026-07-31T12:33:55.070211+00:00,13254.530029028,1008.183598,1658138025.42493,1658138025.9247527,1658138027.552931,-0.49982261657714844,1.628178358078003,6573,6645
2026-07-31T12:33:55.525662+00:00,13254.985480789,1008.639049,1658138026.024849,1658138026.424517,1658138028.0279512,-0.39966797828674316,1.6034343242645264,6576,6648
2026-07-31T12:33:55.974437+00:00,13255.434255402,1009.087824,1658138026.5249078,1658138026.8246613,1658138028.4779737,-0.29975342750549316,1.6533124446868896,6579,6651
2026-07-31T12:33:56.578948+00:00,13256.038765853,1009.692334,1658138027.1248176,1658138027.4239419,1658138029.077986,-0.29912424087524414,1.6540441513061523,6583,6655
2026-07-31T12:33:57.027945+00:00,13256.487764456,1010.141333,1658138027.7248688,1658138027.9239366,1658138029.5280042,-0.1990678310394287,1.6040675640106201,6586,6658
2026-07-31T12:33:57.483955+00:00,13256.943774115,1010.597343,1658138028.02474,1658138028.4247024,1658138029.9780252,-0.3999624252319336,1.5533227920532227,6589,6661
2026-07-31T12:33:58.091181+00:00,13257.550998849,1011.204567,1658138028.5247505,1658138029.0248146,1658138030.5780528,-0.5000641345977783,1.5532381534576416,6593,6665
2026-07-31T12:33:58.540405+00:00,13258.000223622,1011.653792,1658138028.9248688,1658138029.424924,1658138031.0280645,-0.5000550746917725,1.6031405925750732,6596,6668
2026-07-31T12:33:58.990350+00:00,13258.450168446,1012.103737,1658138029.2247508,1658138029.9246118,1658138031.4780884,-0.6998610496520996,1.5534765720367432,6599,6671
2026-07-31T12:33:59.442406+00:00,13258.902224200,1012.555793,1658138029.624863,1658138030.3248057,1658138031.928102,-0.6999428272247314,1.6032962799072266,6602,6674
2026-07-31T12:34:00.048919+00:00,13259.508737784,1013.162306,1658138030.3248181,1658138030.924856,1658138032.5531478,-0.6000378131866455,1.6282918453216553,6606,6678
2026-07-31T12:34:00.496284+00:00,13259.956102293,1013.609671,1658138030.8247688,1658138031.4248967,1658138033.0031717,-0.6001279354095459,1.5782749652862549,6609,6681
2026-07-31T12:34:00.953290+00:00,13260.413108896,1014.066678,1658138031.3248432,1658138031.8241751,1658138033.4531603,-0.4993319511413574,1.6289851665496826,6612,6684
2026-07-31T12:34:01.554793+00:00,13261.014611695,1014.668180,1658138032.0248454,1658138032.4247975,1658138034.0531914,-0.3999521732330322,1.6283938884735107,6616,6688
2026-07-31T12:34:02.000252+00:00,13261.460070693,1015.113639,1658138032.324744,1658138032.9247131,1658138034.5032222,-0.5999691486358643,1.5785090923309326,6619,6691
2026-07-31T12:34:02.451449+00:00,13261.911266647,1015.564835,1658138032.6247716,1658138033.3249156,1658138034.9532378,-0.7001440525054932,1.6283221244812012,6622,6694
2026-07-31T12:34:03.047014+00:00,13262.506832260,1016.160401,1658138033.0248752,1658138033.9246304,1658138035.5532467,-0.8997552394866943,1.6286163330078125,6626,6698
2026-07-31T12:34:03.498516+00:00,13262.959486785,1016.613055,1658138033.524832,1658138034.4247525,1658138036.0032692,-0.8999204635620117,1.5785167217254639,6629,6701
2026-07-31T12:34:03.940935+00:00,13263.401906363,1017.055475,1658138034.1247323,1658138034.8248045,1658138036.428284,-0.7000722885131836,1.6034793853759766,6632,6704
2026-07-31T12:34:04.537329+00:00,13263.998300530,1017.651869,1658138035.0249026,1658138035.4247544,1658138037.0283062,-0.39985179901123047,1.6035518646240234,6636,6708
2026-07-31T12:34:04.991306+00:00,13264.452276100,1018.105845,1658138035.62493,1658138035.924383,1658138037.47833,-0.2994530200958252,1.5539469718933105,6639,6711
2026-07-31T12:34:05.441653+00:00,13264.902623450,1018.556192,1658138036.1247652,1658138036.324842,1658138037.9283497,-0.20007681846618652,1.6035077571868896,6642,6714
2026-07-31T12:34:06.045246+00:00,13265.506216220,1019.159785,1658138036.5248952,1658138036.924877,1658138038.5533764,-0.3999817371368408,1.6284995079040527,6646,6718
2026-07-31T12:34:06.499398+00:00,13265.960369077,1019.613938,1658138036.9248974,1658138037.4249115,1658138039.003379,-0.500014066696167,1.578467607498169,6649,6721
2026-07-31T12:34:06.956625+00:00,13266.417595811,1020.071164,1658138037.4249158,1658138037.824595,1658138039.4534142,-0.39967918395996094,1.628819227218628,6652,6724
2026-07-31T12:34:07.559375+00:00,13267.020346788,1020.673915,1658138037.9248626,1658138038.4247665,1658138040.0534253,-0.49990391731262207,1.6286587715148926,6656,6728
2026-07-31T12:34:08.006339+00:00,13267.467310517,1021.120879,1658138038.5247471,1658138038.9235528,1658138040.503448,-0.3988056182861328,1.579895257949829,6659,6731
2026-07-31T12:34:08.452185+00:00,13267.913156953,1021.566726,1658138038.9248562,1658138039.3242562,1658138040.9534693,-0.399399995803833,1.6292130947113037,6662,6734
2026-07-31T12:34:09.054347+00:00,13268.515318070,1022.168887,1658138039.4247565,1658138039.924533,1658138041.5534909,-0.49977636337280273,1.628957986831665,6666,6738
2026-07-31T12:34:09.509842+00:00,13268.970813572,1022.624382,1658138039.7247705,1658138040.424728,1658138042.0034986,-0.6999573707580566,1.578770637512207,6669,6741
2026-07-31T12:34:09.959386+00:00,13269.420356458,1023.073925,1658138040.224801,1658138040.8248134,1658138042.453533,-0.6000123023986816,1.6287195682525635,6672,6744
2026-07-31T12:34:10.568685+00:00,13270.029655741,1023.683224,1658138040.724741,1658138041.4248142,1658138043.0535555,-0.7000732421875,1.6287412643432617,6676,6748
2026-07-31T12:34:11.019259+00:00,13270.480230452,1024.133799,1658138041.2249534,1658138041.9248338,1658138043.503565,-0.6998803615570068,1.5787312984466553,6679,6751
2026-07-31T12:34:11.469405+00:00,13270.930376389,1024.583945,1658138041.724917,1658138042.3249109,1658138043.953588,-0.5999939441680908,1.6286771297454834,6682,6754
2026-07-31T12:34:12.067939+00:00,13271.528909730,1025.182478,1658138042.424757,1658138042.9246967,1658138044.5536048,-0.4999396800994873,1.6289081573486328,6686,6758
2026-07-31T12:34:12.515743+00:00,13271.976706632,1025.630275,1658138042.9248464,1658138043.4244695,1658138045.003618,-0.49962306022644043,1.579148530960083,6689,6761
2026-07-31T12:34:12.969297+00:00,13272.430267256,1026.083836,1658138043.2248065,1658138043.8240576,1658138045.4536433,-0.5992510318756104,1.6295857429504395,6692,6764
2026-07-31T12:34:13.568271+00:00,13273.029241404,1026.682810,1658138043.9248545,1658138044.4248369,1658138046.0536742,-0.4999823570251465,1.6288373470306396,6696,6768
2026-07-31T12:34:14.022227+00:00,13273.483198172,1027.136767,1658138044.3248203,1658138044.924857,1658138046.5287387,-0.60003662109375,1.6038818359375,6699,6771
2026-07-31T12:34:14.471456+00:00,13273.932426467,1027.585995,1658138044.8247712,1658138045.3247433,1658138046.9787722,-0.4999721050262451,1.6540288925170898,6702,6774
2026-07-31T12:34:15.075062+00:00,13274.536032675,1028.189601,1658138045.5248554,1658138045.9248455,1658138047.5787451,-0.3999900817871094,1.6538996696472168,6706,6778
2026-07-31T12:34:15.526795+00:00,13274.987766535,1028.641335,1658138045.9248497,1658138046.4249053,1658138048.0287488,-0.5000555515289307,1.6038434505462646,6709,6781
2026-07-31T12:34:15.972895+00:00,13275.433865593,1029.087434,1658138046.324815,1658138046.8243828,1658138048.478763,-0.49956774711608887,1.6543803215026855,6712,6784
2026-07-31T12:34:16.577320+00:00,13276.038290263,1029.691859,1658138046.9247673,1658138047.4247985,1658138049.0787935,-0.5000312328338623,1.6539950370788574,6716,6788
2026-07-31T12:34:17.027008+00:00,13276.487979225,1030.141548,1658138047.2246447,1658138047.924893,1658138049.5288138,-0.7002482414245605,1.6039209365844727,6719,6791
2026-07-31T12:34:17.478495+00:00,13276.939466129,1030.593035,1658138047.7248468,1658138048.324911,1658138049.9788234,-0.6000642776489258,1.6539123058319092,6722,6794
2026-07-31T12:34:18.068195+00:00,13277.529165751,1031.182734,1658138048.1248345,1658138048.924828,1658138050.5538468,-0.7999935150146484,1.629018783569336,6726,6798
2026-07-31T12:34:18.514407+00:00,13277.975378614,1031.628947,1658138048.4247565,1658138049.4245365,1658138051.003867,-0.9997799396514893,1.5793304443359375,6729,6801
2026-07-31T12:34:18.964774+00:00,13278.425745069,1032.079314,1658138048.7248747,1658138049.8242266,1658138051.4538856,-1.0993518829345703,1.6296589374542236,6732,6804
2026-07-31T12:34:19.566363+00:00,13279.027333906,1032.680903,1658138049.324743,1658138050.4246168,1658138052.0539079,-1.0998737812042236,1.62929105758667,6736,6808
2026-07-31T12:34:20.010111+00:00,13279.471081524,1033.124650,1658138049.924926,1658138050.924808,1658138052.503942,-0.9998819828033447,1.5791339874267578,6739,6811
2026-07-31T12:34:20.455551+00:00,13279.916521384,1033.570090,1658138050.6247783,1658138051.3248155,1658138052.9539423,-0.7000372409820557,1.629126787185669,6742,6814
2026-07-31T12:34:21.057188+00:00,13280.518158685,1034.171727,1658138051.4249127,1658138051.9242928,1658138053.5539682,-0.49938011169433594,1.6296753883361816,6746,6818
2026-07-31T12:34:21.513161+00:00,13280.974130999,1034.627700,1658138051.8249087,1658138052.424742,1658138054.004011,-0.5998332500457764,1.5792689323425293,6749,6821
2026-07-31T12:34:21.954297+00:00,13281.415267701,1035.068836,1658138052.3248856,1658138052.8248188,1658138054.454005,-0.49993324279785156,1.6291861534118652,6752,6824
2026-07-31T12:34:22.556878+00:00,13282.017849441,1035.671418,1658138052.9248013,1658138053.4249158,1658138055.0540278,-0.5001144409179688,1.6291120052337646,6756,6828
2026-07-31T12:34:23.008671+00:00,13282.469642291,1036.123211,1658138053.42492,1658138053.924776,1658138055.504055,-0.49985599517822266,1.5792789459228516,6759,6831
2026-07-31T12:34:23.460060+00:00,13282.921031528,1036.574600,1658138053.9248302,1658138054.3248248,1658138055.9540713,-0.3999946117401123,1.629246473312378,6762,6834
2026-07-31T12:34:24.053787+00:00,13283.514757108,1037.168326,1658138054.6249135,1658138054.9249005,1658138056.5540864,-0.2999870777130127,1.6291859149932861,6766,6838
2026-07-31T12:34:24.502248+00:00,13283.963218564,1037.616787,1658138054.9249253,1658138055.4248254,1658138057.0041165,-0.49990010261535645,1.5792911052703857,6769,6841
2026-07-31T12:34:24.949392+00:00,13284.410362624,1038.063931,1658138055.324859,1658138055.8246315,1658138057.4541268,-0.4997725486755371,1.62949538230896,6772,6844
2026-07-31T12:34:25.549431+00:00,13285.010401127,1038.663970,1658138055.8248107,1658138056.4248092,1658138058.0541627,-0.5999984741210938,1.6293535232543945,6776,6848
2026-07-31T12:34:25.992363+00:00,13285.453334576,1039.106903,1658138056.224768,1658138056.824821,1658138058.4791663,-0.600053071975708,1.6543452739715576,6779,6851
2026-07-31T12:34:26.441755+00:00,13285.902726085,1039.556295,1658138056.8248253,1658138057.3249233,1658138058.929214,-0.5000979900360107,1.6042907238006592,6782,6854
2026-07-31T12:34:27.044974+00:00,13286.505944389,1040.159513,1658138057.4247699,1658138057.9247508,1658138059.5292196,-0.4999809265136719,1.604468822479248,6786,6858
2026-07-31T12:34:27.502708+00:00,13286.963678900,1040.617248,1658138057.8247623,1658138058.424774,1658138060.0042317,-0.6000115871429443,1.5794577598571777,6789,6861
2026-07-31T12:34:27.948974+00:00,13287.409945626,1041.063514,1658138058.3248162,1658138058.8248904,1658138060.4542668,-0.5000741481781006,1.6293764114379883,6792,6864
2026-07-31T12:34:28.549079+00:00,13288.010050080,1041.663619,1658138059.0248137,1658138059.4237747,1658138061.0542839,-0.39896106719970703,1.6305091381072998,6796,6868
2026-07-31T12:34:29.002884+00:00,13288.463855375,1042.117424,1658138059.524724,1658138059.9247963,1658138061.5043087,-0.4000723361968994,1.579512357711792,6799,6871
2026-07-31T12:34:29.451550+00:00,13288.912520856,1042.566089,1658138060.0248947,1658138060.3248744,1658138061.9543233,-0.29997968673706055,1.6294488906860352,6802,6874
2026-07-31T12:34:30.056074+00:00,13289.517044518,1043.170613,1658138060.6248214,1658138060.9246972,1658138062.5543418,-0.29987573623657227,1.6296446323394775,6806,6878
2026-07-31T12:34:30.507360+00:00,13289.968330554,1043.621899,1658138061.0249178,1658138061.423669,1658138063.0043616,-0.39875125885009766,1.5806925296783447,6809,6881
2026-07-31T12:34:30.964132+00:00,13290.425101934,1044.078671,1658138061.3247094,1658138061.824885,1658138063.4543746,-0.5001754760742188,1.6294896602630615,6812,6884
2026-07-31T12:34:31.579250+00:00,13291.040220578,1044.693789,1658138061.8248894,1658138062.424823,1658138064.0794547,-0.5999336242675781,1.6546316146850586,6816,6888
2026-07-31T12:34:32.031088+00:00,13291.492057354,1045.145626,1658138062.1247458,1658138062.9247644,1658138064.5294456,-0.8000185489654541,1.6046812534332275,6819,6891
2026-07-31T12:34:32.478288+00:00,13291.939259370,1045.592828,1658138062.4248269,1658138063.3249125,1658138064.9794521,-0.9000856876373291,1.6545395851135254,6822,6894
2026-07-31T12:34:33.079635+00:00,13292.540605705,1046.194174,1658138062.8249283,1658138063.9248195,1658138065.5794625,-1.099891185760498,1.6546430587768555,6826,6898
2026-07-31T12:34:33.532127+00:00,13292.994716675,1046.648285,1658138063.3249164,1658138064.4248097,1658138066.0294726,-1.09989333152771,1.6046628952026367,6829,6901
2026-07-31T12:34:33.978871+00:00,13293.441460913,1047.095030,1658138064.2247734,1658138064.8224752,1658138066.4794962,-0.5977017879486084,1.6570210456848145,6832,6904
2026-07-31T12:34:34.580087+00:00,13294.042677815,1047.696246,1658138065.0248551,1658138065.5245628,1658138067.0795279,-0.4997076988220215,1.5549650192260742,6836,6908
2026-07-31T12:34:35.030287+00:00,13294.492877472,1048.146446,1658138065.6247103,1658138065.9244008,1658138067.5295463,-0.29969048500061035,1.6051454544067383,6839,6911
2026-07-31T12:34:35.486401+00:00,13294.948990599,1048.602559,1658138065.924842,1658138066.3248327,1658138067.9795501,-0.3999907970428467,1.6547174453735352,6842,6914
2026-07-31T12:34:36.083651+00:00,13295.546240882,1049.199810,1658138066.3248372,1658138067.0248501,1658138068.5795836,-0.7000129222869873,1.5547335147857666,6846,6918
2026-07-31T12:34:36.530427+00:00,13295.993016597,1049.646585,1658138066.624872,1658138067.4241564,1658138069.0295916,-0.7992844581604004,1.6054351329803467,6849,6921
2026-07-31T12:34:36.980653+00:00,13296.443242942,1050.096812,1658138066.9247742,1658138067.8248467,1658138069.4796147,-0.9000725746154785,1.6547679901123047,6852,6924
2026-07-31T12:34:37.591640+00:00,13297.054230377,1050.707799,1658138067.4247475,1658138068.5244312,1658138070.0796406,-1.0996837615966797,1.5552093982696533,6856,6928
2026-07-31T12:34:38.039239+00:00,13297.501829511,1051.155398,1658138068.1247435,1658138068.9247515,1658138070.5296502,-0.8000080585479736,1.6048986911773682,6859,6931
2026-07-31T12:34:38.485903+00:00,13297.948493608,1051.602062,1658138068.9247682,1658138069.4248347,1658138070.9796712,-0.5000665187835693,1.5548365116119385,6862,6934
2026-07-31T12:34:39.084953+00:00,13298.547541032,1052.201110,1658138069.4248471,1658138070.0248947,1658138071.579699,-0.6000475883483887,1.5548043251037598,6866,6938
2026-07-31T12:34:39.537686+00:00,13299.000276315,1052.653845,1658138069.724774,1658138070.4244905,1658138072.029715,-0.6997165679931641,1.605224609375,6869,6941
2026-07-31T12:34:39.983312+00:00,13299.445902104,1053.099471,1658138070.2248304,1658138070.9247494,1658138072.4797351,-0.6999189853668213,1.554985761642456,6872,6944
2026-07-31T12:34:40.582948+00:00,13300.045537171,1053.699106,1658138070.6248095,1658138071.5248847,1658138073.0797467,-0.9000751972198486,1.5548620223999023,6876,6948
2026-07-31T12:34:41.036730+00:00,13300.499320666,1054.152889,1658138071.2246282,1658138071.9247637,1658138073.5297825,-0.7001354694366455,1.6050188541412354,6879,6951
2026-07-31T12:34:41.492103+00:00,13300.954693390,1054.608262,1658138071.9247682,1658138072.424632,1658138073.979791,-0.499863862991333,1.5551588535308838,6882,6954
2026-07-31T12:34:42.092062+00:00,13301.554652284,1055.208221,1658138072.5247283,1658138073.0249271,1658138074.5798166,-0.5001988410949707,1.554889440536499,6886,6958
2026-07-31T12:34:42.536628+00:00,13301.999217892,1055.652787,1658138073.1247692,1658138073.4248867,1658138075.029829,-0.30011749267578125,1.6049423217773438,6889,6961
2026-07-31T12:34:42.986825+00:00,13302.449415663,1056.102984,1658138073.5247285,1658138073.9248512,1658138075.4798622,-0.40012264251708984,1.5550110340118408,6892,6964
2026-07-31T12:34:43.443388+00:00,13302.905978693,1056.559547,1658138074.0248065,1658138074.3248734,1658138075.9298718,-0.3000669479370117,1.6049983501434326,6895,6967
2026-07-31T12:34:44.041510+00:00,13303.504100248,1057.157669,1658138074.5248122,1658138074.92478,1658138076.5298867,-0.39996767044067383,1.6051068305969238,6899,6971
2026-07-31T12:34:44.495238+00:00,13303.957827988,1057.611397,1658138074.9248257,1658138075.4229918,1658138077.0049665,-0.4981660842895508,1.581974744796753,6902,6974
2026-07-31T12:34:44.943266+00:00,13304.405855591,1058.059424,1658138075.4247282,1658138075.8243287,1658138077.4299319,-0.3996005058288574,1.6056032180786133,6905,6977
2026-07-31T12:34:45.551898+00:00,13305.014488588,1058.668057,1658138075.9249175,1658138076.4247317,1658138078.0549607,-0.4998142719268799,1.6302289962768555,6909,6981
2026-07-31T12:34:45.996447+00:00,13305.459037917,1059.112607,1658138076.4247441,1658138076.9249246,1658138078.5049827,-0.5001804828643799,1.5800580978393555,6912,6984
2026-07-31T12:34:46.446474+00:00,13305.909063636,1059.562632,1658138076.8247263,1658138077.3248203,1658138078.954992,-0.500093936920166,1.630171775817871,6915,6987
2026-07-31T12:34:47.046665+00:00,13306.509254400,1060.162823,1658138077.5248525,1658138077.9245431,1658138079.5550175,-0.3996906280517578,1.630474328994751,6919,6991
2026-07-31T12:34:47.498523+00:00,13306.961112396,1060.614681,1658138078.0249257,1658138078.4247062,1658138080.0050304,-0.3997805118560791,1.5803241729736328,6922,6994
2026-07-31T12:34:47.947209+00:00,13307.409798577,1061.063367,1658138078.4248312,1658138078.8245819,1658138080.4550827,-0.3997507095336914,1.6305007934570312,6925,6997
2026-07-31T12:34:48.546009+00:00,13308.008598830,1061.662167,1658138078.92491,1658138079.424801,1658138081.0550714,-0.4998910427093506,1.63027024269104,6929,7001
2026-07-31T12:34:48.991660+00:00,13308.454249991,1062.107819,1658138079.3248646,1658138079.9248407,1658138081.480095,-0.5999760627746582,1.5552542209625244,6932,7004
2026-07-31T12:34:49.442177+00:00,13308.904765886,1062.558335,1658138079.724847,1658138080.3248134,1658138081.9301198,-0.599966287612915,1.6053063869476318,6935,7007
2026-07-31T12:34:50.040119+00:00,13309.502708008,1063.156277,1658138080.424911,1658138080.92484,1658138082.5301454,-0.49992895126342773,1.6053054332733154,6939,7011
2026-07-31T12:34:50.493908+00:00,13309.956497259,1063.610066,1658138080.9248567,1658138081.4244242,1658138082.980204,-0.49956750869750977,1.5557799339294434,6942,7014
2026-07-31T12:34:50.940855+00:00,13310.403445587,1064.057014,1658138081.224784,1658138081.823609,1658138083.4301722,-0.598825216293335,1.6065630912780762,6945,7017
2026-07-31T12:34:51.542267+00:00,13311.004857300,1064.658426,1658138081.624773,1658138082.4248273,1658138084.0301957,-0.8000543117523193,1.6053683757781982,6949,7021
2026-07-31T12:34:51.995668+00:00,13311.458258303,1065.111827,1658138082.1248782,1658138082.924789,1658138084.5052044,-0.7999107837677002,1.5804154872894287,6952,7024
2026-07-31T12:34:52.446619+00:00,13311.909209492,1065.562778,1658138082.5249207,1658138083.3248715,1658138084.955232,-0.7999508380889893,1.6303603649139404,6955,7027
2026-07-31T12:34:53.050687+00:00,13312.513276449,1066.166845,1658138083.124828,1658138083.9247828,1658138085.5552561,-0.7999546527862549,1.6304733753204346,6959,7031
2026-07-31T12:34:53.509547+00:00,13312.972136588,1066.625705,1658138083.824721,1658138084.4248145,1658138086.0052881,-0.6000933647155762,1.5804736614227295,6962,7034
2026-07-31T12:34:53.955867+00:00,13313.418457079,1067.072026,1658138084.324726,1658138084.82426,1658138086.4552884,-0.49953389167785645,1.631028413772583,6965,7037
2026-07-31T12:34:54.556301+00:00,13314.018890978,1067.672460,1658138085.1248157,1658138085.4248655,1658138087.0553222,-0.3000497817993164,1.6304566860198975,6969,7041
2026-07-31T12:34:55.013773+00:00,13314.476362824,1068.129931,1658138085.7249196,1658138085.9246047,1658138087.5053346,-0.19968509674072266,1.5807299613952637,6972,7044
2026-07-31T12:34:55.468073+00:00,13314.930662935,1068.584232,1658138086.1248944,1658138086.3246403,1658138087.9553492,-0.19974589347839355,1.630708932876587,6975,7047
2026-07-31T12:34:56.063849+00:00,13315.526438383,1069.180007,1658138086.6248443,1658138086.9234972,1658138088.5553741,-0.29865288734436035,1.6318769454956055,6979,7051
2026-07-31T12:34:56.514808+00:00,13315.977398248,1069.630967,1658138087.1249259,1658138087.424918,1658138089.005387,-0.29999208450317383,1.5804691314697266,6982,7054
2026-07-31T12:34:56.962723+00:00,13316.425313109,1070.078882,1658138087.524766,1658138087.824915,1658138089.4554086,-0.30014896392822266,1.6304936408996582,6985,7057
2026-07-31T12:34:57.570567+00:00,13317.033156245,1070.686725,1658138088.0248609,1658138088.4247737,1658138090.0804358,-0.39991283416748047,1.6556620597839355,6989,7061
2026-07-31T12:34:58.021837+00:00,13317.484426949,1071.137996,1658138088.3249247,1658138088.9248338,1658138090.530455,-0.5999090671539307,1.605621337890625,6992,7064
2026-07-31T12:34:58.471954+00:00,13317.934544165,1071.588113,1658138088.824767,1658138089.3243032,1658138090.9804642,-0.49953603744506836,1.6561610698699951,6995,7067
2026-07-31T12:34:59.067801+00:00,13318.530391588,1072.183960,1658138089.4247704,1658138089.924645,1658138091.555608,-0.4998745918273926,1.6309630870819092,6999,7071
2026-07-31T12:34:59.525843+00:00,13318.988432906,1072.642002,1658138089.8247607,1658138090.4242878,1658138092.0306375,-0.59952712059021,1.6063497066497803,7002,7074
2026-07-31T12:34:59.974125+00:00,13319.436715251,1073.090284,1658138090.5248616,1658138090.824649,1658138092.4806533,-0.2997875213623047,1.6560041904449463,7005,7077
2026-07-31T12:35:00.577077+00:00,13320.039667307,1073.693236,1658138091.1247656,1658138091.4248424,1658138093.0805604,-0.3000767230987549,1.6557180881500244,7009,7081
2026-07-31T12:35:01.028273+00:00,13320.490863401,1074.144432,1658138091.5247672,1658138091.9240167,1658138093.5305896,-0.3992495536804199,1.6065728664398193,7012,7084
2026-07-31T12:35:01.491701+00:00,13320.954291525,1074.607860,1658138091.9247234,1658138092.4247098,1658138093.980596,-0.4999864101409912,1.5558862686157227,7015,7087
2026-07-31T12:35:02.081616+00:00,13321.544205838,1075.197774,1658138092.6247048,1658138093.0241225,1658138094.5806203,-0.3994176387786865,1.5564978122711182,7019,7091
2026-07-31T12:35:02.525917+00:00,13321.988507080,1075.642076,1658138093.024809,1658138093.4248152,1658138095.0306253,-0.4000062942504883,1.6058101654052734,7022,7094
2026-07-31T12:35:02.973135+00:00,13322.435725026,1076.089294,1658138093.5248997,1658138093.8247845,1658138095.480654,-0.2998847961425781,1.655869483947754,7025,7097
2026-07-31T12:35:03.572605+00:00,13323.035899782,1076.689468,1658138093.9247794,1658138094.422286,1658138096.0806758,-0.49750661849975586,1.6583898067474365,7029,7101
2026-07-31T12:35:04.026740+00:00,13323.490035268,1077.143604,1658138094.224745,1658138094.924838,1658138096.5307026,-0.7000930309295654,1.6058645248413086,7032,7104
2026-07-31T12:35:04.474718+00:00,13323.938010961,1077.591580,1658138094.6247253,1658138095.3242633,1658138096.9807055,-0.699537992477417,1.6564421653747559,7035,7107
2026-07-31T12:35:05.069277+00:00,13324.532572020,1078.186141,1658138095.024825,1658138095.9248405,1658138097.555744,-0.9000153541564941,1.6309034824371338,7039,7111
2026-07-31T12:35:05.523032+00:00,13324.986326577,1078.639895,1658138095.6248486,1658138096.4246323,1658138098.0308428,-0.7997837066650391,1.606210470199585,7042,7114
2026-07-31T12:35:05.977410+00:00,13325.440704946,1079.094274,1658138096.424736,1658138096.8248413,1658138098.4807749,-0.40010523796081543,1.6559336185455322,7045,7117
2026-07-31T12:35:06.575195+00:00,13326.038489396,1079.692058,1658138096.9248042,1658138097.4246907,1658138099.0807915,-0.49988651275634766,1.6561007499694824,7049,7121
2026-07-31T12:35:07.024181+00:00,13326.487476639,1080.141045,1658138097.6248994,1658138097.9247992,1658138099.530817,-0.2998998165130615,1.606017827987671,7052,7124
2026-07-31T12:35:07.475316+00:00,13326.938609362,1080.592178,1658138098.024723,1658138098.3248298,1658138099.9809153,-0.3001067638397217,1.65608549118042,7055,7127
2026-07-31T12:35:08.080836+00:00,13327.544130223,1081.197699,1658138098.6248748,1658138099.0247297,1658138100.580918,-0.3998548984527588,1.5561883449554443,7059,7131
2026-07-31T12:35:08.535882+00:00,13327.999176316,1081.652745,1658138099.2245479,1658138099.4246726,1658138101.03095,-0.20012474060058594,1.6062774658203125,7062,7134
2026-07-31T12:35:08.988083+00:00,13328.451378315,1082.104947,1658138099.624907,1658138099.9249096,1658138101.480895,-0.3000025749206543,1.555985450744629,7065,7137
2026-07-31T12:35:09.443489+00:00,13328.906784530,1082.560353,1658138100.1248753,1658138100.3246055,1658138101.930916,-0.19973015785217285,1.6063106060028076,7068,7140
2026-07-31T12:35:10.042390+00:00,13329.505683590,1083.159252,1658138100.7248225,1658138100.9247558,1658138102.5309486,-0.19993329048156738,1.6061928272247314,7072,7144
2026-07-31T12:35:10.491375+00:00,13329.954670560,1083.608239,1658138101.1248178,1658138101.4247205,1658138102.981052,-0.29990267753601074,1.5563313961029053,7075,7147
2026-07-31T12:35:11.093796+00:00,13330.557091378,1084.210660,1658138101.6248405,1658138102.024818,1658138103.580993,-0.399977445602417,1.5561749935150146,7079,7151
2026-07-31T12:35:11.554740+00:00,13331.018033841,1084.671602,1658138102.0248263,1658138102.4246893,1658138104.0560117,-0.39986300468444824,1.6313223838806152,7082,7154
2026-07-31T12:35:12.001384+00:00,13331.464679035,1085.118248,1658138102.4247062,1658138102.9249024,1658138104.506016,-0.5001962184906006,1.581113576889038,7085,7157
2026-07-31T12:35:12.448357+00:00,13331.911651585,1085.565220,1658138102.7248447,1658138103.3245442,1658138104.9560494,-0.5996994972229004,1.6315052509307861,7088,7160
2026-07-31T12:35:13.050537+00:00,13332.513831078,1086.167400,1658138103.4249313,1658138103.9247274,1658138105.556071,-0.49979615211486816,1.6313436031341553,7092,7164
2026-07-31T12:35:13.508041+00:00,13332.971335641,1086.624904,1658138103.8249056,1658138104.4248583,1658138106.006082,-0.5999526977539062,1.581223726272583,7095,7167
2026-07-31T12:35:13.958313+00:00,13333.421607453,1087.075176,1658138104.3247786,1658138104.8246171,1658138106.4560938,-0.49983859062194824,1.631476640701294,7098,7170
2026-07-31T12:35:14.549074+00:00,13334.012368599,1087.665937,1658138105.0248241,1658138105.4248598,1658138107.0561519,-0.4000356197357178,1.6312921047210693,7102,7174
2026-07-31T12:35:15.007078+00:00,13334.470372648,1088.123941,1658138105.3248153,1658138105.9247317,1658138107.5061538,-0.5999164581298828,1.5814220905303955,7105,7177
2026-07-31T12:35:15.458246+00:00,13334.921539599,1088.575108,1658138105.724818,1658138106.3248086,1658138107.956163,-0.5999906063079834,1.6313543319702148,7108,7180
2026-07-31T12:35:16.054665+00:00,13335.517959548,1089.171528,1658138106.3248131,1658138106.92489,1658138108.55622,-0.6000769138336182,1.6313300132751465,7112,7184
2026-07-31T12:35:16.505077+00:00,13335.968370948,1089.621940,1658138106.624866,1658138107.4248984,1658138109.0061972,-0.800032377243042,1.581298828125,7115,7187
2026-07-31T12:35:16.950910+00:00,13336.414204654,1090.067773,1658138107.1248164,1658138107.824634,1658138109.456222,-0.6998176574707031,1.6315879821777344,7118,7190
2026-07-31T12:35:17.551020+00:00,13337.014315032,1090.667884,1658138107.8247588,1658138108.4246883,1658138110.056241,-0.5999295711517334,1.6315526962280273,7122,7194
2026-07-31T12:35:18.001169+00:00,13337.464463723,1091.118032,1658138108.1249278,1658138108.9245849,1658138110.5062666,-0.7996571063995361,1.581681728363037,7125,7197
2026-07-31T12:35:18.444463+00:00,13337.907757641,1091.561326,1658138108.8248296,1658138109.324724,1658138110.9312885,-0.499894380569458,1.6065645217895508,7128,7200
2026-07-31T12:35:19.042806+00:00,13338.506100931,1092.159670,1658138109.3248115,1658138109.9246414,1658138111.5313175,-0.599829912185669,1.6066761016845703,7132,7204
2026-07-31T12:35:19.497443+00:00,13338.960737443,1092.614306,1658138109.6248343,1658138110.4247046,1658138112.006313,-0.7998702526092529,1.581608533859253,7135,7207
2026-07-31T12:35:19.945975+00:00,13339.409269634,1093.062838,1658138110.224647,1658138110.8248663,1658138112.456353,-0.6002192497253418,1.6314866542816162,7138,7210
2026-07-31T12:35:20.549026+00:00,13340.012320962,1093.665890,1658138111.0248492,1658138111.4246924,1658138113.0563667,-0.3998432159423828,1.6316742897033691,7142,7214
2026-07-31T12:35:21.004215+00:00,13340.467509584,1094.121078,1658138111.524917,1658138111.9249115,1658138113.5063827,-0.3999946117401123,1.5814712047576904,7145,7217
2026-07-31T12:35:21.462363+00:00,13340.925657729,1094.579226,1658138111.9249156,1658138112.3248343,1658138113.95641,-0.399918794631958,1.631575584411621,7148,7220
2026-07-31T12:35:22.064932+00:00,13341.528226668,1095.181795,1658138112.4249163,1658138112.9247386,1658138114.5564296,-0.49982237815856934,1.6316909790039062,7152,7224
2026-07-31T12:35:22.509020+00:00,13341.972314695,1095.625883,1658138112.824905,1658138113.4236362,1658138115.0064507,-0.598731279373169,1.5828144550323486,7155,7227
2026-07-31T12:35:22.961136+00:00,13342.424430484,1096.077999,1658138113.1249242,1658138113.8247728,1658138115.456471,-0.6998486518859863,1.6316981315612793,7158,7230
2026-07-31T12:35:23.563948+00:00,13343.027242917,1096.680812,1658138113.8249102,1658138114.424902,1658138116.0564997,-0.5999917984008789,1.6315977573394775,7162,7234
2026-07-31T12:35:24.015337+00:00,13343.478630523,1097.132199,1658138114.224719,1658138114.9247513,1658138116.5065112,-0.7000322341918945,1.5817599296569824,7165,7237
2026-07-31T12:35:24.461410+00:00,13343.924705055,1097.578274,1658138114.7248223,1658138115.3247259,1658138116.9565222,-0.5999035835266113,1.6317963600158691,7168,7240
2026-07-31T12:35:25.062318+00:00,13344.525612451,1098.179181,1658138115.424903,1658138115.9248376,1658138117.5565434,-0.49993467330932617,1.6317057609558105,7172,7244
2026-07-31T12:35:25.521083+00:00,13344.984377291,1098.637946,1658138115.9248416,1658138116.4247391,1658138118.0315647,-0.49989748001098633,1.606825590133667,7175,7247
2026-07-31T12:35:25.971425+00:00,13345.434719456,1099.088288,1658138116.3249083,1658138116.8247797,1658138118.4815993,-0.49987149238586426,1.6568195819854736,7178,7250
2026-07-31T12:35:26.574433+00:00,13346.037727843,1099.691296,1658138116.8248296,1658138117.4228294,1658138119.0816245,-0.5979998111724854,1.6587951183319092,7182,7254
2026-07-31T12:35:27.064294+00:00,13346.527589383,1100.181158,1658138117.2248313,1658138117.9247413,1658138119.556627,-0.6999099254608154,1.6318857669830322,7185,7257
2026-07-31T12:35:27.515535+00:00,13346.978828719,1100.632397,1658138117.6247134,1658138118.424922,1658138120.006663,-0.800208568572998,1.5817410945892334,7188,7260
2026-07-31T12:35:27.966521+00:00,13347.429814784,1101.083383,1658138117.9247456,1658138118.8241289,1658138120.4566967,-0.8993833065032959,1.6325678825378418,7191,7263
2026-07-31T12:35:28.573553+00:00,13348.036848592,1101.690417,1658138118.7248223,1658138119.42476,1658138121.081692,-0.6999378204345703,1.6569318771362305,7195,7267
2026-07-31T12:35:29.023912+00:00,13348.487206504,1102.140775,1658138119.2245097,1658138119.9247518,1658138121.5317144,-0.7002420425415039,1.6069626808166504,7198,7270
2026-07-31T12:35:29.474141+00:00,13348.937435712,1102.591004,1658138119.7248256,1658138120.3247595,1658138121.9817371,-0.5999338626861572,1.656977653503418,7201,7273
2026-07-31T12:35:30.079940+00:00,13349.543235175,1103.196804,1658138120.4248612,1658138121.0243719,1658138122.5817866,-0.599510669708252,1.5574147701263428,7205,7277
2026-07-31T12:35:30.524660+00:00,13349.987955267,1103.641524,1658138120.9249196,1658138121.424685,1658138123.031796,-0.49976539611816406,1.6071109771728516,7208,7280
2026-07-31T12:35:30.970241+00:00,13350.433535284,1104.087104,1658138121.3248715,1658138121.8248086,1658138123.4567957,-0.4999370574951172,1.6319870948791504,7211,7283
2026-07-31T12:35:31.577457+00:00,13351.040752219,1104.694321,1658138122.024749,1658138122.4248114,1658138124.0818167,-0.40006232261657715,1.6570053100585938,7215,7287
2026-07-31T12:35:32.024921+00:00,13351.488216149,1105.141785,1658138122.6247523,1658138122.924769,1658138124.5318289,-0.3000166416168213,1.6070599555969238,7218,7290
2026-07-31T12:35:32.462476+00:00,13351.925771046,1105.579340,1658138123.1248062,1658138123.3247168,1658138124.9568455,-0.19991064071655273,1.6321287155151367,7221,7293
2026-07-31T12:35:33.063102+00:00,13352.526395945,1106.179965,1658138123.5248091,1658138123.922995,1658138125.5568678,-0.39818596839904785,1.6338727474212646,7225,7297
2026-07-31T12:35:33.513756+00:00,13352.978599528,1106.632168,1658138124.0247378,1658138124.4226532,1658138126.0069623,-0.3979153633117676,1.5843091011047363,7228,7300
2026-07-31T12:35:33.960443+00:00,13353.425286412,1107.078855,1658138124.4247699,1658138124.8247619,1658138126.4569185,-0.3999919891357422,1.6321566104888916,7231,7303
2026-07-31T12:35:34.560107+00:00,13354.024949807,1107.678518,1658138124.9248607,1658138125.4247072,1658138127.0569422,-0.4998464584350586,1.632235050201416,7235,7307
2026-07-31T12:35:35.012027+00:00,13354.476870710,1108.130439,1658138125.6248195,1658138125.9208233,1658138127.5069582,-0.2960038185119629,1.586134910583496,7238,7310
2026-07-31T12:35:35.469455+00:00,13354.934297983,1108.587867,1658138126.024718,1658138126.324843,1658138127.9569643,-0.3001248836517334,1.6321213245391846,7241,7313
2026-07-31T12:35:36.066687+00:00,13355.531529791,1109.185098,1658138126.6247392,1658138126.9242644,1658138128.557014,-0.29952526092529297,1.6327495574951172,7245,7317
2026-07-31T12:35:36.511660+00:00,13355.976503665,1109.630072,1658138127.224773,1658138127.4242191,1658138129.007013,-0.1994462013244629,1.582793951034546,7248,7320
2026-07-31T12:35:36.962112+00:00,13356.426955991,1110.080525,1658138127.52492,1658138127.8249211,1658138129.457029,-0.3000011444091797,1.6321079730987549,7251,7323
2026-07-31T12:35:37.574290+00:00,13357.039132792,1110.692701,1658138128.0248616,1658138128.4244125,1658138130.08205,-0.3995509147644043,1.657637596130371,7255,7327
2026-07-31T12:35:38.022163+00:00,13357.487006230,1111.140575,1658138128.5247722,1658138128.9234288,1658138130.5320666,-0.39865660667419434,1.608637809753418,7258,7330
2026-07-31T12:35:38.471740+00:00,13357.936583348,1111.590152,1658138128.824918,1658138129.3248973,1658138130.9820852,-0.49997925758361816,1.6571879386901855,7261,7333
2026-07-31T12:35:39.069318+00:00,13358.534160977,1112.187730,1658138129.5248225,1658138129.9248686,1658138131.5570974,-0.40004611015319824,1.6322288513183594,7265,7337
2026-07-31T12:35:39.528021+00:00,13358.992864020,1112.646433,1658138129.9249141,1658138130.4247003,1658138132.0321348,-0.4997861385345459,1.6074345111846924,7268,7340
2026-07-31T12:35:39.976834+00:00,13359.441677350,1113.095246,1658138130.324906,1658138130.823467,1658138132.4822176,-0.49856090545654297,1.6587505340576172,7271,7343
2026-07-31T12:35:40.585457+00:00,13360.050301322,1113.703870,1658138131.0249188,1658138131.5247102,1658138133.08217,-0.49979138374328613,1.557459831237793,7275,7347
2026-07-31T12:35:41.038268+00:00,13360.503112093,1114.156681,1658138131.5247393,1658138131.924389,1658138133.5321805,-0.39964962005615234,1.6077916622161865,7278,7350
2026-07-31T12:35:41.493611+00:00,13360.958454431,1114.612023,1658138131.9248254,1658138132.4247513,1658138133.9821973,-0.4999258518218994,1.557446002960205,7281,7353
2026-07-31T12:35:41.945390+00:00,13361.410234228,1115.063803,1658138132.3249164,1658138132.8247058,1658138134.4572237,-0.4997894763946533,1.6325178146362305,7284,7356
2026-07-31T12:35:42.547053+00:00,13362.011896594,1115.665465,1658138132.9248533,1658138133.4231641,1658138135.0572476,-0.49831080436706543,1.6340835094451904,7288,7360
2026-07-31T12:35:42.993919+00:00,13362.458762569,1116.112331,1658138133.3248315,1658138133.9243994,1658138135.4822512,-0.5995678901672363,1.557851791381836,7291,7363
2026-07-31T12:35:43.441579+00:00,13362.906422383,1116.559991,1658138134.0248344,1658138134.3248038,1658138135.9322705,-0.2999694347381592,1.607466697692871,7294,7366
2026-07-31T12:35:44.035353+00:00,13363.500195727,1117.153764,1658138134.7247543,1658138134.9248145,1658138136.5322986,-0.20006012916564941,1.6074841022491455,7298,7370
2026-07-31T12:35:44.486273+00:00,13363.951117653,1117.604686,1658138135.0249124,1658138135.4249113,1658138136.9823139,-0.39999890327453613,1.5574026107788086,7301,7373
2026-07-31T12:35:45.082396+00:00,13364.547240015,1118.200809,1658138135.524748,1658138136.024835,1658138137.5823457,-0.5000870227813721,1.5575106143951416,7305,7377
2026-07-31T12:35:45.535305+00:00,13365.000148392,1118.653717,1658138135.9247653,1658138136.42458,1658138138.032401,-0.4998147487640381,1.607820987701416,7308,7380
2026-07-31T12:35:45.981900+00:00,13365.446744362,1119.100313,1658138136.3248172,1658138136.9248393,1658138138.4823797,-0.6000220775604248,1.5575404167175293,7311,7383
2026-07-31T12:35:46.580208+00:00,13366.045051824,1119.698620,1658138137.0248213,1658138137.5247629,1658138139.082396,-0.4999415874481201,1.5576331615447998,7315,7387
2026-07-31T12:35:47.033082+00:00,13366.497926010,1120.151495,1658138137.42476,1658138137.9247172,1658138139.5324235,-0.4999570846557617,1.6077063083648682,7318,7390
2026-07-31T12:35:47.484753+00:00,13366.949596668,1120.603165,1658138138.024912,1658138138.4242976,1658138139.9824417,-0.3993854522705078,1.5581440925598145,7321,7393
2026-07-31T12:35:48.081619+00:00,13367.546462839,1121.200031,1658138138.6249156,1658138139.023823,1658138140.5824685,-0.3989074230194092,1.558645486831665,7325,7397
2026-07-31T12:35:48.538235+00:00,13368.003078752,1121.656647,1658138139.0247555,1658138139.4248762,1658138141.0325193,-0.40012073516845703,1.6076431274414062,7328,7400
2026-07-31T12:35:48.989316+00:00,13368.454158588,1122.107727,1658138139.4248805,1658138139.924812,1658138141.4825013,-0.49993157386779785,1.5576891899108887,7331,7403
2026-07-31T12:35:49.583205+00:00,13369.048048352,1122.701617,1658138140.1247227,1658138140.5249193,1658138142.0825398,-0.40019655227661133,1.5576205253601074,7335,7407
2026-07-31T12:35:50.034703+00:00,13369.499546067,1123.153115,1658138140.6247623,1658138140.9248922,1658138142.532553,-0.30012989044189453,1.6076607704162598,7338,7410
2026-07-31T12:35:50.483959+00:00,13369.948803549,1123.602372,1658138140.9248965,1658138141.4245932,1658138142.9825785,-0.4996967315673828,1.5579853057861328,7341,7413
2026-07-31T12:35:51.081197+00:00,13370.546039951,1124.199609,1658138141.4248128,1658138142.0240433,1658138143.5826013,-0.5992305278778076,1.5585579872131348,7345,7417
2026-07-31T12:35:51.532660+00:00,13370.997503396,1124.651072,1658138141.7248375,1658138142.4248283,1658138144.0326195,-0.6999907493591309,1.6077911853790283,7348,7420
2026-07-31T12:35:51.982812+00:00,13371.447655326,1125.101224,1658138142.0248358,1658138142.924635,1658138144.4826396,-0.899799108505249,1.55800461769104,7351,7423
2026-07-31T12:35:52.581978+00:00,13372.046821530,1125.700390,1658138142.5247333,1658138143.5239213,1658138145.0826674,-0.9991879463195801,1.558746099472046,7355,7427
2026-07-31T12:35:53.034390+00:00,13372.499233270,1126.152802,1658138143.1247764,1658138143.9248314,1658138145.5326695,-0.8000550270080566,1.6078381538391113,7358,7430
2026-07-31T12:35:53.487084+00:00,13372.951927898,1126.605497,1658138143.524753,1658138144.4245706,1658138145.9826994,-0.8998174667358398,1.558128833770752,7361,7433
2026-07-31T12:35:54.080039+00:00,13373.544881268,1127.198450,1658138144.524805,1658138145.024916,1658138146.5827374,-0.5001108646392822,1.55782151222229,7365,7437
2026-07-31T12:35:54.524660+00:00,13373.989503348,1127.643072,1658138144.8248582,1658138145.4227555,1658138147.0327485,-0.5978972911834717,1.6099929809570312,7368,7440
2026-07-31T12:35:54.968665+00:00,13374.433508659,1128.087077,1658138145.4248192,1658138145.8241446,1658138147.4577682,-0.3993253707885742,1.6336236000061035,7371,7443
2026-07-31T12:35:55.563763+00:00,13375.028606713,1128.682175,1658138145.8249357,1658138146.4240344,1658138148.057794,-0.5990986824035645,1.6337597370147705,7375,7447
2026-07-31T12:35:56.012057+00:00,13375.476900343,1129.130469,1658138146.224639,1658138146.9244053,1658138148.5077744,-0.6997663974761963,1.5833690166473389,7378,7450
2026-07-31T12:35:56.455958+00:00,13375.920801962,1129.574371,1658138146.6247387,1658138147.324917,1658138148.9578776,-0.7001783847808838,1.632960557937622,7381,7453
2026-07-31T12:35:57.050458+00:00,13376.515300591,1130.168869,1658138147.3249214,1658138147.9234624,1658138149.5578654,-0.5985410213470459,1.6344029903411865,7385,7457
2026-07-31T12:35:57.511680+00:00,13376.976523990,1130.630093,1658138148.1248085,1658138148.4248462,1658138150.0078952,-0.3000376224517822,1.5830490589141846,7388,7460
2026-07-31T12:35:57.953966+00:00,13377.418809272,1131.072378,1658138148.524804,1658138148.8201716,1658138150.4579048,-0.2953674793243408,1.6377332210540771,7391,7463
2026-07-31T12:35:58.551582+00:00,13378.016425281,1131.669994,1658138149.1248448,1658138149.4227674,1658138151.0579324,-0.29792261123657227,1.6351649761199951,7395,7467
2026-07-31T12:35:58.996348+00:00,13378.461191436,1132.114760,1658138149.524747,1658138149.9246125,1658138151.5079422,-0.39986562728881836,1.583329677581787,7398,7470
2026-07-31T12:35:59.450647+00:00,13378.915490468,1132.569059,1658138149.8247604,1658138150.3249211,1658138151.9579656,-0.5001606941223145,1.6330444812774658,7401,7473
2026-07-31T12:36:00.049837+00:00,13379.514681085,1133.168250,1658138150.3249254,1658138150.9193864,1658138152.5579896,-0.5944609642028809,1.6386032104492188,7405,7477
2026-07-31T12:36:00.497732+00:00,13379.962574764,1133.616143,1658138150.6249228,1658138151.4248276,1658138153.0080106,-0.7999048233032227,1.5831830501556396,7408,7480
2026-07-31T12:36:00.945034+00:00,13380.409875676,1134.063444,1658138151.124735,1658138151.8247125,1658138153.4330344,-0.6999773979187012,1.6083219051361084,7411,7483
2026-07-31T12:36:01.540821+00:00,13381.005659783,1134.659228,1658138151.724867,1658138152.424211,1658138154.0330102,-0.6993439197540283,1.6087992191314697,7415,7487
2026-07-31T12:36:01.996917+00:00,13381.461760215,1135.115329,1658138152.1248562,1658138152.9232035,1658138154.5080636,-0.7983472347259521,1.58486008644104,7418,7490
2026-07-31T12:36:02.443943+00:00,13381.908785576,1135.562354,1658138152.5248475,1658138153.324859,1658138154.9331174,-0.800011396408081,1.6082584857940674,7421,7493
2026-07-31T12:36:03.044477+00:00,13382.509320438,1136.162889,1658138153.1247482,1658138153.9223094,1658138155.5331764,-0.7975611686706543,1.6108670234680176,7425,7497
2026-07-31T12:36:03.492569+00:00,13382.958721558,1136.612290,1658138153.524925,1658138154.4216354,1658138155.983247,-0.8967103958129883,1.5616116523742676,7428,7500
2026-07-31T12:36:04.090607+00:00,13383.556758345,1137.210327,1658138154.3249166,1658138155.0237966,1658138156.5831528,-0.6988799571990967,1.5593562126159668,7432,7504
2026-07-31T12:36:04.534869+00:00,13384.001020583,1137.654589,1658138155.124912,1658138155.420107,1658138157.0331662,-0.2951948642730713,1.6130592823028564,7435,7507
2026-07-31T12:36:04.979809+00:00,13384.445960754,1138.099529,1658138155.5248446,1658138155.9244483,1658138157.4831986,-0.39960360527038574,1.5587503910064697,7438,7510
2026-07-31T12:36:05.575931+00:00,13385.042082928,1138.695652,1658138156.2244627,1658138156.422949,1658138158.0832636,-0.198486328125,1.6603145599365234,7442,7514
2026-07-31T12:36:06.030761+00:00,13385.496911929,1139.150481,1658138156.6249273,1658138156.922325,1658138158.5332482,-0.2973976135253906,1.6109232902526855,7445,7517
2026-07-31T12:36:06.474947+00:00,13385.941097523,1139.594666,1658138157.024818,1658138157.324845,1658138158.9833522,-0.30002713203430176,1.6585071086883545,7448,7520
2026-07-31T12:36:07.075354+00:00,13386.541505040,1140.195074,1658138157.524902,1658138158.02482,1658138159.583299,-0.49991798400878906,1.558478832244873,7452,7524
2026-07-31T12:36:07.526642+00:00,13386.992794104,1140.646363,1658138157.9247453,1658138158.4247406,1658138160.0332825,-0.49999523162841797,1.6085419654846191,7455,7527
2026-07-31T12:36:07.983385+00:00,13387.449536779,1141.103105,1658138158.3248947,1658138158.9199471,1658138160.4833164,-0.5950524806976318,1.5633692741394043,7458,7530
2026-07-31T12:36:08.588506+00:00,13388.054657224,1141.708226,1658138158.924928,1658138159.5166934,1658138161.083357,-0.5917654037475586,1.5666637420654297,7462,7534
2026-07-31T12:36:09.035659+00:00,13388.501810489,1142.155379,1658138159.5248222,1658138159.923598,1658138161.533352,-0.3987758159637451,1.6097538471221924,7465,7537
2026-07-31T12:36:09.489549+00:00,13388.955699688,1142.609268,1658138160.024773,1658138160.4247146,1658138161.9833684,-0.39994168281555176,1.5586538314819336,7468,7540
2026-07-31T12:36:09.944992+00:00,13389.411144103,1143.064713,1658138160.4247186,1658138160.824915,1658138162.458385,-0.4001963138580322,1.633470058441162,7471,7543
2026-07-31T12:36:10.552490+00:00,13390.018640956,1143.672210,1658138160.924754,1658138161.4248035,1658138163.0584087,-0.5000495910644531,1.6336052417755127,7475,7547
2026-07-31T12:36:11.006446+00:00,13390.472596943,1144.126166,1658138161.4249237,1658138161.9247692,1658138163.5084298,-0.4998455047607422,1.58366060256958,7478,7550
2026-07-31T12:36:11.466006+00:00,13390.932158327,1144.585727,1658138161.724832,1658138162.324706,1658138163.9585123,-0.5998740196228027,1.6338062286376953,7481,7553
2026-07-31T12:36:12.065610+00:00,13391.531761134,1145.185330,1658138162.4248211,1658138162.9217455,1658138164.5584867,-0.49692440032958984,1.6367411613464355,7485,7557
2026-07-31T12:36:12.513819+00:00,13391.979969656,1145.633538,1658138162.924737,1658138163.424506,1658138165.008561,-0.4997689723968506,1.584054946899414,7488,7560
2026-07-31T12:36:12.963376+00:00,13392.429527658,1146.083096,1658138163.3248188,1658138163.824745,1658138165.4585226,-0.4999260902404785,1.6337776184082031,7491,7563
2026-07-31T12:36:13.558460+00:00,13393.024611814,1146.678180,1658138163.7249248,1658138164.4233255,1658138166.0585413,-0.6984007358551025,1.6352157592773438,7495,7567
2026-07-31T12:36:14.010663+00:00,13393.476814065,1147.130383,1658138164.3249142,1658138164.92481,1658138166.5085478,-0.599895715713501,1.583737850189209,7498,7570
2026-07-31T12:36:14.466339+00:00,13393.932489788,1147.586058,1658138164.7249007,1658138165.3249123,1658138166.9585993,-0.6000115871429443,1.6336870193481445,7501,7573
2026-07-31T12:36:15.063106+00:00,13394.529256738,1148.182825,1658138165.6249287,1658138165.9246266,1658138167.558658,-0.2996978759765625,1.6340312957763672,7505,7577
2026-07-31T12:36:15.510758+00:00,13394.976909703,1148.630478,1658138166.0249116,1658138166.4247527,1658138168.0086162,-0.3998410701751709,1.5838634967803955,7508,7580
2026-07-31T12:36:15.962098+00:00,13395.428249866,1149.081819,1658138166.32491,1658138166.8247254,1658138168.4586294,-0.4998154640197754,1.633903980255127,7511,7583
2026-07-31T12:36:16.560325+00:00,13396.026476813,1149.680045,1658138166.824734,1658138167.4224849,1658138169.058668,-0.5977509021759033,1.6361830234527588,7515,7587
2026-07-31T12:36:17.008951+00:00,13396.475102494,1150.128671,1658138167.2245512,1658138167.9244142,1658138169.5086837,-0.6998629570007324,1.5842695236206055,7518,7590
2026-07-31T12:36:17.462672+00:00,13396.928823265,1150.582392,1658138167.52481,1658138168.3246148,1658138169.958743,-0.7998046875,1.6341283321380615,7521,7593
2026-07-31T12:36:18.066518+00:00,13397.532669871,1151.186239,1658138168.2248516,1658138168.9241264,1658138170.5587182,-0.6992747783660889,1.634591817855835,7525,7597
2026-07-31T12:36:18.517152+00:00,13397.983301590,1151.636870,1658138168.6248229,1658138169.4244676,1658138171.0087688,-0.7996447086334229,1.584301233291626,7528,7600
2026-07-31T12:36:18.962763+00:00,13398.428914069,1152.082483,1658138169.1249294,1658138169.822804,1658138171.4588363,-0.6978745460510254,1.6360323429107666,7531,7603
2026-07-31T12:36:19.561414+00:00,13399.027565629,1152.681134,1658138169.8247561,1658138170.4247427,1658138172.0588334,-0.5999865531921387,1.6340906620025635,7535,7607
2026-07-31T12:36:20.024076+00:00,13399.490226421,1153.143795,1658138170.4248176,1658138170.924327,1658138172.5338097,-0.499509334564209,1.609482765197754,7538,7610
2026-07-31T12:36:20.475586+00:00,13399.941737385,1153.595306,1658138170.8249283,1658138171.324803,1658138172.9838276,-0.4998748302459717,1.6590244770050049,7541,7613
2026-07-31T12:36:21.079114+00:00,13400.545265513,1154.198834,1658138171.2248425,1658138172.0246997,1658138173.5838404,-0.7998571395874023,1.559140682220459,7545,7617
2026-07-31T12:36:21.529209+00:00,13400.995358256,1154.648927,1658138171.524753,1658138172.4248054,1658138174.0338573,-0.9000523090362549,1.6090519428253174,7548,7620
2026-07-31T12:36:21.985566+00:00,13401.451717776,1155.105286,1658138172.02485,1658138172.9248822,1658138174.4838822,-0.9000322818756104,1.559000015258789,7551,7623
2026-07-31T12:36:22.613108+00:00,13402.079259928,1155.732829,1658138173.0247438,1658138173.520273,1658138175.108926,-0.4955291748046875,1.5886530876159668,7555,7627
2026-07-31T12:36:23.072407+00:00,13402.538557596,1156.192126,1658138173.3248522,1658138173.9249022,1658138175.584001,-0.6000499725341797,1.6590988636016846,7558,7630
2026-07-31T12:36:23.523382+00:00,13402.989533386,1156.643102,1658138173.9249063,1658138174.424914,1658138176.0339534,-0.5000076293945312,1.609039545059204,7561,7633
2026-07-31T12:36:23.972273+00:00,13403.438424021,1157.091993,1658138174.2246108,1658138174.8162766,1658138176.484018,-0.5916657447814941,1.6677415370941162,7564,7636
2026-07-31T12:36:24.571477+00:00,13404.037629662,1157.691198,1658138174.7248101,1658138175.4248881,1658138177.083998,-0.700078010559082,1.6591098308563232,7568,7640
2026-07-31T12:36:25.012406+00:00,13404.478557740,1158.132126,1658138175.4249172,1658138175.9247398,1658138177.5090919,-0.49982261657714844,1.5843520164489746,7571,7643
2026-07-31T12:36:25.472086+00:00,13404.938237086,1158.591806,1658138175.9247441,1658138176.3243616,1658138177.9840758,-0.39961743354797363,1.6597142219543457,7574,7646
2026-07-31T12:36:26.070298+00:00,13405.536448963,1159.190018,1658138176.624847,1658138176.9214268,1658138178.5590854,-0.29657983779907227,1.6376585960388184,7578,7650
2026-07-31T12:36:26.516387+00:00,13405.982538024,1159.636107,1658138177.1248214,1658138177.4190657,1658138179.0090866,-0.29424428939819336,1.5900208950042725,7581,7653
2026-07-31T12:36:26.962305+00:00,13406.428456453,1160.082025,1658138177.5248165,1658138177.803384,1658138179.459115,-0.2785675525665283,1.655730962753296,7584,7656
2026-07-31T12:36:27.557203+00:00,13407.023355121,1160.676924,1658138178.0247338,1658138178.4248204,1658138180.0591316,-0.4000866413116455,1.6343111991882324,7588,7660
2026-07-31T12:36:28.011147+00:00,13407.477298695,1161.130867,1658138178.5249164,1658138178.9051201,1658138180.5091436,-0.3802037239074707,1.6040234565734863,7591,7663
2026-07-31T12:36:28.458617+00:00,13407.924766873,1161.578336,1658138178.9249127,1658138179.3235385,1658138180.9591706,-0.39862585067749023,1.635632038116455,7594,7666
2026-07-31T12:36:29.055759+00:00,13408.521910081,1162.175479,1658138179.424721,1658138179.9249136,1658138181.5591836,-0.5001926422119141,1.6342699527740479,7598,7670
2026-07-31T12:36:29.507435+00:00,13408.973586060,1162.627155,1658138180.024762,1658138180.3839118,1658138182.009201,-0.3591499328613281,1.6252892017364502,7601,7673
2026-07-31T12:36:29.961636+00:00,13409.427786677,1163.081355,1658138180.4249096,1658138180.8034325,1658138182.459228,-0.3785228729248047,1.6557955741882324,7604,7676
2026-07-31T12:36:30.569063+00:00,13410.035214441,1163.688783,1658138181.2248447,1658138181.398737,1658138183.0592575,-0.17389225959777832,1.6605205535888672,7608,7680
2026-07-31T12:36:31.008571+00:00,13410.474722690,1164.128291,1658138181.7248113,1658138181.9247487,1658138183.5092738,-0.1999373435974121,1.5845251083374023,7611,7683
2026-07-31T12:36:31.465799+00:00,13410.931950475,1164.585519,1658138182.1248112,1658138182.3156776,1658138183.9592774,-0.19086647033691406,1.6435997486114502,7614,7686
2026-07-31T12:36:32.064663+00:00,13411.530813301,1165.184382,1658138182.6248257,1658138182.9248624,1658138184.5593312,-0.3000366687774658,1.6344687938690186,7618,7690
2026-07-31T12:36:32.511753+00:00,13411.977904538,1165.631473,1658138183.124929,1658138183.4184759,1658138185.0093267,-0.2935469150543213,1.590850830078125,7621,7693
2026-07-31T12:36:32.962268+00:00,13412.428419967,1166.081989,1658138183.5249085,1658138183.8248012,1658138185.4593503,-0.2998926639556885,1.6345491409301758,7624,7696
2026-07-31T12:36:33.562784+00:00,13413.029636795,1166.683205,1658138184.0247211,1658138184.4249058,1658138186.0593796,-0.40018463134765625,1.6344738006591797,7628,7700
2026-07-31T12:36:34.014041+00:00,13413.480891850,1167.134460,1658138184.5247576,1658138184.924839,1658138186.5093992,-0.4000813961029053,1.5845601558685303,7631,7703
2026-07-31T12:36:34.457965+00:00,13413.924817026,1167.578386,1658138184.824751,1658138185.309592,1658138186.959429,-0.48484110832214355,1.6498370170593262,7634,7706
2026-07-31T12:36:35.056487+00:00,13414.523340435,1168.176909,1658138185.2245157,1658138185.924374,1658138187.5594275,-0.6998584270477295,1.6350533962249756,7638,7710
2026-07-31T12:36:35.509138+00:00,13414.975989828,1168.629558,1658138185.8248188,1658138186.3999982,1658138188.0094316,-0.5751793384552002,1.6094334125518799,7641,7713
2026-07-31T12:36:35.959335+00:00,13415.426186774,1169.079755,1658138186.224805,1658138186.8248374,1658138188.4594667,-0.6000323295593262,1.634629249572754,7644,7716
2026-07-31T12:36:36.558555+00:00,13416.025407435,1169.678976,1658138186.62491,1658138187.4248135,1658138189.059495,-0.799903392791748,1.6346814632415771,7648,7720
2026-07-31T12:36:37.005744+00:00,13416.472596818,1170.126165,1658138187.3248668,1658138187.9199169,1658138189.5095046,-0.5950500965118408,1.589587688446045,7651,7723
2026-07-31T12:36:37.464498+00:00,13416.931350505,1170.584919,1658138187.72486,1658138188.3247201,1658138189.9595256,-0.5998601913452148,1.63480544090271,7654,7726
2026-07-31T12:36:38.064629+00:00,13417.531481184,1171.185050,1658138188.2248826,1658138188.9193125,1658138190.5595539,-0.694429874420166,1.6402413845062256,7658,7730
2026-07-31T12:36:38.514181+00:00,13417.981032023,1171.634601,1658138189.0249262,1658138189.4006667,1658138191.0095775,-0.37574052810668945,1.6089107990264893,7661,7733
2026-07-31T12:36:38.959468+00:00,13418.426320284,1172.079889,1658138189.3247075,1658138189.823819,1658138191.4596004,-0.4991114139556885,1.6357815265655518,7664,7736
2026-07-31T12:36:39.558426+00:00,13419.025278957,1172.678848,1658138189.7248209,1658138190.4173527,1658138192.0596209,-0.6925318241119385,1.642268180847168,7668,7740
2026-07-31T12:36:40.010726+00:00,13419.477578880,1173.131148,1658138190.224847,1658138190.9248466,1658138192.5096302,-0.6999995708465576,1.5847835540771484,7671,7743
2026-07-31T12:36:40.462161+00:00,13419.929014265,1173.582583,1658138190.7249258,1658138191.3249147,1658138192.9597797,-0.5999889373779297,1.6348650455474854,7674,7746
2026-07-31T12:36:41.066401+00:00,13420.533253866,1174.186823,1658138191.1249084,1658138191.9248226,1658138193.5596764,-0.7999141216278076,1.6348538398742676,7678,7750
2026-07-31T12:36:41.517443+00:00,13420.984295298,1174.637864,1658138191.6248097,1658138192.423693,1658138194.0096784,-0.7988831996917725,1.5859854221343994,7681,7753
2026-07-31T12:36:41.971740+00:00,13421.438592518,1175.092161,1658138192.1247551,1658138192.8129916,1658138194.4847052,-0.6882364749908447,1.6717135906219482,7684,7756
2026-07-31T12:36:42.572022+00:00,13422.038874251,1175.692443,1658138192.6247556,1658138193.4248996,1658138195.0847318,-0.8001439571380615,1.659832239151001,7688,7760
2026-07-31T12:36:43.017498+00:00,13422.484350676,1176.137919,1658138193.3248134,1658138193.9247456,1658138195.5097435,-0.5999321937561035,1.5849978923797607,7691,7763
2026-07-31T12:36:43.466322+00:00,13422.933174620,1176.586743,1658138193.824905,1658138194.3248096,1658138195.959768,-0.4999046325683594,1.6349585056304932,7694,7766
2026-07-31T12:36:44.073623+00:00,13423.540475783,1177.194044,1658138194.3248136,1658138194.924825,1658138196.5847967,-0.6000113487243652,1.6599717140197754,7698,7770
2026-07-31T12:36:44.518520+00:00,13423.985372663,1177.638941,1658138194.624813,1658138195.4136274,1658138197.0098178,-0.7888143062591553,1.5961904525756836,7701,7773
2026-07-31T12:36:44.967633+00:00,13424.434485488,1178.088054,1658138195.1247282,1658138195.8247585,1658138197.459834,-0.7000303268432617,1.635075569152832,7704,7776
2026-07-31T12:36:45.574957+00:00,13425.041808178,1178.695377,1658138195.524742,1658138196.4247308,1658138198.0848598,-0.8999888896942139,1.6601290702819824,7708,7780
2026-07-31T12:36:46.035399+00:00,13425.502252180,1179.155821,1658138196.024832,1658138196.924778,1658138198.5348794,-0.8999459743499756,1.6101014614105225,7711,7783
2026-07-31T12:36:46.482206+00:00,13425.949058993,1179.602628,1658138196.3249037,1658138197.4248028,1658138198.984898,-1.0998990535736084,1.5600953102111816,7714,7786
2026-07-31T12:36:47.081884+00:00,13426.548736029,1180.202305,1658138197.224765,1658138198.0134916,1658138199.5849156,-0.7887265682220459,1.5714240074157715,7718,7790
2026-07-31T12:36:47.531473+00:00,13426.998325138,1180.651894,1658138197.7248182,1658138198.4249272,1658138200.0349312,-0.7001090049743652,1.61000394821167,7721,7793
2026-07-31T12:36:47.982838+00:00,13427.449690411,1181.103259,1658138198.024848,1658138198.9238486,1658138200.4850004,-0.8990006446838379,1.5611517429351807,7724,7796
2026-07-31T12:36:48.585660+00:00,13428.052512614,1181.706081,1658138198.624856,1658138199.52445,1658138201.0849783,-0.8995940685272217,1.56052827835083,7728,7800
2026-07-31T12:36:49.041336+00:00,13428.508188581,1182.161757,1658138199.1249032,1658138199.9244065,1658138201.5349915,-0.7995033264160156,1.6105849742889404,7731,7803
2026-07-31T12:36:49.486360+00:00,13428.953212219,1182.606781,1658138199.7249157,1658138200.4220197,1658138201.9850087,-0.6971039772033691,1.5629889965057373,7734,7806
2026-07-31T12:36:50.093661+00:00,13429.560513666,1183.214082,1658138200.5249176,1658138201.0245516,1658138202.5850282,-0.4996340274810791,1.560476541519165,7738,7810
2026-07-31T12:36:50.538172+00:00,13430.005024056,1183.658593,1658138201.124823,1658138201.4248502,1658138203.0351493,-0.30002713203430176,1.6102991104125977,7741,7813
2026-07-31T12:36:50.990222+00:00,13430.457074628,1184.110643,1658138201.5247078,1658138201.9242492,1658138203.4850748,-0.39954137802124023,1.5608255863189697,7744,7816
2026-07-31T12:36:51.584756+00:00,13431.051608517,1184.705177,1658138202.1247237,1658138202.5248098,1658138204.0851133,-0.4000861644744873,1.5603034496307373,7748,7820
2026-07-31T12:36:52.045279+00:00,13431.512131028,1185.165700,1658138202.524814,1658138202.9232779,1658138204.5351176,-0.3984639644622803,1.611839771270752,7751,7823
2026-07-31T12:36:52.491840+00:00,13431.958687876,1185.612257,1658138202.9249299,1658138203.424775,1658138204.985138,-0.499845027923584,1.5603630542755127,7754,7826
2026-07-31T12:36:53.088874+00:00,13432.555726837,1186.209295,1658138203.5247483,1658138204.02129,1658138205.585179,-0.49654173851013184,1.5638890266418457,7758,7830
2026-07-31T12:36:53.539751+00:00,13433.006602889,1186.660172,1658138203.9247391,1658138204.4242308,1658138206.0351698,-0.49949169158935547,1.6109390258789062,7761,7833
2026-07-31T12:36:53.993116+00:00,13433.459968902,1187.113538,1658138204.2243977,1658138204.923829,1658138206.4852095,-0.6994314193725586,1.561380386352539,7764,7836
2026-07-31T12:36:54.442128+00:00,13433.908980772,1187.562549,1658138204.624743,1658138205.3246484,1658138206.9352148,-0.6999053955078125,1.6105663776397705,7767,7839
2026-07-31T12:36:55.046337+00:00,13434.513189297,1188.166758,1658138205.124807,1658138205.924716,1658138207.5602455,-0.7999091148376465,1.6355295181274414,7771,7843
2026-07-31T12:36:55.496102+00:00,13434.962954522,1188.616523,1658138205.4248216,1658138206.4248827,1658138208.0103004,-1.00006103515625,1.5854177474975586,7774,7846
2026-07-31T12:36:55.951050+00:00,13435.417902463,1189.071471,1658138205.8249178,1658138206.823812,1658138208.4602768,-0.998894214630127,1.6364648342132568,7777,7849
2026-07-31T12:36:56.555624+00:00,13436.022475786,1189.676044,1658138206.2249486,1658138207.4248912,1658138209.0602946,-1.1999425888061523,1.6354033946990967,7781,7853
2026-07-31T12:36:57.007539+00:00,13436.474391952,1190.127961,1658138206.924839,1658138207.924733,1658138209.510316,-0.9998939037322998,1.585582971572876,7784,7856
2026-07-31T12:36:57.466698+00:00,13436.933550490,1190.587119,1658138207.8249195,1658138208.3248918,1658138209.960326,-0.4999723434448242,1.6354341506958008,7787,7859
2026-07-31T12:36:58.070449+00:00,13437.537280871,1191.190850,1658138208.6248116,1658138208.9226232,1658138210.5603535,-0.29781150817871094,1.637730360031128,7791,7863
2026-07-31T12:36:58.515340+00:00,13437.982191859,1191.635761,1658138209.1248941,1658138209.4247434,1658138211.0103803,-0.299849271774292,1.585636854171753,7794,7866
2026-07-31T12:36:58.962032+00:00,13438.428883708,1192.082452,1658138209.52485,1658138209.8247404,1658138211.4603882,-0.29989051818847656,1.6356477737426758,7797,7869
2026-07-31T12:36:59.559629+00:00,13439.026480549,1192.680049,1658138210.1247694,1658138210.4248195,1658138212.0604107,-0.3000500202178955,1.6355912685394287,7801,7873
2026-07-31T12:37:00.012736+00:00,13439.479588473,1193.133157,1658138210.5249104,1658138210.9247184,1658138212.510449,-0.3998079299926758,1.5857305526733398,7804,7876
2026-07-31T12:37:00.458971+00:00,13439.925823474,1193.579392,1658138210.9247808,1658138211.3247647,1658138212.9604688,-0.39998388290405273,1.6357040405273438,7807,7879
2026-07-31T12:37:01.055773+00:00,13440.522624973,1194.176194,1658138211.6249232,1658138211.9246643,1658138213.5604765,-0.2997410297393799,1.6358122825622559,7811,7883
2026-07-31T12:37:01.505943+00:00,13440.972795618,1194.626364,1658138212.0249133,1658138212.424757,1658138214.0105045,-0.399843692779541,1.585747480392456,7814,7886
2026-07-31T12:37:01.961338+00:00,13441.428190549,1195.081759,1658138212.524855,1658138212.824742,1658138214.460531,-0.29988718032836914,1.635788917541504,7817,7889
2026-07-31T12:37:02.564756+00:00,13442.031607473,1195.685176,1658138213.1249237,1658138213.4247365,1658138215.060543,-0.29981279373168945,1.6358065605163574,7821,7893
2026-07-31T12:37:03.015807+00:00,13442.482659807,1196.136228,1658138213.524855,1658138213.9246607,1658138215.5105534,-0.39980578422546387,1.585892677307129,7824,7896
2026-07-31T12:37:03.461107+00:00,13442.929038887,1196.582608,1658138214.0248134,1658138214.324041,1658138215.960577,-0.2992274761199951,1.6365361213684082,7827,7899
2026-07-31T12:37:04.065986+00:00,13443.533917914,1197.187487,1658138214.6248205,1658138214.9248214,1658138216.5605989,-0.3000009059906006,1.635777473449707,7831,7903
2026-07-31T12:37:04.510533+00:00,13443.978464372,1197.632033,1658138215.0248117,1658138215.424757,1658138217.0106053,-0.3999452590942383,1.585848331451416,7834,7906
2026-07-31T12:37:04.953563+00:00,13444.421494344,1198.075063,1658138215.4247653,1658138215.8247263,1658138217.460624,-0.399960994720459,1.6358976364135742,7837,7909
2026-07-31T12:37:05.561600+00:00,13445.029531762,1198.683100,1658138216.02481,1658138216.4247897,1658138218.0606518,-0.3999795913696289,1.635862112045288,7841,7913
2026-07-31T12:37:06.016553+00:00,13445.484484567,1199.138053,1658138216.524913,1658138216.9247503,1658138218.5106688,-0.3998372554779053,1.5859184265136719,7844,7916
2026-07-31T12:37:06.462514+00:00,13445.930446589,1199.584015,1658138217.0248652,1658138217.324838,1658138218.9606864,-0.2999727725982666,1.6358485221862793,7847,7919
2026-07-31T12:37:07.057975+00:00,13446.525907328,1200.179476,1658138217.724911,1658138217.9247608,1658138219.5607014,-0.19984984397888184,1.6359405517578125,7851,7923
2026-07-31T12:37:07.506912+00:00,13446.974844503,1200.628413,1658138218.1249056,1658138218.4247603,1658138220.0107112,-0.29985475540161133,1.5859508514404297,7854,7926
2026-07-31T12:37:07.960354+00:00,13447.428286400,1201.081855,1658138218.4248145,1658138218.8248937,1658138220.460746,-0.40007925033569336,1.635852336883545,7857,7929
2026-07-31T12:37:08.560364+00:00,13448.028296034,1201.681865,1658138218.824906,1658138219.424678,1658138221.06076,-0.5997719764709473,1.6360819339752197,7861,7933
2026-07-31T12:37:09.007996+00:00,13448.475927846,1202.129496,1658138219.2247183,1658138219.9246664,1658138221.5107808,-0.6999480724334717,1.5861144065856934,7864,7936
2026-07-31T12:37:09.460466+00:00,13448.928397964,1202.581967,1658138219.6248472,1658138220.3248255,1658138221.9607954,-0.6999783515930176,1.635969877243042,7867,7939
2026-07-31T12:37:10.072647+00:00,13449.540579464,1203.194148,1658138220.524763,1658138220.9247284,1658138222.585813,-0.3999652862548828,1.6610846519470215,7871,7943
2026-07-31T12:37:10.518090+00:00,13449.986021573,1203.639590,1658138221.0248408,1658138221.4248579,1658138223.0108366,-0.40001702308654785,1.5859787464141846,7874,7946
2026-07-31T12:37:10.964051+00:00,13450.431982401,1204.085551,1658138221.4249036,1658138221.8247416,1658138223.4608583,-0.3998379707336426,1.6361167430877686,7877,7949
2026-07-31T12:37:11.566298+00:00,13451.034229317,1204.687798,1658138222.1249235,1658138222.4247766,1658138224.06088,-0.2998530864715576,1.6361033916473389,7881,7953
2026-07-31T12:37:12.019754+00:00,13451.487685448,1205.141254,1658138222.5249023,1658138222.9247506,1658138224.5108874,-0.39984822273254395,1.586136817932129,7884,7956
2026-07-31T12:37:12.461024+00:00,13451.928956138,1205.582525,1658138222.9247549,1658138223.3249128,1658138224.9609141,-0.4001579284667969,1.6360013484954834,7887,7959
2026-07-31T12:37:13.058795+00:00,13452.526727514,1206.180296,1658138223.6249304,1658138223.9248192,1658138225.5609405,-0.29988884925842285,1.6361212730407715,7891,7963
2026-07-31T12:37:13.506139+00:00,13452.974071895,1206.627641,1658138224.0249207,1658138224.4248564,1658138226.0109537,-0.3999357223510742,1.586097240447998,7894,7966
2026-07-31T12:37:13.957577+00:00,13453.425508605,1207.079077,1658138224.324772,1658138224.824832,1658138226.4609761,-0.5000600814819336,1.6361441612243652,7897,7969
2026-07-31T12:37:14.553215+00:00,13454.021147301,1207.674716,1658138224.8248363,1658138225.4249277,1658138227.0609865,-0.6000914573669434,1.6360588073730469,7901,7973
2026-07-31T12:37:14.994424+00:00,13454.462353795,1208.115922,1658138225.2245002,1658138225.9242048,1658138227.486076,-0.699704647064209,1.5618712902069092,7904,7976
2026-07-31T12:37:15.448518+00:00,13454.916450351,1208.570019,1658138225.5247686,1658138226.3249288,1658138227.9610224,-0.8001601696014404,1.6360936164855957,7907,7979
2026-07-31T12:37:16.056849+00:00,13455.524781100,1209.178350,1658138226.1248252,1658138226.9248474,1658138228.5610654,-0.8000221252441406,1.6362180709838867,7911,7983
2026-07-31T12:37:16.503660+00:00,13455.971592404,1209.625161,1658138226.6248205,1658138227.4247775,1658138229.011096,-0.7999570369720459,1.5863184928894043,7914,7986
2026-07-31T12:37:16.953802+00:00,13456.421733758,1210.075302,1658138227.1249003,1658138227.8245838,1658138229.461081,-0.699683427810669,1.6364972591400146,7917,7989
2026-07-31T12:37:17.555800+00:00,13457.023731513,1210.677300,1658138227.9248493,1658138228.4247463,1658138230.0611176,-0.4998970031738281,1.636371374130249,7921,7993
2026-07-31T12:37:18.011837+00:00,13457.479769607,1211.133338,1658138228.4247503,1658138228.9247992,1658138230.5111313,-0.5000488758087158,1.586332082748413,7924,7996
2026-07-31T12:37:18.453929+00:00,13457.921861353,1211.575430,1658138228.9248447,1658138229.3214216,1658138230.9611502,-0.3965768814086914,1.6397285461425781,7927,7999
2026-07-31T12:37:19.049674+00:00,13458.517605307,1212.171174,1658138229.4247158,1658138229.9249005,1658138231.5612302,-0.5001847743988037,1.6363296508789062,7931,8003
2026-07-31T12:37:19.501790+00:00,13458.969722143,1212.623291,1658138229.9249086,1658138230.4244905,1658138232.0112033,-0.49958181381225586,1.5867128372192383,7934,8006
2026-07-31T12:37:19.967518+00:00,13459.435450554,1213.089019,1658138230.324864,1658138230.824554,1658138232.461204,-0.49969005584716797,1.6366500854492188,7937,8009
2026-07-31T12:37:20.441706+00:00,13459.909638029,1213.563207,1658138230.624762,1658138231.3247995,1658138232.936239,-0.7000374794006348,1.6114394664764404,7940,8012
2026-07-31T12:37:21.048168+00:00,13460.516099736,1214.169668,1658138231.1248262,1658138231.9247406,1658138233.5612428,-0.7999143600463867,1.6365022659301758,7944,8016
2026-07-31T12:37:21.498053+00:00,13460.965985205,1214.619554,1658138231.4248242,1658138232.4247143,1658138234.0112662,-0.9998900890350342,1.5865519046783447,7947,8019
2026-07-31T12:37:21.950687+00:00,13461.418618879,1215.072188,1658138231.9247448,1658138232.8248317,1658138234.4612896,-0.9000868797302246,1.636457920074463,7950,8022
2026-07-31T12:37:22.555467+00:00,13462.023398569,1215.676967,1658138233.1248631,1658138233.4249158,1658138235.0613127,-0.3000526428222656,1.636396884918213,7954,8026
2026-07-31T12:37:23.003661+00:00,13462.471592566,1216.125161,1658138233.62484,1658138233.9246187,1658138235.5113108,-0.29977869987487793,1.5866920948028564,7957,8029
2026-07-31T12:37:23.448555+00:00,13462.916486705,1216.570055,1658138234.1249106,1658138234.3249152,1658138235.961337,-0.20000457763671875,1.6364219188690186,7960,8032
2026-07-31T12:37:24.056564+00:00,13463.524496099,1217.178065,1658138234.6248205,1658138234.9247975,1658138236.5613692,-0.29997706413269043,1.6365716457366943,7964,8036
2026-07-31T12:37:24.498178+00:00,13463.966110456,1217.619679,1658138234.9248347,1658138235.424686,1658138237.011382,-0.4998512268066406,1.5866961479187012,7967,8039
2026-07-31T12:37:24.943402+00:00,13464.411333698,1218.064902,1658138235.22472,1658138235.824696,1658138237.4363968,-0.5999760627746582,1.6117007732391357,7970,8042
2026-07-31T12:37:25.543119+00:00,13465.011050823,1218.664619,1658138235.6249292,1658138236.4241958,1658138238.0364237,-0.7992665767669678,1.6122279167175293,7974,8046
2026-07-31T12:37:25.991421+00:00,13465.459352558,1219.112921,1658138236.0248036,1658138236.9246929,1658138238.4864373,-0.8998892307281494,1.5617444515228271,7977,8049
2026-07-31T12:37:26.589428+00:00,13466.057360052,1219.710929,1658138236.9247181,1658138237.524833,1658138239.0864677,-0.6001148223876953,1.5616347789764404,7981,8053
2026-07-31T12:37:27.035029+00:00,13466.502959869,1220.156529,1658138237.6249175,1658138237.9247904,1658138239.5364861,-0.29987287521362305,1.6116957664489746,7984,8056
2026-07-31T12:37:27.482905+00:00,13466.950836976,1220.604406,1658138238.0248995,1658138238.3248675,1658138239.986499,-0.29996800422668457,1.6616315841674805,7987,8059
2026-07-31T12:37:28.093635+00:00,13467.561567782,1221.215136,1658138238.5248182,1658138239.024403,1658138240.5865223,-0.4995849132537842,1.5621192455291748,7991,8063
2026-07-31T12:37:28.546323+00:00,13468.014254712,1221.667823,1658138239.0249143,1658138239.4248006,1658138241.0615416,-0.3998863697052002,1.6367409229278564,7994,8066
2026-07-31T12:37:28.991483+00:00,13468.459414764,1222.112983,1658138239.3248148,1658138239.9247224,1658138241.4865603,-0.599907636642456,1.561837911605835,7997,8069
2026-07-31T12:37:29.442359+00:00,13468.910290875,1222.563860,1658138239.6248326,1658138240.3231356,1658138241.9365695,-0.6983029842376709,1.613433837890625,8000,8072
2026-07-31T12:37:30.044280+00:00,13469.512210720,1223.165779,1658138240.2245386,1658138240.9248075,1658138242.536577,-0.7002689838409424,1.611769437789917,8004,8076
2026-07-31T12:37:30.507363+00:00,13469.975294811,1223.628863,1658138240.7247522,1658138241.4247012,1658138243.011631,-0.6999490261077881,1.5869297981262207,8007,8079
2026-07-31T12:37:30.981160+00:00,13470.449091751,1224.102660,1658138241.02491,1658138241.8246999,1658138243.4866242,-0.7997899055480957,1.6619243621826172,8010,8082
2026-07-31T12:37:31.583806+00:00,13471.051737370,1224.705306,1658138241.7249272,1658138242.524881,1658138244.0866444,-0.7999536991119385,1.5617635250091553,8014,8086
2026-07-31T12:37:32.033454+00:00,13471.501385744,1225.154954,1658138242.3248417,1658138242.9248948,1658138244.536635,-0.600053071975708,1.6117401123046875,8017,8089
2026-07-31T12:37:32.482948+00:00,13471.950879319,1225.604448,1658138242.8248043,1658138243.4246092,1658138244.9866686,-0.5998048782348633,1.5620594024658203,8020,8092
2026-07-31T12:37:33.086661+00:00,13472.554593272,1226.208162,1658138243.7247458,1658138244.024897,1658138245.586678,-0.30015134811401367,1.5617809295654297,8024,8096
2026-07-31T12:37:33.532777+00:00,13473.002109285,1226.655678,1658138244.2249236,1658138244.424373,1658138246.036697,-0.1994493007659912,1.6123239994049072,8027,8099
2026-07-31T12:37:33.977908+00:00,13473.447240151,1227.100809,1658138244.6247575,1658138244.8243546,1658138246.4867296,-0.19959712028503418,1.6623749732971191,8030,8102
2026-07-31T12:37:34.568059+00:00,13474.037391052,1227.690960,1658138245.2246969,1658138245.4244618,1658138247.061732,-0.19976496696472168,1.637270212173462,8034,8106
2026-07-31T12:37:35.014487+00:00,13474.483818320,1228.137387,1658138245.7249053,1658138245.9248214,1658138247.5117557,-0.19991612434387207,1.5869343280792236,8037,8109
2026-07-31T12:37:35.463931+00:00,13474.933262206,1228.586831,1658138246.1249154,1658138246.3248525,1658138247.9617581,-0.199937105178833,1.6369056701660156,8040,8112
2026-07-31T12:37:36.070585+00:00,13475.539916705,1229.193485,1658138246.7247534,1658138246.9249284,1658138248.5867624,-0.20017504692077637,1.6618340015411377,8044,8116
2026-07-31T12:37:36.516091+00:00,13475.985423349,1229.638992,1658138247.1248715,1658138247.4247026,1658138249.0117762,-0.2998311519622803,1.587073564529419,8047,8119
2026-07-31T12:37:36.961731+00:00,13476.431062996,1230.084632,1658138247.424707,1658138247.8245876,1658138249.4617858,-0.39988064765930176,1.6371982097625732,8050,8122
2026-07-31T12:37:37.564411+00:00,13477.033743160,1230.687312,1658138248.0247529,1658138248.424738,1658138250.061799,-0.39998507499694824,1.6370611190795898,8054,8126
2026-07-31T12:37:38.017089+00:00,13477.486421078,1231.139990,1658138248.5248485,1658138248.9248338,1658138250.511805,-0.39998531341552734,1.5869712829589844,8057,8129
2026-07-31T12:37:38.462153+00:00,13477.931484500,1231.585053,1658138249.0249245,1658138249.324633,1658138250.961818,-0.29970836639404297,1.6371850967407227,8060,8132
2026-07-31T12:37:39.059947+00:00,13478.529278894,1232.182848,1658138249.6247427,1658138249.9239562,1658138251.561838,-0.2992134094238281,1.6378817558288574,8064,8136
2026-07-31T12:37:39.509577+00:00,13478.978908906,1232.632478,1658138249.9247541,1658138250.4246879,1658138252.011838,-0.49993371963500977,1.5871500968933105,8067,8139
2026-07-31T12:37:39.965816+00:00,13479.435148999,1233.088718,1658138250.3246956,1658138250.8235235,1658138252.4618483,-0.4988279342651367,1.6383247375488281,8070,8142
2026-07-31T12:37:40.566080+00:00,13480.035412470,1233.688981,1658138250.8249218,1658138251.4247081,1658138253.0618548,-0.5997862815856934,1.6371467113494873,8074,8146
2026-07-31T12:37:41.019063+00:00,13480.488395027,1234.141964,1658138251.1248212,1658138251.924796,1658138253.5118837,-0.7999749183654785,1.587087631225586,8077,8149
2026-07-31T12:37:41.470370+00:00,13480.939702220,1234.593271,1658138251.6249185,1658138252.3247328,1658138253.9868891,-0.6998143196105957,1.662156343460083,8080,8152
2026-07-31T12:37:42.075111+00:00,13481.544442782,1235.198011,1658138252.3247492,1658138252.9248345,1658138254.5868917,-0.6000852584838867,1.6620571613311768,8084,8156
2026-07-31T12:37:42.521705+00:00,13481.991036808,1235.644605,1658138252.9249136,1658138253.4248264,1658138255.0369024,-0.49991273880004883,1.6120760440826416,8087,8159
2026-07-31T12:37:42.971615+00:00,13482.440946453,1236.094515,1658138253.3247445,1658138253.8248246,1658138255.48697,-0.5000801086425781,1.6621453762054443,8090,8162
2026-07-31T12:37:43.570719+00:00,13483.040050911,1236.693620,1658138254.1248567,1658138254.4247398,1658138256.0869482,-0.2998831272125244,1.6622083187103271,8094,8166
2026-07-31T12:37:44.027598+00:00,13483.496929259,1237.150498,1658138254.5248222,1658138254.9249127,1658138256.5370312,-0.40009045600891113,1.6121184825897217,8097,8169
2026-07-31T12:37:44.473260+00:00,13483.942592551,1237.596161,1658138254.9249167,1658138255.3245826,1658138256.9869983,-0.39966583251953125,1.6624157428741455,8100,8172
2026-07-31T12:37:45.074131+00:00,13484.543462365,1238.197031,1658138255.524918,1658138255.923511,1658138257.5870233,-0.3985929489135742,1.6635122299194336,8104,8176
2026-07-31T12:37:45.526486+00:00,13484.995818974,1238.649388,1658138255.9249089,1658138256.4248838,1658138258.0370512,-0.49997496604919434,1.6121673583984375,8107,8179
2026-07-31T12:37:45.984175+00:00,13485.453504776,1239.107073,1658138256.3248038,1658138256.9248426,1658138258.4870732,-0.6000387668609619,1.5622305870056152,8110,8182
2026-07-31T12:37:46.580530+00:00,13486.049862029,1239.703431,1658138256.9248466,1658138257.4247754,1658138259.0871072,-0.49992871284484863,1.6623318195343018,8114,8186
2026-07-31T12:37:47.024818+00:00,13486.494150599,1240.147719,1658138257.324844,1658138257.924764,1658138259.5371315,-0.5999200344085693,1.6123676300048828,8117,8189
2026-07-31T12:37:47.474845+00:00,13486.944176954,1240.597746,1658138257.724819,1658138258.324879,1658138259.9871438,-0.600059986114502,1.6622648239135742,8120,8192
2026-07-31T12:37:48.082185+00:00,13487.551516973,1241.205086,1658138258.4247298,1658138258.9247665,1658138260.5871718,-0.5000367164611816,1.662405252456665,8124,8196
2026-07-31T12:37:48.528147+00:00,13487.997479192,1241.651048,1658138258.9249208,1658138259.4248726,1658138261.037207,-0.4999518394470215,1.6123342514038086,8127,8199
2026-07-31T12:37:48.976392+00:00,13488.445723690,1242.099292,1658138259.624818,1658138259.8247547,1658138261.4872186,-0.1999366283416748,1.662463903427124,8130,8202
2026-07-31T12:37:49.571581+00:00,13489.040912445,1242.694481,1658138260.224701,1658138260.424759,1658138262.087246,-0.2000579833984375,1.6624870300292969,8134,8206
2026-07-31T12:37:50.020808+00:00,13489.490141151,1243.143710,1658138260.724893,1658138260.9249241,1658138262.5372684,-0.20003104209899902,1.6123442649841309,8137,8209
2026-07-31T12:37:50.465438+00:00,13489.934770239,1243.588339,1658138261.0247705,1658138261.324815,1658138262.962303,-0.30004453659057617,1.6374878883361816,8140,8212
2026-07-31T12:37:51.062423+00:00,13490.531755370,1244.185324,1658138261.524767,1658138261.9249039,1658138263.5623412,-0.40013694763183594,1.637437343597412,8144,8216
2026-07-31T12:37:51.511941+00:00,13490.981272940,1244.634842,1658138262.0247414,1658138262.4243886,1658138264.0123444,-0.39964723587036133,1.5879557132720947,8147,8219
2026-07-31T12:37:51.971932+00:00,13491.441263868,1245.094833,1658138262.4247708,1658138262.82471,1658138264.4873424,-0.39993906021118164,1.6626324653625488,8150,8222
2026-07-31T12:37:52.569987+00:00,13492.039318464,1245.692887,1658138263.124776,1658138263.4249127,1658138265.0623925,-0.3001368045806885,1.6374797821044922,8154,8226
2026-07-31T12:37:53.021529+00:00,13492.490861319,1246.144430,1658138263.5247698,1658138263.924827,1658138265.5374079,-0.400057315826416,1.6125807762145996,8157,8229
2026-07-31T12:37:53.481808+00:00,13492.951140272,1246.604709,1658138263.9248562,1658138264.3246307,1658138265.9874246,-0.39977455139160156,1.6627938747406006,8160,8232
2026-07-31T12:37:54.078329+00:00,13493.547661751,1247.201230,1658138264.324906,1658138264.923538,1658138266.587452,-0.5986318588256836,1.6639139652252197,8164,8236
2026-07-31T12:37:54.533080+00:00,13494.002411713,1247.655980,1658138264.824777,1658138265.4247558,1658138267.037464,-0.5999789237976074,1.6127080917358398,8167,8239
2026-07-31T12:37:54.979850+00:00,13494.449182459,1248.102751,1658138265.2248077,1658138265.8237073,1658138267.487486,-0.5988996028900146,1.66377854347229,8170,8242
2026-07-31T12:37:55.577766+00:00,13495.047098608,1248.700667,1658138265.9248538,1658138266.4247794,1658138268.0875025,-0.4999256134033203,1.6627230644226074,8174,8246
2026-07-31T12:37:56.034296+00:00,13495.503628330,1249.157197,1658138266.724837,1658138266.924745,1658138268.5375144,-0.19990801811218262,1.612769365310669,8177,8249
2026-07-31T12:37:56.481567+00:00,13495.950899340,1249.604468,1658138267.124928,1658138267.3247304,1658138268.9875474,-0.19980239868164062,1.6628170013427734,8180,8252
2026-07-31T12:37:57.074790+00:00,13496.544121796,1250.197690,1658138267.7248583,1658138267.9248772,1658138269.587542,-0.20001888275146484,1.6626648902893066,8184,8256
2026-07-31T12:37:57.527679+00:00,13496.997010901,1250.650580,1658138268.1248524,1658138268.4247491,1658138270.0375953,-0.2998967170715332,1.6128461360931396,8187,8259
2026-07-31T12:37:57.981869+00:00,13497.451201772,1251.104770,1658138268.5248466,1658138268.8247404,1658138270.4876082,-0.299893856048584,1.662867784500122,8190,8262
2026-07-31T12:37:58.577543+00:00,13498.046875214,1251.700444,1658138269.124766,1658138269.424266,1658138271.0876331,-0.2994999885559082,1.6633670330047607,8194,8266
2026-07-31T12:37:59.017466+00:00,13498.486797942,1252.140367,1658138269.6247203,1658138269.924838,1658138271.5126507,-0.30011773109436035,1.5878126621246338,8197,8269
2026-07-31T12:37:59.466178+00:00,13498.935509811,1252.589078,1658138270.0249166,1658138270.32484,1658138271.9626722,-0.2999234199523926,1.6378321647644043,8200,8272
2026-07-31T12:38:00.062877+00:00,13499.532209650,1253.185778,1658138270.6248152,1658138270.924814,1658138272.562704,-0.29999876022338867,1.637890100479126,8204,8276
2026-07-31T12:38:00.521085+00:00,13499.990417739,1253.643986,1658138270.9248307,1658138271.4247758,1658138273.0377176,-0.49994516372680664,1.6129417419433594,8207,8279
2026-07-31T12:38:00.967019+00:00,13500.436350898,1254.089920,1658138271.3248434,1658138271.8249032,1658138273.4627328,-0.5000598430633545,1.6378295421600342,8210,8282
2026-07-31T12:38:01.572230+00:00,13501.041561127,1254.695130,1658138271.8249075,1658138272.424751,1658138274.0877495,-0.5998435020446777,1.6629984378814697,8214,8286
2026-07-31T12:38:02.034832+00:00,13501.504163617,1255.157732,1658138272.3249118,1658138272.923827,1658138274.5377676,-0.5989151000976562,1.613940715789795,8217,8289
2026-07-31T12:38:02.483000+00:00,13501.952332225,1255.605901,1658138272.7247841,1658138273.3249257,1658138274.9877863,-0.6001415252685547,1.662860631942749,8220,8292
2026-07-31T12:38:03.076041+00:00,13502.545372695,1256.198941,1658138273.2246013,1658138273.9247289,1658138275.58781,-0.7001276016235352,1.663081169128418,8224,8296
2026-07-31T12:38:03.520480+00:00,13502.991211909,1256.644781,1658138273.8248844,1658138274.4241745,1658138276.0378304,-0.599290132522583,1.6136558055877686,8227,8299
2026-07-31T12:38:03.977164+00:00,13503.447896321,1257.101465,1658138274.324892,1658138274.82435,1658138276.487843,-0.49945807456970215,1.6634929180145264,8230,8302
2026-07-31T12:38:04.579200+00:00,13504.049932979,1257.703502,1658138275.0247552,1658138275.5238245,1658138277.087886,-0.4990692138671875,1.5640616416931152,8234,8306
2026-07-31T12:38:05.023508+00:00,13504.494239980,1258.147809,1658138275.624825,1658138275.9247773,1658138277.537892,-0.29995226860046387,1.613114833831787,8237,8309
2026-07-31T12:38:05.472719+00:00,13504.943450198,1258.597019,1658138276.0248141,1658138276.3244247,1658138277.9879172,-0.29961061477661133,1.6634924411773682,8240,8312
2026-07-31T12:38:06.071191+00:00,13505.541922294,1259.195491,1658138276.5247602,1658138276.9247355,1658138278.5879326,-0.3999752998352051,1.6631970405578613,8244,8316
2026-07-31T12:38:06.529276+00:00,13505.999998081,1259.653567,1658138276.8249075,1658138277.4246078,1658138279.0379539,-0.5997002124786377,1.6133460998535156,8247,8319
2026-07-31T12:38:06.977073+00:00,13506.447805599,1260.101374,1658138277.2245886,1658138277.8249066,1658138279.4879663,-0.6003179550170898,1.6630597114562988,8250,8322
2026-07-31T12:38:07.575397+00:00,13507.046129595,1260.699698,1658138277.8249106,1658138278.4248304,1658138280.0880015,-0.5999197959899902,1.6631710529327393,8254,8326
2026-07-31T12:38:08.031821+00:00,13507.502552499,1261.156121,1658138278.1249156,1658138278.9247768,1658138280.5380101,-0.7998611927032471,1.6132333278656006,8257,8329
2026-07-31T12:38:08.475858+00:00,13507.946589826,1261.600158,1658138278.7248323,1658138279.3247912,1658138280.9880188,-0.5999588966369629,1.6632275581359863,8260,8332
2026-07-31T12:38:09.077030+00:00,13508.547761914,1262.201331,1658138279.4248965,1658138279.9246457,1658138281.5880501,-0.49974918365478516,1.6634044647216797,8264,8336
2026-07-31T12:38:09.524626+00:00,13508.995358255,1262.648927,1658138279.9247575,1658138280.4244027,1658138282.038088,-0.4996452331542969,1.6136853694915771,8267,8339
2026-07-31T12:38:09.980637+00:00,13509.451369668,1263.104938,1658138280.5249133,1658138280.8242779,1658138282.488093,-0.2993645668029785,1.6638150215148926,8270,8342
2026-07-31T12:38:10.581213+00:00,13510.051945088,1263.705514,1658138281.124923,1658138281.4245746,1658138283.0881057,-0.2996516227722168,1.6635310649871826,8274,8346
2026-07-31T12:38:11.026812+00:00,13510.497545118,1264.151114,1658138281.5248842,1658138281.9245203,1658138283.5381274,-0.39963603019714355,1.6136071681976318,8277,8349
2026-07-31T12:38:11.474626+00:00,13510.945357677,1264.598926,1658138281.924745,1658138282.4249146,1658138283.988147,-0.5001695156097412,1.563232421875,8280,8352
2026-07-31T12:38:12.068629+00:00,13511.539361204,1265.192930,1658138282.5247614,1658138282.9247282,1658138284.5631711,-0.3999667167663574,1.6384429931640625,8284,8356
2026-07-31T12:38:12.522456+00:00,13511.993188510,1265.646757,1658138283.0248277,1658138283.4247534,1658138285.0382535,-0.39992570877075195,1.6135001182556152,8287,8359
2026-07-31T12:38:12.972559+00:00,13512.443291579,1266.096860,1658138283.324919,1658138283.8246603,1658138285.4882128,-0.4997413158416748,1.6635525226593018,8290,8362
2026-07-31T12:38:13.578451+00:00,13513.049182268,1266.702751,1658138284.0249133,1658138284.5246859,1658138286.0882437,-0.4997725486755371,1.5635578632354736,8294,8366
2026-07-31T12:38:14.046546+00:00,13513.517277979,1267.170847,1658138284.3248684,1658138284.924904,1658138286.5632596,-0.6000356674194336,1.6383554935455322,8297,8369
2026-07-31T12:38:14.501397+00:00,13513.972127951,1267.625697,1658138284.6247523,1658138285.4223225,1658138287.0132878,-0.7975702285766602,1.5909652709960938,8300,8372
2026-07-31T12:38:14.954349+00:00,13514.425081791,1268.078650,1658138284.9249082,1658138285.8248525,1658138287.4632885,-0.8999443054199219,1.6384360790252686,8303,8375
2026-07-31T12:38:15.549822+00:00,13515.020554477,1268.674123,1658138285.7248163,1658138286.4247417,1658138288.0633194,-0.699925422668457,1.6385776996612549,8307,8379
2026-07-31T12:38:16.005362+00:00,13515.476093360,1269.129662,1658138286.3249097,1658138286.9248228,1658138288.5133228,-0.5999131202697754,1.5885000228881836,8310,8382
2026-07-31T12:38:16.450246+00:00,13515.920978923,1269.574548,1658138287.1247685,1658138287.324888,1658138288.9633586,-0.2001194953918457,1.6384706497192383,8313,8385
2026-07-31T12:38:17.054055+00:00,13516.524786100,1270.178355,1658138287.7249184,1658138287.9247458,1658138289.5633888,-0.1998274326324463,1.6386430263519287,8317,8389
2026-07-31T12:38:17.513411+00:00,13516.984142907,1270.637712,1658138288.1247704,1658138288.424893,1658138290.0133822,-0.3001224994659424,1.588489294052124,8320,8392
2026-07-31T12:38:17.968106+00:00,13517.438837709,1271.092406,1658138288.5247514,1658138288.8245444,1658138290.4634185,-0.299793004989624,1.6388740539550781,8323,8395
2026-07-31T12:38:18.578527+00:00,13518.049258634,1271.702827,1658138289.12491,1658138289.4244692,1658138291.0884438,-0.2995591163635254,1.6639745235443115,8327,8399
2026-07-31T12:38:19.033546+00:00,13518.504277659,1272.157846,1658138289.6248252,1658138289.9248407,1658138291.5384567,-0.3000154495239258,1.6136159896850586,8330,8402
2026-07-31T12:38:19.485889+00:00,13518.956621860,1272.610191,1658138290.124899,1658138290.4240787,1658138291.9884706,-0.2991797924041748,1.564391851425171,8333,8405
2026-07-31T12:38:19.942479+00:00,13519.413210832,1273.066779,1658138290.6248078,1658138290.82474,1658138292.438489,-0.19993209838867188,1.6137490272521973,8336,8408
2026-07-31T12:38:20.549913+00:00,13520.020645583,1273.674214,1658138291.0249212,1658138291.4247549,1658138293.0635214,-0.39983367919921875,1.6387665271759033,8340,8412
2026-07-31T12:38:20.997598+00:00,13520.468330903,1274.121900,1658138291.524857,1658138291.9248152,1658138293.5135326,-0.39995813369750977,1.5887174606323242,8343,8415
2026-07-31T12:38:21.447509+00:00,13520.918241904,1274.571811,1658138291.824734,1658138292.3249097,1658138293.9635577,-0.5001757144927979,1.6386480331420898,8346,8418
2026-07-31T12:38:22.055604+00:00,13521.526336259,1275.179905,1658138292.2245772,1658138292.9248235,1658138294.5635767,-0.7002463340759277,1.6387531757354736,8350,8422
2026-07-31T12:38:22.497845+00:00,13521.968577802,1275.622146,1658138292.6249268,1658138293.4247408,1658138295.0135896,-0.799813985824585,1.5888488292694092,8353,8425
2026-07-31T12:38:22.948523+00:00,13522.419255052,1276.072824,1658138293.22483,1658138293.8248253,1658138295.4636104,-0.5999953746795654,1.6387851238250732,8356,8428
2026-07-31T12:38:23.544329+00:00,13523.015061140,1276.668630,1658138293.624929,1658138294.4247804,1658138296.0386345,-0.7998514175415039,1.613854169845581,8360,8432
2026-07-31T12:38:24.001084+00:00,13523.471815483,1277.125384,1658138294.3248136,1658138294.924564,1658138296.513662,-0.599750280380249,1.5890982151031494,8363,8435
2026-07-31T12:38:24.450974+00:00,13523.921706028,1277.575275,1658138294.724767,1658138295.3248456,1658138296.9636714,-0.6000785827636719,1.6388258934020996,8366,8438
2026-07-31T12:38:25.047861+00:00,13524.518592020,1278.172161,1658138295.124729,1658138295.9237146,1658138297.563694,-0.7989857196807861,1.639979362487793,8370,8442
2026-07-31T12:38:25.496073+00:00,13524.966805478,1278.620374,1658138295.6247497,1658138296.424816,1658138298.0137234,-0.8000662326812744,1.5889074802398682,8373,8445
2026-07-31T12:38:25.948160+00:00,13525.418892468,1279.072461,1658138296.024767,1658138296.8249276,1658138298.463725,-0.8001606464385986,1.6387975215911865,8376,8448
2026-07-31T12:38:26.547660+00:00,13526.018392686,1279.671961,1658138296.624865,1658138297.423312,1658138299.0637624,-0.7984468936920166,1.6404504776000977,8380,8452
2026-07-31T12:38:26.996372+00:00,13526.467105105,1280.120674,1658138297.0248518,1658138297.9248302,1658138299.5137725,-0.8999783992767334,1.588942289352417,8383,8455
2026-07-31T12:38:27.441961+00:00,13526.912692085,1280.566261,1658138297.6248121,1658138298.3244905,1658138299.9388013,-0.6996784210205078,1.6143107414245605,8386,8458
2026-07-31T12:38:28.048977+00:00,13527.519709004,1281.173278,1658138298.3248236,1658138298.9244335,1658138300.5638237,-0.5996098518371582,1.639390230178833,8390,8462
2026-07-31T12:38:28.497211+00:00,13527.967943208,1281.621512,1658138298.8249025,1658138299.4248703,1658138301.0138335,-0.5999677181243896,1.588963270187378,8393,8465
2026-07-31T12:38:28.948187+00:00,13528.418919106,1282.072488,1658138299.3248394,1658138299.8248956,1658138301.4638531,-0.500056266784668,1.6389575004577637,8396,8468
2026-07-31T12:38:29.541724+00:00,13529.012456139,1282.666025,1658138299.8249161,1658138300.424717,1658138302.0388849,-0.5998008251190186,1.6141679286956787,8400,8472
2026-07-31T12:38:29.990195+00:00,13529.460926991,1283.114496,1658138300.1248174,1658138300.9246974,1658138302.4889112,-0.7998800277709961,1.564213752746582,8403,8475
2026-07-31T12:38:30.441992+00:00,13529.912723696,1283.566292,1658138300.424721,1658138301.3247936,1658138302.938916,-0.9000725746154785,1.6141223907470703,8406,8478
2026-07-31T12:38:31.044395+00:00,13530.515127598,1284.168696,1658138300.82485,1658138301.9247365,1658138303.538938,-1.099886417388916,1.614201545715332,8410,8482
2026-07-31T12:38:31.494600+00:00,13530.965331470,1284.618900,1658138301.8249161,1658138302.4241118,1658138303.9889672,-0.5991957187652588,1.5648553371429443,8413,8485
2026-07-31T12:38:31.946653+00:00,13531.417384935,1285.070954,1658138302.1249242,1658138302.8245437,1658138304.4639854,-0.6996195316314697,1.639441728591919,8416,8488
2026-07-31T12:38:32.550040+00:00,13532.020772515,1285.674341,1658138302.9247627,1658138303.4247189,1658138305.0640109,-0.4999561309814453,1.6392920017242432,8420,8492
2026-07-31T12:38:33.001666+00:00,13532.472398609,1286.125967,1658138303.6249185,1658138303.9247828,1658138305.5140266,-0.2998642921447754,1.5892438888549805,8423,8495
2026-07-31T12:38:33.449206+00:00,13532.920689924,1286.574259,1658138303.924924,1658138304.32473,1658138305.9640481,-0.39980602264404297,1.6393182277679443,8426,8498
2026-07-31T12:38:34.056463+00:00,13533.527946152,1287.181515,1658138304.6249115,1658138304.9248004,1658138306.5640712,-0.29988884925842285,1.6392707824707031,8430,8502
2026-07-31T12:38:34.510979+00:00,13533.982461954,1287.636031,1658138305.1247578,1658138305.424744,1658138307.0140772,-0.2999861240386963,1.5893332958221436,8433,8505
2026-07-31T12:38:34.955861+00:00,13534.427344597,1288.080913,1658138305.524842,1658138305.8247385,1658138307.4641008,-0.2998964786529541,1.6393623352050781,8436,8508
2026-07-31T12:38:35.552801+00:00,13535.024284211,1288.677853,1658138306.2246382,1658138306.4247696,1658138308.0641232,-0.20013141632080078,1.6393535137176514,8440,8512
2026-07-31T12:38:36.008817+00:00,13535.480299888,1289.133869,1658138306.6247795,1658138306.9249065,1658138308.5141473,-0.3001270294189453,1.5892407894134521,8443,8515
2026-07-31T12:38:36.455243+00:00,13535.926725568,1289.580294,1658138307.0247548,1658138307.324825,1658138308.9641588,-0.30007028579711914,1.639333724975586,8446,8518
2026-07-31T12:38:37.051522+00:00,13536.523006003,1290.176575,1658138307.5247602,1658138307.9247856,1658138309.5641837,-0.4000253677368164,1.6393980979919434,8450,8522
2026-07-31T12:38:37.506313+00:00,13536.977795953,1290.631365,1658138307.924844,1658138308.4245005,1658138310.014211,-0.49965643882751465,1.5897104740142822,8453,8525
2026-07-31T12:38:37.958331+00:00,13537.429813415,1291.083382,1658138308.32492,1658138308.824738,1658138310.4642334,-0.4998180866241455,1.6394953727722168,8456,8528
2026-07-31T12:38:38.554182+00:00,13538.025663582,1291.679232,1658138308.8247423,1658138309.424507,1658138311.0642502,-0.5997645854949951,1.6397433280944824,8460,8532
2026-07-31T12:38:39.001524+00:00,13538.473006968,1292.126576,1658138309.3248956,1658138309.9246721,1658138311.5142736,-0.5997765064239502,1.5896015167236328,8463,8535
2026-07-31T12:38:39.449310+00:00,13538.920792603,1292.574361,1658138309.7249012,1658138310.3248496,1658138311.9642844,-0.5999484062194824,1.639434814453125,8466,8538
2026-07-31T12:38:40.049727+00:00,13539.521208244,1293.174777,1658138310.224653,1658138310.9241905,1658138312.564304,-0.6995375156402588,1.6401135921478271,8470,8542
2026-07-31T12:38:40.506727+00:00,13539.978210343,1293.631779,1658138310.624752,1658138311.423029,1658138313.0143204,-0.7982769012451172,1.5912914276123047,8473,8545
2026-07-31T12:38:40.960091+00:00,13540.431574427,1294.085143,1658138311.1248155,1658138311.8242934,1658138313.4643557,-0.6994779109954834,1.6400623321533203,8476,8548
2026-07-31T12:38:41.561608+00:00,13541.033090888,1294.686660,1658138311.6248245,1658138312.5248241,1658138314.0643737,-0.8999996185302734,1.5395495891571045,8480,8552
2026-07-31T12:38:42.022849+00:00,13541.494331885,1295.147901,1658138312.424746,1658138312.9249125,1658138314.5394626,-0.5001664161682129,1.6145501136779785,8483,8555
2026-07-31T12:38:42.468778+00:00,13541.940261257,1295.593830,1658138312.8248372,1658138313.4236162,1658138314.9644046,-0.5987789630889893,1.5407884120941162,8486,8558
2026-07-31T12:38:43.071568+00:00,13542.543050513,1296.196619,1658138313.3249352,1658138314.0247374,1658138315.589429,-0.6998021602630615,1.5646915435791016,8490,8562
2026-07-31T12:38:43.520426+00:00,13542.991908685,1296.645477,1658138313.7249131,1658138314.4247425,1658138316.0394418,-0.6998293399810791,1.614699363708496,8493,8565
2026-07-31T12:38:43.975905+00:00,13543.447388109,1297.100957,1658138314.0248044,1658138314.9242027,1658138316.4894693,-0.8993983268737793,1.5652666091918945,8496,8568
2026-07-31T12:38:44.576475+00:00,13544.047958246,1297.701527,1658138314.4247465,1658138315.4244173,1658138317.089489,-0.9996707439422607,1.665071725845337,8500,8572
2026-07-31T12:38:45.023722+00:00,13544.495203590,1298.148772,1658138315.0247703,1658138315.9249165,1658138317.5395138,-0.9001462459564209,1.6145973205566406,8503,8575
2026-07-31T12:38:45.476571+00:00,13544.948054094,1298.601623,1658138315.6249115,1658138316.4248338,1658138317.9895158,-0.7999222278594971,1.5646820068359375,8506,8578
2026-07-31T12:38:46.074505+00:00,13545.545987889,1299.199557,1658138316.2249086,1658138316.9239657,1658138318.5895567,-0.6990571022033691,1.6655910015106201,8510,8582
2026-07-31T12:38:46.527892+00:00,13545.999374696,1299.652943,1658138316.9249141,1658138317.424741,1658138319.0395775,-0.49982690811157227,1.6148364543914795,8513,8585
2026-07-31T12:38:46.971649+00:00,13546.443131772,1300.096700,1658138317.224805,1658138317.824823,1658138319.4895933,-0.600017786026001,1.6647703647613525,8516,8588
2026-07-31T12:38:47.572583+00:00,13547.044065389,1300.697634,1658138317.7247317,1658138318.5248091,1658138320.0896149,-0.8000774383544922,1.5648057460784912,8520,8592
2026-07-31T12:38:48.030177+00:00,13547.501660406,1301.155229,1658138318.024769,1658138318.9249134,1658138320.539634,-0.9001443386077881,1.6147205829620361,8523,8595
2026-07-31T12:38:48.480280+00:00,13547.951762735,1301.605331,1658138318.5248134,1658138319.424384,1658138320.9896548,-0.8995707035064697,1.5652706623077393,8526,8598
2026-07-31T12:38:49.084579+00:00,13548.556061486,1302.209630,1658138319.424713,1658138320.0249088,1658138321.5896788,-0.6001958847045898,1.564769983291626,8530,8602
2026-07-31T12:38:49.532078+00:00,13549.003560430,1302.657129,1658138319.9248111,1658138320.4239576,1658138322.0396996,-0.4991464614868164,1.6157419681549072,8533,8605
2026-07-31T12:38:49.988575+00:00,13549.460056552,1303.113625,1658138320.4249053,1658138320.924303,1658138322.4897115,-0.49939775466918945,1.56540846824646,8536,8608
2026-07-31T12:38:50.590679+00:00,13550.062161606,1303.715730,1658138321.0248137,1658138321.5248384,1658138323.0897293,-0.5000247955322266,1.5648908615112305,8540,8612
2026-07-31T12:38:51.037800+00:00,13550.509283594,1304.162852,1658138321.4247496,1658138321.924832,1658138323.5397506,-0.5000824928283691,1.6149184703826904,8543,8615
2026-07-31T12:38:51.489573+00:00,13550.961056401,1304.614625,1658138321.8247497,1658138322.4248147,1658138323.9897726,-0.6000649929046631,1.564957857131958,8546,8618
2026-07-31T12:38:51.942454+00:00,13551.413936910,1305.067506,1658138322.3248563,1658138322.8240416,1658138324.4397886,-0.49918532371520996,1.6157469749450684,8549,8621
2026-07-31T12:38:52.548483+00:00,13552.019964942,1305.673534,1658138322.924753,1658138323.4243495,1658138325.0398128,-0.49959659576416016,1.6154632568359375,8553,8625
2026-07-31T12:38:52.997888+00:00,13552.469371155,1306.122940,1658138323.2246633,1658138323.9243784,1658138325.5149016,-0.6997151374816895,1.5905232429504395,8556,8628
2026-07-31T12:38:53.448724+00:00,13552.920205830,1306.573774,1658138323.5248263,1658138324.3247283,1658138325.9648576,-0.7999019622802734,1.6401293277740479,8559,8631
2026-07-31T12:38:54.048393+00:00,13553.519875635,1307.173444,1658138324.1247232,1658138324.9242485,1658138326.564875,-0.799525260925293,1.6406264305114746,8563,8635
2026-07-31T12:38:54.500507+00:00,13553.971990373,1307.625559,1658138324.5248249,1658138325.4241035,1658138327.014889,-0.8992786407470703,1.5907855033874512,8566,8638
2026-07-31T12:38:54.945321+00:00,13554.416804266,1308.070373,1658138324.8248336,1658138325.8248184,1658138327.4399033,-0.9999847412109375,1.6150848865509033,8569,8641
2026-07-31T12:38:55.543881+00:00,13555.015363035,1308.668932,1658138325.6247625,1658138326.424721,1658138328.0399222,-0.7999584674835205,1.6152012348175049,8573,8645
2026-07-31T12:38:56.003580+00:00,13555.475061641,1309.128630,1658138326.024751,1658138326.9246159,1658138328.5149546,-0.899864912033081,1.5903387069702148,8576,8648
2026-07-31T12:38:56.449694+00:00,13555.921176286,1309.574745,1658138326.5249116,1658138327.3249197,1658138328.9649684,-0.8000080585479736,1.6400487422943115,8579,8651
2026-07-31T12:38:57.050869+00:00,13556.522351437,1310.175920,1658138327.2247093,1658138327.923695,1658138329.564995,-0.6989858150482178,1.6412999629974365,8583,8655
2026-07-31T12:38:57.503557+00:00,13556.975037990,1310.628607,1658138327.8248506,1658138328.4227228,1658138330.0150259,-0.597872257232666,1.5923030376434326,8586,8658
2026-07-31T12:38:57.961051+00:00,13557.432533855,1311.086102,1658138328.3248115,1658138328.824763,1658138330.4650266,-0.4999516010284424,1.640263557434082,8589,8661
2026-07-31T12:38:58.554695+00:00,13558.026174016,1311.679743,1658138328.7249303,1658138329.4242852,1658138331.0650465,-0.699354887008667,1.640761375427246,8593,8665
2026-07-31T12:38:58.997542+00:00,13558.469024718,1312.122593,1658138329.3248713,1658138329.924319,1658138331.515069,-0.5994477272033691,1.590749979019165,8596,8668
2026-07-31T12:38:59.448164+00:00,13558.919647527,1312.573216,1658138329.7248573,1658138330.324813,1658138331.9650872,-0.5999555587768555,1.6402742862701416,8599,8671
2026-07-31T12:39:00.052355+00:00,13559.523837687,1313.177406,1658138330.62484,1658138330.924709,1658138332.5651178,-0.2998690605163574,1.6404087543487549,8603,8675
2026-07-31T12:39:00.511209+00:00,13559.982691389,1313.636260,1658138331.0248156,1658138331.424762,1658138333.015132,-0.3999464511871338,1.5903699398040771,8606,8678
2026-07-31T12:39:00.960765+00:00,13560.432247492,1314.085816,1658138331.3249362,1658138331.924444,1658138333.4651546,-0.5995078086853027,1.540710687637329,8609,8681
2026-07-31T12:39:01.563512+00:00,13561.034995424,1314.688564,1658138331.7249043,1658138332.5240257,1658138334.0651894,-0.7991213798522949,1.541163682937622,8613,8685
2026-07-31T12:39:02.014839+00:00,13561.486321846,1315.139890,1658138332.1249058,1658138332.9246292,1658138334.515194,-0.7997233867645264,1.5905647277832031,8616,8688
2026-07-31T12:39:02.463999+00:00,13561.935480982,1315.589050,1658138332.5248287,1658138333.4239144,1658138334.9652147,-0.8990857601165771,1.5413002967834473,8619,8691
2026-07-31T12:39:03.067121+00:00,13562.538603950,1316.192173,1658138333.1247556,1658138333.9241047,1658138335.5652323,-0.7993490695953369,1.641127586364746,8623,8695
2026-07-31T12:39:03.512605+00:00,13562.985511105,1316.639080,1658138333.7248418,1658138334.4246755,1658138336.0152621,-0.6998336315155029,1.5905866622924805,8626,8698
2026-07-31T12:39:03.969142+00:00,13563.442048760,1317.095617,1658138334.3248754,1658138334.924885,1658138336.4652722,-0.6000096797943115,1.5403871536254883,8629,8701
2026-07-31T12:39:04.560623+00:00,13564.033530483,1317.687099,1658138334.8248281,1658138335.424768,1658138337.0652955,-0.5999398231506348,1.6405274868011475,8633,8705
2026-07-31T12:39:05.003705+00:00,13564.476610885,1318.130180,1658138335.2250001,1658138335.9247053,1658138337.515325,-0.6997051239013672,1.5906198024749756,8636,8708
2026-07-31T12:39:05.452195+00:00,13564.925102666,1318.578671,1658138335.6247444,1658138336.3248756,1658138337.9653227,-0.7001311779022217,1.6404471397399902,8639,8711
2026-07-31T12:39:06.050989+00:00,13565.523896508,1319.177465,1658138336.1248145,1658138336.9245334,1658138338.565351,-0.7997188568115234,1.640817642211914,8643,8715
2026-07-31T12:39:06.500302+00:00,13565.973210345,1319.626779,1658138336.5249238,1658138337.4246387,1658138339.0153906,-0.8997149467468262,1.5907518863677979,8646,8718
2026-07-31T12:39:06.949383+00:00,13566.422290443,1320.075859,1658138337.024899,1658138337.8248043,1658138339.465391,-0.7999053001403809,1.6405866146087646,8649,8721
2026-07-31T12:39:07.553339+00:00,13567.026246020,1320.679815,1658138337.7248402,1658138338.4246862,1658138340.065414,-0.6998460292816162,1.6407277584075928,8653,8725
2026-07-31T12:39:08.010928+00:00,13567.483834965,1321.137404,1658138338.424728,1658138338.9244993,1658138340.5154405,-0.4997713565826416,1.5909411907196045,8656,8728
2026-07-31T12:39:08.456365+00:00,13567.929272732,1321.582841,1658138338.8248436,1658138339.324465,1658138340.965447,-0.4996213912963867,1.640981912612915,8659,8731
2026-07-31T12:39:09.058722+00:00,13568.531629685,1322.185198,1658138339.624907,1658138339.9249206,1658138341.565482,-0.30001354217529297,1.6405613422393799,8663,8735
2026-07-31T12:39:09.510180+00:00,13568.983087583,1322.636656,1658138340.0247817,1658138340.4247844,1658138342.015489,-0.40000271797180176,1.5907046794891357,8666,8738
2026-07-31T12:39:09.968454+00:00,13569.441361336,1323.094930,1658138340.4248137,1658138340.9241948,1658138342.465517,-0.49938106536865234,1.5413222312927246,8669,8741
2026-07-31T12:39:10.570182+00:00,13570.043089600,1323.696658,1658138340.8249273,1658138341.4238696,1658138343.0905433,-0.5989422798156738,1.6666736602783203,8673,8745
2026-07-31T12:39:11.021722+00:00,13570.494629864,1324.148199,1658138341.1249316,1658138341.9234827,1658138343.5405467,-0.798551082611084,1.6170639991760254,8676,8748
2026-07-31T12:39:11.476397+00:00,13570.949305174,1324.602874,1658138341.5248127,1658138342.3248928,1658138343.9905775,-0.8000800609588623,1.665684700012207,8679,8751
2026-07-31T12:39:11.941978+00:00,13571.414885515,1325.068454,1658138342.1247542,1658138342.8229263,1658138344.4405978,-0.6981720924377441,1.6176714897155762,8682,8754
2026-07-31T12:39:12.568469+00:00,13572.041375378,1325.694944,1658138342.5248153,1658138343.424817,1658138345.0656343,-0.9000017642974854,1.6408171653747559,8686,8758
2026-07-31T12:39:13.024269+00:00,13572.497176953,1326.150746,1658138343.0248954,1658138343.9247563,1658138345.5406525,-0.8998608589172363,1.615896224975586,8689,8761
2026-07-31T12:39:13.467830+00:00,13572.940736127,1326.594305,1658138343.4248211,1658138344.3249302,1658138345.9656556,-0.900109052658081,1.6407253742218018,8692,8764
2026-07-31T12:39:14.066375+00:00,13573.539282861,1327.192852,1658138344.0248523,1658138345.0248315,1658138346.5656688,-0.9999792575836182,1.540837287902832,8696,8768
2026-07-31T12:39:14.514385+00:00,13573.987292493,1327.640861,1658138344.3249342,1658138345.4248624,1658138347.0156877,-1.0999281406402588,1.5908253192901611,8699,8771
2026-07-31T12:39:14.965899+00:00,13574.438806498,1328.092375,1658138344.724875,1658138345.8247302,1658138347.4657118,-1.0998551845550537,1.640981674194336,8702,8774
2026-07-31T12:39:15.567222+00:00,13575.040129188,1328.693698,1658138345.8247385,1658138346.5236661,1658138348.0657582,-0.698927640914917,1.5420920848846436,8706,8778
2026-07-31T12:39:16.020345+00:00,13575.493252679,1329.146821,1658138346.3248267,1658138346.9247427,1658138348.540752,-0.5999159812927246,1.61600923538208,8709,8781
2026-07-31T12:39:16.465440+00:00,13575.938347535,1329.591916,1658138346.7248175,1658138347.3245006,1658138348.965769,-0.5996830463409424,1.6412684917449951,8712,8784
2026-07-31T12:39:17.068346+00:00,13576.541251940,1330.194821,1658138347.224833,1658138347.9211693,1658138349.5657964,-0.6963362693786621,1.6446270942687988,8716,8788
2026-07-31T12:39:17.521916+00:00,13576.994823216,1330.648392,1658138347.6249309,1658138348.424062,1658138350.040808,-0.7991311550140381,1.616745948791504,8719,8791
2026-07-31T12:39:17.982239+00:00,13577.455145796,1331.108714,1658138348.0249276,1658138348.9241707,1658138350.4908428,-0.8992431163787842,1.5666720867156982,8722,8794
2026-07-31T12:39:18.592340+00:00,13578.065239385,1331.718808,1658138348.7248194,1658138349.524866,1658138351.0908685,-0.8000466823577881,1.566002368927002,8726,8798
2026-07-31T12:39:19.041887+00:00,13578.514794258,1332.168363,1658138349.4247792,1658138349.9248405,1658138351.5408852,-0.5000612735748291,1.6160447597503662,8729,8801
2026-07-31T12:39:19.499503+00:00,13578.972410260,1332.625979,1658138350.0248141,1658138350.4223516,1658138352.015892,-0.3975374698638916,1.5935404300689697,8732,8804
2026-07-31T12:39:19.954916+00:00,13579.427823585,1333.081392,1658138350.5248258,1658138350.914756,1658138352.465916,-0.38993024826049805,1.5511598587036133,8735,8807
2026-07-31T12:39:20.560927+00:00,13580.033834373,1333.687403,1658138351.124767,1658138351.5248482,1658138353.065952,-0.40008115768432617,1.5411038398742676,8739,8811
2026-07-31T12:39:21.017628+00:00,13580.490535832,1334.144104,1658138351.5248523,1658138351.918978,1658138353.5159483,-0.39412569999694824,1.5969703197479248,8742,8814
2026-07-31T12:39:21.471246+00:00,13580.944153565,1334.597722,1658138352.0248914,1658138352.3248575,1658138353.990972,-0.29996609687805176,1.6661145687103271,8745,8817
2026-07-31T12:39:22.080086+00:00,13581.552993422,1335.206562,1658138352.524798,1658138353.0210047,1658138354.5909984,-0.49620676040649414,1.5699937343597412,8749,8821
2026-07-31T12:39:22.528365+00:00,13582.001271617,1335.654840,1658138353.0248501,1658138353.4248464,1658138355.0410187,-0.399996280670166,1.6161723136901855,8752,8824
2026-07-31T12:39:22.980973+00:00,13582.453880024,1336.107449,1658138353.4248505,1658138353.9227114,1658138355.4910355,-0.4978609085083008,1.568324089050293,8755,8827
2026-07-31T12:39:23.581459+00:00,13583.054367159,1336.707936,1658138354.12471,1658138354.5247464,1658138356.091085,-0.4000363349914551,1.5663385391235352,8759,8831
2026-07-31T12:39:24.039669+00:00,13583.512575473,1337.166144,1658138354.5247505,1658138354.9247425,1658138356.541071,-0.3999919891357422,1.616328477859497,8762,8834
2026-07-31T12:39:24.487982+00:00,13583.960888516,1337.614457,1658138354.9247465,1658138355.4233258,1658138356.9910839,-0.4985792636871338,1.5677580833435059,8765,8837
2026-07-31T12:39:25.091711+00:00,13584.564618000,1338.218187,1658138355.4249241,1658138356.0054903,1658138357.5911233,-0.5805661678314209,1.5856330394744873,8769,8841
2026-07-31T12:39:25.538167+00:00,13585.011074102,1338.664643,1658138355.9247525,1658138356.424807,1658138358.0411394,-0.5000545978546143,1.6163322925567627,8772,8844
2026-07-31T12:39:25.994537+00:00,13585.467444498,1339.121013,1658138356.2246323,1658138356.9207928,1658138358.4911642,-0.6961605548858643,1.570371389389038,8775,8847
2026-07-31T12:39:26.440846+00:00,13585.913753556,1339.567322,1658138356.8249125,1658138357.3248804,1658138358.9411798,-0.4999678134918213,1.6162993907928467,8778,8850
2026-07-31T12:39:27.046104+00:00,13586.519011273,1340.172580,1658138357.3248847,1658138357.923766,1658138359.5661957,-0.5988812446594238,1.6424298286437988,8782,8854
2026-07-31T12:39:27.496083+00:00,13586.968989815,1340.622558,1658138357.724748,1658138358.4071798,1658138360.0162184,-0.6824319362640381,1.6090385913848877,8785,8857
2026-07-31T12:39:27.949874+00:00,13587.422781736,1341.076350,1658138358.2245529,1658138358.8247397,1658138360.4662347,-0.600186824798584,1.6414949893951416,8788,8860
2026-07-31T12:39:28.552224+00:00,13588.025131818,1341.678700,1658138358.6249223,1658138359.5248902,1658138361.0662558,-0.8999679088592529,1.541365623474121,8792,8864
2026-07-31T12:39:28.999385+00:00,13588.472292700,1342.125861,1658138359.1247587,1658138359.9247465,1658138361.5162714,-0.79998779296875,1.5915248394012451,8795,8867
2026-07-31T12:39:29.448265+00:00,13588.921170512,1342.574739,1658138359.6247346,1658138360.315622,1658138361.9662912,-0.690887451171875,1.6506690979003906,8798,8870
2026-07-31T12:39:30.057408+00:00,13589.530314363,1343.183883,1658138360.2246065,1658138361.0210514,1658138362.5663137,-0.7964448928833008,1.545262336730957,8802,8874
2026-07-31T12:39:30.509980+00:00,13589.982887256,1343.636456,1658138360.524751,1658138361.4177132,1658138363.016333,-0.8929622173309326,1.5986199378967285,8805,8877
2026-07-31T12:39:30.961660+00:00,13590.434567821,1344.088136,1658138360.9247506,1658138361.8125916,1658138363.4663613,-0.887840986251831,1.6537697315216064,8808,8880
2026-07-31T12:39:31.570764+00:00,13591.043671336,1344.697240,1658138361.6248143,1658138362.5247319,1658138364.091386,-0.8999176025390625,1.5666542053222656,8812,8884
2026-07-31T12:39:32.025796+00:00,13591.498702963,1345.152272,1658138362.2248473,1658138362.914773,1658138364.5414035,-0.6899256706237793,1.6266305446624756,8815,8887
2026-07-31T12:39:32.471880+00:00,13591.944788126,1345.598357,1658138362.8247387,1658138363.4248984,1658138364.991437,-0.6001596450805664,1.5665385723114014,8818,8890
2026-07-31T12:39:33.080681+00:00,13592.553588282,1346.207157,1658138363.6248438,1658138364.0248213,1658138365.5914445,-0.399977445602417,1.5666232109069824,8822,8894
2026-07-31T12:39:33.527892+00:00,13593.002412215,1346.655981,1658138364.0248256,1658138364.4112115,1658138366.041452,-0.3863859176635742,1.6302404403686523,8825,8897
2026-07-31T12:39:33.986141+00:00,13593.460660840,1347.114229,1658138364.4249148,1658138364.9247696,1658138366.4914827,-0.49985480308532715,1.5667130947113037,8828,8900
2026-07-31T12:39:34.582570+00:00,13594.057088654,1347.710657,1658138364.9247742,1658138365.5138824,1658138367.0914981,-0.5891082286834717,1.577615737915039,8832,8904
2026-07-31T12:39:35.040333+00:00,13594.514852815,1348.168421,1658138365.4249163,1658138365.9243217,1658138367.541515,-0.4994053840637207,1.6171934604644775,8835,8907
2026-07-31T12:39:35.495853+00:00,13594.970372188,1348.623941,1658138366.0248477,1658138366.4247673,1658138368.0165367,-0.3999195098876953,1.5917694568634033,8838,8910
2026-07-31T12:39:35.955538+00:00,13595.430058195,1349.083627,1658138366.424771,1658138366.7885962,1658138368.466544,-0.36382508277893066,1.677947759628296,8841,8913
2026-07-31T12:39:36.563187+00:00,13596.037706651,1349.691275,1658138367.024931,1658138367.524928,1658138369.0665755,-0.4999971389770508,1.5416474342346191,8845,8917
2026-07-31T12:39:37.011322+00:00,13596.485841212,1350.139410,1658138367.5249326,1658138367.9248924,1658138369.5165808,-0.3999598026275635,1.5916883945465088,8848,8920
2026-07-31T12:39:37.477188+00:00,13596.951706848,1350.605275,1658138367.9248965,1658138368.424931,1658138369.9916084,-0.5000345706939697,1.5666773319244385,8851,8923
2026-07-31T12:39:38.086330+00:00,13597.560850274,1351.214419,1658138368.6248639,1658138369.0248263,1658138370.591648,-0.3999624252319336,1.566821813583374,8855,8927
2026-07-31T12:39:38.535197+00:00,13598.009717157,1351.663286,1658138369.124912,1658138369.4248223,1658138371.0416515,-0.299910306930542,1.6168291568756104,8858,8930
2026-07-31T12:39:38.989198+00:00,13598.463718175,1352.117287,1658138369.4248266,1658138369.9249048,1658138371.4916668,-0.5000782012939453,1.5667619705200195,8861,8933
2026-07-31T12:39:39.449600+00:00,13598.924120173,1352.577689,1658138369.8248193,1658138370.224788,1658138371.9666862,-0.39996862411499023,1.7418982982635498,8864,8936
2026-07-31T12:39:40.059558+00:00,13599.534076992,1353.187646,1658138370.4247224,1658138370.6248968,1658138372.5667188,-0.20017433166503906,1.9418220520019531,8868,8940
2026-07-31T12:39:40.513872+00:00,13599.988391491,1353.641960,1658138370.8248198,1658138370.924924,1658138373.0167136,-0.10010409355163574,2.091789722442627,8871,8943
2026-07-31T12:39:40.965218+00:00,13600.439737694,1354.093306,1658138371.224719,1658138371.2243774,1658138373.466739,0.00034165382385253906,2.242361545562744,8874,8946
2026-07-31T12:39:41.569367+00:00,13601.043885792,1354.697454,1658138371.824896,1658138371.6231153,1658138374.0667715,0.2017807960510254,2.4436562061309814,8878,8950
2026-07-31T12:39:42.024605+00:00,13601.499124677,1355.152693,1658138372.4249177,1658138371.924189,1658138374.5417786,0.5007286071777344,2.6175894737243652,8881,8953
2026-07-31T12:39:42.476336+00:00,13601.950855635,1355.604424,1658138372.7247055,1658138372.0226145,1658138374.9917958,0.7020909786224365,2.9691812992095947,8882,8956
2026-07-31T12:39:43.082491+00:00,13602.557009809,1356.210578,1658138373.524924,1658138372.0226145,1658138375.591822,1.5023095607757568,3.5692074298858643,8882,8960
2026-07-31T12:39:43.539067+00:00,13603.013586241,1356.667155,1658138374.124814,1658138372.0226145,1658138376.0418372,2.1021995544433594,4.019222736358643,8882,8963
2026-07-31T12:39:43.996431+00:00,13603.470951322,1357.124520,1658138374.5248897,1658138372.0226145,1658138376.5168593,2.502275228500366,4.494244813919067,8882,8966
2026-07-31T12:39:44.451933+00:00,13603.926452945,1357.580022,1658138374.824899,1658138372.0226145,1658138376.9668758,2.8022844791412354,4.944261312484741,8882,8969
2026-07-31T12:39:45.053123+00:00,13604.527641896,1358.181211,1658138375.42483,1658138372.0226145,1658138377.5669057,3.4022154808044434,5.544291257858276,8882,8973
2026-07-31T12:39:45.508582+00:00,13604.983101288,1358.636670,1658138375.8248057,1658138372.0226145,1658138378.0169253,3.8021912574768066,5.9943108558654785,8882,8976
2026-07-31T12:39:45.955974+00:00,13605.430494291,1359.084063,1658138376.224684,1658138372.0226145,1658138378.4669597,4.202069520950317,6.444345235824585,8882,8979
2026-07-31T12:39:46.562298+00:00,13606.036816476,1359.690385,1658138376.7247536,1658138372.0226145,1658138379.0669787,4.702139139175415,7.0443642139434814,8882,8983
2026-07-31T12:39:47.016651+00:00,13606.491170672,1360.144739,1658138377.324867,1658138372.0226145,1658138379.5169885,5.302252531051636,7.49437403678894,8882,8986
2026-07-31T12:39:47.474724+00:00,13606.949243950,1360.602813,1658138377.7248602,1658138372.0226145,1658138379.9920218,5.702245712280273,7.969407320022583,8882,8989
2026-07-31T12:39:48.074103+00:00,13607.548623343,1361.202192,1658138378.3247533,1658138372.0226145,1658138380.592056,6.302138805389404,8.569441556930542,8882,8993
2026-07-31T12:39:48.524344+00:00,13607.998863701,1361.652432,1658138379.0247471,1658138372.0226145,1658138381.042068,7.0021326541900635,9.019453525543213,8882,8996
2026-07-31T12:39:48.979796+00:00,13608.454315435,1362.107884,1658138379.4248214,1658138372.0226145,1658138381.4920917,7.402206897735596,9.46947717666626,8882,8999
2026-07-31T12:39:49.575508+00:00,13609.050028436,1362.703597,1658138380.1249065,1658138372.0226145,1658138381.5920963,8.10229206085205,9.56948184967041,8882,9003
2026-07-31T12:39:50.026890+00:00,13609.501409379,1363.154978,1658138380.4249089,1658138372.0226145,1658138381.6671007,8.402294397354126,9.64448618888855,8882,9006
2026-07-31T12:39:50.473698+00:00,13609.948217409,1363.601786,1658138380.7248101,1658138372.0226145,1658138381.7420998,8.702195644378662,9.71948528289795,8882,9009
2026-07-31T12:39:51.076754+00:00,13610.551272956,1364.204842,1658138381.124905,1658138372.0226145,1658138381.8421037,9.102290630340576,9.819489240646362,8882,9013
2026-07-31T12:39:51.533766+00:00,13611.008285367,1364.661854,1658138381.4247384,1658138372.0226145,1658138381.9171033,9.402123928070068,9.89448881149292,8882,9016
2026-07-31T12:39:51.979053+00:00,13611.453572976,1365.107142,1658138381.7247367,1658138372.0226145,1658138381.9921193,9.702122211456299,9.969504833221436,8882,9019
2026-07-31T12:39:52.379540+00:00,13611.854058478,1365.507627,1658138381.7247367,1658138372.0226145,1658138381.9921193,9.702122211456299,9.969504833221436,8882,9019
