[0.000000] (-) TimerEvent: {}
[0.000185] (livox_ros_driver2) JobQueued: {'identifier': 'livox_ros_driver2', 'dependencies': OrderedDict()}
[0.000520] (fast_lio) JobQueued: {'identifier': 'fast_lio', 'dependencies': OrderedDict([('livox_ros_driver2', '/workspace/stage2_workspaces/b2/install/livox_ros_driver2')])}
[0.000720] (livox_ros_driver2) JobStarted: {'identifier': 'livox_ros_driver2'}
[0.018128] (livox_ros_driver2) JobProgress: {'identifier': 'livox_ros_driver2', 'progress': 'cmake'}
[0.033992] (livox_ros_driver2) JobProgress: {'identifier': 'livox_ros_driver2', 'progress': 'build'}
[0.038077] (livox_ros_driver2) Command: {'cmd': ['/usr/bin/cmake', '--build', '/workspace/stage2_workspaces/b2/build/livox_ros_driver2', '--', '-j20', '-l20'], 'cwd': '/workspace/stage2_workspaces/b2/build/livox_ros_driver2', 'env': OrderedDict([('HOSTNAME', 'dc3ae6023b26'), ('SHLVL', '0'), ('LIBGL_ALWAYS_SOFTWARE', '0'), ('LD_LIBRARY_PATH', '/opt/ros/humble/opt/rviz_ogre_vendor/lib:/opt/ros/humble/lib/x86_64-linux-gnu:/opt/ros/humble/lib'), ('HOME', '/root'), ('OLDPWD', '/workspace'), ('ROS_PYTHON_VERSION', '3'), ('ROS_DISTRO', 'humble'), ('_', '/usr/bin/colcon'), ('ROS_VERSION', '2'), ('ROS_LOCALHOST_ONLY', '0'), ('PATH', '/opt/ros/humble/bin:/usr/local/sbin:/usr/local/bin:/usr/sbin:/usr/bin:/sbin:/bin'), ('DISPLAY', 'host.docker.internal:0.0'), ('LANG', 'C.UTF-8'), ('AMENT_PREFIX_PATH', '/opt/ros/humble'), ('PWD', '/workspace/stage2_workspaces/b2/build/livox_ros_driver2'), ('LC_ALL', 'C.UTF-8'), ('PYTHONPATH', '/opt/ros/humble/lib/python3.10/site-packages:/opt/ros/humble/local/lib/python3.10/dist-packages'), ('COLCON', '1'), ('CMAKE_PREFIX_PATH', '/opt/ros/humble')]), 'shell': False}
[0.098628] (-) TimerEvent: {}
[0.198862] (-) TimerEvent: {}
[0.231336] (livox_ros_driver2) StdoutLine: {'line': b'[  1%] Built target livox_interfaces2__rs\n'}
[0.256820] (livox_ros_driver2) StdoutLine: {'line': b'[  3%] Built target livox_interfaces2__cpp\n'}
[0.298976] (-) TimerEvent: {}
[0.330801] (livox_ros_driver2) StdoutLine: {'line': b'Consolidate compiler generated dependencies of target livox_interfaces2__rosidl_generator_c\n'}
[0.399134] (-) TimerEvent: {}
[0.422650] (livox_ros_driver2) StdoutLine: {'line': b'[ 10%] Built target livox_interfaces2__rosidl_generator_c\n'}
[0.499244] (-) TimerEvent: {}
[0.522451] (livox_ros_driver2) StdoutLine: {'line': b'Consolidate compiler generated dependencies of target livox_interfaces2__rosidl_typesupport_cpp\n'}
[0.569883] (livox_ros_driver2) StdoutLine: {'line': b'Consolidate compiler generated dependencies of target livox_interfaces2__rosidl_typesupport_c\n'}
[0.571964] (livox_ros_driver2) StdoutLine: {'line': b'Consolidate compiler generated dependencies of target livox_interfaces2__rosidl_typesupport_introspection_cpp\n'}
[0.599361] (-) TimerEvent: {}
[0.609162] (livox_ros_driver2) StdoutLine: {'line': b'Consolidate compiler generated dependencies of target livox_interfaces2__rosidl_typesupport_fastrtps_cpp\n'}
[0.614155] (livox_ros_driver2) StdoutLine: {'line': b'Consolidate compiler generated dependencies of target livox_ros_driver2_node\n'}
[0.617508] (livox_ros_driver2) StdoutLine: {'line': b'[ 17%] Built target livox_interfaces2__rosidl_typesupport_cpp\n'}
[0.641708] (livox_ros_driver2) StdoutLine: {'line': b'Consolidate compiler generated dependencies of target livox_interfaces2__rosidl_typesupport_introspection_c\n'}
[0.681563] (livox_ros_driver2) StdoutLine: {'line': b'[ 32%] Built target livox_ros_driver2_node\n'}
[0.683802] (livox_ros_driver2) StdoutLine: {'line': b'[ 34%] Built target livox_interfaces2__rosidl_typesupport_introspection_cpp\n'}
[0.687515] (livox_ros_driver2) StdoutLine: {'line': b'[ 34%] Built target livox_interfaces2__rosidl_typesupport_c\n'}
[0.699484] (-) TimerEvent: {}
[0.722386] (livox_ros_driver2) StdoutLine: {'line': b'[ 41%] Built target livox_interfaces2__rosidl_typesupport_fastrtps_cpp\n'}
[0.754704] (livox_ros_driver2) StdoutLine: {'line': b'[ 48%] Built target livox_interfaces2__rosidl_typesupport_introspection_c\n'}
[0.768121] (livox_ros_driver2) StdoutLine: {'line': b'Consolidate compiler generated dependencies of target livox_interfaces2__rosidl_typesupport_fastrtps_c\n'}
[0.799601] (-) TimerEvent: {}
[0.828405] (livox_ros_driver2) StdoutLine: {'line': b'[ 48%] Built target ament_cmake_python_copy_livox_ros_driver2\n'}
[0.846199] (livox_ros_driver2) StdoutLine: {'line': b'[ 55%] Built target livox_interfaces2__rosidl_typesupport_fastrtps_c\n'}
[0.888408] (livox_ros_driver2) StdoutLine: {'line': b'[ 55%] Built target livox_interfaces2\n'}
[0.899714] (-) TimerEvent: {}
[0.983037] (livox_ros_driver2) StdoutLine: {'line': b'[ 56%] Built target livox_interfaces2__py\n'}
[0.999844] (-) TimerEvent: {}
[1.031704] (livox_ros_driver2) StdoutLine: {'line': b'running egg_info\n'}
[1.034209] (livox_ros_driver2) StdoutLine: {'line': b'writing livox_ros_driver2.egg-info/PKG-INFO\n'}
[1.038088] (livox_ros_driver2) StdoutLine: {'line': b'writing dependency_links to livox_ros_driver2.egg-info/dependency_links.txt\n'}
[1.044097] (livox_ros_driver2) StdoutLine: {'line': b'writing top-level names to livox_ros_driver2.egg-info/top_level.txt\n'}
[1.072393] (livox_ros_driver2) StdoutLine: {'line': b"reading manifest file 'livox_ros_driver2.egg-info/SOURCES.txt'\n"}
[1.099974] (-) TimerEvent: {}
[1.106120] (livox_ros_driver2) StdoutLine: {'line': b"writing manifest file 'livox_ros_driver2.egg-info/SOURCES.txt'\n"}
[1.135883] (livox_ros_driver2) StdoutLine: {'line': b'[ 56%] Built target ament_cmake_python_build_livox_ros_driver2_egg\n'}
[1.165132] (livox_ros_driver2) StdoutLine: {'line': b'Consolidate compiler generated dependencies of target livox_interfaces2__rosidl_generator_py\n'}
[1.200077] (-) TimerEvent: {}
[1.223595] (livox_ros_driver2) StdoutLine: {'line': b'[ 62%] Built target livox_interfaces2__rosidl_generator_py\n'}
[1.300183] (-) TimerEvent: {}
[1.359696] (livox_ros_driver2) StdoutLine: {'line': b'Consolidate compiler generated dependencies of target livox_ros_driver2__rosidl_typesupport_c__pyext\n'}
[1.361929] (livox_ros_driver2) StdoutLine: {'line': b'Consolidate compiler generated dependencies of target livox_ros_driver2__rosidl_typesupport_fastrtps_c__pyext\n'}
[1.362658] (livox_ros_driver2) StdoutLine: {'line': b'Consolidate compiler generated dependencies of target livox_ros_driver2__rosidl_typesupport_introspection_c__pyext\n'}
[1.400306] (-) TimerEvent: {}
[1.407829] (livox_ros_driver2) StdoutLine: {'line': b'[ 72%] Built target livox_ros_driver2__rosidl_typesupport_introspection_c__pyext\n'}
[1.408492] (livox_ros_driver2) StdoutLine: {'line': b'[ 72%] Built target livox_ros_driver2__rosidl_typesupport_c__pyext\n'}
[1.409258] (livox_ros_driver2) StdoutLine: {'line': b'[ 72%] Built target livox_ros_driver2__rosidl_typesupport_fastrtps_c__pyext\n'}
[1.500435] (-) TimerEvent: {}
[1.600688] (-) TimerEvent: {}
[1.700951] (-) TimerEvent: {}
[1.801190] (-) TimerEvent: {}
[1.846450] (livox_ros_driver2) StdoutLine: {'line': b'Consolidate compiler generated dependencies of target livox_ros_driver2\n'}
[1.901305] (-) TimerEvent: {}
[2.001577] (-) TimerEvent: {}
[2.013624] (livox_ros_driver2) StdoutLine: {'line': b'[100%] Built target livox_ros_driver2\n'}
[2.101689] (-) TimerEvent: {}
[2.127089] (livox_ros_driver2) CommandEnded: {'returncode': 0}
[2.136505] (livox_ros_driver2) JobProgress: {'identifier': 'livox_ros_driver2', 'progress': 'install'}
[2.143410] (livox_ros_driver2) Command: {'cmd': ['/usr/bin/cmake', '--install', '/workspace/stage2_workspaces/b2/build/livox_ros_driver2'], 'cwd': '/workspace/stage2_workspaces/b2/build/livox_ros_driver2', 'env': OrderedDict([('HOSTNAME', 'dc3ae6023b26'), ('SHLVL', '0'), ('LIBGL_ALWAYS_SOFTWARE', '0'), ('LD_LIBRARY_PATH', '/opt/ros/humble/opt/rviz_ogre_vendor/lib:/opt/ros/humble/lib/x86_64-linux-gnu:/opt/ros/humble/lib'), ('HOME', '/root'), ('OLDPWD', '/workspace'), ('ROS_PYTHON_VERSION', '3'), ('ROS_DISTRO', 'humble'), ('_', '/usr/bin/colcon'), ('ROS_VERSION', '2'), ('ROS_LOCALHOST_ONLY', '0'), ('PATH', '/opt/ros/humble/bin:/usr/local/sbin:/usr/local/bin:/usr/sbin:/usr/bin:/sbin:/bin'), ('DISPLAY', 'host.docker.internal:0.0'), ('LANG', 'C.UTF-8'), ('AMENT_PREFIX_PATH', '/opt/ros/humble'), ('PWD', '/workspace/stage2_workspaces/b2/build/livox_ros_driver2'), ('LC_ALL', 'C.UTF-8'), ('PYTHONPATH', '/opt/ros/humble/lib/python3.10/site-packages:/opt/ros/humble/local/lib/python3.10/dist-packages'), ('COLCON', '1'), ('CMAKE_PREFIX_PATH', '/opt/ros/humble')]), 'shell': False}
[2.151346] (livox_ros_driver2) StdoutLine: {'line': b'-- Install configuration: "Release"\n'}
[2.167130] (livox_ros_driver2) StdoutLine: {'line': b'-- Up-to-date: /workspace/stage2_workspaces/b2/install/livox_ros_driver2/share/ament_index/resource_index/rosidl_interfaces/livox_ros_driver2\n'}
[2.176453] (livox_ros_driver2) StdoutLine: {'line': b'-- Up-to-date: /workspace/stage2_workspaces/b2/install/livox_ros_driver2/include/livox_ros_driver2/livox_ros_driver2\n'}
[2.189219] (livox_ros_driver2) StdoutLine: {'line': b'-- Up-to-date: /workspace/stage2_workspaces/b2/install/livox_ros_driver2/include/livox_ros_driver2/livox_ros_driver2/msg\n'}
[2.201791] (-) TimerEvent: {}
[2.207159] (livox_ros_driver2) StdoutLine: {'line': b'-- Up-to-date: /workspace/stage2_workspaces/b2/install/livox_ros_driver2/include/livox_ros_driver2/livox_ros_driver2/msg/custom_msg.h\n'}
[2.221180] (livox_ros_driver2) StdoutLine: {'line': b'-- Up-to-date: /workspace/stage2_workspaces/b2/install/livox_ros_driver2/include/livox_ros_driver2/livox_ros_driver2/msg/custom_point.h\n'}
[2.232588] (livox_ros_driver2) StdoutLine: {'line': b'-- Up-to-date: /workspace/stage2_workspaces/b2/install/livox_ros_driver2/include/livox_ros_driver2/livox_ros_driver2/msg/detail\n'}
[2.252567] (livox_ros_driver2) StdoutLine: {'line': b'-- Up-to-date: /workspace/stage2_workspaces/b2/install/livox_ros_driver2/include/livox_ros_driver2/livox_ros_driver2/msg/detail/custom_msg__functions.c\n'}
[2.268661] (livox_ros_driver2) StdoutLine: {'line': b'-- Up-to-date: /workspace/stage2_workspaces/b2/install/livox_ros_driver2/include/livox_ros_driver2/livox_ros_driver2/msg/detail/custom_msg__functions.h\n'}
[2.284919] (livox_ros_driver2) StdoutLine: {'line': b'-- Up-to-date: /workspace/stage2_workspaces/b2/install/livox_ros_driver2/include/livox_ros_driver2/livox_ros_driver2/msg/detail/custom_msg__struct.h\n'}
[2.300761] (livox_ros_driver2) StdoutLine: {'line': b'-- Up-to-date: /workspace/stage2_workspaces/b2/install/livox_ros_driver2/include/livox_ros_driver2/livox_ros_driver2/msg/detail/custom_msg__type_support.h\n'}
[2.301869] (-) TimerEvent: {}
[2.316420] (livox_ros_driver2) StdoutLine: {'line': b'-- Up-to-date: /workspace/stage2_workspaces/b2/install/livox_ros_driver2/include/livox_ros_driver2/livox_ros_driver2/msg/detail/custom_point__functions.c\n'}
[2.333338] (livox_ros_driver2) StdoutLine: {'line': b'-- Up-to-date: /workspace/stage2_workspaces/b2/install/livox_ros_driver2/include/livox_ros_driver2/livox_ros_driver2/msg/detail/custom_point__functions.h\n'}
[2.349264] (livox_ros_driver2) StdoutLine: {'line': b'-- Up-to-date: /workspace/stage2_workspaces/b2/install/livox_ros_driver2/include/livox_ros_driver2/livox_ros_driver2/msg/detail/custom_point__struct.h\n'}
[2.364991] (livox_ros_driver2) StdoutLine: {'line': b'-- Up-to-date: /workspace/stage2_workspaces/b2/install/livox_ros_driver2/include/livox_ros_driver2/livox_ros_driver2/msg/detail/custom_point__type_support.h\n'}
[2.379220] (livox_ros_driver2) StdoutLine: {'line': b'-- Up-to-date: /workspace/stage2_workspaces/b2/install/livox_ros_driver2/include/livox_ros_driver2/livox_ros_driver2/msg/rosidl_generator_c__visibility_control.h\n'}
[2.389917] (livox_ros_driver2) StdoutLine: {'line': b'-- Up-to-date: /workspace/stage2_workspaces/b2/install/livox_ros_driver2/share/livox_ros_driver2/environment/library_path.sh\n'}
[2.401980] (-) TimerEvent: {}
[2.403257] (livox_ros_driver2) StdoutLine: {'line': b'-- Up-to-date: /workspace/stage2_workspaces/b2/install/livox_ros_driver2/share/livox_ros_driver2/environment/library_path.dsv\n'}
[2.425946] (livox_ros_driver2) StdoutLine: {'line': b'-- Up-to-date: /workspace/stage2_workspaces/b2/install/livox_ros_driver2/lib/liblivox_ros_driver2__rosidl_generator_c.so\n'}
[2.449249] (livox_ros_driver2) StdoutLine: {'line': b'-- Up-to-date: /workspace/stage2_workspaces/b2/install/livox_ros_driver2/include/livox_ros_driver2/livox_ros_driver2\n'}
[2.462652] (livox_ros_driver2) StdoutLine: {'line': b'-- Up-to-date: /workspace/stage2_workspaces/b2/install/livox_ros_driver2/include/livox_ros_driver2/livox_ros_driver2/msg\n'}
[2.478221] (livox_ros_driver2) StdoutLine: {'line': b'-- Up-to-date: /workspace/stage2_workspaces/b2/install/livox_ros_driver2/include/livox_ros_driver2/livox_ros_driver2/msg/detail\n'}
[2.498512] (livox_ros_driver2) StdoutLine: {'line': b'-- Up-to-date: /workspace/stage2_workspaces/b2/install/livox_ros_driver2/include/livox_ros_driver2/livox_ros_driver2/msg/detail/custom_msg__rosidl_typesupport_fastrtps_c.h\n'}
[2.502072] (-) TimerEvent: {}
[2.516035] (livox_ros_driver2) StdoutLine: {'line': b'-- Up-to-date: /workspace/stage2_workspaces/b2/install/livox_ros_driver2/include/livox_ros_driver2/livox_ros_driver2/msg/detail/custom_point__rosidl_typesupport_fastrtps_c.h\n'}
[2.530792] (livox_ros_driver2) StdoutLine: {'line': b'-- Up-to-date: /workspace/stage2_workspaces/b2/install/livox_ros_driver2/include/livox_ros_driver2/livox_ros_driver2/msg/rosidl_typesupport_fastrtps_c__visibility_control.h\n'}
[2.553899] (livox_ros_driver2) StdoutLine: {'line': b'-- Up-to-date: /workspace/stage2_workspaces/b2/install/livox_ros_driver2/lib/liblivox_ros_driver2__rosidl_typesupport_fastrtps_c.so\n'}
[2.577629] (livox_ros_driver2) StdoutLine: {'line': b'-- Up-to-date: /workspace/stage2_workspaces/b2/install/livox_ros_driver2/include/livox_ros_driver2/livox_ros_driver2\n'}
[2.590889] (livox_ros_driver2) StdoutLine: {'line': b'-- Up-to-date: /workspace/stage2_workspaces/b2/install/livox_ros_driver2/include/livox_ros_driver2/livox_ros_driver2/msg\n'}
[2.602175] (-) TimerEvent: {}
[2.606596] (livox_ros_driver2) StdoutLine: {'line': b'-- Up-to-date: /workspace/stage2_workspaces/b2/install/livox_ros_driver2/include/livox_ros_driver2/livox_ros_driver2/msg/detail\n'}
[2.627849] (livox_ros_driver2) StdoutLine: {'line': b'-- Up-to-date: /workspace/stage2_workspaces/b2/install/livox_ros_driver2/include/livox_ros_driver2/livox_ros_driver2/msg/detail/custom_msg__rosidl_typesupport_introspection_c.h\n'}
[2.644351] (livox_ros_driver2) StdoutLine: {'line': b'-- Up-to-date: /workspace/stage2_workspaces/b2/install/livox_ros_driver2/include/livox_ros_driver2/livox_ros_driver2/msg/detail/custom_msg__type_support.c\n'}
[2.663644] (livox_ros_driver2) StdoutLine: {'line': b'-- Up-to-date: /workspace/stage2_workspaces/b2/install/livox_ros_driver2/include/livox_ros_driver2/livox_ros_driver2/msg/detail/custom_point__rosidl_typesupport_introspection_c.h\n'}
[2.682793] (livox_ros_driver2) StdoutLine: {'line': b'-- Up-to-date: /workspace/stage2_workspaces/b2/install/livox_ros_driver2/include/livox_ros_driver2/livox_ros_driver2/msg/detail/custom_point__type_support.c\n'}
[2.699192] (livox_ros_driver2) StdoutLine: {'line': b'-- Up-to-date: /workspace/stage2_workspaces/b2/install/livox_ros_driver2/include/livox_ros_driver2/livox_ros_driver2/msg/rosidl_typesupport_introspection_c__visibility_control.h\n'}
[2.702279] (-) TimerEvent: {}
[2.723337] (livox_ros_driver2) StdoutLine: {'line': b'-- Up-to-date: /workspace/stage2_workspaces/b2/install/livox_ros_driver2/lib/liblivox_ros_driver2__rosidl_typesupport_introspection_c.so\n'}
[2.766315] (livox_ros_driver2) StdoutLine: {'line': b'-- Up-to-date: /workspace/stage2_workspaces/b2/install/livox_ros_driver2/lib/liblivox_ros_driver2__rosidl_typesupport_c.so\n'}
[2.791431] (livox_ros_driver2) StdoutLine: {'line': b'-- Up-to-date: /workspace/stage2_workspaces/b2/install/livox_ros_driver2/include/livox_ros_driver2/livox_ros_driver2\n'}
[2.802384] (-) TimerEvent: {}
[2.807207] (livox_ros_driver2) StdoutLine: {'line': b'-- Up-to-date: /workspace/stage2_workspaces/b2/install/livox_ros_driver2/include/livox_ros_driver2/livox_ros_driver2/msg\n'}
[2.827597] (livox_ros_driver2) StdoutLine: {'line': b'-- Up-to-date: /workspace/stage2_workspaces/b2/install/livox_ros_driver2/include/livox_ros_driver2/livox_ros_driver2/msg/custom_msg.hpp\n'}
[2.840628] (livox_ros_driver2) StdoutLine: {'line': b'-- Up-to-date: /workspace/stage2_workspaces/b2/install/livox_ros_driver2/include/livox_ros_driver2/livox_ros_driver2/msg/custom_point.hpp\n'}
[2.851418] (livox_ros_driver2) StdoutLine: {'line': b'-- Up-to-date: /workspace/stage2_workspaces/b2/install/livox_ros_driver2/include/livox_ros_driver2/livox_ros_driver2/msg/detail\n'}
[2.871927] (livox_ros_driver2) StdoutLine: {'line': b'-- Up-to-date: /workspace/stage2_workspaces/b2/install/livox_ros_driver2/include/livox_ros_driver2/livox_ros_driver2/msg/detail/custom_msg__builder.hpp\n'}
[2.886339] (livox_ros_driver2) StdoutLine: {'line': b'-- Up-to-date: /workspace/stage2_workspaces/b2/install/livox_ros_driver2/include/livox_ros_driver2/livox_ros_driver2/msg/detail/custom_msg__struct.hpp\n'}
[2.901782] (livox_ros_driver2) StdoutLine: {'line': b'-- Up-to-date: /workspace/stage2_workspaces/b2/install/livox_ros_driver2/include/livox_ros_driver2/livox_ros_driver2/msg/detail/custom_msg__traits.hpp\n'}
[2.902464] (-) TimerEvent: {}
[2.917424] (livox_ros_driver2) StdoutLine: {'line': b'-- Up-to-date: /workspace/stage2_workspaces/b2/install/livox_ros_driver2/include/livox_ros_driver2/livox_ros_driver2/msg/detail/custom_msg__type_support.hpp\n'}
[2.931870] (livox_ros_driver2) StdoutLine: {'line': b'-- Up-to-date: /workspace/stage2_workspaces/b2/install/livox_ros_driver2/include/livox_ros_driver2/livox_ros_driver2/msg/detail/custom_point__builder.hpp\n'}
[2.947623] (livox_ros_driver2) StdoutLine: {'line': b'-- Up-to-date: /workspace/stage2_workspaces/b2/install/livox_ros_driver2/include/livox_ros_driver2/livox_ros_driver2/msg/detail/custom_point__struct.hpp\n'}
[2.963033] (livox_ros_driver2) StdoutLine: {'line': b'-- Up-to-date: /workspace/stage2_workspaces/b2/install/livox_ros_driver2/include/livox_ros_driver2/livox_ros_driver2/msg/detail/custom_point__traits.hpp\n'}
[2.979358] (livox_ros_driver2) StdoutLine: {'line': b'-- Up-to-date: /workspace/stage2_workspaces/b2/install/livox_ros_driver2/include/livox_ros_driver2/livox_ros_driver2/msg/detail/custom_point__type_support.hpp\n'}
[2.994129] (livox_ros_driver2) StdoutLine: {'line': b'-- Up-to-date: /workspace/stage2_workspaces/b2/install/livox_ros_driver2/include/livox_ros_driver2/livox_ros_driver2/msg/rosidl_generator_cpp__visibility_control.hpp\n'}
[3.002575] (-) TimerEvent: {}
[3.003911] (livox_ros_driver2) StdoutLine: {'line': b'-- Up-to-date: /workspace/stage2_workspaces/b2/install/livox_ros_driver2/include/livox_ros_driver2/livox_ros_driver2\n'}
[3.017410] (livox_ros_driver2) StdoutLine: {'line': b'-- Up-to-date: /workspace/stage2_workspaces/b2/install/livox_ros_driver2/include/livox_ros_driver2/livox_ros_driver2/msg\n'}
[3.033403] (livox_ros_driver2) StdoutLine: {'line': b'-- Up-to-date: /workspace/stage2_workspaces/b2/install/livox_ros_driver2/include/livox_ros_driver2/livox_ros_driver2/msg/detail\n'}
[3.053127] (livox_ros_driver2) StdoutLine: {'line': b'-- Up-to-date: /workspace/stage2_workspaces/b2/install/livox_ros_driver2/include/livox_ros_driver2/livox_ros_driver2/msg/detail/custom_msg__rosidl_typesupport_fastrtps_cpp.hpp\n'}
[3.069317] (livox_ros_driver2) StdoutLine: {'line': b'-- Up-to-date: /workspace/stage2_workspaces/b2/install/livox_ros_driver2/include/livox_ros_driver2/livox_ros_driver2/msg/detail/custom_point__rosidl_typesupport_fastrtps_cpp.hpp\n'}
[3.081531] (livox_ros_driver2) StdoutLine: {'line': b'-- Up-to-date: /workspace/stage2_workspaces/b2/install/livox_ros_driver2/include/livox_ros_driver2/livox_ros_driver2/msg/detail/dds_fastrtps\n'}
[3.101285] (livox_ros_driver2) StdoutLine: {'line': b'-- Up-to-date: /workspace/stage2_workspaces/b2/install/livox_ros_driver2/include/livox_ros_driver2/livox_ros_driver2/msg/rosidl_typesupport_fastrtps_cpp__visibility_control.h\n'}
[3.102658] (-) TimerEvent: {}
[3.122305] (livox_ros_driver2) StdoutLine: {'line': b'-- Up-to-date: /workspace/stage2_workspaces/b2/install/livox_ros_driver2/lib/liblivox_ros_driver2__rosidl_typesupport_fastrtps_cpp.so\n'}
[3.144203] (livox_ros_driver2) StdoutLine: {'line': b'-- Up-to-date: /workspace/stage2_workspaces/b2/install/livox_ros_driver2/include/livox_ros_driver2/livox_ros_driver2\n'}
[3.157416] (livox_ros_driver2) StdoutLine: {'line': b'-- Up-to-date: /workspace/stage2_workspaces/b2/install/livox_ros_driver2/include/livox_ros_driver2/livox_ros_driver2/msg\n'}
[3.173042] (livox_ros_driver2) StdoutLine: {'line': b'-- Up-to-date: /workspace/stage2_workspaces/b2/install/livox_ros_driver2/include/livox_ros_driver2/livox_ros_driver2/msg/detail\n'}
[3.193766] (livox_ros_driver2) StdoutLine: {'line': b'-- Up-to-date: /workspace/stage2_workspaces/b2/install/livox_ros_driver2/include/livox_ros_driver2/livox_ros_driver2/msg/detail/custom_msg__rosidl_typesupport_introspection_cpp.hpp\n'}
[3.202759] (-) TimerEvent: {}
[3.209544] (livox_ros_driver2) StdoutLine: {'line': b'-- Up-to-date: /workspace/stage2_workspaces/b2/install/livox_ros_driver2/include/livox_ros_driver2/livox_ros_driver2/msg/detail/custom_msg__type_support.cpp\n'}
[3.225605] (livox_ros_driver2) StdoutLine: {'line': b'-- Up-to-date: /workspace/stage2_workspaces/b2/install/livox_ros_driver2/include/livox_ros_driver2/livox_ros_driver2/msg/detail/custom_point__rosidl_typesupport_introspection_cpp.hpp\n'}
[3.241361] (livox_ros_driver2) StdoutLine: {'line': b'-- Up-to-date: /workspace/stage2_workspaces/b2/install/livox_ros_driver2/include/livox_ros_driver2/livox_ros_driver2/msg/detail/custom_point__type_support.cpp\n'}
[3.264406] (livox_ros_driver2) StdoutLine: {'line': b'-- Up-to-date: /workspace/stage2_workspaces/b2/install/livox_ros_driver2/lib/liblivox_ros_driver2__rosidl_typesupport_introspection_cpp.so\n'}
[3.299907] (livox_ros_driver2) StdoutLine: {'line': b'-- Up-to-date: /workspace/stage2_workspaces/b2/install/livox_ros_driver2/lib/liblivox_ros_driver2__rosidl_typesupport_cpp.so\n'}
[3.302841] (-) TimerEvent: {}
[3.328519] (livox_ros_driver2) StdoutLine: {'line': b'-- Up-to-date: /workspace/stage2_workspaces/b2/install/livox_ros_driver2/share/livox_ros_driver2/environment/pythonpath.sh\n'}
[3.341360] (livox_ros_driver2) StdoutLine: {'line': b'-- Up-to-date: /workspace/stage2_workspaces/b2/install/livox_ros_driver2/share/livox_ros_driver2/environment/pythonpath.dsv\n'}
[3.351076] (livox_ros_driver2) StdoutLine: {'line': b'-- Up-to-date: /workspace/stage2_workspaces/b2/install/livox_ros_driver2/local/lib/python3.10/dist-packages/livox_ros_driver2-1.0.0-py3.10.egg-info\n'}
[3.368824] (livox_ros_driver2) StdoutLine: {'line': b'-- Installing: /workspace/stage2_workspaces/b2/install/livox_ros_driver2/local/lib/python3.10/dist-packages/livox_ros_driver2-1.0.0-py3.10.egg-info/dependency_links.txt\n'}
[3.402956] (-) TimerEvent: {}
[3.417580] (livox_ros_driver2) StdoutLine: {'line': b'-- Installing: /workspace/stage2_workspaces/b2/install/livox_ros_driver2/local/lib/python3.10/dist-packages/livox_ros_driver2-1.0.0-py3.10.egg-info/PKG-INFO\n'}
[3.471146] (livox_ros_driver2) StdoutLine: {'line': b'-- Installing: /workspace/stage2_workspaces/b2/install/livox_ros_driver2/local/lib/python3.10/dist-packages/livox_ros_driver2-1.0.0-py3.10.egg-info/SOURCES.txt\n'}
[3.503070] (-) TimerEvent: {}
[3.525756] (livox_ros_driver2) StdoutLine: {'line': b'-- Installing: /workspace/stage2_workspaces/b2/install/livox_ros_driver2/local/lib/python3.10/dist-packages/livox_ros_driver2-1.0.0-py3.10.egg-info/top_level.txt\n'}
[3.574802] (livox_ros_driver2) StdoutLine: {'line': b'-- Up-to-date: /workspace/stage2_workspaces/b2/install/livox_ros_driver2/local/lib/python3.10/dist-packages/livox_ros_driver2\n'}
[3.596166] (livox_ros_driver2) StdoutLine: {'line': b'-- Up-to-date: /workspace/stage2_workspaces/b2/install/livox_ros_driver2/local/lib/python3.10/dist-packages/livox_ros_driver2/liblivox_interfaces2__rosidl_generator_py.so\n'}
[3.603213] (-) TimerEvent: {}
[3.619217] (livox_ros_driver2) StdoutLine: {'line': b'-- Up-to-date: /workspace/stage2_workspaces/b2/install/livox_ros_driver2/local/lib/python3.10/dist-packages/livox_ros_driver2/livox_ros_driver2_s__rosidl_typesupport_c.cpython-310-x86_64-linux-gnu.so\n'}
[3.641426] (livox_ros_driver2) StdoutLine: {'line': b'-- Up-to-date: /workspace/stage2_workspaces/b2/install/livox_ros_driver2/local/lib/python3.10/dist-packages/livox_ros_driver2/livox_ros_driver2_s__rosidl_typesupport_fastrtps_c.cpython-310-x86_64-linux-gnu.so\n'}
[3.663125] (livox_ros_driver2) StdoutLine: {'line': b'-- Up-to-date: /workspace/stage2_workspaces/b2/install/livox_ros_driver2/local/lib/python3.10/dist-packages/livox_ros_driver2/livox_ros_driver2_s__rosidl_typesupport_introspection_c.cpython-310-x86_64-linux-gnu.so\n'}
[3.680871] (livox_ros_driver2) StdoutLine: {'line': b'-- Up-to-date: /workspace/stage2_workspaces/b2/install/livox_ros_driver2/local/lib/python3.10/dist-packages/livox_ros_driver2/msg\n'}
[3.703324] (-) TimerEvent: {}
[3.703472] (livox_ros_driver2) StdoutLine: {'line': b'-- Up-to-date: /workspace/stage2_workspaces/b2/install/livox_ros_driver2/local/lib/python3.10/dist-packages/livox_ros_driver2/msg/_custom_msg.py\n'}
[3.718765] (livox_ros_driver2) StdoutLine: {'line': b'-- Up-to-date: /workspace/stage2_workspaces/b2/install/livox_ros_driver2/local/lib/python3.10/dist-packages/livox_ros_driver2/msg/_custom_msg_s.c\n'}
[3.734634] (livox_ros_driver2) StdoutLine: {'line': b'-- Up-to-date: /workspace/stage2_workspaces/b2/install/livox_ros_driver2/local/lib/python3.10/dist-packages/livox_ros_driver2/msg/_custom_point.py\n'}
[3.750297] (livox_ros_driver2) StdoutLine: {'line': b'-- Up-to-date: /workspace/stage2_workspaces/b2/install/livox_ros_driver2/local/lib/python3.10/dist-packages/livox_ros_driver2/msg/_custom_point_s.c\n'}
[3.765705] (livox_ros_driver2) StdoutLine: {'line': b'-- Up-to-date: /workspace/stage2_workspaces/b2/install/livox_ros_driver2/local/lib/python3.10/dist-packages/livox_ros_driver2/msg/__init__.py\n'}
[3.779121] (livox_ros_driver2) StdoutLine: {'line': b'-- Up-to-date: /workspace/stage2_workspaces/b2/install/livox_ros_driver2/local/lib/python3.10/dist-packages/livox_ros_driver2/_livox_ros_driver2_s.ep.rosidl_typesupport_c.c\n'}
[3.792596] (livox_ros_driver2) StdoutLine: {'line': b'-- Up-to-date: /workspace/stage2_workspaces/b2/install/livox_ros_driver2/local/lib/python3.10/dist-packages/livox_ros_driver2/_livox_ros_driver2_s.ep.rosidl_typesupport_fastrtps_c.c\n'}
[3.803419] (-) TimerEvent: {}
[3.806411] (livox_ros_driver2) StdoutLine: {'line': b'-- Up-to-date: /workspace/stage2_workspaces/b2/install/livox_ros_driver2/local/lib/python3.10/dist-packages/livox_ros_driver2/_livox_ros_driver2_s.ep.rosidl_typesupport_introspection_c.c\n'}
[3.820508] (livox_ros_driver2) StdoutLine: {'line': b'-- Up-to-date: /workspace/stage2_workspaces/b2/install/livox_ros_driver2/local/lib/python3.10/dist-packages/livox_ros_driver2/__init__.py\n'}
[3.903527] (-) TimerEvent: {}
[3.978473] (livox_ros_driver2) StdoutLine: {'line': b"Listing '/workspace/stage2_workspaces/b2/install/livox_ros_driver2/local/lib/python3.10/dist-packages/livox_ros_driver2'...\n"}
[3.978955] (livox_ros_driver2) StdoutLine: {'line': b"Listing '/workspace/stage2_workspaces/b2/install/livox_ros_driver2/local/lib/python3.10/dist-packages/livox_ros_driver2/msg'...\n"}
[4.003625] (-) TimerEvent: {}
[4.026677] (livox_ros_driver2) StdoutLine: {'line': b'-- Up-to-date: /workspace/stage2_workspaces/b2/install/livox_ros_driver2/local/lib/python3.10/dist-packages/livox_ros_driver2/livox_ros_driver2_s__rosidl_typesupport_fastrtps_c.cpython-310-x86_64-linux-gnu.so\n'}
[4.098428] (livox_ros_driver2) StdoutLine: {'line': b'-- Up-to-date: /workspace/stage2_workspaces/b2/install/livox_ros_driver2/local/lib/python3.10/dist-packages/livox_ros_driver2/livox_ros_driver2_s__rosidl_typesupport_introspection_c.cpython-310-x86_64-linux-gnu.so\n'}
[4.103719] (-) TimerEvent: {}
[4.155609] (livox_ros_driver2) StdoutLine: {'line': b'-- Up-to-date: /workspace/stage2_workspaces/b2/install/livox_ros_driver2/local/lib/python3.10/dist-packages/livox_ros_driver2/livox_ros_driver2_s__rosidl_typesupport_c.cpython-310-x86_64-linux-gnu.so\n'}
[4.203834] (-) TimerEvent: {}
[4.204039] (livox_ros_driver2) StdoutLine: {'line': b'-- Up-to-date: /workspace/stage2_workspaces/b2/install/livox_ros_driver2/lib/liblivox_interfaces2__rosidl_generator_py.so\n'}
[4.241858] (livox_ros_driver2) StdoutLine: {'line': b'-- Up-to-date: /workspace/stage2_workspaces/b2/install/livox_ros_driver2/share/ament_index/resource_index/rust_packages/livox_ros_driver2\n'}
[4.251641] (livox_ros_driver2) StdoutLine: {'line': b'-- Up-to-date: /workspace/stage2_workspaces/b2/install/livox_ros_driver2/share/livox_ros_driver2/rust\n'}
[4.267394] (livox_ros_driver2) StdoutLine: {'line': b'-- Up-to-date: /workspace/stage2_workspaces/b2/install/livox_ros_driver2/share/livox_ros_driver2/rust/build.rs\n'}
[4.280714] (livox_ros_driver2) StdoutLine: {'line': b'-- Up-to-date: /workspace/stage2_workspaces/b2/install/livox_ros_driver2/share/livox_ros_driver2/rust/Cargo.toml\n'}
[4.291283] (livox_ros_driver2) StdoutLine: {'line': b'-- Up-to-date: /workspace/stage2_workspaces/b2/install/livox_ros_driver2/share/livox_ros_driver2/rust/src\n'}
[4.303936] (-) TimerEvent: {}
[4.311276] (livox_ros_driver2) StdoutLine: {'line': b'-- Up-to-date: /workspace/stage2_workspaces/b2/install/livox_ros_driver2/share/livox_ros_driver2/rust/src/lib.rs\n'}
[4.323902] (livox_ros_driver2) StdoutLine: {'line': b'-- Up-to-date: /workspace/stage2_workspaces/b2/install/livox_ros_driver2/share/livox_ros_driver2/rust/src/msg\n'}
[4.346633] (livox_ros_driver2) StdoutLine: {'line': b'-- Up-to-date: /workspace/stage2_workspaces/b2/install/livox_ros_driver2/share/livox_ros_driver2/rust/src/msg/rmw.rs\n'}
[4.362323] (livox_ros_driver2) StdoutLine: {'line': b'-- Up-to-date: /workspace/stage2_workspaces/b2/install/livox_ros_driver2/share/livox_ros_driver2/rust/src/msg.rs\n'}
[4.378821] (livox_ros_driver2) StdoutLine: {'line': b'-- Up-to-date: /workspace/stage2_workspaces/b2/install/livox_ros_driver2/share/livox_ros_driver2/msg/CustomPoint.idl\n'}
[4.393170] (livox_ros_driver2) StdoutLine: {'line': b'-- Up-to-date: /workspace/stage2_workspaces/b2/install/livox_ros_driver2/share/livox_ros_driver2/msg/CustomMsg.idl\n'}
[4.404033] (-) TimerEvent: {}
[4.407073] (livox_ros_driver2) StdoutLine: {'line': b'-- Up-to-date: /workspace/stage2_workspaces/b2/install/livox_ros_driver2/share/livox_ros_driver2/msg/CustomPoint.msg\n'}
[4.420098] (livox_ros_driver2) StdoutLine: {'line': b'-- Up-to-date: /workspace/stage2_workspaces/b2/install/livox_ros_driver2/share/livox_ros_driver2/msg/CustomMsg.msg\n'}
[4.442471] (livox_ros_driver2) StdoutLine: {'line': b'-- Up-to-date: /workspace/stage2_workspaces/b2/install/livox_ros_driver2/lib/livox_ros_driver2/livox_ros_driver2_node\n'}
[4.478685] (livox_ros_driver2) StdoutLine: {'line': b'-- Up-to-date: /workspace/stage2_workspaces/b2/install/livox_ros_driver2/lib/liblivox_ros_driver2.so\n'}
[4.502419] (livox_ros_driver2) StdoutLine: {'line': b'-- Up-to-date: /workspace/stage2_workspaces/b2/install/livox_ros_driver2/share/livox_ros_driver2/config\n'}
[4.504110] (-) TimerEvent: {}
[4.519125] (livox_ros_driver2) StdoutLine: {'line': b'-- Up-to-date: /workspace/stage2_workspaces/b2/install/livox_ros_driver2/share/livox_ros_driver2/config/display_point_cloud_ROS1.rviz\n'}
[4.532078] (livox_ros_driver2) StdoutLine: {'line': b'-- Up-to-date: /workspace/stage2_workspaces/b2/install/livox_ros_driver2/share/livox_ros_driver2/config/display_point_cloud_ROS2.rviz\n'}
[4.544425] (livox_ros_driver2) StdoutLine: {'line': b'-- Up-to-date: /workspace/stage2_workspaces/b2/install/livox_ros_driver2/share/livox_ros_driver2/config/HAP_config.json\n'}
[4.557119] (livox_ros_driver2) StdoutLine: {'line': b'-- Up-to-date: /workspace/stage2_workspaces/b2/install/livox_ros_driver2/share/livox_ros_driver2/config/MID360s_config.json\n'}
[4.569449] (livox_ros_driver2) StdoutLine: {'line': b'-- Up-to-date: /workspace/stage2_workspaces/b2/install/livox_ros_driver2/share/livox_ros_driver2/config/MID360_config.json\n'}
[4.581970] (livox_ros_driver2) StdoutLine: {'line': b'-- Up-to-date: /workspace/stage2_workspaces/b2/install/livox_ros_driver2/share/livox_ros_driver2/config/mixed_HAP_MID360_config.json\n'}
[4.590702] (livox_ros_driver2) StdoutLine: {'line': b'-- Up-to-date: /workspace/stage2_workspaces/b2/install/livox_ros_driver2/share/livox_ros_driver2/launch_ROS2\n'}
[4.604218] (-) TimerEvent: {}
[4.606645] (livox_ros_driver2) StdoutLine: {'line': b'-- Up-to-date: /workspace/stage2_workspaces/b2/install/livox_ros_driver2/share/livox_ros_driver2/launch_ROS2/msg_HAP_launch.py\n'}
[4.618923] (livox_ros_driver2) StdoutLine: {'line': b'-- Up-to-date: /workspace/stage2_workspaces/b2/install/livox_ros_driver2/share/livox_ros_driver2/launch_ROS2/msg_MID360s_launch.py\n'}
[4.631484] (livox_ros_driver2) StdoutLine: {'line': b'-- Up-to-date: /workspace/stage2_workspaces/b2/install/livox_ros_driver2/share/livox_ros_driver2/launch_ROS2/msg_MID360_launch.py\n'}
[4.644146] (livox_ros_driver2) StdoutLine: {'line': b'-- Up-to-date: /workspace/stage2_workspaces/b2/install/livox_ros_driver2/share/livox_ros_driver2/launch_ROS2/rviz_HAP_launch.py\n'}
[4.656480] (livox_ros_driver2) StdoutLine: {'line': b'-- Up-to-date: /workspace/stage2_workspaces/b2/install/livox_ros_driver2/share/livox_ros_driver2/launch_ROS2/rviz_MID360s_launch.py\n'}
[4.668706] (livox_ros_driver2) StdoutLine: {'line': b'-- Up-to-date: /workspace/stage2_workspaces/b2/install/livox_ros_driver2/share/livox_ros_driver2/launch_ROS2/rviz_MID360_launch.py\n'}
[4.681834] (livox_ros_driver2) StdoutLine: {'line': b'-- Up-to-date: /workspace/stage2_workspaces/b2/install/livox_ros_driver2/share/livox_ros_driver2/launch_ROS2/rviz_mixed.py\n'}
[4.700921] (livox_ros_driver2) StdoutLine: {'line': b'-- Up-to-date: /workspace/stage2_workspaces/b2/install/livox_ros_driver2/share/ament_index/resource_index/package_run_dependencies/livox_ros_driver2\n'}
[4.704298] (-) TimerEvent: {}
[4.721091] (livox_ros_driver2) StdoutLine: {'line': b'-- Up-to-date: /workspace/stage2_workspaces/b2/install/livox_ros_driver2/share/ament_index/resource_index/parent_prefix_path/livox_ros_driver2\n'}
[4.731707] (livox_ros_driver2) StdoutLine: {'line': b'-- Up-to-date: /workspace/stage2_workspaces/b2/install/livox_ros_driver2/share/livox_ros_driver2/environment/ament_prefix_path.sh\n'}
[4.744489] (livox_ros_driver2) StdoutLine: {'line': b'-- Up-to-date: /workspace/stage2_workspaces/b2/install/livox_ros_driver2/share/livox_ros_driver2/environment/ament_prefix_path.dsv\n'}
[4.754910] (livox_ros_driver2) StdoutLine: {'line': b'-- Up-to-date: /workspace/stage2_workspaces/b2/install/livox_ros_driver2/share/livox_ros_driver2/environment/path.sh\n'}
[4.767164] (livox_ros_driver2) StdoutLine: {'line': b'-- Up-to-date: /workspace/stage2_workspaces/b2/install/livox_ros_driver2/share/livox_ros_driver2/environment/path.dsv\n'}
[4.779086] (livox_ros_driver2) StdoutLine: {'line': b'-- Up-to-date: /workspace/stage2_workspaces/b2/install/livox_ros_driver2/share/livox_ros_driver2/local_setup.bash\n'}
[4.789381] (livox_ros_driver2) StdoutLine: {'line': b'-- Up-to-date: /workspace/stage2_workspaces/b2/install/livox_ros_driver2/share/livox_ros_driver2/local_setup.sh\n'}
[4.800774] (livox_ros_driver2) StdoutLine: {'line': b'-- Up-to-date: /workspace/stage2_workspaces/b2/install/livox_ros_driver2/share/livox_ros_driver2/local_setup.zsh\n'}
[4.804391] (-) TimerEvent: {}
[4.812223] (livox_ros_driver2) StdoutLine: {'line': b'-- Up-to-date: /workspace/stage2_workspaces/b2/install/livox_ros_driver2/share/livox_ros_driver2/local_setup.dsv\n'}
[4.823766] (livox_ros_driver2) StdoutLine: {'line': b'-- Installing: /workspace/stage2_workspaces/b2/install/livox_ros_driver2/share/livox_ros_driver2/package.dsv\n'}
[4.867354] (livox_ros_driver2) StdoutLine: {'line': b'-- Up-to-date: /workspace/stage2_workspaces/b2/install/livox_ros_driver2/share/ament_index/resource_index/packages/livox_ros_driver2\n'}
[4.884533] (livox_ros_driver2) StdoutLine: {'line': b'-- Up-to-date: /workspace/stage2_workspaces/b2/install/livox_ros_driver2/share/ament_index/resource_index/rclcpp_components/livox_ros_driver2\n'}
[4.904496] (-) TimerEvent: {}
[4.910012] (livox_ros_driver2) StdoutLine: {'line': b'-- Up-to-date: /workspace/stage2_workspaces/b2/install/livox_ros_driver2/share/livox_ros_driver2/cmake/export_livox_interfaces2__rosidl_generator_cExport.cmake\n'}
[4.927798] (livox_ros_driver2) StdoutLine: {'line': b'-- Up-to-date: /workspace/stage2_workspaces/b2/install/livox_ros_driver2/share/livox_ros_driver2/cmake/export_livox_interfaces2__rosidl_generator_cExport-release.cmake\n'}
[4.952599] (livox_ros_driver2) StdoutLine: {'line': b'-- Up-to-date: /workspace/stage2_workspaces/b2/install/livox_ros_driver2/share/livox_ros_driver2/cmake/export_livox_interfaces2__rosidl_typesupport_fastrtps_cExport.cmake\n'}
[4.969328] (livox_ros_driver2) StdoutLine: {'line': b'-- Up-to-date: /workspace/stage2_workspaces/b2/install/livox_ros_driver2/share/livox_ros_driver2/cmake/export_livox_interfaces2__rosidl_typesupport_fastrtps_cExport-release.cmake\n'}
[4.996099] (livox_ros_driver2) StdoutLine: {'line': b'-- Up-to-date: /workspace/stage2_workspaces/b2/install/livox_ros_driver2/share/livox_ros_driver2/cmake/livox_interfaces2__rosidl_typesupport_introspection_cExport.cmake\n'}
[5.004595] (-) TimerEvent: {}
[5.016529] (livox_ros_driver2) StdoutLine: {'line': b'-- Up-to-date: /workspace/stage2_workspaces/b2/install/livox_ros_driver2/share/livox_ros_driver2/cmake/livox_interfaces2__rosidl_typesupport_introspection_cExport-release.cmake\n'}
[5.046793] (livox_ros_driver2) StdoutLine: {'line': b'-- Up-to-date: /workspace/stage2_workspaces/b2/install/livox_ros_driver2/share/livox_ros_driver2/cmake/livox_interfaces2__rosidl_typesupport_cExport.cmake\n'}
[5.068051] (livox_ros_driver2) StdoutLine: {'line': b'-- Up-to-date: /workspace/stage2_workspaces/b2/install/livox_ros_driver2/share/livox_ros_driver2/cmake/livox_interfaces2__rosidl_typesupport_cExport-release.cmake\n'}
[5.099411] (livox_ros_driver2) StdoutLine: {'line': b'-- Up-to-date: /workspace/stage2_workspaces/b2/install/livox_ros_driver2/share/livox_ros_driver2/cmake/export_livox_interfaces2__rosidl_generator_cppExport.cmake\n'}
[5.104696] (-) TimerEvent: {}
[5.129377] (livox_ros_driver2) StdoutLine: {'line': b'-- Up-to-date: /workspace/stage2_workspaces/b2/install/livox_ros_driver2/share/livox_ros_driver2/cmake/export_livox_interfaces2__rosidl_typesupport_fastrtps_cppExport.cmake\n'}
[5.149385] (livox_ros_driver2) StdoutLine: {'line': b'-- Up-to-date: /workspace/stage2_workspaces/b2/install/livox_ros_driver2/share/livox_ros_driver2/cmake/export_livox_interfaces2__rosidl_typesupport_fastrtps_cppExport-release.cmake\n'}
[5.174230] (livox_ros_driver2) StdoutLine: {'line': b'-- Up-to-date: /workspace/stage2_workspaces/b2/install/livox_ros_driver2/share/livox_ros_driver2/cmake/livox_interfaces2__rosidl_typesupport_introspection_cppExport.cmake\n'}
[5.192248] (livox_ros_driver2) StdoutLine: {'line': b'-- Up-to-date: /workspace/stage2_workspaces/b2/install/livox_ros_driver2/share/livox_ros_driver2/cmake/livox_interfaces2__rosidl_typesupport_introspection_cppExport-release.cmake\n'}
[5.204804] (-) TimerEvent: {}
[5.218035] (livox_ros_driver2) StdoutLine: {'line': b'-- Up-to-date: /workspace/stage2_workspaces/b2/install/livox_ros_driver2/share/livox_ros_driver2/cmake/livox_interfaces2__rosidl_typesupport_cppExport.cmake\n'}
[5.236439] (livox_ros_driver2) StdoutLine: {'line': b'-- Up-to-date: /workspace/stage2_workspaces/b2/install/livox_ros_driver2/share/livox_ros_driver2/cmake/livox_interfaces2__rosidl_typesupport_cppExport-release.cmake\n'}
[5.262611] (livox_ros_driver2) StdoutLine: {'line': b'-- Up-to-date: /workspace/stage2_workspaces/b2/install/livox_ros_driver2/share/livox_ros_driver2/cmake/export_livox_interfaces2__rosidl_generator_pyExport.cmake\n'}
[5.279603] (livox_ros_driver2) StdoutLine: {'line': b'-- Up-to-date: /workspace/stage2_workspaces/b2/install/livox_ros_driver2/share/livox_ros_driver2/cmake/export_livox_interfaces2__rosidl_generator_pyExport-release.cmake\n'}
[5.292761] (livox_ros_driver2) StdoutLine: {'line': b'-- Up-to-date: /workspace/stage2_workspaces/b2/install/livox_ros_driver2/share/livox_ros_driver2/cmake/rosidl_cmake-extras.cmake\n'}
[5.304917] (-) TimerEvent: {}
[5.311570] (livox_ros_driver2) StdoutLine: {'line': b'-- Up-to-date: /workspace/stage2_workspaces/b2/install/livox_ros_driver2/share/livox_ros_driver2/cmake/ament_cmake_export_dependencies-extras.cmake\n'}
[5.325869] (livox_ros_driver2) StdoutLine: {'line': b'-- Up-to-date: /workspace/stage2_workspaces/b2/install/livox_ros_driver2/share/livox_ros_driver2/cmake/ament_cmake_export_include_directories-extras.cmake\n'}
[5.339025] (livox_ros_driver2) StdoutLine: {'line': b'-- Up-to-date: /workspace/stage2_workspaces/b2/install/livox_ros_driver2/share/livox_ros_driver2/cmake/ament_cmake_export_libraries-extras.cmake\n'}
[5.353010] (livox_ros_driver2) StdoutLine: {'line': b'-- Up-to-date: /workspace/stage2_workspaces/b2/install/livox_ros_driver2/share/livox_ros_driver2/cmake/ament_cmake_export_targets-extras.cmake\n'}
[5.365169] (livox_ros_driver2) StdoutLine: {'line': b'-- Up-to-date: /workspace/stage2_workspaces/b2/install/livox_ros_driver2/share/livox_ros_driver2/cmake/rosidl_cmake_export_typesupport_targets-extras.cmake\n'}
[5.377117] (livox_ros_driver2) StdoutLine: {'line': b'-- Up-to-date: /workspace/stage2_workspaces/b2/install/livox_ros_driver2/share/livox_ros_driver2/cmake/rosidl_cmake_export_typesupport_libraries-extras.cmake\n'}
[5.389601] (livox_ros_driver2) StdoutLine: {'line': b'-- Up-to-date: /workspace/stage2_workspaces/b2/install/livox_ros_driver2/share/livox_ros_driver2/cmake/livox_ros_driver2Config.cmake\n'}
[5.399342] (livox_ros_driver2) StdoutLine: {'line': b'-- Up-to-date: /workspace/stage2_workspaces/b2/install/livox_ros_driver2/share/livox_ros_driver2/cmake/livox_ros_driver2Config-version.cmake\n'}
[5.405019] (-) TimerEvent: {}
[5.411821] (livox_ros_driver2) StdoutLine: {'line': b'-- Up-to-date: /workspace/stage2_workspaces/b2/install/livox_ros_driver2/share/livox_ros_driver2/package.xml\n'}
[5.424456] (livox_ros_driver2) CommandEnded: {'returncode': 0}
[5.505124] (-) TimerEvent: {}
[5.605396] (-) TimerEvent: {}
[5.705646] (-) TimerEvent: {}
[5.805872] (-) TimerEvent: {}
[5.906123] (-) TimerEvent: {}
[6.006401] (-) TimerEvent: {}
[6.106643] (-) TimerEvent: {}
[6.138406] (livox_ros_driver2) JobEnded: {'identifier': 'livox_ros_driver2', 'rc': 0}
[6.144558] (fast_lio) JobStarted: {'identifier': 'fast_lio'}
[6.206778] (-) TimerEvent: {}
[6.225609] (fast_lio) JobProgress: {'identifier': 'fast_lio', 'progress': 'cmake'}
[6.252220] (fast_lio) Command: {'cmd': ['/usr/bin/cmake', '/workspace/stage2_workspaces/b2/src/fast_lio', '-DCMAKE_BUILD_TYPE=Release', '-DCMAKE_EXPORT_COMPILE_COMMANDS=ON', '-DROS_EDITION=ROS2', '-DDISTRO_ROS=humble', '-DCMAKE_INSTALL_PREFIX=/workspace/stage2_workspaces/b2/install/fast_lio'], 'cwd': '/workspace/stage2_workspaces/b2/build/fast_lio', 'env': OrderedDict([('HOSTNAME', 'dc3ae6023b26'), ('SHLVL', '0'), ('LIBGL_ALWAYS_SOFTWARE', '0'), ('LD_LIBRARY_PATH', '/workspace/stage2_workspaces/b2/install/livox_ros_driver2/lib:/opt/ros/humble/opt/rviz_ogre_vendor/lib:/opt/ros/humble/lib/x86_64-linux-gnu:/opt/ros/humble/lib'), ('HOME', '/root'), ('OLDPWD', '/workspace'), ('ROS_PYTHON_VERSION', '3'), ('ROS_DISTRO', 'humble'), ('_', '/usr/bin/colcon'), ('ROS_VERSION', '2'), ('ROS_LOCALHOST_ONLY', '0'), ('PATH', '/opt/ros/humble/bin:/usr/local/sbin:/usr/local/bin:/usr/sbin:/usr/bin:/sbin:/bin'), ('DISPLAY', 'host.docker.internal:0.0'), ('LANG', 'C.UTF-8'), ('AMENT_PREFIX_PATH', '/workspace/stage2_workspaces/b2/install/livox_ros_driver2:/opt/ros/humble'), ('PWD', '/workspace/stage2_workspaces/b2/build/fast_lio'), ('LC_ALL', 'C.UTF-8'), ('PYTHONPATH', '/workspace/stage2_workspaces/b2/install/livox_ros_driver2/local/lib/python3.10/dist-packages:/opt/ros/humble/lib/python3.10/site-packages:/opt/ros/humble/local/lib/python3.10/dist-packages'), ('COLCON', '1'), ('CMAKE_PREFIX_PATH', '/workspace/stage2_workspaces/b2/install/livox_ros_driver2:/opt/ros/humble')]), 'shell': False}
[6.306902] (-) TimerEvent: {}
[6.407518] (-) TimerEvent: {}
[6.429118] (fast_lio) StderrLine: {'line': b'Current CPU archtecture: x86_64\n'}
[6.488392] (fast_lio) StderrLine: {'line': b'Processer number:  20\n'}
[6.488967] (fast_lio) StderrLine: {'line': b'core for MP: 3\n'}
[6.493023] (fast_lio) StdoutLine: {'line': b'-- Found PythonLibs: /usr/lib/x86_64-linux-gnu/libpython3.10.so (found version "3.10.12") \n'}
[6.500779] (fast_lio) StdoutLine: {'line': b'-- Found ament_cmake: 1.3.14 (/opt/ros/humble/share/ament_cmake/cmake)\n'}
[6.507299] (-) TimerEvent: {}
[6.607637] (-) TimerEvent: {}
[6.707889] (-) TimerEvent: {}
[6.808159] (-) TimerEvent: {}
[6.908430] (-) TimerEvent: {}
[7.008686] (-) TimerEvent: {}
[7.071547] (fast_lio) StdoutLine: {'line': b'-- Found rclcpp: 16.0.19 (/opt/ros/humble/share/rclcpp/cmake)\n'}
[7.108804] (-) TimerEvent: {}
[7.114474] (fast_lio) StdoutLine: {'line': b'-- Found rosidl_generator_c: 3.1.8 (/opt/ros/humble/share/rosidl_generator_c/cmake)\n'}
[7.117348] (fast_lio) StdoutLine: {'line': b'-- Found rosidl_adapter: 3.1.8 (/opt/ros/humble/share/rosidl_adapter/cmake)\n'}
[7.123809] (fast_lio) StdoutLine: {'line': b'-- Found rosidl_generator_cpp: 3.1.8 (/opt/ros/humble/share/rosidl_generator_cpp/cmake)\n'}
[7.137101] (fast_lio) StdoutLine: {'line': b'-- Using all available rosidl_typesupport_c: rosidl_typesupport_fastrtps_c;rosidl_typesupport_introspection_c\n'}
[7.151860] (fast_lio) StdoutLine: {'line': b'-- Using all available rosidl_typesupport_cpp: rosidl_typesupport_fastrtps_cpp;rosidl_typesupport_introspection_cpp\n'}
[7.188298] (fast_lio) StdoutLine: {'line': b'-- Found rmw_implementation_cmake: 6.1.2 (/opt/ros/humble/share/rmw_implementation_cmake/cmake)\n'}
[7.193795] (fast_lio) StdoutLine: {'line': b'-- Found rmw_fastrtps_cpp: 6.2.10 (/opt/ros/humble/share/rmw_fastrtps_cpp/cmake)\n'}
[7.208898] (-) TimerEvent: {}
[7.309206] (-) TimerEvent: {}
[7.409465] (-) TimerEvent: {}
[7.509739] (-) TimerEvent: {}
[7.597533] (fast_lio) StdoutLine: {'line': b"-- Using RMW implementation 'rmw_fastrtps_cpp' as default\n"}
[7.609838] (-) TimerEvent: {}
[7.638647] (fast_lio) StdoutLine: {'line': b'-- Found rclcpp_components: 16.0.19 (/opt/ros/humble/share/rclcpp_components/cmake)\n'}
[7.655883] (fast_lio) StdoutLine: {'line': b'-- Found geometry_msgs: 4.9.1 (/opt/ros/humble/share/geometry_msgs/cmake)\n'}
[7.666921] (fast_lio) StdoutLine: {'line': b'-- Found nav_msgs: 4.9.1 (/opt/ros/humble/share/nav_msgs/cmake)\n'}
[7.679567] (fast_lio) StdoutLine: {'line': b'-- Found sensor_msgs: 4.9.1 (/opt/ros/humble/share/sensor_msgs/cmake)\n'}
[7.692700] (fast_lio) StdoutLine: {'line': b'-- Found std_srvs: 4.9.1 (/opt/ros/humble/share/std_srvs/cmake)\n'}
[7.701482] (fast_lio) StdoutLine: {'line': b'-- Found visualization_msgs: 4.9.1 (/opt/ros/humble/share/visualization_msgs/cmake)\n'}
[7.709953] (-) TimerEvent: {}
[7.716026] (fast_lio) StdoutLine: {'line': b'-- Found pcl_ros: 2.4.5 (/opt/ros/humble/share/pcl_ros/cmake)\n'}
[7.788695] (fast_lio) StdoutLine: {'line': b'-- Eigen found (include: /usr/include/eigen3, version: 3.4.0)\n'}
[7.810060] (-) TimerEvent: {}
[7.910355] (-) TimerEvent: {}
[7.910699] (fast_lio) StdoutLine: {'line': b'-- FLANN found (include: /usr/include, lib: /usr/lib/x86_64-linux-gnu/libflann_cpp.so)\n'}
[8.010474] (-) TimerEvent: {}
[8.110747] (-) TimerEvent: {}
[8.211075] (-) TimerEvent: {}
[8.311349] (-) TimerEvent: {}
[8.411596] (-) TimerEvent: {}
[8.511853] (-) TimerEvent: {}
[8.612112] (-) TimerEvent: {}
[8.712400] (-) TimerEvent: {}
[8.812658] (-) TimerEvent: {}
[8.912930] (-) TimerEvent: {}
[9.013200] (-) TimerEvent: {}
[9.113449] (-) TimerEvent: {}
[9.213698] (-) TimerEvent: {}
[9.313939] (-) TimerEvent: {}
[9.414236] (-) TimerEvent: {}
[9.417820] (fast_lio) StdoutLine: {'line': b'-- OpenNI found (version: 1.5.4.0, include: /usr/include/ni, lib: /usr/lib/libOpenNI.so;libusb::libusb)\n'}
[9.442779] (fast_lio) StdoutLine: {'line': b'-- OpenNI2 found (version: 2.2.0.33, include: /usr/include/openni2, lib: /usr/lib/x86_64-linux-gnu/libOpenNI2.so;libusb::libusb)\n'}
[9.514344] (-) TimerEvent: {}
[9.614597] (-) TimerEvent: {}
[9.714862] (-) TimerEvent: {}
[9.815397] (-) TimerEvent: {}
[9.881425] (fast_lio) StdoutLine: {'line': b'-- Eigen found (include: /usr/include/eigen3, version: 3.4.0)\n'}
[9.904390] (fast_lio) StdoutLine: {'line': b'-- OpenNI found (version: 1.5.4.0, include: /usr/include/ni, lib: /usr/lib/libOpenNI.so;libusb::libusb)\n'}
[9.915569] (-) TimerEvent: {}
[9.927087] (fast_lio) StdoutLine: {'line': b'-- OpenNI2 found (version: 2.2.0.33, include: /usr/include/openni2, lib: /usr/lib/x86_64-linux-gnu/libOpenNI2.so;libusb::libusb)\n'}
[10.015684] (-) TimerEvent: {}
[10.115971] (-) TimerEvent: {}
[10.216236] (-) TimerEvent: {}
[10.307657] (fast_lio) StdoutLine: {'line': b'-- Found Qhull version 8.0.2\n'}
[10.316336] (-) TimerEvent: {}
[10.416669] (-) TimerEvent: {}
[10.516929] (-) TimerEvent: {}
[10.617174] (-) TimerEvent: {}
[10.705332] (fast_lio) StdoutLine: {'line': b'-- OpenNI found (version: 1.5.4.0, include: /usr/include/ni, lib: /usr/lib/libOpenNI.so;libusb::libusb)\n'}
[10.717284] (-) TimerEvent: {}
[10.817623] (-) TimerEvent: {}
[10.917861] (-) TimerEvent: {}
[11.018119] (-) TimerEvent: {}
[11.106273] (fast_lio) StdoutLine: {'line': b'-- Found eigen3_cmake_module: 0.1.1 (/opt/ros/humble/share/eigen3_cmake_module/cmake)\n'}
[11.107461] (fast_lio) StdoutLine: {'line': b'-- Ensuring Eigen3 include directory is part of orocos-kdl CMake target\n'}
[11.118223] (-) TimerEvent: {}
[11.172905] (fast_lio) StdoutLine: {'line': b'-- Found livox_ros_driver2: 1.0.0 (/workspace/stage2_workspaces/b2/install/livox_ros_driver2/share/livox_ros_driver2/cmake)\n'}
[11.218335] (-) TimerEvent: {}
[11.318613] (-) TimerEvent: {}
[11.418905] (-) TimerEvent: {}
[11.519182] (-) TimerEvent: {}
[11.529073] (fast_lio) StdoutLine: {'line': b'-- Found rosidl_default_generators: 1.2.1 (/opt/ros/humble/share/rosidl_default_generators/cmake)\n'}
[11.549074] (fast_lio) StderrLine: {'line': b'CMake Warning (dev) at CMakeLists.txt:81 (find_package):\n'}
[11.549625] (fast_lio) StderrLine: {'line': b'  Policy CMP0074 is not set: find_package uses <PackageName>_ROOT variables.\n'}
[11.550203] (fast_lio) StderrLine: {'line': b'  Run "cmake --help-policy CMP0074" for policy details.  Use the cmake_policy\n'}
[11.550980] (fast_lio) StderrLine: {'line': b'  command to set the policy and suppress this warning.\n'}
[11.551656] (fast_lio) StderrLine: {'line': b'\n'}
[11.552309] (fast_lio) StderrLine: {'line': b'  CMake variable PCL_ROOT is set to:\n'}
[11.552954] (fast_lio) StderrLine: {'line': b'\n'}
[11.553485] (fast_lio) StderrLine: {'line': b'    /usr\n'}
[11.554145] (fast_lio) StderrLine: {'line': b'\n'}
[11.554810] (fast_lio) StderrLine: {'line': b'  For compatibility, CMake is ignoring the variable.\n'}
[11.555554] (fast_lio) StderrLine: {'line': b'This warning is for project developers.  Use -Wno-dev to suppress it.\n'}
[11.556344] (fast_lio) StderrLine: {'line': b'\n'}
[11.591245] (fast_lio) StderrLine: {'line': b'Eigen:/usr/include/eigen3\n'}
[11.591877] (fast_lio) StdoutLine: {'line': b'-- PCL: /usr/include/pcl-1.12\n'}
[11.619289] (-) TimerEvent: {}
[11.719572] (-) TimerEvent: {}
[11.819864] (-) TimerEvent: {}
[11.920109] (-) TimerEvent: {}
[12.020457] (-) TimerEvent: {}
[12.120859] (-) TimerEvent: {}
[12.221166] (-) TimerEvent: {}
[12.321431] (-) TimerEvent: {}
[12.421685] (-) TimerEvent: {}
[12.521946] (-) TimerEvent: {}
[12.566373] (fast_lio) StdoutLine: {'line': b'-- Found ament_cmake_ros: 0.10.0 (/opt/ros/humble/share/ament_cmake_ros/cmake)\n'}
[12.622065] (-) TimerEvent: {}
[12.722335] (-) TimerEvent: {}
[12.822613] (-) TimerEvent: {}
[12.922869] (-) TimerEvent: {}
[13.023163] (-) TimerEvent: {}
[13.123404] (-) TimerEvent: {}
[13.223719] (-) TimerEvent: {}
[13.324004] (-) TimerEvent: {}
[13.424261] (-) TimerEvent: {}
[13.524509] (-) TimerEvent: {}
[13.624830] (-) TimerEvent: {}
[13.725096] (-) TimerEvent: {}
[13.825521] (-) TimerEvent: {}
[13.867530] (fast_lio) StdoutLine: {'line': b'-- Using all available rosidl_typesupport_c: rosidl_typesupport_fastrtps_c;rosidl_typesupport_introspection_c\n'}
[13.925649] (-) TimerEvent: {}
[14.025938] (-) TimerEvent: {}
[14.126206] (-) TimerEvent: {}
[14.226468] (-) TimerEvent: {}
[14.326726] (-) TimerEvent: {}
[14.362431] (fast_lio) StdoutLine: {'line': b'-- Using all available rosidl_typesupport_cpp: rosidl_typesupport_fastrtps_cpp;rosidl_typesupport_introspection_cpp\n'}
[14.426836] (-) TimerEvent: {}
[14.449079] (fast_lio) StdoutLine: {'line': b'-- Found python_cmake_module: 0.10.0 (/opt/ros/humble/share/python_cmake_module/cmake)\n'}
[14.526950] (-) TimerEvent: {}
[14.529026] (fast_lio) StdoutLine: {'line': b'-- Found PythonLibs: /usr/lib/x86_64-linux-gnu/libpython3.10.so (found suitable version "3.10.12", minimum required is "3.5") \n'}
[14.529428] (fast_lio) StdoutLine: {'line': b'-- Using PYTHON_EXECUTABLE: /usr/bin/python3\n'}
[14.529835] (fast_lio) StdoutLine: {'line': b'-- Using PYTHON_INCLUDE_DIRS: /usr/include/python3.10\n'}
[14.530575] (fast_lio) StdoutLine: {'line': b'-- Using PYTHON_LIBRARIES: /usr/lib/x86_64-linux-gnu/libpython3.10.so\n'}
[14.627073] (-) TimerEvent: {}
[14.727308] (-) TimerEvent: {}
[14.827555] (-) TimerEvent: {}
[14.927800] (-) TimerEvent: {}
[15.028062] (-) TimerEvent: {}
[15.128325] (-) TimerEvent: {}
[15.171313] (fast_lio) StdoutLine: {'line': b'-- Configuring done\n'}
[15.228441] (-) TimerEvent: {}
[15.328718] (-) TimerEvent: {}
[15.428975] (-) TimerEvent: {}
[15.529277] (-) TimerEvent: {}
[15.629572] (-) TimerEvent: {}
[15.729868] (-) TimerEvent: {}
[15.830138] (-) TimerEvent: {}
[15.930579] (-) TimerEvent: {}
[16.030903] (-) TimerEvent: {}
[16.131262] (-) TimerEvent: {}
[16.231583] (-) TimerEvent: {}
[16.331852] (-) TimerEvent: {}
[16.432118] (-) TimerEvent: {}
[16.532368] (-) TimerEvent: {}
[16.632635] (-) TimerEvent: {}
[16.732917] (-) TimerEvent: {}
[16.833338] (-) TimerEvent: {}
[16.933634] (-) TimerEvent: {}
[17.033910] (-) TimerEvent: {}
[17.057421] (fast_lio) StdoutLine: {'line': b'-- Generating done\n'}
[17.134020] (-) TimerEvent: {}
[17.234298] (-) TimerEvent: {}
[17.334612] (-) TimerEvent: {}
[17.434928] (-) TimerEvent: {}
[17.535220] (-) TimerEvent: {}
[17.635588] (-) TimerEvent: {}
[17.726630] (fast_lio) StdoutLine: {'line': b'-- Build files have been written to: /workspace/stage2_workspaces/b2/build/fast_lio\n'}
[17.735716] (-) TimerEvent: {}
[17.737172] (fast_lio) CommandEnded: {'returncode': 0}
[17.740066] (fast_lio) JobProgress: {'identifier': 'fast_lio', 'progress': 'build'}
[17.743000] (fast_lio) Command: {'cmd': ['/usr/bin/cmake', '--build', '/workspace/stage2_workspaces/b2/build/fast_lio', '--', '-j20', '-l20'], 'cwd': '/workspace/stage2_workspaces/b2/build/fast_lio', 'env': OrderedDict([('HOSTNAME', 'dc3ae6023b26'), ('SHLVL', '0'), ('LIBGL_ALWAYS_SOFTWARE', '0'), ('LD_LIBRARY_PATH', '/workspace/stage2_workspaces/b2/install/livox_ros_driver2/lib:/opt/ros/humble/opt/rviz_ogre_vendor/lib:/opt/ros/humble/lib/x86_64-linux-gnu:/opt/ros/humble/lib'), ('HOME', '/root'), ('OLDPWD', '/workspace'), ('ROS_PYTHON_VERSION', '3'), ('ROS_DISTRO', 'humble'), ('_', '/usr/bin/colcon'), ('ROS_VERSION', '2'), ('ROS_LOCALHOST_ONLY', '0'), ('PATH', '/opt/ros/humble/bin:/usr/local/sbin:/usr/local/bin:/usr/sbin:/usr/bin:/sbin:/bin'), ('DISPLAY', 'host.docker.internal:0.0'), ('LANG', 'C.UTF-8'), ('AMENT_PREFIX_PATH', '/workspace/stage2_workspaces/b2/install/livox_ros_driver2:/opt/ros/humble'), ('PWD', '/workspace/stage2_workspaces/b2/build/fast_lio'), ('LC_ALL', 'C.UTF-8'), ('PYTHONPATH', '/workspace/stage2_workspaces/b2/install/livox_ros_driver2/local/lib/python3.10/dist-packages:/opt/ros/humble/lib/python3.10/site-packages:/opt/ros/humble/local/lib/python3.10/dist-packages'), ('COLCON', '1'), ('CMAKE_PREFIX_PATH', '/workspace/stage2_workspaces/b2/install/livox_ros_driver2:/opt/ros/humble')]), 'shell': False}
[17.835825] (-) TimerEvent: {}
[17.936125] (-) TimerEvent: {}
[18.036451] (-) TimerEvent: {}
[18.136744] (-) TimerEvent: {}
[18.192187] (fast_lio) StdoutLine: {'line': b'[  2%] Generating C code for ROS interfaces\n'}
[18.230875] (fast_lio) StdoutLine: {'line': b'[  5%] Generating C++ code for ROS interfaces\n'}
[18.236838] (-) TimerEvent: {}
[18.247066] (fast_lio) StdoutLine: {'line': b'[  8%] Generating Rust code for ROS interfaces\n'}
[18.294191] (fast_lio) StdoutLine: {'line': b'[  8%] Built target ament_cmake_python_copy_fast_lio\n'}
[18.336931] (-) TimerEvent: {}
[18.437176] (-) TimerEvent: {}
[18.537454] (-) TimerEvent: {}
[18.637829] (-) TimerEvent: {}
[18.641366] (fast_lio) StdoutLine: {'line': b'[  8%] Built target fast_lio__cpp\n'}
[18.668851] (fast_lio) StdoutLine: {'line': b'[  8%] Built target fast_lio__rs\n'}
[18.690758] (fast_lio) StdoutLine: {'line': b'[ 13%] Generating C++ introspection for ROS interfaces\n'}
[18.692020] (fast_lio) StdoutLine: {'line': b'[ 13%] Building C object CMakeFiles/fast_lio__rosidl_generator_c.dir/rosidl_generator_c/fast_lio/msg/detail/pose6_d__functions.c.o\n'}
[18.696532] (fast_lio) StdoutLine: {'line': b'[ 16%] Generating C++ type support dispatch for ROS interfaces\n'}
[18.703601] (fast_lio) StdoutLine: {'line': b'[ 18%] Generating C++ type support for eProsima Fast-RTPS\n'}
[18.737936] (-) TimerEvent: {}
[18.838228] (-) TimerEvent: {}
[18.938533] (-) TimerEvent: {}
[18.988086] (fast_lio) StdoutLine: {'line': b'[ 21%] Linking C shared library libfast_lio__rosidl_generator_c.so\n'}
[19.030620] (fast_lio) StdoutLine: {'line': b'running egg_info\n'}
[19.032095] (fast_lio) StdoutLine: {'line': b'creating fast_lio.egg-info\n'}
[19.034235] (fast_lio) StdoutLine: {'line': b'writing fast_lio.egg-info/PKG-INFO\n'}
[19.038641] (-) TimerEvent: {}
[19.038859] (fast_lio) StdoutLine: {'line': b'writing dependency_links to fast_lio.egg-info/dependency_links.txt\n'}
[19.046055] (fast_lio) StdoutLine: {'line': b'writing top-level names to fast_lio.egg-info/top_level.txt\n'}
[19.051121] (fast_lio) StdoutLine: {'line': b"writing manifest file 'fast_lio.egg-info/SOURCES.txt'\n"}
[19.068275] (fast_lio) StdoutLine: {'line': b"reading manifest file 'fast_lio.egg-info/SOURCES.txt'\n"}
[19.092267] (fast_lio) StdoutLine: {'line': b"writing manifest file 'fast_lio.egg-info/SOURCES.txt'\n"}
[19.103957] (fast_lio) StdoutLine: {'line': b'[ 24%] Building CXX object CMakeFiles/fast_lio__rosidl_typesupport_cpp.dir/rosidl_typesupport_cpp/fast_lio/msg/pose6_d__type_support.cpp.o\n'}
[19.123374] (fast_lio) StdoutLine: {'line': b'[ 27%] Building CXX object CMakeFiles/fast_lio__rosidl_typesupport_fastrtps_cpp.dir/rosidl_typesupport_fastrtps_cpp/fast_lio/msg/detail/dds_fastrtps/pose6_d__type_support.cpp.o\n'}
[19.127926] (fast_lio) StdoutLine: {'line': b'[ 29%] Building CXX object CMakeFiles/fast_lio__rosidl_typesupport_introspection_cpp.dir/rosidl_typesupport_introspection_cpp/fast_lio/msg/detail/pose6_d__type_support.cpp.o\n'}
[19.138749] (-) TimerEvent: {}
[19.139006] (fast_lio) StdoutLine: {'line': b'[ 29%] Built target fast_lio__rosidl_generator_c\n'}
[19.152099] (fast_lio) StdoutLine: {'line': b'[ 29%] Built target ament_cmake_python_build_fast_lio_egg\n'}
[19.201512] (fast_lio) StdoutLine: {'line': b'[ 32%] Generating C type support dispatch for ROS interfaces\n'}
[19.207363] (fast_lio) StdoutLine: {'line': b'[ 35%] Generating C type support for eProsima Fast-RTPS\n'}
[19.226920] (fast_lio) StdoutLine: {'line': b'[ 37%] Generating C introspection for ROS interfaces\n'}
[19.238846] (-) TimerEvent: {}
[19.339195] (-) TimerEvent: {}
[19.439468] (-) TimerEvent: {}
[19.539745] (-) TimerEvent: {}
[19.563374] (fast_lio) StdoutLine: {'line': b'[ 40%] Linking CXX shared library libfast_lio__rosidl_typesupport_cpp.so\n'}
[19.609966] (fast_lio) StdoutLine: {'line': b'[ 43%] Building CXX object CMakeFiles/fast_lio__rosidl_typesupport_c.dir/rosidl_typesupport_c/fast_lio/msg/pose6_d__type_support.cpp.o\n'}
[19.639871] (-) TimerEvent: {}
[19.682001] (fast_lio) StdoutLine: {'line': b'[ 45%] Building CXX object CMakeFiles/fast_lio__rosidl_typesupport_fastrtps_c.dir/rosidl_typesupport_fastrtps_c/fast_lio/msg/detail/pose6_d__type_support_c.cpp.o\n'}
[19.724993] (fast_lio) StdoutLine: {'line': b'[ 45%] Built target fast_lio__rosidl_typesupport_cpp\n'}
[19.739305] (fast_lio) StdoutLine: {'line': b'[ 48%] Building C object CMakeFiles/fast_lio__rosidl_typesupport_introspection_c.dir/rosidl_typesupport_introspection_c/fast_lio/msg/detail/pose6_d__type_support.c.o\n'}
[19.740455] (-) TimerEvent: {}
[19.773364] (fast_lio) StdoutLine: {'line': b'[ 51%] Linking CXX shared library libfast_lio__rosidl_typesupport_introspection_cpp.so\n'}
[19.781450] (fast_lio) StdoutLine: {'line': b'[ 54%] Linking CXX shared library libfast_lio__rosidl_typesupport_c.so\n'}
[19.834211] (fast_lio) StdoutLine: {'line': b'[ 56%] Linking CXX shared library libfast_lio__rosidl_typesupport_fastrtps_cpp.so\n'}
[19.840564] (-) TimerEvent: {}
[19.858644] (fast_lio) StdoutLine: {'line': b'[ 59%] Building CXX object CMakeFiles/fastlio_mapping.dir/src/laserMapping.cpp.o\n'}
[19.862516] (fast_lio) StdoutLine: {'line': b'[ 62%] Building CXX object CMakeFiles/fastlio_mapping.dir/src/lifecycle_observer.cpp.o\n'}
[19.866978] (fast_lio) StdoutLine: {'line': b'[ 64%] Building CXX object CMakeFiles/fastlio_mapping.dir/include/ikd-Tree/ikd_Tree.cpp.o\n'}
[19.873856] (fast_lio) StdoutLine: {'line': b'[ 67%] Building CXX object CMakeFiles/fastlio_mapping.dir/src/preprocess.cpp.o\n'}
[19.940706] (-) TimerEvent: {}
[19.954927] (fast_lio) StdoutLine: {'line': b'[ 67%] Built target fast_lio__rosidl_typesupport_introspection_cpp\n'}
[19.964060] (fast_lio) StdoutLine: {'line': b'[ 67%] Built target fast_lio__rosidl_typesupport_c\n'}
[20.040169] (fast_lio) StdoutLine: {'line': b'[ 67%] Built target fast_lio__rosidl_typesupport_fastrtps_cpp\n'}
[20.041099] (-) TimerEvent: {}
[20.067174] (fast_lio) StdoutLine: {'line': b'[ 70%] Linking C shared library libfast_lio__rosidl_typesupport_introspection_c.so\n'}
[20.141226] (-) TimerEvent: {}
[20.241563] (-) TimerEvent: {}
[20.316737] (fast_lio) StdoutLine: {'line': b'[ 70%] Built target fast_lio__rosidl_typesupport_introspection_c\n'}
[20.341667] (-) TimerEvent: {}
[20.381586] (fast_lio) StdoutLine: {'line': b'[ 72%] Linking CXX shared library libfast_lio__rosidl_typesupport_fastrtps_c.so\n'}
[20.441784] (-) TimerEvent: {}
[20.542244] (-) TimerEvent: {}
[20.642514] (-) TimerEvent: {}
[20.668861] (fast_lio) StdoutLine: {'line': b'[ 72%] Built target fast_lio__rosidl_typesupport_fastrtps_c\n'}
[20.742613] (-) TimerEvent: {}
[20.842898] (-) TimerEvent: {}
[20.888895] (fast_lio) StdoutLine: {'line': b'[ 72%] Built target fast_lio\n'}
[20.943002] (-) TimerEvent: {}
[21.043325] (-) TimerEvent: {}
[21.123539] (fast_lio) StdoutLine: {'line': b'[ 75%] Generating Python code for ROS interfaces\n'}
[21.143430] (-) TimerEvent: {}
[21.243729] (-) TimerEvent: {}
[21.343974] (-) TimerEvent: {}
[21.444212] (-) TimerEvent: {}
[21.544471] (-) TimerEvent: {}
[21.644803] (-) TimerEvent: {}
[21.745067] (-) TimerEvent: {}
[21.777349] (fast_lio) StdoutLine: {'line': b'[ 75%] Built target fast_lio__py\n'}
[21.845186] (-) TimerEvent: {}
[21.945548] (-) TimerEvent: {}
[22.045935] (-) TimerEvent: {}
[22.073371] (fast_lio) StdoutLine: {'line': b'[ 78%] Building C object CMakeFiles/fast_lio__rosidl_generator_py.dir/rosidl_generator_py/fast_lio/msg/_pose6_d_s.c.o\n'}
[22.146053] (-) TimerEvent: {}
[22.246457] (-) TimerEvent: {}
[22.346768] (-) TimerEvent: {}
[22.447120] (-) TimerEvent: {}
[22.547417] (-) TimerEvent: {}
[22.567907] (fast_lio) StdoutLine: {'line': b'[ 81%] Linking C shared library rosidl_generator_py/fast_lio/libfast_lio__rosidl_generator_py.so\n'}
[22.647542] (-) TimerEvent: {}
[22.747830] (-) TimerEvent: {}
[22.848120] (-) TimerEvent: {}
[22.880400] (fast_lio) StdoutLine: {'line': b'[ 81%] Built target fast_lio__rosidl_generator_py\n'}
[22.948231] (-) TimerEvent: {}
[23.009574] (fast_lio) StdoutLine: {'line': b'[ 83%] Building C object CMakeFiles/fast_lio__rosidl_typesupport_introspection_c__pyext.dir/rosidl_generator_py/fast_lio/_fast_lio_s.ep.rosidl_typesupport_introspection_c.c.o\n'}
[23.013939] (fast_lio) StdoutLine: {'line': b'[ 86%] Building C object CMakeFiles/fast_lio__rosidl_typesupport_fastrtps_c__pyext.dir/rosidl_generator_py/fast_lio/_fast_lio_s.ep.rosidl_typesupport_fastrtps_c.c.o\n'}
[23.045464] (fast_lio) StdoutLine: {'line': b'[ 89%] Building C object CMakeFiles/fast_lio__rosidl_typesupport_c__pyext.dir/rosidl_generator_py/fast_lio/_fast_lio_s.ep.rosidl_typesupport_c.c.o\n'}
[23.048326] (-) TimerEvent: {}
[23.148717] (-) TimerEvent: {}
[23.249004] (-) TimerEvent: {}
[23.349335] (-) TimerEvent: {}
[23.431108] (fast_lio) StdoutLine: {'line': b'[ 91%] Linking C shared library rosidl_generator_py/fast_lio/fast_lio_s__rosidl_typesupport_c.cpython-310-x86_64-linux-gnu.so\n'}
[23.435571] (fast_lio) StdoutLine: {'line': b'[ 94%] Linking C shared library rosidl_generator_py/fast_lio/fast_lio_s__rosidl_typesupport_introspection_c.cpython-310-x86_64-linux-gnu.so\n'}
[23.444807] (fast_lio) StdoutLine: {'line': b'[ 97%] Linking C shared library rosidl_generator_py/fast_lio/fast_lio_s__rosidl_typesupport_fastrtps_c.cpython-310-x86_64-linux-gnu.so\n'}
[23.449434] (-) TimerEvent: {}
[23.549791] (-) TimerEvent: {}
[23.593760] (fast_lio) StdoutLine: {'line': b'[ 97%] Built target fast_lio__rosidl_typesupport_c__pyext\n'}
[23.605389] (fast_lio) StdoutLine: {'line': b'[ 97%] Built target fast_lio__rosidl_typesupport_introspection_c__pyext\n'}
[23.649904] (-) TimerEvent: {}
[23.700487] (fast_lio) StdoutLine: {'line': b'[ 97%] Built target fast_lio__rosidl_typesupport_fastrtps_c__pyext\n'}
[23.750014] (-) TimerEvent: {}
[23.850277] (-) TimerEvent: {}
[23.950746] (-) TimerEvent: {}
[24.051090] (-) TimerEvent: {}
[24.151424] (-) TimerEvent: {}
[24.251793] (-) TimerEvent: {}
[24.352120] (-) TimerEvent: {}
[24.452406] (-) TimerEvent: {}
[24.552654] (-) TimerEvent: {}
[24.652916] (-) TimerEvent: {}
[24.753165] (-) TimerEvent: {}
[24.853393] (-) TimerEvent: {}
[24.953636] (-) TimerEvent: {}
[25.053893] (-) TimerEvent: {}
[25.154126] (-) TimerEvent: {}
[25.254381] (-) TimerEvent: {}
[25.354621] (-) TimerEvent: {}
[25.454866] (-) TimerEvent: {}
[25.555142] (-) TimerEvent: {}
[25.655365] (-) TimerEvent: {}
[25.755649] (-) TimerEvent: {}
[25.855958] (-) TimerEvent: {}
[25.956278] (-) TimerEvent: {}
[26.056552] (-) TimerEvent: {}
[26.156804] (-) TimerEvent: {}
[26.257051] (-) TimerEvent: {}
[26.357310] (-) TimerEvent: {}
[26.457557] (-) TimerEvent: {}
[26.557821] (-) TimerEvent: {}
[26.658122] (-) TimerEvent: {}
[26.758403] (-) TimerEvent: {}
[26.858686] (-) TimerEvent: {}
[26.958950] (-) TimerEvent: {}
[27.059238] (-) TimerEvent: {}
[27.159488] (-) TimerEvent: {}
[27.259753] (-) TimerEvent: {}
[27.360024] (-) TimerEvent: {}
[27.460284] (-) TimerEvent: {}
[27.560546] (-) TimerEvent: {}
[27.660811] (-) TimerEvent: {}
[27.761077] (-) TimerEvent: {}
[27.861382] (-) TimerEvent: {}
[27.961674] (-) TimerEvent: {}
[28.061938] (-) TimerEvent: {}
[28.162181] (-) TimerEvent: {}
[28.262441] (-) TimerEvent: {}
[28.362718] (-) TimerEvent: {}
[28.463069] (-) TimerEvent: {}
[28.563333] (-) TimerEvent: {}
[28.663584] (-) TimerEvent: {}
[28.763819] (-) TimerEvent: {}
[28.864094] (-) TimerEvent: {}
[28.964360] (-) TimerEvent: {}
[29.064633] (-) TimerEvent: {}
[29.164898] (-) TimerEvent: {}
[29.265158] (-) TimerEvent: {}
[29.365489] (-) TimerEvent: {}
[29.465849] (-) TimerEvent: {}
[29.566259] (-) TimerEvent: {}
[29.666704] (-) TimerEvent: {}
[29.767176] (-) TimerEvent: {}
[29.867640] (-) TimerEvent: {}
[29.968020] (-) TimerEvent: {}
[30.068419] (-) TimerEvent: {}
[30.168803] (-) TimerEvent: {}
[30.269261] (-) TimerEvent: {}
[30.369723] (-) TimerEvent: {}
[30.470117] (-) TimerEvent: {}
[30.570474] (-) TimerEvent: {}
[30.670811] (-) TimerEvent: {}
[30.771206] (-) TimerEvent: {}
[30.871738] (-) TimerEvent: {}
[30.972109] (-) TimerEvent: {}
[31.072503] (-) TimerEvent: {}
[31.172888] (-) TimerEvent: {}
[31.273270] (-) TimerEvent: {}
[31.373640] (-) TimerEvent: {}
[31.474017] (-) TimerEvent: {}
[31.574368] (-) TimerEvent: {}
[31.674759] (-) TimerEvent: {}
[31.711080] (fast_lio) StderrLine: {'line': b'In file included from /usr/include/boost/smart_ptr/detail/sp_thread_sleep.hpp:22,\n'}
[31.712572] (fast_lio) StderrLine: {'line': b'                 from /usr/include/boost/smart_ptr/detail/yield_k.hpp:23,\n'}
[31.713131] (fast_lio) StderrLine: {'line': b'                 from /usr/include/boost/smart_ptr/detail/spinlock_gcc_atomic.hpp:14,\n'}
[31.713718] (fast_lio) StderrLine: {'line': b'                 from /usr/include/boost/smart_ptr/detail/spinlock.hpp:42,\n'}
[31.714494] (fast_lio) StderrLine: {'line': b'                 from /usr/include/boost/smart_ptr/detail/spinlock_pool.hpp:25,\n'}
[31.715079] (fast_lio) StderrLine: {'line': b'                 from /usr/include/boost/smart_ptr/shared_ptr.hpp:29,\n'}
[31.715501] (fast_lio) StderrLine: {'line': b'                 from /usr/include/boost/shared_ptr.hpp:17,\n'}
[31.716320] (fast_lio) StderrLine: {'line': b'                 from /usr/include/boost/date_time/microsec_time_clock.hpp:18,\n'}
[31.717046] (fast_lio) StderrLine: {'line': b'                 from /usr/include/boost/interprocess/detail/posix_time_types_wrk.hpp:31,\n'}
[31.717621] (fast_lio) StderrLine: {'line': b'                 from /usr/include/boost/interprocess/detail/os_thread_functions.hpp:36,\n'}
[31.718174] (fast_lio) StderrLine: {'line': b'                 from /usr/include/boost/interprocess/sync/file_lock.hpp:26,\n'}
[31.718696] (fast_lio) StderrLine: {'line': b'                 from /usr/include/pcl-1.12/pcl/io/pcd_io.h:46,\n'}
[31.719271] (fast_lio) StderrLine: {'line': b'                 from /opt/ros/humble/include/pcl_conversions/pcl_conversions/pcl_conversions.h:73,\n'}
[31.719801] (fast_lio) StderrLine: {'line': b'                 from /workspace/stage2_workspaces/b2/src/fast_lio/src/IMU_Processing.hpp:18,\n'}
[31.720286] (fast_lio) StderrLine: {'line': b'                 from /workspace/stage2_workspaces/b2/src/fast_lio/src/laserMapping.cpp:50:\n'}
[31.720789] (fast_lio) StderrLine: {'line': b'/usr/include/boost/bind.hpp:36:1: note: \xe2\x80\x98#pragma message: The practice of declaring the Bind placeholders (_1, _2, ...) in the global namespace is deprecated. Please use <boost/bind/bind.hpp> + using namespace boost::placeholders, or define BOOST_BIND_GLOBAL_PLACEHOLDERS to retain the current behavior.\xe2\x80\x99\n'}
[31.721517] (fast_lio) StderrLine: {'line': b'   36 | BOOST_PRAGMA_MESSAGE(\n'}
[31.722117] (fast_lio) StderrLine: {'line': b'      | ^~~~~~~~~~~~~~~~~~~~\n'}
[31.774884] (-) TimerEvent: {}
[31.875279] (-) TimerEvent: {}
[31.975723] (-) TimerEvent: {}
[32.076183] (-) TimerEvent: {}
[32.176653] (-) TimerEvent: {}
[32.277032] (-) TimerEvent: {}
[32.377400] (-) TimerEvent: {}
[32.477771] (-) TimerEvent: {}
[32.578119] (-) TimerEvent: {}
[32.678464] (-) TimerEvent: {}
[32.778813] (-) TimerEvent: {}
[32.879201] (-) TimerEvent: {}
[32.979572] (-) TimerEvent: {}
[33.079947] (-) TimerEvent: {}
[33.180312] (-) TimerEvent: {}
[33.280679] (-) TimerEvent: {}
[33.381053] (-) TimerEvent: {}
[33.481475] (-) TimerEvent: {}
[33.581922] (-) TimerEvent: {}
[33.682344] (-) TimerEvent: {}
[33.782708] (-) TimerEvent: {}
[33.883121] (-) TimerEvent: {}
[33.983477] (-) TimerEvent: {}
[34.098457] (-) TimerEvent: {}
[34.198911] (-) TimerEvent: {}
[34.299316] (-) TimerEvent: {}
[34.399732] (-) TimerEvent: {}
[34.500147] (-) TimerEvent: {}
[34.600578] (-) TimerEvent: {}
[34.700965] (-) TimerEvent: {}
[34.801413] (-) TimerEvent: {}
[34.901786] (-) TimerEvent: {}
[35.002152] (-) TimerEvent: {}
[35.102536] (-) TimerEvent: {}
[35.202929] (-) TimerEvent: {}
[35.303261] (-) TimerEvent: {}
[35.403602] (-) TimerEvent: {}
[35.503959] (-) TimerEvent: {}
[35.604316] (-) TimerEvent: {}
[35.704676] (-) TimerEvent: {}
[35.805017] (-) TimerEvent: {}
[35.905369] (-) TimerEvent: {}
[36.005723] (-) TimerEvent: {}
[36.106181] (-) TimerEvent: {}
[36.206592] (-) TimerEvent: {}
[36.306962] (-) TimerEvent: {}
[36.407339] (-) TimerEvent: {}
[36.507718] (-) TimerEvent: {}
[36.608085] (-) TimerEvent: {}
[36.708436] (-) TimerEvent: {}
[36.808776] (-) TimerEvent: {}
[36.909171] (-) TimerEvent: {}
[37.009495] (-) TimerEvent: {}
[37.109835] (-) TimerEvent: {}
[37.210212] (-) TimerEvent: {}
[37.310577] (-) TimerEvent: {}
[37.410954] (-) TimerEvent: {}
[37.511636] (-) TimerEvent: {}
[37.612184] (-) TimerEvent: {}
[37.712632] (-) TimerEvent: {}
[37.812966] (-) TimerEvent: {}
[37.913370] (-) TimerEvent: {}
[38.013713] (-) TimerEvent: {}
[38.114073] (-) TimerEvent: {}
[38.214435] (-) TimerEvent: {}
[38.314785] (-) TimerEvent: {}
[38.415137] (-) TimerEvent: {}
[38.515486] (-) TimerEvent: {}
[38.615857] (-) TimerEvent: {}
[38.716277] (-) TimerEvent: {}
[38.816774] (-) TimerEvent: {}
[38.917179] (-) TimerEvent: {}
[39.017537] (-) TimerEvent: {}
[39.117883] (-) TimerEvent: {}
[39.218252] (-) TimerEvent: {}
[39.318629] (-) TimerEvent: {}
[39.418980] (-) TimerEvent: {}
[39.519338] (-) TimerEvent: {}
[39.619774] (-) TimerEvent: {}
[39.720148] (-) TimerEvent: {}
[39.820509] (-) TimerEvent: {}
[39.920877] (-) TimerEvent: {}
[40.021225] (-) TimerEvent: {}
[40.121652] (-) TimerEvent: {}
[40.222150] (-) TimerEvent: {}
[40.322567] (-) TimerEvent: {}
[40.422984] (-) TimerEvent: {}
[40.523362] (-) TimerEvent: {}
[40.623780] (-) TimerEvent: {}
[40.724192] (-) TimerEvent: {}
[40.824634] (-) TimerEvent: {}
[40.925023] (-) TimerEvent: {}
[41.025375] (-) TimerEvent: {}
[41.125778] (-) TimerEvent: {}
[41.226184] (-) TimerEvent: {}
[41.326741] (-) TimerEvent: {}
[41.427382] (-) TimerEvent: {}
[41.527772] (-) TimerEvent: {}
[41.628112] (-) TimerEvent: {}
[41.728463] (-) TimerEvent: {}
[41.828845] (-) TimerEvent: {}
[41.929281] (-) TimerEvent: {}
[42.029643] (-) TimerEvent: {}
[42.130012] (-) TimerEvent: {}
[42.230388] (-) TimerEvent: {}
[42.330793] (-) TimerEvent: {}
[42.431192] (-) TimerEvent: {}
[42.531692] (-) TimerEvent: {}
[42.632202] (-) TimerEvent: {}
[42.732648] (-) TimerEvent: {}
[42.832996] (-) TimerEvent: {}
[42.933337] (-) TimerEvent: {}
[43.033683] (-) TimerEvent: {}
[43.134059] (-) TimerEvent: {}
[43.234441] (-) TimerEvent: {}
[43.334801] (-) TimerEvent: {}
[43.435229] (-) TimerEvent: {}
[43.535640] (-) TimerEvent: {}
[43.636050] (-) TimerEvent: {}
[43.736401] (-) TimerEvent: {}
[43.836846] (-) TimerEvent: {}
[43.937370] (-) TimerEvent: {}
[44.037761] (-) TimerEvent: {}
[44.138116] (-) TimerEvent: {}
[44.238495] (-) TimerEvent: {}
[44.338852] (-) TimerEvent: {}
[44.439261] (-) TimerEvent: {}
[44.539653] (-) TimerEvent: {}
[44.639993] (-) TimerEvent: {}
[44.740396] (-) TimerEvent: {}
[44.840759] (-) TimerEvent: {}
[44.941111] (-) TimerEvent: {}
[45.041461] (-) TimerEvent: {}
[45.141858] (-) TimerEvent: {}
[45.242265] (-) TimerEvent: {}
[45.342628] (-) TimerEvent: {}
[45.442996] (-) TimerEvent: {}
[45.543409] (-) TimerEvent: {}
[45.643750] (-) TimerEvent: {}
[45.744117] (-) TimerEvent: {}
[45.844496] (-) TimerEvent: {}
[45.944879] (-) TimerEvent: {}
[46.045243] (-) TimerEvent: {}
[46.145602] (-) TimerEvent: {}
[46.245970] (-) TimerEvent: {}
[46.346355] (-) TimerEvent: {}
[46.446795] (-) TimerEvent: {}
[46.547350] (-) TimerEvent: {}
[46.647731] (-) TimerEvent: {}
[46.748069] (-) TimerEvent: {}
[46.848431] (-) TimerEvent: {}
[46.948807] (-) TimerEvent: {}
[47.049160] (-) TimerEvent: {}
[47.149646] (-) TimerEvent: {}
[47.250018] (-) TimerEvent: {}
[47.350391] (-) TimerEvent: {}
[47.450772] (-) TimerEvent: {}
[47.551254] (-) TimerEvent: {}
[47.651770] (-) TimerEvent: {}
[47.752228] (-) TimerEvent: {}
[47.852659] (-) TimerEvent: {}
[47.953072] (-) TimerEvent: {}
[48.053460] (-) TimerEvent: {}
[48.153882] (-) TimerEvent: {}
[48.254292] (-) TimerEvent: {}
[48.354719] (-) TimerEvent: {}
[48.455074] (-) TimerEvent: {}
[48.555414] (-) TimerEvent: {}
[48.655759] (-) TimerEvent: {}
[48.756104] (-) TimerEvent: {}
[48.856461] (-) TimerEvent: {}
[48.956891] (-) TimerEvent: {}
[49.057413] (-) TimerEvent: {}
[49.157784] (-) TimerEvent: {}
[49.258178] (-) TimerEvent: {}
[49.358549] (-) TimerEvent: {}
[49.458929] (-) TimerEvent: {}
[49.559282] (-) TimerEvent: {}
[49.659633] (-) TimerEvent: {}
[49.760007] (-) TimerEvent: {}
[49.860369] (-) TimerEvent: {}
[49.960716] (-) TimerEvent: {}
[50.061057] (-) TimerEvent: {}
[50.161412] (-) TimerEvent: {}
[50.261859] (-) TimerEvent: {}
[50.362361] (-) TimerEvent: {}
[50.462772] (-) TimerEvent: {}
[50.563147] (-) TimerEvent: {}
[50.663517] (-) TimerEvent: {}
[50.763875] (-) TimerEvent: {}
[50.864225] (-) TimerEvent: {}
[50.964581] (-) TimerEvent: {}
[51.064942] (-) TimerEvent: {}
[51.165329] (-) TimerEvent: {}
[51.265683] (-) TimerEvent: {}
[51.366042] (-) TimerEvent: {}
[51.466431] (-) TimerEvent: {}
[51.567077] (-) TimerEvent: {}
[51.667504] (-) TimerEvent: {}
[51.767895] (-) TimerEvent: {}
[51.868267] (-) TimerEvent: {}
[51.968645] (-) TimerEvent: {}
[52.068978] (-) TimerEvent: {}
[52.169401] (-) TimerEvent: {}
[52.269783] (-) TimerEvent: {}
[52.370154] (-) TimerEvent: {}
[52.470508] (-) TimerEvent: {}
[52.570863] (-) TimerEvent: {}
[52.671231] (-) TimerEvent: {}
[52.771571] (-) TimerEvent: {}
[52.871930] (-) TimerEvent: {}
[52.972375] (-) TimerEvent: {}
[53.072762] (-) TimerEvent: {}
[53.173152] (-) TimerEvent: {}
[53.273518] (-) TimerEvent: {}
[53.373896] (-) TimerEvent: {}
[53.474268] (-) TimerEvent: {}
[53.574617] (-) TimerEvent: {}
[53.674970] (-) TimerEvent: {}
[53.775338] (-) TimerEvent: {}
[53.875714] (-) TimerEvent: {}
[53.976090] (-) TimerEvent: {}
[54.076446] (-) TimerEvent: {}
[54.176930] (-) TimerEvent: {}
[54.277430] (-) TimerEvent: {}
[54.377888] (-) TimerEvent: {}
[54.478252] (-) TimerEvent: {}
[54.578592] (-) TimerEvent: {}
[54.678934] (-) TimerEvent: {}
[54.779292] (-) TimerEvent: {}
[54.879689] (-) TimerEvent: {}
[54.980029] (-) TimerEvent: {}
[55.080437] (-) TimerEvent: {}
[55.180813] (-) TimerEvent: {}
[55.281183] (-) TimerEvent: {}
[55.381545] (-) TimerEvent: {}
[55.482011] (-) TimerEvent: {}
[55.582578] (-) TimerEvent: {}
[55.682997] (-) TimerEvent: {}
[55.783418] (-) TimerEvent: {}
[55.883800] (-) TimerEvent: {}
[55.984169] (-) TimerEvent: {}
[56.084536] (-) TimerEvent: {}
[56.184886] (-) TimerEvent: {}
[56.285233] (-) TimerEvent: {}
[56.385595] (-) TimerEvent: {}
[56.485954] (-) TimerEvent: {}
[56.586332] (-) TimerEvent: {}
[56.686692] (-) TimerEvent: {}
[56.787073] (-) TimerEvent: {}
[56.887485] (-) TimerEvent: {}
[56.987897] (-) TimerEvent: {}
[57.088335] (-) TimerEvent: {}
[57.188742] (-) TimerEvent: {}
[57.289094] (-) TimerEvent: {}
[57.389455] (-) TimerEvent: {}
[57.489821] (-) TimerEvent: {}
[57.590179] (-) TimerEvent: {}
[57.690537] (-) TimerEvent: {}
[57.790909] (-) TimerEvent: {}
[57.891262] (-) TimerEvent: {}
[57.991619] (-) TimerEvent: {}
[58.091957] (-) TimerEvent: {}
[58.192376] (-) TimerEvent: {}
[58.292913] (-) TimerEvent: {}
[58.393252] (-) TimerEvent: {}
[58.493605] (-) TimerEvent: {}
[58.593969] (-) TimerEvent: {}
[58.694341] (-) TimerEvent: {}
[58.794689] (-) TimerEvent: {}
[58.895066] (-) TimerEvent: {}
[58.995404] (-) TimerEvent: {}
[59.095765] (-) TimerEvent: {}
[59.196141] (-) TimerEvent: {}
[59.296489] (-) TimerEvent: {}
[59.396858] (-) TimerEvent: {}
[59.497394] (-) TimerEvent: {}
[59.597818] (-) TimerEvent: {}
[59.698207] (-) TimerEvent: {}
[59.798567] (-) TimerEvent: {}
[59.898950] (-) TimerEvent: {}
[59.999299] (-) TimerEvent: {}
[60.099682] (-) TimerEvent: {}
[60.200081] (-) TimerEvent: {}
[60.300475] (-) TimerEvent: {}
[60.400787] (-) TimerEvent: {}
[60.501202] (-) TimerEvent: {}
[60.601582] (-) TimerEvent: {}
[60.702018] (-) TimerEvent: {}
[60.802494] (-) TimerEvent: {}
[60.903000] (-) TimerEvent: {}
[61.003374] (-) TimerEvent: {}
[61.103733] (-) TimerEvent: {}
[61.204076] (-) TimerEvent: {}
[61.304438] (-) TimerEvent: {}
[61.404788] (-) TimerEvent: {}
[61.505251] (-) TimerEvent: {}
[61.605597] (-) TimerEvent: {}
[61.705984] (-) TimerEvent: {}
[61.806369] (-) TimerEvent: {}
[61.906732] (-) TimerEvent: {}
[62.007077] (-) TimerEvent: {}
[62.107662] (-) TimerEvent: {}
[62.208092] (-) TimerEvent: {}
[62.308438] (-) TimerEvent: {}
[62.408800] (-) TimerEvent: {}
[62.509181] (-) TimerEvent: {}
[62.609525] (-) TimerEvent: {}
[62.709893] (-) TimerEvent: {}
[62.810239] (-) TimerEvent: {}
[62.910584] (-) TimerEvent: {}
[63.010927] (-) TimerEvent: {}
[63.111284] (-) TimerEvent: {}
[63.211638] (-) TimerEvent: {}
[63.311989] (-) TimerEvent: {}
[63.412400] (-) TimerEvent: {}
[63.512993] (-) TimerEvent: {}
[63.613341] (-) TimerEvent: {}
[63.713702] (-) TimerEvent: {}
[63.814159] (-) TimerEvent: {}
[63.914510] (-) TimerEvent: {}
[64.014862] (-) TimerEvent: {}
[64.115220] (-) TimerEvent: {}
[64.215598] (-) TimerEvent: {}
[64.315962] (-) TimerEvent: {}
[64.416314] (-) TimerEvent: {}
[64.516666] (-) TimerEvent: {}
[64.617025] (-) TimerEvent: {}
[64.717407] (-) TimerEvent: {}
[64.817830] (-) TimerEvent: {}
[64.918223] (-) TimerEvent: {}
[65.018626] (-) TimerEvent: {}
[65.118991] (-) TimerEvent: {}
[65.219365] (-) TimerEvent: {}
[65.319777] (-) TimerEvent: {}
[65.420142] (-) TimerEvent: {}
[65.520497] (-) TimerEvent: {}
[65.620834] (-) TimerEvent: {}
[65.721167] (-) TimerEvent: {}
[65.821553] (-) TimerEvent: {}
[65.921913] (-) TimerEvent: {}
[66.022371] (-) TimerEvent: {}
[66.123044] (-) TimerEvent: {}
[66.223408] (-) TimerEvent: {}
[66.323782] (-) TimerEvent: {}
[66.424125] (-) TimerEvent: {}
[66.524466] (-) TimerEvent: {}
[66.624821] (-) TimerEvent: {}
[66.725268] (-) TimerEvent: {}
[66.825865] (-) TimerEvent: {}
[66.926234] (-) TimerEvent: {}
[67.026599] (-) TimerEvent: {}
[67.126984] (-) TimerEvent: {}
[67.227503] (-) TimerEvent: {}
[67.328062] (-) TimerEvent: {}
[67.428443] (-) TimerEvent: {}
[67.528808] (-) TimerEvent: {}
[67.629165] (-) TimerEvent: {}
[67.729524] (-) TimerEvent: {}
[67.829868] (-) TimerEvent: {}
[67.930221] (-) TimerEvent: {}
[68.030562] (-) TimerEvent: {}
[68.130922] (-) TimerEvent: {}
[68.231292] (-) TimerEvent: {}
[68.331636] (-) TimerEvent: {}
[68.431983] (-) TimerEvent: {}
[68.532326] (-) TimerEvent: {}
[68.632864] (-) TimerEvent: {}
[68.733278] (-) TimerEvent: {}
[68.833654] (-) TimerEvent: {}
[68.934054] (-) TimerEvent: {}
[69.034468] (-) TimerEvent: {}
[69.134817] (-) TimerEvent: {}
[69.235182] (-) TimerEvent: {}
[69.335551] (-) TimerEvent: {}
[69.435910] (-) TimerEvent: {}
[69.536265] (-) TimerEvent: {}
[69.636619] (-) TimerEvent: {}
[69.736975] (-) TimerEvent: {}
[69.837346] (-) TimerEvent: {}
[69.937792] (-) TimerEvent: {}
[70.038191] (-) TimerEvent: {}
[70.138623] (-) TimerEvent: {}
[70.238988] (-) TimerEvent: {}
[70.339391] (-) TimerEvent: {}
[70.439752] (-) TimerEvent: {}
[70.540108] (-) TimerEvent: {}
[70.640450] (-) TimerEvent: {}
[70.740815] (-) TimerEvent: {}
[70.841181] (-) TimerEvent: {}
[70.941556] (-) TimerEvent: {}
[71.041922] (-) TimerEvent: {}
[71.142273] (-) TimerEvent: {}
[71.242645] (-) TimerEvent: {}
[71.343067] (-) TimerEvent: {}
[71.443512] (-) TimerEvent: {}
[71.543860] (-) TimerEvent: {}
[71.644213] (-) TimerEvent: {}
[71.744558] (-) TimerEvent: {}
[71.844908] (-) TimerEvent: {}
[71.945147] (-) TimerEvent: {}
[72.045408] (-) TimerEvent: {}
[72.145655] (-) TimerEvent: {}
[72.168120] (fast_lio) StdoutLine: {'line': b'[100%] Linking CXX executable fastlio_mapping\n'}
[72.245767] (-) TimerEvent: {}
[72.346044] (-) TimerEvent: {}
[72.446331] (-) TimerEvent: {}
[72.546613] (-) TimerEvent: {}
[72.646908] (-) TimerEvent: {}
[72.747271] (-) TimerEvent: {}
[72.847588] (-) TimerEvent: {}
[72.948065] (-) TimerEvent: {}
[73.048593] (-) TimerEvent: {}
[73.148964] (-) TimerEvent: {}
[73.249270] (-) TimerEvent: {}
[73.349512] (-) TimerEvent: {}
[73.449740] (-) TimerEvent: {}
[73.549971] (-) TimerEvent: {}
[73.650364] (-) TimerEvent: {}
[73.750607] (-) TimerEvent: {}
[73.850843] (-) TimerEvent: {}
[73.951099] (-) TimerEvent: {}
[74.051342] (-) TimerEvent: {}
[74.151594] (-) TimerEvent: {}
[74.248299] (fast_lio) StdoutLine: {'line': b'[100%] Built target fastlio_mapping\n'}
[74.251677] (-) TimerEvent: {}
[74.351897] (-) TimerEvent: {}
[74.452190] (-) TimerEvent: {}
[74.455450] (fast_lio) CommandEnded: {'returncode': 0}
[74.466900] (fast_lio) JobProgress: {'identifier': 'fast_lio', 'progress': 'install'}
[74.470605] (fast_lio) Command: {'cmd': ['/usr/bin/cmake', '--install', '/workspace/stage2_workspaces/b2/build/fast_lio'], 'cwd': '/workspace/stage2_workspaces/b2/build/fast_lio', 'env': OrderedDict([('HOSTNAME', 'dc3ae6023b26'), ('SHLVL', '0'), ('LIBGL_ALWAYS_SOFTWARE', '0'), ('LD_LIBRARY_PATH', '/workspace/stage2_workspaces/b2/install/livox_ros_driver2/lib:/opt/ros/humble/opt/rviz_ogre_vendor/lib:/opt/ros/humble/lib/x86_64-linux-gnu:/opt/ros/humble/lib'), ('HOME', '/root'), ('OLDPWD', '/workspace'), ('ROS_PYTHON_VERSION', '3'), ('ROS_DISTRO', 'humble'), ('_', '/usr/bin/colcon'), ('ROS_VERSION', '2'), ('ROS_LOCALHOST_ONLY', '0'), ('PATH', '/opt/ros/humble/bin:/usr/local/sbin:/usr/local/bin:/usr/sbin:/usr/bin:/sbin:/bin'), ('DISPLAY', 'host.docker.internal:0.0'), ('LANG', 'C.UTF-8'), ('AMENT_PREFIX_PATH', '/workspace/stage2_workspaces/b2/install/livox_ros_driver2:/opt/ros/humble'), ('PWD', '/workspace/stage2_workspaces/b2/build/fast_lio'), ('LC_ALL', 'C.UTF-8'), ('PYTHONPATH', '/workspace/stage2_workspaces/b2/install/livox_ros_driver2/local/lib/python3.10/dist-packages:/opt/ros/humble/lib/python3.10/site-packages:/opt/ros/humble/local/lib/python3.10/dist-packages'), ('COLCON', '1'), ('CMAKE_PREFIX_PATH', '/workspace/stage2_workspaces/b2/install/livox_ros_driver2:/opt/ros/humble')]), 'shell': False}
[74.551109] (fast_lio) StdoutLine: {'line': b'-- Install configuration: "Release"\n'}
[74.552267] (-) TimerEvent: {}
[74.578211] (fast_lio) StdoutLine: {'line': b'-- Installing: /workspace/stage2_workspaces/b2/install/fast_lio/share/ament_index/resource_index/rosidl_interfaces/fast_lio\n'}
[74.636908] (fast_lio) StdoutLine: {'line': b'-- Installing: /workspace/stage2_workspaces/b2/install/fast_lio/include/fast_lio/fast_lio\n'}
[74.652384] (-) TimerEvent: {}
[74.658203] (fast_lio) StdoutLine: {'line': b'-- Installing: /workspace/stage2_workspaces/b2/install/fast_lio/include/fast_lio/fast_lio/msg\n'}
[74.683660] (fast_lio) StdoutLine: {'line': b'-- Installing: /workspace/stage2_workspaces/b2/install/fast_lio/include/fast_lio/fast_lio/msg/detail\n'}
[74.720200] (fast_lio) StdoutLine: {'line': b'-- Installing: /workspace/stage2_workspaces/b2/install/fast_lio/include/fast_lio/fast_lio/msg/detail/pose6_d__functions.c\n'}
[74.752494] (-) TimerEvent: {}
[74.802005] (fast_lio) StdoutLine: {'line': b'-- Installing: /workspace/stage2_workspaces/b2/install/fast_lio/include/fast_lio/fast_lio/msg/detail/pose6_d__functions.h\n'}
[74.852613] (-) TimerEvent: {}
[74.883420] (fast_lio) StdoutLine: {'line': b'-- Installing: /workspace/stage2_workspaces/b2/install/fast_lio/include/fast_lio/fast_lio/msg/detail/pose6_d__struct.h\n'}
[74.952729] (-) TimerEvent: {}
[74.964791] (fast_lio) StdoutLine: {'line': b'-- Installing: /workspace/stage2_workspaces/b2/install/fast_lio/include/fast_lio/fast_lio/msg/detail/pose6_d__type_support.h\n'}
[75.033957] (fast_lio) StdoutLine: {'line': b'-- Installing: /workspace/stage2_workspaces/b2/install/fast_lio/include/fast_lio/fast_lio/msg/pose6_d.h\n'}
[75.052838] (-) TimerEvent: {}
[75.087506] (fast_lio) StdoutLine: {'line': b'-- Installing: /workspace/stage2_workspaces/b2/install/fast_lio/include/fast_lio/fast_lio/msg/rosidl_generator_c__visibility_control.h\n'}
[75.135600] (fast_lio) StdoutLine: {'line': b'-- Installing: /workspace/stage2_workspaces/b2/install/fast_lio/share/fast_lio/environment/library_path.sh\n'}
[75.152954] (-) TimerEvent: {}
[75.171050] (fast_lio) StdoutLine: {'line': b'-- Installing: /workspace/stage2_workspaces/b2/install/fast_lio/share/fast_lio/environment/library_path.dsv\n'}
[75.209636] (fast_lio) StdoutLine: {'line': b'-- Installing: /workspace/stage2_workspaces/b2/install/fast_lio/lib/libfast_lio__rosidl_generator_c.so\n'}
[75.253081] (-) TimerEvent: {}
[75.253326] (fast_lio) StdoutLine: {'line': b'-- Set runtime path of "/workspace/stage2_workspaces/b2/install/fast_lio/lib/libfast_lio__rosidl_generator_c.so" to ""\n'}
[75.260281] (fast_lio) StdoutLine: {'line': b'-- Up-to-date: /workspace/stage2_workspaces/b2/install/fast_lio/include/fast_lio/fast_lio\n'}
[75.272103] (fast_lio) StdoutLine: {'line': b'-- Up-to-date: /workspace/stage2_workspaces/b2/install/fast_lio/include/fast_lio/fast_lio/msg\n'}
[75.286602] (fast_lio) StdoutLine: {'line': b'-- Up-to-date: /workspace/stage2_workspaces/b2/install/fast_lio/include/fast_lio/fast_lio/msg/detail\n'}
[75.306257] (fast_lio) StdoutLine: {'line': b'-- Installing: /workspace/stage2_workspaces/b2/install/fast_lio/include/fast_lio/fast_lio/msg/detail/pose6_d__rosidl_typesupport_fastrtps_c.h\n'}
[75.353190] (-) TimerEvent: {}
[75.357346] (fast_lio) StdoutLine: {'line': b'-- Installing: /workspace/stage2_workspaces/b2/install/fast_lio/include/fast_lio/fast_lio/msg/rosidl_typesupport_fastrtps_c__visibility_control.h\n'}
[75.400593] (fast_lio) StdoutLine: {'line': b'-- Installing: /workspace/stage2_workspaces/b2/install/fast_lio/lib/libfast_lio__rosidl_typesupport_fastrtps_c.so\n'}
[75.446628] (fast_lio) StdoutLine: {'line': b'-- Set runtime path of "/workspace/stage2_workspaces/b2/install/fast_lio/lib/libfast_lio__rosidl_typesupport_fastrtps_c.so" to ""\n'}
[75.453359] (-) TimerEvent: {}
[75.456965] (fast_lio) StdoutLine: {'line': b'-- Up-to-date: /workspace/stage2_workspaces/b2/install/fast_lio/include/fast_lio/fast_lio\n'}
[75.480651] (fast_lio) StdoutLine: {'line': b'-- Up-to-date: /workspace/stage2_workspaces/b2/install/fast_lio/include/fast_lio/fast_lio/msg\n'}
[75.506051] (fast_lio) StdoutLine: {'line': b'-- Up-to-date: /workspace/stage2_workspaces/b2/install/fast_lio/include/fast_lio/fast_lio/msg/detail\n'}
[75.538475] (fast_lio) StdoutLine: {'line': b'-- Installing: /workspace/stage2_workspaces/b2/install/fast_lio/include/fast_lio/fast_lio/msg/detail/pose6_d__builder.hpp\n'}
[75.553473] (-) TimerEvent: {}
[75.602573] (fast_lio) StdoutLine: {'line': b'-- Installing: /workspace/stage2_workspaces/b2/install/fast_lio/include/fast_lio/fast_lio/msg/detail/pose6_d__struct.hpp\n'}
[75.653595] (-) TimerEvent: {}
[75.657138] (fast_lio) StdoutLine: {'line': b'-- Installing: /workspace/stage2_workspaces/b2/install/fast_lio/include/fast_lio/fast_lio/msg/detail/pose6_d__traits.hpp\n'}
[75.710210] (fast_lio) StdoutLine: {'line': b'-- Installing: /workspace/stage2_workspaces/b2/install/fast_lio/include/fast_lio/fast_lio/msg/detail/pose6_d__type_support.hpp\n'}
[75.753705] (-) TimerEvent: {}
[75.763218] (fast_lio) StdoutLine: {'line': b'-- Installing: /workspace/stage2_workspaces/b2/install/fast_lio/include/fast_lio/fast_lio/msg/pose6_d.hpp\n'}
[75.807777] (fast_lio) StdoutLine: {'line': b'-- Installing: /workspace/stage2_workspaces/b2/install/fast_lio/include/fast_lio/fast_lio/msg/rosidl_generator_cpp__visibility_control.hpp\n'}
[75.852137] (fast_lio) StdoutLine: {'line': b'-- Up-to-date: /workspace/stage2_workspaces/b2/install/fast_lio/include/fast_lio/fast_lio\n'}
[75.853806] (-) TimerEvent: {}
[75.865314] (fast_lio) StdoutLine: {'line': b'-- Up-to-date: /workspace/stage2_workspaces/b2/install/fast_lio/include/fast_lio/fast_lio/msg\n'}
[75.880603] (fast_lio) StdoutLine: {'line': b'-- Up-to-date: /workspace/stage2_workspaces/b2/install/fast_lio/include/fast_lio/fast_lio/msg/detail\n'}
[75.897650] (fast_lio) StdoutLine: {'line': b'-- Installing: /workspace/stage2_workspaces/b2/install/fast_lio/include/fast_lio/fast_lio/msg/detail/dds_fastrtps\n'}
[75.926045] (fast_lio) StdoutLine: {'line': b'-- Installing: /workspace/stage2_workspaces/b2/install/fast_lio/include/fast_lio/fast_lio/msg/detail/pose6_d__rosidl_typesupport_fastrtps_cpp.hpp\n'}
[75.953917] (-) TimerEvent: {}
[75.981464] (fast_lio) StdoutLine: {'line': b'-- Installing: /workspace/stage2_workspaces/b2/install/fast_lio/include/fast_lio/fast_lio/msg/rosidl_typesupport_fastrtps_cpp__visibility_control.h\n'}
[76.045207] (fast_lio) StdoutLine: {'line': b'-- Installing: /workspace/stage2_workspaces/b2/install/fast_lio/lib/libfast_lio__rosidl_typesupport_fastrtps_cpp.so\n'}
[76.054033] (-) TimerEvent: {}
[76.120348] (fast_lio) StdoutLine: {'line': b'-- Set runtime path of "/workspace/stage2_workspaces/b2/install/fast_lio/lib/libfast_lio__rosidl_typesupport_fastrtps_cpp.so" to ""\n'}
[76.130095] (fast_lio) StdoutLine: {'line': b'-- Up-to-date: /workspace/stage2_workspaces/b2/install/fast_lio/include/fast_lio/fast_lio\n'}
[76.150235] (fast_lio) StdoutLine: {'line': b'-- Up-to-date: /workspace/stage2_workspaces/b2/install/fast_lio/include/fast_lio/fast_lio/msg\n'}
[76.154127] (-) TimerEvent: {}
[76.173628] (fast_lio) StdoutLine: {'line': b'-- Up-to-date: /workspace/stage2_workspaces/b2/install/fast_lio/include/fast_lio/fast_lio/msg/detail\n'}
[76.213507] (fast_lio) StdoutLine: {'line': b'-- Installing: /workspace/stage2_workspaces/b2/install/fast_lio/include/fast_lio/fast_lio/msg/detail/pose6_d__rosidl_typesupport_introspection_c.h\n'}
[76.254246] (-) TimerEvent: {}
[76.298100] (fast_lio) StdoutLine: {'line': b'-- Installing: /workspace/stage2_workspaces/b2/install/fast_lio/include/fast_lio/fast_lio/msg/detail/pose6_d__type_support.c\n'}
[76.354361] (-) TimerEvent: {}
[76.365937] (fast_lio) StdoutLine: {'line': b'-- Installing: /workspace/stage2_workspaces/b2/install/fast_lio/include/fast_lio/fast_lio/msg/rosidl_typesupport_introspection_c__visibility_control.h\n'}
[76.425310] (fast_lio) StdoutLine: {'line': b'-- Installing: /workspace/stage2_workspaces/b2/install/fast_lio/lib/libfast_lio__rosidl_typesupport_introspection_c.so\n'}
[76.454472] (-) TimerEvent: {}
[76.480668] (fast_lio) StdoutLine: {'line': b'-- Set runtime path of "/workspace/stage2_workspaces/b2/install/fast_lio/lib/libfast_lio__rosidl_typesupport_introspection_c.so" to ""\n'}
[76.493759] (fast_lio) StdoutLine: {'line': b'-- Installing: /workspace/stage2_workspaces/b2/install/fast_lio/lib/libfast_lio__rosidl_typesupport_c.so\n'}
[76.554588] (-) TimerEvent: {}
[76.556149] (fast_lio) StdoutLine: {'line': b'-- Set runtime path of "/workspace/stage2_workspaces/b2/install/fast_lio/lib/libfast_lio__rosidl_typesupport_c.so" to ""\n'}
[76.565802] (fast_lio) StdoutLine: {'line': b'-- Up-to-date: /workspace/stage2_workspaces/b2/install/fast_lio/include/fast_lio/fast_lio\n'}
[76.584982] (fast_lio) StdoutLine: {'line': b'-- Up-to-date: /workspace/stage2_workspaces/b2/install/fast_lio/include/fast_lio/fast_lio/msg\n'}
[76.603120] (fast_lio) StdoutLine: {'line': b'-- Up-to-date: /workspace/stage2_workspaces/b2/install/fast_lio/include/fast_lio/fast_lio/msg/detail\n'}
[76.622222] (fast_lio) StdoutLine: {'line': b'-- Installing: /workspace/stage2_workspaces/b2/install/fast_lio/include/fast_lio/fast_lio/msg/detail/pose6_d__rosidl_typesupport_introspection_cpp.hpp\n'}
[76.654696] (-) TimerEvent: {}
[76.673291] (fast_lio) StdoutLine: {'line': b'-- Installing: /workspace/stage2_workspaces/b2/install/fast_lio/include/fast_lio/fast_lio/msg/detail/pose6_d__type_support.cpp\n'}
[76.736423] (fast_lio) StdoutLine: {'line': b'-- Installing: /workspace/stage2_workspaces/b2/install/fast_lio/lib/libfast_lio__rosidl_typesupport_introspection_cpp.so\n'}
[76.754798] (-) TimerEvent: {}
[76.809423] (fast_lio) StdoutLine: {'line': b'-- Set runtime path of "/workspace/stage2_workspaces/b2/install/fast_lio/lib/libfast_lio__rosidl_typesupport_introspection_cpp.so" to ""\n'}
[76.821369] (fast_lio) StdoutLine: {'line': b'-- Installing: /workspace/stage2_workspaces/b2/install/fast_lio/lib/libfast_lio__rosidl_typesupport_cpp.so\n'}
[76.854901] (-) TimerEvent: {}
[76.868957] (fast_lio) StdoutLine: {'line': b'-- Set runtime path of "/workspace/stage2_workspaces/b2/install/fast_lio/lib/libfast_lio__rosidl_typesupport_cpp.so" to ""\n'}
[76.878636] (fast_lio) StdoutLine: {'line': b'-- Installing: /workspace/stage2_workspaces/b2/install/fast_lio/share/fast_lio/environment/pythonpath.sh\n'}
[76.914627] (fast_lio) StdoutLine: {'line': b'-- Installing: /workspace/stage2_workspaces/b2/install/fast_lio/share/fast_lio/environment/pythonpath.dsv\n'}
[76.947821] (fast_lio) StdoutLine: {'line': b'-- Installing: /workspace/stage2_workspaces/b2/install/fast_lio/local/lib/python3.10/dist-packages/fast_lio-0.0.0-py3.10.egg-info\n'}
[76.954991] (-) TimerEvent: {}
[76.971841] (fast_lio) StdoutLine: {'line': b'-- Installing: /workspace/stage2_workspaces/b2/install/fast_lio/local/lib/python3.10/dist-packages/fast_lio-0.0.0-py3.10.egg-info/dependency_links.txt\n'}
[77.021264] (fast_lio) StdoutLine: {'line': b'-- Installing: /workspace/stage2_workspaces/b2/install/fast_lio/local/lib/python3.10/dist-packages/fast_lio-0.0.0-py3.10.egg-info/PKG-INFO\n'}
[77.055097] (-) TimerEvent: {}
[77.069958] (fast_lio) StdoutLine: {'line': b'-- Installing: /workspace/stage2_workspaces/b2/install/fast_lio/local/lib/python3.10/dist-packages/fast_lio-0.0.0-py3.10.egg-info/SOURCES.txt\n'}
[77.118184] (fast_lio) StdoutLine: {'line': b'-- Installing: /workspace/stage2_workspaces/b2/install/fast_lio/local/lib/python3.10/dist-packages/fast_lio-0.0.0-py3.10.egg-info/top_level.txt\n'}
[77.155209] (-) TimerEvent: {}
[77.170394] (fast_lio) StdoutLine: {'line': b'-- Installing: /workspace/stage2_workspaces/b2/install/fast_lio/local/lib/python3.10/dist-packages/fast_lio\n'}
[77.196872] (fast_lio) StdoutLine: {'line': b'-- Installing: /workspace/stage2_workspaces/b2/install/fast_lio/local/lib/python3.10/dist-packages/fast_lio/fast_lio_s__rosidl_typesupport_c.cpython-310-x86_64-linux-gnu.so\n'}
[77.255323] (-) TimerEvent: {}
[77.274088] (fast_lio) StdoutLine: {'line': b'-- Installing: /workspace/stage2_workspaces/b2/install/fast_lio/local/lib/python3.10/dist-packages/fast_lio/fast_lio_s__rosidl_typesupport_fastrtps_c.cpython-310-x86_64-linux-gnu.so\n'}
[77.355431] (-) TimerEvent: {}
[77.356264] (fast_lio) StdoutLine: {'line': b'-- Installing: /workspace/stage2_workspaces/b2/install/fast_lio/local/lib/python3.10/dist-packages/fast_lio/fast_lio_s__rosidl_typesupport_introspection_c.cpython-310-x86_64-linux-gnu.so\n'}
[77.429975] (fast_lio) StdoutLine: {'line': b'-- Installing: /workspace/stage2_workspaces/b2/install/fast_lio/local/lib/python3.10/dist-packages/fast_lio/libfast_lio__rosidl_generator_py.so\n'}
[77.455541] (-) TimerEvent: {}
[77.486746] (fast_lio) StdoutLine: {'line': b'-- Installing: /workspace/stage2_workspaces/b2/install/fast_lio/local/lib/python3.10/dist-packages/fast_lio/msg\n'}
[77.524893] (fast_lio) StdoutLine: {'line': b'-- Installing: /workspace/stage2_workspaces/b2/install/fast_lio/local/lib/python3.10/dist-packages/fast_lio/msg/_pose6_d.py\n'}
[77.555649] (-) TimerEvent: {}
[77.614902] (fast_lio) StdoutLine: {'line': b'-- Installing: /workspace/stage2_workspaces/b2/install/fast_lio/local/lib/python3.10/dist-packages/fast_lio/msg/_pose6_d_s.c\n'}
[77.655757] (-) TimerEvent: {}
[77.703771] (fast_lio) StdoutLine: {'line': b'-- Installing: /workspace/stage2_workspaces/b2/install/fast_lio/local/lib/python3.10/dist-packages/fast_lio/msg/__init__.py\n'}
[77.755863] (-) TimerEvent: {}
[77.762328] (fast_lio) StdoutLine: {'line': b'-- Installing: /workspace/stage2_workspaces/b2/install/fast_lio/local/lib/python3.10/dist-packages/fast_lio/_fast_lio_s.ep.rosidl_typesupport_c.c\n'}
[77.833788] (fast_lio) StdoutLine: {'line': b'-- Installing: /workspace/stage2_workspaces/b2/install/fast_lio/local/lib/python3.10/dist-packages/fast_lio/_fast_lio_s.ep.rosidl_typesupport_fastrtps_c.c\n'}
[77.855969] (-) TimerEvent: {}
[77.889487] (fast_lio) StdoutLine: {'line': b'-- Installing: /workspace/stage2_workspaces/b2/install/fast_lio/local/lib/python3.10/dist-packages/fast_lio/_fast_lio_s.ep.rosidl_typesupport_introspection_c.c\n'}
[77.934880] (fast_lio) StdoutLine: {'line': b'-- Installing: /workspace/stage2_workspaces/b2/install/fast_lio/local/lib/python3.10/dist-packages/fast_lio/__init__.py\n'}
[77.956078] (-) TimerEvent: {}
[78.056333] (-) TimerEvent: {}
[78.156598] (-) TimerEvent: {}
[78.256873] (-) TimerEvent: {}
[78.357157] (-) TimerEvent: {}
[78.384903] (fast_lio) StdoutLine: {'line': b"Listing '/workspace/stage2_workspaces/b2/install/fast_lio/local/lib/python3.10/dist-packages/fast_lio'...\n"}
[78.385380] (fast_lio) StdoutLine: {'line': b"Compiling '/workspace/stage2_workspaces/b2/install/fast_lio/local/lib/python3.10/dist-packages/fast_lio/__init__.py'...\n"}
[78.385847] (fast_lio) StdoutLine: {'line': b"Listing '/workspace/stage2_workspaces/b2/install/fast_lio/local/lib/python3.10/dist-packages/fast_lio/msg'...\n"}
[78.386565] (fast_lio) StdoutLine: {'line': b"Compiling '/workspace/stage2_workspaces/b2/install/fast_lio/local/lib/python3.10/dist-packages/fast_lio/msg/__init__.py'...\n"}
[78.387145] (fast_lio) StdoutLine: {'line': b"Compiling '/workspace/stage2_workspaces/b2/install/fast_lio/local/lib/python3.10/dist-packages/fast_lio/msg/_pose6_d.py'...\n"}
[78.432139] (fast_lio) StdoutLine: {'line': b'-- Installing: /workspace/stage2_workspaces/b2/install/fast_lio/local/lib/python3.10/dist-packages/fast_lio/fast_lio_s__rosidl_typesupport_fastrtps_c.cpython-310-x86_64-linux-gnu.so\n'}
[78.457271] (-) TimerEvent: {}
[78.553508] (fast_lio) StdoutLine: {'line': b'-- Set runtime path of "/workspace/stage2_workspaces/b2/install/fast_lio/local/lib/python3.10/dist-packages/fast_lio/fast_lio_s__rosidl_typesupport_fastrtps_c.cpython-310-x86_64-linux-gnu.so" to ""\n'}
[78.557358] (-) TimerEvent: {}
[78.602148] (fast_lio) StdoutLine: {'line': b'-- Installing: /workspace/stage2_workspaces/b2/install/fast_lio/local/lib/python3.10/dist-packages/fast_lio/fast_lio_s__rosidl_typesupport_introspection_c.cpython-310-x86_64-linux-gnu.so\n'}
[78.657476] (-) TimerEvent: {}
[78.683878] (fast_lio) StdoutLine: {'line': b'-- Set runtime path of "/workspace/stage2_workspaces/b2/install/fast_lio/local/lib/python3.10/dist-packages/fast_lio/fast_lio_s__rosidl_typesupport_introspection_c.cpython-310-x86_64-linux-gnu.so" to ""\n'}
[78.718964] (fast_lio) StdoutLine: {'line': b'-- Installing: /workspace/stage2_workspaces/b2/install/fast_lio/local/lib/python3.10/dist-packages/fast_lio/fast_lio_s__rosidl_typesupport_c.cpython-310-x86_64-linux-gnu.so\n'}
[78.757598] (-) TimerEvent: {}
[78.820840] (fast_lio) StdoutLine: {'line': b'-- Set runtime path of "/workspace/stage2_workspaces/b2/install/fast_lio/local/lib/python3.10/dist-packages/fast_lio/fast_lio_s__rosidl_typesupport_c.cpython-310-x86_64-linux-gnu.so" to ""\n'}
[78.839778] (fast_lio) StdoutLine: {'line': b'-- Installing: /workspace/stage2_workspaces/b2/install/fast_lio/lib/libfast_lio__rosidl_generator_py.so\n'}
[78.857702] (-) TimerEvent: {}
[78.898854] (fast_lio) StdoutLine: {'line': b'-- Set runtime path of "/workspace/stage2_workspaces/b2/install/fast_lio/lib/libfast_lio__rosidl_generator_py.so" to ""\n'}
[78.921631] (fast_lio) StdoutLine: {'line': b'-- Installing: /workspace/stage2_workspaces/b2/install/fast_lio/share/ament_index/resource_index/rust_packages/fast_lio\n'}
[78.957946] (-) TimerEvent: {}
[78.966098] (fast_lio) StdoutLine: {'line': b'-- Installing: /workspace/stage2_workspaces/b2/install/fast_lio/share/fast_lio/rust\n'}
[78.983950] (fast_lio) StdoutLine: {'line': b'-- Installing: /workspace/stage2_workspaces/b2/install/fast_lio/share/fast_lio/rust/build.rs\n'}
[79.043621] (fast_lio) StdoutLine: {'line': b'-- Installing: /workspace/stage2_workspaces/b2/install/fast_lio/share/fast_lio/rust/Cargo.toml\n'}
[79.058074] (-) TimerEvent: {}
[79.112938] (fast_lio) StdoutLine: {'line': b'-- Installing: /workspace/stage2_workspaces/b2/install/fast_lio/share/fast_lio/rust/src\n'}
[79.149106] (fast_lio) StdoutLine: {'line': b'-- Installing: /workspace/stage2_workspaces/b2/install/fast_lio/share/fast_lio/rust/src/lib.rs\n'}
[79.158197] (-) TimerEvent: {}
[79.222378] (fast_lio) StdoutLine: {'line': b'-- Installing: /workspace/stage2_workspaces/b2/install/fast_lio/share/fast_lio/rust/src/msg\n'}
[79.258314] (-) TimerEvent: {}
[79.262293] (fast_lio) StdoutLine: {'line': b'-- Installing: /workspace/stage2_workspaces/b2/install/fast_lio/share/fast_lio/rust/src/msg/rmw.rs\n'}
[79.336452] (fast_lio) StdoutLine: {'line': b'-- Installing: /workspace/stage2_workspaces/b2/install/fast_lio/share/fast_lio/rust/src/msg.rs\n'}
[79.358448] (-) TimerEvent: {}
[79.391891] (fast_lio) StdoutLine: {'line': b'-- Installing: /workspace/stage2_workspaces/b2/install/fast_lio/share/fast_lio/msg/Pose6D.idl\n'}
[79.450074] (fast_lio) StdoutLine: {'line': b'-- Installing: /workspace/stage2_workspaces/b2/install/fast_lio/share/fast_lio/msg/Pose6D.msg\n'}
[79.458557] (-) TimerEvent: {}
[79.517215] (fast_lio) StdoutLine: {'line': b'-- Installing: /workspace/stage2_workspaces/b2/install/fast_lio/lib/fast_lio/fastlio_mapping\n'}
[79.558668] (-) TimerEvent: {}
[79.647367] (fast_lio) StdoutLine: {'line': b'-- Set runtime path of "/workspace/stage2_workspaces/b2/install/fast_lio/lib/fast_lio/fastlio_mapping" to ""\n'}
[79.655662] (fast_lio) StdoutLine: {'line': b'-- Installing: /workspace/stage2_workspaces/b2/install/fast_lio/share/fast_lio/config\n'}
[79.658766] (-) TimerEvent: {}
[79.675151] (fast_lio) StdoutLine: {'line': b'-- Installing: /workspace/stage2_workspaces/b2/install/fast_lio/share/fast_lio/config/avia.yaml\n'}
[79.717552] (fast_lio) StdoutLine: {'line': b'-- Installing: /workspace/stage2_workspaces/b2/install/fast_lio/share/fast_lio/config/horizon.yaml\n'}
[79.758876] (-) TimerEvent: {}
[79.769003] (fast_lio) StdoutLine: {'line': b'-- Installing: /workspace/stage2_workspaces/b2/install/fast_lio/share/fast_lio/config/mid360.yaml\n'}
[79.832328] (fast_lio) StdoutLine: {'line': b'-- Installing: /workspace/stage2_workspaces/b2/install/fast_lio/share/fast_lio/config/ouster64.yaml\n'}
[79.858993] (-) TimerEvent: {}
[79.881843] (fast_lio) StdoutLine: {'line': b'-- Installing: /workspace/stage2_workspaces/b2/install/fast_lio/share/fast_lio/config/velodyne.yaml\n'}
[79.918896] (fast_lio) StdoutLine: {'line': b'-- Installing: /workspace/stage2_workspaces/b2/install/fast_lio/share/fast_lio/launch\n'}
[79.935469] (fast_lio) StdoutLine: {'line': b'-- Installing: /workspace/stage2_workspaces/b2/install/fast_lio/share/fast_lio/launch/gdb_debug_example.launch\n'}
[79.959100] (-) TimerEvent: {}
[79.975551] (fast_lio) StdoutLine: {'line': b'-- Installing: /workspace/stage2_workspaces/b2/install/fast_lio/share/fast_lio/launch/mapping.launch.py\n'}
[80.015243] (fast_lio) StdoutLine: {'line': b'-- Installing: /workspace/stage2_workspaces/b2/install/fast_lio/share/fast_lio/rviz\n'}
[80.036989] (fast_lio) StdoutLine: {'line': b'-- Installing: /workspace/stage2_workspaces/b2/install/fast_lio/share/fast_lio/rviz/fastlio.rviz\n'}
[80.059210] (-) TimerEvent: {}
[80.112373] (fast_lio) StdoutLine: {'line': b'-- Installing: /workspace/stage2_workspaces/b2/install/fast_lio/share/ament_index/resource_index/package_run_dependencies/fast_lio\n'}
[80.159315] (-) TimerEvent: {}
[80.204929] (fast_lio) StdoutLine: {'line': b'-- Installing: /workspace/stage2_workspaces/b2/install/fast_lio/share/ament_index/resource_index/parent_prefix_path/fast_lio\n'}
[80.259438] (-) TimerEvent: {}
[80.273881] (fast_lio) StdoutLine: {'line': b'-- Installing: /workspace/stage2_workspaces/b2/install/fast_lio/share/fast_lio/environment/ament_prefix_path.sh\n'}
[80.317956] (fast_lio) StdoutLine: {'line': b'-- Installing: /workspace/stage2_workspaces/b2/install/fast_lio/share/fast_lio/environment/ament_prefix_path.dsv\n'}
[80.359554] (-) TimerEvent: {}
[80.372693] (fast_lio) StdoutLine: {'line': b'-- Installing: /workspace/stage2_workspaces/b2/install/fast_lio/share/fast_lio/environment/path.sh\n'}
[80.433757] (fast_lio) StdoutLine: {'line': b'-- Installing: /workspace/stage2_workspaces/b2/install/fast_lio/share/fast_lio/environment/path.dsv\n'}
[80.459666] (-) TimerEvent: {}
[80.502719] (fast_lio) StdoutLine: {'line': b'-- Installing: /workspace/stage2_workspaces/b2/install/fast_lio/share/fast_lio/local_setup.bash\n'}
[80.556689] (fast_lio) StdoutLine: {'line': b'-- Installing: /workspace/stage2_workspaces/b2/install/fast_lio/share/fast_lio/local_setup.sh\n'}
[80.559759] (-) TimerEvent: {}
[80.607948] (fast_lio) StdoutLine: {'line': b'-- Installing: /workspace/stage2_workspaces/b2/install/fast_lio/share/fast_lio/local_setup.zsh\n'}
[80.656907] (fast_lio) StdoutLine: {'line': b'-- Installing: /workspace/stage2_workspaces/b2/install/fast_lio/share/fast_lio/local_setup.dsv\n'}
[80.659849] (-) TimerEvent: {}
[80.699132] (fast_lio) StdoutLine: {'line': b'-- Installing: /workspace/stage2_workspaces/b2/install/fast_lio/share/fast_lio/package.dsv\n'}
[80.760011] (-) TimerEvent: {}
[80.769821] (fast_lio) StdoutLine: {'line': b'-- Installing: /workspace/stage2_workspaces/b2/install/fast_lio/share/ament_index/resource_index/packages/fast_lio\n'}
[80.860174] (-) TimerEvent: {}
[80.885669] (fast_lio) StdoutLine: {'line': b'-- Installing: /workspace/stage2_workspaces/b2/install/fast_lio/share/fast_lio/cmake/export_fast_lio__rosidl_generator_cExport.cmake\n'}
[80.960326] (-) TimerEvent: {}
[80.980871] (fast_lio) StdoutLine: {'line': b'-- Installing: /workspace/stage2_workspaces/b2/install/fast_lio/share/fast_lio/cmake/export_fast_lio__rosidl_generator_cExport-release.cmake\n'}
[81.060444] (-) TimerEvent: {}
[81.082701] (fast_lio) StdoutLine: {'line': b'-- Installing: /workspace/stage2_workspaces/b2/install/fast_lio/share/fast_lio/cmake/export_fast_lio__rosidl_typesupport_fastrtps_cExport.cmake\n'}
[81.160612] (-) TimerEvent: {}
[81.186958] (fast_lio) StdoutLine: {'line': b'-- Installing: /workspace/stage2_workspaces/b2/install/fast_lio/share/fast_lio/cmake/export_fast_lio__rosidl_typesupport_fastrtps_cExport-release.cmake\n'}
[81.260776] (-) TimerEvent: {}
[81.297129] (fast_lio) StdoutLine: {'line': b'-- Installing: /workspace/stage2_workspaces/b2/install/fast_lio/share/fast_lio/cmake/export_fast_lio__rosidl_generator_cppExport.cmake\n'}
[81.360907] (-) TimerEvent: {}
[81.413571] (fast_lio) StdoutLine: {'line': b'-- Installing: /workspace/stage2_workspaces/b2/install/fast_lio/share/fast_lio/cmake/export_fast_lio__rosidl_typesupport_fastrtps_cppExport.cmake\n'}
[81.461009] (-) TimerEvent: {}
[81.524704] (fast_lio) StdoutLine: {'line': b'-- Installing: /workspace/stage2_workspaces/b2/install/fast_lio/share/fast_lio/cmake/export_fast_lio__rosidl_typesupport_fastrtps_cppExport-release.cmake\n'}
[81.561166] (-) TimerEvent: {}
[81.635786] (fast_lio) StdoutLine: {'line': b'-- Installing: /workspace/stage2_workspaces/b2/install/fast_lio/share/fast_lio/cmake/fast_lio__rosidl_typesupport_introspection_cExport.cmake\n'}
[81.661281] (-) TimerEvent: {}
[81.738535] (fast_lio) StdoutLine: {'line': b'-- Installing: /workspace/stage2_workspaces/b2/install/fast_lio/share/fast_lio/cmake/fast_lio__rosidl_typesupport_introspection_cExport-release.cmake\n'}
[81.761411] (-) TimerEvent: {}
[81.839206] (fast_lio) StdoutLine: {'line': b'-- Installing: /workspace/stage2_workspaces/b2/install/fast_lio/share/fast_lio/cmake/fast_lio__rosidl_typesupport_cExport.cmake\n'}
[81.861546] (-) TimerEvent: {}
[81.932008] (fast_lio) StdoutLine: {'line': b'-- Installing: /workspace/stage2_workspaces/b2/install/fast_lio/share/fast_lio/cmake/fast_lio__rosidl_typesupport_cExport-release.cmake\n'}
[81.961662] (-) TimerEvent: {}
[82.027008] (fast_lio) StdoutLine: {'line': b'-- Installing: /workspace/stage2_workspaces/b2/install/fast_lio/share/fast_lio/cmake/fast_lio__rosidl_typesupport_introspection_cppExport.cmake\n'}
[82.061788] (-) TimerEvent: {}
[82.128656] (fast_lio) StdoutLine: {'line': b'-- Installing: /workspace/stage2_workspaces/b2/install/fast_lio/share/fast_lio/cmake/fast_lio__rosidl_typesupport_introspection_cppExport-release.cmake\n'}
[82.161902] (-) TimerEvent: {}
[82.219834] (fast_lio) StdoutLine: {'line': b'-- Installing: /workspace/stage2_workspaces/b2/install/fast_lio/share/fast_lio/cmake/fast_lio__rosidl_typesupport_cppExport.cmake\n'}
[82.262016] (-) TimerEvent: {}
[82.301609] (fast_lio) StdoutLine: {'line': b'-- Installing: /workspace/stage2_workspaces/b2/install/fast_lio/share/fast_lio/cmake/fast_lio__rosidl_typesupport_cppExport-release.cmake\n'}
[82.362126] (-) TimerEvent: {}
[82.368486] (fast_lio) StdoutLine: {'line': b'-- Installing: /workspace/stage2_workspaces/b2/install/fast_lio/share/fast_lio/cmake/export_fast_lio__rosidl_generator_pyExport.cmake\n'}
[82.425880] (fast_lio) StdoutLine: {'line': b'-- Installing: /workspace/stage2_workspaces/b2/install/fast_lio/share/fast_lio/cmake/export_fast_lio__rosidl_generator_pyExport-release.cmake\n'}
[82.462236] (-) TimerEvent: {}
[82.491790] (fast_lio) StdoutLine: {'line': b'-- Installing: /workspace/stage2_workspaces/b2/install/fast_lio/share/fast_lio/cmake/rosidl_cmake-extras.cmake\n'}
[82.561011] (fast_lio) StdoutLine: {'line': b'-- Installing: /workspace/stage2_workspaces/b2/install/fast_lio/share/fast_lio/cmake/ament_cmake_export_include_directories-extras.cmake\n'}
[82.562322] (-) TimerEvent: {}
[82.622291] (fast_lio) StdoutLine: {'line': b'-- Installing: /workspace/stage2_workspaces/b2/install/fast_lio/share/fast_lio/cmake/ament_cmake_export_libraries-extras.cmake\n'}
[82.661499] (fast_lio) StdoutLine: {'line': b'-- Installing: /workspace/stage2_workspaces/b2/install/fast_lio/share/fast_lio/cmake/ament_cmake_export_targets-extras.cmake\n'}
[82.662405] (-) TimerEvent: {}
[82.701612] (fast_lio) StdoutLine: {'line': b'-- Installing: /workspace/stage2_workspaces/b2/install/fast_lio/share/fast_lio/cmake/rosidl_cmake_export_typesupport_targets-extras.cmake\n'}
[82.739237] (fast_lio) StdoutLine: {'line': b'-- Installing: /workspace/stage2_workspaces/b2/install/fast_lio/share/fast_lio/cmake/ament_cmake_export_dependencies-extras.cmake\n'}
[82.762536] (-) TimerEvent: {}
[82.787331] (fast_lio) StdoutLine: {'line': b'-- Installing: /workspace/stage2_workspaces/b2/install/fast_lio/share/fast_lio/cmake/rosidl_cmake_export_typesupport_libraries-extras.cmake\n'}
[82.844766] (fast_lio) StdoutLine: {'line': b'-- Installing: /workspace/stage2_workspaces/b2/install/fast_lio/share/fast_lio/cmake/fast_lioConfig.cmake\n'}
[82.862654] (-) TimerEvent: {}
[82.886919] (fast_lio) StdoutLine: {'line': b'-- Installing: /workspace/stage2_workspaces/b2/install/fast_lio/share/fast_lio/cmake/fast_lioConfig-version.cmake\n'}
[82.925885] (fast_lio) StdoutLine: {'line': b'-- Installing: /workspace/stage2_workspaces/b2/install/fast_lio/share/fast_lio/package.xml\n'}
[82.962769] (-) TimerEvent: {}
[82.963304] (fast_lio) CommandEnded: {'returncode': 0}
[83.062878] (-) TimerEvent: {}
[83.163173] (-) TimerEvent: {}
[83.263467] (-) TimerEvent: {}
[83.363798] (-) TimerEvent: {}
[83.464109] (-) TimerEvent: {}
[83.564381] (-) TimerEvent: {}
[83.664640] (-) TimerEvent: {}
[83.764495] (fast_lio) JobEnded: {'identifier': 'fast_lio', 'rc': 0}
[83.771337] (-) TimerEvent: {}
[83.771472] (-) EventReactorShutdown: {}
