checkpoint_timestamp,voxel_x,voxel_y,voxel_z,first_seen_time,last_seen_time,total_point_hits,observed_frames,active_time_bins,sum_x,sum_y,sum_z
1658137044.824914217,0,1,1,1658137038.624750853,1658137044.824914217,143,38,1,25.409597397,216.466644645,213.648406625
1658137044.824914217,-1,1,0,1658137038.624750853,1658137038.824929476,5,3,1,-1.771345973,5.652691722,3.992915750
1658137044.824914217,-1,1,1,1658137038.624750853,1658137038.824929476,6,3,1,-1.561473757,6.626386642,7.094454646
1658137044.824914217,-1,0,1,1658137038.624750853,1658137043.324897289,29,10,1,-7.109299065,13.789227179,41.285923958
1658137044.824914217,0,0,1,1658137038.624750853,1658137044.824914217,167,39,1,23.757438997,79.924574918,244.479328513
1658137044.824914217,0,-1,1,1658137038.624750853,1658137044.824914217,123,43,1,11.704854465,-70.453850692,180.792725563
1658137044.824914217,0,2,0,1658137038.624750853,1658137044.624745369,158,42,1,35.838193700,392.629281282,74.810773894
1658137044.824914217,0,1,-1,1658137038.624750853,1658137044.824914217,191,48,1,43.500384385,283.290562630,-95.085787790
1658137044.824914217,0,0,-1,1658137038.624750853,1658137044.824914217,210,51,1,45.124653414,106.406081626,-115.328177178
1658137044.824914217,0,-2,-1,1658137038.624750853,1658137044.824914217,250,60,1,44.844201152,-374.709130168,-129.748687765
1658137044.824914217,0,-3,-1,1658137038.624750853,1658137044.824914217,299,61,1,53.979771420,-752.151079416,-140.349452911
1658137044.824914217,0,0,0,1658137038.624750853,1658137044.824914217,224,49,1,38.860809732,109.962726959,104.517248112
1658137044.824914217,0,-2,0,1658137038.624750853,1658137044.824914217,234,59,1,36.538327105,-352.188161731,110.293666037
1658137044.824914217,0,2,-1,1658137038.624750853,1658137044.824914217,186,46,1,44.802106753,458.469338179,-91.625070089
1658137044.824914217,0,1,-2,1658137038.624750853,1658137044.824914217,184,48,1,42.817171999,271.513475060,-272.944023132
1658137044.824914217,0,-3,0,1658137038.624750853,1658137044.824914217,263,61,1,42.422553748,-662.558421850,130.360678210
1658137044.824914217,0,2,-2,1658137038.624750853,1658137044.824914217,154,42,1,41.268469624,374.946631908,-229.771399260
1658137044.824914217,0,1,0,1658137038.624750853,1658137044.624745369,200,47,1,37.177958217,296.484455347,98.739522553
1658137044.824914217,0,0,-2,1658137038.624750853,1658137044.824914217,220,49,1,39.190006118,111.611875278,-332.398197055
1658137044.824914217,0,-2,-2,1658137038.624750853,1658137044.824914217,236,55,1,49.473589927,-360.488754272,-355.546638012
1658137044.824914217,0,-3,-2,1658137038.624750853,1658137044.824914217,238,60,1,47.141129196,-594.051385880,-349.061344862
1658137044.824914217,0,2,-3,1658137038.624750853,1658137044.824914217,117,35,1,34.998101316,289.637131214,-287.784319401
1658137044.824914217,0,-1,0,1658137038.624750853,1658137044.824914217,218,54,1,30.859595131,-108.923830069,107.084024645
1658137044.824914217,0,1,-3,1658137038.624750853,1658137044.824914217,204,43,1,54.396918588,307.862449288,-511.933899641
1658137044.824914217,0,0,-3,1658137038.624750853,1658137044.824914217,217,48,1,46.751034770,105.610819990,-542.445147753
1658137044.824914217,0,-2,-3,1658137038.624750853,1658137044.824914217,204,54,1,48.609229520,-303.163469076,-508.748459101
1658137044.824914217,0,-1,-3,1658137038.624750853,1658137044.824914217,220,55,1,57.812792167,-106.368693630,-549.558123827
1658137044.824914217,0,-3,-3,1658137038.624750853,1658137044.724828005,188,49,1,40.869205222,-466.176043272,-465.829625607
1658137044.824914217,0,1,-4,1658137038.624750853,1658137044.824914217,156,42,1,49.286374536,227.275081158,-540.423798800
1658137044.824914217,0,0,-4,1658137038.624750853,1658137044.824914217,190,48,1,57.049798906,89.711757744,-664.044564009
1658137044.824914217,0,-2,1,1658137038.624750853,1658137044.824914217,174,48,1,22.267096769,-261.995135665,253.585371733
1658137044.824914217,0,-1,-4,1658137038.624750853,1658137044.824914217,186,49,1,53.176563211,-94.126897579,-651.038580894
1658137044.824914217,0,-2,-4,1658137038.624750853,1658137044.724828005,185,46,1,42.982706092,-276.575615764,-637.558346033
1658137044.824914217,0,-2,2,1658137038.724840641,1658137044.824914217,145,43,1,13.272728760,-216.289477229,358.115702152
1658137044.824914217,0,0,2,1658137038.724840641,1658137044.824914217,135,39,1,14.121251041,66.578858281,333.269068956
1658137044.824914217,0,-1,2,1658137038.724840641,1658137044.824914217,127,37,1,9.670323327,-66.307221416,322.305941820
1658137044.824914217,0,-4,-1,1658137038.724840641,1658137044.824914217,267,60,1,52.010998279,-927.086402655,-144.200974038
1658137044.824914217,-1,2,-3,1658137038.724840641,1658137040.624824524,5,4,1,-3.258360192,12.832686663,-10.466331959
1658137044.824914217,0,-1,-1,1658137038.724840641,1658137044.824914217,242,54,1,44.763330098,-118.213991823,-119.914021239
1658137044.824914217,0,-1,-2,1658137038.724840641,1658137044.824914217,201,52,1,44.791807987,-105.059677234,-299.331809282
1658137044.824914217,-1,2,-1,1658137038.724840641,1658137038.724840641,1,1,1,-0.089212902,2.000516653,-0.008103594
1658137044.824914217,0,-4,-2,1658137038.724840641,1658137044.824914217,212,59,1,44.007869259,-746.396585941,-315.550091386
1658137044.824914217,0,-3,1,1658137038.724840641,1658137044.824914217,177,52,1,24.991568044,-443.484438896,258.945977688
1658137044.824914217,-1,0,0,1658137038.724840641,1658137044.324722767,34,10,1,-11.229104702,15.985092258,16.040950015
1658137044.824914217,0,-3,-4,1658137038.724840641,1658137044.624745369,123,40,1,29.144468591,-307.250279903,-430.097344160
1658137044.824914217,0,-1,-5,1658137038.724840641,1658137044.724828005,153,41,1,49.856311997,-68.829551742,-682.761072636
1658137044.824914217,0,-2,-5,1658137038.724840641,1658137044.724828005,122,37,1,31.767023432,-176.330853701,-547.787264347
1658137044.824914217,0,-4,1,1658137038.824929476,1658137044.824914217,202,51,1,31.810233638,-706.712296486,295.627420306
1658137044.824914217,0,-4,0,1658137038.824929476,1658137044.824914217,230,57,1,40.921833530,-806.831404209,113.445170153
1658137044.824914217,0,-4,-3,1658137038.824929476,1658137044.824914217,155,50,1,34.818215370,-542.001544237,-387.649796963
1658137044.824914217,-1,0,-4,1658137038.824929476,1658137038.924761057,3,2,1,-0.397604600,1.071601599,-11.651679516
1658137044.824914217,0,0,-5,1658137038.824929476,1658137044.824914217,158,40,1,54.350410551,77.489432415,-706.238502502
1658137044.824914217,0,-3,2,1658137038.924761057,1658137044.624745369,138,43,1,15.123789303,-347.155572176,342.376527548
1658137044.824914217,-1,0,2,1658137038.924761057,1658137044.324722767,14,8,1,-3.864200203,4.027732956,30.853357553
1658137044.824914217,0,-5,-1,1658137038.924761057,1658137044.824914217,222,57,1,46.716161579,-991.158106327,-106.071320889
1658137044.824914217,0,-5,0,1658137038.924761057,1658137044.824914217,210,52,1,41.076130569,-948.302122116,106.000576210
1658137044.824914217,0,-4,-4,1658137038.924761057,1658137044.824914217,156,42,1,38.681581885,-542.870282173,-544.179988623
1658137044.824914217,0,-3,-5,1658137038.924761057,1658137044.624745369,121,34,1,31.488641262,-307.109890223,-541.818902493
1658137044.824914217,-1,-2,-1,1658137039.024845600,1658137039.024845600,1,1,1,-0.054155529,-1.003657699,-0.849939644
1658137044.824914217,0,-5,-2,1658137039.024845600,1658137044.824914217,180,49,1,40.024564818,-808.579969406,-262.164703012
1658137044.824914217,-1,1,-2,1658137039.024845600,1658137044.524908304,4,4,1,-0.205596176,4.987929583,-7.525194883
1658137044.824914217,0,-5,-3,1658137039.024845600,1658137044.824914217,157,43,1,37.253413275,-702.715436935,-386.790796518
1658137044.824914217,-1,0,-5,1658137039.024845600,1658137039.024845600,1,1,1,-0.148465231,0.035962682,-4.329842091
1658137044.824914217,-1,-1,-5,1658137039.024845600,1658137039.224895239,8,3,1,-1.844836514,-4.146124944,-33.969871521
1658137044.824914217,-1,-1,-4,1658137039.024845600,1658137039.224895239,7,3,1,-1.497982420,-2.668330491,-26.629066467
1658137044.824914217,0,0,3,1658137039.124808073,1658137044.824914217,83,33,1,4.782803853,36.905506955,280.720275640
1658137044.824914217,0,-2,3,1658137039.124808073,1658137044.824914217,98,36,1,6.010081295,-145.723762393,337.749762774
1658137044.824914217,0,-3,3,1658137039.124808073,1658137044.624745369,124,36,1,9.808596440,-311.897310972,433.133022070
1658137044.824914217,-1,-1,1,1658137039.124808073,1658137044.824914217,156,37,1,-44.608849478,-61.116765173,235.116968274
1658137044.824914217,0,-4,2,1658137039.124808073,1658137044.624745369,149,37,1,19.480769113,-523.787643194,367.785982847
1658137044.824914217,0,1,2,1658137039.124808073,1658137044.824914217,121,35,1,15.846084557,176.412203789,306.771958590
1658137044.824914217,0,-5,2,1658137039.124808073,1658137044.824914217,156,44,1,24.059954882,-699.189011574,383.871547699
1658137044.824914217,0,2,1,1658137039.124808073,1658137044.824914217,131,35,1,28.774976417,324.552652597,194.179844618
1658137044.824914217,0,-5,1,1658137039.124808073,1658137044.824914217,183,48,1,31.722719200,-819.459730148,272.922722816
1658137044.824914217,0,-6,-3,1658137039.124808073,1658137044.824914217,165,46,1,41.590966552,-917.914454937,-410.889860153
1658137044.824914217,0,-6,-2,1658137039.124808073,1658137044.824914217,175,49,1,43.413528904,-965.425290108,-266.840830684
1658137044.824914217,0,-5,-4,1658137039.124808073,1658137044.824914217,120,38,1,31.346734464,-540.732356071,-418.630354166
1658137044.824914217,0,-1,-6,1658137039.124808073,1658137044.724828005,108,31,1,41.792743444,-55.220075564,-592.991865635
1658137044.824914217,0,-4,-5,1658137039.124808073,1658137044.824914217,135,38,1,36.202435777,-474.132641077,-603.613509178
1658137044.824914217,0,-1,3,1658137039.124808073,1658137044.824914217,118,33,1,7.243738348,-54.956367426,412.136173248
1658137044.824914217,0,-5,-5,1658137039.124808073,1658137044.824914217,122,39,1,34.120565236,-546.866146088,-548.146868706
1658137044.824914217,0,-4,3,1658137039.224895239,1658137044.624745369,118,35,1,11.725125678,-415.647145748,413.317209721
1658137044.824914217,0,-6,1,1658137039.224895239,1658137044.824914217,189,47,1,36.174444325,-1034.243333817,279.960334420
1658137044.824914217,0,-6,0,1658137039.224895239,1658137044.824914217,212,51,1,46.638825338,-1164.067530155,107.685512557
1658137044.824914217,0,-6,-1,1658137039.224895239,1658137044.824914217,199,51,1,47.552799985,-1092.429507732,-100.112067496
1658137044.824914217,0,1,-5,1658137039.224895239,1658137044.824914217,130,36,1,45.570337653,194.141611814,-583.328368187
1658137044.824914217,0,-6,-4,1658137039.224895239,1658137044.824914217,128,41,1,34.728789594,-703.442011356,-454.710415363
1658137044.824914217,0,-2,-6,1658137039.224895239,1658137044.624745369,94,29,1,29.302835478,-140.579667807,-514.747417927
1658137044.824914217,0,-3,-6,1658137039.224895239,1658137044.624745369,99,26,1,27.668784181,-244.727247000,-542.462833405
1658137044.824914217,0,-1,4,1658137039.424824715,1658137044.824914217,75,26,1,2.317020500,-36.412289342,333.861549854
1658137044.824914217,0,-2,4,1658137039.424824715,1658137044.824914217,89,25,1,3.550683392,-137.024210095,402.541444302
1658137044.824914217,0,-6,2,1658137039.424824715,1658137044.824914217,142,36,1,22.009196751,-779.853713989,355.480008125
1658137044.824914217,0,-7,1,1658137039.424824715,1658137044.824914217,166,41,1,24.010165952,-1077.577559948,245.911986351
1658137044.824914217,-2,-2,-1,1658137039.424824715,1658137039.424824715,1,1,1,-1.643384814,-1.772880197,-0.253767699
1658137044.824914217,-1,-6,0,1658137039.424824715,1658137044.624745369,15,13,1,-5.145304437,-88.936509609,5.324736778
1658137044.824914217,0,-7,0,1658137039.424824715,1658137044.824914217,150,42,1,27.531550889,-971.036238194,85.026800347
1658137044.824914217,-1,-6,-1,1658137039.424824715,1658137041.924714327,5,3,1,-2.356891513,-29.467331409,-0.845069226
1658137044.824914217,-1,0,-3,1658137039.424824715,1658137044.324722767,20,10,1,-1.434202599,10.594023883,-44.396414518
1658137044.824914217,0,-7,-1,1658137039.424824715,1658137044.824914217,177,47,1,37.585865123,-1155.831856251,-84.592241330
1658137044.824914217,-1,-7,-1,1658137039.424824715,1658137044.824914217,60,34,1,-17.923212845,-378.520176888,-13.406207112
1658137044.824914217,-1,-1,0,1658137039.424824715,1658137044.824914217,100,40,1,-33.310186650,-59.222086340,69.287100434
1658137044.824914217,-1,0,3,1658137039.424824715,1658137044.824914217,122,31,1,-33.948402002,61.679189562,428.997875929
1658137044.824914217,0,-6,-5,1658137039.424824715,1658137044.824914217,132,47,1,38.675410926,-722.651743889,-597.416570187
1658137044.824914217,0,-4,-6,1658137039.424824715,1658137044.824914217,102,32,1,29.171580225,-356.859612465,-559.948112488
1658137044.824914217,0,-5,3,1658137039.524910688,1658137044.824914217,119,32,1,13.991517927,-532.227137566,411.157112360
1658137044.824914217,0,-6,3,1658137039.524910688,1658137044.824914217,89,31,1,8.204025024,-487.271135807,314.225891113
1658137044.824914217,0,-5,-6,1658137039.524910688,1658137044.824914217,117,31,1,34.899794281,-520.927531719,-643.308485031
1658137044.824914217,0,0,4,1658137039.624746561,1658137044.824914217,92,23,1,3.535741638,42.437611241,408.465181828
1658137044.824914217,0,-4,5,1658137039.624746561,1658137044.624745369,111,33,1,4.165645485,-388.359852791,612.423585415
1658137044.824914217,0,1,3,1658137039.624746561,1658137044.824914217,60,27,1,3.935811282,91.712434769,214.130704880
1658137044.824914217,0,-3,4,1658137039.624746561,1658137044.624745369,108,30,1,5.536709387,-270.859441042,486.403196812
1658137044.824914217,0,-4,4,1658137039.624746561,1658137044.624745369,106,32,1,7.038363867,-373.624013662,481.487856388
1658137044.824914217,0,-5,4,1658137039.624746561,1658137044.524908304,101,31,1,8.412972871,-453.003672123,448.126718044
1658137044.824914217,-1,-6,2,1658137039.624746561,1658137043.824754000,4,4,1,-1.731932929,-21.908448219,11.675208092
1658137044.824914217,0,-7,2,1658137039.624746561,1658137044.824914217,133,35,1,12.500665829,-863.908076286,324.504174709
1658137044.824914217,-1,-6,3,1658137039.624746561,1658137044.824914217,126,31,1,-66.005917531,-702.538615704,440.633460999
1658137044.824914217,-1,-7,0,1658137039.624746561,1658137044.824914217,99,37,1,-30.725612052,-633.264084339,22.135114009
1658137044.824914217,-1,-8,0,1658137039.624746561,1658137040.824769497,5,4,1,-1.197564002,-35.515615463,0.924687572
1658137044.824914217,0,2,-4,1658137039.624746561,1658137044.824914217,94,30,1,30.452667534,231.814227104,-324.049104929
1658137044.824914217,0,-8,0,1658137039.624746561,1658137044.824914217,155,40,1,20.237371862,-1155.215802670,86.103793507
1658137044.824914217,0,-8,-1,1658137039.624746561,1658137044.824914217,164,44,1,25.402971700,-1229.447173119,-84.707943360
1658137044.824914217,0,-2,5,1658137039.624746561,1658137044.824914217,76,22,1,1.384804818,-113.020776987,419.854764938
1658137044.824914217,0,-7,-2,1658137039.624746561,1658137044.824914217,174,48,1,40.742982134,-1131.503664970,-268.069402575
1658137044.824914217,-1,1,2,1658137039.624746561,1658137041.024715185,5,4,1,-1.981302172,8.363144398,14.717519999
1658137044.824914217,0,-7,-3,1658137039.624746561,1658137044.824914217,88,41,1,17.812892265,-567.055507183,-207.831597328
1658137044.824914217,-1,-3,-5,1658137039.624746561,1658137042.624909639,9,6,1,-0.867185026,-18.900379419,-40.759612083
1658137044.824914217,-2,-7,-3,1658137039.624746561,1658137044.824914217,233,53,1,-330.000859976,-1535.396959782,-564.549107313
1658137044.824914217,-1,-7,-3,1658137039.624746561,1658137044.824914217,165,50,1,-78.909157997,-1066.562268734,-408.182617426
1658137044.824914217,-1,-8,-3,1658137039.624746561,1658137044.824914217,19,16,1,-10.545263559,-135.988855362,-50.234702349
1658137044.824914217,0,-8,-3,1658137039.624746561,1658137043.024902582,40,25,1,8.516468994,-301.266228676,-96.858004570
1658137044.824914217,-3,-6,-3,1658137039.624746561,1658137044.824914217,60,36,1,-174.405513763,-336.969243050,-164.107117414
1658137044.824914217,-1,-2,-5,1658137039.624746561,1658137044.724828005,67,24,1,-16.017782610,-112.207116127,-295.805001736
1658137044.824914217,-1,-2,-6,1658137039.624746561,1658137044.624745369,18,12,1,-4.589367224,-32.866135836,-93.237010002
1658137044.824914217,-1,-3,-6,1658137039.624746561,1658137044.624745369,10,8,1,-1.083002113,-21.251015902,-52.242229939
1658137044.824914217,0,-2,-7,1658137039.624746561,1658137044.624745369,106,24,1,26.794145897,-159.408326864,-683.455202103
1658137044.824914217,0,-8,-2,1658137039.624746561,1658137044.824914217,150,51,1,27.004345849,-1119.850503445,-210.416725755
1658137044.824914217,0,-6,-6,1658137039.624746561,1658137044.824914217,66,31,1,20.618222058,-357.288846970,-356.294031143
1658137044.824914217,0,-3,-7,1658137039.624746561,1658137044.624745369,97,24,1,27.770980984,-236.886404276,-628.412428379
1658137044.824914217,-1,1,3,1658137039.624746561,1658137044.824914217,96,28,1,-25.364770061,140.609981298,322.712320089
1658137044.824914217,-1,-1,4,1658137039.724836588,1658137039.724836588,1,1,1,-0.002438471,-0.665062308,4.989891052
1658137044.824914217,0,-3,5,1658137039.724836588,1658137044.624745369,78,29,1,2.199368888,-197.218634605,423.614437103
1658137044.824914217,-1,-1,2,1658137039.724836588,1658137044.824914217,68,28,1,-20.026046966,-19.869826314,151.935338974
1658137044.824914217,0,-7,3,1658137039.724836588,1658137044.824914217,92,31,1,5.121454854,-596.436532497,318.204517603
1658137044.824914217,0,3,0,1658137039.724836588,1658137044.624745369,109,31,1,23.570297220,374.806726694,51.430917704
1658137044.824914217,-2,-6,2,1658137039.724836588,1658137039.924752235,4,3,1,-4.266100764,-21.585273266,11.665289879
1658137044.824914217,0,2,2,1658137039.724836588,1658137044.824914217,79,23,1,13.965199776,195.344137192,193.883780956
1658137044.824914217,0,-8,2,1658137039.724836588,1658137044.824914217,105,32,1,4.550360580,-783.202036381,262.192775965
1658137044.824914217,0,-8,1,1658137039.724836588,1658137044.824914217,124,33,1,11.278415553,-929.446660519,187.658971548
1658137044.824914217,-1,1,-3,1658137039.724836588,1658137039.724836588,1,1,1,-0.034530398,1.196009398,-2.366648674
1658137044.824914217,0,-6,4,1658137039.724836588,1658137044.824914217,89,28,1,5.652590232,-487.019015312,403.871317863
1658137044.824914217,-1,-2,-4,1658137039.724836588,1658137044.724828005,77,29,1,-21.251228184,-117.017924190,-278.728113890
1658137044.824914217,-1,0,-1,1658137039.724836588,1658137040.924866199,2,2,1,-0.059600146,1.745388150,-0.072716644
1658137044.824914217,-2,-7,-2,1658137039.724836588,1658137044.624745369,51,32,1,-88.180036664,-331.502574444,-95.020232916
1658137044.824914217,0,1,4,1658137039.724836588,1658137044.824914217,94,27,1,5.996172193,141.704654932,419.356072903
1658137044.824914217,-1,0,-2,1658137039.724836588,1658137044.824914217,17,8,1,-0.571921096,9.322592681,-31.566238046
1658137044.824914217,-1,-7,3,1658137039.724836588,1658137044.624745369,9,7,1,-3.872911505,-55.534008026,29.577754021
1658137044.824914217,0,0,-6,1658137039.724836588,1658137044.824914217,113,31,1,45.422235847,50.232528355,-615.779880524
1658137044.824914217,-1,-6,-4,1658137039.724836588,1658137044.424809933,32,15,1,-21.156304888,-185.013401031,-101.860475302
1658137044.824914217,-2,-6,-4,1658137039.724836588,1658137044.324722767,27,21,1,-33.753236771,-155.755740166,-83.862567663
1658137044.824914217,0,-7,-4,1658137039.724836588,1658137043.424738884,56,24,1,13.199051855,-359.624028683,-195.309114933
1658137044.824914217,-1,-7,-4,1658137039.724836588,1658137042.224861860,45,15,1,-14.914325089,-295.707784176,-154.599763155
1658137044.824914217,0,-7,-5,1658137039.724836588,1658137044.624745369,90,37,1,27.873468238,-576.335997581,-399.813882351
1658137044.824914217,0,-4,-7,1658137039.724836588,1658137044.824914217,92,28,1,28.402720034,-323.093799591,-596.839040279
1658137044.824914217,0,-5,5,1658137039.824910402,1658137044.524908304,78,26,1,3.158178482,-348.747754097,423.228068829
1658137044.824914217,-1,-1,3,1658137039.824910402,1658137040.624824524,15,5,1,-4.914842386,-1.772001694,53.007708549
1658137044.824914217,0,-8,-4,1658137039.824910402,1658137044.724828005,22,10,1,5.651998103,-162.849002838,-80.835424185
1658137044.824914217,0,2,3,1658137039.924752235,1658137044.824914217,80,23,1,10.299427778,200.746529579,277.648218632
1658137044.824914217,-1,2,2,1658137039.924752235,1658137041.024715185,2,2,1,-0.542807385,4.045804977,5.960755348
1658137044.824914217,0,-6,5,1658137039.924752235,1658137044.824914217,49,23,1,0.976311238,-264.722470760,263.106614590
1658137044.824914217,0,3,1,1658137039.924752235,1658137044.624745369,81,29,1,16.699840702,272.073297739,122.503239393
1658137044.824914217,-1,-6,4,1658137039.924752235,1658137043.724911451,14,11,1,-5.137135755,-76.320505619,57.998740673
1658137044.824914217,-1,2,3,1658137039.924752235,1658137043.624813080,12,9,1,-3.202413246,24.759217739,39.346865416
1658137044.824914217,0,1,-6,1658137039.924752235,1658137044.824914217,101,31,1,42.254031420,145.921684623,-553.931200504
1658137044.824914217,-3,-6,-4,1658137039.924752235,1658137044.824914217,85,40,1,-239.812142372,-481.020517349,-286.181820631
1658137044.824914217,-2,-7,-4,1658137039.924752235,1658137044.824914217,45,27,1,-72.814112782,-295.973499298,-153.362069607
1658137044.824914217,-2,-8,-4,1658137039.924752235,1658137044.824914217,43,32,1,-78.128750205,-309.190638065,-139.308258533
1658137044.824914217,0,-9,-3,1658137039.924752235,1658137043.524831533,38,16,1,7.817245372,-322.376441956,-98.952384949
1658137044.824914217,-1,-8,-4,1658137039.924752235,1658137041.324922085,11,6,1,-4.460401163,-78.295114040,-37.822979927
1658137044.824914217,0,-1,-7,1658137039.924752235,1658137044.724828005,91,25,1,31.049073830,-46.102298632,-588.117803097
1658137044.824914217,0,-8,-5,1658137039.924752235,1658137040.624824524,23,7,1,6.648526855,-171.397852421,-98.978767872
1658137044.824914217,0,-7,4,1658137040.024843931,1658137044.824914217,72,24,1,2.211883921,-463.032326221,318.761149406
1658137044.824914217,0,3,-1,1658137040.024843931,1658137044.824914217,120,32,1,33.556640282,418.838261366,-61.134186666
1658137044.824914217,-1,-8,-1,1658137040.024843931,1658137040.024843931,1,1,1,-0.192549914,-7.009993076,-0.031828161
1658137044.824914217,-1,-3,-4,1658137040.024843931,1658137040.324917316,2,2,1,-0.235253088,-4.031444550,-7.291681051
1658137044.824914217,-4,-6,-3,1658137040.024843931,1658137044.824914217,161,48,1,-512.835558891,-913.211135864,-404.131199598
1658137044.824914217,-3,-7,-2,1658137040.024843931,1658137044.824914217,57,37,1,-132.198077917,-380.027147770,-104.729255080
1658137044.824914217,-3,-8,-3,1658137040.024843931,1658137044.724828005,34,18,1,-91.690871954,-249.085034370,-90.969616413
1658137044.824914217,0,-8,3,1658137040.024843931,1658137044.824914217,52,25,1,1.189985018,-380.715627193,176.787447214
1658137044.824914217,-4,-7,-3,1658137040.024843931,1658137044.824914217,240,49,1,-835.059035540,-1584.161870956,-594.094775200
1658137044.824914217,-2,-8,-3,1658137040.024843931,1658137044.624745369,68,26,1,-108.140871167,-487.909607887,-179.566107988
1658137044.824914217,0,-9,-2,1658137040.024843931,1658137044.824914217,103,44,1,12.652227014,-876.787580490,-145.207961679
1658137044.824914217,-3,-7,-4,1658137040.024843931,1658137044.824914217,158,47,1,-429.636236191,-1028.025305748,-548.170657396
1658137044.824914217,0,-9,-4,1658137040.024843931,1658137042.024935007,23,15,1,5.238407597,-197.054656029,-78.197011709
1658137044.824914217,-2,-6,-5,1658137040.024843931,1658137044.824914217,46,29,1,-86.329392076,-243.229197025,-216.873736858
1658137044.824914217,-1,-8,-5,1658137040.024843931,1658137040.024843931,1,1,1,-0.189591095,-7.016757965,-4.059660912
1658137044.824914217,-3,-6,-5,1658137040.024843931,1658137044.824914217,246,49,1,-619.045451403,-1349.782517910,-1104.328679562
1658137044.824914217,-2,-6,-6,1658137040.024843931,1658137044.324722767,7,7,1,-12.645501018,-36.009039879,-35.411412716
1658137044.824914217,0,-8,-6,1658137040.024843931,1658137040.424757481,5,5,1,1.732332498,-35.513873577,-25.684764862
1658137044.824914217,0,-7,-6,1658137040.024843931,1658137041.024715185,30,11,1,10.168723315,-194.163471222,-162.903055191
1658137044.824914217,0,-7,-7,1658137040.024843931,1658137044.624745369,38,28,1,12.871458143,-238.027085781,-256.484312534
1658137044.824914217,0,-4,6,1658137040.124804497,1658137044.624745369,77,27,1,1.169705102,-271.782852888,497.213975430
1658137044.824914217,-1,-2,0,1658137040.124804497,1658137040.824769497,9,7,1,-1.717789398,-9.747668386,6.516113997
1658137044.824914217,0,3,-2,1658137040.124804497,1658137044.824914217,112,33,1,27.077942575,381.784803391,-162.065060973
1658137044.824914217,-2,-8,-2,1658137040.124804497,1658137041.124927521,4,3,1,-7.768496990,-28.310402393,-7.495577574
1658137044.824914217,0,-9,0,1658137040.124804497,1658137044.624745369,120,33,1,8.125318101,-1016.177733421,57.913821854
1658137044.824914217,-3,-7,-3,1658137040.124804497,1658137044.824914217,104,43,1,-279.535817862,-670.172511578,-277.844716072
1658137044.824914217,-4,-7,-2,1658137040.124804497,1658137044.824914217,239,48,1,-851.926369190,-1575.627620220,-371.790316820
1658137044.824914217,0,-10,-2,1658137040.124804497,1658137044.824914217,136,46,1,10.379749684,-1281.011307716,-195.504526973
1658137044.824914217,0,-9,-1,1658137040.124804497,1658137044.824914217,158,42,1,14.434419049,-1344.611606598,-84.596094690
1658137044.824914217,-3,-7,-5,1658137040.124804497,1658137043.824754000,28,15,1,-66.639720917,-176.413541794,-116.447432518
1658137044.824914217,2,-3,-1,1658137040.124804497,1658137040.124804497,1,1,1,2.349316359,-2.182744741,-0.762111783
1658137044.824914217,0,-1,-8,1658137040.124804497,1658137044.724828005,73,18,1,24.376175418,-35.199497282,-544.789116859
1658137044.824914217,0,-2,-8,1658137040.124804497,1658137044.624745369,65,19,1,17.578788795,-99.763397813,-482.779675484
1658137044.824914217,0,-5,-7,1658137040.124804497,1658137044.524908304,96,26,1,30.706057727,-431.534588337,-624.305235863
1658137044.824914217,0,-3,-8,1658137040.124804497,1658137044.824914217,70,20,1,22.341578275,-177.685821056,-524.811482906
1658137044.824914217,0,-4,-8,1658137040.124804497,1658137044.824914217,95,24,1,31.402375489,-330.195540428,-706.835712433
1658137044.824914217,0,-5,6,1658137040.224885464,1658137044.524908304,37,19,1,0.534839317,-162.243324757,233.617264748
1658137044.824914217,-1,-6,5,1658137040.224885464,1658137044.824914217,35,19,1,-0.609903596,-194.560911179,200.933717251
1658137044.824914217,0,-7,5,1658137040.224885464,1658137043.024902582,12,8,1,0.217727079,-76.295718670,61.449176311
1658137044.824914217,-1,-7,4,1658137040.224885464,1658137044.224855900,14,9,1,-0.989547452,-93.118732929,64.942988396
1658137044.824914217,0,3,-3,1658137040.224885464,1658137044.824914217,125,33,1,38.487487296,441.973119259,-301.501285076
1658137044.824914217,1,-1,-4,1658137040.224885464,1658137040.224885464,1,1,1,1.194646001,-0.268011361,-3.142641306
1658137044.824914217,-1,-6,6,1658137040.224885464,1658137044.524908304,71,23,1,-3.454625217,-391.847173691,464.383250237
1658137044.824914217,0,-10,-1,1658137040.224885464,1658137044.424809933,77,33,1,4.053444362,-720.071266174,-46.225044809
1658137044.824914217,-1,-7,5,1658137040.224885464,1658137044.824914217,57,21,1,-1.996114773,-374.635056019,313.527112961
1658137044.824914217,-4,-7,-4,1658137040.224885464,1658137044.824914217,223,47,1,-742.451504230,-1432.887109280,-792.804645300
1658137044.824914217,0,-9,1,1658137040.224885464,1658137044.824914217,88,31,1,3.396803547,-736.424750328,126.543437362
1658137044.824914217,-2,-7,-5,1658137040.224885464,1658137042.724750757,18,15,1,-32.215461254,-115.841032982,-74.832012653
1658137044.824914217,-2,-8,-5,1658137040.224885464,1658137040.824769497,4,4,1,-7.433993816,-29.168228149,-16.832341194
1658137044.824914217,0,-10,0,1658137040.224885464,1658137044.024915218,30,13,1,0.764311413,-281.257792473,12.898896076
1658137044.824914217,-3,-6,-6,1658137040.224885464,1658137044.824914217,68,34,1,-176.969954967,-355.517320156,-346.525366306
1658137044.824914217,0,-5,-8,1658137040.224885464,1658137044.124754429,72,20,1,24.295857370,-318.838064671,-542.566310883
1658137044.824914217,-1,-3,6,1658137040.324917316,1658137044.624745369,13,12,1,-0.078687245,-31.187377930,87.984899998
1658137044.824914217,0,-1,5,1658137040.324917316,1658137044.724828005,54,19,1,0.637594944,-28.581197070,293.989838600
1658137044.824914217,0,-3,6,1658137040.324917316,1658137044.624745369,63,19,1,0.744391230,-158.915858984,402.825051785
1658137044.824914217,0,2,4,1658137040.324917316,1658137044.824914217,75,23,1,6.572685186,185.846020460,335.488456249
1658137044.824914217,-1,-8,4,1658137040.324917316,1658137044.824914217,59,19,1,-1.642771924,-443.000414371,268.708424568
1658137044.824914217,-1,3,1,1658137040.324917316,1658137044.624745369,76,25,1,-17.356664483,281.842983246,115.578869104
1658137044.824914217,0,-8,4,1658137040.324917316,1658137043.924834490,19,8,1,0.354057352,-138.946756363,82.549923897
1658137044.824914217,0,4,0,1658137040.324917316,1658137044.624745369,81,21,1,19.911585003,356.910857677,40.943814481
1658137044.824914217,0,3,3,1658137040.324917316,1658137044.824914217,64,19,1,10.248468257,223.833183050,223.073171377
1658137044.824914217,-1,-2,6,1658137040.324917316,1658137044.824914217,45,17,1,-0.493275469,-66.383311391,298.377943516
1658137044.824914217,0,-2,6,1658137040.324917316,1658137044.624745369,21,12,1,0.135094827,-31.790213227,133.353687286
1658137044.824914217,-1,3,0,1658137040.324917316,1658137044.624745369,26,16,1,-2.868179834,92.116885424,21.209564269
1658137044.824914217,0,3,-4,1658137040.324917316,1658137044.824914217,82,25,1,29.560994625,284.686460733,-285.954243898
1658137044.824914217,-1,-1,-2,1658137040.324917316,1658137040.324917316,1,1,1,-0.055034123,-0.180619985,-1.867571592
1658137044.824914217,1,2,-5,1658137040.324917316,1658137040.324917316,1,1,1,1.609901905,2.767048836,-4.105895519
1658137044.824914217,-4,-8,-2,1658137040.324917316,1658137044.824914217,173,45,1,-652.431258917,-1286.133800507,-283.813565373
1658137044.824914217,0,2,-5,1658137040.324917316,1658137044.824914217,102,29,1,38.025638938,253.478682756,-459.817052364
1658137044.824914217,-4,-8,-3,1658137040.324917316,1658137044.824914217,206,45,1,-747.394623518,-1540.697708130,-521.651970625
1658137044.824914217,0,2,-6,1658137040.324917316,1658137044.724828005,108,32,1,43.123129886,271.045709372,-589.843851566
1658137044.824914217,-4,-6,-4,1658137040.324917316,1658137044.824914217,99,41,1,-331.798947811,-568.745010853,-344.953965187
1658137044.824914217,0,1,-7,1658137040.324917316,1658137044.824914217,88,23,1,40.290399879,131.794468641,-573.503932476
1658137044.824914217,0,0,-7,1658137040.324917316,1658137044.624745369,86,24,1,38.071342260,43.826114733,-558.128350258
1658137044.824914217,-4,-6,-5,1658137040.324917316,1658137044.824914217,180,43,1,-628.498448849,-1026.536512375,-823.764797688
1658137044.824914217,-4,-7,-5,1658137040.324917316,1658137044.824914217,206,42,1,-758.468686104,-1326.829957008,-913.636157036
1658137044.824914217,-1,-7,-5,1658137040.324917316,1658137040.324917316,1,1,1,-0.011495311,-6.667537689,-4.112073898
1658137044.824914217,0,-10,-3,1658137040.324917316,1658137044.824914217,73,34,1,6.547393613,-700.787059784,-171.848428249
1658137044.824914217,0,-10,1,1658137040.324917316,1658137040.824769497,3,3,1,0.094057525,-27.141541481,3.595560908
1658137044.824914217,0,-10,-4,1658137040.324917316,1658137044.324722767,10,10,1,1.674278356,-95.281107903,-34.529575586
1658137044.824914217,0,-6,-7,1658137040.324917316,1658137044.824914217,111,37,1,37.007385910,-616.540084839,-721.727434158
1658137044.824914217,-1,-8,5,1658137040.324917316,1658137044.824914217,67,21,1,-5.034794092,-504.039467335,366.776143551
1658137044.824914217,0,-6,-8,1658137040.324917316,1658137044.824914217,78,25,1,27.081038773,-428.950326920,-580.211655140
1658137044.824914217,-1,-1,7,1658137040.424757481,1658137044.824914217,80,22,1,-3.352979241,-34.728219718,595.041037560
1658137044.824914217,-1,-2,7,1658137040.424757481,1658137044.824914217,64,16,1,-2.157642659,-96.691442132,482.622665405
1658137044.824914217,0,1,6,1658137040.424757481,1658137044.224855900,4,4,1,0.006250182,6.374019146,24.619961262
1658137044.824914217,0,0,6,1658137040.424757481,1658137044.524908304,11,8,1,0.052997586,3.863997690,66.743541718
1658137044.824914217,-1,0,5,1658137040.424757481,1658137041.324922085,6,4,1,-0.043011061,2.773835361,34.631844521
1658137044.824914217,-1,-1,5,1658137040.424757481,1658137044.724828005,11,7,1,-0.074227277,-5.019065022,63.533216953
1658137044.824914217,-1,-1,6,1658137040.424757481,1658137044.824914217,74,21,1,-1.012576685,-36.144845993,481.191563129
1658137044.824914217,0,1,5,1658137040.424757481,1658137044.824914217,60,20,1,1.774357154,91.000024676,327.111814022
1658137044.824914217,0,0,5,1658137040.424757481,1658137044.824914217,59,17,1,1.118953479,29.151453033,320.522045135
1658137044.824914217,-1,1,5,1658137040.424757481,1658137040.824769497,4,3,1,-0.025649218,5.871285915,23.533143044
1658137044.824914217,0,-9,4,1658137040.424757481,1658137040.424757481,1,1,1,0.008764455,-8.045410156,4.027730942
1658137044.824914217,-1,-9,2,1658137040.424757481,1658137044.824914217,82,23,1,-2.706361002,-701.905612946,204.087114573
1658137044.824914217,0,-9,2,1658137040.424757481,1658137044.224855900,26,12,1,0.653199412,-215.373306274,62.531560898
1658137044.824914217,-1,-10,2,1658137040.424757481,1658137044.824914217,109,27,1,-9.071510421,-1037.032987595,274.409100056
1658137044.824914217,-1,2,-2,1658137040.424757481,1658137042.324903250,7,4,1,-6.189803183,19.908135891,-11.112394929
1658137044.824914217,1,2,-3,1658137040.424757481,1658137040.424757481,1,1,1,1.891988039,2.707827568,-2.260477066
1658137044.824914217,-1,1,6,1658137040.424757481,1658137044.824914217,48,15,1,-1.083288251,72.810679913,313.971364021
1658137044.824914217,-1,3,-2,1658137040.424757481,1658137044.824914217,109,32,1,-59.478682581,380.913841248,-184.362056017
1658137044.824914217,-1,-10,1,1658137040.424757481,1658137044.824914217,117,29,1,-8.983687705,-1111.862114906,180.049200535
1658137044.824914217,0,3,-5,1658137040.424757481,1658137044.824914217,103,37,1,40.123720765,359.591881990,-466.462868214
1658137044.824914217,-1,2,-6,1658137040.424757481,1658137044.524908304,106,33,1,-45.527372958,285.532679081,-568.480680466
1658137044.824914217,-3,-8,-4,1658137040.424757481,1658137044.824914217,199,45,1,-523.401552439,-1499.490874767,-682.175660849
1658137044.824914217,-1,0,6,1658137040.424757481,1658137044.824914217,54,20,1,-1.078334399,26.534597512,355.491510868
1658137044.824914217,0,4,-1,1658137040.424757481,1658137044.824914217,79,23,1,23.386870444,354.400248528,-42.728687768
1658137044.824914217,0,-9,3,1658137040.424757481,1658137041.024715185,7,4,1,0.053067173,-58.015823364,23.223216534
1658137044.824914217,0,-10,-5,1658137040.424757481,1658137044.824914217,2,2,1,0.405742943,-18.997982979,-8.998939991
1658137044.824914217,0,2,5,1658137040.424757481,1658137044.824914217,63,18,1,2.740551246,155.520317078,346.054075718
1658137044.824914217,-1,-2,1,1658137040.424757481,1658137040.424757481,1,1,1,-0.219867915,-1.058625102,1.039960980
1658137044.824914217,0,-4,-9,1658137040.424757481,1658137044.824914217,74,18,1,26.280255437,-261.221691608,-625.788471222
1658137044.824914217,0,-7,-8,1658137040.424757481,1658137044.824914217,125,41,1,44.929674208,-809.547747612,-939.450542927
1658137044.824914217,-1,-4,7,1658137040.524852276,1658137044.624745369,74,24,1,-1.461482009,-263.009033203,557.364840984
1658137044.824914217,0,-5,7,1658137040.524852276,1658137041.024715185,4,4,1,0.036276386,-17.141448021,28.332324505
1658137044.824914217,-1,-5,7,1658137040.524852276,1658137044.624745369,84,22,1,-3.529626210,-377.133250713,629.717215061
1658137044.824914217,-1,-3,5,1658137040.524852276,1658137040.524852276,1,1,1,-0.008641152,-2.230438709,5.426240444
1658137044.824914217,0,4,3,1658137040.524852276,1658137044.824914217,65,21,1,11.556052558,290.593739033,225.154884100
1658137044.824914217,0,4,1,1658137040.524852276,1658137044.624745369,49,20,1,10.196590981,216.236784935,78.436017036
1658137044.824914217,0,-4,7,1658137040.524852276,1658137041.124927521,6,4,1,0.026931038,-20.578227997,43.378186703
1658137044.824914217,-2,-6,3,1658137040.524852276,1658137044.224855900,2,2,1,-2.081079006,-11.163343906,6.494318962
1658137044.824914217,0,-10,2,1658137040.524852276,1658137040.524852276,1,1,1,0.006477501,-9.052007675,2.127943754
1658137044.824914217,0,4,-2,1658137040.524852276,1658137044.824914217,128,33,1,39.839428760,572.867191792,-188.329107285
1658137044.824914217,-1,-6,7,1658137040.524852276,1658137044.524908304,75,20,1,-6.871309642,-414.633606434,561.163557529
1658137044.824914217,-1,-10,0,1658137040.524852276,1658137044.424809933,66,24,1,-2.124527446,-630.494635582,38.078334859
1658137044.824914217,-3,-8,-2,1658137040.524852276,1658137040.624824524,3,2,1,-6.337414026,-21.258922577,-5.464558363
1658137044.824914217,0,-11,-2,1658137040.524852276,1658137044.424809933,65,27,1,3.135610413,-675.400359154,-104.028026581
1658137044.824914217,0,3,2,1658137040.524852276,1658137044.824914217,80,22,1,14.962277208,281.471462250,199.165495396
1658137044.824914217,0,-11,-3,1658137040.524852276,1658137044.824914217,98,39,1,6.175085286,-1024.369781494,-252.181914806
1658137044.824914217,-3,-8,-5,1658137040.524852276,1658137041.624929428,11,6,1,-27.965364695,-82.256782532,-45.845929146
1658137044.824914217,0,0,-8,1658137040.524852276,1658137044.624745369,76,21,1,31.368610114,35.526021921,-569.511093140
1658137044.824914217,0,-11,0,1658137040.524852276,1658137040.624824524,3,2,1,0.025610572,-30.238251686,0.897530869
1658137044.824914217,0,4,2,1658137040.524852276,1658137044.624745369,80,21,1,17.692493595,359.901840210,198.323290586
1658137044.824914217,0,-5,-9,1658137040.524852276,1658137044.124754429,46,13,1,15.771319035,-207.964515686,-392.302337646
1658137044.824914217,-1,-3,7,1658137040.624824524,1658137044.624745369,47,18,1,-1.019974972,-118.487379074,349.748790741
1658137044.824914217,-1,-9,5,1658137040.624824524,1658137044.824914217,66,16,1,-17.359335843,-564.366922379,362.586415768
1658137044.824914217,-1,4,0,1658137040.624824524,1658137044.624745369,39,18,1,-8.192806821,173.955081463,28.636641979
1658137044.824914217,-1,-9,4,1658137040.624824524,1658137044.824914217,61,16,1,-5.104143774,-515.589075089,275.165621758
1658137044.824914217,-1,-2,5,1658137040.624824524,1658137043.824754000,6,4,1,-0.031282382,-7.948595047,33.303889751
1658137044.824914217,-1,0,7,1658137040.624824524,1658137044.724828005,72,21,1,-3.640107840,37.392658465,541.018284321
1658137044.824914217,-2,3,-2,1658137040.624824524,1658137042.124760151,3,3,1,-3.188471794,9.715233088,-5.351383924
1658137044.824914217,-1,-11,-1,1658137040.624824524,1658137044.424809933,59,14,1,-5.036229231,-620.066579819,-28.205641130
1658137044.824914217,-1,-9,3,1658137040.624824524,1658137044.824914217,75,22,1,-3.874030388,-641.745213509,261.601415873
1658137044.824914217,-5,-8,-2,1658137040.624824524,1658137044.824914217,121,43,1,-499.616705418,-897.725478172,-175.404514194
1658137044.824914217,0,-11,-1,1658137040.624824524,1658137044.424809933,12,6,1,0.394890510,-123.510740280,-8.643571228
1658137044.824914217,1,-5,-2,1658137040.624824524,1658137040.624824524,1,1,1,1.787065387,-4.600957870,-1.098925948
1658137044.824914217,-5,-8,-3,1658137040.624824524,1658137044.824914217,81,40,1,-336.330213547,-600.207960606,-187.852915287
1658137044.824914217,-4,-8,-4,1658137040.624824524,1658137044.824914217,128,41,1,-432.435841084,-961.286646366,-473.675880194
1658137044.824914217,0,-3,-9,1658137040.624824524,1658137044.824914217,69,16,1,25.839394301,-174.535813808,-586.051887512
1658137044.824914217,0,-6,-9,1658137040.624824524,1658137044.824914217,55,16,1,20.183632165,-305.651643753,-460.758307457
1658137044.824914217,0,-7,-9,1658137040.624824524,1658137044.824914217,77,26,1,29.450760901,-501.205956459,-652.920086861
1658137044.824914217,-1,-5,8,1658137040.724930048,1658137044.624745369,64,21,1,-5.396148827,-289.637814045,542.574972153
1658137044.824914217,-1,-7,6,1658137040.724930048,1658137044.824914217,60,16,1,-5.364016242,-388.165742874,389.508543968
1658137044.824914217,-1,-7,7,1658137040.724930048,1658137044.824914217,64,20,1,-8.791075550,-417.161429405,482.413596153
1658137044.824914217,-3,-1,0,1658137040.724930048,1658137040.724930048,1,1,1,-2.417983532,-0.646442831,0.486312926
1658137044.824914217,-1,4,-2,1658137040.724930048,1658137044.824914217,43,24,1,-17.636086497,177.444149017,-72.550854087
1658137044.824914217,-1,-5,6,1658137040.724930048,1658137044.624745369,50,18,1,-0.936644017,-233.697352886,329.640107155
1658137044.824914217,-1,-8,6,1658137040.724930048,1658137044.224855900,49,17,1,-6.820502028,-367.784437180,319.385039330
1658137044.824914217,-4,-9,-2,1658137040.724930048,1658137044.324722767,12,9,1,-45.718686104,-96.746177673,-20.975842834
1658137044.824914217,-3,-9,-4,1658137040.724930048,1658137044.424809933,24,13,1,-65.559387207,-197.434352875,-85.707782030
1658137044.824914217,-3,-9,-5,1658137040.724930048,1658137044.824914217,39,30,1,-104.142226219,-333.649094582,-160.763977051
1658137044.824914217,0,-8,-8,1658137040.724930048,1658137044.824914217,99,36,1,34.946750239,-742.180192947,-745.718921661
1658137044.824914217,-1,2,6,1658137040.824769497,1658137044.824914217,64,16,1,-7.850644051,157.323617458,415.655248642
1658137044.824914217,-1,1,7,1658137040.824769497,1658137044.824914217,74,18,1,-3.219372947,108.222065210,552.886676311
1658137044.824914217,-1,3,-3,1658137040.824769497,1658137044.824914217,23,18,1,-12.996197902,83.446737289,-50.423012972
1658137044.824914217,-1,-10,4,1658137040.824769497,1658137044.824914217,60,17,1,-7.116052672,-569.842124939,268.768218517
1658137044.824914217,0,4,-4,1658137040.824769497,1658137044.824914217,73,23,1,25.792438537,326.318545818,-253.250471592
1658137044.824914217,0,4,-5,1658137040.824769497,1658137044.824914217,57,17,1,21.274724364,256.070442677,-256.473599434
1658137044.824914217,-1,-10,3,1658137040.824769497,1658137044.824914217,74,22,1,-6.605172221,-704.559890747,261.903294802
1658137044.824914217,0,3,-6,1658137040.824769497,1658137044.724828005,89,35,1,33.425698452,310.800762415,-483.941371441
1658137044.824914217,0,4,-3,1658137040.824769497,1658137044.824914217,109,31,1,35.288401017,485.607944012,-269.380122900
1658137044.824914217,0,3,-7,1658137040.824769497,1658137044.724828005,96,35,1,40.980892628,332.829312801,-630.520794392
1658137044.824914217,-2,2,-6,1658137040.824769497,1658137044.724828005,78,32,1,-98.116337895,200.646838427,-434.049090385
1658137044.824914217,-4,-9,-3,1658137040.824769497,1658137044.824914217,192,40,1,-677.809010506,-1622.389179230,-502.743176460
1658137044.824914217,0,2,-7,1658137040.824769497,1658137044.824914217,100,33,1,45.802270621,257.430314064,-656.146697521
1658137044.824914217,-5,-6,-5,1658137040.824769497,1658137044.724828005,48,31,1,-200.493226051,-277.968801022,-207.624036789
1658137044.824914217,-5,-7,-5,1658137040.824769497,1658137044.724828005,34,27,1,-140.476029396,-215.179122925,-152.974689484
1658137044.824914217,-4,-9,-4,1658137040.824769497,1658137044.724828005,182,39,1,-619.433539391,-1532.740075111,-621.281547785
1658137044.824914217,-4,-6,-6,1658137040.824769497,1658137044.824914217,119,37,1,-428.918401480,-680.136942863,-643.700997829
1658137044.824914217,-4,-7,-6,1658137040.824769497,1658137044.824914217,107,39,1,-390.156480551,-708.733532429,-567.106365204
1658137044.824914217,0,-6,6,1658137040.924866199,1658137040.924866199,2,1,1,0.017164175,-10.277968884,12.930000305
1658137044.824914217,0,3,4,1658137040.924866199,1658137044.824914217,67,17,1,7.434900887,230.603490353,304.379776955
1658137044.824914217,0,3,5,1658137040.924866199,1658137044.824914217,51,17,1,3.605165954,179.318924189,277.049056530
1658137044.824914217,-5,-7,-2,1658137040.924866199,1658137044.824914217,68,38,1,-284.932067871,-463.454384327,-107.365264893
1658137044.824914217,-1,3,-6,1658137040.924866199,1658137044.724828005,34,22,1,-11.290007163,108.612686157,-185.215219498
1658137044.824914217,-5,-9,-2,1658137040.924866199,1658137044.824914217,21,17,1,-87.906016350,-169.463436127,-35.430333734
1658137044.824914217,-5,-9,-3,1658137040.924866199,1658137044.624745369,6,5,1,-25.071231842,-48.210218430,-12.301757574
1658137044.824914217,-1,2,-7,1658137040.924866199,1658137041.124927521,6,3,1,-1.789618373,16.140744686,-36.260218620
1658137044.824914217,-5,-7,-4,1658137040.924866199,1658137044.824914217,26,19,1,-111.317111015,-173.762856483,-96.376433134
1658137044.824914217,0,-12,-3,1658137040.924866199,1658137044.424809933,49,20,1,1.290107233,-560.384001732,-123.903045654
1658137044.824914217,0,4,4,1658137040.924866199,1658137044.824914217,55,16,1,7.767875336,248.064382553,247.501209259
1658137044.824914217,0,2,-8,1658137040.924866199,1658137044.824914217,78,23,1,36.012684479,197.188103676,-580.375437737
1658137044.824914217,-4,-8,-5,1658137040.924866199,1658137044.824914217,161,36,1,-593.129030704,-1196.725790024,-723.364528179
1658137044.824914217,0,1,-8,1658137040.924866199,1658137044.824914217,85,20,1,37.574808016,125.576860547,-637.426605701
1658137044.824914217,0,1,-9,1658137040.924866199,1658137044.624745369,59,18,1,25.915214360,90.355953455,-499.206617355
1658137044.824914217,0,0,-9,1658137040.924866199,1658137044.624745369,60,18,1,25.094320387,30.448105765,-510.611795425
1658137044.824914217,-4,-8,-6,1658137040.924866199,1658137044.824914217,110,35,1,-389.879571199,-810.511991024,-596.077807903
1658137044.824914217,0,-8,-9,1658137040.924866199,1658137044.824914217,91,31,1,36.967587799,-676.819808960,-769.994525909
1658137044.824914217,-1,-2,8,1658137041.024715185,1658137044.824914217,57,18,1,-3.516646471,-85.274738312,487.679184914
1658137044.824914217,-1,-3,8,1658137041.024715185,1658137044.824914217,58,14,1,-2.971356651,-142.436457872,490.964233398
1658137044.824914217,0,-1,6,1658137041.024715185,1658137044.824914217,11,8,1,0.065465162,-8.255234987,68.713781357
1658137044.824914217,0,5,3,1658137041.024715185,1658137044.824914217,61,20,1,11.387033433,335.473025322,214.107706785
1658137044.824914217,0,5,2,1658137041.024715185,1658137044.624745369,54,18,1,11.201023296,294.258338451,132.717427015
1658137044.824914217,0,-3,7,1658137041.024715185,1658137041.124927521,2,2,1,0.015638752,-5.417333841,14.235925674
1658137044.824914217,-1,4,1,1658137041.024715185,1658137044.624745369,75,21,1,-11.860349951,340.031876087,111.344310164
1658137044.824914217,-1,-11,3,1658137041.024715185,1658137044.824914217,82,21,1,-11.486061342,-863.242187500,284.973247766
1658137044.824914217,-1,-11,2,1658137041.024715185,1658137044.824914217,97,24,1,-12.996586412,-1016.662453651,240.583752632
1658137044.824914217,-1,4,-3,1658137041.024715185,1658137044.624745369,17,16,1,-4.080590729,70.313790321,-36.645404816
1658137044.824914217,-1,0,8,1658137041.024715185,1658137044.724828005,69,18,1,-5.238466166,34.260166410,586.861315727
1658137044.824914217,-1,-11,1,1658137041.024715185,1658137044.824914217,93,24,1,-13.011887725,-980.249124527,133.946165204
1658137044.824914217,-1,-11,0,1658137041.024715185,1658137044.424809933,69,16,1,-7.491615570,-721.842781067,33.220200803
1658137044.824914217,-1,-12,0,1658137041.024715185,1658137044.424809933,51,14,1,-6.724606290,-581.873617172,30.229322628
1658137044.824914217,-1,-1,8,1658137041.024715185,1658137044.824914217,58,18,1,-4.142233524,-30.835839625,492.382071495
1658137044.824914217,0,-12,-2,1658137041.024715185,1658137044.324722767,13,9,1,0.525145193,-147.369919777,-23.230536103
1658137044.824914217,0,3,-8,1658137041.024715185,1658137044.724828005,89,29,1,38.745686918,307.955517769,-664.714679241
1658137044.824914217,-5,-8,-4,1658137041.024715185,1658137044.824914217,126,36,1,-554.999895096,-954.789249420,-457.911399126
1658137044.824914217,-5,-7,-6,1658137041.024715185,1658137044.624745369,19,15,1,-79.139909744,-118.695209980,-97.488855362
1658137044.824914217,-3,-9,-3,1658137041.024715185,1658137044.824914217,7,7,1,-19.994988918,-58.515592575,-20.068455458
1658137044.824914217,0,0,-10,1658137041.024715185,1658137044.624745369,59,17,1,27.258990228,26.518244823,-559.982631683
1658137044.824914217,0,-1,-9,1658137041.024715185,1658137044.724828005,56,17,1,22.272602946,-29.700694282,-478.199332237
1658137044.824914217,0,-2,-9,1658137041.024715185,1658137044.624745369,66,18,1,23.660721213,-94.641027093,-561.588256836
1658137044.824914217,-1,-6,8,1658137041.024715185,1658137044.624745369,59,16,1,-7.762436971,-322.788223743,501.942391396
1658137044.824914217,0,-9,-8,1658137041.024715185,1658137044.724828005,73,31,1,22.931046510,-620.175642967,-546.716240406
1658137044.824914217,0,-10,-8,1658137041.024715185,1658137044.824914217,113,34,1,31.961842090,-1074.250949860,-849.505180359
1658137044.824914217,-5,-6,-6,1658137041.024715185,1658137042.824854851,6,5,1,-24.386222363,-34.653053761,-31.018680096
1658137044.824914217,0,-5,-10,1658137041.024715185,1658137044.124754429,39,12,1,14.411546662,-177.153127670,-369.522294044
1658137044.824914217,0,-9,-9,1658137041.024715185,1658137044.724828005,101,32,1,39.032474618,-855.273859024,-857.536583900
1658137044.824914217,0,-6,-10,1658137041.024715185,1658137044.824914217,40,11,1,15.649230003,-222.354490280,-378.829413414
1658137044.824914217,0,-7,-10,1658137041.024715185,1658137044.824914217,56,16,1,22.455991983,-363.259274006,-531.940206528
1658137044.824914217,-1,-4,9,1658137041.124927521,1658137044.624745369,52,16,1,-4.398547206,-183.428019285,490.026527405
1658137044.824914217,-1,-4,8,1658137041.124927521,1658137044.624745369,63,17,1,-3.264689572,-222.786607504,538.174864769
1658137044.824914217,0,4,-6,1658137041.124927521,1658137044.624745369,50,15,1,19.650701404,225.581242561,-274.247770786
1658137044.824914217,0,4,-7,1658137041.124927521,1658137044.624745369,46,14,1,19.128420740,206.686252117,-297.065465450
1658137044.824914217,0,2,-9,1658137041.124927521,1658137044.824914217,56,17,1,25.402000725,142.201288223,-472.629541397
1658137044.824914217,-5,-8,-5,1658137041.124927521,1658137044.824914217,124,37,1,-526.887017727,-943.727991104,-557.645432472
1658137044.824914217,0,-8,-10,1658137041.124927521,1658137044.524908304,58,20,1,23.165459611,-436.234522820,-546.180982590
1658137044.824914217,0,6,2,1658137041.224772692,1658137044.624745369,42,14,1,8.603866711,272.836738110,103.114670277
1658137044.824914217,0,6,1,1658137041.224772692,1658137044.624745369,60,16,1,14.239739195,389.653351784,88.948587418
1658137044.824914217,0,6,0,1658137041.224772692,1658137044.824914217,64,17,1,16.750783607,412.374070644,31.775162110
1658137044.824914217,0,5,0,1658137041.224772692,1658137044.624745369,57,20,1,14.367423669,310.857059002,28.644107046
1658137044.824914217,0,5,-1,1658137041.224772692,1658137044.824914217,73,21,1,20.494704068,404.825465679,-38.396151390
1658137044.824914217,0,5,-2,1658137041.224772692,1658137044.824914217,97,27,1,30.083500028,531.042260170,-148.039204836
1658137044.824914217,0,5,1,1658137041.224772692,1658137044.624745369,72,17,1,16.480672583,395.598056793,105.491691828
1658137044.824914217,-1,-11,-2,1658137041.224772692,1658137044.424809933,19,9,1,-1.104656985,-203.955183983,-25.936048508
1658137044.824914217,-4,-10,-3,1658137041.224772692,1658137044.824914217,55,31,1,-195.606721878,-506.321678162,-149.652833462
1658137044.824914217,-2,-9,-5,1658137041.224772692,1658137041.624929428,3,3,1,-5.043297172,-25.695755005,-12.620309830
1658137044.824914217,0,-12,-4,1658137041.224772692,1658137044.824914217,32,21,1,2.046652237,-368.143443108,-120.543347359
1658137044.824914217,-1,-12,-4,1658137041.224772692,1658137044.824914217,41,19,1,-21.437607560,-469.762908936,-135.505381346
1658137044.824914217,0,-1,-10,1658137041.224772692,1658137044.724828005,79,20,1,30.779661134,-41.102897723,-754.296061516
1658137044.824914217,0,-2,-10,1658137041.224772692,1658137044.824914217,100,20,1,25.091796603,-153.966304660,-952.012029648
1658137044.824914217,0,-4,-10,1658137041.224772692,1658137044.824914217,69,17,1,26.327031374,-236.987647533,-653.258806229
1658137044.824914217,0,-2,-11,1658137041.224772692,1658137044.824914217,90,20,1,31.990000978,-136.082615972,-940.916798592
1658137044.824914217,0,-3,-11,1658137041.224772692,1658137044.824914217,74,23,1,34.214128971,-188.420156240,-776.802918434
1658137044.824914217,0,-3,-10,1658137041.224772692,1658137044.824914217,86,19,1,32.733436164,-209.938033819,-817.361902237
1658137044.824914217,0,-9,-10,1658137041.224772692,1658137044.724828005,52,22,1,18.612099944,-445.586680412,-490.205558777
1658137044.824914217,-1,0,9,1658137041.324922085,1658137044.824914217,48,14,1,-5.322458267,23.203552434,456.753839493
1658137044.824914217,-1,-1,9,1658137041.324922085,1658137044.724828005,51,16,1,-5.365654029,-26.051820151,483.166832924
1658137044.824914217,-1,1,8,1658137041.324922085,1658137044.824914217,65,18,1,-4.868199717,96.258933544,553.265543938
1658137044.824914217,0,6,-1,1658137041.324922085,1658137044.824914217,73,18,1,21.604308769,475.281192303,-39.419849250
1658137044.824914217,0,6,-2,1658137041.324922085,1658137044.824914217,87,21,1,25.665035158,566.372791290,-128.739858866
1658137044.824914217,0,5,-3,1658137041.324922085,1658137044.824914217,100,26,1,33.053295821,551.656220436,-245.296724319
1658137044.824914217,-1,3,2,1658137041.324922085,1658137044.324722767,5,4,1,-0.860508986,19.134798050,10.380745649
1658137044.824914217,-5,-7,-3,1658137041.324922085,1658137044.424809933,41,25,1,-173.392926216,-282.600557327,-91.146174192
1658137044.824914217,-1,-12,-1,1658137041.324922085,1658137044.424809933,43,13,1,-4.730311528,-493.291654587,-18.946889257
1658137044.824914217,-1,2,-5,1658137041.324922085,1658137044.724828005,4,4,1,-1.401146218,10.817619324,-19.951108932
1658137044.824914217,-1,-6,-3,1658137041.324922085,1658137044.524908304,18,15,1,-5.796482019,-105.067167282,-46.663163185
1658137044.824914217,-1,-12,-2,1658137041.324922085,1658137044.524908304,44,14,1,-2.868320017,-508.470065117,-63.009374380
1658137044.824914217,-3,-10,-3,1658137041.324922085,1658137042.524814606,6,6,1,-16.906830549,-55.214831352,-16.806423187
1658137044.824914217,-1,-13,-3,1658137041.324922085,1658137044.724828005,86,23,1,-20.513806024,-1070.204229355,-221.764158726
1658137044.824914217,-5,-9,-4,1658137041.324922085,1658137044.724828005,32,22,1,-135.381578445,-268.361939430,-111.828038454
1658137044.824914217,-4,-10,-4,1658137041.324922085,1658137044.824914217,62,33,1,-201.311130762,-569.137202263,-213.540892124
1658137044.824914217,-3,-5,-6,1658137041.324922085,1658137042.424739361,5,5,1,-13.650239706,-24.732423782,-25.357758522
1658137044.824914217,-4,-9,-5,1658137041.324922085,1658137044.624745369,68,29,1,-245.637394667,-571.086649895,-286.656414986
1658137044.824914217,-3,-10,-5,1658137041.324922085,1658137044.724828005,21,18,1,-59.719339848,-193.234412193,-86.493845463
1658137044.824914217,-1,-11,-4,1658137041.324922085,1658137044.824914217,38,23,1,-13.695987329,-404.629171371,-126.164088726
1658137044.824914217,-5,-8,-6,1658137041.324922085,1658137044.824914217,48,28,1,-210.623532772,-363.970968246,-250.640517235
1658137044.824914217,0,-12,-5,1658137041.324922085,1658137044.824914217,108,30,1,8.079280563,-1238.750287056,-488.209445000
1658137044.824914217,0,-12,-6,1658137041.324922085,1658137044.824914217,85,26,1,6.638264664,-978.650811195,-466.380729198
1658137044.824914217,0,-11,-8,1658137041.324922085,1658137044.824914217,87,29,1,19.745946646,-916.037735939,-648.626804829
1658137044.824914217,-1,-2,9,1658137041.324922085,1658137044.824914217,57,16,1,-5.682314172,-81.834397912,542.511163712
1658137044.824914217,-1,-9,-8,1658137041.324922085,1658137044.124754429,33,18,1,-17.519743659,-281.413906097,-249.098974705
1658137044.824914217,0,-10,-9,1658137041.324922085,1658137044.824914217,84,29,1,28.778799653,-806.059390068,-716.296342850
1658137044.824914217,0,-4,-11,1658137041.324922085,1658137044.824914217,59,20,1,24.128816426,-204.627243042,-620.463205338
1658137044.824914217,-1,-8,-10,1658137041.324922085,1658137044.524908304,17,11,1,-2.636498290,-131.579157352,-156.399328232
1658137044.824914217,-1,2,8,1658137041.424759150,1658137044.624745369,73,17,1,-5.931291902,184.430361986,619.028984070
1658137044.824914217,-1,2,7,1658137041.424759150,1658137044.824914217,67,16,1,-5.915762543,165.367697716,503.235481262
1658137044.824914217,-1,4,2,1658137041.424759150,1658137043.824754000,3,3,1,-0.120606201,12.722895145,6.253317595
1658137044.824914217,0,7,0,1658137041.424759150,1658137044.824914217,54,17,1,17.081098974,405.530192852,27.999618419
1658137044.824914217,-1,-10,5,1658137041.424759150,1658137044.824914217,70,14,1,-22.618126079,-668.108921051,390.731423378
1658137044.824914217,-1,-11,5,1658137041.424759150,1658137044.724828005,49,15,1,-10.886739597,-512.900243759,272.269053936
1658137044.824914217,-1,-9,6,1658137041.424759150,1658137044.824914217,36,13,1,-6.625863552,-303.847168922,233.912369251
1658137044.824914217,-1,-11,4,1658137041.424759150,1658137044.724828005,56,15,1,-7.969462834,-587.998260498,253.926178455
1658137044.824914217,0,6,-3,1658137041.424759150,1658137044.824914217,71,22,1,27.894591957,458.744279861,-181.599068165
1658137044.824914217,0,6,-4,1658137041.424759150,1658137044.824914217,81,20,1,34.783791691,524.113864899,-283.574573040
1658137044.824914217,-1,-12,2,1658137041.424759150,1658137044.824914217,75,20,1,-16.617137700,-860.030982018,187.206674576
1658137044.824914217,0,5,-4,1658137041.424759150,1658137044.824914217,67,21,1,23.942225009,368.072769165,-229.838395119
1658137044.824914217,-1,-12,3,1658137041.424759150,1658137044.824914217,68,17,1,-12.437726811,-777.365025520,239.554349422
1658137044.824914217,0,5,-5,1658137041.424759150,1658137044.824914217,56,18,1,21.364967167,310.417260170,-248.177707195
1658137044.824914217,0,7,1,1658137041.424759150,1658137044.624745369,39,12,1,10.217547864,291.005803108,58.839580297
1658137044.824914217,-1,-10,-1,1658137041.424759150,1658137044.424809933,25,11,1,-1.221946900,-240.904298782,-5.430662602
1658137044.824914217,-1,-12,1,1658137041.424759150,1658137044.824914217,70,17,1,-13.889740683,-805.490585327,106.817559600
1658137044.824914217,-3,-5,-5,1658137041.424759150,1658137044.624745369,9,9,1,-19.320873976,-44.412230492,-43.230393887
1658137044.824914217,-2,-12,-3,1658137041.424759150,1658137044.224855900,23,15,1,-28.973791957,-265.405858994,-66.058415174
1658137044.824914217,-1,-12,-3,1658137041.424759150,1658137044.424809933,53,18,1,-15.958798875,-617.503812790,-143.323335648
1658137044.824914217,-1,1,9,1658137041.424759150,1658137044.824914217,57,21,1,-5.646842740,87.114331126,540.230517387
1658137044.824914217,-5,-9,-5,1658137041.424759150,1658137044.824914217,109,32,1,-493.580588341,-907.925464630,-484.073652744
1658137044.824914217,-2,-12,-4,1658137041.424759150,1658137044.724828005,62,26,1,-82.764813662,-717.983559608,-202.524844885
1658137044.824914217,-2,-5,-5,1658137041.424759150,1658137043.624813080,7,6,1,-12.815129519,-34.350037098,-33.821680069
1658137044.824914217,0,3,-9,1658137041.424759150,1658137044.624745369,63,17,1,28.696616709,223.620229006,-535.259626389
1658137044.824914217,0,0,-11,1658137041.424759150,1658137044.624745369,62,18,1,32.482483745,29.868854141,-649.183176994
1658137044.824914217,0,-11,-7,1658137041.424759150,1658137044.824914217,93,31,1,15.139286593,-972.898181915,-613.127239704
1658137044.824914217,0,-1,-11,1658137041.424759150,1658137044.824914217,86,21,1,35.462178543,-44.100421583,-904.279962540
1658137044.824914217,0,-10,-10,1658137041.424759150,1658137044.724828005,73,26,1,27.864281863,-696.146887779,-690.169620514
1658137044.824914217,0,-11,-6,1658137041.424759150,1658137044.724828005,43,22,1,5.074475780,-458.940153122,-234.502593517
1658137044.824914217,-1,2,9,1658137041.524841309,1658137044.624745369,51,16,1,-4.528700627,125.132842302,485.290041924
1658137044.824914217,-1,-2,10,1658137041.524841309,1658137044.824914217,70,19,1,-8.292253248,-107.336157084,735.178443909
1658137044.824914217,-1,-3,10,1658137041.524841309,1658137044.824914217,64,18,1,-6.648713574,-159.929523945,673.635828018
1658137044.824914217,-1,3,8,1658137041.524841309,1658137044.624745369,66,14,1,-19.312308054,229.743360519,562.667472839
1658137044.824914217,-1,3,7,1658137041.524841309,1658137044.824914217,72,13,1,-40.873668090,253.958762646,542.530194283
1658137044.824914217,-1,-3,9,1658137041.524841309,1658137044.824914217,48,14,1,-3.962721422,-118.680441856,455.155694008
1658137044.824914217,-1,3,5,1658137041.524841309,1658137044.824914217,23,14,1,-3.116317274,82.147942543,134.690522194
1658137044.824914217,-1,3,6,1658137041.524841309,1658137044.824914217,83,18,1,-42.677088678,294.870650053,546.099753857
1658137044.824914217,-1,-9,7,1658137041.524841309,1658137044.824914217,42,14,1,-9.192541525,-358.069621086,314.500046730
1658137044.824914217,-1,-10,7,1658137041.524841309,1658137044.824914217,46,13,1,-12.122147605,-438.818640709,343.132303715
1658137044.824914217,-1,-10,6,1658137041.524841309,1658137044.824914217,45,12,1,-13.242843553,-429.233949661,288.969910622
1658137044.824914217,-1,-11,6,1658137041.524841309,1658137044.324722767,39,11,1,-12.525345773,-404.942312241,254.417989254
1658137044.824914217,0,7,-1,1658137041.524841309,1658137044.824914217,57,16,1,19.141521126,424.493192196,-27.316924074
1658137044.824914217,-1,-9,1,1658137041.524841309,1658137044.824914217,49,23,1,-2.226027596,-431.084902763,74.565544963
1658137044.824914217,-1,-13,-1,1658137041.524841309,1658137044.424809933,31,8,1,-3.984059565,-385.213589668,-17.186831132
1658137044.824914217,-5,-10,-3,1658137041.524841309,1658137042.524814606,3,3,1,-12.094475746,-27.161280632,-8.282458782
1658137044.824914217,-1,-13,-2,1658137041.524841309,1658137044.724828005,49,12,1,-3.579171391,-612.656105042,-75.746758223
1658137044.824914217,0,-13,-4,1658137041.524841309,1658137044.224855900,25,15,1,0.788757149,-311.920303345,-96.871865749
1658137044.824914217,0,-13,-5,1658137041.524841309,1658137044.824914217,61,25,1,1.411644384,-755.870916367,-274.772005558
1658137044.824914217,0,-13,-6,1658137041.524841309,1658137044.824914217,54,22,1,1.672227008,-671.575726509,-296.078460217
1658137044.824914217,0,-10,-7,1658137041.524841309,1658137044.824914217,69,28,1,13.707860708,-655.662217140,-447.000649452
1658137044.824914217,0,-12,-7,1658137041.524841309,1658137044.724828005,60,22,1,7.218668677,-689.433186531,-389.625041962
1658137044.824914217,-2,-9,-8,1658137041.524841309,1658137044.724828005,46,25,1,-58.870604277,-392.655322075,-344.284278393
1658137044.824914217,-1,-10,-8,1658137041.524841309,1658137043.424738884,4,4,1,-0.799946398,-36.357611656,-30.838396072
1658137044.824914217,-1,-9,-9,1658137041.524841309,1658137044.024915218,10,8,1,-3.343193289,-83.239622116,-88.484846115
1658137044.824914217,0,-2,-12,1658137041.524841309,1658137044.824914217,67,20,1,34.025336474,-97.325984836,-770.635917664
1658137044.824914217,0,-5,-11,1658137041.524841309,1658137044.824914217,30,11,1,11.908592314,-133.327577591,-316.673985481
1658137044.824914217,0,-11,-9,1658137041.524841309,1658137044.824914217,67,22,1,19.067809492,-700.741509438,-567.917500496
1658137044.824914217,0,-3,-12,1658137041.524841309,1658137044.824914217,71,25,1,34.565779507,-175.613794088,-817.842811584
1658137044.824914217,0,-4,-12,1658137041.524841309,1658137044.824914217,73,25,1,31.787576824,-254.714639664,-839.713450432
1658137044.824914217,0,5,6,1658137041.624929428,1658137044.824914217,19,12,1,1.659963575,111.834770679,121.821923733
1658137044.824914217,-1,-5,9,1658137041.624929428,1658137044.624745369,53,14,1,-7.210059457,-238.679669380,507.314973831
1658137044.824914217,-1,5,6,1658137041.624929428,1658137044.824914217,56,18,1,-16.865114061,299.257011414,363.567209721
1658137044.824914217,-1,-6,9,1658137041.624929428,1658137044.624745369,56,17,1,-9.693392515,-310.419754505,528.386356354
1658137044.824914217,-1,-8,9,1658137041.624929428,1658137044.524908304,54,14,1,-13.983158797,-406.576571941,510.966521263
1658137044.824914217,-1,5,5,1658137041.624929428,1658137044.824914217,22,14,1,-5.719410367,114.382863045,125.284560204
1658137044.824914217,-1,4,5,1658137041.624929428,1658137044.824914217,32,18,1,-7.185510949,145.956755638,184.349674702
1658137044.824914217,-1,-7,8,1658137041.624929428,1658137044.824914217,68,17,1,-12.540822610,-443.705644608,580.439336777
1658137044.824914217,0,6,3,1658137041.624929428,1658137044.824914217,43,11,1,8.174579859,279.213337421,150.884231329
1658137044.824914217,-1,-8,7,1658137041.624929428,1658137044.024915218,50,12,1,-9.256210938,-378.928862572,376.787803650
1658137044.824914217,0,5,5,1658137041.624929428,1658137044.824914217,46,15,1,5.449470717,254.925563335,246.855784416
1658137044.824914217,0,6,-5,1658137041.624929428,1658137044.824914217,69,17,1,26.016110539,444.251700878,-310.748620510
1658137044.824914217,-2,-6,-2,1658137041.624929428,1658137044.824914217,10,10,1,-15.806201577,-58.841914177,-19.241062164
1658137044.824914217,-1,-13,0,1658137041.624929428,1658137044.824914217,43,14,1,-9.230763875,-535.520104408,22.531857968
1658137044.824914217,0,6,-6,1658137041.624929428,1658137044.624745369,56,16,1,23.742001131,363.689657211,-307.441475391
1658137044.824914217,-2,-6,-3,1658137041.624929428,1658137044.424809933,14,12,1,-19.303143978,-81.781834602,-34.819688797
1658137044.824914217,-1,-8,8,1658137041.624929428,1658137044.524908304,59,16,1,-13.469540447,-442.773017406,503.107439995
1658137044.824914217,-1,-4,6,1658137041.624929428,1658137042.924814939,6,4,1,-0.025110036,-20.864613533,41.159919739
1658137044.824914217,0,5,4,1658137041.624929428,1658137044.824914217,54,15,1,8.666641004,297.858793259,244.320225716
1658137044.824914217,-2,3,-6,1658137041.624929428,1658137043.724911451,2,2,1,-2.312303901,6.151524305,-10.830242157
1658137044.824914217,-1,4,6,1658137041.624929428,1658137044.824914217,60,20,1,-29.041017324,271.016703129,380.408588409
1658137044.824914217,0,6,5,1658137041.624929428,1658137044.824914217,62,19,1,8.491774820,403.632469654,340.963904858
1658137044.824914217,-1,-13,1,1658137041.624929428,1658137044.824914217,55,13,1,-12.454393610,-687.232260704,81.607285261
1658137044.824914217,0,-11,-5,1658137041.624929428,1658137044.724828005,50,25,1,6.217077352,-536.013776779,-227.606370926
1658137044.824914217,0,3,-10,1658137041.624929428,1658137044.424809933,41,11,1,19.846647233,142.828891039,-390.932362556
1658137044.824914217,0,2,-10,1658137041.624929428,1658137044.824914217,49,14,1,22.754101992,120.240106344,-468.299821854
1658137044.824914217,0,1,-10,1658137041.624929428,1658137044.624745369,43,14,1,20.219202220,64.972749114,-408.251008034
1658137044.824914217,0,2,-11,1658137041.624929428,1658137044.824914217,49,13,1,22.689565033,123.068869114,-513.098356247
1658137044.824914217,0,1,-11,1658137041.624929428,1658137044.624745369,66,16,1,30.188825399,99.220562100,-690.861951828
1658137044.824914217,0,4,5,1658137041.624929428,1658137044.824914217,33,13,1,3.070041832,149.905014515,174.524886131
1658137044.824914217,-1,-7,9,1658137041.624929428,1658137044.824914217,76,20,1,-16.749733314,-494.362226486,727.198048592
1658137044.824914217,0,6,4,1658137041.624929428,1658137044.824914217,55,16,1,9.381540045,356.038541317,248.128002167
1658137044.824914217,0,-12,-8,1658137041.624929428,1658137044.724828005,73,25,1,13.733878314,-837.667912483,-549.245590687
1658137044.824914217,0,-6,-11,1658137041.624929428,1658137044.824914217,39,11,1,15.987691641,-217.138957024,-409.316803932
1658137044.824914217,0,-5,-12,1658137041.624929428,1658137044.824914217,44,18,1,18.480867326,-196.033786774,-511.024017334
1658137044.824914217,1,3,-3,1658137041.724767923,1658137041.724767923,1,1,1,1.357697845,3.175010204,-2.782437325
1658137044.824914217,0,-13,-2,1658137041.724767923,1658137041.724767923,1,1,1,0.019950425,-12.007399559,-1.974469304
1658137044.824914217,-1,-11,-3,1658137041.724767923,1658137042.224861860,3,3,1,-0.325588949,-32.339658737,-8.895576239
1658137044.824914217,-3,-10,-4,1658137041.724767923,1658137044.724828005,6,5,1,-17.341505527,-54.809393883,-23.642798662
1658137044.824914217,0,-13,-7,1658137041.724767923,1658137044.824914217,53,17,1,4.273287162,-660.362833977,-340.948059082
1658137044.824914217,-1,0,11,1658137041.824869633,1658137044.824914217,57,17,1,-9.189426973,26.802799495,655.987962723
1658137044.824914217,-1,1,10,1658137041.824869633,1658137044.824914217,56,15,1,-6.805279844,85.632114530,589.573747635
1658137044.824914217,-1,-1,10,1658137041.824869633,1658137044.724828005,57,15,1,-7.520908423,-27.170383647,599.866839409
1658137044.824914217,0,8,-1,1658137041.824869633,1658137044.824914217,58,15,1,19.995924890,489.278586388,-30.623741534
1658137044.824914217,0,7,-2,1658137041.824869633,1658137044.824914217,69,15,1,18.924789254,514.098749161,-105.405439138
1658137044.824914217,0,7,-4,1658137041.824869633,1658137044.824914217,58,16,1,25.941740900,435.479870796,-201.494833708
1658137044.824914217,-1,0,10,1658137041.824869633,1658137044.824914217,47,13,1,-6.337313794,23.663515657,493.698199272
1658137044.824914217,0,5,-6,1658137041.824869633,1658137044.624745369,40,12,1,16.888103426,219.602969170,-220.978220940
1658137044.824914217,-1,-7,-2,1658137041.824869633,1658137042.524814606,2,2,1,-1.493357301,-12.784713268,-3.889770389
1658137044.824914217,0,5,-8,1658137041.824869633,1658137044.624745369,47,14,1,18.762170598,258.397023201,-351.485335350
1658137044.824914217,0,4,-8,1658137041.824869633,1658137044.624745369,66,16,1,28.623630643,297.658647537,-492.172125816
1658137044.824914217,1,-3,-1,1658137041.824869633,1658137041.824869633,1,1,1,1.720250726,-2.933552980,-0.877680838
1658137044.824914217,-1,3,-7,1658137041.824869633,1658137041.824869633,1,1,1,-0.179667413,3.293351889,-6.006508350
1658137044.824914217,0,7,-3,1658137041.824869633,1658137044.824914217,55,17,1,21.565487996,411.241023540,-135.721842051
1658137044.824914217,0,5,-7,1658137041.824869633,1658137044.624745369,49,13,1,20.708959371,270.046386242,-320.878941536
1658137044.824914217,-1,-13,-4,1658137041.824869633,1658137044.724828005,35,20,1,-16.638153061,-439.069828987,-118.146887541
1658137044.824914217,-1,-14,-4,1658137041.824869633,1658137044.424809933,67,17,1,-12.731083165,-903.935467720,-231.703100920
1658137044.824914217,0,8,-2,1658137041.824869633,1658137044.624745369,52,12,1,19.923273116,440.853328705,-76.348519683
1658137044.824914217,0,6,-7,1658137041.824869633,1658137044.624745369,42,13,1,20.158868372,272.259979248,-271.322283745
1658137044.824914217,-1,-13,-5,1658137041.824869633,1658137044.624745369,29,19,1,-0.441865983,-370.080674171,-131.074109554
1658137044.824914217,-1,-14,-5,1658137041.824869633,1658137044.624745369,69,22,1,-3.447565142,-926.156953812,-310.688657284
1658137044.824914217,-1,-13,-6,1658137041.824869633,1658137044.624745369,6,5,1,-0.067144367,-77.096271515,-31.735569000
1658137044.824914217,-1,-1,11,1658137041.824869633,1658137044.724828005,58,17,1,-9.064957425,-31.180720903,667.181807518
1658137044.824914217,-1,-8,-9,1658137041.824869633,1658137043.124729633,2,2,1,-0.092244059,-15.792450905,-17.931017876
1658137044.824914217,0,-11,-10,1658137041.824869633,1658137044.824914217,63,20,1,20.529472530,-661.655422211,-597.975053787
1658137044.824914217,-1,-4,11,1658137041.924714327,1658137044.824914217,42,14,1,-6.042686611,-145.160030365,481.234869957
1658137044.824914217,-1,4,8,1658137041.924714327,1658137044.824914217,54,13,1,-22.117703762,246.947701931,458.030673027
1658137044.824914217,-1,-4,10,1658137041.924714327,1658137044.824914217,53,16,1,-6.088817090,-184.555807829,554.171822548
1658137044.824914217,-2,4,6,1658137041.924714327,1658137044.824914217,67,24,1,-85.251887321,298.080720901,451.756994247
1658137044.824914217,-3,4,6,1658137041.924714327,1658137044.124754429,32,18,1,-78.320237398,139.709226608,216.912330627
1658137044.824914217,-1,-9,8,1658137041.924714327,1658137043.924834490,49,12,1,-12.869114593,-414.410826683,418.096554756
1658137044.824914217,-1,-10,8,1658137041.924714327,1658137044.824914217,47,14,1,-14.403459206,-447.130075455,400.241467476
1658137044.824914217,0,7,2,1658137041.924714327,1658137044.624745369,38,12,1,7.795368932,287.964342594,95.282713413
1658137044.824914217,-1,-11,7,1658137041.924714327,1658137044.224855900,35,10,1,-10.990699887,-365.964491844,265.262752056
1658137044.824914217,0,8,1,1658137041.924714327,1658137044.624745369,52,11,1,12.032564066,438.975101471,75.930343032
1658137044.824914217,-1,5,1,1658137041.924714327,1658137041.924714327,1,1,1,-0.079334810,5.001907825,1.832579732
1658137044.824914217,-1,-5,3,1658137041.924714327,1658137041.924714327,1,1,1,-0.309270918,-4.947199345,3.998816729
1658137044.824914217,-2,4,7,1658137041.924714327,1658137044.824914217,61,17,1,-83.411059022,265.970139027,449.336947441
1658137044.824914217,-1,4,9,1658137041.924714327,1658137044.624745369,54,14,1,-2.432678415,241.878913403,511.710239410
1658137044.824914217,0,8,2,1658137041.924714327,1658137044.624745369,37,12,1,7.786132008,314.502491951,93.128573418
1658137044.824914217,-1,-2,11,1658137041.924714327,1658137044.824914217,57,20,1,-8.019891918,-85.418798208,655.467041969
1658137044.824914217,0,6,-8,1658137041.924714327,1658137044.624745369,58,14,1,26.895447522,376.138014317,-432.535899162
1658137044.824914217,-1,3,9,1658137041.924714327,1658137044.624745369,53,16,1,-4.355289884,181.503043175,504.765583992
1658137044.824914217,0,8,0,1658137041.924714327,1658137044.824914217,58,13,1,13.828606024,492.356241226,30.803333525
1658137044.824914217,-1,-14,-2,1658137041.924714327,1658137044.424809933,20,7,1,-3.116138794,-270.022789001,-30.208676577
1658137044.824914217,-1,5,7,1658137041.924714327,1658137044.824914217,52,17,1,-17.080186692,288.512673855,384.985047340
1658137044.824914217,-2,-5,-6,1658137041.924714327,1658137044.224855900,5,5,1,-9.316600084,-24.734020710,-25.243440151
1658137044.824914217,-1,-5,4,1658137041.924714327,1658137042.524814606,2,2,1,-0.926456362,-9.837625027,8.327795506
1658137044.824914217,0,5,-9,1658137041.924714327,1658137044.624745369,48,12,1,24.123608261,262.181143284,-408.435280800
1658137044.824914217,0,4,-9,1658137041.924714327,1658137044.624745369,55,14,1,25.394169778,249.299812794,-466.298139572
1658137044.824914217,-1,-14,-3,1658137041.924714327,1658137044.424809933,44,11,1,-6.678835463,-590.983846664,-111.796451807
1658137044.824914217,-1,-3,11,1658137041.924714327,1658137044.824914217,63,16,1,-8.043093741,-157.099404573,727.223438263
1658137044.824914217,0,0,-12,1658137041.924714327,1658137044.824914217,65,19,1,35.341286719,34.888763532,-747.686278343
1658137044.824914217,0,-12,-9,1658137041.924714327,1658137044.724828005,47,16,1,10.660467461,-538.748251915,-401.646845818
1658137044.824914217,0,-1,-12,1658137041.924714327,1658137044.824914217,68,18,1,34.788414538,-32.345412698,-783.010735512
1658137044.824914217,0,-1,-13,1658137041.924714327,1658137044.824914217,68,19,1,36.553395450,-38.504516587,-848.754133224
1658137044.824914217,0,-4,-13,1658137041.924714327,1658137044.824914217,69,26,1,30.342397101,-241.607100248,-863.116961479
1658137044.824914217,0,-2,-13,1658137041.924714327,1658137044.824914217,80,21,1,41.608867019,-123.534498930,-1000.598613739
1658137044.824914217,0,-3,-13,1658137041.924714327,1658137044.824914217,70,23,1,33.624669522,-182.126863241,-874.853999138
1658137044.824914217,0,6,8,1658137042.024935007,1658137044.824914217,54,16,1,3.153061397,354.182449341,459.290150642
1658137044.824914217,0,6,6,1658137042.024935007,1658137044.824914217,59,17,1,6.635099664,387.975969791,383.760531425
1658137044.824914217,-1,8,4,1658137042.024935007,1658137044.824914217,62,15,1,-9.296899636,526.648749352,279.223883629
1658137044.824914217,-1,-10,9,1658137042.024935007,1658137044.824914217,47,14,1,-15.998650402,-445.295640945,443.026685715
1658137044.824914217,0,8,3,1658137042.024935007,1658137044.824914217,38,13,1,5.943652264,322.611492157,130.762474060
1658137044.824914217,-1,-9,9,1658137042.024935007,1658137044.524908304,54,14,1,-16.252774715,-459.978351593,512.796019554
1658137044.824914217,0,7,4,1658137042.024935007,1658137044.824914217,55,14,1,6.515095928,411.309293270,250.152184486
1658137044.824914217,-2,-13,-3,1658137042.024935007,1658137043.024902582,7,5,1,-7.973962188,-84.675185204,-20.336024761
1658137044.824914217,0,6,7,1658137042.024935007,1658137044.824914217,63,15,1,5.632021184,409.067529678,474.264876842
1658137044.824914217,-1,-14,-6,1658137042.024935007,1658137044.624745369,56,17,1,-1.670280352,-759.915486336,-307.492303371
1658137044.824914217,-1,5,8,1658137042.024935007,1658137044.824914217,19,14,1,-4.200102398,106.749459743,160.307271957
1658137044.824914217,-4,-7,-7,1658137042.024935007,1658137042.024935007,1,1,1,-3.359731436,-6.959202290,-6.021046162
1658137044.824914217,0,2,-12,1658137042.024935007,1658137044.824914217,54,16,1,28.695038855,130.476395369,-621.168766022
1658137044.824914217,0,-13,-8,1658137042.024935007,1658137044.724828005,51,15,1,7.346677355,-635.667055130,-383.476328373
1658137044.824914217,0,7,3,1658137042.024935007,1658137044.824914217,51,13,1,9.305578958,381.784591675,180.970654011
1658137044.824914217,0,1,-12,1658137042.024935007,1658137044.624745369,66,17,1,37.473308563,96.963940740,-760.024007797
1658137044.824914217,-1,-9,-10,1658137042.024935007,1658137044.624745369,11,9,1,-3.169224506,-93.016641617,-100.224204063
1658137044.824914217,0,1,-13,1658137042.024935007,1658137044.824914217,61,20,1,35.209130943,89.148324609,-762.529227257
1658137044.824914217,0,0,-13,1658137042.024935007,1658137044.824914217,74,20,1,42.185475588,36.133676620,-925.016043663
1658137044.824914217,0,-9,-11,1658137042.024935007,1658137044.724828005,48,18,1,21.682560802,-407.579678535,-508.440737724
1658137044.824914217,0,-10,-11,1658137042.024935007,1658137044.824914217,56,15,1,23.914560258,-529.661024094,-588.019022942
1658137044.824914217,0,-11,-11,1658137042.024935007,1658137044.824914217,50,16,1,18.712907612,-522.252351761,-522.185811996
1658137044.824914217,-1,5,9,1658137042.124760151,1658137044.624745369,40,16,1,-0.568969991,216.076299667,384.102420807
1658137044.824914217,0,5,8,1658137042.124760151,1658137044.324722767,4,4,1,0.090499886,22.238708496,35.882663727
1658137044.824914217,-3,4,7,1658137042.124760151,1658137044.324722767,41,19,1,-101.383038282,180.016382694,303.351712227
1658137044.824914217,-4,-6,-2,1658137042.124760151,1658137042.124760151,1,1,1,-3.353665352,-5.597143173,-1.999350667
1658137044.824914217,-1,4,7,1658137042.124760151,1658137044.824914217,12,8,1,-10.994642973,53.408915043,93.697656155
1658137044.824914217,0,7,-5,1658137042.124760151,1658137044.824914217,66,15,1,26.028911412,493.208885193,-296.685710907
1658137044.824914217,0,6,-9,1658137042.124760151,1658137044.624745369,58,14,1,30.498409063,378.217441559,-490.984514236
1658137044.824914217,0,-8,-7,1658137042.124760151,1658137044.724828005,32,20,1,9.862547547,-238.580495834,-216.244524479
1658137044.824914217,0,-13,-9,1658137042.124760151,1658137044.724828005,59,16,1,11.192494348,-733.587865829,-499.266397476
1658137044.824914217,0,-12,-10,1658137042.124760151,1658137044.524908304,40,13,1,10.565860450,-461.093887329,-381.310962677
1658137044.824914217,0,7,6,1658137042.224861860,1658137044.824914217,45,15,1,4.602304054,337.416840553,293.113408089
1658137044.824914217,-1,-7,10,1658137042.224861860,1658137044.824914217,55,17,1,-13.998306975,-355.524426460,580.346436501
1658137044.824914217,-1,-8,10,1658137042.224861860,1658137044.624745369,60,14,1,-17.748846799,-449.475114346,628.242962837
1658137044.824914217,-1,7,5,1658137042.224861860,1658137044.824914217,3,3,1,-0.103098332,23.761923313,16.041763783
1658137044.824914217,0,7,5,1658137042.224861860,1658137044.824914217,51,15,1,6.713869529,382.706574917,279.590591431
1658137044.824914217,0,8,4,1658137042.224861860,1658137044.824914217,13,10,1,0.454110626,106.682814598,56.908548832
1658137044.824914217,-1,8,3,1658137042.224861860,1658137044.824914217,14,11,1,-1.564251412,119.952216148,54.212382555
1658137044.824914217,-1,7,3,1658137042.224861860,1658137043.624813080,2,2,1,-0.092945587,15.197885513,7.856351852
1658137044.824914217,-1,-5,10,1658137042.224861860,1658137044.624745369,44,12,1,-7.295498237,-198.256970406,464.965269089
1658137044.824914217,-1,-8,3,1658137042.224861860,1658137044.824914217,33,16,1,-0.440720165,-255.153279305,116.415203810
1658137044.824914217,-1,-6,10,1658137042.224861860,1658137044.624745369,47,15,1,-9.895576879,-259.307250023,492.092902184
1658137044.824914217,-1,-7,11,1658137042.224861860,1658137044.824914217,51,16,1,-14.314193726,-329.972317696,587.488154411
1658137044.824914217,-1,8,5,1658137042.224861860,1658137044.824914217,42,15,1,-2.771544814,358.028263092,228.817767143
1658137044.824914217,-1,-5,11,1658137042.224861860,1658137044.624745369,41,12,1,-7.853214845,-184.381478310,472.535144806
1658137044.824914217,0,3,-11,1658137042.224861860,1658137044.624745369,44,14,1,22.510760486,154.996657133,-463.488404274
1658137044.824914217,-4,4,6,1658137042.224861860,1658137044.824914217,25,20,1,-77.614254713,109.288274288,170.142521858
1658137044.824914217,0,8,5,1658137042.224861860,1658137044.824914217,22,13,1,1.026694801,185.114599228,121.084995747
1658137044.824914217,0,2,-13,1658137042.224861860,1658137044.824914217,52,16,1,29.218203068,130.495388031,-653.264620781
1658137044.824914217,-1,7,4,1658137042.224861860,1658137044.424809933,8,5,1,-0.465725662,60.993383884,35.099008083
1658137044.824914217,-1,-6,11,1658137042.224861860,1658137044.824914217,46,14,1,-11.225565419,-255.795043468,530.568189621
1658137044.824914217,-2,-4,-12,1658137042.224861860,1658137044.424809933,12,11,1,-16.422986984,-43.009348869,-143.086199760
1658137044.824914217,-2,-3,-13,1658137042.224861860,1658137044.824914217,58,23,1,-89.709061742,-158.211817503,-735.375563622
1658137044.824914217,0,-4,-14,1658137042.224861860,1658137044.224855900,10,9,1,4.600741386,-32.099054575,-131.297322273
1658137044.824914217,0,3,-12,1658137042.224861860,1658137044.624745369,43,13,1,23.100249231,146.149240971,-495.062952042
1658137044.824914217,-1,1,12,1658137042.324903250,1658137044.824914217,48,14,1,-7.294761635,74.065608263,600.776970863
1658137044.824914217,-1,1,11,1658137042.324903250,1658137044.824914217,50,15,1,-7.253908098,74.171549082,576.502237320
1658137044.824914217,-1,-1,12,1658137042.324903250,1658137044.824914217,66,19,1,-11.097246170,-32.105582463,825.486451149
1658137044.824914217,-1,5,10,1658137042.324903250,1658137044.824914217,40,15,1,-0.726448084,221.186021328,420.535379410
1658137044.824914217,-1,4,10,1658137042.324903250,1658137044.624745369,48,12,1,-2.432819549,218.555115223,502.560021400
1658137044.824914217,-1,3,10,1658137042.324903250,1658137044.624745369,51,14,1,-4.351464838,176.559155941,537.379650116
1658137044.824914217,-1,-3,12,1658137042.324903250,1658137044.824914217,47,16,1,-6.468220174,-116.118259430,589.908540726
1658137044.824914217,-1,-6,12,1658137042.324903250,1658137044.824914217,52,14,1,-13.759558067,-288.273284912,650.474688530
1658137044.824914217,-4,4,7,1658137042.324903250,1658137044.824914217,40,17,1,-126.532951355,178.802435398,295.140647888
1658137044.824914217,-1,2,10,1658137042.324903250,1658137044.624745369,49,15,1,-5.156857565,126.261766434,511.846004486
1658137044.824914217,-1,-11,9,1658137042.324903250,1658137043.824754000,45,12,1,-17.014149278,-469.789709091,427.961663246
1658137044.824914217,0,9,2,1658137042.324903250,1658137044.824914217,43,10,1,10.625170805,409.996325493,105.899253130
1658137044.824914217,-1,-11,8,1658137042.324903250,1658137044.824914217,41,12,1,-14.183627993,-430.129418373,347.985939980
1658137044.824914217,-1,-5,5,1658137042.324903250,1658137043.124729633,2,2,1,-0.014208179,-9.817813873,11.616436005
1658137044.824914217,-1,-12,7,1658137042.324903250,1658137044.424809933,29,9,1,-10.552130938,-333.996870995,216.595099449
1658137044.824914217,0,9,3,1658137042.324903250,1658137044.824914217,40,11,1,4.972205331,380.789007187,139.780467749
1658137044.824914217,-1,-12,6,1658137042.324903250,1658137044.724828005,46,12,1,-15.867063165,-531.829276085,295.340775490
1658137044.824914217,-1,-12,5,1658137042.324903250,1658137044.724828005,50,13,1,-11.206668809,-575.799567223,271.619312286
1658137044.824914217,0,9,-2,1658137042.324903250,1658137044.624745369,48,13,1,12.084317721,454.643680573,-71.611870527
1658137044.824914217,-1,-12,4,1658137042.324903250,1658137044.724828005,54,14,1,-10.024137348,-622.099270821,242.817460537
1658137044.824914217,0,9,-3,1658137042.324903250,1658137044.824914217,43,11,1,16.824847609,403.983325958,-110.513619661
1658137044.824914217,0,8,-4,1658137042.324903250,1658137044.824914217,61,15,1,28.448794782,520.674171448,-214.622609138
1658137044.824914217,-1,-4,12,1658137042.324903250,1658137044.824914217,44,12,1,-7.441215336,-154.448311567,548.700206757
1658137044.824914217,-5,-8,-1,1658137042.324903250,1658137042.324903250,1,1,1,-4.205533028,-7.190950871,-0.951745450
1658137044.824914217,0,8,-5,1658137042.324903250,1658137044.824914217,44,12,1,20.868115008,373.615966797,-196.711417675
1658137044.824914217,0,7,-7,1658137042.324903250,1658137044.624745369,41,11,1,19.267372340,306.603960991,-267.242671013
1658137044.824914217,0,7,-8,1658137042.324903250,1658137044.624745369,45,13,1,23.914171159,336.725263119,-338.539805889
1658137044.824914217,0,7,-9,1658137042.324903250,1658137044.624745369,48,13,1,26.458016157,358.781040192,-410.565979958
1658137044.824914217,-2,-13,-4,1658137042.324903250,1658137042.324903250,1,1,1,-1.729368687,-12.024952888,-3.177535772
1658137044.824914217,-1,0,12,1658137042.324903250,1658137044.824914217,52,16,1,-8.895748779,26.982996350,650.211121559
1658137044.824914217,0,4,-10,1658137042.324903250,1658137044.624745369,39,14,1,19.603284597,175.294312954,-368.477723122
1658137044.824914217,0,5,-10,1658137042.324903250,1658137044.624745369,36,12,1,19.073596865,197.913701057,-343.300271988
1658137044.824914217,-1,-5,12,1658137042.324903250,1658137044.824914217,42,13,1,-8.991690487,-189.351094246,526.042485237
1658137044.824914217,0,-9,-7,1658137042.324903250,1658137044.724828005,18,15,1,4.650388479,-153.761722565,-122.729312897
1658137044.824914217,0,7,-6,1658137042.324903250,1658137044.624745369,45,12,1,20.048492402,337.473534584,-247.240392685
1658137044.824914217,-1,-15,-6,1658137042.324903250,1658137044.624745369,35,14,1,-2.710832644,-508.784236908,-190.981297493
1658137044.824914217,-1,2,11,1658137042.324903250,1658137044.624745369,52,12,1,-7.235865682,130.585754633,597.729716301
1658137044.824914217,0,8,-3,1658137042.324903250,1658137044.824914217,55,15,1,22.548867077,468.142321587,-138.340261459
1658137044.824914217,0,5,9,1658137042.324903250,1658137044.824914217,23,14,1,0.260200165,131.101428986,216.989506721
1658137044.824914217,0,0,-14,1658137042.324903250,1658137044.824914217,70,18,1,41.109747291,37.849063165,-945.355950356
1658137044.824914217,-2,-4,-13,1658137042.324903250,1658137044.824914217,85,25,1,-131.401796341,-294.926618338,-1053.985141754
1658137044.824914217,0,-7,-11,1658137042.324903250,1658137044.824914217,36,9,1,15.159734845,-234.328146458,-377.258362770
1658137044.824914217,0,-8,-11,1658137042.324903250,1658137044.524908304,35,11,1,15.555134952,-261.625233173,-365.364613533
1658137044.824914217,0,-1,-14,1658137042.324903250,1658137044.824914217,64,17,1,36.401009262,-29.724456015,-863.416983604
1658137044.824914217,0,-6,-12,1658137042.324903250,1658137044.824914217,36,10,1,15.451971740,-200.236825943,-412.916428566
1658137044.824914217,0,-5,-13,1658137042.324903250,1658137044.824914217,70,23,1,31.145745695,-310.030873299,-878.813968658
1658137044.824914217,-2,-5,-13,1658137042.324903250,1658137044.824914217,42,23,1,-64.331893444,-180.349328995,-520.007710457
1658137044.824914217,-1,-12,8,1658137042.324903250,1658137044.224855900,27,9,1,-10.532737166,-310.206659317,228.684476852
1658137044.824914217,0,-7,-12,1658137042.324903250,1658137044.824914217,33,10,1,14.745538116,-217.197957516,-380.519026756
1658137044.824914217,0,-8,-12,1658137042.324903250,1658137044.024915218,26,8,1,12.101785779,-193.981293201,-296.189565659
1658137044.824914217,0,-5,-14,1658137042.324903250,1658137044.824914217,50,23,1,23.372764528,-231.714836597,-668.375379562
1658137044.824914217,0,-6,-13,1658137042.324903250,1658137044.824914217,34,10,1,15.378773242,-184.629060268,-424.066732407
1658137044.824914217,0,-7,-14,1658137042.324903250,1658137044.724828005,23,8,1,11.302218795,-149.329308033,-309.466235161
1658137044.824914217,0,-7,-13,1658137042.324903250,1658137044.824914217,32,9,1,14.966554999,-206.839766979,-400.265836716
1658137044.824914217,0,-6,-14,1658137042.324903250,1658137044.824914217,39,12,1,18.629094690,-214.165565968,-526.522584915
1658137044.824914217,-1,-2,12,1658137042.424739361,1658137044.824914217,64,16,1,-9.710362509,-98.704728484,798.380934715
1658137044.824914217,0,-1,8,1658137042.424739361,1658137042.424739361,1,1,1,0.279921621,-0.735741973,8.550186157
1658137044.824914217,0,-14,-5,1658137042.424739361,1658137042.424739361,1,1,1,0.002172875,-13.031044960,-4.994971275
1658137044.824914217,0,-14,-6,1658137042.424739361,1658137044.424809933,7,6,1,0.048742310,-92.013321877,-39.557692051
1658137044.824914217,0,-14,-7,1658137042.424739361,1658137044.824914217,53,16,1,2.196716995,-713.395246506,-346.294471264
1658137044.824914217,0,6,9,1658137042.524814606,1658137044.824914217,61,19,1,1.892724137,394.577584267,580.463517189
1658137044.824914217,-1,6,8,1658137042.524814606,1658137043.424738884,7,6,1,-1.269665711,42.724472046,58.408886909
1658137044.824914217,0,8,7,1658137042.524814606,1658137044.824914217,14,8,1,0.520151904,117.185159683,107.004355907
1658137044.824914217,0,7,7,1658137042.524814606,1658137044.824914217,60,14,1,5.240337548,448.170617580,450.764956951
1658137044.824914217,-1,6,7,1658137042.524814606,1658137042.624909639,3,2,1,-0.422875211,18.078960896,22.077346802
1658137044.824914217,-1,-8,11,1658137042.524814606,1658137044.624745369,50,13,1,-16.199224621,-372.778675556,574.639149666
1658137044.824914217,0,8,6,1658137042.524814606,1658137044.324722767,8,5,1,0.178015018,66.162732124,50.562206268
1658137044.824914217,-1,-9,11,1658137042.524814606,1658137044.624745369,49,13,1,-18.129012674,-415.831064224,561.054986000
1658137044.824914217,0,7,8,1658137042.524814606,1658137044.824914217,54,15,1,3.632604622,404.298743248,458.591896057
1658137044.824914217,-1,-10,10,1658137042.524814606,1658137044.824914217,50,13,1,-19.130100548,-475.908998489,525.295754433
1658137044.824914217,-1,-12,9,1658137042.524814606,1658137043.724911451,27,8,1,-11.407220572,-310.452696800,253.498775482
1658137044.824914217,-1,-9,10,1658137042.524814606,1658137044.524908304,44,12,1,-15.091357350,-374.632466316,463.226872444
1658137044.824914217,-1,9,1,1658137042.524814606,1658137042.524814606,1,1,1,-0.039424501,9.116927147,1.449754119
1658137044.824914217,0,9,1,1658137042.524814606,1658137044.824914217,37,10,1,7.664263017,348.879407883,54.276547790
1658137044.824914217,-1,-13,7,1658137042.524814606,1658137044.624745369,31,10,1,-12.543986797,-386.551256180,232.583335876
1658137044.824914217,0,9,0,1658137042.524814606,1658137044.824914217,29,9,1,7.733878896,277.176742554,14.766177937
1658137044.824914217,0,9,-1,1658137042.524814606,1658137044.824914217,40,9,1,10.784666821,378.906029701,-20.477053795
1658137044.824914217,-1,-13,5,1658137042.524814606,1658137044.724828005,37,11,1,-12.312541172,-458.745958328,203.313714981
1658137044.824914217,-1,-13,3,1658137042.524814606,1658137044.624745369,51,12,1,-13.706839070,-636.511093140,176.597445726
1658137044.824914217,-1,9,-2,1658137042.524814606,1658137044.024915218,2,2,1,-0.054448281,18.972919464,-2.386852026
1658137044.824914217,-1,-13,4,1658137042.524814606,1658137044.724828005,44,11,1,-12.729283109,-548.176932335,197.444274426
1658137044.824914217,-1,8,7,1658137042.524814606,1658137044.824914217,34,12,1,-3.880404789,291.965357780,251.917124271
1658137044.824914217,-1,-13,6,1658137042.524814606,1658137044.724828005,39,11,1,-14.411127865,-487.457489967,252.414479256
1658137044.824914217,0,-11,-4,1658137042.524814606,1658137044.824914217,27,19,1,2.592732990,-286.022886276,-96.271438360
1658137044.824914217,-4,-9,-6,1658137042.524814606,1658137043.424738884,5,4,1,-16.477126360,-40.148697853,-26.196698666
1658137044.824914217,-10,-5,-1,1658137042.524814606,1658137042.524814606,1,1,1,-9.665487289,-4.465433598,-0.483452797
1658137044.824914217,-1,8,1,1658137042.524814606,1658137042.524814606,1,1,1,-0.025785595,8.837954521,1.757668257
1658137044.824914217,-1,8,6,1658137042.524814606,1658137044.824914217,50,11,1,-4.369229207,423.853099823,324.787744999
1658137044.824914217,-1,-3,-14,1658137042.524814606,1658137042.924814939,4,4,1,-3.247249961,-11.368503809,-52.686820984
1658137044.824914217,0,-3,-14,1658137042.524814606,1658137044.824914217,64,22,1,31.504771799,-154.478522778,-858.979084969
1658137044.824914217,0,6,10,1658137042.624909639,1658137044.824914217,37,16,1,0.438314025,239.659611702,384.964267731
1658137044.824914217,-1,6,10,1658137042.624909639,1658137044.724828005,19,12,1,-0.265537757,122.350241661,202.333465576
1658137044.824914217,-1,-11,10,1658137042.624909639,1658137044.524908304,35,11,1,-14.571803570,-366.244517326,367.763553619
1658137044.824914217,0,7,9,1658137042.624909639,1658137044.824914217,44,13,1,2.064681009,328.796028137,414.923576355
1658137044.824914217,0,7,-10,1658137042.624909639,1658137044.624745369,36,13,1,20.917385638,267.612865448,-342.142054558
1658137044.824914217,0,6,-10,1658137042.624909639,1658137044.624745369,42,13,1,23.398176432,274.959745884,-397.690332413
1658137044.824914217,0,6,-11,1658137042.624909639,1658137044.624745369,37,11,1,21.035624027,243.479502678,-390.429788589
1658137044.824914217,0,4,-11,1658137042.624909639,1658137044.624745369,43,12,1,23.116882056,196.492566586,-453.374651909
1658137044.824914217,0,4,-12,1658137042.624909639,1658137044.624745369,38,11,1,21.626564562,170.211020470,-439.975868225
1658137044.824914217,0,5,-11,1658137042.624909639,1658137044.624745369,33,10,1,18.064947367,183.536885738,-348.281932831
1658137044.824914217,0,4,-13,1658137042.624909639,1658137044.624745369,42,12,1,24.693212330,189.050219536,-523.122340202
1658137044.824914217,-1,-14,-7,1658137042.624909639,1658137044.724828005,11,7,1,-0.286721819,-149.418557167,-72.362075329
1658137044.824914217,0,3,-13,1658137042.624909639,1658137044.824914217,47,14,1,26.491538346,163.743556738,-587.245695114
1658137044.824914217,0,-14,-8,1658137042.624909639,1658137044.824914217,53,14,1,4.480579794,-716.351733208,-398.692484856
1658137044.824914217,0,-14,-9,1658137042.624909639,1658137044.824914217,52,14,1,6.976312146,-703.864443779,-444.689496994
1658137044.824914217,-3,-5,-13,1658137042.624909639,1658137044.824914217,77,22,1,-188.856698275,-334.049901009,-966.268186569
1658137044.824914217,-3,-4,-13,1658137042.624909639,1658137044.824914217,61,21,1,-135.278874159,-218.977100372,-773.461183548
1658137044.824914217,0,-13,-10,1658137042.624909639,1658137044.824914217,54,14,1,11.978093967,-676.274078369,-511.986381531
1658137044.824914217,0,-14,-10,1658137042.624909639,1658137044.824914217,47,13,1,8.528743044,-632.179779053,-446.834531784
1658137044.824914217,0,-8,-13,1658137042.624909639,1658137044.724828005,19,7,1,9.330411464,-142.650562286,-235.646530151
1658137044.824914217,0,-6,-15,1658137042.624909639,1658137044.824914217,30,12,1,14.813673526,-161.902726650,-431.188893318
1658137044.824914217,-1,-6,13,1658137042.724750757,1658137044.824914217,48,12,1,-12.908066526,-264.912147999,645.701178551
1658137044.824914217,0,8,8,1658137042.724750757,1658137044.824914217,27,9,1,1.160227527,229.126029968,227.819447517
1658137044.824914217,-1,8,8,1658137042.724750757,1658137044.824914217,11,7,1,-0.791160919,92.670486450,95.785767555
1658137044.824914217,-1,-8,12,1658137042.724750757,1658137044.624745369,44,10,1,-15.494520217,-329.956926346,549.374864578
1658137044.824914217,-1,-10,11,1658137042.724750757,1658137044.824914217,41,13,1,-16.748756289,-388.711616516,469.143135071
1658137044.824914217,-1,-5,13,1658137042.724750757,1658137044.824914217,49,11,1,-14.395314232,-219.092479706,662.726837158
1658137044.824914217,0,9,4,1658137042.724750757,1658137044.824914217,33,11,1,4.500503494,318.586959839,148.480643272
1658137044.824914217,-1,9,4,1658137042.724750757,1658137044.824914217,20,10,1,-1.836523208,184.396876335,89.981214523
1658137044.824914217,-1,-7,12,1658137042.724750757,1658137044.824914217,44,13,1,-13.431185871,-286.444527626,549.303118706
1658137044.824914217,-1,-9,12,1658137042.724750757,1658137044.824914217,39,10,1,-15.477098495,-329.899398804,486.269390106
1658137044.824914217,-1,-8,2,1658137042.724750757,1658137043.824754000,4,4,1,-0.031539045,-31.618680954,11.602135181
1658137044.824914217,0,9,-4,1658137042.724750757,1658137044.824914217,47,11,1,24.530377418,446.143570900,-165.325369835
1658137044.824914217,-1,-13,2,1658137042.724750757,1658137044.824914217,54,14,1,-13.008044735,-673.764914513,131.507713795
1658137044.824914217,0,9,-6,1658137042.724750757,1658137044.624745369,38,12,1,13.889632504,360.624747276,-208.771210670
1658137044.824914217,-1,-14,1,1658137042.724750757,1658137044.824914217,44,14,1,-11.316207930,-592.685985565,66.869531035
1658137044.824914217,0,8,-6,1658137042.724750757,1658137044.624745369,41,10,1,20.118184775,349.602813721,-225.477894306
1658137044.824914217,-1,-14,0,1658137042.724750757,1658137044.824914217,35,10,1,-7.584748507,-472.072291374,19.818657579
1658137044.824914217,-1,-15,0,1658137042.724750757,1658137044.824914217,30,8,1,-7.280692145,-435.380558968,14.216209788
1658137044.824914217,0,8,-7,1658137042.724750757,1658137044.624745369,46,11,1,23.647000074,393.590079308,-299.607817650
1658137044.824914217,-1,-10,-2,1658137042.724750757,1658137042.724750757,1,1,1,-0.007187391,-9.821396828,-1.732507706
1658137044.824914217,-1,-15,-1,1658137042.724750757,1658137044.424809933,20,8,1,-4.582396105,-292.343625069,-9.857389927
1658137044.824914217,-1,-15,-2,1658137042.724750757,1658137044.424809933,21,5,1,-4.031291187,-305.675777435,-33.824013948
1658137044.824914217,-1,-16,-2,1658137042.724750757,1658137044.524908304,35,10,1,-7.785021663,-545.416973114,-53.107563496
1658137044.824914217,0,9,-5,1658137042.724750757,1658137044.824914217,46,13,1,24.896028429,433.227022171,-207.837386131
1658137044.824914217,-1,-15,-3,1658137042.724750757,1658137044.424809933,31,10,1,-4.756509267,-449.653264046,-80.199483633
1658137044.824914217,-1,-16,-3,1658137042.724750757,1658137044.424809933,42,11,1,-7.658377931,-649.209161758,-104.551148653
1658137044.824914217,-3,-8,-6,1658137042.724750757,1658137042.724750757,1,1,1,-2.832257509,-7.037427425,-5.437442780
1658137044.824914217,-1,-15,-4,1658137042.724750757,1658137044.424809933,52,15,1,-6.572247140,-750.678799629,-186.565449715
1658137044.824914217,-1,-16,-4,1658137042.724750757,1658137044.424809933,47,12,1,-7.083791904,-728.758911133,-162.335050583
1658137044.824914217,-1,-16,-5,1658137042.724750757,1658137044.624745369,48,14,1,-5.685131304,-743.802630424,-213.209330559
1658137044.824914217,-1,-15,-5,1658137042.724750757,1658137044.624745369,58,15,1,-5.972411312,-844.421792984,-262.966169834
1658137044.824914217,0,9,5,1658137042.724750757,1658137044.824914217,37,14,1,4.273986764,353.640816689,201.652778625
1658137044.824914217,0,2,-14,1658137042.724750757,1658137044.824914217,45,14,1,25.867657065,112.335807323,-606.553227425
1658137044.824914217,0,10,4,1658137042.724750757,1658137044.824914217,25,11,1,1.887767298,260.759314537,115.707382679
1658137044.824914217,-1,-4,13,1658137042.724750757,1658137044.824914217,62,13,1,-25.701485723,-213.382507801,838.152983665
1658137044.824914217,-1,9,3,1658137042.724750757,1658137044.824914217,5,5,1,-0.714163510,48.754245758,18.816022873
1658137044.824914217,0,1,-14,1658137042.724750757,1658137044.824914217,43,15,1,24.903241873,64.612898827,-579.959667206
1658137044.824914217,-3,-3,-13,1658137042.724750757,1658137044.724828005,14,13,1,-30.384515524,-35.633957624,-178.321598053
1658137044.824914217,0,1,-15,1658137042.724750757,1658137044.824914217,43,16,1,25.755574107,64.229141235,-620.990566254
1658137044.824914217,0,0,-15,1658137042.724750757,1658137044.824914217,63,15,1,36.754646659,29.524566788,-913.957781792
1658137044.824914217,0,-1,-15,1658137042.724750757,1658137044.824914217,61,16,1,37.012341142,-31.502606485,-883.489777565
1658137044.824914217,0,-2,-14,1658137042.724750757,1658137044.824914217,74,22,1,39.766853333,-109.908490062,-1000.413670540
1658137044.824914217,0,-2,-15,1658137042.724750757,1658137044.824914217,68,20,1,39.356570065,-105.586208105,-985.522482872
1658137044.824914217,0,-3,-15,1658137042.724750757,1658137044.724828005,35,19,1,19.876315713,-77.027017117,-511.452157021
1658137044.824914217,-1,0,13,1658137042.824854851,1658137044.824914217,46,13,1,-8.784903198,20.453427108,620.099748611
1658137044.824914217,-1,-1,13,1658137042.824854851,1658137044.824914217,49,14,1,-9.122579023,-26.649035424,660.699005127
1658137044.824914217,0,7,10,1658137042.824854851,1658137044.624745369,27,9,1,0.624069914,202.869270325,278.890161514
1658137044.824914217,-1,2,12,1658137042.824854851,1658137044.624745369,58,12,1,-21.138918974,143.182227612,718.650605202
1658137044.824914217,0,2,6,1658137042.824854851,1658137043.424738884,2,2,1,0.016756623,4.686410666,12.363430023
1658137044.824914217,-1,-12,10,1658137042.824854851,1658137044.524908304,28,8,1,-12.705169588,-319.552451134,292.654362679
1658137044.824914217,-1,1,13,1658137042.824854851,1658137044.824914217,37,11,1,-6.501811512,52.839756846,498.638106346
1658137044.824914217,-1,-14,3,1658137042.824854851,1658137044.624745369,36,11,1,-11.525442690,-484.546970367,122.778375149
1658137044.824914217,-1,-9,0,1658137042.824854851,1658137043.724911451,2,2,1,-0.018882578,-17.951072693,1.459928989
1658137044.824914217,-1,-15,1,1658137042.824854851,1658137044.824914217,38,12,1,-10.191351295,-549.513708115,55.623799086
1658137044.824914217,-1,-16,1,1658137042.824854851,1658137044.824914217,41,9,1,-21.350639015,-632.510329247,61.350813627
1658137044.824914217,-1,-15,2,1658137042.824854851,1658137044.824914217,38,11,1,-11.955749154,-551.380078316,95.949101686
1658137044.824914217,-1,-16,0,1658137042.824854851,1658137044.824914217,48,11,1,-23.528360307,-749.185759544,26.968100868
1658137044.824914217,-1,-2,13,1658137042.824854851,1658137044.824914217,53,15,1,-8.957244456,-82.069171309,714.590423584
1658137044.824914217,0,8,-8,1658137042.824854851,1658137044.624745369,39,10,1,22.029583931,331.039537430,-291.520040989
1658137044.824914217,-1,-16,-1,1658137042.824854851,1658137044.824914217,43,10,1,-12.108138010,-667.834875107,-22.112643302
1658137044.824914217,0,8,-9,1658137042.824854851,1658137044.624745369,44,11,1,26.806199551,372.718249321,-372.133151054
1658137044.824914217,-1,-14,2,1658137042.824854851,1658137044.824914217,37,10,1,-11.141249299,-499.975835800,93.162739515
1658137044.824914217,0,5,-12,1658137042.824854851,1658137044.624745369,32,9,1,18.816725194,176.037755966,-371.064679146
1658137044.824914217,0,-15,-7,1658137042.824854851,1658137044.724828005,28,12,1,0.767363335,-403.822102547,-184.917419434
1658137044.824914217,0,4,-14,1658137042.824854851,1658137044.624745369,31,9,1,18.492964745,138.171179295,-415.830642700
1658137044.824914217,0,-15,-8,1658137042.824854851,1658137044.724828005,44,14,1,2.070131577,-633.028045654,-329.627515316
1658137044.824914217,0,3,-14,1658137042.824854851,1658137044.824914217,34,10,1,19.554557741,118.291588545,-459.356914520
1658137044.824914217,-1,3,11,1658137042.824854851,1658137044.824914217,57,18,1,-9.980281577,198.598047733,662.892930984
1658137044.824914217,-1,-15,-9,1658137042.824854851,1658137044.724828005,22,12,1,-3.006801157,-317.392622948,-181.938934326
1658137044.824914217,0,-15,-9,1658137042.824854851,1658137044.724828005,39,12,1,2.176331036,-564.753606796,-330.904609680
1658137044.824914217,0,-15,-10,1658137042.824854851,1658137044.824914217,27,11,1,2.083357068,-387.475706100,-256.801406860
1658137044.824914217,0,-9,-12,1658137042.824854851,1658137044.824914217,56,20,1,27.167077273,-482.422947884,-645.680419922
1658137044.824914217,0,-12,-11,1658137042.824854851,1658137044.824914217,43,11,1,12.811937809,-495.874311447,-451.200257301
1658137044.824914217,0,-14,-11,1658137042.824854851,1658137044.824914217,35,11,1,7.527072698,-471.898680687,-366.363892555
1658137044.824914217,-2,-5,-14,1658137042.824854851,1658137044.824914217,17,14,1,-27.928094983,-82.806655884,-228.627820969
1658137044.824914217,-3,-5,-14,1658137042.824854851,1658137044.824914217,60,19,1,-155.752827644,-270.420896530,-808.149552345
1658137044.824914217,0,-10,-12,1658137042.824854851,1658137044.824914217,42,12,1,19.607562721,-399.295058250,-483.488925934
1658137044.824914217,0,-13,-11,1658137042.824854851,1658137044.824914217,44,11,1,10.709410951,-551.389774323,-460.774247169
1658137044.824914217,0,-11,-12,1658137042.824854851,1658137044.824914217,44,11,1,18.570360363,-460.802323341,-505.557330132
1658137044.824914217,0,-10,-13,1658137042.824854851,1658137044.824914217,53,19,1,27.968654394,-498.935268402,-662.524870872
1658137044.824914217,0,-11,-13,1658137042.824854851,1658137044.824914217,30,10,1,13.889015615,-312.875760078,-374.078482628
1658137044.824914217,0,-10,-14,1658137042.824854851,1658137044.824914217,34,19,1,17.450059384,-324.588038445,-460.967054367
1658137044.824914217,-1,3,13,1658137042.924814939,1658137044.724828005,22,11,1,-1.927189818,80.072589874,299.369734764
1658137044.824914217,-1,2,13,1658137042.924814939,1658137044.624745369,33,9,1,-2.037334724,81.209968090,444.838624954
1658137044.824914217,-1,3,12,1658137042.924814939,1658137044.824914217,39,17,1,-13.108742926,137.031346083,486.572373390
1658137044.824914217,-1,6,9,1658137042.924814939,1658137044.724828005,4,4,1,-0.017957349,24.264653683,38.782746315
1658137044.824914217,-1,4,12,1658137042.924814939,1658137044.824914217,26,11,1,-1.134774521,115.215015411,322.622972488
1658137044.824914217,-1,4,11,1658137042.924814939,1658137044.824914217,51,13,1,-2.610426835,226.838205338,588.111672401
1658137044.824914217,-3,-7,-6,1658137042.924814939,1658137042.924814939,1,1,1,-2.834938526,-6.987589359,-5.388978481
1658137044.824914217,0,7,-11,1658137042.924814939,1658137044.624745369,39,9,1,23.632582963,292.429628849,-409.554151535
1658137044.824914217,-1,-17,-5,1658137042.924814939,1658137044.724828005,55,12,1,-19.027982704,-913.611673355,-246.073609829
1658137044.824914217,0,6,-12,1658137042.924814939,1658137044.624745369,37,8,1,22.431968391,240.486056805,-425.842527390
1658137044.824914217,-1,-16,-6,1658137042.924814939,1658137044.724828005,49,14,1,-4.486631803,-755.613164902,-270.192073345
1658137044.824914217,0,5,-13,1658137042.924814939,1658137044.624745369,26,8,1,15.927811980,142.933408737,-323.720674515
1658137044.824914217,0,6,-13,1658137042.924814939,1658137044.624745369,26,8,1,16.405263066,168.562921524,-325.053720474
1658137044.824914217,-1,-17,-4,1658137042.924814939,1658137044.624745369,58,11,1,-26.388551369,-957.556081772,-207.076889515
1658137044.824914217,-1,-4,-13,1658137042.924814939,1658137044.424809933,6,5,1,-4.145218447,-20.270311117,-74.933256149
1658137044.824914217,-3,-3,-14,1658137042.924814939,1658137044.824914217,35,18,1,-93.315194607,-84.071656227,-470.430539131
1658137044.824914217,-2,-3,-14,1658137042.924814939,1658137044.824914217,36,19,1,-64.917233229,-91.518068075,-486.586156845
1658137044.824914217,-3,-4,-14,1658137042.924814939,1658137044.824914217,58,20,1,-144.116920471,-196.879448891,-768.254798889
1658137044.824914217,0,-1,-16,1658137042.924814939,1658137044.824914217,47,15,1,29.773456872,-22.514757277,-726.150671959
1658137044.824914217,-1,-17,-3,1658137042.924814939,1658137044.524908304,53,11,1,-29.850289389,-868.126394272,-135.012363672
1658137044.824914217,0,-2,-16,1658137042.924814939,1658137044.624745369,52,15,1,32.225244761,-76.622090936,-803.839124680
1658137044.824914217,0,-3,-16,1658137042.924814939,1658137043.924834490,6,5,1,3.551125407,-13.203840017,-91.385949135
1658137044.824914217,0,4,12,1658137043.024902582,1658137044.824914217,8,6,1,0.070471287,37.407570839,99.987034798
1658137044.824914217,0,5,12,1658137043.024902582,1658137044.824914217,4,3,1,0.018097836,21.198637009,50.390569687
1658137044.824914217,-1,-2,14,1658137043.024902582,1658137044.824914217,46,13,1,-10.203258753,-70.453374863,664.830494881
1658137044.824914217,-2,-4,13,1658137043.024902582,1658137044.824914217,23,9,1,-34.118591309,-75.320161819,319.905761719
1658137044.824914217,-1,-4,14,1658137043.024902582,1658137044.824914217,13,9,1,-8.685839891,-50.323642731,186.228264809
1658137044.824914217,-1,-6,14,1658137043.024902582,1658137044.824914217,28,10,1,-6.616404369,-152.051644325,405.988530159
1658137044.824914217,-1,-3,13,1658137043.024902582,1658137044.824914217,66,14,1,-30.031177044,-164.957799435,891.356184006
1658137044.824914217,0,11,3,1658137043.024902582,1658137044.824914217,14,7,1,1.502148327,161.426914215,44.889008760
1658137044.824914217,-1,10,3,1658137043.024902582,1658137044.824914217,40,10,1,-6.301626499,424.294733047,144.553111792
1658137044.824914217,0,10,3,1658137043.024902582,1658137044.824914217,21,11,1,1.594210947,219.077330589,71.588907480
1658137044.824914217,0,11,2,1658137043.024902582,1658137044.824914217,39,9,1,8.356103446,445.099167824,98.910984278
1658137044.824914217,0,10,1,1658137043.024902582,1658137044.824914217,40,7,1,7.492864174,421.778832436,58.322575212
1658137044.824914217,0,10,0,1658137043.024902582,1658137044.624745369,29,8,1,6.166782722,302.509396553,14.554003526
1658137044.824914217,0,10,-1,1658137043.024902582,1658137044.624745369,25,9,1,6.640634291,261.985838890,-12.999770556
1658137044.824914217,-1,6,11,1658137043.024902582,1658137044.824914217,49,13,1,-10.970094143,319.524038315,562.766665459
1658137044.824914217,-1,-16,2,1658137043.024902582,1658137044.624745369,27,10,1,-14.998744965,-415.737571716,65.870169163
1658137044.824914217,-1,-3,14,1658137043.024902582,1658137044.824914217,32,12,1,-21.654326677,-74.261787891,458.638166428
1658137044.824914217,-10,-4,-3,1658137043.024902582,1658137043.024902582,1,1,1,-9.192234993,-3.571154833,-2.394236803
1658137044.824914217,0,9,-7,1658137043.024902582,1658137044.324722767,29,7,1,11.085504815,274.132131577,-188.089908123
1658137044.824914217,-1,-14,-1,1658137043.024902582,1658137044.424809933,18,5,1,-3.725864813,-240.797154427,-7.465622301
1658137044.824914217,0,9,-8,1658137043.024902582,1658137044.624745369,43,9,1,23.202163845,408.148905754,-322.966687679
1658137044.824914217,0,9,-9,1658137043.024902582,1658137044.624745369,33,9,1,21.286462426,310.973667145,-278.898527145
1658137044.824914217,-1,-17,-1,1658137043.024902582,1658137044.824914217,35,11,1,-20.952995181,-576.831975937,-19.626936052
1658137044.824914217,-1,5,11,1658137043.024902582,1658137044.824914217,51,11,1,-7.547750136,279.997707844,589.107718468
1658137044.824914217,-1,-17,-2,1658137043.024902582,1658137044.524908304,44,10,1,-24.626147985,-722.617593765,-69.797397256
1658137044.824914217,0,10,2,1658137043.024902582,1658137044.824914217,32,10,1,6.300193157,332.865290642,80.978837729
1658137044.824914217,0,-10,-6,1658137043.024902582,1658137044.824914217,4,4,1,0.685326919,-38.385210991,-23.823225498
1658137044.824914217,-1,-17,-6,1658137043.024902582,1658137044.724828005,40,9,1,-6.024257056,-661.508827209,-218.879035950
1658137044.824914217,-1,-17,-7,1658137043.024902582,1658137044.724828005,23,7,1,-1.895200133,-380.832031250,-147.855956078
1658137044.824914217,-1,-16,-7,1658137043.024902582,1658137044.724828005,49,12,1,-3.039220516,-761.055222511,-319.719505310
1658137044.824914217,-1,-15,-8,1658137043.024902582,1658137044.624745369,10,9,1,-0.553465739,-148.548295975,-75.638137341
1658137044.824914217,-1,-16,-8,1658137043.024902582,1658137044.724828005,40,11,1,-1.465381691,-617.090894699,-300.056320667
1658137044.824914217,-1,-5,14,1658137043.024902582,1658137044.824914217,38,10,1,-13.377500191,-172.094438553,549.253504753
1658137044.824914217,-4,-4,-13,1658137043.024902582,1658137044.324722767,4,3,1,-12.593573332,-14.471146107,-51.518669128
1658137044.824914217,-1,-15,-7,1658137043.024902582,1658137044.724828005,28,11,1,-0.971415670,-410.738148689,-176.628922939
1658137044.824914217,-2,-6,-14,1658137043.024902582,1658137044.824914217,4,4,1,-6.901500702,-20.185065269,-54.027536392
1658137044.824914217,-1,-9,-13,1658137043.024902582,1658137044.424809933,8,8,1,-5.371682614,-70.047145844,-100.107158661
1658137044.824914217,0,-12,-12,1658137043.024902582,1658137044.824914217,33,9,1,11.446909845,-380.597526550,-379.544983864
1658137044.824914217,0,-14,-12,1658137043.024902582,1658137044.824914217,24,8,1,6.053435326,-321.469403267,-275.849990845
1658137044.824914217,0,-9,-13,1658137043.024902582,1658137044.824914217,32,14,1,15.439859357,-276.339282990,-399.359915733
1658137044.824914217,0,-13,-12,1658137043.024902582,1658137044.824914217,35,9,1,10.000674620,-438.065150261,-400.424674034
1658137044.824914217,0,-12,-13,1658137043.024902582,1658137044.824914217,27,8,1,10.289974689,-309.315746307,-335.897570610
1658137044.824914217,0,-13,-13,1658137043.024902582,1658137044.824914217,22,7,1,6.872048467,-274.376705170,-273.955094337
1658137044.824914217,0,-11,-14,1658137043.024902582,1658137044.824914217,25,8,1,12.138062239,-261.871006012,-337.839781761
1658137044.824914217,-1,7,10,1658137043.124729633,1658137044.824914217,12,9,1,-0.763281034,88.249068737,129.403436661
1658137044.824914217,-1,-11,11,1658137043.124729633,1658137044.624745369,30,9,1,-13.896948606,-314.992374420,345.876535416
1658137044.824914217,-1,-12,11,1658137043.124729633,1658137044.624745369,26,8,1,-13.408758879,-300.049121857,299.991133690
1658137044.824914217,-1,-13,9,1658137043.124729633,1658137044.624745369,29,8,1,-13.794343650,-364.622858047,276.015771866
1658137044.824914217,-1,-13,10,1658137043.124729633,1658137044.624745369,29,9,1,-14.506763369,-360.013283730,304.796198845
1658137044.824914217,1,-4,-2,1658137043.124729633,1658137043.124729633,1,1,1,1.459919333,-3.490947723,-1.209304094
1658137044.824914217,-1,-13,8,1658137043.124729633,1658137044.624745369,27,9,1,-11.760766953,-339.074997902,228.775829315
1658137044.824914217,0,3,-15,1658137043.124729633,1658137044.824914217,18,8,1,10.615454555,61.755418539,-260.998526573
1658137044.824914217,-4,-3,-13,1658137043.124729633,1658137044.524908304,3,3,1,-9.233640671,-8.603675365,-38.716732025
1658137044.824914217,-1,-15,-10,1658137043.124729633,1658137044.824914217,16,10,1,-1.449651243,-232.730024338,-148.998180389
1658137044.824914217,0,2,-15,1658137043.124729633,1658137044.824914217,49,12,1,29.149633050,119.684662580,-711.186689377
1658137044.824914217,0,-15,-11,1658137043.124729633,1658137044.824914217,19,7,1,2.565913741,-274.354267120,-196.388142586
1658137044.824914217,-1,-10,-13,1658137043.124729633,1658137044.124754429,2,2,1,-1.840200841,-18.205237389,-25.336626053
1658137044.824914217,0,-12,-14,1658137043.124729633,1658137044.824914217,17,6,1,7.061929137,-194.185524940,-228.146928787
1658137044.824914217,-1,0,15,1658137043.224834442,1658137044.824914217,25,7,1,-5.459698334,11.932170244,388.001344681
1658137044.824914217,-1,1,14,1658137043.224834442,1658137044.824914217,31,9,1,-6.128231883,46.759779453,448.606913567
1658137044.824914217,-1,0,14,1658137043.224834442,1658137044.824914217,31,11,1,-6.604351670,15.864453811,447.183692932
1658137044.824914217,-1,8,9,1658137043.224834442,1658137044.824914217,13,6,1,-1.570417199,112.360477448,121.081712723
1658137044.824914217,-1,-10,12,1658137043.224834442,1658137044.824914217,31,7,1,-13.985689908,-294.794192314,386.695370674
1658137044.824914217,-1,-11,12,1658137043.224834442,1658137044.624745369,18,5,1,-8.973320127,-187.426503181,222.950686455
1658137044.824914217,-1,9,5,1658137043.224834442,1658137044.824914217,13,9,1,-1.138201290,120.300976753,75.222949505
1658137044.824914217,0,10,5,1658137043.224834442,1658137044.824914217,32,9,1,3.858092355,332.903162003,176.474955082
1658137044.824914217,-1,-14,7,1658137043.224834442,1658137044.624745369,22,7,1,-9.535696357,-296.471127510,164.792699814
1658137044.824914217,-1,-15,7,1658137043.224834442,1658137044.224855900,20,6,1,-12.289234817,-285.072620392,149.734663963
1658137044.824914217,-1,10,-1,1658137043.224834442,1658137043.224834442,1,1,1,-0.298311442,10.972631454,-0.071210355
1658137044.824914217,0,11,0,1658137043.224834442,1658137044.824914217,17,6,1,1.709686310,194.467279434,9.527609393
1658137044.824914217,0,11,-1,1658137043.224834442,1658137044.624745369,24,6,1,5.193131963,272.666995049,-12.471086517
1658137044.824914217,0,11,-2,1658137043.224834442,1658137044.824914217,28,7,1,8.236616104,322.254543304,-40.280187607
1658137044.824914217,0,10,-2,1658137043.224834442,1658137044.824914217,34,7,1,9.394272909,360.199405670,-52.098079801
1658137044.824914217,-1,-14,8,1658137043.224834442,1658137044.624745369,33,8,1,-15.846782863,-446.861550331,279.877574921
1658137044.824914217,0,10,-4,1658137043.224834442,1658137044.824914217,32,8,1,16.739850461,336.609458923,-112.084696054
1658137044.824914217,-1,-15,3,1658137043.224834442,1658137044.724828005,30,9,1,-10.318693638,-432.147057533,106.153207779
1658137044.824914217,0,10,-5,1658137043.224834442,1658137044.624745369,29,6,1,16.125757456,304.580727577,-130.796069622
1658137044.824914217,-1,-14,5,1658137043.224834442,1658137044.724828005,23,7,1,-8.249927819,-309.316249847,124.332684040
1658137044.824914217,0,9,8,1658137043.224834442,1658137044.824914217,19,7,1,1.172962226,178.566453934,159.054109573
1658137044.824914217,-2,-16,0,1658137043.224834442,1658137044.124754429,5,3,1,-5.245463967,-79.645002365,1.566547323
1658137044.824914217,-1,-15,5,1658137043.224834442,1658137044.724828005,27,8,1,-13.805545360,-388.794696808,149.215241909
1658137044.824914217,-2,-17,-1,1658137043.224834442,1658137044.024915218,4,3,1,-4.240403175,-64.742605209,-2.843202889
1658137044.824914217,-1,-14,9,1658137043.224834442,1658137044.624745369,26,7,1,-13.997404605,-351.281307220,245.196403503
1658137044.824914217,-1,-15,6,1658137043.224834442,1658137044.324722767,23,8,1,-13.019488066,-330.607328415,149.965228081
1658137044.824914217,-2,-17,-2,1658137043.224834442,1658137044.424809933,7,4,1,-7.363956332,-114.527660370,-11.085081339
1658137044.824914217,-1,-15,4,1658137043.224834442,1658137044.724828005,39,10,1,-17.910141319,-569.081818581,177.421559334
1658137044.824914217,-2,-17,-3,1658137043.224834442,1658137044.824914217,25,9,1,-30.836038351,-412.582355499,-59.291085482
1658137044.824914217,-1,-1,15,1658137043.224834442,1658137044.824914217,26,9,1,-5.251062974,-14.746102616,400.274082184
1658137044.824914217,-1,-1,14,1658137043.224834442,1658137044.824914217,43,11,1,-8.866218001,-19.744221132,622.558591843
1658137044.824914217,0,8,9,1658137043.224834442,1658137044.824914217,13,7,1,0.405477057,108.838713646,125.088891983
1658137044.824914217,-1,11,3,1658137043.224834442,1658137044.824914217,35,7,1,-6.845494009,400.403914452,126.431690454
1658137044.824914217,-1,-14,4,1658137043.224834442,1658137044.724828005,37,10,1,-12.590145379,-501.776324272,165.132544041
1658137044.824914217,0,-16,-8,1658137043.224834442,1658137044.724828005,2,2,1,0.034692417,-30.137619972,-15.426198006
1658137044.824914217,0,10,-3,1658137043.224834442,1658137044.824914217,35,8,1,11.872849837,366.787059784,-85.817944765
1658137044.824914217,-1,11,4,1658137043.224834442,1658137044.824914217,20,7,1,-1.825702832,229.960206032,92.161670685
1658137044.824914217,-1,10,4,1658137043.224834442,1658137044.824914217,27,9,1,-3.539959648,284.913042068,116.284713745
1658137044.824914217,0,8,10,1658137043.224834442,1658137044.624745369,8,4,1,0.175422373,66.136920929,82.839033127
1658137044.824914217,-1,-16,-9,1658137043.224834442,1658137044.724828005,21,8,1,-0.940084726,-328.668360710,-179.132346153
1658137044.824914217,-2,0,-15,1658137043.224834442,1658137044.824914217,18,12,1,-31.223032713,11.699084938,-258.265995026
1658137044.824914217,-4,-3,-14,1658137043.224834442,1658137044.824914217,29,16,1,-98.040908098,-79.597623348,-387.511022568
1658137044.824914217,-1,-15,8,1658137043.224834442,1658137044.824914217,19,8,1,-12.103404552,-276.744535446,161.488439560
1658137044.824914217,-4,-4,-14,1658137043.224834442,1658137044.824914217,54,16,1,-179.999877691,-188.914712667,-727.660254478
1658137044.824914217,-1,0,-15,1658137043.224834442,1658137044.824914217,4,4,1,-0.655836444,2.812108099,-58.853774071
1658137044.824914217,0,0,-16,1658137043.224834442,1658137044.824914217,48,13,1,24.898761177,25.108652038,-745.066589355
1658137044.824914217,0,-5,-15,1658137043.224834442,1658137044.424809933,2,2,1,0.963871688,-9.578062534,-28.310995102
1658137044.824914217,0,-14,-13,1658137043.224834442,1658137044.824914217,17,6,1,4.846757829,-228.627181053,-211.218729973
1658137044.824914217,0,3,14,1658137043.324897289,1658137043.724911451,3,2,1,0.039333849,10.888336897,42.604743004
1658137044.824914217,-1,3,14,1658137043.324897289,1658137044.624745369,18,8,1,-2.038832211,64.705154657,259.295346260
1658137044.824914217,-1,4,13,1658137043.324897289,1658137044.824914217,24,9,1,-2.437756458,104.527225494,325.215531349
1658137044.824914217,0,4,13,1658137043.324897289,1658137044.524908304,5,3,1,0.029686111,23.016880989,65.646020889
1658137044.824914217,0,3,13,1658137043.324897289,1658137044.624745369,14,9,1,0.107079652,49.445883989,185.864556313
1658137044.824914217,-1,2,14,1658137043.324897289,1658137044.624745369,24,7,1,-1.806978770,59.657878160,348.708077431
1658137044.824914217,-1,-7,14,1658137043.324897289,1658137044.824914217,32,8,1,-13.260992587,-210.328561783,463.086990356
1658137044.824914217,-1,-8,14,1658137043.324897289,1658137044.824914217,26,9,1,-13.629861325,-194.614111423,372.701070786
1658137044.824914217,0,10,8,1658137043.324897289,1658137044.824914217,18,6,1,2.348533750,188.124544144,152.895967484
1658137044.824914217,-1,9,8,1658137043.324897289,1658137044.624745369,13,5,1,-1.519237982,121.317938805,112.556259155
1658137044.824914217,-1,-7,13,1658137043.324897289,1658137044.824914217,41,10,1,-13.203022361,-265.676367760,552.090906143
1658137044.824914217,-1,-9,13,1658137043.324897289,1658137044.824914217,27,7,1,-11.472064525,-227.814887047,364.850936890
1658137044.824914217,0,10,7,1658137043.324897289,1658137044.824914217,26,8,1,3.295601908,271.159601212,194.017815590
1658137044.824914217,0,9,7,1658137043.324897289,1658137044.824914217,31,9,1,2.677592602,298.972207069,232.277983665
1658137044.824914217,-1,9,7,1658137043.324897289,1658137044.824914217,12,8,1,-1.685140381,111.471939087,87.409331322
1658137044.824914217,-1,-8,13,1658137043.324897289,1658137044.824914217,38,9,1,-14.103786945,-283.838395596,511.593492508
1658137044.824914217,0,9,6,1658137043.324897289,1658137044.824914217,18,10,1,1.125877979,173.609060287,116.977770329
1658137044.824914217,-1,7,11,1658137043.324897289,1658137044.824914217,30,9,1,-4.158238719,222.896723747,343.918861389
1658137044.824914217,0,5,7,1658137043.324897289,1658137044.824914217,4,4,1,0.284484514,23.679720402,29.198608398
1658137044.824914217,-1,-10,13,1658137043.324897289,1658137044.824914217,16,5,1,-7.684463769,-151.753342628,215.970795631
1658137044.824914217,0,10,6,1658137043.324897289,1658137044.824914217,30,8,1,3.615330882,312.193437576,194.260570526
1658137044.824914217,-1,-17,-8,1658137043.324897289,1658137044.724828005,22,8,1,-0.911052665,-360.058952332,-164.325181484
1658137044.824914217,0,-17,-7,1658137043.324897289,1658137043.324897289,1,1,1,0.077660896,-16.338981628,-6.958548069
1658137044.824914217,-1,9,6,1658137043.324897289,1658137044.824914217,28,10,1,-3.598167596,258.545889854,179.785953999
1658137044.824914217,0,-1,-17,1658137043.324897289,1658137044.624745369,28,10,1,18.160062075,-15.966872016,-459.329517365
1658137044.824914217,0,-2,-17,1658137043.324897289,1658137044.624745369,36,10,1,23.452417374,-52.986283422,-594.505887985
1658137044.824914217,0,-6,-17,1658137043.324897289,1658137044.724828005,6,4,1,3.246061027,-34.318083286,-98.271467209
1658137044.824914217,-2,-4,-14,1658137043.324897289,1658137044.724828005,6,6,1,-11.752108812,-20.569060087,-78.764608383
1658137044.824914217,0,-10,-15,1658137043.324897289,1658137044.824914217,22,16,1,12.302347928,-213.836609840,-319.149461746
1658137044.824914217,-1,4,14,1658137043.424738884,1658137044.824914217,15,9,1,-2.228978146,67.157974720,215.343317986
1658137044.824914217,-1,1,15,1658137043.424738884,1658137044.824914217,15,6,1,-3.322354347,20.869489670,231.621146202
1658137044.824914217,-1,5,13,1658137043.424738884,1658137044.824914217,19,6,1,-0.540190381,103.985817432,256.535652161
1658137044.824914217,0,5,13,1658137043.424738884,1658137043.424738884,2,1,1,0.007229959,11.461867809,26.456047058
1658137044.824914217,-1,-2,15,1658137043.424738884,1658137044.824914217,34,8,1,-9.217640996,-52.567760468,527.522852898
1658137044.824914217,0,6,12,1658137043.424738884,1658137043.424738884,1,1,1,0.013245050,6.065072060,12.683633804
1658137044.824914217,-1,6,12,1658137043.424738884,1658137044.824914217,32,8,1,-4.028597249,208.010717869,399.165598869
1658137044.824914217,-1,5,12,1658137043.424738884,1658137044.824914217,19,9,1,-1.606401749,103.695651054,235.767082214
1658137044.824914217,0,6,11,1658137043.424738884,1658137044.424809933,3,3,1,0.056663992,18.938676357,33.225567818
1658137044.824914217,0,5,11,1658137043.424738884,1658137044.824914217,3,3,1,0.012013785,17.062814713,33.510884285
1658137044.824914217,0,11,6,1658137043.424738884,1658137044.824914217,11,5,1,1.241760314,126.621218681,72.395967960
1658137044.824914217,-1,10,6,1658137043.424738884,1658137044.324722767,4,4,1,-0.079987682,43.466689110,26.318259716
1658137044.824914217,0,11,5,1658137043.424738884,1658137043.724911451,3,2,1,0.115513988,34.088673592,16.548930645
1658137044.824914217,-1,10,5,1658137043.424738884,1658137044.824914217,17,7,1,-3.380078426,184.410363197,92.061738968
1658137044.824914217,-1,-6,15,1658137043.424738884,1658137044.824914217,24,7,1,-6.271038473,-132.141631126,370.476676941
1658137044.824914217,0,10,-7,1658137043.424738884,1658137044.624745369,26,6,1,6.006810367,269.723060608,-168.930903912
1658137044.824914217,0,10,-6,1658137043.424738884,1658137044.624745369,34,6,1,14.311228819,357.173025131,-186.384405613
1658137044.824914217,0,8,-10,1658137043.424738884,1658137044.624745369,30,8,1,19.392783999,256.197521210,-285.059045792
1658137044.824914217,-1,-14,-8,1658137043.424738884,1658137044.724828005,4,4,1,-0.119531582,-54.598923683,-28.383024693
1658137044.824914217,-1,-17,-9,1658137043.424738884,1658137044.724828005,14,7,1,-0.253729004,-229.408620834,-116.684401512
1658137044.824914217,0,-16,-9,1658137043.424738884,1658137044.724828005,11,6,1,0.162289006,-169.050212860,-94.009563446
1658137044.824914217,-1,-16,-10,1658137043.424738884,1658137044.724828005,22,8,1,-2.079582405,-339.803563118,-206.135296822
1658137044.824914217,0,-16,-10,1658137043.424738884,1658137044.424809933,4,4,1,0.201236932,-60.339699745,-39.305131912
1658137044.824914217,-1,-7,15,1658137043.424738884,1658137044.824914217,17,6,1,-5.894115359,-109.238761902,261.193595886
1658137044.824914217,0,-3,-17,1658137043.424738884,1658137044.824914217,4,4,1,2.589383781,-8.914700985,-66.467042923
1658137044.824914217,0,-7,-15,1658137043.424738884,1658137044.724828005,20,6,1,10.162611365,-128.317014694,-288.536531448
1658137044.824914217,0,-6,-16,1658137043.424738884,1658137044.824914217,19,10,1,9.811608046,-105.697577477,-294.156569481
1658137044.824914217,-1,6,13,1658137043.524831533,1658137044.824914217,13,4,1,-0.421068484,84.602203369,176.021207809
1658137044.824914217,-1,7,12,1658137043.524831533,1658137044.824914217,22,7,1,-3.305307845,163.528429508,273.618984222
1658137044.824914217,-2,-4,15,1658137043.524831533,1658137044.824914217,10,7,1,-15.031827807,-35.880114794,151.491519928
1658137044.824914217,0,7,11,1658137043.524831533,1658137044.424809933,4,3,1,0.077521521,30.780149937,45.286993027
1658137044.824914217,-1,-5,15,1658137043.524831533,1658137044.824914217,30,7,1,-9.039306223,-133.813760281,462.594466209
1658137044.824914217,-3,-4,13,1658137043.524831533,1658137044.824914217,10,7,1,-25.780172348,-32.016735315,139.323191643
1658137044.824914217,-1,-13,11,1658137043.524831533,1658137044.624745369,25,6,1,-13.514746785,-314.218008995,286.535950661
1658137044.824914217,0,11,-3,1658137043.524831533,1658137044.824914217,17,4,1,5.268214473,192.745124817,-42.929981709
1658137044.824914217,0,11,-4,1658137043.524831533,1658137044.624745369,18,3,1,10.806869775,207.711109161,-64.845166445
1658137044.824914217,-1,-17,3,1658137043.524831533,1658137044.724828005,30,9,1,-11.704917461,-492.355560303,105.191888809
1658137044.824914217,0,5,10,1658137043.524831533,1658137044.824914217,3,3,1,0.013868003,17.795943737,30.362468719
1658137044.824914217,-1,-17,1,1658137043.524831533,1658137044.624745369,19,8,1,-9.701436639,-315.581048965,29.449540019
1658137044.824914217,-2,-17,0,1658137043.524831533,1658137043.724911451,2,2,1,-2.634467006,-32.593481064,0.616232593
1658137044.824914217,0,11,-5,1658137043.524831533,1658137044.624745369,16,3,1,7.041592807,183.932275772,-72.687894821
1658137044.824914217,-1,-18,0,1658137043.524831533,1658137044.824914217,30,12,1,-7.483114779,-524.587011337,12.529892083
1658137044.824914217,-2,-3,14,1658137043.524831533,1658137044.824914217,32,10,1,-45.703155994,-80.455985546,462.532686234
1658137044.824914217,-3,-3,13,1658137043.524831533,1658137044.524908304,6,6,1,-14.177796364,-17.439415455,83.672099113
1658137044.824914217,0,9,-10,1658137043.524831533,1658137044.624745369,24,6,1,15.822135508,226.322551727,-228.128594398
1658137044.824914217,0,8,-11,1658137043.524831533,1658137044.624745369,26,7,1,17.049146295,219.365172386,-271.146805763
1658137044.824914217,-1,-17,2,1658137043.524831533,1658137044.824914217,29,8,1,-12.708612770,-481.313840866,72.464209318
1658137044.824914217,-1,-14,6,1658137043.524831533,1658137044.724828005,25,8,1,-9.758832812,-338.654953957,160.891844273
1658137044.824914217,-4,-5,-14,1658137043.524831533,1658137043.524831533,1,1,1,-3.134691477,-4.002349854,-13.073625565
1658137044.824914217,0,-16,-11,1658137043.524831533,1658137044.424809933,11,4,1,0.859285899,-170.045650482,-115.707102776
1658137044.824914217,-1,-15,-11,1658137043.524831533,1658137044.824914217,8,5,1,-1.624732256,-117.040586472,-84.041028023
1658137044.824914217,-2,-4,14,1658137043.524831533,1658137044.824914217,24,8,1,-37.501926064,-86.527680159,344.695192337
1658137044.824914217,-1,-9,-14,1658137043.524831533,1658137044.724828005,3,3,1,-1.579681352,-26.742853165,-40.039279938
1658137044.824914217,-1,-14,10,1658137043.524831533,1658137044.624745369,18,6,1,-9.570278227,-240.152168274,187.435173035
1658137044.824914217,-1,-18,1,1658137043.524831533,1658137044.824914217,38,11,1,-9.716226786,-664.499128342,54.336311579
1658137044.824914217,0,-15,-12,1658137043.524831533,1658137044.824914217,18,5,1,3.262165353,-261.035699844,-207.078524590
1658137044.824914217,-2,-3,13,1658137043.524831533,1658137044.824914217,9,6,1,-13.714381933,-26.330060720,125.018013954
1658137044.824914217,0,-10,-16,1658137043.524831533,1658137044.724828005,8,6,1,4.705286264,-77.295182228,-123.055706024
1658137044.824914217,-3,-3,14,1658137043.624813080,1658137044.824914217,15,8,1,-37.569899797,-40.339304447,216.057266235
1658137044.824914217,-1,-3,15,1658137043.624813080,1658137044.724828005,4,4,1,-2.571051627,-8.347175121,61.656076431
1658137044.824914217,-2,-3,15,1658137043.624813080,1658137044.724828005,5,3,1,-7.027777910,-11.191632986,75.777031898
1658137044.824914217,-1,12,2,1658137043.624813080,1658137044.824914217,11,4,1,-2.135602897,136.230432510,29.020125151
1658137044.824914217,0,12,2,1658137043.624813080,1658137044.824914217,16,4,1,2.854954163,200.439557076,37.077677727
1658137044.824914217,-1,12,1,1658137043.624813080,1658137044.824914217,17,5,1,-2.968054540,211.445654869,25.434848428
1658137044.824914217,-1,11,1,1658137043.624813080,1658137044.824914217,5,3,1,-0.095496926,58.810510635,7.235401273
1658137044.824914217,-2,3,13,1658137043.624813080,1658137044.824914217,5,5,1,-9.328174353,18.879820347,67.960051537
1658137044.824914217,0,12,1,1658137043.624813080,1658137044.824914217,9,5,1,1.284897356,111.215780258,10.998586297
1658137044.824914217,0,11,1,1658137043.624813080,1658137044.824914217,31,7,1,5.899375513,355.212027550,47.027057528
1658137044.824914217,-2,-15,8,1658137043.624813080,1658137044.824914217,12,6,1,-14.023165822,-170.864080429,100.244665146
1658137044.824914217,-1,11,0,1658137043.624813080,1658137044.824914217,16,5,1,-1.779427675,187.025457382,6.658556744
1658137044.824914217,-2,-15,7,1658137043.624813080,1658137044.824914217,11,5,1,-13.084696293,-158.721453667,82.223040104
1658137044.824914217,-1,-16,7,1658137043.624813080,1658137044.824914217,20,5,1,-8.934837610,-308.266528130,150.861796856
1658137044.824914217,-1,-16,8,1658137043.624813080,1658137044.824914217,12,4,1,-5.332475483,-184.245197296,101.033489227
1658137044.824914217,-2,-15,6,1658137043.624813080,1658137044.224855900,11,4,1,-12.737963319,-160.410963058,72.780173779
1658137044.824914217,-1,-16,6,1658137043.624813080,1658137044.224855900,17,4,1,-8.582267642,-262.864550591,110.593362808
1658137044.824914217,-2,-15,5,1658137043.624813080,1658137044.724828005,27,6,1,-36.272166848,-399.226120949,149.661492825
1658137044.824914217,-2,-16,4,1658137043.624813080,1658137044.324722767,8,4,1,-8.960661411,-120.829713821,34.496809959
1658137044.824914217,-1,-16,3,1658137043.624813080,1658137044.724828005,27,8,1,-16.127849698,-415.051659584,94.173083782
1658137044.824914217,-1,-16,4,1658137043.624813080,1658137044.724828005,20,7,1,-12.878595740,-309.147834778,86.944859982
1658137044.824914217,-1,11,-1,1658137043.624813080,1658137044.824914217,9,5,1,-0.854279540,103.561964989,-2.777410075
1658137044.824914217,-1,11,2,1658137043.624813080,1658137044.824914217,11,6,1,-1.077097793,127.293372154,29.834964991
1658137044.824914217,-2,-14,9,1658137043.624813080,1658137044.524908304,4,3,1,-4.636769176,-55.527949333,37.136075974
1658137044.824914217,0,-13,-3,1658137043.624813080,1658137044.424809933,5,4,1,0.018149801,-61.010336876,-12.444215536
1658137044.824914217,-1,-16,5,1658137043.624813080,1658137044.724828005,13,7,1,-7.392453998,-203.109855652,71.345101357
1658137044.824914217,-3,-3,-15,1658137043.624813080,1658137044.624745369,9,8,1,-22.973587751,-20.217321634,-127.709749222
1658137044.824914217,0,-8,-14,1658137043.624813080,1658137044.724828005,11,4,1,5.616380185,-81.907042027,-146.960741043
1658137044.824914217,0,0,-17,1658137043.624813080,1658137044.424809933,24,7,1,12.867205158,9.841014069,-393.994573593
1658137044.824914217,0,-9,-14,1658137043.624813080,1658137044.724828005,19,4,1,10.017072767,-161.067380905,-257.578364372
1658137044.824914217,-1,3,15,1658137043.724911451,1658137044.624745369,11,4,1,-1.586638059,39.411366224,171.194653511
1658137044.824914217,-1,-1,16,1658137043.724911451,1658137044.824914217,9,4,1,-2.041367009,-4.034812063,148.237520218
1658137044.824914217,0,7,13,1658137043.724911451,1658137043.724911451,1,1,1,0.005271979,7.284303665,13.097857475
1658137044.824914217,-1,-6,16,1658137043.724911451,1658137044.824914217,8,4,1,-2.241676122,-43.021777153,131.459890366
1658137044.824914217,-1,8,10,1658137043.724911451,1658137044.624745369,12,4,1,-2.129959392,102.883043289,125.820351601
1658137044.824914217,-1,-2,16,1658137043.724911451,1658137044.824914217,14,6,1,-2.965292275,-21.410337687,229.997394562
1658137044.824914217,-1,11,6,1658137043.724911451,1658137044.824914217,15,5,1,-0.982325859,171.009495735,94.650205612
1658137044.824914217,-1,7,7,1658137043.724911451,1658137043.724911451,1,1,1,-0.031283557,7.822713375,7.277477264
1658137044.824914217,-1,11,5,1658137043.724911451,1658137044.824914217,23,6,1,-4.377759531,263.756852150,126.799737453
1658137044.824914217,-1,12,4,1658137043.724911451,1658137044.824914217,11,5,1,-1.776438039,133.711421013,48.853590012
1658137044.824914217,0,11,4,1658137043.724911451,1658137044.824914217,14,5,1,0.824801115,162.802238464,62.581188679
1658137044.824914217,-1,-14,11,1658137043.724911451,1658137044.524908304,6,3,1,-3.347831249,-80.993555069,68.902859688
1658137044.824914217,-1,-15,9,1658137043.724911451,1658137044.824914217,9,5,1,-5.551724315,-132.262833595,83.935262680
1658137044.824914217,-1,2,5,1658137043.724911451,1658137044.124754429,2,2,1,-0.236198109,5.418226480,11.952661514
1658137044.824914217,0,-1,12,1658137043.724911451,1658137043.724911451,1,1,1,0.312018871,-0.058957148,12.402697563
1658137044.824914217,-3,-4,14,1658137043.724911451,1658137044.824914217,7,6,1,-15.808142185,-23.492079020,99.702073097
1658137044.824914217,-1,-4,15,1658137043.724911451,1658137044.824914217,8,5,1,-4.808418453,-30.980880022,123.422697067
1658137044.824914217,-2,-16,1,1658137043.724911451,1658137044.624745369,14,6,1,-18.042481303,-219.508139610,22.807452202
1658137044.824914217,-1,-17,0,1658137043.724911451,1658137044.824914217,27,7,1,-14.324561298,-449.211624146,14.810360610
1658137044.824914217,0,10,-8,1658137043.724911451,1658137044.624745369,22,4,1,6.175707081,229.649930000,-163.351988316
1658137044.824914217,0,10,-9,1658137043.724911451,1658137044.624745369,13,4,1,7.285853177,134.932881355,-108.958338737
1658137044.824914217,-1,2,15,1658137043.724911451,1658137044.624745369,10,4,1,-1.211004566,24.571277142,154.926026344
1658137044.824914217,0,10,-10,1658137043.724911451,1658137044.624745369,9,3,1,6.637705207,91.553402901,-83.733345985
1658137044.824914217,-1,-18,-2,1658137043.724911451,1658137044.824914217,41,11,1,-18.517470047,-714.000192642,-62.632899046
1658137044.824914217,-1,-18,-3,1658137043.724911451,1658137044.824914217,32,9,1,-13.247697495,-561.678792953,-80.379113913
1658137044.824914217,0,9,-11,1658137043.724911451,1658137044.124754429,10,4,1,6.639593303,92.163530350,-104.134363174
1658137044.824914217,-1,-18,-4,1658137043.724911451,1658137044.824914217,31,8,1,-10.664433375,-543.330333710,-108.725903749
1658137044.824914217,-1,0,16,1658137043.724911451,1658137044.824914217,5,4,1,-1.154055074,2.673047423,81.007818222
1658137044.824914217,-1,-5,16,1658137043.724911451,1658137044.824914217,11,5,1,-3.012085810,-48.617044449,179.507642746
1658137044.824914217,-1,-18,-7,1658137043.724911451,1658137044.724828005,16,5,1,-6.613267481,-275.610904694,-103.476990223
1658137044.824914217,-2,1,-15,1658137043.724911451,1658137044.824914217,9,6,1,-17.406046748,13.698558450,-128.990179062
1658137044.824914217,-1,-18,-1,1658137043.724911451,1658137044.824914217,37,11,1,-9.543333367,-650.122091293,-20.848860912
1658137044.824914217,0,2,-16,1658137043.724911451,1658137044.824914217,23,10,1,9.715147203,55.553120136,-351.220571518
1658137044.824914217,0,1,-16,1658137043.724911451,1658137044.824914217,24,11,1,8.524964135,39.467110038,-366.572804451
1658137044.824914217,-4,-3,-15,1658137043.724911451,1658137044.824914217,6,5,1,-20.683957815,-16.861247778,-85.335386276
1658137044.824914217,-3,-5,-15,1658137043.724911451,1658137044.724828005,19,11,1,-46.241492510,-86.164336205,-273.353599548
1658137044.824914217,0,12,3,1658137043.724911451,1658137044.824914217,9,5,1,0.609818313,111.008766174,32.365237236
1658137044.824914217,0,-3,-18,1658137043.724911451,1658137044.824914217,11,8,1,7.328341246,-27.521051407,-191.708091736
1658137044.824914217,0,-11,-16,1658137043.724911451,1658137044.824914217,11,8,1,6.139701426,-114.088824272,-170.643202782
1658137044.824914217,-1,4,15,1658137043.824754000,1658137044.824914217,15,9,1,-4.007232692,66.726058006,230.810186386
1658137044.824914217,0,7,12,1658137043.824754000,1658137043.824754000,1,1,1,0.036213581,7.704090595,12.766399384
1658137044.824914217,-1,8,12,1658137043.824754000,1658137044.624745369,11,3,1,-1.908067904,92.807745934,134.766996384
1658137044.824914217,-1,9,11,1658137043.824754000,1658137044.624745369,13,3,1,-2.707885161,122.166030884,148.901893616
1658137044.824914217,0,9,10,1658137043.824754000,1658137044.624745369,2,2,1,0.085905707,18.666105270,20.736218452
1658137044.824914217,-1,9,10,1658137043.824754000,1658137044.624745369,12,3,1,-2.306964897,112.283020020,125.658088684
1658137044.824914217,0,10,9,1658137043.824754000,1658137044.624745369,8,3,1,1.096198045,83.676462173,75.317195892
1658137044.824914217,0,9,9,1658137043.824754000,1658137044.824914217,4,4,1,0.231913606,39.216243744,36.644031525
1658137044.824914217,-1,9,9,1658137043.824754000,1658137044.824914217,15,4,1,-2.624120264,141.919791222,141.939701080
1658137044.824914217,-1,-9,14,1658137043.824754000,1658137044.824914217,15,4,1,-8.042558253,-127.795010567,216.992285728
1658137044.824914217,0,11,8,1658137043.824754000,1658137044.824914217,5,2,1,0.863935187,56.975295067,41.454577446
1658137044.824914217,-1,7,8,1658137043.824754000,1658137043.824754000,1,1,1,-0.056603178,7.727531433,8.922615051
1658137044.824914217,0,11,7,1658137043.824754000,1658137044.824914217,11,4,1,1.924753234,126.018020630,82.088055134
1658137044.824914217,-1,-11,13,1658137043.824754000,1658137044.624745369,14,4,1,-7.784022450,-148.696557045,187.770953178
1658137044.824914217,-1,-12,13,1658137043.824754000,1658137044.624745369,11,4,1,-6.461534321,-127.098927498,147.965697289
1658137044.824914217,-1,-12,12,1658137043.824754000,1658137044.624745369,14,4,1,-7.720231175,-159.350172043,174.504965782
1658137044.824914217,-2,-16,3,1658137043.824754000,1658137044.724828005,12,6,1,-13.233355522,-183.612270355,41.532314777
1658137044.824914217,-1,-10,14,1658137043.824754000,1658137044.824914217,13,4,1,-6.645708472,-121.888866425,186.864962578
1658137044.824914217,-1,-9,15,1658137043.824754000,1658137044.824914217,4,2,1,-2.418331772,-33.541110039,61.223719597
1658137044.824914217,-2,-16,2,1658137043.824754000,1658137044.224855900,8,3,1,-8.897438526,-124.088818550,20.246833324
1658137044.824914217,-6,-15,0,1658137043.824754000,1658137044.824914217,10,7,1,-53.860483170,-140.681806564,2.522918552
1658137044.824914217,-6,-15,-1,1658137043.824754000,1658137044.724828005,17,9,1,-90.461247921,-241.899035454,-7.917773657
1658137044.824914217,0,8,12,1658137043.824754000,1658137043.824754000,1,1,1,0.036082096,8.523503304,12.230564117
1658137044.824914217,-6,-15,-2,1658137043.824754000,1658137044.824914217,14,11,1,-73.977317810,-202.527591705,-22.308479548
1658137044.824914217,-1,8,11,1658137043.824754000,1658137044.624745369,11,3,1,-1.108219177,94.285498619,125.879844666
1658137044.824914217,-1,-19,-1,1658137043.824754000,1658137044.724828005,20,7,1,-3.598819613,-368.845924377,-9.425214496
1658137044.824914217,0,8,-12,1658137043.824754000,1658137044.624745369,18,4,1,12.032001317,152.623110771,-205.850646019
1658137044.824914217,0,8,-13,1658137043.824754000,1658137044.624745369,7,3,1,4.986102760,57.593486786,-86.357669830
1658137044.824914217,0,7,-12,1658137043.824754000,1658137044.624745369,22,5,1,13.880019784,164.099228382,-251.848274231
1658137044.824914217,0,7,-13,1658137043.824754000,1658137044.624745369,20,5,1,13.260481954,148.782141209,-249.272714615
1658137044.824914217,-1,-13,12,1658137043.824754000,1658137044.624745369,14,4,1,-8.034571171,-173.558001518,174.645701408
1658137044.824914217,-1,-8,15,1658137043.824754000,1658137044.824914217,8,3,1,-3.112370729,-59.782904148,124.799385071
1658137044.824914217,-1,0,-16,1658137043.824754000,1658137044.224855900,4,3,1,-1.964215181,2.126946688,-61.870751381
1658137044.824914217,-4,-5,-15,1658137043.824754000,1658137044.724828005,4,4,1,-13.852703333,-17.045739651,-56.867083549
1658137044.824914217,-1,0,-17,1658137043.824754000,1658137043.824754000,1,1,1,-0.238248825,0.554451585,-16.052011490
1658137044.824914217,0,-8,-15,1658137043.824754000,1658137044.724828005,15,3,1,7.995990157,-113.218525887,-217.611520767
1658137044.824914217,0,-7,-16,1658137043.824754000,1658137044.724828005,12,3,1,6.409971178,-78.092073917,-186.340433121
1658137044.824914217,0,-8,-17,1658137043.824754000,1658137044.724828005,5,3,1,2.874406934,-36.848055363,-82.357463837
1658137044.824914217,0,-8,-16,1658137043.824754000,1658137044.724828005,11,3,1,6.098908365,-82.857641220,-170.756295204
1658137044.824914217,0,-5,-18,1658137043.824754000,1658137044.624745369,3,3,1,1.699808121,-14.924438000,-52.256177902
1658137044.824914217,0,-6,-18,1658137043.824754000,1658137044.724828005,8,6,1,4.509056389,-43.516108990,-138.306459427
1658137044.824914217,0,-7,-17,1658137043.824754000,1658137044.724828005,9,3,1,5.067395210,-57.931714535,-149.088274002
1658137044.824914217,-1,6,14,1658137043.924834490,1658137044.824914217,4,2,1,-0.472975567,25.252426147,57.664279938
1658137044.824914217,-1,5,14,1658137043.924834490,1658137044.824914217,7,3,1,-0.391225504,37.727924347,101.423933029
1658137044.824914217,-1,7,13,1658137043.924834490,1658137043.924834490,2,1,1,-0.029807749,14.847984314,26.765390396
1658137044.824914217,-1,-7,16,1658137043.924834490,1658137044.824914217,3,2,1,-0.993062496,-19.581474781,49.479768753
1658137044.824914217,-1,12,5,1658137043.924834490,1658137044.824914217,7,3,1,-0.391561143,85.822244644,38.437849998
1658137044.824914217,-1,-3,16,1658137043.924834490,1658137044.824914217,4,4,1,-0.636385962,-8.254622698,66.418096542
1658137044.824914217,-2,-15,9,1658137043.924834490,1658137044.824914217,8,4,1,-11.810838223,-114.087680817,74.739995003
1658137044.824914217,-1,9,-1,1658137043.924834490,1658137043.924834490,1,1,1,-0.000451398,9.765115738,-0.491519034
1658137044.824914217,-1,-17,5,1658137043.924834490,1658137044.724828005,28,9,1,-9.721391290,-463.217470169,154.926454067
1658137044.824914217,-2,-15,4,1658137043.924834490,1658137044.124754429,2,2,1,-2.142918110,-29.972217560,8.911012173
1658137044.824914217,-1,-17,4,1658137043.924834490,1658137044.824914217,21,8,1,-7.002938837,-348.717601776,97.663989544
1658137044.824914217,-6,-14,3,1658137043.924834490,1658137044.824914217,14,8,1,-76.698846340,-187.946955681,49.529132843
1658137044.824914217,-1,12,6,1658137043.924834490,1658137043.924834490,1,1,1,-0.130601496,12.027996063,6.033195496
1658137044.824914217,0,12,4,1658137043.924834490,1658137043.924834490,1,1,1,0.055478532,12.064568520,4.322021484
1658137044.824914217,-6,-14,2,1658137043.924834490,1658137044.724828005,14,9,1,-76.043566227,-190.936583519,35.029068947
1658137044.824914217,-1,-18,3,1658137043.924834490,1658137044.824914217,26,10,1,-7.500842392,-453.172998428,89.741038322
1658137044.824914217,-6,-14,0,1658137043.924834490,1658137044.724828005,5,5,1,-27.283829212,-69.870518684,3.664713264
1658137044.824914217,-1,-18,2,1658137043.924834490,1658137044.824914217,19,8,1,-5.156555563,-333.470369339,45.704314947
1658137044.824914217,-1,7,6,1658137043.924834490,1658137044.824914217,3,3,1,-0.109592339,23.883402348,20.426738739
1658137044.824914217,-1,-4,16,1658137043.924834490,1658137044.824914217,5,4,1,-1.912693426,-19.356566906,81.792604446
1658137044.824914217,-6,-15,-3,1658137043.924834490,1658137044.824914217,11,8,1,-58.292705536,-160.954226494,-27.124850035
1658137044.824914217,-4,-8,-7,1658137043.924834490,1658137044.824914217,2,2,1,-6.857490301,-14.163157940,-12.123355389
1658137044.824914217,-2,-8,-7,1658137043.924834490,1658137043.924834490,1,1,1,-1.531933665,-7.097892284,-6.041273594
1658137044.824914217,-1,-19,-3,1658137043.924834490,1658137044.824914217,18,7,1,-2.311640464,-333.110500336,-45.383588076
1658137044.824914217,-1,12,3,1658137043.924834490,1658137044.824914217,9,4,1,-1.316602033,110.295775414,29.904492617
1658137044.824914217,0,12,5,1658137043.924834490,1658137044.824914217,8,3,1,0.855747875,98.646541595,45.133948803
1658137044.824914217,0,4,-15,1658137043.924834490,1658137044.524908304,11,4,1,6.576020300,49.408910275,-159.663171768
1658137044.824914217,-3,1,-15,1658137043.924834490,1658137044.724828005,15,7,1,-31.855972528,21.018434763,-217.329650879
1658137044.824914217,-1,2,-16,1658137043.924834490,1658137044.424809933,4,4,1,-0.381712664,9.100466728,-61.185930252
1658137044.824914217,0,3,-16,1658137043.924834490,1658137044.824914217,12,6,1,6.773008287,40.374392509,-183.627223969
1658137044.824914217,-4,-4,-15,1658137043.924834490,1658137044.624745369,10,7,1,-35.201461792,-33.058188200,-142.441021919
1658137044.824914217,-6,-14,1,1658137043.924834490,1658137044.824914217,16,8,1,-85.971365929,-221.073612213,24.371838570
1658137044.824914217,0,-2,-18,1658137043.924834490,1658137044.624745369,6,3,1,4.045251131,-9.537813544,-103.012226105
1658137044.824914217,-1,-4,17,1658137044.024915218,1658137044.824914217,2,2,1,-0.403547049,-7.325384378,34.214410782
1658137044.824914217,-1,-5,17,1658137044.024915218,1658137044.024915218,1,1,1,-0.242671877,-4.107692719,17.049251556
1658137044.824914217,-2,3,7,1658137044.024915218,1658137044.124754429,2,2,1,-2.035093427,7.900150299,14.177991390
1658137044.824914217,0,13,2,1658137044.024915218,1658137044.824914217,4,2,1,1.906483427,52.472914696,8.926616907
1658137044.824914217,-1,-17,7,1658137044.024915218,1658137044.824914217,16,7,1,-5.936476648,-261.105541229,119.249810696
1658137044.824914217,-1,10,-2,1658137044.024915218,1658137044.824914217,2,2,1,-0.052097216,21.727618217,-3.245183587
1658137044.824914217,-6,-14,5,1658137044.024915218,1658137044.724828005,6,6,1,-33.272237778,-78.362865448,32.243365288
1658137044.824914217,-1,-17,6,1658137044.024915218,1658137044.824914217,26,9,1,-9.277482808,-428.987546921,170.113421917
1658137044.824914217,-6,-14,4,1658137044.024915218,1658137044.624745369,13,6,1,-73.110603333,-172.012319565,58.142041683
1658137044.824914217,-1,-19,0,1658137044.024915218,1658137044.724828005,15,5,1,-3.080477685,-274.302236557,8.443638936
1658137044.824914217,-4,-3,14,1658137044.024915218,1658137044.824914217,12,4,1,-39.778328657,-33.405143499,174.044112206
1658137044.824914217,-1,-19,-2,1658137044.024915218,1658137044.724828005,19,6,1,-2.887789160,-351.364397049,-27.172698736
1658137044.824914217,0,12,0,1658137044.024915218,1658137044.824914217,8,4,1,0.995689306,99.053395271,5.564597398
1658137044.824914217,-1,-18,-5,1658137044.024915218,1658137044.524908304,12,5,1,-5.150988113,-210.598930359,-52.868284225
1658137044.824914217,0,-19,-5,1658137044.024915218,1658137044.824914217,5,4,1,0.021143456,-92.041753769,-24.049163818
1658137044.824914217,-2,-18,-7,1658137044.024915218,1658137044.724828005,3,3,1,-3.640587687,-51.535083771,-18.318095207
1658137044.824914217,-1,-18,-6,1658137044.024915218,1658137044.724828005,21,5,1,-12.916873813,-363.430589676,-117.086123943
1658137044.824914217,-1,-19,-6,1658137044.024915218,1658137044.624745369,6,4,1,-0.492696397,-109.044162750,-33.654196739
1658137044.824914217,-1,-18,-8,1658137044.024915218,1658137044.724828005,12,3,1,-2.439791959,-207.719581604,-89.423377037
1658137044.824914217,0,5,-14,1658137044.024915218,1658137044.624745369,25,6,1,14.821738243,137.770526409,-335.659540176
1658137044.824914217,0,5,-15,1658137044.024915218,1658137044.524908304,13,3,1,8.137053192,71.398566246,-187.538311005
1658137044.824914217,0,-17,-9,1658137044.024915218,1658137044.724828005,4,2,1,0.020543017,-65.509740829,-35.456738472
1658137044.824914217,0,4,-16,1658137044.024915218,1658137044.524908304,8,3,1,4.728510559,35.335107803,-120.820937157
1658137044.824914217,-1,10,-7,1658137044.024915218,1658137044.624745369,3,2,1,-0.128331913,32.184519768,-18.934293270
1658137044.824914217,0,6,-14,1658137044.024915218,1658137044.624745369,20,6,1,12.965251148,128.513286591,-268.450037956
1658137044.824914217,-2,-18,-6,1658137044.024915218,1658137044.724828005,2,2,1,-2.401268721,-34.235425949,-11.918061256
1658137044.824914217,0,-17,-10,1658137044.024915218,1658137044.424809933,7,3,1,0.099329686,-115.112421036,-66.213996887
1658137044.824914217,-1,-19,-5,1658137044.024915218,1658137044.824914217,16,6,1,-0.481954165,-294.755149841,-70.883110523
1658137044.824914217,0,-17,-11,1658137044.024915218,1658137044.424809933,6,3,1,0.169817964,-97.501302719,-61.848687172
1658137044.824914217,-1,1,-16,1658137044.024915218,1658137044.224855900,3,2,1,-0.338211052,4.914080620,-46.196022987
1658137044.824914217,-1,10,2,1658137044.024915218,1658137044.824914217,3,3,1,-0.025927868,30.442193985,8.817248821
1658137044.824914217,-4,-4,14,1658137044.024915218,1658137044.824914217,10,4,1,-33.778045654,-31.350593567,143.160745621
1658137044.824914217,0,-16,-12,1658137044.024915218,1658137044.324722767,6,2,1,0.665114861,-92.864171028,-68.492797852
1658137044.824914217,0,-9,-15,1658137044.024915218,1658137044.724828005,6,2,1,3.447969317,-51.394863129,-86.810741425
1658137044.824914217,0,-9,-16,1658137044.024915218,1658137044.724828005,9,2,1,5.295428872,-76.981672287,-138.915350914
1658137044.824914217,0,4,14,1658137044.124754429,1658137044.124754429,1,1,1,0.004604178,4.275466919,14.983236313
1658137044.824914217,-3,-3,15,1658137044.124754429,1658137044.824914217,4,4,1,-9.096124887,-9.438319445,60.537225723
1658137044.824914217,-1,-17,8,1658137044.124754429,1658137044.724828005,9,4,1,-3.384659857,-147.288465500,74.241136551
1658137044.824914217,-6,-13,6,1658137044.124754429,1658137044.824914217,4,4,1,-22.322684288,-51.509263039,25.082324028
1658137044.824914217,-1,-3,17,1658137044.124754429,1658137044.324722767,2,2,1,-0.361362845,-4.312675476,34.676553726
1658137044.824914217,-1,-18,4,1658137044.124754429,1658137044.824914217,16,7,1,-5.157694519,-276.946258545,70.609629631
1658137044.824914217,-4,-10,-5,1658137044.124754429,1658137044.724828005,5,3,1,-15.348972797,-46.855340004,-20.395020962
1658137044.824914217,-2,4,14,1658137044.124754429,1658137044.124754429,1,1,1,-1.045245290,4.043363571,14.151995659
1658137044.824914217,-2,-17,-4,1658137044.124754429,1658137044.524908304,3,3,1,-3.029239297,-50.315212250,-10.486505508
1658137044.824914217,-1,-19,-4,1658137044.124754429,1658137044.824914217,22,7,1,-1.856073122,-405.306468964,-76.018373251
1658137044.824914217,0,-19,-6,1658137044.124754429,1658137044.524908304,5,3,1,0.071194904,-91.729816437,-27.553689003
1658137044.824914217,-3,-4,-15,1658137044.124754429,1658137044.424809933,2,2,1,-5.963001490,-7.115929842,-28.731564522
1658137044.824914217,-3,-4,15,1658137044.224855900,1658137044.824914217,3,3,1,-7.405366421,-10.107705593,45.331261635
1658137044.824914217,-1,-15,11,1658137044.224855900,1658137044.224855900,1,1,1,-0.480064780,-14.719645500,11.160598755
1658137044.824914217,-1,-16,10,1658137044.224855900,1658137044.824914217,3,2,1,-1.390175790,-45.532812119,31.343663216
1658137044.824914217,-1,-16,9,1658137044.224855900,1658137044.824914217,10,2,1,-4.591695398,-154.062300682,94.834321976
1658137044.824914217,-6,-13,5,1658137044.224855900,1658137044.724828005,3,2,1,-17.208292007,-38.859058380,16.979773998
1658137044.824914217,-1,-19,1,1658137044.224855900,1658137044.724828005,6,4,1,-1.490451306,-109.372880936,9.242687702
1658137044.824914217,-1,-15,10,1658137044.224855900,1658137044.824914217,8,4,1,-3.959732294,-116.287541389,85.145073891
1658137044.824914217,0,6,-15,1658137044.224855900,1658137044.524908304,2,2,1,1.348127365,12.502779007,-28.494625092
1658137044.824914217,-2,-8,-6,1658137044.224855900,1658137044.224855900,1,1,1,-1.555551648,-7.108066082,-5.954274654
1658137044.824914217,-3,0,-15,1658137044.224855900,1658137044.224855900,1,1,1,-2.036825657,0.944705725,-14.684146881
1658137044.824914217,-2,0,-16,1658137044.224855900,1658137044.724828005,4,3,1,-7.705614686,2.108887702,-60.472803116
1658137044.824914217,-3,-4,-16,1658137044.224855900,1658137044.224855900,1,1,1,-2.390494823,-3.912662745,-15.163904190
1658137044.824914217,0,0,-18,1658137044.224855900,1658137044.424809933,3,2,1,1.913749516,1.219675973,-51.187072754
1658137044.824914217,0,-1,-18,1658137044.224855900,1658137044.424809933,4,2,1,2.656559110,-1.289127737,-68.285213470
1658137044.824914217,-1,3,16,1658137044.324722767,1658137044.524908304,8,2,1,-1.739968382,27.384126425,130.297393799
1658137044.824914217,-1,2,16,1658137044.324722767,1658137044.524908304,4,2,1,-0.959617525,10.466031790,65.575407028
1658137044.824914217,0,4,15,1658137044.324722767,1658137044.524908304,2,2,1,0.022862364,8.167383194,30.362138748
1658137044.824914217,-1,1,16,1658137044.324722767,1658137044.524908304,6,2,1,-1.423688173,9.578559756,97.470741272
1658137044.824914217,0,12,6,1658137044.324722767,1658137044.824914217,7,2,1,1.576092914,86.897866249,45.987333775
1658137044.824914217,-1,12,0,1658137044.324722767,1658137044.824914217,11,3,1,-1.044382171,137.178216934,5.550172085
1658137044.824914217,0,12,-2,1658137044.324722767,1658137044.824914217,8,3,1,3.203663975,98.426339149,-12.409638047
1658137044.824914217,-2,-16,5,1658137044.324722767,1658137044.324722767,1,1,1,-1.159976721,-15.082411766,5.016926765
1658137044.824914217,0,12,-3,1658137044.324722767,1658137044.624745369,8,2,1,3.471886463,99.199767113,-19.563315153
1658137044.824914217,0,12,-4,1658137044.324722767,1658137044.624745369,6,2,1,3.203960091,73.746445656,-20.134281158
1658137044.824914217,0,12,-5,1658137044.324722767,1658137044.624745369,2,2,1,0.932969391,24.172496796,-8.015143394
1658137044.824914217,0,11,-6,1658137044.324722767,1658137044.624745369,7,2,1,2.647408366,80.092434883,-39.570876122
1658137044.824914217,-1,-19,2,1658137044.324722767,1658137044.824914217,6,4,1,-1.667809278,-108.609836578,15.851926088
1658137044.824914217,0,11,-8,1658137044.324722767,1658137044.624745369,4,2,1,2.213637918,44.790588379,-29.584917068
1658137044.824914217,0,11,-7,1658137044.324722767,1658137044.624745369,4,2,1,0.998833459,44.567314148,-26.032273293
1658137044.824914217,0,12,-1,1658137044.324722767,1658137044.824914217,19,3,1,3.370555991,236.055108070,-10.671529597
1658137044.824914217,0,12,7,1658137044.324722767,1658137044.824914217,4,2,1,1.230504662,49.048467636,29.944269180
1658137044.824914217,-6,-15,-4,1658137044.324722767,1658137044.824914217,5,3,1,-25.792335033,-74.313282013,-17.623119831
1658137044.824914217,-1,11,-2,1658137044.324722767,1658137044.324722767,1,1,1,-0.050368886,11.740525246,-1.153509021
1658137044.824914217,-2,2,-15,1658137044.324722767,1658137044.824914217,6,4,1,-11.247462869,13.580523252,-86.865836143
1658137044.824914217,-1,-17,-10,1658137044.324722767,1658137044.424809933,4,2,1,-0.116491427,-65.002843857,-37.273135185
1658137044.824914217,0,-15,-13,1658137044.324722767,1658137044.824914217,8,3,1,1.753968999,-116.213757515,-99.057901382
1658137044.824914217,0,-13,-14,1658137044.324722767,1658137044.824914217,14,4,1,5.022547066,-173.997672081,-189.132623672
1658137044.824914217,0,-14,-14,1658137044.324722767,1658137044.824914217,9,4,1,3.003638864,-120.802697182,-121.129298210
1658137044.824914217,0,-11,-15,1658137044.324722767,1658137044.824914217,15,4,1,7.826124519,-157.699861526,-218.989441872
1658137044.824914217,0,-12,-15,1658137044.324722767,1658137044.824914217,11,4,1,4.833442509,-126.157738686,-158.608408928
1658137044.824914217,0,-14,-15,1658137044.324722767,1658137044.824914217,4,3,1,1.496804118,-52.626487732,-56.723967552
1658137044.824914217,0,-12,-16,1658137044.324722767,1658137044.524908304,6,2,1,2.890828490,-69.011589050,-92.273859024
1658137044.824914217,0,-13,-15,1658137044.324722767,1658137044.824914217,9,4,1,3.652423441,-112.793331146,-130.447752953
1658137044.824914217,0,10,11,1658137044.424809933,1658137044.624745369,2,2,1,0.197786644,20.587569237,22.074712753
1658137044.824914217,-1,-13,13,1658137044.424809933,1658137044.624745369,6,3,1,-3.549380004,-73.822454453,79.385029793
1658137044.824914217,0,10,10,1658137044.424809933,1658137044.624745369,3,2,1,0.427255072,31.762208939,30.951247215
1658137044.824914217,-1,-18,6,1658137044.424809933,1658137044.424809933,1,1,1,-0.337573618,-17.108600616,6.048903465
1658137044.824914217,-1,-18,5,1658137044.424809933,1658137044.724828005,7,3,1,-2.292696029,-121.085691452,37.544411659
1658137044.824914217,-2,-17,1,1658137044.424809933,1658137044.624745369,2,2,1,-2.112854481,-32.431575775,3.240226626
1658137044.824914217,-2,-8,-8,1658137044.424809933,1658137044.724828005,3,2,1,-4.006651521,-23.883799553,-21.829402924
1658137044.824914217,-1,-8,-8,1658137044.424809933,1658137044.824914217,4,4,1,-2.533262759,-31.664391518,-28.940178871
1658137044.824914217,0,7,-14,1658137044.424809933,1658137044.624745369,5,3,1,3.476587534,36.821930885,-66.216773033
1658137044.824914217,-1,-11,14,1658137044.424809933,1658137044.624745369,4,2,1,-2.244039476,-41.272629738,57.942323685
1658137044.824914217,-1,-18,-10,1658137044.424809933,1658137044.424809933,1,1,1,-0.006414466,-17.176618576,-9.082022667
1658137044.824914217,-1,-18,-9,1658137044.424809933,1658137044.724828005,3,2,1,-0.189029707,-52.013681412,-25.299741745
1658137044.824914217,0,-18,-10,1658137044.424809933,1658137044.424809933,1,1,1,0.006082781,-17.034229279,-9.321827888
1658137044.824914217,-1,-12,14,1658137044.424809933,1658137044.624745369,3,2,1,-1.823046863,-33.985940933,42.791212082
1658137044.824914217,0,-15,-14,1658137044.424809933,1658137044.824914217,3,2,1,0.925002813,-42.579925537,-39.937351227
1658137044.824914217,0,-11,-17,1658137044.424809933,1658137044.624745369,2,2,1,1.158422470,-20.660267830,-32.090517044
1658137044.824914217,-1,-14,12,1658137044.524908304,1658137044.524908304,3,1,1,-1.751781762,-39.724411964,37.388760567
1658137044.824914217,-1,5,15,1658137044.524908304,1658137044.824914217,4,2,1,-0.366842590,22.062292576,60.613874435
1658137044.824914217,0,-13,-16,1658137044.524908304,1658137044.524908304,1,1,1,0.443643928,-12.032833099,-15.132838249
1658137044.824914217,-1,10,11,1658137044.624745369,1658137044.624745369,1,1,1,-0.006071107,10.068094254,11.298720360
1658137044.824914217,-1,10,10,1658137044.624745369,1658137044.624745369,1,1,1,-0.083014540,10.339798927,10.517618179
1658137044.824914217,0,13,-1,1658137044.624745369,1658137044.624745369,1,1,1,0.266363382,13.057259560,-0.765091181
1658137044.824914217,-1,10,0,1658137044.624745369,1658137044.624745369,1,1,1,-0.193046108,10.959240913,0.008623939
1658137044.824914217,-1,-19,3,1658137044.624745369,1658137044.824914217,2,2,1,-0.573898196,-36.118774414,6.529095173
1658137044.824914217,-1,-20,-3,1658137044.624745369,1658137044.624745369,1,1,1,-0.120660350,-19.030429840,-2.060480595
1658137044.824914217,-1,-20,-2,1658137044.624745369,1658137044.624745369,3,1,1,-0.413295776,-57.063121796,-5.089439631
1658137044.824914217,-3,-5,-12,1658137044.624745369,1658137044.624745369,1,1,1,-2.577652454,-4.426858425,-11.999201775
1658137044.824914217,0,13,-2,1658137044.624745369,1658137044.624745369,1,1,1,0.406521887,13.010869026,-1.182415366
1658137044.824914217,-5,-4,-15,1658137044.624745369,1658137044.624745369,1,1,1,-4.065280437,-3.487904787,-14.231107712
1658137044.824914217,-3,-6,-15,1658137044.624745369,1658137044.724828005,3,2,1,-8.083815098,-15.340493202,-42.511871338
1658137044.824914217,-3,3,13,1658137044.724828005,1658137044.724828005,1,1,1,-2.138856649,3.953606606,13.891041756
1658137044.824914217,-7,-15,0,1658137044.724828005,1658137044.724828005,1,1,1,-6.316733837,-14.095426559,0.901922822
1658137044.824914217,0,-9,-17,1658137044.724828005,1658137044.724828005,2,1,1,1.169779003,-16.644022942,-32.621912003
1658137044.824914217,0,-7,-18,1658137044.724828005,1658137044.724828005,2,1,1,1.185854614,-13.374865055,-34.853553772
1658137044.824914217,0,-8,-18,1658137044.724828005,1658137044.724828005,1,1,1,0.596772075,-7.398371696,-17.143049240
1658137044.824914217,-1,-2,17,1658137044.824914217,1658137044.824914217,2,1,1,-0.392985463,-3.213470817,34.797470093
1658137044.824914217,-1,12,-1,1658137044.824914217,1658137044.824914217,1,1,1,-0.097988479,12.377447128,-0.046352588
1658137044.824914217,-1,-8,16,1658137044.824914217,1658137044.824914217,2,1,1,-0.800945729,-15.034368038,32.853609085
1658137044.824914217,-7,-14,1,1658137044.824914217,1658137044.824914217,2,1,1,-12.725494862,-27.826344490,3.421902180
1658137044.824914217,-1,-1,17,1658137044.824914217,1658137044.824914217,1,1,1,-0.227614030,-0.876857162,17.118947983
1658137044.824914217,-6,-15,-5,1658137044.824914217,1658137044.824914217,1,1,1,-5.140564442,-14.987556458,-4.103481293
1658137044.824914217,-4,-5,-13,1658137044.824914217,1658137044.824914217,1,1,1,-3.018927336,-4.463860035,-12.629194260
1658137044.824914217,-1,-9,16,1658137044.824914217,1658137044.824914217,1,1,1,-0.455709994,-8.075511932,16.090421677
1658137044.824914217,-1,-10,-14,1658137044.824914217,1658137044.824914217,1,1,1,-0.814972937,-9.026271820,-13.431319237
