timestamp_utc,timestamp_monotonic,elapsed_sec,pid,cpu_percent_raw,cpu_percent_normalized,rss_mb,vms_mb,shared_mb,num_threads,read_bytes_delta,write_bytes_delta,process_status
2026-07-31T12:40:30.881112+00:00,13650.356178452,0.000282,10862,0.000,0.000,142.969,878.844,41.875,13,0,0,S (sleeping)
2026-07-31T12:40:31.381473+00:00,13650.856563284,0.500667,10862,5.995,0.300,143.281,879.473,42.188,13,0,0,S (sleeping)
2026-07-31T12:40:31.882278+00:00,13651.357383005,1.001487,10862,3.993,0.200,143.281,879.473,42.188,13,0,0,S (sleeping)
2026-07-31T12:40:32.383117+00:00,13651.858223245,1.502327,10862,3.993,0.200,143.281,878.945,42.188,13,0,0,S (sleeping)
2026-07-31T12:40:32.883986+00:00,13652.359050310,2.003154,10862,1.997,0.100,143.281,878.945,42.188,13,0,0,S (sleeping)
2026-07-31T12:40:33.383518+00:00,13652.859911459,2.504015,10862,3.993,0.200,143.281,878.945,42.188,13,0,0,S (sleeping)
2026-07-31T12:40:33.884234+00:00,13653.360709138,3.004813,10862,5.990,0.300,143.281,878.945,42.188,13,0,0,S (sleeping)
2026-07-31T12:40:34.385137+00:00,13653.861542795,3.505646,10862,3.993,0.200,143.281,878.945,42.188,13,0,0,S (sleeping)
2026-07-31T12:40:34.886023+00:00,13654.362382083,4.006486,10862,7.987,0.399,143.281,879.523,42.188,13,0,0,S (sleeping)
2026-07-31T12:40:35.386868+00:00,13654.863284414,4.507388,10862,7.986,0.399,143.281,879.523,42.188,13,0,0,S (sleeping)
2026-07-31T12:40:35.887652+00:00,13655.364098414,5.008202,10862,9.984,0.499,143.281,879.523,42.188,13,0,0,S (sleeping)
2026-07-31T12:40:36.388018+00:00,13655.864445207,5.508549,10862,9.993,0.500,143.281,879.523,42.188,13,0,0,R (running)
2026-07-31T12:40:36.888780+00:00,13656.365237513,6.009341,10862,9.984,0.499,143.281,879.523,42.188,13,0,0,S (sleeping)
2026-07-31T12:40:37.389570+00:00,13656.865993353,6.510097,10862,9.985,0.499,143.281,879.523,42.188,13,0,0,R (running)
2026-07-31T12:40:37.890324+00:00,13657.366777289,7.010881,10862,7.987,0.399,143.281,879.523,42.188,13,0,0,S (sleeping)
2026-07-31T12:40:38.390690+00:00,13657.867121631,7.511225,10862,9.993,0.500,143.281,879.523,42.188,13,0,0,S (sleeping)
2026-07-31T12:40:38.891561+00:00,13658.367927095,8.012031,10862,7.987,0.399,143.281,879.523,42.188,13,0,0,S (sleeping)
2026-07-31T12:40:39.392481+00:00,13658.868927953,8.513031,10862,7.984,0.399,148.617,910.660,42.656,13,0,0,S (sleeping)
2026-07-31T12:40:39.893247+00:00,13659.369689227,9.013793,10862,5.991,0.300,148.648,910.691,42.656,13,0,0,S (sleeping)
2026-07-31T12:40:40.394058+00:00,13659.870467870,9.514571,10862,9.984,0.499,148.652,910.695,42.656,13,0,0,S (sleeping)
2026-07-31T12:40:40.894811+00:00,13660.371258340,10.015362,10862,5.991,0.300,149.746,912.070,42.656,13,0,0,R (running)
2026-07-31T12:40:41.395556+00:00,13660.871999784,10.516103,10862,5.991,0.300,150.992,913.438,42.656,13,0,0,R (running)
2026-07-31T12:40:41.896292+00:00,13661.372751856,11.016855,10862,5.991,0.300,149.594,912.070,42.656,13,0,0,R (running)
2026-07-31T12:40:42.397042+00:00,13661.873485110,11.517589,10862,7.988,0.399,148.652,910.695,42.656,13,0,0,S (sleeping)
2026-07-31T12:40:42.897806+00:00,13662.374259450,12.018363,10862,5.991,0.300,151.160,913.449,42.656,13,0,0,R (running)
2026-07-31T12:40:43.398707+00:00,13662.875115425,12.519219,10862,5.990,0.299,148.656,910.699,42.656,13,0,0,S (sleeping)
2026-07-31T12:40:43.899716+00:00,13663.376076806,13.020180,10862,7.985,0.399,148.656,910.699,42.656,13,0,0,S (sleeping)
2026-07-31T12:40:44.400562+00:00,13663.877001646,13.521105,10862,5.989,0.299,148.656,910.699,42.656,13,0,0,S (sleeping)
2026-07-31T12:40:44.901294+00:00,13664.377754335,14.021858,10862,7.988,0.399,148.664,910.707,42.656,13,0,0,S (sleeping)
2026-07-31T12:40:45.402024+00:00,13664.878479529,14.522583,10862,5.991,0.300,148.660,910.703,42.656,13,0,8192,S (sleeping)
2026-07-31T12:40:45.902912+00:00,13665.379366117,15.023470,10862,7.986,0.399,148.664,910.707,42.656,13,0,0,S (sleeping)
2026-07-31T12:40:46.403611+00:00,13665.880081012,15.524185,10862,5.991,0.300,148.660,910.703,42.656,13,0,0,S (sleeping)
2026-07-31T12:40:46.904318+00:00,13666.380784587,16.024888,10862,7.989,0.399,148.668,910.711,42.656,13,0,0,S (sleeping)
2026-07-31T12:40:47.404616+00:00,13666.881079257,16.525183,10862,5.996,0.300,148.664,910.707,42.656,13,0,0,S (sleeping)
2026-07-31T12:40:47.905314+00:00,13667.381780510,17.025884,10862,5.992,0.300,148.668,910.711,42.656,13,0,0,S (sleeping)
2026-07-31T12:40:48.406040+00:00,13667.882484251,17.526588,10862,7.989,0.399,148.672,910.715,42.656,13,0,0,S (sleeping)
2026-07-31T12:40:48.906753+00:00,13668.383212263,18.027316,10862,5.991,0.300,148.672,910.715,42.656,13,0,0,S (sleeping)
2026-07-31T12:40:49.407644+00:00,13668.883986606,18.528090,10862,5.991,0.300,148.672,910.715,42.656,13,0,0,S (sleeping)
2026-07-31T12:40:49.908394+00:00,13669.384853535,19.028957,10862,5.990,0.299,148.680,910.723,42.656,13,0,0,S (sleeping)
2026-07-31T12:40:50.409122+00:00,13669.885569531,19.529673,10862,11.983,0.599,155.551,1060.527,42.969,15,0,4096,S (sleeping)
2026-07-31T12:40:50.909852+00:00,13670.386310644,20.030414,10862,29.956,1.498,153.984,1058.602,42.969,15,0,0,S (sleeping)
2026-07-31T12:40:51.410582+00:00,13670.887031469,20.531135,10862,29.957,1.498,157.270,1062.133,42.969,15,0,0,S (sleeping)
2026-07-31T12:40:51.911306+00:00,13671.387764781,21.031868,10862,29.956,1.498,155.551,1060.410,42.969,15,0,0,S (sleeping)
2026-07-31T12:40:52.412022+00:00,13671.888483350,21.532587,10862,27.960,1.398,156.488,1061.172,42.969,15,0,4096,S (sleeping)
2026-07-31T12:40:52.912782+00:00,13672.389227909,22.033331,10862,31.952,1.598,156.488,1061.172,42.969,15,0,0,S (sleeping)
2026-07-31T12:40:53.413593+00:00,13672.890052179,22.534156,10862,29.951,1.498,156.488,1061.203,42.969,15,0,0,S (sleeping)
2026-07-31T12:40:53.914340+00:00,13673.390787028,23.034891,10862,29.956,1.498,155.582,1060.105,42.969,15,0,4096,S (sleeping)
2026-07-31T12:40:54.415081+00:00,13673.891531914,23.535635,10862,31.952,1.598,156.316,1060.730,42.969,15,0,0,S (sleeping)
2026-07-31T12:40:54.915802+00:00,13674.392265488,24.036369,10862,33.950,1.698,156.785,1060.957,42.969,15,0,0,S (sleeping)
2026-07-31T12:40:55.416537+00:00,13674.892982144,24.537086,10862,33.951,1.698,157.410,1061.570,42.969,15,0,16384,S (sleeping)
2026-07-31T12:40:55.917397+00:00,13675.393841856,25.037945,10862,29.949,1.497,158.191,1062.359,42.969,15,0,4096,S (sleeping)
2026-07-31T12:40:56.418167+00:00,13675.894608583,25.538712,10862,39.939,1.997,157.523,1061.676,42.969,15,0,0,S (sleeping)
2026-07-31T12:40:56.918495+00:00,13676.394937835,26.039041,10862,27.982,1.399,158.461,1062.555,42.969,15,0,0,S (sleeping)
2026-07-31T12:40:57.419243+00:00,13676.895699998,26.539804,10862,45.930,2.296,158.930,1062.766,42.969,15,0,4096,S (sleeping)
2026-07-31T12:40:57.919982+00:00,13677.396433553,27.040537,10862,33.950,1.698,158.930,1062.766,42.969,15,0,0,S (sleeping)
2026-07-31T12:40:58.420712+00:00,13677.897174420,27.541278,10862,33.950,1.697,158.930,1062.766,42.969,15,0,0,S (sleeping)
2026-07-31T12:40:58.921480+00:00,13678.397924677,28.042028,10862,33.949,1.697,158.930,1062.766,42.969,15,0,8192,S (sleeping)
2026-07-31T12:40:59.422209+00:00,13678.898668604,28.542772,10862,33.949,1.697,158.930,1062.766,42.969,15,0,0,S (sleeping)
2026-07-31T12:40:59.923107+00:00,13679.399446531,29.043550,10862,27.957,1.398,158.930,1062.766,42.969,15,0,0,S (sleeping)
2026-07-31T12:41:00.423855+00:00,13679.900312615,29.544416,10862,39.931,1.997,158.930,1062.766,42.969,15,0,12288,S (sleeping)
2026-07-31T12:41:00.924621+00:00,13680.401050949,30.045154,10862,35.947,1.797,158.930,1062.766,42.969,15,0,4096,S (sleeping)
2026-07-31T12:41:01.425399+00:00,13680.901861200,30.545965,10862,35.942,1.797,158.930,1062.766,42.969,15,0,0,S (sleeping)
2026-07-31T12:41:01.926128+00:00,13681.402588268,31.046692,10862,33.951,1.698,158.930,1062.766,42.969,15,0,0,S (sleeping)
2026-07-31T12:41:02.426921+00:00,13681.903380007,31.547484,10862,33.946,1.697,158.930,1062.766,42.969,15,0,4096,S (sleeping)
2026-07-31T12:41:02.927723+00:00,13682.404171202,32.048275,10862,29.953,1.498,158.930,1062.766,42.969,15,0,0,S (sleeping)
2026-07-31T12:41:03.427168+00:00,13682.904921738,32.549025,10862,35.946,1.797,158.930,1062.766,42.969,15,0,0,S (sleeping)
2026-07-31T12:41:03.927942+00:00,13683.405676558,33.049780,10862,33.949,1.697,158.930,1062.766,42.969,15,0,0,S (sleeping)
2026-07-31T12:41:04.428694+00:00,13683.906441790,33.550545,10862,33.948,1.697,159.242,1126.766,42.969,15,0,4096,S (sleeping)
2026-07-31T12:41:04.929478+00:00,13684.407230170,34.051334,10862,31.950,1.597,159.242,1126.766,42.969,15,0,0,S (sleeping)
2026-07-31T12:41:05.430232+00:00,13684.907959566,34.552063,10862,33.950,1.698,159.242,1126.766,42.969,15,0,8192,S (sleeping)
2026-07-31T12:41:05.930966+00:00,13685.408715442,35.052819,10862,33.949,1.697,159.242,1126.766,42.969,15,0,4096,S (sleeping)
2026-07-31T12:41:06.431732+00:00,13685.909461186,35.553565,10862,31.952,1.598,159.242,1126.766,42.969,15,0,0,S (sleeping)
2026-07-31T12:41:06.932572+00:00,13686.410308407,36.054412,10862,35.939,1.797,159.242,1126.766,42.969,15,0,0,S (sleeping)
2026-07-31T12:41:07.433071+00:00,13686.910810380,36.554914,10862,35.964,1.798,159.242,1126.766,42.969,15,0,0,S (sleeping)
2026-07-31T12:41:07.933817+00:00,13687.411571361,37.055675,10862,35.945,1.797,156.762,1124.133,42.969,15,0,4096,S (sleeping)
2026-07-31T12:41:08.434618+00:00,13687.912369323,37.556473,10862,37.939,1.897,158.949,1126.219,42.969,15,0,0,S (sleeping)
2026-07-31T12:41:08.935358+00:00,13688.413111523,38.057215,10862,39.941,1.997,159.105,1126.219,42.969,15,0,0,S (sleeping)
2026-07-31T12:41:09.436129+00:00,13688.913859272,38.557963,10862,39.940,1.997,159.730,1126.219,42.969,15,0,4096,S (sleeping)
2026-07-31T12:41:09.936902+00:00,13689.414638673,39.058742,10862,41.935,2.097,159.242,1123.801,42.969,15,0,0,S (sleeping)
2026-07-31T12:41:10.437638+00:00,13689.915389504,39.559493,10862,41.937,2.097,159.562,1123.793,42.969,15,0,8192,S (sleeping)
2026-07-31T12:41:10.938349+00:00,13690.416096814,40.060200,10862,43.938,2.197,159.945,1123.793,42.969,15,0,0,S (sleeping)
2026-07-31T12:41:11.439094+00:00,13690.916845236,40.560949,10862,39.940,1.997,160.102,1124.191,42.969,15,0,4096,S (sleeping)
2026-07-31T12:41:11.939830+00:00,13691.417582133,41.061686,10862,39.941,1.997,160.102,1123.793,42.969,15,0,0,S (sleeping)
2026-07-31T12:41:12.440556+00:00,13691.918311690,41.562415,10862,43.936,2.197,160.727,1124.648,42.969,15,0,0,S (sleeping)
2026-07-31T12:41:12.941294+00:00,13692.419043456,42.063147,10862,41.939,2.097,163.859,1127.723,42.969,15,0,4096,S (sleeping)
2026-07-31T12:41:13.442225+00:00,13692.919864874,42.563968,10862,43.928,2.196,164.641,1128.312,42.969,15,0,0,S (sleeping)
2026-07-31T12:41:13.942989+00:00,13693.420726160,43.064830,10862,39.931,1.997,164.641,1128.312,42.969,15,0,4096,S (sleeping)
2026-07-31T12:41:14.443726+00:00,13693.921479169,43.565583,10862,41.937,2.097,164.641,1128.312,42.969,15,0,4096,S (sleeping)
2026-07-31T12:41:14.944484+00:00,13694.422211185,44.066315,10862,41.939,2.097,164.641,1128.312,42.969,15,0,0,S (sleeping)
2026-07-31T12:41:15.445212+00:00,13694.922963446,44.567067,10862,43.934,2.197,164.641,1128.312,42.969,15,0,12288,S (sleeping)
2026-07-31T12:41:15.945937+00:00,13695.423686566,45.067790,10862,41.939,2.097,164.641,1128.312,42.969,15,0,0,S (sleeping)
2026-07-31T12:41:16.446838+00:00,13695.924577606,45.568681,10862,43.922,2.196,164.641,1128.312,42.969,15,0,4096,S (sleeping)
2026-07-31T12:41:16.947585+00:00,13696.425337541,46.069441,10862,39.939,1.997,164.641,1128.312,42.969,15,0,0,S (sleeping)
2026-07-31T12:41:17.448323+00:00,13696.926072958,46.570176,10862,41.938,2.097,164.641,1128.312,42.969,15,0,0,S (sleeping)
2026-07-31T12:41:17.949056+00:00,13697.426810178,47.070914,10862,43.935,2.197,164.797,1128.504,42.969,15,0,4096,S (sleeping)
2026-07-31T12:41:18.449796+00:00,13697.927540669,47.571644,10862,41.939,2.097,164.684,1128.453,42.969,15,0,0,S (sleeping)
2026-07-31T12:41:18.950532+00:00,13698.428278740,48.072382,10862,41.938,2.097,164.840,1128.562,42.969,15,0,0,S (sleeping)
2026-07-31T12:41:19.451270+00:00,13698.929025156,48.573129,10862,43.934,2.197,164.840,1128.562,42.969,15,0,0,S (sleeping)
2026-07-31T12:41:19.952000+00:00,13699.429749057,49.073853,10862,39.942,1.997,164.840,1128.562,42.969,15,0,12288,S (sleeping)
2026-07-31T12:41:20.452786+00:00,13699.930517326,49.574621,10862,41.936,2.097,164.840,1128.562,42.969,15,0,0,S (sleeping)
2026-07-31T12:41:20.953518+00:00,13700.431271950,50.075375,10862,41.937,2.097,164.840,1128.562,42.969,15,0,0,S (sleeping)
2026-07-31T12:41:21.454261+00:00,13700.931994674,50.576098,10862,41.939,2.097,164.840,1128.562,42.969,15,0,4096,S (sleeping)
2026-07-31T12:41:21.954997+00:00,13701.432748730,51.076852,10862,43.934,2.197,164.840,1128.562,42.969,15,0,0,S (sleeping)
2026-07-31T12:41:22.455718+00:00,13701.933474039,51.577578,10862,45.933,2.297,164.840,1128.562,42.969,15,0,0,S (sleeping)
2026-07-31T12:41:22.956446+00:00,13702.434187825,52.078291,10862,41.940,2.097,164.840,1128.562,42.969,15,0,0,S (sleeping)
2026-07-31T12:41:23.457198+00:00,13702.934946077,52.579050,10862,39.939,1.997,164.840,1128.562,42.969,15,0,4096,S (sleeping)
2026-07-31T12:41:23.957887+00:00,13703.435636645,53.079740,10862,41.942,2.097,164.840,1128.562,42.969,15,0,0,S (sleeping)
2026-07-31T12:41:24.458629+00:00,13703.936383272,53.580487,10862,41.937,2.097,162.027,1125.734,42.969,15,0,0,S (sleeping)
2026-07-31T12:41:24.959353+00:00,13704.437108865,54.081212,10862,41.939,2.097,164.371,1128.141,42.969,15,0,4096,S (sleeping)
2026-07-31T12:41:25.460084+00:00,13704.937830676,54.581934,10862,41.939,2.097,164.996,1128.758,42.969,15,0,8192,S (sleeping)
2026-07-31T12:41:25.960812+00:00,13705.438567504,55.082671,10862,43.935,2.197,165.152,1128.758,42.969,15,0,0,S (sleeping)
2026-07-31T12:41:26.461543+00:00,13705.939294993,55.583399,10862,41.939,2.097,165.152,1128.758,42.969,15,0,4096,S (sleeping)
2026-07-31T12:41:26.962475+00:00,13706.440142340,56.084246,10862,45.922,2.296,165.152,1128.758,42.969,15,0,0,S (sleeping)
2026-07-31T12:41:27.463255+00:00,13706.941004807,56.585108,10862,43.924,2.196,165.309,1129.027,42.969,15,0,0,S (sleeping)
2026-07-31T12:41:27.964015+00:00,13707.441763850,57.085867,10862,43.933,2.197,165.309,1129.027,42.969,15,0,0,S (sleeping)
2026-07-31T12:41:28.464755+00:00,13707.942504192,57.586608,10862,45.932,2.297,165.309,1129.027,42.969,15,0,4096,S (sleeping)
2026-07-31T12:41:28.965498+00:00,13708.443251600,58.087355,10862,45.931,2.297,162.434,1126.062,42.969,15,0,4096,S (sleeping)
2026-07-31T12:41:29.466291+00:00,13708.944036333,58.588140,10862,45.928,2.296,165.715,1129.129,42.969,15,0,0,S (sleeping)
2026-07-31T12:41:29.967105+00:00,13709.444856688,59.088960,10862,47.921,2.396,165.715,1129.129,42.969,15,0,4096,S (sleeping)
2026-07-31T12:41:30.467847+00:00,13709.945594246,59.589698,10862,49.926,2.496,167.121,1129.574,42.969,15,0,12288,S (sleeping)
2026-07-31T12:41:30.968587+00:00,13710.446341077,60.090445,10862,45.931,2.297,168.527,1129.574,42.969,15,0,0,S (sleeping)
2026-07-31T12:41:31.469306+00:00,13710.947061689,60.591165,10862,49.928,2.496,168.527,1129.574,42.969,15,0,0,S (sleeping)
2026-07-31T12:41:31.970044+00:00,13711.447797823,61.091901,10862,49.926,2.496,169.621,1129.574,42.969,15,0,4096,S (sleeping)
2026-07-31T12:41:32.470834+00:00,13711.948589570,61.592693,10862,49.921,2.496,169.621,1129.574,42.969,15,0,0,S (sleeping)
2026-07-31T12:41:32.971607+00:00,13712.449336147,62.093440,10862,51.922,2.596,169.621,1129.574,42.969,15,0,0,S (sleeping)
2026-07-31T12:41:33.471103+00:00,13712.950099491,62.594203,10862,53.918,2.696,170.090,1129.574,42.969,15,0,4096,S (sleeping)
2026-07-31T12:41:33.971840+00:00,13713.450851614,63.094955,10862,51.922,2.596,170.246,1129.574,42.969,15,0,0,S (sleeping)
2026-07-31T12:41:34.472557+00:00,13713.951573121,63.595677,10862,53.922,2.696,171.496,1129.574,42.969,15,0,0,S (sleeping)
2026-07-31T12:41:34.973273+00:00,13714.452293144,64.096397,10862,53.922,2.696,171.809,1129.574,42.969,15,0,0,S (sleeping)
2026-07-31T12:41:35.473999+00:00,13714.953013159,64.597117,10862,53.922,2.696,171.809,1129.574,42.969,15,0,12288,S (sleeping)
2026-07-31T12:41:35.974733+00:00,13715.453747633,65.097851,10862,55.918,2.796,172.590,1129.574,42.969,15,0,0,S (sleeping)
2026-07-31T12:41:36.475500+00:00,13715.954507213,65.598611,10862,53.918,2.696,172.590,1129.574,42.969,15,0,0,S (sleeping)
2026-07-31T12:41:36.976280+00:00,13716.455269108,66.099373,10862,59.909,2.995,173.773,1130.844,42.969,15,0,4096,S (sleeping)
2026-07-31T12:41:37.477040+00:00,13716.956057030,66.600161,10862,57.909,2.895,171.785,1127.551,42.969,15,0,0,S (sleeping)
2026-07-31T12:41:37.977696+00:00,13717.456708788,67.100812,10862,57.924,2.896,176.473,1129.020,42.969,15,0,0,S (sleeping)
2026-07-31T12:41:38.478430+00:00,13717.957441897,67.601545,10862,59.912,2.996,178.848,1130.219,42.969,15,0,0,S (sleeping)
2026-07-31T12:41:38.979180+00:00,13718.458182705,68.102286,10862,57.914,2.896,180.723,1130.926,42.969,15,0,4096,S (sleeping)
2026-07-31T12:41:39.479916+00:00,13718.958928641,68.603032,10862,59.911,2.996,181.035,1130.926,42.969,15,0,0,S (sleeping)
2026-07-31T12:41:39.980630+00:00,13719.459651418,69.103755,10862,55.919,2.796,179.203,1129.090,42.969,15,0,8192,S (sleeping)
2026-07-31T12:41:40.481141+00:00,13719.960152845,69.604256,10862,55.944,2.797,181.859,1131.711,42.969,15,0,4096,S (sleeping)
2026-07-31T12:41:40.981892+00:00,13720.460900915,70.105004,10862,59.910,2.996,182.016,1131.953,42.969,15,0,0,S (sleeping)
2026-07-31T12:41:41.482652+00:00,13720.961666836,70.605770,10862,55.914,2.796,182.328,1132.156,42.969,15,0,0,S (sleeping)
2026-07-31T12:41:41.983684+00:00,13721.462462631,71.106566,10862,59.905,2.995,182.328,1132.156,42.969,15,0,0,S (sleeping)
2026-07-31T12:41:42.484424+00:00,13721.963439636,71.607543,10862,61.879,3.094,182.328,1132.156,42.969,15,0,4096,S (sleeping)
2026-07-31T12:41:42.985083+00:00,13722.464092999,72.108197,10862,59.922,2.996,182.328,1132.156,42.969,15,0,0,S (sleeping)
2026-07-31T12:41:43.485819+00:00,13722.964829835,72.608933,10862,61.909,3.095,182.484,1132.156,42.969,15,0,0,S (sleeping)
2026-07-31T12:41:43.986583+00:00,13723.465584714,73.109688,10862,61.907,3.095,186.547,1132.156,42.969,15,0,4096,S (sleeping)
2026-07-31T12:41:44.487317+00:00,13723.966328531,73.610432,10862,59.911,2.996,187.797,1132.156,42.969,15,0,4096,S (sleeping)
2026-07-31T12:41:44.988051+00:00,13724.467064591,74.111168,10862,57.915,2.896,187.797,1132.156,42.969,15,0,0,S (sleeping)
2026-07-31T12:41:45.488777+00:00,13724.967790695,74.611894,10862,65.904,3.295,187.797,1132.156,42.969,15,0,12288,S (sleeping)
2026-07-31T12:41:45.989138+00:00,13725.468149395,75.112253,10862,57.958,2.898,194.008,1132.156,42.969,15,0,4096,S (sleeping)
2026-07-31T12:41:46.489867+00:00,13725.968874985,75.612979,10862,59.913,2.996,194.008,1132.156,42.969,15,0,0,S (sleeping)
2026-07-31T12:41:46.990597+00:00,13726.469607690,76.113711,10862,59.912,2.996,195.414,1133.453,42.969,15,0,0,S (sleeping)
2026-07-31T12:41:47.491460+00:00,13726.970466840,76.614570,10862,55.904,2.795,195.414,1133.453,42.969,15,0,4096,S (sleeping)
2026-07-31T12:41:47.992242+00:00,13727.471241020,77.115345,10862,61.904,3.095,198.383,1134.266,42.969,15,0,0,S (sleeping)
2026-07-31T12:41:48.492999+00:00,13727.971992885,77.616096,10862,59.910,2.995,198.383,1134.266,42.969,15,0,0,S (sleeping)
2026-07-31T12:41:48.993749+00:00,13728.472759088,78.116863,10862,53.917,2.696,198.383,1134.266,42.969,15,0,0,S (sleeping)
2026-07-31T12:41:49.494576+00:00,13728.973582435,78.617686,10862,57.905,2.895,199.789,1135.609,42.969,15,0,4096,S (sleeping)
2026-07-31T12:41:49.995318+00:00,13729.474325730,79.118429,10862,61.908,3.095,199.789,1135.609,42.969,15,0,8192,R (running)
2026-07-31T12:41:50.496052+00:00,13729.975063520,79.619167,10862,55.917,2.796,201.039,1136.863,42.969,15,0,0,R (running)
2026-07-31T12:41:50.996802+00:00,13730.475809975,80.119913,10862,57.914,2.896,201.039,1136.863,42.969,15,0,4096,S (sleeping)
2026-07-31T12:41:51.497576+00:00,13730.976576308,80.620680,10862,55.914,2.796,202.133,1138.074,42.969,15,0,0,S (sleeping)
2026-07-31T12:41:51.998302+00:00,13731.477314241,81.121418,10862,57.915,2.896,202.133,1138.074,42.969,15,0,0,S (sleeping)
2026-07-31T12:41:52.499038+00:00,13731.978051993,81.622156,10862,59.912,2.996,203.695,1139.566,42.969,15,0,0,S (sleeping)
2026-07-31T12:41:52.999762+00:00,13732.478776213,82.122880,10862,59.913,2.996,203.695,1139.566,42.969,15,0,4096,S (sleeping)
2026-07-31T12:41:53.500501+00:00,13732.979517008,82.623621,10862,61.908,3.095,204.633,1140.445,42.969,15,0,0,S (sleeping)
2026-07-31T12:41:54.001242+00:00,13733.480250127,83.124354,10862,57.915,2.896,204.633,1140.445,42.969,15,0,0,S (sleeping)
2026-07-31T12:41:54.502021+00:00,13733.981019400,83.625123,10862,55.914,2.796,205.414,1141.102,42.969,15,0,4096,S (sleeping)
2026-07-31T12:41:55.002754+00:00,13734.481769896,84.125873,10862,61.907,3.095,205.414,1141.297,42.969,15,0,0,R (running)
2026-07-31T12:41:55.503477+00:00,13734.982493779,84.626597,10862,57.916,2.896,205.570,1141.441,42.969,15,0,8192,R (running)
2026-07-31T12:41:56.004213+00:00,13735.483214183,85.127318,10862,59.914,2.996,207.133,1142.957,42.969,15,0,0,R (running)
2026-07-31T12:41:56.504966+00:00,13735.983952222,85.628056,10862,61.909,3.095,207.133,1142.957,42.969,15,0,4096,R (running)
2026-07-31T12:41:57.005688+00:00,13736.484696868,86.128800,10862,55.917,2.796,207.445,1143.285,42.969,15,0,0,R (running)
2026-07-31T12:41:57.506401+00:00,13736.985419647,86.629523,10862,59.913,2.996,207.758,1143.637,42.969,15,0,0,R (running)
2026-07-31T12:41:58.007265+00:00,13737.486205316,87.130309,10862,61.903,3.095,208.070,1143.977,42.969,15,0,4096,R (running)
2026-07-31T12:41:58.508011+00:00,13737.987024015,87.631128,10862,57.905,2.895,208.383,1144.301,42.969,15,0,0,R (running)
2026-07-31T12:41:59.008759+00:00,13738.487762279,88.131866,10862,57.914,2.896,209.008,1144.969,42.969,15,0,0,R (running)
2026-07-31T12:41:59.509490+00:00,13738.988502644,88.632606,10862,63.905,3.195,209.008,1144.969,42.969,15,0,4096,R (running)
2026-07-31T12:42:00.010576+00:00,13739.489591151,89.133695,10862,61.865,3.093,209.008,1144.969,42.969,15,0,16384,R (running)
2026-07-31T12:42:00.511326+00:00,13739.990333729,89.634437,10862,61.908,3.095,209.164,1144.969,42.969,15,0,0,R (running)
2026-07-31T12:42:01.012070+00:00,13740.491080767,90.135184,10862,57.913,2.896,209.320,1145.242,42.969,15,0,0,R (running)
2026-07-31T12:42:01.513080+00:00,13740.991992365,90.636096,10862,59.891,2.995,209.633,1145.570,42.969,15,0,4096,R (running)
2026-07-31T12:42:02.013866+00:00,13741.492877755,91.136981,10862,59.894,2.995,209.789,1145.570,42.969,15,0,0,R (running)
2026-07-31T12:42:02.514589+00:00,13741.993603709,91.637707,10862,57.916,2.896,209.789,1145.570,42.969,15,0,0,R (running)
2026-07-31T12:42:03.015317+00:00,13742.494334443,92.138438,10862,57.915,2.896,210.102,1145.922,42.969,15,0,4096,R (running)
2026-07-31T12:42:03.515028+00:00,13742.995064299,92.639168,10862,61.910,3.095,210.102,1145.922,42.969,15,0,0,R (running)
2026-07-31T12:42:04.015759+00:00,13743.495804775,93.139908,10862,63.905,3.195,211.195,1147.070,42.969,15,0,0,R (running)
2026-07-31T12:42:04.516533+00:00,13743.996566064,93.640670,10862,61.906,3.095,211.195,1147.070,42.969,15,0,0,S (sleeping)
2026-07-31T12:42:05.017312+00:00,13744.497347139,94.141451,10862,53.916,2.696,211.195,1147.070,42.969,15,0,4096,S (sleeping)
2026-07-31T12:42:05.518048+00:00,13744.998099683,94.642203,10862,69.895,3.495,211.195,1147.070,42.969,15,0,8192,S (sleeping)
2026-07-31T12:42:06.018785+00:00,13745.498833812,95.142937,10862,59.912,2.996,211.508,1147.359,42.969,15,0,0,S (sleeping)
2026-07-31T12:42:06.519518+00:00,13745.999558820,95.643662,10862,59.913,2.996,211.820,1147.719,42.969,15,0,4096,S (sleeping)
2026-07-31T12:42:07.020252+00:00,13746.500304318,96.144408,10862,59.911,2.996,212.758,1148.703,42.969,15,0,0,S (sleeping)
2026-07-31T12:42:07.521231+00:00,13747.001207546,96.645311,10862,59.892,2.995,212.758,1148.703,42.969,15,0,0,S (sleeping)
2026-07-31T12:42:08.021985+00:00,13747.502036237,97.146140,10862,59.901,2.995,213.227,1149.055,42.969,15,0,0,S (sleeping)
2026-07-31T12:42:08.522722+00:00,13748.002762084,97.646866,10862,63.907,3.195,213.383,1149.332,42.969,15,0,4096,S (sleeping)
2026-07-31T12:42:09.023461+00:00,13748.503506588,98.147610,10862,59.911,2.996,213.383,1149.332,42.969,15,0,0,S (sleeping)
2026-07-31T12:42:09.524190+00:00,13749.004240616,98.648344,10862,61.909,3.095,214.008,1149.883,42.969,15,0,0,S (sleeping)
2026-07-31T12:42:10.024969+00:00,13749.505011516,99.149115,10862,59.908,2.995,214.164,1150.102,42.969,15,0,12288,S (sleeping)
2026-07-31T12:42:10.525695+00:00,13750.005748622,99.649852,10862,59.912,2.996,214.633,1150.492,42.969,15,0,4096,S (sleeping)
2026-07-31T12:42:11.026607+00:00,13750.506494328,100.150598,10862,59.911,2.996,214.633,1150.492,42.969,15,0,0,S (sleeping)
2026-07-31T12:42:11.527077+00:00,13751.007120075,100.651224,10862,59.925,2.996,214.633,1150.492,42.969,15,0,0,R (running)
2026-07-31T12:42:12.027796+00:00,13751.507850709,101.151954,10862,61.910,3.095,214.633,1150.492,42.969,15,0,4096,S (sleeping)
2026-07-31T12:42:12.528522+00:00,13752.008572813,101.652676,10862,59.913,2.996,215.258,1151.172,42.969,15,0,0,S (sleeping)
2026-07-31T12:42:13.029273+00:00,13752.509312189,102.153416,10862,51.923,2.596,215.727,1151.621,42.969,15,0,0,R (running)
2026-07-31T12:42:13.529997+00:00,13753.010047675,102.654151,10862,77.885,3.894,216.664,1152.566,42.969,15,0,4096,S (sleeping)
2026-07-31T12:42:14.030732+00:00,13753.510774082,103.154878,10862,59.913,2.996,217.602,1153.426,42.969,15,0,0,S (sleeping)
2026-07-31T12:42:14.531501+00:00,13754.011537953,103.655641,10862,65.899,3.295,218.227,1154.059,42.969,15,0,4096,S (sleeping)
2026-07-31T12:42:15.032262+00:00,13754.512311457,104.156415,10862,57.910,2.896,218.227,1154.059,42.969,15,0,12288,S (sleeping)
2026-07-31T12:42:15.532987+00:00,13755.013038835,104.657142,10862,59.913,2.996,219.164,1155.121,42.969,15,0,4096,S (sleeping)
2026-07-31T12:42:16.033721+00:00,13755.513769917,105.157873,10862,61.909,3.095,219.789,1155.750,42.969,15,0,0,S (sleeping)
2026-07-31T12:42:16.534526+00:00,13756.014576142,105.658680,10862,61.900,3.095,219.945,1155.750,42.969,15,0,0,S (sleeping)
2026-07-31T12:42:17.035246+00:00,13756.515301316,106.159405,10862,61.910,3.096,219.945,1155.750,42.969,15,0,4096,S (sleeping)
2026-07-31T12:42:17.536052+00:00,13757.016101938,106.660205,10862,61.901,3.095,219.945,1155.879,42.969,15,0,0,S (sleeping)
2026-07-31T12:42:18.036810+00:00,13757.516855014,107.160959,10862,65.901,3.295,220.258,1156.168,42.969,15,0,0,S (sleeping)
2026-07-31T12:42:18.537657+00:00,13758.017708119,107.661812,10862,61.894,3.095,221.352,1157.309,42.969,15,0,0,S (sleeping)
2026-07-31T12:42:19.038391+00:00,13758.518441029,108.162545,10862,63.906,3.195,221.820,1157.664,42.969,15,0,4096,S (sleeping)
2026-07-31T12:42:19.539161+00:00,13759.019194629,108.663298,10862,63.904,3.195,222.133,1158.004,42.969,15,0,0,S (sleeping)
2026-07-31T12:42:20.039942+00:00,13759.519963685,109.164067,10862,63.902,3.195,222.133,1158.004,42.969,15,0,8192,S (sleeping)
2026-07-31T12:42:20.540683+00:00,13760.020722711,109.664826,10862,63.903,3.195,222.133,1158.004,42.969,15,0,4096,S (sleeping)
2026-07-31T12:42:21.041534+00:00,13760.521578517,110.165682,10862,63.891,3.195,222.133,1158.004,42.969,15,0,0,S (sleeping)
2026-07-31T12:42:21.542274+00:00,13761.022314940,110.666418,10862,63.906,3.195,222.133,1158.004,42.969,15,0,0,S (sleeping)
2026-07-31T12:42:22.043010+00:00,13761.523053539,111.167157,10862,65.903,3.295,222.133,1158.004,42.969,15,0,4096,S (sleeping)
2026-07-31T12:42:22.543746+00:00,13762.023796680,111.667900,10862,65.902,3.295,222.133,1158.004,42.969,15,0,0,S (sleeping)
2026-07-31T12:42:23.044483+00:00,13762.524535727,112.168639,10862,65.903,3.295,222.133,1158.004,42.969,15,0,0,S (sleeping)
2026-07-31T12:42:23.545219+00:00,13763.025265510,112.669369,10862,63.907,3.195,222.133,1158.004,42.969,15,0,0,S (sleeping)
2026-07-31T12:42:24.045986+00:00,13763.526027493,113.170131,10862,67.897,3.395,222.133,1158.004,42.969,15,0,4096,S (sleeping)
2026-07-31T12:42:24.546746+00:00,13764.026785533,113.670889,10862,67.897,3.395,224.320,1158.004,42.969,15,0,0,S (sleeping)
2026-07-31T12:42:25.047483+00:00,13764.527532592,114.171636,10862,71.893,3.595,224.789,1158.004,42.969,15,0,8192,S (sleeping)
2026-07-31T12:42:25.548217+00:00,13765.028267897,114.672371,10862,63.906,3.195,224.789,1158.004,42.969,15,0,4096,S (sleeping)
2026-07-31T12:42:26.048951+00:00,13765.529002842,115.173106,10862,57.915,2.896,224.789,1158.004,42.969,15,0,0,S (sleeping)
2026-07-31T12:42:26.549683+00:00,13766.029735688,115.673839,10862,57.915,2.896,224.789,1158.004,42.969,15,0,0,S (sleeping)
2026-07-31T12:42:27.050476+00:00,13766.530525994,116.174630,10862,61.902,3.095,224.789,1158.004,42.969,15,0,0,S (sleeping)
2026-07-31T12:42:27.551209+00:00,13767.031253123,116.675357,10862,63.907,3.195,224.789,1158.004,42.969,15,0,4096,S (sleeping)
2026-07-31T12:42:28.052122+00:00,13767.532020771,117.176124,10862,61.905,3.095,224.789,1158.004,42.969,15,0,0,S (sleeping)
2026-07-31T12:42:28.552922+00:00,13768.032961547,117.677065,10862,69.869,3.493,229.992,1158.004,42.969,15,0,0,S (sleeping)
2026-07-31T12:42:29.053213+00:00,13768.533251348,118.177355,10862,67.961,3.398,230.617,1158.004,42.969,15,0,4096,S (sleeping)
2026-07-31T12:42:29.553932+00:00,13769.033981816,118.678085,10862,67.901,3.395,247.023,1158.004,42.969,15,0,4096,S (sleeping)
2026-07-31T12:42:30.054675+00:00,13769.534719188,119.178823,10862,59.912,2.996,247.023,1158.004,42.969,15,0,12288,S (sleeping)
2026-07-31T12:42:30.555403+00:00,13770.035457754,119.679561,10862,61.909,3.095,247.023,1158.004,42.969,15,0,0,S (sleeping)
2026-07-31T12:42:31.056147+00:00,13770.536189412,120.180293,10862,57.915,2.896,247.023,1158.004,42.969,15,0,4096,S (sleeping)
2026-07-31T12:42:31.556887+00:00,13771.036932786,120.681036,10862,63.905,3.195,247.023,1158.004,42.969,15,0,0,S (sleeping)
2026-07-31T12:42:32.057627+00:00,13771.537676001,121.181780,10862,59.911,2.996,247.023,1158.004,42.969,15,0,0,S (sleeping)
2026-07-31T12:42:32.558362+00:00,13772.038415115,121.682519,10862,57.914,2.896,247.023,1158.004,42.969,15,0,4096,S (sleeping)
2026-07-31T12:42:33.059088+00:00,13772.539137661,122.183241,10862,61.911,3.096,247.023,1158.004,42.969,15,0,0,R (running)
2026-07-31T12:42:33.558824+00:00,13773.039865810,122.683969,10862,65.904,3.295,247.023,1158.004,42.969,15,0,0,S (sleeping)
2026-07-31T12:42:34.059580+00:00,13773.540618630,123.184722,10862,61.907,3.095,247.023,1158.004,42.969,15,0,0,S (sleeping)
2026-07-31T12:42:34.559867+00:00,13774.040912105,123.685016,10862,67.960,3.398,247.336,1158.004,42.969,15,0,4096,S (sleeping)
2026-07-31T12:42:35.060183+00:00,13774.541220133,124.185324,10862,63.961,3.198,247.336,1158.004,42.969,15,0,8192,S (sleeping)
2026-07-31T12:42:35.560501+00:00,13775.041535698,124.685639,10862,61.961,3.098,247.336,1158.004,42.969,15,0,0,S (sleeping)
2026-07-31T12:42:36.060817+00:00,13775.541845045,125.185949,10862,59.963,2.998,247.336,1158.004,42.969,15,0,4096,S (sleeping)
2026-07-31T12:42:36.561596+00:00,13776.042618834,125.686722,10862,67.895,3.395,254.055,1222.004,42.969,15,0,0,S (sleeping)
2026-07-31T12:42:37.062331+00:00,13776.543368450,126.187472,10862,65.901,3.295,260.133,1222.004,42.969,15,0,0,S (sleeping)
2026-07-31T12:42:37.563068+00:00,13777.044105105,126.688209,10862,59.912,2.996,260.133,1222.004,42.969,15,0,4096,R (running)
2026-07-31T12:42:38.063794+00:00,13777.544834182,127.188938,10862,59.913,2.996,260.133,1222.004,42.969,15,0,0,S (sleeping)
2026-07-31T12:42:38.564530+00:00,13778.045552084,127.689656,10862,69.900,3.495,267.207,1222.004,42.969,15,0,0,S (sleeping)
2026-07-31T12:42:39.065275+00:00,13778.546294827,128.190398,10862,61.908,3.095,267.207,1222.004,42.969,15,0,0,S (sleeping)
2026-07-31T12:42:39.566011+00:00,13779.047037433,128.691141,10862,63.905,3.195,267.207,1222.004,42.969,15,0,4096,S (sleeping)
2026-07-31T12:42:40.066706+00:00,13779.547737314,129.191841,10862,61.913,3.096,267.207,1222.004,42.969,15,0,8192,S (sleeping)
2026-07-31T12:42:40.567075+00:00,13780.048103803,129.692207,10862,63.953,3.198,267.207,1222.004,42.969,15,0,0,S (sleeping)
2026-07-31T12:42:41.067808+00:00,13780.548845572,130.192949,10862,61.908,3.095,267.207,1222.004,42.969,15,0,4096,S (sleeping)
2026-07-31T12:42:41.568546+00:00,13781.049579542,130.693683,10862,61.909,3.095,267.207,1222.004,42.969,15,0,0,S (sleeping)
2026-07-31T12:42:42.069276+00:00,13781.550314985,131.194419,10862,63.906,3.195,267.207,1222.004,42.969,15,0,0,S (sleeping)
2026-07-31T12:42:42.570014+00:00,13782.051054756,131.695158,10862,69.897,3.495,270.488,1222.004,42.969,15,0,0,S (sleeping)
2026-07-31T12:42:43.070758+00:00,13782.551793434,132.195897,10862,63.906,3.195,270.488,1222.004,42.969,15,0,4096,S (sleeping)
2026-07-31T12:42:43.571508+00:00,13783.052541403,132.696645,10862,63.904,3.195,270.488,1222.004,42.969,15,0,0,S (sleeping)
2026-07-31T12:42:44.072283+00:00,13783.553321188,133.197425,10862,65.897,3.295,270.488,1222.004,42.969,15,0,0,S (sleeping)
2026-07-31T12:42:44.573016+00:00,13784.054054066,133.698158,10862,57.915,2.896,270.488,1222.004,42.969,15,0,8192,S (sleeping)
2026-07-31T12:42:45.073756+00:00,13784.554795858,134.198899,10862,59.911,2.996,270.488,1222.004,42.969,15,0,12288,S (sleeping)
2026-07-31T12:42:45.574483+00:00,13785.055523669,134.699627,10862,61.910,3.095,270.801,1222.004,42.969,15,0,0,S (sleeping)
2026-07-31T12:42:46.075233+00:00,13785.556256290,135.200360,10862,57.915,2.896,270.801,1222.004,42.969,15,0,4096,S (sleeping)
2026-07-31T12:42:46.575957+00:00,13786.056999975,135.701103,10862,61.908,3.095,270.801,1222.004,42.969,15,0,0,S (sleeping)
2026-07-31T12:42:47.076933+00:00,13786.557869425,136.201973,10862,59.896,2.995,270.801,1222.004,42.969,15,0,0,S (sleeping)
2026-07-31T12:42:47.577692+00:00,13787.058717282,136.702821,10862,61.895,3.095,270.801,1222.004,42.969,15,0,0,S (sleeping)
2026-07-31T12:42:48.078427+00:00,13787.559465175,137.203569,10862,69.895,3.495,278.770,1222.004,42.969,15,0,4096,S (sleeping)
2026-07-31T12:42:48.579153+00:00,13788.060190605,137.704294,10862,65.904,3.295,288.145,1222.004,42.969,15,0,0,S (sleeping)
2026-07-31T12:42:49.079880+00:00,13788.560917683,138.205021,10862,59.913,2.996,288.145,1222.004,42.969,15,0,0,S (sleeping)
2026-07-31T12:42:49.580619+00:00,13789.061646441,138.705750,10862,57.916,2.896,288.145,1222.004,42.969,15,0,4096,S (sleeping)
2026-07-31T12:42:50.081366+00:00,13789.562390623,139.206494,10862,57.914,2.896,288.145,1222.004,42.969,15,0,8192,S (sleeping)
2026-07-31T12:42:50.582115+00:00,13790.063151559,139.707255,10862,61.906,3.095,288.145,1222.004,42.969,15,0,4096,S (sleeping)
2026-07-31T12:42:51.082882+00:00,13790.563878904,140.207982,10862,61.910,3.095,288.145,1222.004,42.969,15,0,0,S (sleeping)
2026-07-31T12:42:51.583613+00:00,13791.064650875,140.708754,10862,59.908,2.995,288.145,1222.004,42.969,15,0,4096,S (sleeping)
2026-07-31T12:42:52.084334+00:00,13791.565371752,141.209475,10862,59.914,2.996,288.145,1222.004,42.969,15,0,0,S (sleeping)
2026-07-31T12:42:52.585078+00:00,13792.066102421,141.710206,10862,67.901,3.395,288.301,1222.004,42.969,15,0,0,S (sleeping)
2026-07-31T12:42:53.085834+00:00,13792.566871874,142.210975,10862,61.905,3.095,288.301,1222.004,42.969,15,0,4096,S (sleeping)
2026-07-31T12:42:53.586582+00:00,13793.067613178,142.711717,10862,63.905,3.195,288.301,1222.004,42.969,15,0,0,S (sleeping)
2026-07-31T12:42:54.087327+00:00,13793.568364187,143.212468,10862,59.910,2.996,288.301,1222.004,42.969,15,0,0,S (sleeping)
2026-07-31T12:42:54.588069+00:00,13794.069099814,143.713203,10862,67.900,3.395,288.301,1222.004,42.969,15,0,0,S (sleeping)
2026-07-31T12:42:55.088810+00:00,13794.569848446,144.213952,10862,61.907,3.095,288.301,1222.004,42.969,15,0,12288,S (sleeping)
2026-07-31T12:42:55.589616+00:00,13795.070652958,144.714756,10862,57.907,2.895,288.301,1222.004,42.969,15,0,0,S (sleeping)
2026-07-31T12:42:56.090365+00:00,13795.571399977,145.215503,10862,59.910,2.996,288.301,1222.004,42.969,15,0,0,S (sleeping)
2026-07-31T12:42:56.591129+00:00,13796.072169053,145.716273,10862,61.905,3.095,288.301,1222.004,42.969,15,0,4096,S (sleeping)
2026-07-31T12:42:57.091922+00:00,13796.572945259,146.217049,10862,59.907,2.995,288.301,1222.004,42.969,15,0,0,R (running)
2026-07-31T12:42:57.592681+00:00,13797.073719490,146.717823,10862,59.907,2.995,288.301,1222.004,42.969,15,0,0,S (sleeping)
2026-07-31T12:42:58.093433+00:00,13797.574459076,147.218563,10862,61.908,3.095,288.301,1222.004,42.969,15,0,4096,S (sleeping)
2026-07-31T12:42:58.594164+00:00,13798.075205465,147.719309,10862,61.908,3.095,288.301,1222.004,42.969,15,0,0,S (sleeping)
2026-07-31T12:42:59.094916+00:00,13798.575944199,148.220048,10862,63.906,3.195,288.301,1222.004,42.969,15,0,0,S (sleeping)
2026-07-31T12:42:59.595672+00:00,13799.076696688,148.720800,10862,75.886,3.794,301.895,1222.004,42.969,15,0,4096,S (sleeping)
2026-07-31T12:43:00.096404+00:00,13799.577445010,149.221549,10862,57.913,2.896,301.895,1222.004,42.969,15,0,16384,S (sleeping)
2026-07-31T12:43:00.597168+00:00,13800.078181419,149.722285,10862,63.906,3.195,301.895,1222.004,42.969,15,0,0,S (sleeping)
2026-07-31T12:43:01.097931+00:00,13800.578943043,150.223047,10862,59.909,2.995,301.895,1222.004,42.969,15,0,0,S (sleeping)
2026-07-31T12:43:01.598672+00:00,13801.079699808,150.723803,10862,69.894,3.495,311.582,1222.004,42.969,15,0,4096,S (sleeping)
2026-07-31T12:43:02.098937+00:00,13801.579948440,151.224052,10862,63.968,3.198,311.582,1222.004,42.969,15,0,0,S (sleeping)
2026-07-31T12:43:02.599589+00:00,13802.080626939,151.724730,10862,61.916,3.096,311.582,1222.004,42.969,15,0,0,S (sleeping)
2026-07-31T12:43:03.100335+00:00,13802.581351541,152.225455,10862,61.910,3.096,311.582,1222.004,42.969,15,0,0,S (sleeping)
2026-07-31T12:43:03.599672+00:00,13803.082111778,152.726215,10862,63.903,3.195,311.582,1222.004,42.969,15,0,4096,S (sleeping)
2026-07-31T12:43:04.100431+00:00,13803.582845192,153.226949,10862,63.906,3.195,311.582,1222.004,42.969,15,0,0,S (sleeping)
2026-07-31T12:43:04.601096+00:00,13804.083506370,153.727610,10862,59.921,2.996,311.582,1222.004,42.969,15,0,0,S (sleeping)
2026-07-31T12:43:05.101851+00:00,13804.584288332,154.228392,10862,65.897,3.295,311.582,1222.004,42.969,15,0,12288,R (running)
2026-07-31T12:43:05.602587+00:00,13805.085017240,154.729121,10862,61.910,3.095,311.582,1222.004,42.969,15,0,0,R (running)
2026-07-31T12:43:06.103188+00:00,13805.585615696,155.229719,10862,67.919,3.396,311.582,1222.004,42.969,15,0,0,R (running)
2026-07-31T12:43:06.603922+00:00,13806.086365628,155.730469,10862,63.904,3.195,311.582,1222.004,42.969,15,0,4096,R (running)
2026-07-31T12:43:07.104661+00:00,13806.587092083,156.231196,10862,57.916,2.896,311.582,1222.004,42.969,15,0,0,R (running)
2026-07-31T12:43:07.605587+00:00,13807.087983382,156.732087,10862,61.890,3.094,311.582,1222.004,42.969,15,0,0,R (running)
2026-07-31T12:43:08.106395+00:00,13807.588836466,157.232940,10862,63.891,3.195,311.582,1222.004,42.969,15,0,0,R (running)
2026-07-31T12:43:08.607128+00:00,13808.089568436,157.733672,10862,59.912,2.996,311.582,1222.004,42.969,15,0,4096,R (running)
2026-07-31T12:43:09.107934+00:00,13808.590361742,158.234465,10862,63.899,3.195,311.582,1222.004,42.969,15,0,0,R (running)
2026-07-31T12:43:09.608678+00:00,13809.091116880,158.735220,10862,61.907,3.095,311.582,1222.004,42.969,15,0,0,R (running)
2026-07-31T12:43:10.109546+00:00,13809.591893304,159.235997,10862,69.891,3.495,311.582,1222.004,42.969,15,0,12288,R (running)
2026-07-31T12:43:10.610321+00:00,13810.092751429,159.736855,10862,63.890,3.195,311.582,1222.004,42.969,15,0,0,R (running)
2026-07-31T12:43:11.110619+00:00,13810.593039448,160.237143,10862,65.962,3.298,311.582,1222.004,42.969,15,0,0,R (running)
2026-07-31T12:43:11.611493+00:00,13811.093860933,160.737964,10862,57.905,2.895,311.582,1222.004,42.969,15,0,4096,R (running)
2026-07-31T12:43:12.112095+00:00,13811.594524356,161.238628,10862,53.928,2.696,311.582,1222.004,42.969,15,0,0,S (sleeping)
2026-07-31T12:43:12.612830+00:00,13812.095269312,161.739373,10862,77.884,3.894,328.926,1286.004,42.969,15,0,0,R (running)
2026-07-31T12:43:13.113592+00:00,13812.596027579,162.240131,10862,65.900,3.295,328.926,1286.004,42.969,15,0,0,R (running)
2026-07-31T12:43:13.614337+00:00,13813.096775536,162.740879,10862,61.907,3.095,328.926,1286.004,42.969,15,0,4096,R (running)
2026-07-31T12:43:14.115202+00:00,13813.597566230,163.241670,10862,61.902,3.095,328.926,1286.004,42.969,15,0,0,R (running)
2026-07-31T12:43:14.616106+00:00,13814.098475311,163.742579,10862,61.887,3.094,328.926,1286.004,42.969,15,0,4096,R (running)
2026-07-31T12:43:15.116888+00:00,13814.599307142,164.243411,10862,65.890,3.295,328.926,1286.004,42.969,15,0,16384,R (running)
2026-07-31T12:43:15.617648+00:00,13815.100079635,164.744183,10862,67.895,3.395,328.926,1286.004,42.969,15,0,0,R (running)
2026-07-31T12:43:16.118408+00:00,13815.600846944,165.244950,10862,63.902,3.195,328.926,1286.004,42.969,15,0,0,R (running)
2026-07-31T12:43:16.619139+00:00,13816.101579007,165.745683,10862,61.909,3.095,328.926,1286.004,42.969,15,0,0,R (running)
2026-07-31T12:43:17.119948+00:00,13816.602371553,166.246475,10862,77.877,3.894,337.988,1286.004,42.969,15,0,4096,S (sleeping)
2026-07-31T12:43:17.620701+00:00,13817.103138443,166.747242,10862,59.908,2.995,337.988,1286.004,42.969,15,0,0,S (sleeping)
2026-07-31T12:43:18.121538+00:00,13817.603917634,167.248021,10862,61.904,3.095,337.988,1286.004,42.969,15,0,0,S (sleeping)
2026-07-31T12:43:18.622296+00:00,13818.104734901,167.748838,10862,61.899,3.095,337.988,1286.004,42.969,15,0,4096,S (sleeping)
2026-07-31T12:43:19.123047+00:00,13818.605485639,168.249589,10862,63.904,3.195,337.988,1286.004,42.969,15,0,0,S (sleeping)
2026-07-31T12:43:19.623768+00:00,13819.106203875,168.750307,10862,63.908,3.195,337.988,1286.004,42.969,15,0,8192,S (sleeping)
2026-07-31T12:43:20.124501+00:00,13819.606939334,169.251043,10862,65.903,3.295,337.988,1286.004,42.969,15,0,0,S (sleeping)
2026-07-31T12:43:20.625270+00:00,13820.107693643,169.751797,10862,61.907,3.095,337.988,1286.004,42.969,15,0,8192,S (sleeping)
2026-07-31T12:43:21.126048+00:00,13820.608471689,170.252575,10862,63.901,3.195,337.988,1286.004,42.969,15,0,0,S (sleeping)
2026-07-31T12:43:21.626792+00:00,13821.109226001,170.753330,10862,65.901,3.295,337.988,1286.004,42.969,15,0,0,S (sleeping)
2026-07-31T12:43:22.127533+00:00,13821.609972381,171.254076,10862,61.908,3.095,337.988,1286.004,42.969,15,0,4096,S (sleeping)
2026-07-31T12:43:22.628257+00:00,13822.110699940,171.754803,10862,63.907,3.195,337.988,1286.004,42.969,15,0,0,S (sleeping)
2026-07-31T12:43:23.128979+00:00,13822.611422589,172.255526,10862,61.911,3.096,337.988,1286.004,42.969,15,0,0,S (sleeping)
2026-07-31T12:43:23.629713+00:00,13823.112154999,172.756259,10862,49.927,2.496,337.988,1286.004,42.969,15,0,4096,R (running)
2026-07-31T12:43:24.130437+00:00,13823.612878358,173.256982,10862,73.893,3.695,337.988,1286.004,42.969,15,0,0,S (sleeping)
2026-07-31T12:43:24.631212+00:00,13824.113639915,173.757743,10862,55.915,2.796,337.988,1286.004,42.969,15,0,0,R (running)
2026-07-31T12:43:25.131943+00:00,13824.614386221,174.258490,10862,75.887,3.794,337.988,1286.004,42.969,15,0,8192,S (sleeping)
2026-07-31T12:43:25.632197+00:00,13825.114637356,174.758741,10862,65.967,3.298,337.988,1286.004,42.969,15,0,4096,S (sleeping)
2026-07-31T12:43:26.132932+00:00,13825.615378272,175.259482,10862,77.885,3.894,339.863,1286.004,42.969,15,0,0,S (sleeping)
2026-07-31T12:43:26.633663+00:00,13826.116096325,175.760200,10862,59.914,2.996,339.863,1286.004,42.969,15,0,0,S (sleeping)
2026-07-31T12:43:27.134403+00:00,13826.616836146,176.260940,10862,59.911,2.996,339.863,1286.004,42.969,15,0,4096,S (sleeping)
2026-07-31T12:43:27.635137+00:00,13827.117568216,176.761672,10862,59.912,2.996,339.863,1286.004,42.969,15,0,0,S (sleeping)
2026-07-31T12:43:28.135869+00:00,13827.618300530,177.262404,10862,61.909,3.095,339.863,1286.004,42.969,15,0,0,S (sleeping)
2026-07-31T12:43:28.636654+00:00,13828.119060821,177.763164,10862,65.900,3.295,339.863,1286.004,42.969,15,0,4096,S (sleeping)
2026-07-31T12:43:29.137392+00:00,13828.619828420,178.263932,10862,63.902,3.195,339.863,1286.004,42.969,15,0,0,S (sleeping)
2026-07-31T12:43:29.638116+00:00,13829.120560911,178.764664,10862,61.909,3.095,339.863,1286.004,42.969,15,0,8192,S (sleeping)
2026-07-31T12:43:30.138836+00:00,13829.621280068,179.265384,10862,63.908,3.195,339.863,1286.004,42.969,15,0,4096,S (sleeping)
2026-07-31T12:43:30.639567+00:00,13830.122011721,179.766115,10862,61.909,3.095,339.863,1286.004,42.969,15,0,8192,S (sleeping)
2026-07-31T12:43:31.140288+00:00,13830.622724444,180.266828,10862,65.906,3.295,339.863,1286.004,42.969,15,0,0,S (sleeping)
2026-07-31T12:43:31.641018+00:00,13831.123464555,180.767568,10862,61.908,3.095,339.863,1286.004,42.969,15,0,0,S (sleeping)
2026-07-31T12:43:32.141801+00:00,13831.624216217,181.268320,10862,69.895,3.495,339.863,1286.004,42.969,15,0,4096,S (sleeping)
2026-07-31T12:43:32.642570+00:00,13832.124984915,181.769088,10862,63.902,3.195,339.863,1286.004,42.969,15,0,0,S (sleeping)
2026-07-31T12:43:33.143309+00:00,13832.625749472,182.269853,10862,59.908,2.995,339.863,1286.004,42.969,15,0,0,S (sleeping)
2026-07-31T12:43:33.642765+00:00,13833.126475443,182.770579,10862,63.907,3.195,339.863,1286.004,42.969,15,0,0,S (sleeping)
2026-07-31T12:43:34.143489+00:00,13833.627191279,183.271295,10862,63.909,3.195,339.863,1286.004,42.969,15,0,4096,S (sleeping)
2026-07-31T12:43:34.644248+00:00,13834.127929617,183.772033,10862,59.912,2.996,339.863,1286.004,42.969,15,0,0,S (sleeping)
2026-07-31T12:43:35.144978+00:00,13834.628688585,184.272792,10862,69.894,3.495,360.020,1310.008,42.969,15,0,8192,S (sleeping)
2026-07-31T12:43:35.645746+00:00,13835.129439673,184.773543,10862,73.889,3.694,360.332,1310.008,42.969,15,0,4096,S (sleeping)
2026-07-31T12:43:36.146475+00:00,13835.630191020,185.274295,10862,59.910,2.995,347.199,1286.004,42.969,15,0,0,S (sleeping)
2026-07-31T12:43:36.647210+00:00,13836.130917179,185.775021,10862,59.913,2.996,347.199,1286.004,42.969,15,0,0,S (sleeping)
2026-07-31T12:43:37.147936+00:00,13836.631646317,186.275750,10862,63.907,3.195,347.199,1286.004,42.969,15,0,4096,S (sleeping)
2026-07-31T12:43:37.648692+00:00,13837.132390023,186.776494,10862,59.911,2.996,347.199,1286.004,42.969,15,0,0,S (sleeping)
2026-07-31T12:43:38.149439+00:00,13837.633148562,187.277252,10862,59.909,2.995,347.199,1286.004,42.969,15,0,0,S (sleeping)
2026-07-31T12:43:38.650313+00:00,13838.134003561,187.778107,10862,63.891,3.195,347.199,1286.004,42.969,15,0,0,S (sleeping)
2026-07-31T12:43:39.151050+00:00,13838.634760525,188.278864,10862,61.906,3.095,347.199,1286.004,42.969,15,0,4096,S (sleeping)
2026-07-31T12:43:39.651790+00:00,13839.135494462,188.779598,10862,65.903,3.295,347.199,1286.004,42.969,15,0,8192,S (sleeping)
2026-07-31T12:43:40.152520+00:00,13839.636226739,189.280330,10862,61.909,3.095,347.199,1286.004,42.969,15,0,0,S (sleeping)
2026-07-31T12:43:40.653253+00:00,13840.136960514,189.781064,10862,65.903,3.295,348.918,1286.004,42.969,15,0,4096,S (sleeping)
2026-07-31T12:43:41.154033+00:00,13840.637742392,190.281846,10862,63.900,3.195,348.918,1286.004,42.969,15,0,0,S (sleeping)
2026-07-31T12:43:41.654822+00:00,13841.138530917,190.782634,10862,59.906,2.995,348.918,1286.004,42.969,15,0,0,S (sleeping)
2026-07-31T12:43:42.155579+00:00,13841.639266222,191.283370,10862,59.912,2.996,348.918,1286.004,42.969,15,0,0,S (sleeping)
2026-07-31T12:43:42.656349+00:00,13842.140053439,191.784157,10862,63.899,3.195,348.918,1286.004,42.969,15,0,4096,S (sleeping)
2026-07-31T12:43:43.157143+00:00,13842.640850168,192.284954,10862,61.901,3.095,348.918,1286.004,42.969,15,0,0,S (sleeping)
2026-07-31T12:43:43.657887+00:00,13843.141590780,192.785694,10862,59.911,2.996,348.918,1286.004,42.969,15,0,0,S (sleeping)
2026-07-31T12:43:44.158644+00:00,13843.642342515,193.286446,10862,59.910,2.995,348.918,1286.004,42.969,15,0,4096,S (sleeping)
2026-07-31T12:43:44.659375+00:00,13844.143083626,193.787187,10862,65.902,3.295,348.918,1286.004,42.969,15,0,0,S (sleeping)
2026-07-31T12:43:45.160117+00:00,13844.643819078,194.287923,10862,59.912,2.996,348.918,1286.004,42.969,15,0,16384,S (sleeping)
2026-07-31T12:43:45.660892+00:00,13845.144574014,194.788678,10862,65.900,3.295,348.918,1286.004,42.969,15,0,4096,S (sleeping)
2026-07-31T12:43:46.161648+00:00,13845.645349064,195.289453,10862,61.904,3.095,348.918,1286.004,42.969,15,0,0,S (sleeping)
2026-07-31T12:43:46.662432+00:00,13846.146140255,195.790244,10862,81.870,4.094,378.293,1350.004,42.969,15,0,0,S (sleeping)
2026-07-31T12:43:47.163162+00:00,13846.646868124,196.290972,10862,61.910,3.095,378.293,1350.004,42.969,15,0,0,S (sleeping)
2026-07-31T12:43:47.663919+00:00,13847.147609064,196.791713,10862,57.914,2.896,378.293,1350.004,42.969,15,0,4096,S (sleeping)
2026-07-31T12:43:48.164722+00:00,13847.648374739,197.292478,10862,61.905,3.095,378.293,1350.004,42.969,15,0,0,R (running)
2026-07-31T12:43:48.665512+00:00,13848.149183263,197.793287,10862,61.900,3.095,378.293,1350.004,42.969,15,0,0,S (sleeping)
2026-07-31T12:43:49.166267+00:00,13848.649972843,198.294076,10862,59.905,2.995,378.293,1350.004,42.969,15,0,4096,S (sleeping)
2026-07-31T12:43:49.666997+00:00,13849.150707295,198.794811,10862,63.906,3.195,378.293,1350.004,42.969,15,0,8192,S (sleeping)
2026-07-31T12:43:50.167724+00:00,13849.651434349,199.295538,10862,63.907,3.195,378.293,1350.004,42.969,15,0,0,S (sleeping)
2026-07-31T12:43:50.668452+00:00,13850.152147428,199.796251,10862,61.912,3.096,378.293,1350.004,42.969,15,0,4096,S (sleeping)
2026-07-31T12:43:51.169175+00:00,13850.652887084,200.296991,10862,61.908,3.095,378.293,1350.004,42.969,15,0,0,S (sleeping)
2026-07-31T12:43:51.669900+00:00,13851.153611719,200.797715,10862,67.902,3.395,378.293,1350.004,42.969,15,0,0,S (sleeping)
2026-07-31T12:43:52.170705+00:00,13851.654396974,201.298500,10862,69.890,3.495,378.293,1350.004,42.969,15,0,0,S (sleeping)
2026-07-31T12:43:52.671449+00:00,13852.155150263,201.799254,10862,59.910,2.995,378.293,1350.004,42.969,15,0,4096,S (sleeping)
2026-07-31T12:43:53.172227+00:00,13852.655896838,202.300000,10862,55.917,2.796,378.293,1350.004,42.969,15,0,0,S (sleeping)
2026-07-31T12:43:53.672960+00:00,13853.156669710,202.800773,10862,67.895,3.395,378.293,1350.004,42.969,15,0,0,S (sleeping)
2026-07-31T12:43:54.173690+00:00,13853.657388770,203.301492,10862,57.917,2.896,378.293,1350.004,42.969,15,0,4096,S (sleeping)
2026-07-31T12:43:54.674418+00:00,13854.158128632,203.802232,10862,71.894,3.595,383.293,1350.004,42.969,15,0,0,S (sleeping)
2026-07-31T12:43:55.175152+00:00,13854.658859102,204.302963,10862,59.912,2.996,383.293,1350.004,42.969,15,0,8192,S (sleeping)
2026-07-31T12:43:55.675883+00:00,13855.159585338,204.803689,10862,61.910,3.096,383.293,1350.004,42.969,15,0,0,S (sleeping)
2026-07-31T12:43:56.176634+00:00,13855.660326593,205.304430,10862,59.911,2.996,383.293,1350.004,42.969,15,0,4096,S (sleeping)
2026-07-31T12:43:56.677413+00:00,13856.161100520,205.805204,10862,61.904,3.095,383.293,1350.004,42.969,15,0,0,S (sleeping)
2026-07-31T12:43:57.178153+00:00,13856.661861715,206.305965,10862,65.900,3.295,383.293,1350.004,42.969,15,0,0,S (sleeping)
2026-07-31T12:43:57.678884+00:00,13857.162592862,206.806696,10862,63.907,3.195,383.293,1350.004,42.969,15,0,4096,S (sleeping)
2026-07-31T12:43:58.179678+00:00,13857.663375909,207.307479,10862,59.906,2.995,383.293,1350.004,42.969,15,0,0,S (sleeping)
2026-07-31T12:43:58.680433+00:00,13858.164130122,207.808234,10862,65.901,3.295,383.293,1350.004,42.969,15,0,0,S (sleeping)
2026-07-31T12:43:59.181198+00:00,13858.664893459,208.308997,10862,57.912,2.896,383.293,1350.004,42.969,15,0,0,S (sleeping)
2026-07-31T12:43:59.681971+00:00,13859.165655254,208.809759,10862,109.833,5.492,466.887,1462.008,42.969,15,0,12288,R (running)
2026-07-31T12:44:00.182706+00:00,13859.666404456,209.310508,10862,57.913,2.896,466.887,1462.008,42.969,15,0,4096,S (sleeping)
2026-07-31T12:44:00.683450+00:00,13860.167145789,209.811249,10862,59.911,2.996,466.887,1462.008,42.969,15,0,8192,S (sleeping)
2026-07-31T12:44:01.184216+00:00,13860.667901688,210.312005,10862,63.903,3.195,435.469,1414.004,42.969,15,0,4096,S (sleeping)
2026-07-31T12:44:01.684963+00:00,13861.168659393,210.812763,10862,59.909,2.995,435.469,1414.004,42.969,15,0,0,S (sleeping)
2026-07-31T12:44:02.185698+00:00,13861.669408504,211.313512,10862,61.907,3.095,435.469,1414.004,42.969,15,0,0,S (sleeping)
2026-07-31T12:44:02.686503+00:00,13862.170193094,211.814297,10862,63.900,3.195,435.469,1414.004,42.969,15,0,4096,S (sleeping)
2026-07-31T12:44:03.187334+00:00,13862.671010886,212.315114,10862,59.902,2.995,435.469,1414.004,42.969,15,0,0,S (sleeping)
2026-07-31T12:44:03.686684+00:00,13863.171779068,212.815883,10862,61.905,3.095,435.469,1414.004,42.969,15,0,0,R (running)
2026-07-31T12:44:04.187442+00:00,13863.672522200,213.316626,10862,61.908,3.095,435.469,1414.004,42.969,15,0,0,R (running)
2026-07-31T12:44:04.688217+00:00,13864.173311356,213.817415,10862,63.899,3.195,435.469,1414.004,42.969,15,0,4096,S (sleeping)
2026-07-31T12:44:05.188948+00:00,13864.674043080,214.318147,10862,61.909,3.095,435.469,1414.004,42.969,15,0,8192,S (sleeping)
2026-07-31T12:44:05.689792+00:00,13865.174850039,214.818954,10862,65.894,3.295,435.469,1414.004,42.969,15,0,0,R (running)
2026-07-31T12:44:06.190550+00:00,13865.675634629,215.319738,10862,55.912,2.796,435.469,1414.004,42.969,15,0,4096,S (sleeping)
2026-07-31T12:44:06.691305+00:00,13866.176385867,215.820489,10862,61.907,3.095,435.469,1414.004,42.969,15,0,0,S (sleeping)
2026-07-31T12:44:07.192193+00:00,13866.677208363,216.321312,10862,73.878,3.694,445.156,1414.004,42.969,15,0,0,S (sleeping)
2026-07-31T12:44:07.692571+00:00,13867.177664035,216.821768,10862,57.947,2.897,445.156,1414.004,42.969,15,0,4096,S (sleeping)
2026-07-31T12:44:08.193312+00:00,13867.678407615,217.322511,10862,59.911,2.996,445.156,1414.004,42.969,15,0,0,S (sleeping)
2026-07-31T12:44:08.694038+00:00,13868.179133062,217.823237,10862,61.910,3.096,445.156,1414.004,42.969,15,0,0,S (sleeping)
2026-07-31T12:44:09.194790+00:00,13868.679870214,218.323974,10862,59.912,2.996,445.156,1414.004,42.969,15,0,0,S (sleeping)
2026-07-31T12:44:09.695578+00:00,13869.180664819,218.824768,10862,65.895,3.295,445.156,1414.004,42.969,15,0,12288,S (sleeping)
2026-07-31T12:44:10.196328+00:00,13869.681417029,219.325521,10862,61.907,3.095,445.156,1414.004,42.969,15,0,0,S (sleeping)
2026-07-31T12:44:10.697085+00:00,13870.182166885,219.826270,10862,65.901,3.295,445.156,1414.004,42.969,15,0,0,R (running)
2026-07-31T12:44:11.197831+00:00,13870.682926074,220.327030,10862,59.909,2.995,445.156,1414.004,42.969,15,0,4096,S (sleeping)
2026-07-31T12:44:11.698593+00:00,13871.183676895,220.827780,10862,69.895,3.495,445.156,1414.004,42.969,15,0,0,S (sleeping)
2026-07-31T12:44:12.199328+00:00,13871.684423212,221.328527,10862,61.908,3.095,445.156,1414.004,42.969,15,0,0,S (sleeping)
2026-07-31T12:44:12.699679+00:00,13872.184755060,221.828859,10862,67.955,3.398,445.156,1414.004,42.969,15,0,0,S (sleeping)
2026-07-31T12:44:13.200146+00:00,13872.685226083,222.329330,10862,75.928,3.796,445.156,1414.004,42.969,15,0,4096,S (sleeping)
2026-07-31T12:44:13.700518+00:00,13873.185585739,222.829689,10862,59.957,2.998,445.156,1414.004,42.969,15,0,0,S (sleeping)
2026-07-31T12:44:14.201275+00:00,13873.686347215,223.330451,10862,61.906,3.095,445.156,1414.004,42.969,15,0,0,S (sleeping)
2026-07-31T12:44:14.702036+00:00,13874.187122921,223.831226,10862,77.879,3.894,466.875,1414.004,42.969,15,0,4096,R (running)
2026-07-31T12:44:15.202285+00:00,13874.687379765,224.331483,10862,65.966,3.298,466.875,1414.004,42.969,15,0,12288,R (running)
2026-07-31T12:44:15.702998+00:00,13875.188088385,224.832192,10862,61.912,3.096,466.875,1414.004,42.969,15,0,0,R (running)
2026-07-31T12:44:16.203772+00:00,13875.688864803,225.332968,10862,61.904,3.095,466.875,1414.004,42.969,15,0,4096,R (running)
2026-07-31T12:44:16.704514+00:00,13876.189596189,225.833700,10862,63.907,3.195,466.875,1414.004,42.969,15,0,0,R (running)
2026-07-31T12:44:17.205371+00:00,13876.690390253,226.334494,10862,61.902,3.095,466.875,1414.004,42.969,15,0,0,R (running)
2026-07-31T12:44:17.706126+00:00,13877.191215977,226.835319,10862,63.894,3.195,466.875,1414.004,42.969,15,0,0,R (running)
2026-07-31T12:44:18.206898+00:00,13877.691967398,227.336071,10862,63.904,3.195,466.875,1414.004,42.969,15,0,4096,R (running)
2026-07-31T12:44:18.707295+00:00,13878.192384299,227.836488,10862,63.947,3.197,466.875,1414.004,42.969,15,0,0,R (running)
2026-07-31T12:44:19.208034+00:00,13878.693121047,228.337225,10862,61.909,3.095,466.875,1414.004,42.969,15,0,0,R (running)
2026-07-31T12:44:19.708791+00:00,13879.193878450,228.837982,10862,67.897,3.395,466.875,1414.004,42.969,15,0,16384,R (running)
2026-07-31T12:44:20.209539+00:00,13879.694630464,229.338734,10862,65.901,3.295,466.875,1414.004,42.969,15,0,0,R (running)
2026-07-31T12:44:20.710310+00:00,13880.195390138,229.839494,10862,69.894,3.495,466.875,1414.004,42.969,15,0,0,R (running)
2026-07-31T12:44:21.211216+00:00,13880.696210168,230.340314,10862,63.895,3.195,466.875,1414.004,42.969,15,0,4096,R (running)
2026-07-31T12:44:21.711956+00:00,13881.197048017,230.841152,10862,57.903,2.895,466.875,1414.004,42.969,15,0,0,R (running)
2026-07-31T12:44:22.212706+00:00,13881.697784066,231.341888,10862,53.921,2.696,466.875,1414.004,42.969,15,0,0,S (sleeping)
2026-07-31T12:44:22.713453+00:00,13882.198532402,231.842636,10862,77.883,3.894,466.875,1414.004,42.969,15,0,0,R (running)
2026-07-31T12:44:23.214190+00:00,13882.699286310,232.343390,10862,61.907,3.095,466.875,1414.004,42.969,15,0,4096,R (running)
2026-07-31T12:44:23.714911+00:00,13883.200007706,232.844111,10862,63.908,3.195,466.875,1414.004,42.969,15,0,0,R (running)
2026-07-31T12:44:24.215649+00:00,13883.700737466,233.344841,10862,61.910,3.095,466.875,1414.004,42.969,15,0,0,R (running)
2026-07-31T12:44:24.716502+00:00,13884.201530108,233.845634,10862,61.902,3.095,466.875,1414.004,42.969,15,0,4096,R (running)
2026-07-31T12:44:25.217273+00:00,13884.702356754,234.346460,10862,63.894,3.195,466.875,1414.004,42.969,15,0,8192,S (sleeping)
2026-07-31T12:44:25.718014+00:00,13885.203092030,234.847196,10862,61.909,3.095,466.875,1414.004,42.969,15,0,0,S (sleeping)
2026-07-31T12:44:26.218747+00:00,13885.703842020,235.347946,10862,57.913,2.896,466.875,1414.004,42.969,15,0,0,S (sleeping)
2026-07-31T12:44:26.719250+00:00,13886.204336069,235.848440,10862,65.935,3.297,466.875,1414.004,42.969,15,0,4096,S (sleeping)
2026-07-31T12:44:27.219983+00:00,13886.705065308,236.349169,10862,63.907,3.195,466.875,1414.004,42.969,15,0,0,S (sleeping)
2026-07-31T12:44:27.720727+00:00,13887.205818871,236.849922,10862,63.904,3.195,466.875,1414.004,42.969,15,0,0,S (sleeping)
2026-07-31T12:44:28.221463+00:00,13887.706556972,237.350660,10862,61.909,3.095,466.875,1414.004,42.969,15,0,4096,S (sleeping)
2026-07-31T12:44:28.722197+00:00,13888.207281028,237.851385,10862,63.907,3.195,466.875,1414.004,42.969,15,0,0,S (sleeping)
2026-07-31T12:44:29.222936+00:00,13888.708030048,238.352134,10862,63.904,3.195,466.875,1414.004,42.969,15,0,0,S (sleeping)
2026-07-31T12:44:29.723662+00:00,13889.208758772,238.852862,10862,65.904,3.295,466.875,1414.004,42.969,15,0,12288,S (sleeping)
2026-07-31T12:44:30.224384+00:00,13889.709478610,239.353582,10862,63.908,3.195,466.875,1414.004,42.969,15,0,8192,S (sleeping)
2026-07-31T12:44:30.725115+00:00,13890.210209696,239.854313,10862,67.901,3.395,466.875,1414.004,42.969,15,0,0,S (sleeping)
2026-07-31T12:44:31.225864+00:00,13890.710944532,240.355048,10862,61.909,3.095,466.875,1414.004,42.969,15,0,0,S (sleeping)
2026-07-31T12:44:31.726683+00:00,13891.211749775,240.855853,10862,63.897,3.195,466.875,1414.004,42.969,15,0,4096,S (sleeping)
2026-07-31T12:44:32.227435+00:00,13891.712529955,241.356633,10862,113.822,5.691,540.938,1526.008,42.969,15,0,0,S (sleeping)
2026-07-31T12:44:32.728166+00:00,13892.213261412,241.857365,10862,57.915,2.896,540.938,1526.008,42.969,15,0,0,S (sleeping)
2026-07-31T12:44:33.228917+00:00,13892.714004914,242.358108,10862,57.914,2.896,502.043,1478.004,42.969,15,0,4096,S (sleeping)
2026-07-31T12:44:33.728658+00:00,13893.214737349,242.858841,10862,61.909,3.095,502.043,1478.004,42.969,15,0,0,S (sleeping)
2026-07-31T12:44:34.229378+00:00,13893.715457227,243.359561,10862,61.911,3.096,502.043,1478.004,42.969,15,0,0,S (sleeping)
2026-07-31T12:44:34.730155+00:00,13894.216213851,243.860317,10862,61.906,3.095,502.043,1478.004,42.969,15,0,0,S (sleeping)
2026-07-31T12:44:35.230895+00:00,13894.716971930,244.361075,10862,61.906,3.095,502.043,1478.004,42.969,15,0,12288,S (sleeping)
2026-07-31T12:44:35.731622+00:00,13895.217695185,244.861799,10862,65.905,3.295,502.043,1478.004,42.969,15,0,0,S (sleeping)
2026-07-31T12:44:36.232349+00:00,13895.718424364,245.362528,10862,59.913,2.996,502.043,1478.004,42.969,15,0,0,S (sleeping)
2026-07-31T12:44:36.733082+00:00,13896.219158558,245.863262,10862,61.909,3.095,502.043,1478.004,42.969,15,0,4096,S (sleeping)
2026-07-31T12:44:37.233858+00:00,13896.719914457,246.364018,10862,61.906,3.095,502.043,1478.004,42.969,15,0,0,S (sleeping)
2026-07-31T12:44:37.734612+00:00,13897.220670683,246.864774,10862,65.900,3.295,502.043,1478.004,42.969,15,0,0,S (sleeping)
2026-07-31T12:44:38.235356+00:00,13897.721430703,247.365534,10862,61.906,3.095,502.043,1478.004,42.969,15,0,4096,S (sleeping)
2026-07-31T12:44:38.736122+00:00,13898.222179931,247.866283,10862,59.910,2.996,502.043,1478.004,42.969,15,0,0,S (sleeping)
2026-07-31T12:44:39.236873+00:00,13898.722938201,248.367042,10862,63.903,3.195,502.043,1478.004,42.969,15,0,0,S (sleeping)
2026-07-31T12:44:39.737607+00:00,13899.223683979,248.867787,10862,69.896,3.495,502.043,1478.004,42.969,15,0,8192,S (sleeping)
2026-07-31T12:44:40.238369+00:00,13899.724434813,249.368538,10862,59.910,2.996,502.043,1478.004,42.969,15,0,8192,S (sleeping)
2026-07-31T12:44:40.739108+00:00,13900.225181969,249.869285,10862,61.907,3.095,502.043,1478.004,42.969,15,0,0,S (sleeping)
2026-07-31T12:44:41.239906+00:00,13900.725954990,250.370059,10862,61.904,3.095,502.043,1478.004,42.969,15,0,0,S (sleeping)
2026-07-31T12:44:41.740650+00:00,13901.226716837,250.870820,10862,61.906,3.095,502.043,1478.004,42.969,15,0,4096,S (sleeping)
2026-07-31T12:44:42.241390+00:00,13901.727461509,251.371565,10862,63.905,3.195,502.043,1478.004,42.969,15,0,0,S (sleeping)
2026-07-31T12:44:42.742130+00:00,13902.228204568,251.872308,10862,63.905,3.195,502.043,1478.004,42.969,15,0,0,S (sleeping)
2026-07-31T12:44:43.242862+00:00,13902.728930464,252.373034,10862,63.907,3.195,502.043,1478.004,42.969,15,0,0,S (sleeping)
2026-07-31T12:44:43.743611+00:00,13903.229682677,252.873786,10862,65.901,3.295,502.043,1478.004,42.969,15,0,4096,S (sleeping)
2026-07-31T12:44:44.244347+00:00,13903.730423260,253.374527,10862,69.896,3.495,502.043,1478.004,42.969,15,0,0,S (sleeping)
2026-07-31T12:44:44.745081+00:00,13904.231154022,253.875258,10862,61.910,3.095,502.043,1478.004,42.969,15,0,0,S (sleeping)
2026-07-31T12:44:45.245404+00:00,13904.731460543,254.375564,10862,65.960,3.298,502.043,1478.004,42.969,15,0,16384,S (sleeping)
2026-07-31T12:44:45.746149+00:00,13905.232216245,254.876320,10862,61.906,3.095,502.043,1478.004,42.969,15,0,0,S (sleeping)
2026-07-31T12:44:46.246887+00:00,13905.732954539,255.377058,10862,59.912,2.996,502.043,1478.004,42.969,15,0,0,S (sleeping)
2026-07-31T12:44:46.747621+00:00,13906.233691280,255.877795,10862,67.900,3.395,502.043,1478.004,42.969,15,0,0,S (sleeping)
2026-07-31T12:44:47.248352+00:00,13906.734427550,256.378531,10862,65.903,3.295,502.043,1478.004,42.969,15,0,4096,S (sleeping)
2026-07-31T12:44:47.749086+00:00,13907.235159509,256.879263,10862,75.889,3.794,513.918,1478.004,42.969,15,0,0,S (sleeping)
2026-07-31T12:44:48.249852+00:00,13907.735891110,257.379995,10862,65.904,3.295,513.918,1478.004,42.969,15,0,0,S (sleeping)
2026-07-31T12:44:48.750212+00:00,13908.236289472,257.880393,10862,63.949,3.197,513.918,1478.004,42.969,15,0,4096,R (running)
2026-07-31T12:44:49.250999+00:00,13908.737075141,258.381179,10862,61.903,3.095,513.918,1478.004,42.969,15,0,0,S (sleeping)
2026-07-31T12:44:49.751729+00:00,13909.237804244,258.881908,10862,59.913,2.996,513.918,1478.004,42.969,15,0,12288,S (sleeping)
2026-07-31T12:44:50.252310+00:00,13909.738380773,259.382484,10862,65.924,3.296,513.918,1478.004,42.969,15,0,0,S (sleeping)
2026-07-31T12:44:50.752669+00:00,13910.238746125,259.882850,10862,61.955,3.098,514.230,1478.004,42.969,15,0,4096,S (sleeping)
2026-07-31T12:44:51.253272+00:00,13910.739343525,260.383447,10862,61.926,3.096,514.230,1478.004,42.969,15,0,0,S (sleeping)
2026-07-31T12:44:51.753623+00:00,13911.239677736,260.883781,10862,61.959,3.098,514.230,1478.004,42.969,15,0,0,S (sleeping)
2026-07-31T12:44:52.254330+00:00,13911.740403094,261.384507,10862,63.907,3.195,514.230,1478.004,42.969,15,0,4096,S (sleeping)
2026-07-31T12:44:52.754638+00:00,13912.240702226,261.884806,10862,67.959,3.398,514.230,1478.004,42.969,15,0,0,S (sleeping)
2026-07-31T12:44:53.255527+00:00,13912.741523146,262.385627,10862,63.895,3.195,514.230,1478.004,42.969,15,0,0,S (sleeping)
2026-07-31T12:44:53.755859+00:00,13913.241908967,262.886012,10862,67.948,3.397,514.230,1478.004,42.969,15,0,0,S (sleeping)
2026-07-31T12:44:54.256602+00:00,13913.742680533,263.386784,10862,57.911,2.896,514.230,1478.004,42.969,15,0,4096,S (sleeping)
2026-07-31T12:44:54.757313+00:00,13914.243372881,263.887476,10862,57.920,2.896,514.230,1478.004,42.969,15,0,0,S (sleeping)
2026-07-31T12:44:55.258061+00:00,13914.744121487,264.388225,10862,61.907,3.095,514.230,1478.004,42.969,15,0,8192,S (sleeping)
2026-07-31T12:44:55.758791+00:00,13915.244868422,264.888972,10862,59.911,2.996,514.230,1478.004,42.969,15,0,4096,S (sleeping)
2026-07-31T12:44:56.259533+00:00,13915.745607567,265.389711,10862,73.891,3.695,514.230,1478.004,42.969,15,0,0,S (sleeping)
2026-07-31T12:44:56.760381+00:00,13916.246449922,265.890553,10862,61.896,3.095,514.230,1478.004,42.969,15,0,0,S (sleeping)
2026-07-31T12:44:57.261145+00:00,13916.747210224,266.391314,10862,63.903,3.195,514.230,1478.004,42.969,15,0,0,S (sleeping)
2026-07-31T12:44:57.761894+00:00,13917.247961839,266.892065,10862,67.898,3.395,514.230,1478.004,42.969,15,0,4096,S (sleeping)
2026-07-31T12:44:58.262628+00:00,13917.748698932,267.392802,10862,65.903,3.295,514.230,1478.004,42.969,15,0,0,S (sleeping)
2026-07-31T12:44:58.763349+00:00,13918.249426608,267.893530,10862,57.916,2.896,514.230,1478.004,42.969,15,0,0,S (sleeping)
2026-07-31T12:44:59.264074+00:00,13918.750155119,268.394259,10862,61.910,3.095,514.230,1478.004,42.969,15,0,4096,S (sleeping)
2026-07-31T12:44:59.764797+00:00,13919.250873527,268.894977,10862,67.902,3.395,514.230,1478.004,42.969,15,0,8192,S (sleeping)
2026-07-31T12:45:00.265542+00:00,13919.751617356,269.395721,10862,63.905,3.195,514.230,1478.004,42.969,15,0,0,S (sleeping)
2026-07-31T12:45:00.766270+00:00,13920.252341188,269.896445,10862,61.910,3.096,514.230,1478.004,42.969,15,0,8192,S (sleeping)
2026-07-31T12:45:01.267023+00:00,13920.753094416,270.397198,10862,65.901,3.295,514.230,1478.004,42.969,15,0,0,S (sleeping)
2026-07-31T12:45:01.767755+00:00,13921.253829380,270.897933,10862,63.906,3.195,514.230,1478.004,42.969,15,0,0,S (sleeping)
2026-07-31T12:45:02.268496+00:00,13921.754561978,271.398665,10862,61.909,3.095,514.230,1478.004,42.969,15,0,0,S (sleeping)
2026-07-31T12:45:02.769217+00:00,13922.255298416,271.899402,10862,117.826,5.891,576.574,1526.008,42.969,15,0,4096,S (sleeping)
2026-07-31T12:45:03.268819+00:00,13922.756041168,272.400145,10862,57.914,2.896,576.574,1526.008,42.969,15,0,0,S (sleeping)
2026-07-31T12:45:03.769594+00:00,13923.256799784,272.900903,10862,59.909,2.995,576.574,1526.008,42.969,15,0,0,S (sleeping)
2026-07-31T12:45:04.270325+00:00,13923.757553251,273.401657,10862,61.907,3.095,534.152,1478.004,42.969,15,0,4096,S (sleeping)
2026-07-31T12:45:04.770632+00:00,13924.257855822,273.901959,10862,61.963,3.098,534.152,1478.004,42.969,15,0,0,S (sleeping)
2026-07-31T12:45:05.271028+00:00,13924.758242577,274.402346,10862,59.954,2.998,534.152,1478.004,42.969,15,0,12288,S (sleeping)
2026-07-31T12:45:05.771832+00:00,13925.259060269,274.903164,10862,59.902,2.995,534.152,1478.004,42.969,15,0,0,S (sleeping)
2026-07-31T12:45:06.272545+00:00,13925.759777487,275.403881,10862,63.908,3.195,534.152,1478.004,42.969,15,0,4096,S (sleeping)
2026-07-31T12:45:06.773254+00:00,13926.260483650,275.904587,10862,61.913,3.096,534.152,1478.004,42.969,15,0,0,S (sleeping)
2026-07-31T12:45:07.273974+00:00,13926.761203643,276.405307,10862,65.905,3.295,534.152,1478.004,42.969,15,0,0,S (sleeping)
2026-07-31T12:45:07.774711+00:00,13927.261936862,276.906040,10862,63.906,3.195,534.152,1478.004,42.969,15,0,4096,S (sleeping)
2026-07-31T12:45:08.275458+00:00,13927.762675982,277.406780,10862,65.903,3.295,534.152,1478.004,42.969,15,0,0,S (sleeping)
2026-07-31T12:45:08.776185+00:00,13928.263407388,277.907511,10862,57.915,2.896,534.152,1478.004,42.969,15,0,0,S (sleeping)
2026-07-31T12:45:09.276929+00:00,13928.764141797,278.408245,10862,59.912,2.996,534.152,1478.004,42.969,15,0,0,S (sleeping)
2026-07-31T12:45:09.777648+00:00,13929.264876050,278.908980,10862,63.906,3.195,534.152,1478.004,42.969,15,0,12288,S (sleeping)
2026-07-31T12:45:10.278363+00:00,13929.765587470,279.409691,10862,61.912,3.096,534.152,1478.004,42.969,15,0,0,S (sleeping)
2026-07-31T12:45:10.778779+00:00,13930.265968348,279.910072,10862,61.953,3.098,534.152,1478.004,42.969,15,0,0,S (sleeping)
2026-07-31T12:45:11.279671+00:00,13930.766578454,280.410682,10862,65.920,3.296,534.152,1478.004,42.969,15,0,4096,S (sleeping)
2026-07-31T12:45:11.780429+00:00,13931.267652152,280.911756,10862,63.863,3.193,534.152,1478.004,42.969,15,0,0,S (sleeping)
2026-07-31T12:45:12.281154+00:00,13931.768377575,281.412481,10862,63.907,3.195,534.152,1478.004,42.969,15,0,0,S (sleeping)
2026-07-31T12:45:12.781629+00:00,13932.268848904,281.912952,10862,73.930,3.697,546.809,1542.004,42.969,15,0,4096,S (sleeping)
2026-07-31T12:45:13.281895+00:00,13932.769112383,282.413216,10862,59.968,2.998,546.809,1542.004,42.969,15,0,0,S (sleeping)
2026-07-31T12:45:13.782626+00:00,13933.269847314,282.913951,10862,57.915,2.896,546.809,1542.004,42.969,15,0,0,S (sleeping)
2026-07-31T12:45:14.283403+00:00,13933.770618285,283.414722,10862,61.905,3.095,534.172,1478.004,42.969,15,0,0,S (sleeping)
2026-07-31T12:45:14.784137+00:00,13934.271342121,283.915446,10862,59.913,2.996,534.172,1478.004,42.969,15,0,4096,S (sleeping)
2026-07-31T12:45:15.285165+00:00,13934.772230376,284.416334,10862,63.887,3.194,534.172,1478.004,42.969,15,0,8192,S (sleeping)
2026-07-31T12:45:15.785757+00:00,13935.272861805,284.916965,10862,67.914,3.396,534.172,1478.004,42.969,15,0,4096,S (sleeping)
2026-07-31T12:45:16.286398+00:00,13935.773610322,285.417714,10862,65.901,3.295,534.172,1478.004,42.969,15,0,4096,S (sleeping)
2026-07-31T12:45:16.786666+00:00,13936.273889275,285.917993,10862,59.967,2.998,534.172,1478.004,42.969,15,0,0,R (running)
2026-07-31T12:45:17.287410+00:00,13936.774615871,286.418719,10862,61.910,3.096,534.172,1478.004,42.969,15,0,0,R (running)
2026-07-31T12:45:17.788084+00:00,13937.275306390,286.919410,10862,61.914,3.096,534.172,1478.004,42.969,15,0,0,S (sleeping)
2026-07-31T12:45:18.288830+00:00,13937.776053572,287.420157,10862,61.907,3.095,534.172,1478.004,42.969,15,0,4096,S (sleeping)
2026-07-31T12:45:18.789287+00:00,13938.276504360,287.920608,10862,65.941,3.297,534.172,1478.004,42.969,15,0,0,S (sleeping)
2026-07-31T12:45:19.290029+00:00,13938.777243911,288.421347,10862,57.914,2.896,534.172,1478.004,42.969,15,0,0,S (sleeping)
2026-07-31T12:45:19.790767+00:00,13939.277988667,288.922092,10862,55.917,2.796,534.172,1478.004,42.969,15,0,16384,S (sleeping)
2026-07-31T12:45:20.291497+00:00,13939.778718458,289.422822,10862,65.904,3.295,534.172,1478.004,42.969,15,0,4096,S (sleeping)
2026-07-31T12:45:20.792231+00:00,13940.279446553,289.923550,10862,59.913,2.996,534.172,1478.004,42.969,15,0,0,S (sleeping)
2026-07-31T12:45:21.292959+00:00,13940.780183744,290.424287,10862,57.915,2.896,534.172,1478.004,42.969,15,0,4096,S (sleeping)
2026-07-31T12:45:21.793701+00:00,13941.280911682,290.925015,10862,59.913,2.996,534.172,1478.004,42.969,15,0,0,S (sleeping)
2026-07-31T12:45:22.294429+00:00,13941.781652162,291.425756,10862,57.914,2.896,534.172,1478.004,42.969,15,0,0,S (sleeping)
2026-07-31T12:45:22.795212+00:00,13942.282408283,291.926512,10862,59.909,2.995,534.172,1478.004,42.969,15,0,0,S (sleeping)
2026-07-31T12:45:23.295950+00:00,13942.783175998,292.427280,10862,59.908,2.995,534.172,1478.004,42.969,15,0,4096,S (sleeping)
2026-07-31T12:45:23.796712+00:00,13943.283896919,292.928000,10862,59.914,2.996,534.172,1478.004,42.969,15,0,0,R (running)
2026-07-31T12:45:24.297443+00:00,13943.784663631,293.428767,10862,61.905,3.095,534.172,1478.004,42.969,15,0,0,S (sleeping)
2026-07-31T12:45:24.798166+00:00,13944.285388165,293.929492,10862,67.902,3.395,534.484,1478.004,42.969,15,0,4096,S (sleeping)
2026-07-31T12:45:25.298894+00:00,13944.786116090,294.430220,10862,65.904,3.295,534.484,1478.004,42.969,15,0,8192,S (sleeping)
2026-07-31T12:45:25.799625+00:00,13945.286849342,294.930953,10862,55.918,2.796,534.484,1478.004,42.969,15,0,0,S (sleeping)
2026-07-31T12:45:26.299975+00:00,13945.787193880,295.431297,10862,59.959,2.998,534.484,1478.004,42.969,15,0,0,S (sleeping)
2026-07-31T12:45:26.800777+00:00,13946.287965263,295.932069,10862,73.886,3.694,560.715,1526.008,42.969,15,0,4096,S (sleeping)
2026-07-31T12:45:27.301519+00:00,13946.788741728,296.432845,10862,71.888,3.594,560.715,1526.008,42.969,15,0,0,S (sleeping)
2026-07-31T12:45:27.802249+00:00,13947.289471125,296.933575,10862,57.916,2.896,534.473,1478.004,42.969,15,0,0,S (sleeping)
2026-07-31T12:45:28.302986+00:00,13947.790205563,297.434309,10862,57.915,2.896,534.473,1478.004,42.969,15,0,4096,R (running)
2026-07-31T12:45:28.803717+00:00,13948.290939042,297.935043,10862,61.909,3.095,534.473,1478.004,42.969,15,0,0,R (running)
2026-07-31T12:45:29.304475+00:00,13948.791689820,298.435793,10862,61.907,3.095,534.473,1478.004,42.969,15,0,0,R (running)
2026-07-31T12:45:29.805328+00:00,13949.292522437,298.936626,10862,61.897,3.095,534.473,1478.004,42.969,15,0,12288,R (running)
2026-07-31T12:45:30.306086+00:00,13949.793303743,299.437407,10862,63.900,3.195,534.473,1478.004,42.969,15,0,0,R (running)
2026-07-31T12:45:30.806836+00:00,13950.294047958,299.938151,10862,61.908,3.095,534.473,1478.004,42.969,15,0,4096,R (running)
2026-07-31T12:45:31.307592+00:00,13950.794798468,300.438902,10862,61.907,3.095,534.473,1478.004,42.969,15,0,0,R (running)
2026-07-31T12:45:31.808328+00:00,13951.295551787,300.939655,10862,59.910,2.995,534.473,1478.004,42.969,15,0,4096,R (running)
2026-07-31T12:45:32.309062+00:00,13951.796282323,301.440386,10862,65.904,3.295,534.473,1478.004,42.969,15,0,0,R (running)
2026-07-31T12:45:32.809829+00:00,13952.297036990,301.941141,10862,61.907,3.095,534.473,1478.004,42.969,15,0,0,R (running)
2026-07-31T12:45:33.309329+00:00,13952.797810832,302.441914,10862,55.913,2.796,534.473,1478.004,42.969,15,0,4096,R (running)
2026-07-31T12:45:33.810079+00:00,13953.298568249,302.942672,10862,71.891,3.595,534.473,1478.004,42.969,15,0,0,R (running)
2026-07-31T12:45:34.310837+00:00,13953.799326379,303.443430,10862,55.915,2.796,534.473,1478.004,42.969,15,0,0,R (running)
2026-07-31T12:45:34.811569+00:00,13954.300060412,303.944164,10862,61.909,3.095,534.473,1478.004,42.969,15,0,0,R (running)
2026-07-31T12:45:35.312314+00:00,13954.800797589,304.444901,10862,61.909,3.095,534.473,1478.004,42.969,15,0,16384,R (running)
2026-07-31T12:45:35.813057+00:00,13955.301548684,304.945652,10862,59.910,2.996,534.473,1478.004,42.969,15,0,0,R (running)
2026-07-31T12:45:36.313786+00:00,13955.802279006,305.446383,10862,63.907,3.195,534.473,1478.004,42.969,15,0,0,R (running)
2026-07-31T12:45:36.814778+00:00,13956.303192872,305.947296,10862,59.891,2.995,534.473,1478.004,42.969,15,0,4096,R (running)
2026-07-31T12:45:37.315565+00:00,13956.804051582,306.448155,10862,61.894,3.095,534.473,1478.004,42.969,15,0,0,S (sleeping)
2026-07-31T12:45:37.816417+00:00,13957.304829605,306.948933,10862,61.904,3.095,534.473,1478.004,42.969,15,0,0,R (running)
2026-07-31T12:45:38.317170+00:00,13957.805655560,307.449759,10862,63.894,3.195,534.473,1478.004,42.969,15,0,4096,R (running)
2026-07-31T12:45:38.817900+00:00,13958.306382925,307.950486,10862,65.904,3.295,534.473,1478.004,42.969,15,0,0,S (sleeping)
2026-07-31T12:45:39.318749+00:00,13958.807237216,308.451341,10862,63.891,3.195,534.473,1478.004,42.969,15,0,0,R (running)
2026-07-31T12:45:39.819644+00:00,13959.308065392,308.952169,10862,63.894,3.195,534.473,1478.004,42.969,15,0,8192,S (sleeping)
2026-07-31T12:45:40.320403+00:00,13959.808889530,309.452993,10862,57.905,2.895,534.473,1478.004,42.969,15,0,4096,S (sleeping)
2026-07-31T12:45:40.821172+00:00,13960.309650747,309.953754,10862,59.909,2.995,534.473,1478.004,42.969,15,0,0,S (sleeping)
2026-07-31T12:45:41.321909+00:00,13960.810400696,310.454504,10862,81.877,4.094,550.410,1542.004,42.969,15,0,0,S (sleeping)
2026-07-31T12:45:41.822643+00:00,13961.311132748,310.955236,10862,55.918,2.796,550.410,1542.004,42.969,15,0,4096,S (sleeping)
2026-07-31T12:45:42.323367+00:00,13961.811860030,311.455964,10862,57.916,2.896,534.477,1478.004,42.969,15,0,0,S (sleeping)
2026-07-31T12:45:42.824112+00:00,13962.312606377,311.956710,10862,63.905,3.195,534.477,1478.004,42.969,15,0,0,S (sleeping)
2026-07-31T12:45:43.324859+00:00,13962.813349243,312.457453,10862,63.905,3.195,534.477,1478.004,42.969,15,0,0,S (sleeping)
2026-07-31T12:45:43.825631+00:00,13963.314110131,312.958214,10862,59.909,2.995,534.477,1478.004,42.969,15,0,4096,S (sleeping)
2026-07-31T12:45:44.326357+00:00,13963.814851003,313.458955,10862,57.914,2.896,534.477,1478.004,42.969,15,0,0,S (sleeping)
2026-07-31T12:45:44.827101+00:00,13964.315589919,313.959693,10862,59.911,2.996,534.477,1478.004,42.969,15,0,0,S (sleeping)
2026-07-31T12:45:45.327833+00:00,13964.816318681,314.460422,10862,67.901,3.395,534.477,1478.004,42.969,15,0,12288,S (sleeping)
2026-07-31T12:45:45.828584+00:00,13965.317067294,314.961171,10862,61.907,3.095,534.477,1478.004,42.969,15,0,4096,S (sleeping)
2026-07-31T12:45:46.329324+00:00,13965.817816930,315.461920,10862,57.913,2.896,534.477,1478.004,42.969,15,0,0,S (sleeping)
2026-07-31T12:45:46.830069+00:00,13966.318562312,315.962666,10862,65.902,3.295,534.477,1478.004,42.969,15,0,0,S (sleeping)
2026-07-31T12:45:47.330874+00:00,13966.819338047,316.463442,10862,59.907,2.995,534.477,1478.004,42.969,15,0,4096,S (sleeping)
2026-07-31T12:45:47.831606+00:00,13967.320102304,316.964206,10862,57.911,2.896,534.477,1478.004,42.969,15,0,0,S (sleeping)
2026-07-31T12:45:48.332340+00:00,13967.820833984,317.464938,10862,57.915,2.896,534.477,1478.004,42.969,15,0,0,S (sleeping)
2026-07-31T12:45:48.833121+00:00,13968.321612888,317.965716,10862,63.900,3.195,534.477,1478.004,42.969,15,0,4096,S (sleeping)
2026-07-31T12:45:49.333857+00:00,13968.822341829,318.466445,10862,65.904,3.295,534.477,1478.004,42.969,15,0,0,S (sleeping)
2026-07-31T12:45:49.834612+00:00,13969.323091422,318.967195,10862,59.910,2.996,534.477,1478.004,42.969,15,0,12288,S (sleeping)
2026-07-31T12:45:50.335378+00:00,13969.823858990,319.467963,10862,63.902,3.195,534.477,1478.004,42.969,15,0,8192,S (sleeping)
2026-07-31T12:45:50.836149+00:00,13970.324629201,319.968733,10862,59.908,2.995,534.477,1478.004,42.969,15,0,0,S (sleeping)
2026-07-31T12:45:51.336869+00:00,13970.825362200,320.469466,10862,61.909,3.095,534.477,1478.004,42.969,15,0,0,S (sleeping)
2026-07-31T12:45:51.837608+00:00,13971.326096977,320.970200,10862,61.909,3.095,534.477,1478.004,42.969,15,0,0,S (sleeping)
2026-07-31T12:45:52.338367+00:00,13971.826849841,321.470953,10862,131.802,6.590,665.711,1638.008,42.969,15,0,4096,S (sleeping)
2026-07-31T12:45:52.839106+00:00,13972.327594751,321.971698,10862,65.902,3.295,613.062,1542.004,42.969,15,0,0,S (sleeping)
2026-07-31T12:45:53.339858+00:00,13972.828340468,322.472444,10862,57.914,2.896,613.062,1542.004,42.969,15,0,0,S (sleeping)
2026-07-31T12:45:53.840614+00:00,13973.329100726,322.973204,10862,61.906,3.095,665.875,1654.008,42.969,15,0,4096,S (sleeping)
2026-07-31T12:45:54.341355+00:00,13973.829849039,323.473953,10862,99.851,4.993,689.750,1662.219,42.969,15,0,0,S (sleeping)
2026-07-31T12:45:54.842108+00:00,13974.330577679,323.974681,10862,57.916,2.896,664.023,1614.215,42.969,15,0,0,S (sleeping)
2026-07-31T12:45:55.342838+00:00,13974.831328868,324.475432,10862,59.910,2.995,664.023,1614.215,42.969,15,0,8192,S (sleeping)
2026-07-31T12:45:55.843565+00:00,13975.332058593,324.976162,10862,61.910,3.095,664.023,1614.215,42.969,15,0,4096,S (sleeping)
2026-07-31T12:45:56.344303+00:00,13975.832786864,325.476890,10862,61.910,3.095,664.023,1614.215,42.969,15,0,0,S (sleeping)
2026-07-31T12:45:56.845171+00:00,13976.333553204,325.977657,10862,59.908,2.995,664.023,1614.215,42.969,15,0,0,S (sleeping)
2026-07-31T12:45:57.345984+00:00,13976.834477134,326.478581,10862,55.897,2.795,664.023,1614.215,42.969,15,0,4096,S (sleeping)
2026-07-31T12:45:57.846726+00:00,13977.335216669,326.979320,10862,63.905,3.195,664.023,1614.215,42.969,15,0,0,S (sleeping)
2026-07-31T12:45:58.347482+00:00,13977.835948640,327.480052,10862,63.906,3.195,664.023,1614.215,42.969,15,0,0,S (sleeping)
2026-07-31T12:45:58.848214+00:00,13978.336712492,327.980816,10862,59.908,2.995,664.023,1614.215,42.969,15,0,4096,S (sleeping)
2026-07-31T12:45:59.348941+00:00,13978.837436379,328.481540,10862,65.905,3.295,664.023,1614.215,42.969,15,0,0,S (sleeping)
2026-07-31T12:45:59.849684+00:00,13979.338177867,328.982281,10862,57.914,2.896,664.023,1614.215,42.969,15,0,8192,S (sleeping)
2026-07-31T12:46:00.350455+00:00,13979.838926851,329.483030,10862,57.913,2.896,664.023,1614.215,42.969,15,0,0,S (sleeping)
2026-07-31T12:46:00.851198+00:00,13980.339684068,329.983788,10862,65.900,3.295,664.023,1614.215,42.969,15,0,8192,S (sleeping)
2026-07-31T12:46:01.351941+00:00,13980.840429222,330.484533,10862,59.911,2.996,664.023,1614.215,42.969,15,0,0,S (sleeping)
2026-07-31T12:46:01.852683+00:00,13981.341159063,330.985263,10862,59.913,2.996,664.023,1614.215,42.969,15,0,0,S (sleeping)
2026-07-31T12:46:02.353423+00:00,13981.841918149,331.486022,10862,59.909,2.995,664.023,1614.215,42.969,15,0,4096,S (sleeping)
2026-07-31T12:46:02.854150+00:00,13982.342637957,331.986741,10862,59.914,2.996,664.023,1614.215,42.969,15,0,0,S (sleeping)
2026-07-31T12:46:03.353635+00:00,13982.843363935,332.487467,10862,61.910,3.096,664.023,1614.215,42.969,15,0,0,S (sleeping)
2026-07-31T12:46:03.854373+00:00,13983.344102731,332.988206,10862,61.909,3.095,664.023,1614.215,42.969,15,0,0,S (sleeping)
2026-07-31T12:46:04.355118+00:00,13983.844835782,333.488939,10862,57.915,2.896,664.023,1614.215,42.969,15,0,4096,S (sleeping)
2026-07-31T12:46:04.855840+00:00,13984.345565431,333.989669,10862,61.910,3.095,664.023,1614.215,42.969,15,0,0,S (sleeping)
2026-07-31T12:46:05.356623+00:00,13984.846306105,334.490410,10862,71.894,3.595,664.023,1614.215,42.969,15,0,12288,S (sleeping)
2026-07-31T12:46:05.857381+00:00,13985.347098033,334.991202,10862,59.905,2.995,664.023,1614.215,42.969,15,0,4096,S (sleeping)
2026-07-31T12:46:06.358109+00:00,13985.847839070,335.491943,10862,61.908,3.095,664.023,1614.215,42.969,15,0,0,S (sleeping)
2026-07-31T12:46:06.858857+00:00,13986.348567421,335.992671,10862,69.898,3.495,664.023,1614.215,42.969,15,0,0,S (sleeping)
2026-07-31T12:46:07.359621+00:00,13986.849327627,336.493431,10862,57.912,2.896,664.023,1614.215,42.969,15,0,4096,S (sleeping)
2026-07-31T12:46:07.860341+00:00,13987.350073176,336.994177,10862,59.911,2.996,664.023,1614.215,42.969,15,0,0,S (sleeping)
2026-07-31T12:46:08.361072+00:00,13987.850795633,337.494899,10862,55.919,2.796,664.023,1614.215,42.969,15,0,0,S (sleeping)
2026-07-31T12:46:08.861807+00:00,13988.351532844,337.995636,10862,71.894,3.595,664.023,1614.215,42.969,15,0,0,S (sleeping)
2026-07-31T12:46:09.362530+00:00,13988.852257684,338.496361,10862,67.902,3.395,664.023,1614.215,42.969,15,0,4096,S (sleeping)
2026-07-31T12:46:09.863259+00:00,13989.352976187,338.997080,10862,57.917,2.896,664.023,1614.215,42.969,15,0,8192,S (sleeping)
2026-07-31T12:46:10.364015+00:00,13989.853722590,339.497826,10862,59.911,2.996,664.023,1614.215,42.969,15,0,0,S (sleeping)
2026-07-31T12:46:10.864794+00:00,13990.354502038,339.998606,10862,57.910,2.895,664.023,1614.215,42.969,15,0,4096,S (sleeping)
2026-07-31T12:46:11.365583+00:00,13990.855260763,340.499364,10862,59.909,2.995,664.023,1614.215,42.969,15,0,0,S (sleeping)
2026-07-31T12:46:11.866339+00:00,13991.356063566,341.000167,10862,63.897,3.195,664.023,1614.215,42.969,15,0,0,S (sleeping)
2026-07-31T12:46:12.366779+00:00,13991.856496175,341.500600,10862,63.945,3.197,664.023,1614.215,42.969,15,0,0,S (sleeping)
2026-07-31T12:46:12.867541+00:00,13992.357254719,342.001358,10862,63.903,3.195,664.023,1614.215,42.969,15,0,4096,S (sleeping)
2026-07-31T12:46:13.368270+00:00,13992.857987707,342.502091,10862,61.909,3.095,664.023,1614.215,42.969,15,0,0,S (sleeping)
2026-07-31T12:46:13.869086+00:00,13993.358811023,343.002915,10862,59.901,2.995,664.023,1614.215,42.969,15,0,0,S (sleeping)
2026-07-31T12:46:14.369814+00:00,13993.859546401,343.503650,10862,65.903,3.295,664.023,1614.215,42.969,15,0,4096,S (sleeping)
2026-07-31T12:46:14.870551+00:00,13994.360272258,344.004376,10862,59.913,2.996,664.023,1614.215,42.969,15,0,0,S (sleeping)
2026-07-31T12:46:15.371298+00:00,13994.861009456,344.505113,10862,55.918,2.796,664.023,1614.215,42.969,15,0,8192,S (sleeping)
2026-07-31T12:46:15.872025+00:00,13995.361754447,345.005858,10862,57.914,2.896,664.023,1614.215,42.969,15,0,0,S (sleeping)
2026-07-31T12:46:16.372754+00:00,13995.862480558,345.506584,10862,61.910,3.096,664.023,1614.215,42.969,15,0,8192,S (sleeping)
2026-07-31T12:46:16.873470+00:00,13996.363200667,346.007304,10862,59.914,2.996,664.023,1614.215,42.969,15,0,0,S (sleeping)
2026-07-31T12:46:17.374241+00:00,13996.863931110,346.508035,10862,67.901,3.395,664.023,1614.215,42.969,15,0,0,S (sleeping)
2026-07-31T12:46:17.874974+00:00,13997.364702469,347.008806,10862,57.911,2.896,664.023,1614.215,42.969,15,0,4096,S (sleeping)
2026-07-31T12:46:18.375734+00:00,13997.865445578,347.509549,10862,57.914,2.896,664.023,1614.215,42.969,15,0,0,S (sleeping)
2026-07-31T12:46:18.876480+00:00,13998.366208333,348.010312,10862,61.906,3.095,664.023,1614.215,42.969,15,0,0,S (sleeping)
2026-07-31T12:46:19.377209+00:00,13998.866932119,348.511036,10862,55.919,2.796,664.023,1614.215,42.969,15,0,4096,S (sleeping)
2026-07-31T12:46:19.877963+00:00,13999.367678997,349.011783,10862,57.913,2.896,664.023,1614.215,42.969,15,0,12288,S (sleeping)
2026-07-31T12:46:20.378682+00:00,13999.868410163,349.512514,10862,63.907,3.195,664.023,1614.215,42.969,15,0,4096,S (sleeping)
2026-07-31T12:46:20.879411+00:00,14000.369137368,350.013241,10862,59.913,2.996,664.023,1614.215,42.969,15,0,0,S (sleeping)
2026-07-31T12:46:21.380141+00:00,14000.869858698,350.513962,10862,59.914,2.996,664.023,1614.215,42.969,15,0,4096,S (sleeping)
2026-07-31T12:46:21.880895+00:00,14001.370608433,351.014712,10862,59.910,2.996,664.023,1614.215,42.969,15,0,0,S (sleeping)
2026-07-31T12:46:22.381625+00:00,14001.871350026,351.515454,10862,57.914,2.896,664.023,1614.215,42.969,15,0,0,S (sleeping)
2026-07-31T12:46:22.882346+00:00,14002.372076106,352.016180,10862,61.910,3.096,664.023,1614.215,42.969,15,0,4096,S (sleeping)
2026-07-31T12:46:23.383063+00:00,14002.872791961,352.516895,10862,57.917,2.896,664.023,1614.215,42.969,15,0,0,S (sleeping)
2026-07-31T12:46:23.883815+00:00,14003.373525483,353.017629,10862,61.909,3.095,664.023,1614.215,42.969,15,0,0,S (sleeping)
2026-07-31T12:46:24.384571+00:00,14003.874289669,353.518393,10862,61.905,3.095,664.023,1614.215,42.969,15,0,0,S (sleeping)
2026-07-31T12:46:24.885320+00:00,14004.375047161,354.019151,10862,59.909,2.995,664.023,1614.215,42.969,15,0,4096,S (sleeping)
2026-07-31T12:46:25.386061+00:00,14004.875777243,354.519881,10862,63.907,3.195,664.023,1614.215,42.969,15,0,8192,S (sleeping)
2026-07-31T12:46:25.886792+00:00,14005.376519603,355.020623,10862,65.902,3.295,664.023,1614.215,42.969,15,0,0,R (running)
2026-07-31T12:46:26.387523+00:00,14005.877248952,355.521352,10862,61.910,3.095,664.023,1614.215,42.969,15,0,4096,S (sleeping)
2026-07-31T12:46:26.888268+00:00,14006.377995033,356.022099,10862,99.851,4.993,695.898,1662.219,42.969,15,0,0,S (sleeping)
2026-07-31T12:46:27.389026+00:00,14006.878743907,356.522847,10862,61.907,3.095,695.898,1662.219,42.969,15,0,0,S (sleeping)
2026-07-31T12:46:27.889819+00:00,14007.379522485,357.023626,10862,61.904,3.095,695.898,1662.219,42.969,15,0,0,S (sleeping)
2026-07-31T12:46:28.390568+00:00,14007.880295735,357.524399,10862,59.907,2.995,664.004,1614.215,42.969,15,0,4096,S (sleeping)
2026-07-31T12:46:28.891313+00:00,14008.381027259,358.025131,10862,57.915,2.896,664.004,1614.215,42.969,15,0,0,S (sleeping)
2026-07-31T12:46:29.392050+00:00,14008.881775689,358.525879,10862,63.904,3.195,664.004,1614.215,42.969,15,0,0,S (sleeping)
2026-07-31T12:46:29.892811+00:00,14009.382513540,359.026617,10862,61.909,3.095,664.004,1614.215,42.969,15,0,12288,S (sleeping)
2026-07-31T12:46:30.393534+00:00,14009.883258347,359.527362,10862,65.902,3.295,664.004,1614.215,42.969,15,0,0,S (sleeping)
2026-07-31T12:46:30.894291+00:00,14010.383997228,360.028101,10862,59.911,2.996,664.004,1614.215,42.969,15,0,0,S (sleeping)
2026-07-31T12:46:31.395175+00:00,14010.884882589,360.528986,10862,61.890,3.095,664.004,1614.215,42.969,15,0,4096,S (sleeping)
2026-07-31T12:46:31.895726+00:00,14011.385452092,361.029556,10862,57.934,2.897,664.004,1614.215,42.969,15,0,4096,S (sleeping)
2026-07-31T12:46:32.396460+00:00,14011.886190657,361.530294,10862,61.909,3.095,664.004,1614.215,42.969,15,0,0,S (sleeping)
2026-07-31T12:46:32.897199+00:00,14012.386921389,362.031025,10862,57.915,2.896,664.004,1614.215,42.969,15,0,0,S (sleeping)
2026-07-31T12:46:33.396767+00:00,14012.887652970,362.531756,10862,59.912,2.996,664.004,1614.215,42.969,15,0,4096,S (sleeping)
2026-07-31T12:46:33.897503+00:00,14013.388390064,363.032494,10862,61.909,3.095,664.004,1614.215,42.969,15,0,0,S (sleeping)
2026-07-31T12:46:34.398233+00:00,14013.889122464,363.533226,10862,57.915,2.896,664.004,1614.215,42.969,15,0,0,S (sleeping)
2026-07-31T12:46:34.898979+00:00,14014.389854321,364.033958,10862,73.892,3.695,664.004,1614.215,42.969,15,0,0,S (sleeping)
2026-07-31T12:46:35.399703+00:00,14014.890600138,364.534704,10862,55.917,2.796,664.004,1614.215,42.969,15,0,16384,S (sleeping)
2026-07-31T12:46:35.900448+00:00,14015.391335878,365.035439,10862,57.915,2.896,664.004,1614.215,42.969,15,0,0,S (sleeping)
2026-07-31T12:46:36.401181+00:00,14015.892075090,365.536179,10862,59.911,2.996,664.004,1614.215,42.969,15,0,0,S (sleeping)
2026-07-31T12:46:36.901793+00:00,14016.392664792,366.036768,10862,61.927,3.096,664.004,1614.215,42.969,15,0,4096,S (sleeping)
2026-07-31T12:46:37.402544+00:00,14016.893429155,366.537533,10862,59.908,2.995,664.004,1614.215,42.969,15,0,0,R (running)
2026-07-31T12:46:37.903280+00:00,14017.394172378,367.038276,10862,63.905,3.195,664.004,1614.215,42.969,15,0,0,R (running)
2026-07-31T12:46:38.404122+00:00,14017.895013614,367.539117,10862,61.896,3.095,664.004,1614.215,42.969,15,0,4096,R (running)
2026-07-31T12:46:38.904862+00:00,14018.395756159,368.039860,10862,61.908,3.095,664.004,1614.215,42.969,15,0,0,R (running)
2026-07-31T12:46:39.405593+00:00,14018.896485713,368.540589,10862,59.913,2.996,664.004,1614.215,42.969,15,0,0,R (running)
2026-07-31T12:46:39.906330+00:00,14019.397215621,369.041319,10862,59.913,2.996,664.004,1614.215,42.969,15,0,8192,R (running)
2026-07-31T12:46:40.407057+00:00,14019.897951555,369.542055,10862,63.906,3.195,664.004,1614.215,42.969,15,0,4096,R (running)
2026-07-31T12:46:40.907795+00:00,14020.398672446,370.042776,10862,59.914,2.996,664.004,1614.215,42.969,15,0,0,R (running)
2026-07-31T12:46:41.408521+00:00,14020.899412072,370.543516,10862,57.914,2.896,664.004,1614.215,42.969,15,0,0,R (running)
2026-07-31T12:46:41.909473+00:00,14021.400294203,371.044398,10862,63.887,3.194,664.004,1614.215,42.969,15,0,4096,R (running)
2026-07-31T12:46:42.410243+00:00,14021.901118274,371.545222,10862,63.895,3.195,664.004,1614.215,42.969,15,0,0,R (running)
2026-07-31T12:46:42.911096+00:00,14022.401984815,372.046088,10862,61.893,3.095,664.004,1614.215,42.969,15,0,0,R (running)
2026-07-31T12:46:43.411838+00:00,14022.902727922,372.546831,10862,57.914,2.896,664.004,1614.215,42.969,15,0,0,R (running)
2026-07-31T12:46:43.912589+00:00,14023.403474075,373.047578,10862,67.899,3.395,664.004,1614.215,42.969,15,0,4096,R (running)
2026-07-31T12:46:44.413323+00:00,14023.904205310,373.548309,10862,59.912,2.996,664.004,1614.215,42.969,15,0,0,R (running)
2026-07-31T12:46:44.914195+00:00,14024.404997543,374.049101,10862,55.911,2.796,664.004,1614.215,42.969,15,0,0,S (sleeping)
2026-07-31T12:46:45.414947+00:00,14024.905841633,374.549945,10862,57.902,2.895,664.004,1614.215,42.969,15,0,12288,S (sleeping)
2026-07-31T12:46:45.915775+00:00,14025.406649721,375.050753,10862,61.900,3.095,664.004,1614.215,42.969,15,0,0,S (sleeping)
2026-07-31T12:46:46.416520+00:00,14025.907411135,375.551515,10862,69.894,3.495,664.160,1614.215,42.969,15,0,4096,S (sleeping)
2026-07-31T12:46:46.917326+00:00,14026.408211906,376.052315,10862,55.910,2.796,664.160,1614.215,42.969,15,0,0,S (sleeping)
2026-07-31T12:46:47.418080+00:00,14026.908959272,376.553063,10862,81.878,4.094,664.160,1614.215,42.969,15,0,4096,S (sleeping)
2026-07-31T12:46:47.918901+00:00,14027.409771648,377.053875,10862,55.909,2.795,664.160,1614.215,42.969,15,0,0,R (running)
2026-07-31T12:46:48.419861+00:00,14027.910644964,377.554748,10862,61.892,3.095,664.160,1614.215,42.969,15,0,0,S (sleeping)
2026-07-31T12:46:48.920603+00:00,14028.411497460,378.055601,10862,61.894,3.095,664.160,1614.215,42.969,15,0,4096,S (sleeping)
2026-07-31T12:46:49.421360+00:00,14028.912220925,378.556324,10862,59.913,2.996,664.160,1614.215,42.969,15,0,0,S (sleeping)
2026-07-31T12:46:49.922101+00:00,14029.412980843,379.057084,10862,51.921,2.596,664.160,1614.215,42.969,15,0,12288,S (sleeping)
2026-07-31T12:46:50.422833+00:00,14029.913727535,379.557831,10862,61.908,3.095,664.160,1614.215,42.969,15,0,0,S (sleeping)
2026-07-31T12:46:50.923129+00:00,14030.414008755,380.058112,10862,55.969,2.798,664.160,1614.215,42.969,15,0,4096,S (sleeping)
2026-07-31T12:46:51.423992+00:00,14030.914752618,380.558856,10862,61.908,3.095,664.160,1614.215,42.969,15,0,0,S (sleeping)
2026-07-31T12:46:51.924746+00:00,14031.415639034,381.059743,10862,67.880,3.394,664.160,1614.215,42.969,15,0,0,S (sleeping)
2026-07-31T12:46:52.425198+00:00,14031.916084151,381.560188,10862,65.941,3.297,664.160,1614.215,42.969,15,0,4096,S (sleeping)
2026-07-31T12:46:52.925955+00:00,14032.416845167,382.060949,10862,53.918,2.696,664.160,1614.215,42.969,15,0,0,S (sleeping)
2026-07-31T12:46:53.426681+00:00,14032.917573819,382.561677,10862,63.907,3.195,664.160,1614.215,42.969,15,0,0,S (sleeping)
2026-07-31T12:46:53.927425+00:00,14033.418315372,383.062419,10862,59.911,2.996,664.160,1614.215,42.969,15,0,4096,S (sleeping)
2026-07-31T12:46:54.428164+00:00,14033.919041495,383.563145,10862,61.910,3.096,664.160,1614.215,42.969,15,0,0,S (sleeping)
2026-07-31T12:46:54.928898+00:00,14034.419785693,384.063889,10862,61.908,3.095,664.160,1614.215,42.969,15,0,8192,S (sleeping)
2026-07-31T12:46:55.429648+00:00,14034.920534648,384.564638,10862,65.901,3.295,664.160,1614.215,42.969,15,0,0,S (sleeping)
2026-07-31T12:46:55.930394+00:00,14035.421283229,385.065387,10862,65.901,3.295,664.160,1614.215,42.969,15,0,4096,S (sleeping)
2026-07-31T12:46:56.431128+00:00,14035.922022240,385.566126,10862,61.908,3.095,664.160,1614.215,42.969,15,0,0,S (sleeping)
2026-07-31T12:46:56.931862+00:00,14036.422751042,386.066855,10862,65.904,3.295,664.160,1614.215,42.969,15,0,0,S (sleeping)
2026-07-31T12:46:57.432613+00:00,14036.923499115,386.567603,10862,59.910,2.996,664.160,1614.215,42.969,15,0,4096,S (sleeping)
2026-07-31T12:46:57.933348+00:00,14037.424234689,387.068338,10862,59.912,2.996,664.160,1614.215,42.969,15,0,0,S (sleeping)
2026-07-31T12:46:58.434078+00:00,14037.924974414,387.569078,10862,59.911,2.996,664.160,1614.215,42.969,15,0,0,S (sleeping)
2026-07-31T12:46:58.934832+00:00,14038.425720099,388.069824,10862,69.896,3.495,664.160,1614.215,42.969,15,0,0,S (sleeping)
2026-07-31T12:46:59.435596+00:00,14038.926472956,388.570576,10862,57.913,2.896,664.160,1614.215,42.969,15,0,4096,S (sleeping)
2026-07-31T12:46:59.936327+00:00,14039.427218017,389.071322,10862,59.911,2.996,664.160,1614.215,42.969,15,0,8192,S (sleeping)
2026-07-31T12:47:00.437098+00:00,14039.927958754,389.572062,10862,57.914,2.896,664.160,1614.215,42.969,15,0,4096,S (sleeping)
2026-07-31T12:47:00.937851+00:00,14040.428735046,390.072839,10862,55.913,2.796,664.160,1614.215,42.969,15,0,4096,S (sleeping)
2026-07-31T12:47:01.438617+00:00,14040.929485468,390.573589,10862,69.895,3.495,664.160,1614.215,42.969,15,0,4096,S (sleeping)
2026-07-31T12:47:01.939382+00:00,14041.430259720,391.074363,10862,61.904,3.095,664.160,1614.215,42.969,15,0,0,S (sleeping)
2026-07-31T12:47:02.440189+00:00,14041.931066911,391.575170,10862,59.903,2.995,664.160,1614.215,42.969,15,0,0,S (sleeping)
2026-07-31T12:47:02.940560+00:00,14042.431443190,392.075547,10862,63.952,3.198,664.160,1614.215,42.969,15,0,4096,S (sleeping)
2026-07-31T12:47:03.440135+00:00,14042.932183532,392.576287,10862,59.911,2.996,664.160,1614.215,42.969,15,0,0,S (sleeping)
2026-07-31T12:47:03.940864+00:00,14043.432906746,393.077010,10862,61.910,3.096,664.160,1614.215,42.969,15,0,0,S (sleeping)
2026-07-31T12:47:04.441581+00:00,14043.933634737,393.577738,10862,55.919,2.796,664.160,1614.215,42.969,15,0,4096,S (sleeping)
2026-07-31T12:47:04.942290+00:00,14044.434350675,394.078454,10862,61.911,3.096,664.160,1614.215,42.969,15,0,12288,S (sleeping)
2026-07-31T12:47:05.443040+00:00,14044.935079944,394.579183,10862,59.913,2.996,664.160,1614.215,42.969,15,0,0,S (sleeping)
2026-07-31T12:47:05.943770+00:00,14045.435825757,395.079929,10862,57.914,2.896,664.160,1614.215,42.969,15,0,0,S (sleeping)
2026-07-31T12:47:06.444514+00:00,14045.936566683,395.580670,10862,57.914,2.896,664.160,1614.215,42.969,15,0,4096,S (sleeping)
2026-07-31T12:47:06.945240+00:00,14046.437294358,396.081398,10862,83.878,4.194,703.848,1662.219,42.969,15,0,0,S (sleeping)
2026-07-31T12:47:07.445542+00:00,14046.937587983,396.581692,10862,81.952,4.098,703.848,1662.219,42.969,15,0,0,S (sleeping)
2026-07-31T12:47:07.946299+00:00,14047.438336608,397.082440,10862,59.910,2.996,664.242,1614.215,42.969,15,0,4096,S (sleeping)
2026-07-31T12:47:08.447048+00:00,14047.939085040,397.583189,10862,57.913,2.896,664.242,1614.215,42.969,15,0,0,S (sleeping)
2026-07-31T12:47:08.947772+00:00,14048.439826922,398.083930,10862,57.914,2.896,664.242,1614.215,42.969,15,0,0,S (sleeping)
2026-07-31T12:47:09.448581+00:00,14048.940589921,398.584693,10862,59.909,2.995,664.242,1614.215,42.969,15,0,0,S (sleeping)
2026-07-31T12:47:09.949364+00:00,14049.441400031,399.085504,10862,57.906,2.895,664.242,1614.215,42.969,15,0,12288,S (sleeping)
2026-07-31T12:47:10.450088+00:00,14049.942130121,399.586234,10862,59.913,2.996,664.242,1614.215,42.969,15,0,0,S (sleeping)
2026-07-31T12:47:10.950809+00:00,14050.442861163,400.086965,10862,57.915,2.896,664.242,1614.215,42.969,15,0,0,S (sleeping)
2026-07-31T12:47:11.451555+00:00,14050.943591856,400.587695,10862,59.912,2.996,664.242,1614.215,42.969,15,0,4096,S (sleeping)
2026-07-31T12:47:11.952286+00:00,14051.444339729,401.088443,10862,59.910,2.996,664.242,1614.215,42.969,15,0,0,S (sleeping)
2026-07-31T12:47:12.453030+00:00,14051.945073420,401.589177,10862,63.906,3.195,664.242,1614.215,42.969,15,0,0,S (sleeping)
2026-07-31T12:47:12.953815+00:00,14052.445837701,402.089941,10862,61.905,3.095,664.242,1614.215,42.969,15,0,4096,S (sleeping)
2026-07-31T12:47:13.454574+00:00,14052.946614183,402.590718,10862,63.901,3.195,664.242,1614.215,42.969,15,0,0,S (sleeping)
2026-07-31T12:47:13.955325+00:00,14053.447376032,403.091480,10862,59.909,2.995,664.242,1614.215,42.969,15,0,0,S (sleeping)
2026-07-31T12:47:14.456056+00:00,14053.948111328,403.592215,10862,57.915,2.896,664.242,1614.215,42.969,15,0,0,S (sleeping)
2026-07-31T12:47:14.956834+00:00,14054.448881602,404.092985,10862,61.905,3.095,664.242,1614.215,42.969,15,0,12288,S (sleeping)
2026-07-31T12:47:15.457558+00:00,14054.949612817,404.593716,10862,63.907,3.195,664.242,1614.215,42.969,15,0,0,S (sleeping)
2026-07-31T12:47:15.958301+00:00,14055.450351613,405.094455,10862,59.911,2.996,664.242,1614.215,42.969,15,0,0,S (sleeping)
2026-07-31T12:47:16.459092+00:00,14055.951119174,405.595223,10862,63.902,3.195,664.242,1614.215,42.969,15,0,8192,S (sleeping)
2026-07-31T12:47:16.959867+00:00,14056.451886185,406.095990,10862,73.887,3.694,664.242,1614.215,42.969,15,0,0,S (sleeping)
2026-07-31T12:47:17.460601+00:00,14056.952652784,406.596756,10862,57.911,2.896,664.242,1614.215,42.969,15,0,0,S (sleeping)
2026-07-31T12:47:17.961321+00:00,14057.453378760,407.097482,10862,59.913,2.996,664.242,1614.215,42.969,15,0,0,S (sleeping)
2026-07-31T12:47:18.461602+00:00,14057.953652381,407.597756,10862,59.967,2.998,664.242,1614.215,42.969,15,0,4096,S (sleeping)
2026-07-31T12:47:18.962121+00:00,14058.454173222,408.098277,10862,61.935,3.097,664.242,1614.215,42.969,15,0,0,S (sleeping)
2026-07-31T12:47:19.462859+00:00,14058.954901893,408.599005,10862,59.913,2.996,664.242,1614.215,42.969,15,0,0,S (sleeping)
2026-07-31T12:47:19.963748+00:00,14059.455655722,409.099759,10862,61.907,3.095,664.242,1614.215,42.969,15,0,16384,S (sleeping)
2026-07-31T12:47:20.464510+00:00,14059.956551604,409.600655,10862,65.882,3.294,664.242,1614.215,42.969,15,0,0,S (sleeping)
2026-07-31T12:47:20.965243+00:00,14060.457294424,410.101398,10862,61.908,3.095,664.242,1614.215,42.969,15,0,0,S (sleeping)
2026-07-31T12:47:21.465975+00:00,14060.958027190,410.602131,10862,61.909,3.095,664.242,1614.215,42.969,15,0,0,S (sleeping)
2026-07-31T12:47:21.966719+00:00,14061.458765984,411.102870,10862,65.903,3.295,664.242,1614.215,42.969,15,0,4096,S (sleeping)
2026-07-31T12:47:22.467464+00:00,14061.959493514,411.603597,10862,65.904,3.295,664.242,1614.215,42.969,15,0,0,S (sleeping)
2026-07-31T12:47:22.968208+00:00,14062.460250300,412.104354,10862,63.903,3.195,664.242,1614.215,42.969,15,0,0,S (sleeping)
2026-07-31T12:47:23.468963+00:00,14062.961001801,412.605105,10862,61.907,3.095,664.242,1614.215,42.969,15,0,4096,S (sleeping)
2026-07-31T12:47:23.969700+00:00,14063.461751626,413.105855,10862,61.907,3.095,664.242,1614.215,42.969,15,0,0,S (sleeping)
2026-07-31T12:47:24.470425+00:00,14063.962478951,413.606582,10862,63.907,3.195,664.242,1614.215,42.969,15,0,0,R (running)
2026-07-31T12:47:24.971156+00:00,14064.463206199,414.107310,10862,73.893,3.695,664.242,1614.215,42.969,15,0,12288,S (sleeping)
2026-07-31T12:47:25.471918+00:00,14064.963936865,414.608040,10862,65.904,3.295,664.242,1614.215,42.969,15,0,0,S (sleeping)
2026-07-31T12:47:25.972658+00:00,14065.464707751,415.108811,10862,63.901,3.195,664.242,1614.215,42.969,15,0,0,S (sleeping)
2026-07-31T12:47:26.473397+00:00,14065.965440739,415.609544,10862,61.909,3.095,664.242,1614.215,42.969,15,0,0,S (sleeping)
2026-07-31T12:47:26.974165+00:00,14066.466197265,416.110301,10862,57.912,2.896,664.242,1614.215,42.969,15,0,4096,S (sleeping)
2026-07-31T12:47:27.474907+00:00,14066.966954925,416.611058,10862,61.906,3.095,664.242,1614.215,42.969,15,0,0,S (sleeping)
2026-07-31T12:47:27.975655+00:00,14067.467701278,417.111805,10862,59.911,2.996,664.242,1614.215,42.969,15,0,0,S (sleeping)
2026-07-31T12:47:28.476016+00:00,14067.968070671,417.612174,10862,65.951,3.298,664.242,1614.215,42.969,15,0,4096,S (sleeping)
2026-07-31T12:47:28.976739+00:00,14068.468791426,418.112895,10862,67.902,3.395,664.242,1614.215,42.969,15,0,0,S (sleeping)
2026-07-31T12:47:29.477481+00:00,14068.969532037,418.613636,10862,61.908,3.095,664.242,1614.215,42.969,15,0,0,S (sleeping)
2026-07-31T12:47:29.978217+00:00,14069.470261031,419.114365,10862,61.910,3.095,664.242,1614.215,42.969,15,0,8192,S (sleeping)
2026-07-31T12:47:30.478946+00:00,14069.970995781,419.615099,10862,61.909,3.095,664.242,1614.215,42.969,15,0,4096,S (sleeping)
2026-07-31T12:47:30.979706+00:00,14070.471721643,420.115825,10862,63.907,3.195,664.242,1614.215,42.969,15,0,0,S (sleeping)
2026-07-31T12:47:31.480523+00:00,14070.972546622,420.616650,10862,63.895,3.195,664.242,1614.215,42.969,15,0,4096,S (sleeping)
2026-07-31T12:47:31.981073+00:00,14071.473125644,421.117229,10862,65.924,3.296,664.242,1614.215,42.969,15,0,4096,R (running)
2026-07-31T12:47:32.481814+00:00,14071.973864024,421.617968,10862,63.906,3.195,664.242,1614.215,42.969,15,0,0,R (running)
2026-07-31T12:47:32.982537+00:00,14072.474586473,422.118690,10862,61.911,3.096,664.242,1614.215,42.969,15,0,0,S (sleeping)
2026-07-31T12:47:33.481551+00:00,14072.975327499,422.619431,10862,59.911,2.996,664.242,1614.215,42.969,15,0,0,R (running)
2026-07-31T12:47:33.982282+00:00,14073.476075002,423.120179,10862,63.904,3.195,664.242,1614.215,42.969,15,0,4096,S (sleeping)
2026-07-31T12:47:34.483057+00:00,14073.976829300,423.620933,10862,65.901,3.295,664.242,1614.215,42.969,15,0,0,S (sleeping)
2026-07-31T12:47:34.983806+00:00,14074.477589504,424.121693,10862,65.900,3.295,664.242,1614.215,42.969,15,0,12288,S (sleeping)
2026-07-31T12:47:35.484544+00:00,14074.978336621,424.622440,10862,61.907,3.095,664.242,1614.215,42.969,15,0,4096,S (sleeping)
2026-07-31T12:47:35.985278+00:00,14075.479062182,425.123166,10862,57.916,2.896,664.242,1614.215,42.969,15,0,0,S (sleeping)
2026-07-31T12:47:36.486013+00:00,14075.979803138,425.623907,10862,61.908,3.095,664.242,1614.215,42.969,15,0,0,S (sleeping)
2026-07-31T12:47:36.986750+00:00,14076.480539212,426.124643,10862,77.885,3.894,664.242,1614.215,42.969,15,0,4096,S (sleeping)
2026-07-31T12:47:37.487483+00:00,14076.981268624,426.625372,10862,57.916,2.896,664.242,1614.215,42.969,15,0,0,S (sleeping)
2026-07-31T12:47:37.988276+00:00,14077.482029661,427.126133,10862,59.909,2.995,664.242,1614.215,42.969,15,0,0,S (sleeping)
2026-07-31T12:47:38.489049+00:00,14077.982838454,427.626942,10862,63.897,3.195,664.242,1614.215,42.969,15,0,0,S (sleeping)
2026-07-31T12:47:38.989802+00:00,14078.483577849,428.127681,10862,57.914,2.896,664.242,1614.215,42.969,15,0,4096,S (sleeping)
2026-07-31T12:47:39.490529+00:00,14078.984321180,428.628425,10862,61.908,3.095,664.242,1614.215,42.969,15,0,0,S (sleeping)
2026-07-31T12:47:39.991257+00:00,14079.485053308,429.129157,10862,61.909,3.095,664.242,1614.215,42.969,15,0,8192,S (sleeping)
2026-07-31T12:47:40.492028+00:00,14079.985790298,429.629894,10862,57.915,2.896,664.242,1614.215,42.969,15,0,8192,S (sleeping)
2026-07-31T12:47:40.992806+00:00,14080.486571452,430.130675,10862,61.903,3.095,664.242,1614.215,42.969,15,0,0,S (sleeping)
2026-07-31T12:47:41.493555+00:00,14080.987344895,430.631448,10862,61.904,3.095,664.242,1614.215,42.969,15,0,0,S (sleeping)
2026-07-31T12:47:41.994290+00:00,14081.488084189,431.132188,10862,59.911,2.996,664.242,1614.215,42.969,15,0,0,S (sleeping)
2026-07-31T12:47:42.495032+00:00,14081.988822544,431.632926,10862,61.909,3.095,664.242,1614.215,42.969,15,0,4096,S (sleeping)
2026-07-31T12:47:42.995792+00:00,14082.489557452,432.133661,10862,61.909,3.095,664.242,1614.215,42.969,15,0,0,S (sleeping)
2026-07-31T12:47:43.496134+00:00,14082.989926235,432.634030,10862,61.954,3.098,664.242,1614.215,42.969,15,0,0,S (sleeping)
2026-07-31T12:47:43.996858+00:00,14083.490649176,433.134753,10862,67.902,3.395,664.242,1614.215,42.969,15,0,4096,S (sleeping)
2026-07-31T12:47:44.497593+00:00,14083.991379831,433.635483,10862,59.912,2.996,664.242,1614.215,42.969,15,0,0,S (sleeping)
2026-07-31T12:47:44.998350+00:00,14084.492140477,434.136244,10862,61.906,3.095,664.242,1614.215,42.969,15,0,8192,S (sleeping)
2026-07-31T12:47:45.499096+00:00,14084.992881855,434.636985,10862,61.908,3.095,664.242,1614.215,42.969,15,0,4096,S (sleeping)
2026-07-31T12:47:45.999822+00:00,14085.493614509,435.137718,10862,65.903,3.295,664.242,1614.215,42.969,15,0,0,S (sleeping)
2026-07-31T12:47:46.500556+00:00,14085.994348500,435.638452,10862,61.909,3.095,664.242,1614.215,42.969,15,0,0,S (sleeping)
2026-07-31T12:47:47.000808+00:00,14086.494604254,436.138708,10862,61.968,3.098,664.242,1614.215,42.969,15,0,4096,S (sleeping)
2026-07-31T12:47:47.501576+00:00,14086.995337219,436.639441,10862,65.903,3.295,664.242,1614.215,42.969,15,0,4096,S (sleeping)
2026-07-31T12:47:48.002005+00:00,14087.495776278,437.139880,10862,61.946,3.097,664.242,1614.215,42.969,15,0,0,R (running)
2026-07-31T12:47:48.502272+00:00,14087.996060632,437.640164,10862,63.964,3.198,664.242,1614.215,42.969,15,0,0,R (running)
2026-07-31T12:47:49.003170+00:00,14088.496868221,438.140972,10862,59.903,2.995,664.242,1614.215,42.969,15,0,4096,R (running)
2026-07-31T12:47:49.503935+00:00,14088.997723220,438.641827,10862,65.887,3.294,664.242,1614.215,42.969,15,0,0,R (running)
2026-07-31T12:47:50.004676+00:00,14089.498455852,439.142559,10862,81.880,4.094,664.242,1614.215,42.969,15,0,12288,R (running)
2026-07-31T12:47:50.505407+00:00,14089.999194848,439.643298,10862,59.911,2.996,664.242,1614.215,42.969,15,0,4096,R (running)
2026-07-31T12:47:51.006160+00:00,14090.499916239,440.144020,10862,61.911,3.096,664.242,1614.215,42.969,15,0,0,R (running)
2026-07-31T12:47:51.506709+00:00,14091.000420778,440.644524,10862,63.935,3.197,664.242,1614.215,42.969,15,0,0,R (running)
2026-07-31T12:47:52.007064+00:00,14091.500859392,441.144963,10862,63.944,3.197,664.242,1614.215,42.969,15,0,0,R (running)
2026-07-31T12:47:52.507436+00:00,14092.001228800,441.645332,10862,61.954,3.098,664.242,1614.215,42.969,15,0,4096,R (running)
2026-07-31T12:47:53.008367+00:00,14092.502083343,442.146187,10862,61.894,3.095,664.242,1614.215,42.969,15,0,0,R (running)
2026-07-31T12:47:53.509052+00:00,14093.002762353,442.646866,10862,67.908,3.395,664.242,1614.215,42.969,15,0,0,R (running)
2026-07-31T12:47:54.009830+00:00,14093.503619306,443.147723,10862,135.767,6.788,712.715,1710.219,42.969,15,0,4096,R (running)
2026-07-31T12:47:54.510563+00:00,14094.004356269,443.648460,10862,65.903,3.295,712.715,1710.219,42.969,15,0,0,S (sleeping)
2026-07-31T12:47:55.011394+00:00,14094.505115055,444.149219,10862,51.921,2.596,664.242,1614.215,42.969,15,0,8192,R (running)
2026-07-31T12:47:55.512158+00:00,14095.005944464,444.650048,10862,115.808,5.790,698.305,1667.781,42.969,15,0,0,R (running)
2026-07-31T12:47:56.012897+00:00,14095.506676628,445.150780,10862,67.901,3.395,698.305,1667.781,42.969,15,0,4096,R (running)
2026-07-31T12:47:56.513658+00:00,14096.007428148,445.651532,10862,57.913,2.896,698.305,1667.781,42.969,15,0,0,R (running)
2026-07-31T12:47:57.014397+00:00,14096.508148581,446.152252,10862,67.902,3.395,664.387,1619.777,42.969,15,0,0,R (running)
2026-07-31T12:47:57.515159+00:00,14097.008944518,446.653048,10862,65.895,3.295,664.387,1619.777,42.969,15,0,4096,S (sleeping)
2026-07-31T12:47:58.015896+00:00,14097.509688318,447.153792,10862,63.905,3.195,664.387,1619.777,42.969,15,0,0,R (running)
2026-07-31T12:47:58.516621+00:00,14098.010413420,447.654517,10862,61.910,3.096,664.387,1619.777,42.969,15,0,0,R (running)
2026-07-31T12:47:59.017374+00:00,14098.511150414,448.155254,10862,61.909,3.095,664.387,1619.777,42.969,15,0,0,R (running)
2026-07-31T12:47:59.518108+00:00,14099.011894993,448.655999,10862,63.905,3.195,664.387,1619.777,42.969,15,0,12288,S (sleeping)
2026-07-31T12:48:00.018849+00:00,14099.512626712,449.156730,10862,67.901,3.395,664.387,1619.777,42.969,15,0,0,S (sleeping)
2026-07-31T12:48:00.519582+00:00,14100.013373237,449.657477,10862,67.899,3.395,664.387,1619.777,42.969,15,0,0,S (sleeping)
2026-07-31T12:48:01.020312+00:00,14100.514103537,450.158207,10862,67.901,3.395,664.387,1619.777,42.969,15,0,4096,S (sleeping)
2026-07-31T12:48:01.521035+00:00,14101.014825888,450.658929,10862,63.908,3.195,664.387,1619.777,42.969,15,0,0,S (sleeping)
2026-07-31T12:48:02.021844+00:00,14101.515632203,451.159736,10862,61.900,3.095,664.387,1619.777,42.969,15,0,4096,S (sleeping)
2026-07-31T12:48:02.522579+00:00,14102.016363819,451.660467,10862,67.901,3.395,664.387,1619.777,42.969,15,0,4096,S (sleeping)
2026-07-31T12:48:03.023314+00:00,14102.517099099,452.161203,10862,61.909,3.095,664.387,1619.777,42.969,15,0,0,S (sleeping)
2026-07-31T12:48:03.523563+00:00,14103.017981742,452.662085,10862,65.884,3.294,664.387,1619.777,42.969,15,0,0,S (sleeping)
2026-07-31T12:48:04.024429+00:00,14103.518869083,453.162973,10862,67.880,3.394,664.387,1619.777,42.969,15,0,0,S (sleeping)
2026-07-31T12:48:04.525175+00:00,14104.019670822,453.663774,10862,61.901,3.095,664.387,1619.777,42.969,15,0,4096,S (sleeping)
2026-07-31T12:48:05.025589+00:00,14104.520081558,454.164185,10862,67.944,3.397,664.387,1619.777,42.969,15,0,12288,S (sleeping)
2026-07-31T12:48:05.526331+00:00,14105.020823850,454.664927,10862,69.896,3.495,664.387,1619.777,42.969,15,0,0,S (sleeping)
2026-07-31T12:48:06.027053+00:00,14105.521545490,455.165649,10862,69.899,3.495,664.387,1619.777,42.969,15,0,4096,S (sleeping)
2026-07-31T12:48:06.527821+00:00,14106.022299850,455.666403,10862,61.907,3.095,664.387,1619.777,42.969,15,0,0,S (sleeping)
2026-07-31T12:48:07.028549+00:00,14106.523050897,456.167154,10862,65.901,3.295,664.387,1619.777,42.969,15,0,0,S (sleeping)
2026-07-31T12:48:07.529295+00:00,14107.023780975,456.667884,10862,65.904,3.295,664.387,1619.777,42.969,15,0,0,S (sleeping)
2026-07-31T12:48:08.030026+00:00,14107.524511087,457.168615,10862,59.913,2.996,664.387,1619.777,42.969,15,0,4096,S (sleeping)
2026-07-31T12:48:08.530771+00:00,14108.025265998,457.669370,10862,61.907,3.095,664.387,1619.777,42.969,15,0,0,S (sleeping)
2026-07-31T12:48:09.031502+00:00,14108.525996357,458.170100,10862,65.904,3.295,664.387,1619.777,42.969,15,0,0,S (sleeping)
2026-07-31T12:48:09.532251+00:00,14109.026730880,458.670834,10862,67.900,3.395,664.387,1619.777,42.969,15,0,4096,S (sleeping)
2026-07-31T12:48:10.033000+00:00,14109.527474417,459.171578,10862,61.908,3.095,664.387,1619.777,42.969,15,0,8192,S (sleeping)
2026-07-31T12:48:10.533762+00:00,14110.028246427,459.672350,10862,65.898,3.295,664.387,1619.777,42.969,15,0,4096,S (sleeping)
2026-07-31T12:48:11.034510+00:00,14110.529000261,460.173104,10862,63.904,3.195,664.387,1619.777,42.969,15,0,0,S (sleeping)
2026-07-31T12:48:11.535233+00:00,14111.029728607,460.673832,10862,63.907,3.195,664.387,1619.777,42.969,15,0,4096,R (running)
2026-07-31T12:48:12.035959+00:00,14111.530447291,461.174551,10862,63.908,3.195,664.387,1619.777,42.969,15,0,0,S (sleeping)
2026-07-31T12:48:12.536690+00:00,14112.031185994,461.675290,10862,61.909,3.095,664.387,1619.777,42.969,15,0,0,S (sleeping)
2026-07-31T12:48:13.037432+00:00,14112.531905203,462.176009,10862,67.902,3.395,664.387,1619.777,42.969,15,0,4096,S (sleeping)
2026-07-31T12:48:13.538192+00:00,14113.032656211,462.676760,10862,63.904,3.195,664.387,1619.777,42.969,15,0,0,S (sleeping)
2026-07-31T12:48:14.038935+00:00,14113.533426230,463.177530,10862,63.902,3.195,664.387,1619.777,42.969,15,0,0,S (sleeping)
2026-07-31T12:48:14.539675+00:00,14114.034164818,463.678268,10862,65.903,3.295,664.387,1619.777,42.969,15,0,0,S (sleeping)
2026-07-31T12:48:15.040390+00:00,14114.534884732,464.178988,10862,65.905,3.295,664.387,1619.777,42.969,15,0,12288,S (sleeping)
2026-07-31T12:48:15.541153+00:00,14115.035642889,464.679746,10862,81.876,4.094,664.387,1619.777,42.969,15,0,0,S (sleeping)
2026-07-31T12:48:16.041871+00:00,14115.536371314,465.180475,10862,63.907,3.195,664.387,1619.777,42.969,15,0,0,S (sleeping)
2026-07-31T12:48:16.542597+00:00,14116.037096365,465.681200,10862,63.907,3.195,664.387,1619.777,42.969,15,0,4096,S (sleeping)
2026-07-31T12:48:17.043338+00:00,14116.537826303,466.181930,10862,59.913,2.996,664.387,1619.777,42.969,15,0,4096,S (sleeping)
2026-07-31T12:48:17.544103+00:00,14117.038579972,466.682683,10862,61.907,3.095,664.387,1619.777,42.969,15,0,0,S (sleeping)
2026-07-31T12:48:18.044861+00:00,14117.539333254,467.183437,10862,65.901,3.295,664.387,1619.777,42.969,15,0,0,S (sleeping)
2026-07-31T12:48:18.545587+00:00,14118.040076283,467.684180,10862,63.905,3.195,664.387,1619.777,42.969,15,0,4096,S (sleeping)
2026-07-31T12:48:19.046354+00:00,14118.540803269,468.184907,10862,65.904,3.295,664.387,1619.777,42.969,15,0,0,S (sleeping)
2026-07-31T12:48:19.547091+00:00,14119.041583605,468.685687,10862,63.900,3.195,664.387,1619.777,42.969,15,0,0,S (sleeping)
2026-07-31T12:48:20.047845+00:00,14119.542332731,469.186436,10862,63.904,3.195,664.387,1619.777,42.969,15,0,16384,S (sleeping)
2026-07-31T12:48:20.548716+00:00,14120.043095167,469.687199,10862,65.900,3.295,664.387,1619.777,42.969,15,0,0,S (sleeping)
2026-07-31T12:48:21.049578+00:00,14120.544059325,470.188163,10862,63.877,3.194,664.387,1619.777,42.969,15,0,0,S (sleeping)
2026-07-31T12:48:21.549839+00:00,14121.044329944,470.688433,10862,87.952,4.398,664.387,1619.777,42.969,15,0,4096,S (sleeping)
2026-07-31T12:48:22.050557+00:00,14121.545051372,471.189155,10862,57.916,2.896,664.387,1619.777,42.969,15,0,0,S (sleeping)
2026-07-31T12:48:22.551283+00:00,14122.045767473,471.689871,10862,59.914,2.996,664.387,1619.777,42.969,15,0,0,S (sleeping)
2026-07-31T12:48:23.052005+00:00,14122.546496345,472.190600,10862,63.907,3.195,664.387,1619.777,42.969,15,0,0,S (sleeping)
2026-07-31T12:48:23.552368+00:00,14123.046856358,472.690960,10862,61.955,3.098,664.387,1619.777,42.969,15,0,4096,S (sleeping)
2026-07-31T12:48:24.053118+00:00,14123.547588471,473.191692,10862,67.901,3.395,664.387,1619.777,42.969,15,0,0,S (sleeping)
2026-07-31T12:48:24.553849+00:00,14124.048341331,473.692445,10862,63.904,3.195,664.387,1619.777,42.969,15,0,0,S (sleeping)
2026-07-31T12:48:25.054566+00:00,14124.549059372,474.193163,10862,63.908,3.195,664.387,1619.777,42.969,15,0,12288,S (sleeping)
2026-07-31T12:48:25.555290+00:00,14125.049782285,474.693886,10862,63.908,3.195,664.387,1619.777,42.969,15,0,0,S (sleeping)
2026-07-31T12:48:26.056033+00:00,14125.550514109,475.194618,10862,65.904,3.295,664.387,1619.777,42.969,15,0,0,S (sleeping)
2026-07-31T12:48:26.556790+00:00,14126.051270120,475.695374,10862,69.894,3.495,664.387,1619.777,42.969,15,0,0,S (sleeping)
2026-07-31T12:48:27.057566+00:00,14126.552046963,476.196150,10862,65.898,3.295,664.387,1619.777,42.969,15,0,4096,S (sleeping)
2026-07-31T12:48:27.558324+00:00,14127.052803954,476.696907,10862,65.900,3.295,664.387,1619.777,42.969,15,0,0,S (sleeping)
2026-07-31T12:48:28.059103+00:00,14127.553578847,477.197682,10862,65.898,3.295,664.387,1619.777,42.969,15,0,0,S (sleeping)
2026-07-31T12:48:28.559834+00:00,14128.054324364,477.698428,10862,65.902,3.295,664.387,1619.777,42.969,15,0,4096,S (sleeping)
2026-07-31T12:48:29.060543+00:00,14128.555037579,478.199141,10862,65.906,3.295,664.387,1619.777,42.969,15,0,0,S (sleeping)
2026-07-31T12:48:29.561306+00:00,14129.055778443,478.699882,10862,63.905,3.195,664.387,1619.777,42.969,15,0,0,S (sleeping)
2026-07-31T12:48:30.062063+00:00,14129.556546379,479.200650,10862,65.899,3.295,664.387,1619.777,42.969,15,0,12288,S (sleeping)
2026-07-31T12:48:30.562809+00:00,14130.057299934,479.701403,10862,69.895,3.495,664.387,1619.777,42.969,15,0,0,S (sleeping)
2026-07-31T12:48:31.063687+00:00,14130.558161703,480.202265,10862,65.886,3.294,664.387,1619.777,42.969,15,0,0,S (sleeping)
2026-07-31T12:48:31.564430+00:00,14131.058920619,480.703024,10862,71.891,3.595,664.387,1619.777,42.969,15,0,0,S (sleeping)
2026-07-31T12:48:32.065155+00:00,14131.559646597,481.203750,10862,61.910,3.096,664.387,1619.777,42.969,15,0,8192,S (sleeping)
2026-07-31T12:48:32.565879+00:00,14132.060369176,481.704473,10862,81.882,4.094,664.387,1619.777,42.969,15,0,0,S (sleeping)
2026-07-31T12:48:33.066640+00:00,14132.561126131,482.205230,10862,57.912,2.896,664.387,1619.777,42.969,15,0,0,S (sleeping)
2026-07-31T12:48:33.566131+00:00,14133.061889508,482.705993,10862,63.902,3.195,664.387,1619.777,42.969,15,0,4096,S (sleeping)
2026-07-31T12:48:34.066864+00:00,14133.562631344,483.206735,10862,61.908,3.095,664.387,1619.777,42.969,15,0,0,S (sleeping)
2026-07-31T12:48:34.567604+00:00,14134.063372380,483.707476,10862,65.902,3.295,664.387,1619.777,42.969,15,0,0,S (sleeping)
2026-07-31T12:48:35.068396+00:00,14134.564148939,484.208252,10862,63.901,3.195,664.387,1619.777,42.969,15,0,12288,S (sleeping)
2026-07-31T12:48:35.569145+00:00,14135.064912069,484.709016,10862,65.899,3.295,664.387,1619.777,42.969,15,0,4096,S (sleeping)
2026-07-31T12:48:36.069876+00:00,14135.565643424,485.209747,10862,65.904,3.295,664.387,1619.777,42.969,15,0,0,S (sleeping)
2026-07-31T12:48:36.570601+00:00,14136.066369590,485.710473,10862,61.910,3.096,664.387,1619.777,42.969,15,0,0,S (sleeping)
2026-07-31T12:48:37.071320+00:00,14136.567088868,486.211192,10862,63.908,3.195,664.387,1619.777,42.969,15,0,4096,S (sleeping)
2026-07-31T12:48:37.572068+00:00,14137.067811020,486.711915,10862,75.890,3.795,664.387,1619.777,42.969,15,0,0,S (sleeping)
2026-07-31T12:48:38.072821+00:00,14137.568581075,487.212685,10862,65.899,3.295,664.387,1619.777,42.969,15,0,0,S (sleeping)
2026-07-31T12:48:38.573551+00:00,14138.069311438,487.713415,10862,63.907,3.195,664.387,1619.777,42.969,15,0,4096,S (sleeping)
2026-07-31T12:48:39.074290+00:00,14138.570045073,488.214149,10862,61.909,3.095,664.387,1619.777,42.969,15,0,0,S (sleeping)
2026-07-31T12:48:39.575015+00:00,14139.070783919,488.714887,10862,65.903,3.295,664.387,1619.777,42.969,15,0,0,S (sleeping)
2026-07-31T12:48:40.075759+00:00,14139.571523226,489.215627,10862,63.906,3.195,664.387,1619.777,42.969,15,0,8192,S (sleeping)
2026-07-31T12:48:40.576522+00:00,14140.072270893,489.716374,10862,65.901,3.295,664.387,1619.777,42.969,15,0,4096,S (sleeping)
2026-07-31T12:48:41.077372+00:00,14140.573127655,490.217231,10862,67.884,3.394,664.387,1619.777,42.969,15,0,0,S (sleeping)
2026-07-31T12:48:41.578267+00:00,14141.073922478,490.718026,10862,63.898,3.195,664.387,1619.777,42.969,15,0,0,R (running)
2026-07-31T12:48:42.078549+00:00,14141.574318146,491.218422,10862,65.948,3.297,664.387,1619.777,42.969,15,0,4096,R (running)
2026-07-31T12:48:42.579299+00:00,14142.075053451,491.719157,10862,67.900,3.395,664.387,1619.777,42.969,15,0,0,R (running)
2026-07-31T12:48:43.080067+00:00,14142.575824918,492.219928,10862,65.898,3.295,664.387,1619.777,42.969,15,0,0,S (sleeping)
2026-07-31T12:48:43.580812+00:00,14143.076564525,492.720668,10862,63.905,3.195,664.387,1619.777,42.969,15,0,4096,R (running)
2026-07-31T12:48:44.081559+00:00,14143.577314713,493.221418,10862,65.901,3.295,664.387,1619.777,42.969,15,0,0,R (running)
2026-07-31T12:48:44.582289+00:00,14144.078047541,493.722151,10862,69.898,3.495,664.387,1619.777,42.969,15,0,0,S (sleeping)
2026-07-31T12:48:45.082636+00:00,14144.578404646,494.222508,10862,65.953,3.298,664.387,1619.777,42.969,15,0,8192,S (sleeping)
2026-07-31T12:48:45.583392+00:00,14145.079150067,494.723254,10862,63.905,3.195,664.387,1619.777,42.969,15,0,4096,S (sleeping)
2026-07-31T12:48:46.083778+00:00,14145.579545681,495.223649,10862,93.926,4.696,664.387,1619.777,42.969,15,0,0,S (sleeping)
2026-07-31T12:48:46.584529+00:00,14146.080266924,495.724370,10862,63.908,3.195,664.387,1619.777,42.969,15,0,0,S (sleeping)
2026-07-31T12:48:47.085264+00:00,14146.581028592,496.225132,10862,63.903,3.195,664.387,1619.777,42.969,15,0,8192,S (sleeping)
2026-07-31T12:48:47.586016+00:00,14147.081779885,496.725883,10862,63.904,3.195,664.387,1619.777,42.969,15,0,0,S (sleeping)
2026-07-31T12:48:48.086739+00:00,14147.582505435,497.226609,10862,61.910,3.096,664.387,1619.777,42.969,15,0,0,S (sleeping)
2026-07-31T12:48:48.587480+00:00,14148.083245368,497.727349,10862,71.894,3.595,664.387,1619.777,42.969,15,0,4096,R (running)
2026-07-31T12:48:49.088248+00:00,14148.583986089,498.228090,10862,63.905,3.195,664.387,1619.777,42.969,15,0,0,R (running)
2026-07-31T12:48:49.588988+00:00,14149.084751916,498.728855,10862,67.896,3.395,664.387,1619.777,42.969,15,0,0,R (running)
2026-07-31T12:48:50.089350+00:00,14149.585121152,499.229225,10862,59.956,2.998,664.387,1619.777,42.969,15,0,12288,S (sleeping)
2026-07-31T12:48:50.590081+00:00,14150.085843701,499.729947,10862,71.896,3.595,664.387,1619.777,42.969,15,0,8192,R (running)
2026-07-31T12:48:51.090824+00:00,14150.586595095,500.230699,10862,63.904,3.195,664.387,1619.777,42.969,15,0,0,S (sleeping)
2026-07-31T12:48:51.591710+00:00,14151.087435138,500.731539,10862,75.873,3.794,664.387,1619.777,42.969,15,0,0,S (sleeping)
2026-07-31T12:48:52.092502+00:00,14151.588233486,501.232337,10862,65.895,3.295,664.387,1619.777,42.969,15,0,4096,S (sleeping)
2026-07-31T12:48:52.593280+00:00,14152.089037133,501.733141,10862,63.897,3.195,664.387,1619.777,42.969,15,0,0,S (sleeping)
2026-07-31T12:48:53.094153+00:00,14152.589842886,502.233946,10862,77.875,3.894,664.387,1619.777,42.969,15,0,0,R (running)
2026-07-31T12:48:53.594902+00:00,14153.090670991,502.734775,10862,67.888,3.394,664.387,1619.777,42.969,15,0,4096,S (sleeping)
2026-07-31T12:48:54.095703+00:00,14153.591471807,503.235575,10862,57.907,2.895,664.387,1619.777,42.969,15,0,0,S (sleeping)
2026-07-31T12:48:54.596448+00:00,14154.092204906,503.736308,10862,77.886,3.894,664.387,1619.777,42.969,15,0,0,S (sleeping)
2026-07-31T12:48:55.097189+00:00,14154.592940613,504.237044,10862,61.909,3.095,664.387,1619.777,42.969,15,0,8192,S (sleeping)
2026-07-31T12:48:55.597577+00:00,14155.093342735,504.737446,10862,63.949,3.197,664.387,1619.777,42.969,15,0,4096,S (sleeping)
2026-07-31T12:48:56.097938+00:00,14155.593706093,505.237810,10862,73.946,3.697,664.387,1619.777,42.969,15,0,0,S (sleeping)
2026-07-31T12:48:56.598790+00:00,14156.094490015,505.738594,10862,65.897,3.295,664.387,1619.777,42.969,15,0,0,S (sleeping)
2026-07-31T12:48:57.099548+00:00,14156.595309405,506.239413,10862,53.912,2.696,664.387,1619.777,42.969,15,0,4096,S (sleeping)
2026-07-31T12:48:57.600311+00:00,14157.096073274,506.740177,10862,69.893,3.495,664.387,1619.777,42.969,15,0,0,S (sleeping)
2026-07-31T12:48:58.101076+00:00,14157.596813448,507.240917,10862,65.902,3.295,664.387,1619.777,42.969,15,0,0,S (sleeping)
2026-07-31T12:48:58.601822+00:00,14158.097588770,507.741692,10862,81.873,4.094,664.387,1619.777,42.969,15,0,4096,S (sleeping)
2026-07-31T12:48:59.102580+00:00,14158.598328728,508.242432,10862,83.876,4.194,664.387,1619.777,42.969,15,0,0,S (sleeping)
2026-07-31T12:48:59.603680+00:00,14159.099381577,508.743485,10862,51.891,2.595,664.387,1619.777,42.969,15,0,0,R (running)
2026-07-31T12:49:00.104386+00:00,14159.600115163,509.244219,10862,77.886,3.894,664.387,1619.777,42.969,15,0,8192,S (sleeping)
2026-07-31T12:49:00.605142+00:00,14160.100895459,509.744999,10862,53.916,2.696,664.387,1619.777,42.969,15,0,4096,R (running)
2026-07-31T12:49:01.105888+00:00,14160.601644087,510.245748,10862,61.907,3.095,664.387,1619.777,42.969,15,0,0,R (running)
2026-07-31T12:49:01.606611+00:00,14161.102382401,510.746486,10862,77.885,3.894,664.387,1619.777,42.969,15,0,0,S (sleeping)
2026-07-31T12:49:02.107342+00:00,14161.603103317,511.247207,10862,61.911,3.096,664.387,1619.777,42.969,15,0,8192,S (sleeping)
2026-07-31T12:49:02.608086+00:00,14162.103851872,511.747955,10862,67.898,3.395,664.387,1619.777,42.969,15,0,0,S (sleeping)
2026-07-31T12:49:03.109014+00:00,14162.604691784,512.248795,10862,55.906,2.795,664.387,1619.777,42.969,15,0,0,R (running)
2026-07-31T12:49:03.608111+00:00,14163.105561403,512.749665,10862,65.885,3.294,664.387,1619.777,42.969,15,0,0,R (running)
2026-07-31T12:49:04.108893+00:00,14163.606343360,513.250447,10862,65.897,3.295,664.387,1619.777,42.969,15,0,4096,R (running)
2026-07-31T12:49:04.609713+00:00,14164.107155802,513.751259,10862,65.893,3.295,664.387,1619.777,42.969,15,0,0,R (running)
2026-07-31T12:49:05.110482+00:00,14164.607905061,514.252009,10862,65.901,3.295,664.387,1619.777,42.969,15,0,12288,R (running)
2026-07-31T12:49:05.611286+00:00,14165.108726843,514.752830,10862,75.875,3.794,664.387,1619.777,42.969,15,0,4096,R (running)
2026-07-31T12:49:06.111825+00:00,14165.609256367,515.253360,10862,63.932,3.197,664.387,1619.777,42.969,15,0,0,R (running)
2026-07-31T12:49:06.612652+00:00,14166.110099462,515.754203,10862,63.892,3.195,664.387,1619.777,42.969,15,0,0,R (running)
2026-07-31T12:49:07.113436+00:00,14166.610838429,516.254942,10862,61.909,3.095,664.387,1619.777,42.969,15,0,4096,R (running)
2026-07-31T12:49:07.614182+00:00,14167.111635619,516.755739,10862,73.882,3.694,664.387,1619.777,42.969,15,0,0,S (sleeping)
2026-07-31T12:49:08.114911+00:00,14167.612365934,517.256469,10862,61.910,3.095,664.387,1619.777,42.969,15,0,0,R (running)
2026-07-31T12:49:08.615719+00:00,14168.113171616,517.757275,10862,61.900,3.095,664.387,1619.777,42.969,15,0,0,R (running)
2026-07-31T12:49:09.116490+00:00,14168.613929221,518.258033,10862,67.897,3.395,664.387,1619.777,42.969,15,0,4096,S (sleeping)
2026-07-31T12:49:09.617240+00:00,14169.114690043,518.758794,10862,67.897,3.395,664.387,1619.777,42.969,15,0,8192,S (sleeping)
2026-07-31T12:49:10.117981+00:00,14169.615438699,519.259542,10862,59.910,2.996,664.387,1619.777,42.969,15,0,0,S (sleeping)
2026-07-31T12:49:10.618712+00:00,14170.116167271,519.760271,10862,67.901,3.395,664.387,1619.777,42.969,15,0,4096,S (sleeping)
2026-07-31T12:49:11.119451+00:00,14170.616901011,520.261005,10862,63.906,3.195,664.387,1619.777,42.969,15,0,0,S (sleeping)
2026-07-31T12:49:11.620183+00:00,14171.117634345,520.761738,10862,69.897,3.495,664.387,1619.777,42.969,15,0,0,S (sleeping)
2026-07-31T12:49:12.120943+00:00,14171.618386876,521.262490,10862,63.904,3.195,664.387,1619.777,42.969,15,0,4096,S (sleeping)
2026-07-31T12:49:12.621677+00:00,14172.119131523,521.763235,10862,61.908,3.095,664.387,1619.777,42.969,15,0,0,S (sleeping)
2026-07-31T12:49:13.122414+00:00,14172.619867749,522.263971,10862,65.903,3.295,664.387,1619.777,42.969,15,0,0,S (sleeping)
2026-07-31T12:49:13.623179+00:00,14173.120635236,522.764739,10862,77.880,3.894,664.387,1619.777,42.969,15,0,0,S (sleeping)
2026-07-31T12:49:14.123927+00:00,14173.621373998,523.265478,10862,61.909,3.095,664.387,1619.777,42.969,15,0,4096,S (sleeping)
2026-07-31T12:49:14.624679+00:00,14174.122134070,523.766238,10862,63.903,3.195,664.387,1619.777,42.969,15,0,0,S (sleeping)
2026-07-31T12:49:15.125410+00:00,14174.622862955,524.266966,10862,61.910,3.095,664.387,1619.777,42.969,15,0,8192,S (sleeping)
2026-07-31T12:49:15.626149+00:00,14175.123600199,524.767704,10862,65.903,3.295,664.387,1619.777,42.969,15,0,4096,S (sleeping)
2026-07-31T12:49:16.126892+00:00,14175.624345419,525.268449,10862,63.905,3.195,664.387,1619.777,42.969,15,0,0,S (sleeping)
2026-07-31T12:49:16.627755+00:00,14176.125123372,525.769227,10862,63.901,3.195,664.387,1619.777,42.969,15,0,0,S (sleeping)
2026-07-31T12:49:17.128505+00:00,14176.625949663,526.270053,10862,63.894,3.195,664.387,1619.777,42.969,15,0,8192,S (sleeping)
2026-07-31T12:49:17.629238+00:00,14177.126692573,526.770796,10862,63.905,3.195,664.387,1619.777,42.969,15,0,0,S (sleeping)
2026-07-31T12:49:18.129971+00:00,14177.627418429,527.271522,10862,65.904,3.295,664.387,1619.777,42.969,15,0,0,S (sleeping)
2026-07-31T12:49:18.630714+00:00,14178.128159345,527.772263,10862,63.905,3.195,664.387,1619.777,42.969,15,0,0,S (sleeping)
2026-07-31T12:49:19.131458+00:00,14178.628902872,528.273006,10862,59.911,2.996,664.387,1619.777,42.969,15,0,4096,S (sleeping)
2026-07-31T12:49:19.632196+00:00,14179.129640803,528.773744,10862,67.900,3.395,664.387,1619.777,42.969,15,0,12288,S (sleeping)
2026-07-31T12:49:20.132957+00:00,14179.630398585,529.274502,10862,63.903,3.195,664.387,1619.777,42.969,15,0,0,S (sleeping)
2026-07-31T12:49:20.633715+00:00,14180.131156364,529.775260,10862,63.903,3.195,664.387,1619.777,42.969,15,0,8192,S (sleeping)
2026-07-31T12:49:21.134338+00:00,14180.631789341,530.275893,10862,63.919,3.196,664.387,1619.777,42.969,15,0,0,S (sleeping)
2026-07-31T12:49:21.634624+00:00,14181.132076942,530.776180,10862,63.963,3.198,664.387,1619.777,42.969,15,0,0,S (sleeping)
2026-07-31T12:49:22.135348+00:00,14181.632802525,531.276906,10862,61.910,3.096,664.387,1619.777,42.969,15,0,0,S (sleeping)
2026-07-31T12:49:22.636067+00:00,14182.133522498,531.777626,10862,65.905,3.295,664.387,1619.777,42.969,15,0,4096,R (running)
2026-07-31T12:49:23.136792+00:00,14182.634249925,532.278353,10862,63.907,3.195,664.387,1619.777,42.969,15,0,0,S (sleeping)
2026-07-31T12:49:23.637547+00:00,14183.134982843,532.779086,10862,63.906,3.195,664.387,1619.777,42.969,15,0,0,S (sleeping)
2026-07-31T12:49:24.138351+00:00,14183.635786710,533.279890,10862,69.888,3.494,664.387,1619.777,42.969,15,0,4096,S (sleeping)
2026-07-31T12:49:24.639098+00:00,14184.136547576,533.780651,10862,59.909,2.995,664.387,1619.777,42.969,15,0,0,S (sleeping)
2026-07-31T12:49:25.139870+00:00,14184.637293406,534.281397,10862,65.902,3.295,664.387,1619.777,42.969,15,0,8192,S (sleeping)
2026-07-31T12:49:25.640599+00:00,14185.138048365,534.782152,10862,63.904,3.195,664.387,1619.777,42.969,15,0,4096,S (sleeping)
2026-07-31T12:49:26.141332+00:00,14185.638785575,535.282889,10862,85.873,4.294,664.387,1619.777,42.969,15,0,0,S (sleeping)
2026-07-31T12:49:26.642067+00:00,14186.139521686,535.783625,10862,59.912,2.996,664.387,1619.777,42.969,15,0,0,S (sleeping)
2026-07-31T12:49:27.142805+00:00,14186.640254242,536.284358,10862,61.909,3.095,664.387,1619.777,42.969,15,0,0,S (sleeping)
2026-07-31T12:49:27.643544+00:00,14187.140997662,536.785101,10862,61.908,3.095,664.387,1619.777,42.969,15,0,4096,S (sleeping)
2026-07-31T12:49:28.144274+00:00,14187.641725625,537.285829,10862,63.907,3.195,664.387,1619.777,42.969,15,0,0,S (sleeping)
2026-07-31T12:49:28.645019+00:00,14188.142470402,537.786574,10862,65.902,3.295,664.387,1619.777,42.969,15,0,0,S (sleeping)
2026-07-31T12:49:29.145377+00:00,14188.642832923,538.286936,10862,63.954,3.198,664.387,1619.777,42.969,15,0,4096,S (sleeping)
2026-07-31T12:49:29.646123+00:00,14189.143560805,538.787664,10862,63.907,3.195,664.387,1619.777,42.969,15,0,8192,S (sleeping)
2026-07-31T12:49:30.146867+00:00,14189.644318552,539.288422,10862,67.897,3.395,664.387,1619.777,42.969,15,0,0,S (sleeping)
2026-07-31T12:49:30.647599+00:00,14190.145049564,539.789153,10862,63.907,3.195,664.387,1619.777,42.969,15,0,4096,S (sleeping)
2026-07-31T12:49:31.148352+00:00,14190.645797956,540.289901,10862,63.904,3.195,664.387,1619.777,42.969,15,0,0,S (sleeping)
2026-07-31T12:49:31.649119+00:00,14191.146557205,540.790661,10862,67.897,3.395,664.387,1619.777,42.969,15,0,0,S (sleeping)
2026-07-31T12:49:32.149843+00:00,14191.647295912,541.291399,10862,61.909,3.095,664.387,1619.777,42.969,15,0,0,S (sleeping)
2026-07-31T12:49:32.650597+00:00,14192.148051538,541.792155,10862,63.903,3.195,664.387,1619.777,42.969,15,0,8192,S (sleeping)
2026-07-31T12:49:33.151356+00:00,14192.648795490,542.292899,10862,63.905,3.195,664.387,1619.777,42.969,15,0,0,S (sleeping)
2026-07-31T12:49:33.651357+00:00,14193.149550143,542.793654,10862,63.904,3.195,664.387,1619.777,42.969,15,0,0,S (sleeping)
2026-07-31T12:49:34.152085+00:00,14193.650281724,543.294385,10862,65.904,3.295,664.387,1619.777,42.969,15,0,4096,S (sleeping)
2026-07-31T12:49:34.652825+00:00,14194.151016941,543.795120,10862,63.906,3.195,664.387,1619.777,42.969,15,0,0,S (sleeping)
2026-07-31T12:49:35.153565+00:00,14194.651759524,544.295863,10862,65.902,3.295,664.387,1619.777,42.969,15,0,12288,S (sleeping)
2026-07-31T12:49:35.654297+00:00,14195.152495821,544.796599,10862,65.903,3.295,664.387,1619.777,42.969,15,0,0,S (sleeping)
2026-07-31T12:49:36.154567+00:00,14195.652763969,545.296867,10862,71.961,3.598,664.387,1619.777,42.969,15,0,4096,S (sleeping)
2026-07-31T12:49:36.655295+00:00,14196.153480088,545.797584,10862,61.911,3.096,664.387,1619.777,42.969,15,0,0,S (sleeping)
2026-07-31T12:49:37.156023+00:00,14196.654223361,546.298327,10862,61.908,3.095,664.387,1619.777,42.969,15,0,0,S (sleeping)
2026-07-31T12:49:37.656749+00:00,14197.154940305,546.799044,10862,63.908,3.195,664.387,1619.777,42.969,15,0,4096,S (sleeping)
2026-07-31T12:49:38.157501+00:00,14197.655686664,547.299790,10862,63.905,3.195,664.387,1619.777,42.969,15,0,0,S (sleeping)
2026-07-31T12:49:38.657909+00:00,14198.156096239,547.800200,10862,63.948,3.197,664.387,1619.777,42.969,15,0,0,S (sleeping)
2026-07-31T12:49:39.158676+00:00,14198.656845252,548.300949,10862,63.904,3.195,664.387,1619.777,42.969,15,0,4096,S (sleeping)
2026-07-31T12:49:39.659404+00:00,14199.157601992,548.801706,10862,63.903,3.195,664.387,1619.777,42.969,15,0,8192,S (sleeping)
2026-07-31T12:49:40.159628+00:00,14199.657825963,549.301929,10862,65.970,3.299,664.387,1619.777,42.969,15,0,0,S (sleeping)
2026-07-31T12:49:40.660414+00:00,14200.158607233,549.802711,10862,69.891,3.495,664.387,1619.777,42.969,15,0,0,S (sleeping)
2026-07-31T12:49:41.161151+00:00,14200.659345232,550.303449,10862,63.906,3.195,664.387,1619.777,42.969,15,0,4096,S (sleeping)
2026-07-31T12:49:41.661877+00:00,14201.160069191,550.804173,10862,65.905,3.295,664.387,1619.777,42.969,15,0,0,S (sleeping)
2026-07-31T12:49:42.162644+00:00,14201.660817176,551.304921,10862,65.901,3.295,664.387,1619.777,42.969,15,0,0,S (sleeping)
2026-07-31T12:49:42.663389+00:00,14202.161577238,551.805681,10862,85.869,4.293,664.387,1619.777,42.969,15,0,4096,S (sleeping)
2026-07-31T12:49:43.164119+00:00,14202.662308113,552.306412,10862,61.910,3.095,664.387,1619.777,42.969,15,0,0,S (sleeping)
2026-07-31T12:49:43.664851+00:00,14203.163047655,552.807151,10862,63.905,3.195,664.387,1619.777,42.969,15,0,0,S (sleeping)
2026-07-31T12:49:44.165573+00:00,14203.663773452,553.307877,10862,113.835,5.692,664.977,1629.277,42.969,15,0,4096,S (sleeping)
2026-07-31T12:49:44.666289+00:00,14204.164485770,553.808589,10862,59.915,2.996,664.977,1629.277,42.969,15,0,0,S (sleeping)
2026-07-31T12:49:45.166623+00:00,14204.664818257,554.308922,10862,61.959,3.098,631.504,1581.273,42.969,15,0,8192,S (sleeping)
2026-07-31T12:49:45.667346+00:00,14205.165535213,554.809639,10862,61.911,3.096,631.504,1581.273,42.969,15,0,0,S (sleeping)
2026-07-31T12:49:46.168085+00:00,14205.666283262,555.310387,10862,59.910,2.996,631.504,1581.273,42.969,15,0,4096,S (sleeping)
2026-07-31T12:49:46.668801+00:00,14206.166994563,555.811098,10862,61.912,3.096,631.504,1581.273,42.969,15,0,0,S (sleeping)
2026-07-31T12:49:47.169525+00:00,14206.667723169,556.311827,10862,61.910,3.095,631.504,1581.273,42.969,15,0,0,S (sleeping)
2026-07-31T12:49:47.669946+00:00,14207.168132543,556.812236,10862,65.946,3.297,631.504,1581.273,42.969,15,0,8192,S (sleeping)
2026-07-31T12:49:48.170681+00:00,14207.668867727,557.312971,10862,87.871,4.394,666.035,1617.066,42.969,15,0,0,S (sleeping)
2026-07-31T12:49:48.671391+00:00,14208.169592745,557.813696,10862,57.916,2.896,666.035,1617.066,42.969,15,0,0,S (sleeping)
2026-07-31T12:49:49.172109+00:00,14208.670310858,558.314414,10862,59.914,2.996,666.035,1617.066,42.969,15,0,0,S (sleeping)
2026-07-31T12:49:49.672595+00:00,14209.170655326,558.814759,10862,61.957,3.098,666.035,1617.066,42.969,15,0,16384,S (sleeping)
2026-07-31T12:49:50.173365+00:00,14209.671558021,559.315662,10862,59.892,2.995,666.035,1617.066,42.969,15,0,0,S (sleeping)
2026-07-31T12:49:50.674142+00:00,14210.172339362,559.816443,10862,61.903,3.095,666.035,1617.066,42.969,15,0,4096,S (sleeping)
2026-07-31T12:49:51.174865+00:00,14210.673062855,560.317166,10862,59.913,2.996,666.035,1617.066,42.969,15,0,4096,R (running)
2026-07-31T12:49:51.675604+00:00,14211.173786931,560.817890,10862,61.910,3.096,666.035,1617.066,42.969,15,0,0,R (running)
2026-07-31T12:49:52.176337+00:00,14211.674530964,561.318634,10862,61.908,3.095,666.035,1617.066,42.969,15,0,0,R (running)
2026-07-31T12:49:52.677062+00:00,14212.175259072,561.819363,10862,61.910,3.095,666.035,1617.066,42.969,15,0,4096,S (sleeping)
2026-07-31T12:49:53.177900+00:00,14212.676080182,562.320184,10862,65.892,3.295,666.035,1617.066,42.969,15,0,0,S (sleeping)
2026-07-31T12:49:53.678712+00:00,14213.176866853,562.820970,10862,63.899,3.195,666.035,1617.066,42.969,15,0,0,R (running)
2026-07-31T12:49:54.179464+00:00,14213.677647826,563.321751,10862,63.900,3.195,666.035,1617.066,42.969,15,0,0,R (running)
2026-07-31T12:49:54.680204+00:00,14214.178396314,563.822500,10862,61.907,3.095,666.035,1617.066,42.969,15,0,4096,R (running)
2026-07-31T12:49:55.180946+00:00,14214.679128230,564.323232,10862,67.901,3.395,666.035,1617.066,42.969,15,0,8192,R (running)
2026-07-31T12:49:55.682026+00:00,14215.180158400,564.824262,10862,61.873,3.094,666.035,1617.066,42.969,15,0,0,R (running)
2026-07-31T12:49:56.182822+00:00,14215.681003896,565.325107,10862,61.895,3.095,666.035,1617.066,42.969,15,0,4096,R (running)
2026-07-31T12:49:56.683715+00:00,14216.181815607,565.825919,10862,59.903,2.995,666.035,1617.066,42.969,15,0,0,R (running)
2026-07-31T12:49:57.184476+00:00,14216.682671470,566.326775,10862,63.891,3.195,666.035,1617.066,42.969,15,0,0,R (running)
2026-07-31T12:49:57.685203+00:00,14217.183398067,566.827502,10862,59.913,2.996,666.035,1617.066,42.969,15,0,4096,R (running)
2026-07-31T12:49:58.185929+00:00,14217.684122529,567.328226,10862,61.910,3.096,666.035,1617.066,42.969,15,0,0,S (sleeping)
2026-07-31T12:49:58.686675+00:00,14218.184866959,567.828970,10862,65.902,3.295,666.035,1617.066,42.969,15,0,0,R (running)
2026-07-31T12:49:59.187424+00:00,14218.685602587,568.329706,10862,63.906,3.195,666.035,1617.066,42.969,15,0,0,R (running)
2026-07-31T12:49:59.688313+00:00,14219.186424804,568.830528,10862,61.898,3.095,666.035,1617.066,42.969,15,0,12288,R (running)
2026-07-31T12:50:00.189089+00:00,14219.687270508,569.331374,10862,67.885,3.394,666.035,1617.066,42.969,15,0,0,R (running)
2026-07-31T12:50:00.689839+00:00,14220.188035760,569.832139,10862,63.902,3.195,666.035,1617.066,42.969,15,0,0,R (running)
2026-07-31T12:50:01.190589+00:00,14220.688772912,570.332876,10862,63.906,3.195,666.035,1617.066,42.969,15,0,4096,R (running)
2026-07-31T12:50:01.691321+00:00,14221.189518329,570.833622,10862,65.902,3.295,666.035,1617.066,42.969,15,0,0,R (running)
2026-07-31T12:50:02.192084+00:00,14221.690280197,571.334384,10862,57.912,2.896,666.035,1617.066,42.969,15,0,0,R (running)
2026-07-31T12:50:02.692970+00:00,14222.191019982,571.835124,10862,69.897,3.495,666.035,1617.066,42.969,15,0,8192,S (sleeping)
2026-07-31T12:50:03.193748+00:00,14222.691909564,572.336013,10862,51.908,2.595,666.035,1617.066,42.969,15,0,0,S (sleeping)
2026-07-31T12:50:03.693184+00:00,14223.192675674,572.836779,10862,67.896,3.395,666.035,1617.066,42.969,15,0,0,S (sleeping)
2026-07-31T12:50:04.193907+00:00,14223.693416854,573.337520,10862,59.911,2.996,666.035,1617.066,42.969,15,0,0,S (sleeping)
2026-07-31T12:50:04.694633+00:00,14224.194140916,573.838244,10862,55.919,2.796,666.035,1617.066,42.969,15,0,4096,S (sleeping)
2026-07-31T12:50:05.195413+00:00,14224.694919994,574.339024,10862,85.866,4.293,666.035,1617.066,42.969,15,0,12288,S (sleeping)
2026-07-31T12:50:05.696177+00:00,14225.195688039,574.839792,10862,59.908,2.995,666.035,1617.066,42.969,15,0,0,S (sleeping)
2026-07-31T12:50:06.197042+00:00,14225.696467418,575.340571,10862,59.907,2.995,666.035,1617.066,42.969,15,0,4096,S (sleeping)
2026-07-31T12:50:06.697786+00:00,14226.197297306,575.841401,10862,61.897,3.095,666.035,1617.066,42.969,15,0,0,S (sleeping)
2026-07-31T12:50:07.198519+00:00,14226.698027493,576.342131,10862,59.913,2.996,666.035,1617.066,42.969,15,0,0,S (sleeping)
2026-07-31T12:50:07.699239+00:00,14227.198748400,576.842852,10862,63.908,3.195,666.035,1617.066,42.969,15,0,0,S (sleeping)
2026-07-31T12:50:08.199960+00:00,14227.699470791,577.343574,10862,59.913,2.996,666.035,1617.066,42.969,15,0,4096,S (sleeping)
2026-07-31T12:50:08.700689+00:00,14228.200200441,577.844304,10862,63.907,3.195,666.035,1617.066,42.969,15,0,0,S (sleeping)
2026-07-31T12:50:09.201504+00:00,14228.701000147,578.345104,10862,49.920,2.496,666.035,1617.066,42.969,15,0,0,S (sleeping)
2026-07-31T12:50:09.702239+00:00,14229.201745127,578.845849,10862,75.887,3.794,666.035,1617.066,42.969,15,0,12288,S (sleeping)
2026-07-31T12:50:10.202975+00:00,14229.702476996,579.346581,10862,67.901,3.395,666.035,1617.066,42.969,15,0,0,S (sleeping)
2026-07-31T12:50:10.703703+00:00,14230.203212011,579.847316,10862,49.927,2.496,666.035,1617.066,42.969,15,0,0,R (running)
2026-07-31T12:50:11.204535+00:00,14230.704041455,580.348145,10862,75.874,3.794,666.035,1617.066,42.969,15,0,4096,S (sleeping)
2026-07-31T12:50:11.705275+00:00,14231.204774237,580.848878,10862,63.906,3.195,666.035,1617.066,42.969,15,0,0,S (sleeping)
2026-07-31T12:50:12.206035+00:00,14231.705524461,581.349628,10862,57.913,2.896,666.035,1617.066,42.969,15,0,0,S (sleeping)
2026-07-31T12:50:12.706843+00:00,14232.206337892,581.850441,10862,57.906,2.895,666.035,1617.066,42.969,15,0,0,S (sleeping)
2026-07-31T12:50:13.207264+00:00,14232.706695071,582.350799,10862,57.959,2.898,666.035,1617.066,42.969,15,0,4096,S (sleeping)
2026-07-31T12:50:13.708056+00:00,14233.207546638,582.851650,10862,61.895,3.095,666.035,1617.066,42.969,15,0,0,S (sleeping)
2026-07-31T12:50:14.208798+00:00,14233.708303180,583.352407,10862,61.906,3.095,666.035,1617.066,42.969,15,0,0,S (sleeping)
2026-07-31T12:50:14.709535+00:00,14234.209030276,583.853134,10862,65.904,3.295,666.035,1617.066,42.969,15,0,4096,R (running)
2026-07-31T12:50:15.210284+00:00,14234.709796293,584.353900,10862,57.911,2.896,666.035,1617.066,42.969,15,0,8192,S (sleeping)
2026-07-31T12:50:15.711028+00:00,14235.210513349,584.854617,10862,61.911,3.096,666.035,1617.066,42.969,15,0,0,S (sleeping)
2026-07-31T12:50:16.211810+00:00,14235.711298996,585.355403,10862,59.906,2.995,666.035,1617.066,42.969,15,0,4096,S (sleeping)
2026-07-31T12:50:16.712633+00:00,14236.212119792,585.856223,10862,59.902,2.995,666.035,1617.066,42.969,15,0,0,R (running)
2026-07-31T12:50:17.213384+00:00,14236.712876175,586.356980,10862,61.906,3.095,666.035,1617.066,42.969,15,0,0,R (running)
2026-07-31T12:50:17.713653+00:00,14237.213161539,586.857265,10862,65.962,3.298,666.035,1617.066,42.969,15,0,4096,S (sleeping)
2026-07-31T12:50:18.214388+00:00,14237.713895313,587.357999,10862,53.921,2.696,666.035,1617.066,42.969,15,0,4096,R (running)
2026-07-31T12:50:18.715130+00:00,14238.214635666,587.858739,10862,67.899,3.395,666.035,1617.066,42.969,15,0,0,R (running)
2026-07-31T12:50:19.215866+00:00,14238.715375438,588.359479,10862,61.908,3.095,666.035,1617.066,42.969,15,0,0,S (sleeping)
2026-07-31T12:50:19.716569+00:00,14239.216075057,588.860179,10862,67.905,3.395,666.035,1617.066,42.969,15,0,16384,S (sleeping)
2026-07-31T12:50:20.217443+00:00,14239.716863682,589.360967,10862,61.902,3.095,666.035,1617.066,42.969,15,0,0,R (running)
2026-07-31T12:50:20.718250+00:00,14240.217730878,589.861834,10862,69.879,3.494,666.035,1617.066,42.969,15,0,0,S (sleeping)
2026-07-31T12:50:21.218997+00:00,14240.718488208,590.362592,10862,61.906,3.095,666.035,1617.066,42.969,15,0,0,S (sleeping)
2026-07-31T12:50:21.719762+00:00,14241.219248449,590.863352,10862,59.909,2.995,666.035,1617.066,42.969,15,0,4096,S (sleeping)
2026-07-31T12:50:22.220513+00:00,14241.720022059,591.364126,10862,59.907,2.995,666.035,1617.066,42.969,15,0,0,S (sleeping)
2026-07-31T12:50:22.721228+00:00,14242.220733755,591.864837,10862,59.915,2.996,666.035,1617.066,42.969,15,0,0,S (sleeping)
2026-07-31T12:50:23.221982+00:00,14242.721478371,592.365582,10862,57.914,2.896,666.035,1617.066,42.969,15,0,4096,S (sleeping)
2026-07-31T12:50:23.722833+00:00,14243.222263194,592.866367,10862,61.903,3.095,666.035,1617.066,42.969,15,0,0,S (sleeping)
2026-07-31T12:50:24.223223+00:00,14243.722731886,593.366835,10862,61.942,3.097,666.035,1617.066,42.969,15,0,0,S (sleeping)
2026-07-31T12:50:24.723955+00:00,14244.223460307,593.867564,10862,73.892,3.695,666.035,1617.066,42.969,15,0,4096,S (sleeping)
2026-07-31T12:50:25.224577+00:00,14244.724085451,594.368189,10862,57.928,2.896,666.035,1617.066,42.969,15,0,8192,S (sleeping)
2026-07-31T12:50:25.725306+00:00,14245.224810603,594.868914,10862,61.910,3.096,666.035,1617.066,42.969,15,0,0,S (sleeping)
2026-07-31T12:50:26.226020+00:00,14245.725527844,595.369631,10862,59.914,2.996,666.035,1617.066,42.969,15,0,0,S (sleeping)
2026-07-31T12:50:26.726758+00:00,14246.226241705,595.870345,10862,61.912,3.096,666.035,1617.066,42.969,15,0,4096,S (sleeping)
2026-07-31T12:50:27.227555+00:00,14246.727056190,596.371160,10862,61.899,3.095,666.035,1617.066,42.969,15,0,0,S (sleeping)
2026-07-31T12:50:27.728314+00:00,14247.227824752,596.871928,10862,61.905,3.095,666.035,1617.066,42.969,15,0,0,S (sleeping)
2026-07-31T12:50:28.229036+00:00,14247.728546365,597.372650,10862,61.911,3.096,666.035,1617.066,42.969,15,0,4096,S (sleeping)
2026-07-31T12:50:28.729777+00:00,14248.229270372,597.873374,10862,65.905,3.295,666.035,1617.066,42.969,15,0,0,S (sleeping)
2026-07-31T12:50:29.230494+00:00,14248.729995596,598.374099,10862,61.910,3.096,666.035,1617.066,42.969,15,0,0,S (sleeping)
2026-07-31T12:50:29.731445+00:00,14249.230802923,598.874906,10862,61.900,3.095,666.035,1617.066,42.969,15,0,12288,S (sleeping)
2026-07-31T12:50:30.231750+00:00,14249.731259702,599.375363,10862,67.938,3.397,666.035,1617.066,42.969,15,0,4096,S (sleeping)
2026-07-31T12:50:30.732539+00:00,14250.231999498,599.876103,10862,65.902,3.295,666.035,1617.066,42.969,15,0,0,S (sleeping)
2026-07-31T12:50:31.233282+00:00,14250.732789512,600.376893,10862,67.893,3.395,666.035,1617.066,42.969,15,0,0,S (sleeping)
2026-07-31T12:50:31.734038+00:00,14251.233536477,600.877640,10862,67.899,3.395,666.035,1617.066,42.969,15,0,4096,S (sleeping)
2026-07-31T12:50:32.234805+00:00,14251.734304975,601.378408,10862,69.893,3.495,666.035,1617.066,42.969,15,0,0,S (sleeping)
2026-07-31T12:50:32.735528+00:00,14252.235039572,601.879143,10862,59.912,2.996,666.035,1617.066,42.969,15,0,4096,S (sleeping)
2026-07-31T12:50:33.236263+00:00,14252.735769538,602.379873,10862,83.878,4.194,666.035,1617.066,42.969,15,0,4096,S (sleeping)
2026-07-31T12:50:33.735805+00:00,14253.236490161,602.880594,10862,57.917,2.896,666.035,1617.066,42.969,15,0,0,S (sleeping)
2026-07-31T12:50:34.236560+00:00,14253.737241133,603.381345,10862,53.919,2.696,666.035,1617.066,42.969,15,0,0,S (sleeping)
2026-07-31T12:50:34.737312+00:00,14254.238003343,603.882107,10862,57.912,2.896,666.035,1617.066,42.969,15,0,4096,S (sleeping)
2026-07-31T12:50:35.238050+00:00,14254.738753535,604.382857,10862,59.910,2.996,666.035,1617.066,42.969,15,0,12288,S (sleeping)
2026-07-31T12:50:35.738913+00:00,14255.239569831,604.883673,10862,61.899,3.095,666.035,1617.066,42.969,15,0,0,S (sleeping)
2026-07-31T12:50:36.239653+00:00,14255.740358023,605.384462,10862,59.906,2.995,666.035,1617.066,42.969,15,0,0,S (sleeping)
2026-07-31T12:50:36.740379+00:00,14256.241084148,605.885188,10862,59.913,2.996,666.035,1617.066,42.969,15,0,4096,S (sleeping)
2026-07-31T12:50:37.241144+00:00,14256.741833996,606.385938,10862,63.904,3.195,666.035,1617.066,42.969,15,0,0,S (sleeping)
2026-07-31T12:50:37.741913+00:00,14257.242599279,606.886703,10862,59.908,2.995,666.035,1617.066,42.969,15,0,0,S (sleeping)
2026-07-31T12:50:38.242678+00:00,14257.743366974,607.387470,10862,63.902,3.195,666.035,1617.066,42.969,15,0,4096,S (sleeping)
2026-07-31T12:50:38.743426+00:00,14258.244128489,607.888232,10862,59.909,2.995,666.035,1617.066,42.969,15,0,0,S (sleeping)
2026-07-31T12:50:39.244155+00:00,14258.744859509,608.388963,10862,59.912,2.996,666.035,1617.066,42.969,15,0,0,S (sleeping)
2026-07-31T12:50:39.744884+00:00,14259.245585974,608.889689,10862,59.913,2.996,666.035,1617.066,42.969,15,0,12288,S (sleeping)
2026-07-31T12:50:40.245636+00:00,14259.746328396,609.390432,10862,63.905,3.195,666.035,1617.066,42.969,15,0,0,S (sleeping)
2026-07-31T12:50:40.746366+00:00,14260.247062823,609.891166,10862,63.906,3.195,666.035,1617.066,42.969,15,0,0,S (sleeping)
2026-07-31T12:50:41.247153+00:00,14260.747831747,610.391935,10862,61.905,3.095,666.035,1617.066,42.969,15,0,0,R (running)
2026-07-31T12:50:41.747935+00:00,14261.248623076,610.892727,10862,61.902,3.095,666.035,1617.066,42.969,15,0,4096,S (sleeping)
2026-07-31T12:50:42.248661+00:00,14261.749367331,611.393471,10862,69.896,3.495,666.035,1617.066,42.969,15,0,0,S (sleeping)
2026-07-31T12:50:42.749588+00:00,14262.250178550,611.894282,10862,63.896,3.195,666.035,1617.066,42.969,15,0,0,S (sleeping)
2026-07-31T12:50:43.250627+00:00,14262.751178811,612.395282,10862,61.876,3.094,666.035,1617.066,42.969,15,0,4096,S (sleeping)
2026-07-31T12:50:43.751438+00:00,14263.252131987,612.896236,10862,59.886,2.994,666.035,1617.066,42.969,15,0,0,S (sleeping)
2026-07-31T12:50:44.252349+00:00,14263.752883545,613.396987,10862,63.904,3.195,666.035,1617.066,42.969,15,0,0,S (sleeping)
2026-07-31T12:50:44.753086+00:00,14264.253784523,613.897888,10862,61.888,3.094,666.035,1617.066,42.969,15,0,0,S (sleeping)
2026-07-31T12:50:45.253330+00:00,14264.754031413,614.398135,10862,63.968,3.198,666.035,1617.066,42.969,15,0,12288,S (sleeping)
2026-07-31T12:50:45.754076+00:00,14265.254771061,614.898875,10862,65.903,3.295,666.035,1617.066,42.969,15,0,0,S (sleeping)
2026-07-31T12:50:46.254808+00:00,14265.755499486,615.399603,10862,63.907,3.195,666.035,1617.066,42.969,15,0,0,S (sleeping)
2026-07-31T12:50:46.755561+00:00,14266.256256191,615.900360,10862,65.900,3.295,666.035,1617.066,42.969,15,0,4096,R (running)
2026-07-31T12:50:47.256288+00:00,14266.756994841,616.401098,10862,63.906,3.195,666.035,1617.066,42.969,15,0,0,S (sleeping)
2026-07-31T12:50:47.757051+00:00,14267.257734798,616.901838,10862,63.905,3.195,666.035,1617.066,42.969,15,0,4096,S (sleeping)
2026-07-31T12:50:48.257810+00:00,14267.758514366,617.402618,10862,63.900,3.195,666.035,1617.066,42.969,15,0,4096,S (sleeping)
2026-07-31T12:50:48.758555+00:00,14268.259255618,617.903359,10862,67.899,3.395,666.035,1617.066,42.969,15,0,0,S (sleeping)
2026-07-31T12:50:49.259298+00:00,14268.759984308,618.404088,10862,61.910,3.095,666.035,1617.066,42.969,15,0,0,S (sleeping)
2026-07-31T12:50:49.760016+00:00,14269.260720369,618.904824,10862,63.906,3.195,666.035,1617.066,42.969,15,0,12288,S (sleeping)
2026-07-31T12:50:50.260371+00:00,14269.761073823,619.405177,10862,63.955,3.198,666.035,1617.066,42.969,15,0,4096,S (sleeping)
2026-07-31T12:50:50.761115+00:00,14270.261801672,619.905905,10862,63.907,3.195,666.035,1617.066,42.969,15,0,0,S (sleeping)
2026-07-31T12:50:51.261843+00:00,14270.762550675,620.406654,10862,63.904,3.195,666.035,1617.066,42.969,15,0,0,S (sleeping)
2026-07-31T12:50:51.762615+00:00,14271.263304365,620.907408,10862,65.901,3.295,666.035,1617.066,42.969,15,0,4096,S (sleeping)
2026-07-31T12:50:52.263361+00:00,14271.764065216,621.408169,10862,65.900,3.295,666.035,1617.066,42.969,15,0,0,S (sleeping)
2026-07-31T12:50:52.763604+00:00,14272.264308043,621.908412,10862,67.967,3.398,666.035,1617.066,42.969,15,0,0,S (sleeping)
2026-07-31T12:50:53.264359+00:00,14272.765055691,622.409159,10862,65.901,3.295,666.035,1617.066,42.969,15,0,4096,S (sleeping)
2026-07-31T12:50:53.765107+00:00,14273.265803818,622.909907,10862,77.883,3.894,666.035,1617.066,42.969,15,0,0,S (sleeping)
2026-07-31T12:50:54.265838+00:00,14273.766539594,623.410643,10862,61.909,3.095,666.035,1617.066,42.969,15,0,0,S (sleeping)
2026-07-31T12:50:54.766587+00:00,14274.267278211,623.911382,10862,63.906,3.195,666.035,1617.066,42.969,15,0,0,S (sleeping)
2026-07-31T12:50:55.267391+00:00,14274.768082759,624.412186,10862,63.897,3.195,666.035,1617.066,42.969,15,0,12288,S (sleeping)
2026-07-31T12:50:55.768146+00:00,14275.268840759,624.912944,10862,63.903,3.195,666.035,1617.066,42.969,15,0,0,S (sleeping)
2026-07-31T12:50:56.268890+00:00,14275.769577996,625.413682,10862,63.906,3.195,666.035,1617.066,42.969,15,0,0,S (sleeping)
2026-07-31T12:50:56.769619+00:00,14276.270321867,625.914425,10862,67.899,3.395,666.035,1617.066,42.969,15,0,4096,R (running)
2026-07-31T12:50:57.270375+00:00,14276.771057489,626.415161,10862,71.894,3.595,666.035,1617.066,42.969,15,0,0,S (sleeping)
2026-07-31T12:50:57.771115+00:00,14277.271817395,626.915921,10862,63.903,3.195,666.035,1617.066,42.969,15,0,0,S (sleeping)
2026-07-31T12:50:58.271849+00:00,14277.772549305,627.416653,10862,71.895,3.595,666.035,1617.066,42.969,15,0,4096,S (sleeping)
2026-07-31T12:50:58.772622+00:00,14278.273307480,627.917411,10862,63.903,3.195,666.035,1617.066,42.969,15,0,0,S (sleeping)
2026-07-31T12:50:59.273389+00:00,14278.774083504,628.418187,10862,61.904,3.095,666.035,1617.066,42.969,15,0,0,R (running)
2026-07-31T12:50:59.774121+00:00,14279.274825613,628.918929,10862,63.905,3.195,666.035,1617.066,42.969,15,0,8192,S (sleeping)
2026-07-31T12:51:00.274856+00:00,14279.775558287,629.419662,10862,65.903,3.295,666.035,1617.066,42.969,15,0,4096,S (sleeping)
2026-07-31T12:51:00.775642+00:00,14280.276311437,629.920415,10862,63.904,3.195,666.035,1617.066,42.969,15,0,0,R (running)
2026-07-31T12:51:01.276390+00:00,14280.777080640,630.421184,10862,63.902,3.195,666.035,1617.066,42.969,15,0,0,S (sleeping)
2026-07-31T12:51:01.777292+00:00,14281.277840010,630.921944,10862,65.900,3.295,666.035,1617.066,42.969,15,0,4096,R (running)
2026-07-31T12:51:02.278113+00:00,14281.778805041,631.422909,10862,65.873,3.294,666.035,1617.066,42.969,15,0,0,S (sleeping)
2026-07-31T12:51:02.778851+00:00,14282.279549562,631.923653,10862,67.899,3.395,666.035,1617.066,42.969,15,0,0,R (running)
2026-07-31T12:51:03.278377+00:00,14282.780199618,632.424303,10862,61.919,3.096,666.035,1617.066,42.969,15,0,8192,R (running)
2026-07-31T12:51:03.779196+00:00,14283.281082136,632.925186,10862,63.887,3.194,666.035,1617.066,42.969,15,0,0,R (running)
2026-07-31T12:51:04.279934+00:00,14283.781821538,633.425925,10862,75.888,3.794,666.035,1617.066,42.969,15,0,0,R (running)
2026-07-31T12:51:04.780656+00:00,14284.282544261,633.926648,10862,63.908,3.195,666.035,1617.066,42.969,15,0,0,R (running)
2026-07-31T12:51:05.281759+00:00,14284.783565012,634.427669,10862,63.870,3.193,666.035,1617.066,42.969,15,0,16384,R (running)
2026-07-31T12:51:05.782530+00:00,14285.284415864,634.928519,10862,63.891,3.195,666.035,1617.066,42.969,15,0,0,R (running)
2026-07-31T12:51:06.283266+00:00,14285.785142311,635.429246,10862,61.910,3.096,666.035,1617.066,42.969,15,0,0,R (running)
2026-07-31T12:51:06.784014+00:00,14286.285894830,635.929998,10862,61.907,3.095,666.035,1617.066,42.969,15,0,4096,R (running)
2026-07-31T12:51:07.284741+00:00,14286.786623183,636.430727,10862,59.913,2.996,666.035,1617.066,42.969,15,0,0,S (sleeping)
2026-07-31T12:51:07.785486+00:00,14287.287359973,636.931463,10862,67.900,3.395,666.035,1617.066,42.969,15,0,0,R (running)
2026-07-31T12:51:08.286223+00:00,14287.788100142,637.432204,10862,63.905,3.195,666.035,1617.066,42.969,15,0,4096,R (running)
2026-07-31T12:51:08.787114+00:00,14288.288921787,637.933025,10862,59.902,2.995,666.035,1617.066,42.969,15,0,0,R (running)
2026-07-31T12:51:09.287879+00:00,14288.789763628,638.433867,10862,61.896,3.095,666.035,1617.066,42.969,15,0,0,R (running)
2026-07-31T12:51:09.788608+00:00,14289.290497554,638.934601,10862,61.909,3.095,666.035,1617.066,42.969,15,0,8192,R (running)
2026-07-31T12:51:10.289334+00:00,14289.791225696,639.435329,10862,65.904,3.295,666.035,1617.066,42.969,15,0,8192,R (running)
2026-07-31T12:51:10.790085+00:00,14290.291951731,639.936055,10862,63.907,3.195,666.035,1617.066,42.969,15,0,0,R (running)
2026-07-31T12:51:11.290818+00:00,14290.792708320,640.436812,10862,59.909,2.995,666.035,1617.066,42.969,15,0,0,S (sleeping)
2026-07-31T12:51:11.791568+00:00,14291.293450483,640.937554,10862,63.905,3.195,666.035,1617.066,42.969,15,0,4096,S (sleeping)
2026-07-31T12:51:12.292304+00:00,14291.794197711,641.438301,10862,79.881,3.994,666.035,1617.066,42.969,15,0,0,S (sleeping)
2026-07-31T12:51:12.793035+00:00,14292.294926369,641.939030,10862,61.910,3.095,666.035,1617.066,42.969,15,0,0,S (sleeping)
2026-07-31T12:51:13.293764+00:00,14292.795655103,642.439759,10862,51.924,2.596,666.035,1617.066,42.969,15,0,0,S (sleeping)
2026-07-31T12:51:13.794191+00:00,14293.296082599,642.940186,10862,67.942,3.397,666.035,1617.066,42.969,15,0,4096,S (sleeping)
2026-07-31T12:51:14.294918+00:00,14293.796808974,643.440912,10862,61.910,3.096,666.035,1617.066,42.969,15,0,0,S (sleeping)
2026-07-31T12:51:14.795647+00:00,14294.297531754,643.941635,10862,57.916,2.896,666.035,1617.066,42.969,15,0,0,S (sleeping)
2026-07-31T12:51:15.296415+00:00,14294.798260155,644.442364,10862,55.919,2.796,666.035,1617.066,42.969,15,0,12288,S (sleeping)
2026-07-31T12:51:15.797151+00:00,14295.299039684,644.943143,10862,69.891,3.495,666.035,1617.066,42.969,15,0,0,S (sleeping)
2026-07-31T12:51:16.297917+00:00,14295.799768354,645.443872,10862,65.904,3.295,666.035,1617.066,42.969,15,0,0,R (running)
2026-07-31T12:51:16.798187+00:00,14296.300079732,645.944183,10862,53.966,2.698,666.035,1617.066,42.969,15,0,4096,S (sleeping)
2026-07-31T12:51:17.298899+00:00,14296.800791675,646.444895,10862,75.892,3.795,666.035,1617.066,42.969,15,0,0,S (sleeping)
2026-07-31T12:51:17.799605+00:00,14297.301500825,646.945604,10862,81.884,4.094,666.035,1617.066,42.969,15,0,0,S (sleeping)
2026-07-31T12:51:18.300323+00:00,14297.802217249,647.446321,10862,59.914,2.996,666.035,1617.066,42.969,15,0,4096,S (sleeping)
2026-07-31T12:51:18.801053+00:00,14298.302948328,647.947052,10862,59.912,2.996,666.035,1617.066,42.969,15,0,4096,S (sleeping)
2026-07-31T12:51:19.301823+00:00,14298.803702487,648.447806,10862,63.904,3.195,666.035,1617.066,42.969,15,0,0,S (sleeping)
2026-07-31T12:51:19.802559+00:00,14299.304444919,648.948548,10862,61.908,3.095,666.035,1617.066,42.969,15,0,12288,S (sleeping)
2026-07-31T12:51:20.303303+00:00,14299.805172684,649.449276,10862,49.927,2.496,666.035,1617.066,42.969,15,0,4096,R (running)
2026-07-31T12:51:20.804029+00:00,14300.305909470,649.950013,10862,77.885,3.894,666.035,1617.066,42.969,15,0,0,S (sleeping)
2026-07-31T12:51:21.304786+00:00,14300.806659218,650.450763,10862,63.904,3.195,666.035,1617.066,42.969,15,0,0,S (sleeping)
2026-07-31T12:51:21.805501+00:00,14301.307397607,650.951501,10862,63.906,3.195,666.035,1617.066,42.969,15,0,4096,S (sleeping)
2026-07-31T12:51:22.306215+00:00,14301.808110674,651.452214,10862,63.909,3.195,666.035,1617.066,42.969,15,0,0,S (sleeping)
2026-07-31T12:51:22.807002+00:00,14302.308876953,651.952980,10862,67.896,3.395,666.035,1617.066,42.969,15,0,0,S (sleeping)
2026-07-31T12:51:23.307741+00:00,14302.809635171,652.453739,10862,63.903,3.195,666.035,1617.066,42.969,15,0,0,S (sleeping)
2026-07-31T12:51:23.808479+00:00,14303.310357880,652.954461,10862,65.905,3.295,666.035,1617.066,42.969,15,0,4096,S (sleeping)
2026-07-31T12:51:24.309271+00:00,14303.811156370,653.455260,10862,63.898,3.195,666.035,1617.066,42.969,15,0,0,S (sleeping)
2026-07-31T12:51:24.810033+00:00,14304.311896575,653.956000,10862,63.905,3.195,666.035,1617.066,42.969,15,0,0,S (sleeping)
2026-07-31T12:51:25.310772+00:00,14304.812656553,654.456760,10862,75.885,3.794,666.035,1617.066,42.969,15,0,12288,S (sleeping)
2026-07-31T12:51:25.811530+00:00,14305.313408820,654.957512,10862,59.910,2.995,666.035,1617.066,42.969,15,0,0,S (sleeping)
2026-07-31T12:51:26.312297+00:00,14305.814174601,655.458278,10862,61.905,3.095,666.035,1617.066,42.969,15,0,0,S (sleeping)
2026-07-31T12:51:26.813056+00:00,14306.314942619,655.959046,10862,61.905,3.095,666.035,1617.066,42.969,15,0,0,S (sleeping)
2026-07-31T12:51:27.313791+00:00,14306.815681716,656.459785,10862,65.903,3.295,666.035,1617.066,42.969,15,0,4096,S (sleeping)
2026-07-31T12:51:27.814539+00:00,14307.316421399,656.960525,10862,61.908,3.095,666.035,1617.066,42.969,15,0,0,S (sleeping)
2026-07-31T12:51:28.315262+00:00,14307.817153194,657.461257,10862,63.906,3.195,666.035,1617.066,42.969,15,0,0,S (sleeping)
2026-07-31T12:51:28.816015+00:00,14308.317904816,657.962008,10862,65.901,3.295,666.035,1617.066,42.969,15,0,4096,S (sleeping)
2026-07-31T12:51:29.316802+00:00,14308.818691098,658.462795,10862,63.900,3.195,666.035,1617.066,42.969,15,0,0,S (sleeping)
2026-07-31T12:51:29.817553+00:00,14309.319434647,658.963538,10862,67.899,3.395,666.035,1617.066,42.969,15,0,8192,S (sleeping)
2026-07-31T12:51:30.318310+00:00,14309.820177792,659.464281,10862,65.902,3.295,666.035,1617.066,42.969,15,0,4096,S (sleeping)
2026-07-31T12:51:30.819067+00:00,14310.320937143,659.965041,10862,67.897,3.395,666.035,1617.066,42.969,15,0,0,S (sleeping)
2026-07-31T12:51:31.319799+00:00,14310.821690305,660.465794,10862,59.910,2.995,666.035,1617.066,42.969,15,0,0,S (sleeping)
2026-07-31T12:51:31.820521+00:00,14311.322413696,660.966517,10862,67.902,3.395,666.035,1617.066,42.969,15,0,0,S (sleeping)
2026-07-31T12:51:32.321255+00:00,14311.823144839,661.467248,10862,81.880,4.094,666.035,1617.066,42.969,15,0,4096,S (sleeping)
2026-07-31T12:51:32.822035+00:00,14312.323891088,661.967995,10862,61.908,3.095,666.035,1617.066,42.969,15,0,0,S (sleeping)
2026-07-31T12:51:33.321498+00:00,14312.824678509,662.468782,10862,61.903,3.095,666.035,1617.066,42.969,15,0,4096,S (sleeping)
2026-07-31T12:51:33.822234+00:00,14313.325415542,662.969519,10862,65.903,3.295,666.035,1617.066,42.969,15,0,4096,S (sleeping)
2026-07-31T12:51:34.322960+00:00,14313.826145125,663.470249,10862,63.907,3.195,666.035,1617.066,42.969,15,0,0,S (sleeping)
2026-07-31T12:51:34.823694+00:00,14314.326877087,663.970981,10862,63.906,3.195,666.035,1617.066,42.969,15,0,0,S (sleeping)
2026-07-31T12:51:35.324448+00:00,14314.827621739,664.471725,10862,67.899,3.395,666.035,1617.066,42.969,15,0,16384,S (sleeping)
2026-07-31T12:51:35.825175+00:00,14315.328359516,664.972463,10862,61.909,3.095,666.035,1617.066,42.969,15,0,0,S (sleeping)
2026-07-31T12:51:36.325895+00:00,14315.829078021,665.473182,10862,69.900,3.495,666.035,1617.066,42.969,15,0,0,S (sleeping)
2026-07-31T12:51:36.826638+00:00,14316.329818763,665.973922,10862,63.905,3.195,666.035,1617.066,42.969,15,0,0,S (sleeping)
2026-07-31T12:51:37.327398+00:00,14316.830553870,666.474657,10862,65.903,3.295,666.035,1617.066,42.969,15,0,4096,S (sleeping)
2026-07-31T12:51:37.828150+00:00,14317.331325186,666.975429,10862,69.892,3.495,666.035,1617.066,42.969,15,0,0,S (sleeping)
2026-07-31T12:51:38.328880+00:00,14317.832062883,667.476166,10862,61.909,3.095,666.035,1617.066,42.969,15,0,0,S (sleeping)
2026-07-31T12:51:38.829609+00:00,14318.332787623,667.976891,10862,65.904,3.295,666.035,1617.066,42.969,15,0,4096,S (sleeping)
2026-07-31T12:51:39.330393+00:00,14318.833555164,668.477659,10862,63.902,3.195,666.035,1617.066,42.969,15,0,0,S (sleeping)
2026-07-31T12:51:39.831286+00:00,14319.334392502,668.978496,10862,65.890,3.294,666.035,1617.066,42.969,15,0,8192,S (sleeping)
2026-07-31T12:51:40.332073+00:00,14319.835246879,669.479350,10862,77.867,3.893,666.035,1617.066,42.969,15,0,8192,S (sleeping)
2026-07-31T12:51:40.832819+00:00,14320.335974012,669.980078,10862,61.910,3.095,666.035,1617.066,42.969,15,0,0,S (sleeping)
2026-07-31T12:51:41.333558+00:00,14320.836736975,670.480840,10862,63.902,3.195,666.035,1617.066,42.969,15,0,0,S (sleeping)
2026-07-31T12:51:41.834273+00:00,14321.337458424,670.981562,10862,63.908,3.195,666.035,1617.066,42.969,15,0,0,S (sleeping)
2026-07-31T12:51:42.335002+00:00,14321.838175519,671.482279,10862,65.905,3.295,666.035,1617.066,42.969,15,0,4096,S (sleeping)
2026-07-31T12:51:42.835766+00:00,14322.338900906,671.983004,10862,61.910,3.096,666.035,1617.066,42.969,15,0,0,S (sleeping)
2026-07-31T12:51:43.336541+00:00,14322.839718100,672.483822,10862,67.889,3.394,666.035,1617.066,42.969,15,0,0,S (sleeping)
2026-07-31T12:51:43.837246+00:00,14323.340428199,672.984532,10862,65.906,3.295,666.035,1617.066,42.969,15,0,4096,S (sleeping)
2026-07-31T12:51:44.337982+00:00,14323.841163538,673.485267,10862,63.906,3.195,666.035,1617.066,42.969,15,0,0,S (sleeping)
2026-07-31T12:51:44.838717+00:00,14324.341896206,673.986000,10862,65.903,3.295,666.035,1617.066,42.969,15,0,0,S (sleeping)
2026-07-31T12:51:45.339446+00:00,14324.842631618,674.486735,10862,69.897,3.495,666.035,1617.066,42.969,15,0,12288,S (sleeping)
2026-07-31T12:51:45.840169+00:00,14325.343352441,674.987456,10862,61.911,3.096,666.035,1617.066,42.969,15,0,0,S (sleeping)
2026-07-31T12:51:46.340910+00:00,14325.844088880,675.488192,10862,65.903,3.295,666.035,1617.066,42.969,15,0,0,S (sleeping)
2026-07-31T12:51:46.841156+00:00,14326.344339139,675.988443,10862,71.964,3.598,666.035,1617.066,42.969,15,0,0,S (sleeping)
2026-07-31T12:51:47.341906+00:00,14326.845086218,676.489190,10862,67.899,3.395,666.035,1617.066,42.969,15,0,4096,S (sleeping)
2026-07-31T12:51:47.842637+00:00,14327.345817023,676.989921,10862,59.912,2.996,666.035,1617.066,42.969,15,0,0,S (sleeping)
2026-07-31T12:51:48.343364+00:00,14327.846534723,677.490638,10862,61.911,3.096,666.035,1617.066,42.969,15,0,4096,S (sleeping)
2026-07-31T12:51:48.844086+00:00,14328.347271706,677.991375,10862,61.909,3.095,666.035,1617.066,42.969,15,0,4096,S (sleeping)
2026-07-31T12:51:49.344835+00:00,14328.847995300,678.492099,10862,65.905,3.295,666.035,1617.066,42.969,15,0,0,S (sleeping)
2026-07-31T12:51:49.845557+00:00,14329.348740062,678.992844,10862,63.905,3.195,666.035,1617.066,42.969,15,0,12288,S (sleeping)
2026-07-31T12:51:50.346275+00:00,14329.849456187,679.493560,10862,63.908,3.195,666.035,1617.066,42.969,15,0,4096,S (sleeping)
2026-07-31T12:51:50.847013+00:00,14330.350195193,679.994299,10862,61.908,3.095,666.035,1617.066,42.969,15,0,0,S (sleeping)
2026-07-31T12:51:51.347748+00:00,14330.850927719,680.495031,10862,71.895,3.595,701.973,1665.070,42.969,15,0,0,S (sleeping)
2026-07-31T12:51:51.848504+00:00,14331.351672602,680.995776,10862,101.848,5.092,701.973,1665.070,42.969,15,0,0,S (sleeping)
2026-07-31T12:51:52.349231+00:00,14331.852414841,681.496518,10862,55.917,2.796,666.051,1617.066,42.969,15,0,4096,S (sleeping)
2026-07-31T12:51:52.849953+00:00,14332.353135215,681.997239,10862,59.914,2.996,666.051,1617.066,42.969,15,0,0,S (sleeping)
2026-07-31T12:51:53.350679+00:00,14332.853854769,682.497958,10862,59.914,2.996,666.051,1617.066,42.969,15,0,0,S (sleeping)
2026-07-31T12:51:53.851428+00:00,14333.354605571,682.998709,10862,63.904,3.195,666.051,1617.066,42.969,15,0,4096,S (sleeping)
2026-07-31T12:51:54.352181+00:00,14333.855359502,683.499463,10862,61.907,3.095,666.051,1617.066,42.969,15,0,0,S (sleeping)
2026-07-31T12:51:54.852451+00:00,14334.355630765,683.999734,10862,63.965,3.198,666.051,1617.066,42.969,15,0,0,S (sleeping)
2026-07-31T12:51:55.353174+00:00,14334.856362646,684.500466,10862,61.909,3.095,666.051,1617.066,42.969,15,0,8192,S (sleeping)
2026-07-31T12:51:55.853944+00:00,14335.357106229,685.001210,10862,63.905,3.195,666.051,1617.066,42.969,15,0,4096,S (sleeping)
2026-07-31T12:51:56.354678+00:00,14335.857858733,685.501962,10862,63.904,3.195,666.051,1617.066,42.969,15,0,0,S (sleeping)
2026-07-31T12:51:56.855394+00:00,14336.358577236,686.002681,10862,61.911,3.096,666.051,1617.066,42.969,15,0,0,S (sleeping)
2026-07-31T12:51:57.356121+00:00,14336.859299464,686.503403,10862,63.908,3.195,666.051,1617.066,42.969,15,0,4096,S (sleeping)
2026-07-31T12:51:57.856880+00:00,14337.360059991,687.004164,10862,61.906,3.095,666.051,1617.066,42.969,15,0,0,S (sleeping)
2026-07-31T12:51:58.357628+00:00,14337.860810526,687.504914,10862,61.907,3.095,666.051,1617.066,42.969,15,0,0,S (sleeping)
2026-07-31T12:51:58.858360+00:00,14338.361541135,688.005645,10862,63.907,3.195,666.051,1617.066,42.969,15,0,4096,S (sleeping)
2026-07-31T12:51:59.359108+00:00,14338.862287682,688.506391,10862,61.908,3.095,666.051,1617.066,42.969,15,0,0,S (sleeping)
2026-07-31T12:51:59.859839+00:00,14339.363022334,689.007126,10862,61.909,3.095,666.051,1617.066,42.969,15,0,8192,S (sleeping)
2026-07-31T12:52:00.360566+00:00,14339.863742969,689.507846,10862,63.908,3.195,666.051,1617.066,42.969,15,0,0,S (sleeping)
2026-07-31T12:52:00.860968+00:00,14340.364155765,690.008259,10862,65.946,3.297,666.051,1617.066,42.969,15,0,4096,S (sleeping)
2026-07-31T12:52:01.361703+00:00,14340.864874487,690.508978,10862,61.911,3.096,666.051,1617.066,42.969,15,0,0,S (sleeping)
2026-07-31T12:52:01.862449+00:00,14341.365632320,691.009736,10862,61.906,3.095,666.051,1617.066,42.969,15,0,0,S (sleeping)
2026-07-31T12:52:02.363176+00:00,14341.866358870,691.510462,10862,71.896,3.595,666.051,1617.066,42.969,15,0,4096,S (sleeping)
2026-07-31T12:52:02.863914+00:00,14342.367095384,692.011199,10862,61.909,3.095,666.051,1617.066,42.969,15,0,0,S (sleeping)
2026-07-31T12:52:03.363657+00:00,14342.867820677,692.511924,10862,61.910,3.096,666.051,1617.066,42.969,15,0,4096,S (sleeping)
2026-07-31T12:52:03.864375+00:00,14343.368536215,693.012640,10862,61.911,3.096,666.051,1617.066,42.969,15,0,4096,S (sleeping)
2026-07-31T12:52:04.364960+00:00,14343.869117126,693.513221,10862,61.928,3.096,666.051,1617.066,42.969,15,0,0,S (sleeping)
2026-07-31T12:52:04.865676+00:00,14344.369838805,694.013942,10862,63.908,3.195,666.051,1617.066,42.969,15,0,0,S (sleeping)
2026-07-31T12:52:05.366442+00:00,14344.870584032,694.514688,10862,63.905,3.195,666.051,1617.066,42.969,15,0,12288,S (sleeping)
2026-07-31T12:52:05.867173+00:00,14345.371333672,695.015437,10862,61.907,3.095,666.051,1617.066,42.969,15,0,4096,S (sleeping)
2026-07-31T12:52:06.367924+00:00,14345.872060150,695.516164,10862,61.910,3.096,666.051,1617.066,42.969,15,0,0,S (sleeping)
2026-07-31T12:52:06.868648+00:00,14346.372810124,696.016914,10862,65.901,3.295,666.051,1617.066,42.969,15,0,0,S (sleeping)
2026-07-31T12:52:07.369259+00:00,14346.873364825,696.517468,10862,65.927,3.296,666.051,1617.066,42.969,15,0,4096,S (sleeping)
2026-07-31T12:52:07.870009+00:00,14347.374151759,697.018255,10862,63.899,3.195,666.051,1617.066,42.969,15,0,0,S (sleeping)
2026-07-31T12:52:08.370744+00:00,14347.874903442,697.519007,10862,67.898,3.395,666.051,1617.066,42.969,15,0,0,S (sleeping)
2026-07-31T12:52:08.871607+00:00,14348.375666954,698.019770,10862,59.909,2.995,666.051,1617.066,42.969,15,0,0,R (running)
2026-07-31T12:52:09.372033+00:00,14348.876179701,698.520283,10862,73.924,3.696,666.051,1617.066,42.969,15,0,4096,S (sleeping)
2026-07-31T12:52:09.872768+00:00,14349.376928666,699.021032,10862,59.910,2.996,666.051,1617.066,42.969,15,0,8192,S (sleeping)
2026-07-31T12:52:10.373501+00:00,14349.877661011,699.521765,10862,61.909,3.095,666.051,1617.066,42.969,15,0,0,S (sleeping)
2026-07-31T12:52:10.874228+00:00,14350.378385439,700.022489,10862,59.913,2.996,666.051,1617.066,42.969,15,0,4096,S (sleeping)
2026-07-31T12:52:11.374964+00:00,14350.879123474,700.523227,10862,63.906,3.195,666.051,1617.066,42.969,15,0,0,S (sleeping)
2026-07-31T12:52:11.875692+00:00,14351.379843347,701.023947,10862,63.908,3.195,666.051,1617.066,42.969,15,0,0,S (sleeping)
2026-07-31T12:52:12.376580+00:00,14351.880626665,701.524730,10862,63.900,3.195,666.051,1617.066,42.969,15,0,4096,S (sleeping)
2026-07-31T12:52:12.877429+00:00,14352.381592225,702.025696,10862,63.877,3.194,666.051,1617.066,42.969,15,0,0,S (sleeping)
2026-07-31T12:52:13.378157+00:00,14352.882315791,702.526419,10862,63.908,3.195,666.051,1617.066,42.969,15,0,0,R (running)
2026-07-31T12:52:13.878896+00:00,14353.383041949,703.027145,10862,61.910,3.096,666.051,1617.066,42.969,15,0,0,S (sleeping)
2026-07-31T12:52:14.379637+00:00,14353.883795096,703.527899,10862,69.895,3.495,666.051,1617.066,42.969,15,0,4096,R (running)
2026-07-31T12:52:14.879924+00:00,14354.384083280,704.028187,10862,59.965,2.998,666.051,1617.066,42.969,15,0,0,S (sleeping)
2026-07-31T12:52:15.380658+00:00,14354.884820490,704.528924,10862,61.909,3.095,666.051,1617.066,42.969,15,0,8192,R (running)
2026-07-31T12:52:15.881038+00:00,14355.385180624,705.029284,10862,63.954,3.198,666.051,1617.066,42.969,15,0,4096,R (running)
2026-07-31T12:52:16.381775+00:00,14355.885932891,705.530036,10862,75.886,3.794,666.051,1617.066,42.969,15,0,0,R (running)
2026-07-31T12:52:16.882667+00:00,14356.386745511,706.030849,10862,59.903,2.995,666.051,1617.066,42.969,15,0,0,R (running)
2026-07-31T12:52:17.383458+00:00,14356.887613733,706.531717,10862,61.893,3.095,666.051,1617.066,42.969,15,0,4096,R (running)
2026-07-31T12:52:17.884202+00:00,14357.388349577,707.032453,10862,63.906,3.195,666.051,1617.066,42.969,15,0,0,R (running)
2026-07-31T12:52:18.384953+00:00,14357.889088402,707.533192,10862,59.911,2.996,666.051,1617.066,42.969,15,0,0,S (sleeping)
2026-07-31T12:52:18.885700+00:00,14358.389857611,708.033961,10862,65.899,3.295,666.051,1617.066,42.969,15,0,4096,R (running)
2026-07-31T12:52:19.386445+00:00,14358.890600727,708.534704,10862,63.905,3.195,666.051,1617.066,42.969,15,0,4096,R (running)
2026-07-31T12:52:19.887195+00:00,14359.391349500,709.035453,10862,65.901,3.295,666.051,1617.066,42.969,15,0,12288,R (running)
2026-07-31T12:52:20.387935+00:00,14359.892088300,709.536192,10862,69.897,3.495,666.051,1617.066,42.969,15,0,4096,R (running)
2026-07-31T12:52:20.888680+00:00,14360.392835588,710.036939,10862,65.902,3.295,666.051,1617.066,42.969,15,0,4096,R (running)
2026-07-31T12:52:21.389450+00:00,14360.893608618,710.537712,10862,63.901,3.195,666.051,1617.066,42.969,15,0,0,R (running)
2026-07-31T12:52:21.890191+00:00,14361.394352418,711.038456,10862,71.893,3.595,666.051,1617.066,42.969,15,0,0,R (running)
2026-07-31T12:52:22.390915+00:00,14361.895076691,711.539180,10862,59.913,2.996,666.051,1617.066,42.969,15,0,4096,R (running)
2026-07-31T12:52:22.891655+00:00,14362.395811730,712.039915,10862,55.918,2.796,666.051,1617.066,42.969,15,0,0,S (sleeping)
2026-07-31T12:52:23.392398+00:00,14362.896560555,712.540664,10862,69.895,3.495,666.051,1617.066,42.969,15,0,0,R (running)
2026-07-31T12:52:23.893141+00:00,14363.397287422,713.041391,10862,71.895,3.595,666.051,1617.066,42.969,15,0,0,S (sleeping)
2026-07-31T12:52:24.393894+00:00,14363.898042145,713.542146,10862,59.910,2.995,666.051,1617.066,42.969,15,0,4096,S (sleeping)
2026-07-31T12:52:24.894621+00:00,14364.398781957,714.042885,10862,63.905,3.195,666.051,1617.066,42.969,15,0,8192,S (sleeping)
2026-07-31T12:52:25.395341+00:00,14364.899503468,714.543607,10862,61.911,3.096,666.051,1617.066,42.969,15,0,0,S (sleeping)
2026-07-31T12:52:25.896063+00:00,14365.400224775,715.044328,10862,53.922,2.696,666.051,1617.066,42.969,15,0,4096,S (sleeping)
2026-07-31T12:52:26.396843+00:00,14365.900960129,715.545064,10862,63.906,3.195,666.051,1617.066,42.969,15,0,0,S (sleeping)
2026-07-31T12:52:26.897576+00:00,14366.401738615,716.045842,10862,69.891,3.495,666.051,1617.066,42.969,15,0,0,S (sleeping)
2026-07-31T12:52:27.398301+00:00,14366.902461865,716.546565,10862,69.899,3.495,666.051,1617.066,42.969,15,0,4096,S (sleeping)
2026-07-31T12:52:27.899035+00:00,14367.403193566,717.047297,10862,61.909,3.095,666.051,1617.066,42.969,15,0,0,S (sleeping)
2026-07-31T12:52:28.399796+00:00,14367.903930472,717.548034,10862,67.900,3.395,666.051,1617.066,42.969,15,0,0,S (sleeping)
2026-07-31T12:52:28.900522+00:00,14368.404682683,718.048786,10862,63.904,3.195,666.051,1617.066,42.969,15,0,0,S (sleeping)
2026-07-31T12:52:29.401263+00:00,14368.905425541,718.549529,10862,121.819,6.091,710.582,1665.070,42.969,15,0,4096,S (sleeping)
2026-07-31T12:52:29.902038+00:00,14369.406179285,719.050283,10862,57.913,2.896,710.582,1665.070,42.969,15,0,8192,S (sleeping)
2026-07-31T12:52:30.402816+00:00,14369.906945470,719.551049,10862,61.905,3.095,665.867,1617.066,42.969,15,0,0,S (sleeping)
2026-07-31T12:52:30.903553+00:00,14370.407713682,720.051817,10862,61.905,3.095,665.867,1617.066,42.969,15,0,4096,S (sleeping)
2026-07-31T12:52:31.404299+00:00,14370.908434675,720.552538,10862,61.911,3.096,665.867,1617.066,42.969,15,0,0,S (sleeping)
2026-07-31T12:52:31.905015+00:00,14371.409177328,721.053281,10862,65.902,3.295,665.867,1617.066,42.969,15,0,0,S (sleeping)
2026-07-31T12:52:32.405741+00:00,14371.909896263,721.554000,10862,61.911,3.096,665.867,1617.066,42.969,15,0,4096,S (sleeping)
2026-07-31T12:52:32.906465+00:00,14372.410628180,722.054732,10862,63.906,3.195,665.867,1617.066,42.969,15,0,0,S (sleeping)
2026-07-31T12:52:33.405841+00:00,14372.911361791,722.555465,10862,65.903,3.295,665.867,1617.066,42.969,15,0,0,S (sleeping)
2026-07-31T12:52:33.906583+00:00,14373.412103330,723.056207,10862,63.905,3.195,665.867,1617.066,42.969,15,0,4096,S (sleeping)
2026-07-31T12:52:34.407344+00:00,14373.912853580,723.556957,10862,69.895,3.495,665.867,1617.066,42.969,15,0,4096,S (sleeping)
2026-07-31T12:52:34.908118+00:00,14374.413635354,724.057739,10862,63.900,3.195,665.867,1617.066,42.969,15,0,12288,S (sleeping)
2026-07-31T12:52:35.408848+00:00,14374.914371222,724.558475,10862,59.912,2.996,665.867,1617.066,42.969,15,0,0,S (sleeping)
2026-07-31T12:52:35.909294+00:00,14375.414806193,725.058910,10862,63.944,3.197,665.867,1617.066,42.969,15,0,4096,S (sleeping)
2026-07-31T12:52:36.410025+00:00,14375.915545539,725.559649,10862,63.906,3.195,665.867,1617.066,42.969,15,0,0,S (sleeping)
2026-07-31T12:52:36.910778+00:00,14376.416289130,726.060393,10862,61.908,3.095,665.867,1617.066,42.969,15,0,0,S (sleeping)
2026-07-31T12:52:37.411550+00:00,14376.917053896,726.561157,10862,65.899,3.295,665.867,1617.066,42.969,15,0,4096,S (sleeping)
2026-07-31T12:52:37.912289+00:00,14377.417804814,727.061908,10862,67.898,3.395,665.867,1617.066,42.969,15,0,0,S (sleeping)
2026-07-31T12:52:38.413017+00:00,14377.918538528,727.562642,10862,77.886,3.894,665.867,1617.066,42.969,15,0,0,S (sleeping)
2026-07-31T12:52:38.913756+00:00,14378.419267188,728.063371,10862,57.916,2.896,665.867,1617.066,42.969,15,0,0,S (sleeping)
2026-07-31T12:52:39.414514+00:00,14378.920034864,728.564138,10862,61.905,3.095,665.867,1617.066,42.969,15,0,4096,S (sleeping)
2026-07-31T12:52:39.915241+00:00,14379.420763861,729.064867,10862,61.910,3.095,665.867,1617.066,42.969,15,0,8192,S (sleeping)
2026-07-31T12:52:40.416053+00:00,14379.921514326,729.565618,10862,63.904,3.195,665.867,1617.066,42.969,15,0,0,S (sleeping)
2026-07-31T12:52:40.916821+00:00,14380.422338510,730.066442,10862,61.898,3.095,665.867,1617.066,42.969,15,0,4096,S (sleeping)
2026-07-31T12:52:41.417550+00:00,14380.923062857,730.567166,10862,65.905,3.295,665.867,1617.066,42.969,15,0,0,S (sleeping)
2026-07-31T12:52:41.918274+00:00,14381.423797309,731.067901,10862,61.909,3.095,665.867,1617.066,42.969,15,0,0,S (sleeping)
2026-07-31T12:52:42.419008+00:00,14381.924530700,731.568634,10862,63.906,3.195,665.867,1617.066,42.969,15,0,0,S (sleeping)
2026-07-31T12:52:42.919749+00:00,14382.425268355,732.069372,10862,71.894,3.595,665.867,1617.066,42.969,15,0,4096,S (sleeping)
2026-07-31T12:52:43.420562+00:00,14382.926063945,732.570167,10862,61.902,3.095,665.867,1617.066,42.969,15,0,0,S (sleeping)
2026-07-31T12:52:43.921549+00:00,14383.427033902,733.071137,10862,63.876,3.194,665.867,1617.066,42.969,15,0,0,S (sleeping)
2026-07-31T12:52:44.422319+00:00,14383.927840046,733.571944,10862,69.887,3.494,665.867,1617.066,42.969,15,0,4096,S (sleeping)
2026-07-31T12:52:44.923063+00:00,14384.428573936,734.072677,10862,61.909,3.095,665.867,1617.066,42.969,15,0,8192,S (sleeping)
2026-07-31T12:52:45.423812+00:00,14384.929321280,734.573425,10862,61.907,3.095,665.867,1617.066,42.969,15,0,0,S (sleeping)
2026-07-31T12:52:45.924552+00:00,14385.430073151,735.074177,10862,61.907,3.095,665.867,1617.066,42.969,15,0,4096,S (sleeping)
2026-07-31T12:52:46.425286+00:00,14385.930809113,735.574913,10862,67.900,3.395,665.867,1617.066,42.969,15,0,0,S (sleeping)
2026-07-31T12:52:46.926045+00:00,14386.431556573,736.075660,10862,61.907,3.095,665.867,1617.066,42.969,15,0,0,S (sleeping)
2026-07-31T12:52:47.426784+00:00,14386.932307769,736.576411,10862,63.904,3.195,665.867,1617.066,42.969,15,0,0,S (sleeping)
2026-07-31T12:52:47.927523+00:00,14387.433033094,737.077137,10862,65.904,3.295,665.867,1617.066,42.969,15,0,4096,S (sleeping)
2026-07-31T12:52:48.428253+00:00,14387.933771358,737.577875,10862,67.900,3.395,665.867,1617.066,42.969,15,0,0,S (sleeping)
2026-07-31T12:52:48.928977+00:00,14388.434499206,738.078603,10862,61.910,3.095,665.867,1617.066,42.969,15,0,4096,S (sleeping)
2026-07-31T12:52:49.429691+00:00,14388.935216323,738.579320,10862,67.903,3.395,665.867,1617.066,42.969,15,0,4096,S (sleeping)
2026-07-31T12:52:49.930452+00:00,14389.435951209,739.080055,10862,67.900,3.395,665.867,1617.066,42.969,15,0,12288,S (sleeping)
2026-07-31T12:52:50.431192+00:00,14389.936711274,739.580815,10862,61.906,3.095,665.867,1617.066,42.969,15,0,4096,S (sleeping)
2026-07-31T12:52:50.931941+00:00,14390.437461403,740.081565,10862,93.859,4.693,693.523,1665.070,42.969,15,0,4096,S (sleeping)
2026-07-31T12:52:51.432687+00:00,14390.938205707,740.582309,10862,61.908,3.095,693.523,1665.070,42.969,15,0,0,S (sleeping)
2026-07-31T12:52:51.933416+00:00,14391.438935841,741.083039,10862,59.913,2.996,666.000,1617.066,42.969,15,0,0,S (sleeping)
2026-07-31T12:52:52.434138+00:00,14391.939660445,741.583764,10862,59.913,2.996,666.000,1617.066,42.969,15,0,0,S (sleeping)
2026-07-31T12:52:52.934865+00:00,14392.440387641,742.084491,10862,63.907,3.195,666.000,1617.066,42.969,15,0,4096,S (sleeping)
2026-07-31T12:52:53.435576+00:00,14392.941103900,742.585207,10862,61.911,3.096,666.000,1617.066,42.969,15,0,0,S (sleeping)
2026-07-31T12:52:53.936310+00:00,14393.441829149,743.085933,10862,65.904,3.295,666.000,1617.066,42.969,15,0,0,S (sleeping)
2026-07-31T12:52:54.437037+00:00,14393.942562649,743.586666,10862,61.909,3.095,666.000,1617.066,42.969,15,0,4096,S (sleeping)
2026-07-31T12:52:54.937753+00:00,14394.443280033,744.087384,10862,67.903,3.395,666.000,1617.066,42.969,15,0,8192,S (sleeping)
2026-07-31T12:52:55.438506+00:00,14394.943997728,744.588101,10862,63.908,3.195,666.000,1617.066,42.969,15,0,0,S (sleeping)
2026-07-31T12:52:55.939209+00:00,14395.444739002,745.088843,10862,69.896,3.495,666.000,1617.066,42.969,15,0,4096,S (sleeping)
2026-07-31T12:52:56.439922+00:00,14395.945442094,745.589546,10862,59.916,2.996,666.000,1617.066,42.969,15,0,0,R (running)
2026-07-31T12:52:56.940647+00:00,14396.446169563,746.090273,10862,65.904,3.295,666.000,1617.066,42.969,15,0,0,S (sleeping)
2026-07-31T12:52:57.441390+00:00,14396.946901098,746.591005,10862,63.907,3.195,666.000,1617.066,42.969,15,0,0,S (sleeping)
2026-07-31T12:52:57.942173+00:00,14397.447697860,747.091801,10862,69.889,3.494,666.000,1617.066,42.969,15,0,4096,R (running)
2026-07-31T12:52:58.442566+00:00,14397.948089830,747.592193,10862,61.951,3.098,666.000,1617.066,42.969,15,0,0,S (sleeping)
2026-07-31T12:52:58.943285+00:00,14398.448808108,748.092912,10862,61.911,3.096,666.000,1617.066,42.969,15,0,0,S (sleeping)
2026-07-31T12:52:59.444036+00:00,14398.949542821,748.593646,10862,67.900,3.395,666.000,1617.066,42.969,15,0,4096,S (sleeping)
2026-07-31T12:52:59.944769+00:00,14399.450285415,749.094389,10862,61.908,3.095,666.000,1617.066,42.969,15,0,8192,S (sleeping)
2026-07-31T12:53:00.445502+00:00,14399.951022801,749.595126,10862,63.906,3.195,666.000,1617.066,42.969,15,0,0,S (sleeping)
2026-07-31T12:53:00.946230+00:00,14400.451753246,750.095857,10862,65.904,3.295,666.000,1617.066,42.969,15,0,4096,S (sleeping)
2026-07-31T12:53:01.446980+00:00,14400.952497778,750.596601,10862,67.899,3.395,666.000,1617.066,42.969,15,0,0,S (sleeping)
2026-07-31T12:53:01.947545+00:00,14401.453052916,751.097156,10862,67.925,3.396,666.000,1617.066,42.969,15,0,0,S (sleeping)
2026-07-31T12:53:02.448310+00:00,14401.953822765,751.597926,10862,61.905,3.095,666.000,1617.066,42.969,15,0,0,S (sleeping)
2026-07-31T12:53:02.949049+00:00,14402.454560126,752.098664,10862,57.915,2.896,666.000,1617.066,42.969,15,0,4096,S (sleeping)
2026-07-31T12:53:03.448587+00:00,14402.955313176,752.599417,10862,63.904,3.195,666.000,1617.066,42.969,15,0,0,S (sleeping)
2026-07-31T12:53:03.949332+00:00,14403.456058312,753.100162,10862,57.914,2.896,666.000,1617.066,42.969,15,0,4096,S (sleeping)
2026-07-31T12:53:04.450082+00:00,14403.956808174,753.600912,10862,57.913,2.896,666.000,1617.066,42.969,15,0,4096,S (sleeping)
2026-07-31T12:53:04.950842+00:00,14404.457551522,754.101655,10862,61.908,3.095,666.000,1617.066,42.969,15,0,12288,S (sleeping)
2026-07-31T12:53:05.451621+00:00,14404.958330681,754.602434,10862,79.876,3.994,666.000,1617.066,42.969,15,0,0,S (sleeping)
2026-07-31T12:53:05.952364+00:00,14405.459090114,755.103194,10862,55.915,2.796,666.000,1617.066,42.969,15,0,0,S (sleeping)
2026-07-31T12:53:06.453088+00:00,14405.959815781,755.603919,10862,57.916,2.896,666.000,1617.066,42.969,15,0,4096,S (sleeping)
2026-07-31T12:53:06.953813+00:00,14406.460537092,756.104641,10862,57.916,2.896,666.000,1617.066,42.969,15,0,0,S (sleeping)
2026-07-31T12:53:07.454530+00:00,14406.961259019,756.605363,10862,57.916,2.896,666.000,1617.066,42.969,15,0,0,S (sleeping)
2026-07-31T12:53:07.955268+00:00,14407.461979446,757.106083,10862,63.908,3.195,666.000,1617.066,42.969,15,0,4096,S (sleeping)
2026-07-31T12:53:08.456025+00:00,14407.962751622,757.606855,10862,63.901,3.195,666.000,1617.066,42.969,15,0,0,S (sleeping)
2026-07-31T12:53:08.956763+00:00,14408.463485024,758.107589,10862,59.912,2.996,666.000,1617.066,42.969,15,0,0,S (sleeping)
2026-07-31T12:53:09.457489+00:00,14408.964216003,758.608320,10862,63.907,3.195,666.000,1617.066,42.969,15,0,4096,S (sleeping)
2026-07-31T12:53:09.958230+00:00,14409.464937715,759.109041,10862,65.905,3.295,666.000,1617.066,42.969,15,0,8192,S (sleeping)
2026-07-31T12:53:10.458956+00:00,14409.965682338,759.609786,10862,59.911,2.996,666.000,1617.066,42.969,15,0,0,S (sleeping)
2026-07-31T12:53:10.959696+00:00,14410.466420783,760.110524,10862,73.891,3.695,703.031,1665.070,42.969,15,0,0,S (sleeping)
2026-07-31T12:53:11.460507+00:00,14410.967185124,760.611289,10862,95.853,4.793,703.031,1665.070,42.969,15,0,4096,S (sleeping)
2026-07-31T12:53:11.961286+00:00,14411.467993040,761.112097,10862,57.906,2.895,703.031,1665.070,42.969,15,0,0,S (sleeping)
2026-07-31T12:53:12.462011+00:00,14411.968739619,761.612843,10862,57.914,2.896,666.031,1617.066,42.969,15,0,0,S (sleeping)
2026-07-31T12:53:12.962747+00:00,14412.469473444,762.113577,10862,57.915,2.896,666.031,1617.066,42.969,15,0,4096,S (sleeping)
2026-07-31T12:53:13.463480+00:00,14412.970199298,762.614303,10862,61.910,3.096,666.031,1617.066,42.969,15,0,0,S (sleeping)
2026-07-31T12:53:13.964224+00:00,14413.470939264,763.115043,10862,61.908,3.095,666.031,1617.066,42.969,15,0,0,S (sleeping)
2026-07-31T12:53:14.464947+00:00,14413.971674901,763.615778,10862,61.909,3.095,666.031,1617.066,42.969,15,0,0,S (sleeping)
2026-07-31T12:53:14.965714+00:00,14414.472428280,764.116532,10862,57.913,2.896,666.031,1617.066,42.969,15,0,12288,S (sleeping)
2026-07-31T12:53:15.466495+00:00,14414.973209198,764.617313,10862,61.903,3.095,666.031,1617.066,42.969,15,0,0,S (sleeping)
2026-07-31T12:53:15.967311+00:00,14415.474014702,765.118118,10862,63.897,3.195,666.031,1617.066,42.969,15,0,0,R (running)
2026-07-31T12:53:16.468084+00:00,14415.974783541,765.618887,10862,59.908,2.995,666.031,1617.066,42.969,15,0,4096,R (running)
2026-07-31T12:53:16.968823+00:00,14416.475546366,766.119650,10862,59.909,2.995,666.031,1617.066,42.969,15,0,0,S (sleeping)
2026-07-31T12:53:17.469601+00:00,14416.976310900,766.620414,10862,57.911,2.896,666.031,1617.066,42.969,15,0,0,S (sleeping)
2026-07-31T12:53:17.970370+00:00,14417.477059571,767.121163,10862,65.901,3.295,666.031,1617.066,42.969,15,0,4096,S (sleeping)
2026-07-31T12:53:18.471155+00:00,14417.977871800,767.621975,10862,59.903,2.995,666.031,1617.066,42.969,15,0,0,S (sleeping)
2026-07-31T12:53:18.971922+00:00,14418.478641549,768.122745,10862,61.905,3.095,666.031,1617.066,42.969,15,0,4096,S (sleeping)
2026-07-31T12:53:19.472667+00:00,14418.979393639,768.623497,10862,61.907,3.095,666.031,1617.066,42.969,15,0,0,S (sleeping)
2026-07-31T12:53:19.972914+00:00,14419.479634140,769.123738,10862,57.972,2.899,666.031,1617.066,42.969,15,0,16384,R (running)
2026-07-31T12:53:20.473442+00:00,14419.980153503,769.624257,10862,65.932,3.297,666.031,1617.066,42.969,15,0,0,R (running)
2026-07-31T12:53:20.974161+00:00,14420.480889396,770.124993,10862,67.900,3.395,666.031,1617.066,42.969,15,0,0,S (sleeping)
2026-07-31T12:53:21.474894+00:00,14420.981616636,770.625720,10862,57.916,2.896,666.031,1617.066,42.969,15,0,4096,S (sleeping)
2026-07-31T12:53:21.975193+00:00,14421.481904560,771.126008,10862,59.965,2.998,666.031,1617.066,42.969,15,0,0,S (sleeping)
2026-07-31T12:53:22.475444+00:00,14421.982172460,771.626276,10862,59.968,2.998,666.031,1617.066,42.969,15,0,0,S (sleeping)
2026-07-31T12:53:22.976188+00:00,14422.482909104,772.127013,10862,57.915,2.896,666.031,1617.066,42.969,15,0,4096,S (sleeping)
2026-07-31T12:53:23.476431+00:00,14422.983149982,772.627254,10862,61.970,3.099,666.031,1617.066,42.969,15,0,0,S (sleeping)
2026-07-31T12:53:23.976931+00:00,14423.483642674,773.127746,10862,61.939,3.097,666.031,1617.066,42.969,15,0,0,S (sleeping)
2026-07-31T12:53:24.477304+00:00,14423.984029029,773.628133,10862,59.954,2.998,666.031,1617.066,42.969,15,0,0,S (sleeping)
2026-07-31T12:53:24.977953+00:00,14424.484681412,774.128785,10862,61.919,3.096,666.031,1617.066,42.969,15,0,12288,R (running)
2026-07-31T12:53:25.478674+00:00,14424.985402616,774.629506,10862,65.905,3.295,666.031,1617.066,42.969,15,0,0,R (running)
2026-07-31T12:53:25.979411+00:00,14425.486132980,775.130236,10862,59.912,2.996,666.031,1617.066,42.969,15,0,0,R (running)
2026-07-31T12:53:26.480131+00:00,14425.986858185,775.630962,10862,67.902,3.395,666.031,1617.066,42.969,15,0,4096,R (running)
2026-07-31T12:53:26.980871+00:00,14426.487597442,776.131701,10862,57.914,2.896,666.031,1617.066,42.969,15,0,0,S (sleeping)
2026-07-31T12:53:27.481726+00:00,14426.988374492,776.632478,10862,59.907,2.995,666.031,1617.066,42.969,15,0,0,R (running)
2026-07-31T12:53:27.982483+00:00,14427.489208405,777.133312,10862,57.903,2.895,666.031,1617.066,42.969,15,0,4096,R (running)
2026-07-31T12:53:28.483282+00:00,14427.990008986,777.634113,10862,61.901,3.095,666.031,1617.066,42.969,15,0,0,R (running)
2026-07-31T12:53:28.984032+00:00,14428.490742583,778.134846,10862,61.909,3.095,666.031,1617.066,42.969,15,0,0,R (running)
2026-07-31T12:53:29.484774+00:00,14428.991494574,778.635598,10862,59.910,2.995,666.031,1617.066,42.969,15,0,0,S (sleeping)
2026-07-31T12:53:29.985547+00:00,14429.492243189,779.136347,10862,75.886,3.794,666.031,1617.066,42.969,15,0,12288,R (running)
2026-07-31T12:53:30.486088+00:00,14429.992656064,779.636760,10862,65.946,3.297,666.031,1617.066,42.969,15,0,4096,R (running)
2026-07-31T12:53:30.986992+00:00,14430.493710005,780.137814,10862,65.861,3.293,666.031,1617.066,42.969,15,0,0,R (running)
2026-07-31T12:53:31.488081+00:00,14430.994659871,780.638763,10862,65.875,3.294,666.031,1617.066,42.969,15,0,4096,R (running)
2026-07-31T12:53:31.988916+00:00,14431.495627858,781.139731,10862,89.826,4.491,666.031,1617.066,42.969,15,0,0,R (running)
2026-07-31T12:53:32.489673+00:00,14431.996383737,781.640487,10862,59.909,2.995,666.031,1617.066,42.969,15,0,0,R (running)
2026-07-31T12:53:32.990395+00:00,14432.497121282,782.141225,10862,63.906,3.195,666.031,1617.066,42.969,15,0,4096,R (running)
2026-07-31T12:53:33.489962+00:00,14432.997914136,782.642018,10862,61.902,3.095,666.031,1617.066,42.969,15,0,0,R (running)
2026-07-31T12:53:33.990819+00:00,14433.498703198,783.142807,10862,61.902,3.095,666.031,1617.066,42.969,15,0,4096,R (running)
2026-07-31T12:53:34.491584+00:00,14433.999543339,783.643647,10862,65.889,3.294,666.031,1617.066,42.969,15,0,0,R (running)
2026-07-31T12:53:34.992336+00:00,14434.500292950,784.144396,10862,67.898,3.395,666.031,1617.066,42.969,15,0,16384,R (running)
2026-07-31T12:53:35.493068+00:00,14435.001023965,784.645127,10862,65.904,3.295,666.031,1617.066,42.969,15,0,0,S (sleeping)
2026-07-31T12:53:35.993870+00:00,14435.501805424,785.145909,10862,65.897,3.295,666.031,1617.066,42.969,15,0,0,S (sleeping)
2026-07-31T12:53:36.494603+00:00,14436.002556777,785.646660,10862,63.904,3.195,666.031,1617.066,42.969,15,0,4096,S (sleeping)
2026-07-31T12:53:36.995471+00:00,14436.503354956,786.147458,10862,69.888,3.494,666.031,1617.066,42.969,15,0,0,S (sleeping)
2026-07-31T12:53:37.496222+00:00,14437.004183091,786.648287,10862,61.897,3.095,666.031,1617.066,42.969,15,0,0,S (sleeping)
2026-07-31T12:53:37.996956+00:00,14437.504909784,787.149013,10862,61.910,3.096,666.031,1617.066,42.969,15,0,4096,S (sleeping)
2026-07-31T12:53:38.497676+00:00,14438.005640767,787.649744,10862,61.909,3.095,666.031,1617.066,42.969,15,0,0,S (sleeping)
2026-07-31T12:53:38.998360+00:00,14438.506323530,788.150427,10862,63.913,3.196,666.031,1617.066,42.969,15,0,0,S (sleeping)
2026-07-31T12:53:39.499098+00:00,14439.007061816,788.651165,10862,63.906,3.195,666.031,1617.066,42.969,15,0,0,S (sleeping)
2026-07-31T12:53:39.999833+00:00,14439.507788179,789.151892,10862,63.907,3.195,666.031,1617.066,42.969,15,0,12288,S (sleeping)
2026-07-31T12:53:40.500317+00:00,14440.008199818,789.652303,10862,67.944,3.397,666.031,1617.066,42.969,15,0,0,S (sleeping)
2026-07-31T12:53:41.001099+00:00,14440.509054937,790.153158,10862,79.863,3.993,666.031,1617.066,42.969,15,0,0,S (sleeping)
2026-07-31T12:53:41.501837+00:00,14441.009802003,790.653906,10862,61.908,3.095,666.031,1617.066,42.969,15,0,4096,S (sleeping)
2026-07-31T12:53:42.002588+00:00,14441.510552544,791.154656,10862,61.907,3.095,666.031,1617.066,42.969,15,0,0,S (sleeping)
2026-07-31T12:53:42.502913+00:00,14442.010869030,791.654973,10862,63.960,3.198,666.031,1617.066,42.969,15,0,0,S (sleeping)
2026-07-31T12:53:43.003670+00:00,14442.511624916,792.155728,10862,61.906,3.095,666.031,1617.066,42.969,15,0,0,S (sleeping)
2026-07-31T12:53:43.504111+00:00,14443.012073840,792.656177,10862,65.941,3.297,666.031,1617.066,42.969,15,0,4096,S (sleeping)
2026-07-31T12:53:44.004834+00:00,14443.512798066,793.156902,10862,63.907,3.195,666.031,1617.066,42.969,15,0,0,S (sleeping)
2026-07-31T12:53:44.505593+00:00,14444.013541928,793.657645,10862,65.902,3.295,666.031,1617.066,42.969,15,0,0,S (sleeping)
2026-07-31T12:53:45.006325+00:00,14444.514293056,794.158397,10862,65.901,3.295,666.031,1617.066,42.969,15,0,12288,S (sleeping)
2026-07-31T12:53:45.507053+00:00,14445.015017168,794.659121,10862,67.902,3.395,666.031,1617.066,42.969,15,0,0,S (sleeping)
2026-07-31T12:53:46.007481+00:00,14445.515439497,795.159543,10862,63.946,3.197,666.031,1617.066,42.969,15,0,0,S (sleeping)
2026-07-31T12:53:46.508167+00:00,14446.016125492,795.660229,10862,65.910,3.295,666.031,1617.066,42.969,15,0,4096,S (sleeping)
2026-07-31T12:53:47.008884+00:00,14446.516850595,796.160954,10862,63.907,3.195,666.031,1617.066,42.969,15,0,0,R (running)
2026-07-31T12:53:47.509616+00:00,14447.017578681,796.661682,10862,59.913,2.996,666.031,1617.066,42.969,15,0,0,S (sleeping)
2026-07-31T12:53:48.010039+00:00,14447.518007755,797.162111,10862,61.947,3.097,666.031,1617.066,42.969,15,0,0,S (sleeping)
2026-07-31T12:53:48.510791+00:00,14448.018744621,797.662848,10862,63.906,3.195,693.844,1665.070,42.969,15,0,4096,S (sleeping)
2026-07-31T12:53:49.011533+00:00,14448.519499805,798.163603,10862,121.816,6.091,711.969,1665.070,42.969,15,0,4096,S (sleeping)
2026-07-31T12:53:49.512267+00:00,14449.020218982,798.664323,10862,57.917,2.896,666.137,1617.066,42.969,15,0,0,S (sleeping)
2026-07-31T12:53:50.012976+00:00,14449.520944208,799.165048,10862,63.907,3.195,666.137,1617.066,42.969,15,0,16384,S (sleeping)
2026-07-31T12:53:50.513706+00:00,14450.021660067,799.665764,10862,63.909,3.195,666.137,1617.066,42.969,15,0,0,S (sleeping)
2026-07-31T12:53:51.014449+00:00,14450.522410950,800.166514,10862,67.898,3.395,666.137,1617.066,42.969,15,0,0,S (sleeping)
2026-07-31T12:53:51.515184+00:00,14451.023147696,800.667251,10862,65.903,3.295,666.137,1617.066,42.969,15,0,4096,S (sleeping)
2026-07-31T12:53:52.015958+00:00,14451.523886730,801.167990,10862,65.903,3.295,666.137,1617.066,42.969,15,0,0,S (sleeping)
2026-07-31T12:53:52.516726+00:00,14452.024681048,801.668785,10862,67.892,3.395,666.137,1617.066,42.969,15,0,0,S (sleeping)
2026-07-31T12:53:53.017479+00:00,14452.525438364,802.169542,10862,67.897,3.395,666.137,1617.066,42.969,15,0,0,S (sleeping)
2026-07-31T12:53:53.518236+00:00,14453.026190217,802.670294,10862,63.904,3.195,666.137,1617.066,42.969,15,0,4096,S (sleeping)
2026-07-31T12:53:54.018982+00:00,14453.526943676,803.171047,10862,61.907,3.095,666.137,1617.066,42.969,15,0,0,S (sleeping)
2026-07-31T12:53:54.519298+00:00,14454.027260021,803.671364,10862,65.958,3.298,666.137,1617.066,42.969,15,0,0,S (sleeping)
2026-07-31T12:53:55.020041+00:00,14454.527982711,804.172086,10862,65.905,3.295,666.137,1617.066,42.969,15,0,12288,S (sleeping)
2026-07-31T12:53:55.521049+00:00,14455.028971528,804.673075,10862,65.870,3.293,666.137,1617.066,42.969,15,0,0,S (sleeping)
2026-07-31T12:53:56.021893+00:00,14455.529821321,805.173925,10862,71.878,3.594,666.137,1617.066,42.969,15,0,0,S (sleeping)
2026-07-31T12:53:56.522632+00:00,14456.030595412,805.674699,10862,65.898,3.295,666.137,1617.066,42.969,15,0,4096,S (sleeping)
2026-07-31T12:53:57.023347+00:00,14456.531312071,806.175416,10862,65.906,3.295,666.137,1617.066,42.969,15,0,0,S (sleeping)
2026-07-31T12:53:57.524107+00:00,14457.032061584,806.676165,10862,59.910,2.996,666.137,1617.066,42.969,15,0,0,S (sleeping)
2026-07-31T12:53:58.024839+00:00,14457.532804715,807.176908,10862,61.908,3.095,666.137,1617.066,42.969,15,0,0,S (sleeping)
2026-07-31T12:53:58.525575+00:00,14458.033531626,807.677635,10862,61.910,3.095,666.137,1617.066,42.969,15,0,4096,S (sleeping)
2026-07-31T12:53:59.026382+00:00,14458.534342093,808.178446,10862,63.896,3.195,666.137,1617.066,42.969,15,0,0,S (sleeping)
2026-07-31T12:53:59.527112+00:00,14459.035078013,808.679182,10862,75.888,3.794,666.137,1617.066,42.969,15,0,8192,S (sleeping)
2026-07-31T12:54:00.027843+00:00,14459.535807215,809.179911,10862,57.916,2.896,666.137,1617.066,42.969,15,0,4096,R (running)
2026-07-31T12:54:00.528562+00:00,14460.036525088,809.680629,10862,65.905,3.295,666.137,1617.066,42.969,15,0,4096,S (sleeping)
2026-07-31T12:54:01.029275+00:00,14460.537243751,810.181347,10862,59.914,2.996,666.137,1617.066,42.969,15,0,0,S (sleeping)
2026-07-31T12:54:01.529998+00:00,14461.037963560,810.682067,10862,61.911,3.096,666.137,1617.066,42.969,15,0,4096,S (sleeping)
2026-07-31T12:54:02.030702+00:00,14461.538672538,811.182776,10862,61.912,3.096,666.137,1617.066,42.969,15,0,0,S (sleeping)
2026-07-31T12:54:02.531423+00:00,14462.039388589,811.683492,10862,59.914,2.996,666.137,1617.066,42.969,15,0,0,S (sleeping)
2026-07-31T12:54:03.032152+00:00,14462.540115006,812.184219,10862,65.904,3.295,666.137,1617.066,42.969,15,0,0,S (sleeping)
2026-07-31T12:54:03.531713+00:00,14463.040831606,812.684935,10862,59.914,2.996,666.137,1617.066,42.969,15,0,4096,S (sleeping)
2026-07-31T12:54:04.032434+00:00,14463.541551851,813.185655,10862,61.911,3.096,666.137,1617.066,42.969,15,0,0,S (sleeping)
2026-07-31T12:54:04.533160+00:00,14464.042275478,813.686379,10862,59.913,2.996,666.137,1617.066,42.969,15,0,4096,S (sleeping)
2026-07-31T12:54:05.033887+00:00,14464.543003072,814.187107,10862,61.910,3.095,666.137,1617.066,42.969,15,0,16384,S (sleeping)
2026-07-31T12:54:05.534615+00:00,14465.043730377,814.687834,10862,57.916,2.896,666.137,1617.066,42.969,15,0,0,S (sleeping)
2026-07-31T12:54:06.035353+00:00,14465.544472338,815.188576,10862,61.908,3.095,666.137,1617.066,42.969,15,0,0,S (sleeping)
2026-07-31T12:54:06.536106+00:00,14466.045210912,815.689314,10862,59.912,2.996,666.137,1617.066,42.969,15,0,4096,S (sleeping)
2026-07-31T12:54:07.036835+00:00,14466.545954158,816.190058,10862,65.902,3.295,666.137,1617.066,42.969,15,0,0,S (sleeping)
2026-07-31T12:54:07.537566+00:00,14467.046681831,816.690785,10862,57.916,2.896,666.137,1617.066,42.969,15,0,0,S (sleeping)
2026-07-31T12:54:08.038294+00:00,14467.547414105,817.191518,10862,65.903,3.295,666.137,1617.066,42.969,15,0,0,S (sleeping)
2026-07-31T12:54:08.539023+00:00,14468.048138544,817.692242,10862,71.896,3.595,666.137,1617.066,42.969,15,0,4096,S (sleeping)
2026-07-31T12:54:09.039750+00:00,14468.548867162,818.192971,10862,59.913,2.996,666.137,1617.066,42.969,15,0,0,S (sleeping)
2026-07-31T12:54:09.540555+00:00,14469.049659137,818.693763,10862,57.908,2.895,666.137,1617.066,42.969,15,0,8192,S (sleeping)
2026-07-31T12:54:10.041285+00:00,14469.550402861,819.194506,10862,59.911,2.996,666.137,1617.066,42.969,15,0,4096,S (sleeping)
2026-07-31T12:54:10.542009+00:00,14470.051124243,819.695228,10862,67.902,3.395,666.137,1617.066,42.969,15,0,0,S (sleeping)
2026-07-31T12:54:11.042761+00:00,14470.551871762,820.195975,10862,59.910,2.996,666.137,1617.066,42.969,15,0,0,S (sleeping)
2026-07-31T12:54:11.543531+00:00,14471.052649654,820.696753,10862,59.907,2.995,666.137,1617.066,42.969,15,0,0,S (sleeping)
2026-07-31T12:54:12.044243+00:00,14471.553363683,821.197467,10862,65.906,3.295,666.137,1617.066,42.969,15,0,4096,S (sleeping)
2026-07-31T12:54:12.544979+00:00,14472.054090905,821.698194,10862,61.910,3.095,666.137,1617.066,42.969,15,0,0,S (sleeping)
2026-07-31T12:54:13.045729+00:00,14472.554845788,822.198949,10862,59.910,2.995,666.137,1617.066,42.969,15,0,0,S (sleeping)
2026-07-31T12:54:13.546463+00:00,14473.055571847,822.699675,10862,55.919,2.796,666.137,1617.066,42.969,15,0,4096,S (sleeping)
2026-07-31T12:54:14.046970+00:00,14473.556074805,823.200178,10862,65.934,3.297,666.137,1617.066,42.969,15,0,0,S (sleeping)
2026-07-31T12:54:14.547726+00:00,14474.056819117,823.700923,10862,97.854,4.893,694.262,1665.070,42.969,15,0,0,S (sleeping)
2026-07-31T12:54:15.048458+00:00,14474.557558320,824.201662,10862,55.917,2.796,694.262,1665.070,42.969,15,0,12288,S (sleeping)
2026-07-31T12:54:15.548853+00:00,14475.057953995,824.702058,10862,57.954,2.898,666.137,1617.066,42.969,15,0,0,S (sleeping)
2026-07-31T12:54:16.049573+00:00,14475.558696485,825.202800,10862,59.911,2.996,666.137,1617.066,42.969,15,0,0,S (sleeping)
2026-07-31T12:54:16.550319+00:00,14476.059427889,825.703531,10862,57.915,2.896,666.137,1617.066,42.969,15,0,0,S (sleeping)
2026-07-31T12:54:17.051054+00:00,14476.560173501,826.204277,10862,61.908,3.095,666.137,1617.066,42.969,15,0,4096,S (sleeping)
2026-07-31T12:54:17.551778+00:00,14477.060898183,826.705002,10862,59.913,2.996,666.137,1617.066,42.969,15,0,0,S (sleeping)
2026-07-31T12:54:18.052504+00:00,14477.561623242,827.205727,10862,59.913,2.996,666.137,1617.066,42.969,15,0,0,S (sleeping)
2026-07-31T12:54:18.553229+00:00,14478.062339455,827.706443,10862,61.911,3.096,666.137,1617.066,42.969,15,0,4096,S (sleeping)
2026-07-31T12:54:19.053972+00:00,14478.563084493,828.207188,10862,61.908,3.095,666.137,1617.066,42.969,15,0,0,S (sleeping)
2026-07-31T12:54:19.554715+00:00,14479.063825252,828.707929,10862,65.902,3.295,666.137,1617.066,42.969,15,0,16384,S (sleeping)
2026-07-31T12:54:20.055500+00:00,14479.564600863,829.208704,10862,61.904,3.095,666.137,1617.066,42.969,15,0,0,S (sleeping)
2026-07-31T12:54:20.556265+00:00,14480.065363444,829.709467,10862,63.903,3.195,666.137,1617.066,42.969,15,0,4096,S (sleeping)
2026-07-31T12:54:21.056986+00:00,14480.566096023,830.210200,10862,59.912,2.996,666.137,1617.066,42.969,15,0,0,S (sleeping)
2026-07-31T12:54:21.557717+00:00,14481.066820984,830.710925,10862,63.907,3.195,666.137,1617.066,42.969,15,0,0,S (sleeping)
2026-07-31T12:54:22.058289+00:00,14481.567409649,831.211513,10862,61.927,3.096,666.137,1617.066,42.969,15,0,4096,S (sleeping)
2026-07-31T12:54:22.559028+00:00,14482.068128728,831.712232,10862,61.911,3.096,666.137,1617.066,42.969,15,0,0,S (sleeping)
2026-07-31T12:54:23.059759+00:00,14482.568868123,832.212972,10862,61.908,3.095,666.137,1617.066,42.969,15,0,0,S (sleeping)
2026-07-31T12:54:23.560522+00:00,14483.069623769,832.713727,10862,61.906,3.095,666.137,1617.066,42.969,15,0,4096,S (sleeping)
2026-07-31T12:54:24.061254+00:00,14483.570372719,833.214476,10862,65.901,3.295,666.137,1617.066,42.969,15,0,0,S (sleeping)
2026-07-31T12:54:24.562002+00:00,14484.071102359,833.715206,10862,71.895,3.595,666.137,1617.066,42.969,15,0,0,S (sleeping)
2026-07-31T12:54:25.062745+00:00,14484.571848059,834.215952,10862,57.914,2.896,666.137,1617.066,42.969,15,0,8192,S (sleeping)
2026-07-31T12:54:25.563493+00:00,14485.072597921,834.716701,10862,65.901,3.295,666.137,1617.066,42.969,15,0,4096,S (sleeping)
2026-07-31T12:54:26.064218+00:00,14485.573333473,835.217437,10862,61.909,3.095,666.137,1617.066,42.969,15,0,0,S (sleeping)
2026-07-31T12:54:26.564849+00:00,14486.073963735,835.718067,10862,61.922,3.096,666.137,1617.066,42.969,15,0,0,S (sleeping)
2026-07-31T12:54:27.065705+00:00,14486.574796681,836.218900,10862,59.900,2.995,666.137,1617.066,42.969,15,0,4096,R (running)
2026-07-31T12:54:27.566568+00:00,14487.075652539,836.719756,10862,65.887,3.294,666.137,1617.066,42.969,15,0,0,R (running)
2026-07-31T12:54:28.067427+00:00,14487.576503472,837.220607,10862,59.898,2.995,666.137,1617.066,42.969,15,0,0,R (running)
2026-07-31T12:54:28.567856+00:00,14488.076976366,837.721080,10862,61.941,3.097,666.137,1617.066,42.969,15,0,4096,S (sleeping)
2026-07-31T12:54:29.068263+00:00,14488.577369750,838.221473,10862,61.951,3.098,666.137,1617.066,42.969,15,0,0,S (sleeping)
2026-07-31T12:54:29.568656+00:00,14489.077760226,838.721864,10862,63.950,3.198,666.137,1617.066,42.969,15,0,8192,S (sleeping)
2026-07-31T12:54:30.069408+00:00,14489.578515845,839.222619,10862,69.894,3.495,666.137,1617.066,42.969,15,0,0,S (sleeping)
2026-07-31T12:54:30.570161+00:00,14490.079276112,839.723380,10862,59.909,2.995,666.137,1617.066,42.969,15,0,8192,S (sleeping)
2026-07-31T12:54:31.070976+00:00,14490.580066018,840.224170,10862,59.905,2.995,666.137,1617.066,42.969,15,0,0,S (sleeping)
2026-07-31T12:54:31.571733+00:00,14491.080847346,840.724951,10862,61.903,3.095,666.137,1617.066,42.969,15,0,0,S (sleeping)
2026-07-31T12:54:32.072456+00:00,14491.581572034,841.225676,10862,61.910,3.096,666.137,1617.066,42.969,15,0,4096,S (sleeping)
2026-07-31T12:54:32.572800+00:00,14492.081916786,841.726020,10862,63.956,3.198,666.137,1617.066,42.969,15,0,0,S (sleeping)
2026-07-31T12:54:33.073555+00:00,14492.582670243,842.226774,10862,61.907,3.095,666.137,1617.066,42.969,15,0,0,S (sleeping)
2026-07-31T12:54:33.572990+00:00,14493.083431513,842.727535,10862,59.909,2.995,666.137,1617.066,42.969,15,0,0,S (sleeping)
2026-07-31T12:54:34.073819+00:00,14493.584250670,843.228354,10862,63.895,3.195,666.137,1617.066,42.969,15,0,4096,S (sleeping)
2026-07-31T12:54:34.574591+00:00,14494.085017139,843.729121,10862,61.905,3.095,666.137,1617.066,42.969,15,0,4096,S (sleeping)
2026-07-31T12:54:35.075421+00:00,14494.585865385,844.229969,10862,61.895,3.095,666.137,1617.066,42.969,15,0,12288,S (sleeping)
2026-07-31T12:54:35.576164+00:00,14495.086592955,844.730696,10862,73.892,3.695,666.137,1617.066,42.969,15,0,4096,S (sleeping)
2026-07-31T12:54:36.076921+00:00,14495.587362528,845.231466,10862,57.911,2.896,666.137,1617.066,42.969,15,0,0,R (running)
2026-07-31T12:54:36.577647+00:00,14496.088085473,845.732189,10862,61.910,3.096,666.137,1617.066,42.969,15,0,0,R (running)
2026-07-31T12:54:37.078365+00:00,14496.588810829,846.232914,10862,61.910,3.096,666.137,1617.066,42.969,15,0,4096,R (running)
2026-07-31T12:54:37.579100+00:00,14497.089530018,846.733634,10862,61.911,3.096,666.137,1617.066,42.969,15,0,0,R (running)
2026-07-31T12:54:38.079853+00:00,14497.590286860,847.234390,10862,63.903,3.195,666.137,1617.066,42.969,15,0,0,R (running)
2026-07-31T12:54:38.580356+00:00,14498.090721993,847.734826,10862,65.943,3.297,666.137,1617.066,42.969,15,0,0,R (running)
2026-07-31T12:54:39.081124+00:00,14498.591547933,848.235651,10862,63.894,3.195,666.137,1617.066,42.969,15,0,4096,R (running)
2026-07-31T12:54:39.581869+00:00,14499.092295999,848.736400,10862,65.901,3.295,666.137,1617.066,42.969,15,0,8192,R (running)
2026-07-31T12:54:40.082239+00:00,14499.592681776,849.236785,10862,59.954,2.998,666.137,1617.066,42.969,15,0,0,S (sleeping)
2026-07-31T12:54:40.582507+00:00,14500.092947246,849.737051,10862,61.967,3.098,666.137,1617.066,42.969,15,0,4096,R (running)
2026-07-31T12:54:41.083230+00:00,14500.593673072,850.237777,10862,69.899,3.495,666.137,1617.066,42.969,15,0,0,R (running)
2026-07-31T12:54:41.583975+00:00,14501.094404684,850.738508,10862,61.909,3.095,666.137,1617.066,42.969,15,0,0,R (running)
2026-07-31T12:54:42.084730+00:00,14501.595156550,851.239260,10862,65.901,3.295,666.137,1617.066,42.969,15,0,4096,R (running)
2026-07-31T12:54:42.585485+00:00,14502.095912157,851.740016,10862,63.903,3.195,666.137,1617.066,42.969,15,0,0,R (running)
2026-07-31T12:54:43.086267+00:00,14502.596678919,852.240782,10862,63.902,3.195,666.137,1617.066,42.969,15,0,0,R (running)
2026-07-31T12:54:43.587122+00:00,14503.097487206,852.741591,10862,87.858,4.393,666.137,1617.066,42.969,15,0,0,R (running)
2026-07-31T12:54:44.087874+00:00,14503.598317727,853.242421,10862,63.894,3.195,666.137,1617.066,42.969,15,0,4096,R (running)
2026-07-31T12:54:44.588309+00:00,14504.098751038,853.742855,10862,61.946,3.097,666.137,1617.066,42.969,15,0,0,R (running)
2026-07-31T12:54:45.089036+00:00,14504.599478919,854.243582,10862,65.904,3.295,666.137,1617.066,42.969,15,0,8192,R (running)
2026-07-31T12:54:45.589777+00:00,14505.100207927,854.744311,10862,63.907,3.195,666.137,1617.066,42.969,15,0,4096,R (running)
2026-07-31T12:54:46.090534+00:00,14505.600975239,855.245079,10862,61.905,3.095,666.137,1617.066,42.969,15,0,0,R (running)
2026-07-31T12:54:46.591289+00:00,14506.101732410,855.745836,10862,101.846,5.092,722.895,1713.070,42.969,15,0,0,S (sleeping)
2026-07-31T12:54:47.092075+00:00,14506.602516899,856.246620,10862,105.834,5.292,698.105,1681.066,42.969,15,0,0,R (running)
2026-07-31T12:54:47.592798+00:00,14507.103242388,856.747346,10862,59.913,2.996,698.105,1681.066,42.969,15,0,4096,S (sleeping)
2026-07-31T12:54:48.093546+00:00,14507.603969295,857.248073,10862,63.907,3.195,698.105,1681.066,42.969,15,0,0,S (sleeping)
2026-07-31T12:54:48.594277+00:00,14508.104715290,857.748819,10862,59.911,2.996,698.105,1681.066,42.969,15,0,0,S (sleeping)
2026-07-31T12:54:49.095039+00:00,14508.605464540,858.249568,10862,63.904,3.195,698.105,1681.066,42.969,15,0,4096,S (sleeping)
2026-07-31T12:54:49.595777+00:00,14509.106221691,858.750325,10862,61.906,3.095,698.105,1681.066,42.969,15,0,16384,S (sleeping)
2026-07-31T12:54:50.096706+00:00,14509.607017811,859.251121,10862,61.901,3.095,698.105,1681.066,42.969,15,0,0,R (running)
2026-07-31T12:54:50.597020+00:00,14510.107435082,859.751539,10862,65.945,3.297,698.105,1681.066,42.969,15,0,4096,S (sleeping)
2026-07-31T12:54:51.097508+00:00,14510.607920788,860.252024,10862,65.936,3.297,698.105,1681.066,42.969,15,0,0,S (sleeping)
2026-07-31T12:54:51.598233+00:00,14511.108673935,860.752777,10862,63.904,3.195,698.105,1681.066,42.969,15,0,0,S (sleeping)
2026-07-31T12:54:52.098978+00:00,14511.609410886,861.253514,10862,67.900,3.395,698.105,1681.066,42.969,15,0,0,S (sleeping)
2026-07-31T12:54:52.599856+00:00,14512.110173000,861.754277,10862,53.918,2.696,698.105,1681.066,42.969,15,0,4096,S (sleeping)
2026-07-31T12:54:53.100603+00:00,14512.611041674,862.255145,10862,73.872,3.694,698.105,1681.066,42.969,15,0,0,S (sleeping)
2026-07-31T12:54:53.601355+00:00,14513.111800382,862.755904,10862,67.897,3.395,702.480,1681.066,42.969,15,0,0,S (sleeping)
2026-07-31T12:54:54.102098+00:00,14513.612531153,863.256635,10862,63.907,3.195,702.480,1681.066,42.969,15,0,4096,S (sleeping)
2026-07-31T12:54:54.602838+00:00,14514.113274177,863.757378,10862,61.908,3.095,702.480,1681.066,42.969,15,0,0,S (sleeping)
2026-07-31T12:54:55.103567+00:00,14514.614004872,864.258108,10862,65.904,3.295,702.480,1681.066,42.969,15,0,8192,S (sleeping)
2026-07-31T12:54:55.604290+00:00,14515.114732609,864.758836,10862,67.901,3.395,702.480,1681.066,42.969,15,0,0,S (sleeping)
2026-07-31T12:54:56.105118+00:00,14515.615546800,865.259650,10862,67.889,3.394,702.480,1681.066,42.969,15,0,4096,S (sleeping)
2026-07-31T12:54:56.605870+00:00,14516.116302893,865.760406,10862,63.903,3.195,702.480,1681.066,42.969,15,0,0,S (sleeping)
2026-07-31T12:54:57.106618+00:00,14516.617055426,866.261159,10862,65.901,3.295,702.480,1681.066,42.969,15,0,0,S (sleeping)
2026-07-31T12:54:57.607351+00:00,14517.117790147,866.761894,10862,75.888,3.794,706.699,1681.066,42.969,15,0,4096,S (sleeping)
2026-07-31T12:54:58.108093+00:00,14517.618522849,867.262626,10862,67.900,3.395,706.699,1681.066,42.969,15,0,0,S (sleeping)
2026-07-31T12:54:58.608829+00:00,14518.119261928,867.763365,10862,63.906,3.195,706.699,1681.066,42.969,15,0,0,S (sleeping)
2026-07-31T12:54:59.109584+00:00,14518.620022734,868.264126,10862,67.897,3.395,706.699,1681.066,42.969,15,0,0,S (sleeping)
2026-07-31T12:54:59.610086+00:00,14519.120522483,868.764626,10862,67.932,3.397,706.699,1681.066,42.969,15,0,12288,R (running)
2026-07-31T12:55:00.110824+00:00,14519.621256527,869.265360,10862,65.903,3.295,706.699,1681.066,42.969,15,0,0,S (sleeping)
2026-07-31T12:55:00.611561+00:00,14520.121992503,869.766096,10862,55.918,2.796,706.699,1681.066,42.969,15,0,4096,R (running)
2026-07-31T12:55:01.112293+00:00,14520.622739632,870.266843,10862,77.884,3.894,706.699,1681.066,42.969,15,0,4096,S (sleeping)
2026-07-31T12:55:01.613022+00:00,14521.123456318,870.767560,10862,65.906,3.295,706.699,1681.066,42.969,15,0,0,S (sleeping)
2026-07-31T12:55:02.113746+00:00,14521.624187484,871.268291,10862,69.898,3.495,706.699,1681.066,42.969,15,0,0,S (sleeping)
2026-07-31T12:55:02.614467+00:00,14522.124910148,871.769014,10862,67.902,3.395,706.699,1681.066,42.969,15,0,4096,S (sleeping)
2026-07-31T12:55:03.115203+00:00,14522.625635447,872.269739,10862,73.893,3.695,725.918,1681.066,42.969,15,0,0,S (sleeping)
2026-07-31T12:55:03.614681+00:00,14523.126388248,872.770492,10862,81.877,4.094,725.918,1681.066,42.969,15,0,0,S (sleeping)
2026-07-31T12:55:04.115404+00:00,14523.627122616,873.271226,10862,65.903,3.295,725.918,1681.066,42.969,15,0,0,S (sleeping)
2026-07-31T12:55:04.616151+00:00,14524.127864785,873.771968,10862,65.902,3.295,725.918,1681.066,42.969,15,0,8192,S (sleeping)
2026-07-31T12:55:05.116917+00:00,14524.628637455,874.272741,10862,67.895,3.395,725.918,1681.066,42.969,15,0,12288,R (running)
2026-07-31T12:55:05.617647+00:00,14525.129368472,874.773472,10862,67.901,3.395,725.918,1681.066,42.969,15,0,0,S (sleeping)
2026-07-31T12:55:06.118364+00:00,14525.630086460,875.274190,10862,65.905,3.295,725.918,1681.066,42.969,15,0,4096,R (running)
2026-07-31T12:55:06.619117+00:00,14526.130813881,875.774917,10862,69.898,3.495,725.918,1681.066,42.969,15,0,0,S (sleeping)
2026-07-31T12:55:07.119855+00:00,14526.631572374,876.275676,10862,61.906,3.095,725.918,1681.066,42.969,15,0,0,S (sleeping)
2026-07-31T12:55:07.620601+00:00,14527.132309324,876.776413,10862,61.909,3.095,725.918,1681.066,42.969,15,0,0,S (sleeping)
2026-07-31T12:55:08.121332+00:00,14527.633052693,877.277156,10862,63.905,3.195,725.918,1681.066,42.969,15,0,4096,S (sleeping)
2026-07-31T12:55:08.622060+00:00,14528.133778995,877.777883,10862,61.910,3.096,725.918,1681.066,42.969,15,0,0,S (sleeping)
2026-07-31T12:55:09.122783+00:00,14528.634500001,878.278604,10862,63.908,3.195,725.918,1681.066,42.969,15,0,0,S (sleeping)
2026-07-31T12:55:09.623511+00:00,14529.135229935,878.779333,10862,65.904,3.295,725.918,1681.066,42.969,15,0,12288,S (sleeping)
2026-07-31T12:55:10.124275+00:00,14529.635965388,879.280069,10862,69.897,3.495,725.918,1681.066,42.969,15,0,0,S (sleeping)
2026-07-31T12:55:10.625039+00:00,14530.136743690,879.780847,10862,65.897,3.295,725.918,1681.066,42.969,15,0,0,S (sleeping)
2026-07-31T12:55:11.125777+00:00,14530.637488596,880.281592,10862,73.890,3.694,725.918,1681.066,42.969,15,0,4096,S (sleeping)
2026-07-31T12:55:11.626505+00:00,14531.138226045,880.782330,10862,57.915,2.896,725.918,1681.066,42.969,15,0,0,S (sleeping)
2026-07-31T12:55:12.126933+00:00,14531.638636699,881.282740,10862,63.947,3.197,725.918,1681.066,42.969,15,0,0,R (running)
2026-07-31T12:55:12.627219+00:00,14532.138937770,881.783041,10862,59.964,2.998,725.918,1681.066,42.969,15,0,0,S (sleeping)
2026-07-31T12:55:13.127934+00:00,14532.639655613,882.283759,10862,63.908,3.195,725.918,1681.066,42.969,15,0,4096,S (sleeping)
2026-07-31T12:55:13.628649+00:00,14533.140370181,882.784474,10862,61.912,3.096,725.918,1681.066,42.969,15,0,0,S (sleeping)
2026-07-31T12:55:14.129398+00:00,14533.641105338,883.285209,10862,67.900,3.395,725.918,1681.066,42.969,15,0,0,S (sleeping)
2026-07-31T12:55:14.630208+00:00,14534.141929473,883.786033,10862,61.898,3.095,725.918,1681.066,42.969,15,0,4096,S (sleeping)
2026-07-31T12:55:15.130975+00:00,14534.642684244,884.286788,10862,67.898,3.395,725.918,1681.066,42.969,15,0,8192,S (sleeping)
2026-07-31T12:55:15.631713+00:00,14535.143430021,884.787534,10862,61.908,3.095,725.918,1681.066,42.969,15,0,0,S (sleeping)
2026-07-31T12:55:16.132462+00:00,14535.644179000,885.288283,10862,67.898,3.395,725.918,1681.066,42.969,15,0,0,S (sleeping)
2026-07-31T12:55:16.633363+00:00,14536.144982929,885.789086,10862,61.900,3.095,725.918,1681.066,42.969,15,0,4096,S (sleeping)
2026-07-31T12:55:17.134164+00:00,14536.645884093,886.289988,10862,67.878,3.394,725.918,1681.066,42.969,15,0,0,S (sleeping)
2026-07-31T12:55:17.634666+00:00,14537.146311682,886.790415,10862,71.938,3.597,725.918,1681.066,42.969,15,0,0,S (sleeping)
2026-07-31T12:55:18.135432+00:00,14537.647139655,887.291243,10862,61.898,3.095,725.918,1681.066,42.969,15,0,4096,S (sleeping)
2026-07-31T12:55:18.636155+00:00,14538.147874846,887.791978,10862,59.912,2.996,725.918,1681.066,42.969,15,0,0,S (sleeping)
2026-07-31T12:55:19.136920+00:00,14538.648636594,888.292740,10862,59.909,2.995,725.918,1681.066,42.969,15,0,0,S (sleeping)
2026-07-31T12:55:19.637667+00:00,14539.149380579,888.793484,10862,63.905,3.195,725.918,1681.066,42.969,15,0,16384,S (sleeping)
2026-07-31T12:55:20.138394+00:00,14539.650114461,889.294218,10862,67.900,3.395,725.918,1681.066,42.969,15,0,0,S (sleeping)
2026-07-31T12:55:20.639151+00:00,14540.150860280,889.794964,10862,63.905,3.195,725.918,1681.066,42.969,15,0,4096,S (sleeping)
2026-07-31T12:55:21.139926+00:00,14540.651625751,890.295729,10862,67.896,3.395,729.199,1681.066,42.969,15,0,0,S (sleeping)
2026-07-31T12:55:21.640665+00:00,14541.152382814,890.796486,10862,87.867,4.393,729.199,1681.066,42.969,15,0,4096,S (sleeping)
2026-07-31T12:55:22.141397+00:00,14541.653116226,891.297220,10862,61.909,3.095,729.199,1681.066,42.969,15,0,0,S (sleeping)
2026-07-31T12:55:22.642147+00:00,14542.153852250,891.797956,10862,57.915,2.896,729.199,1681.066,42.969,15,0,0,S (sleeping)
2026-07-31T12:55:23.142898+00:00,14542.654601720,892.298705,10862,61.907,3.095,729.199,1681.066,42.969,15,0,4096,S (sleeping)
2026-07-31T12:55:23.643801+00:00,14543.155455031,892.799559,10862,67.884,3.394,729.199,1681.066,42.969,15,0,0,S (sleeping)
2026-07-31T12:55:24.144764+00:00,14543.656430810,893.300534,10862,61.879,3.094,729.199,1681.066,42.969,15,0,0,S (sleeping)
2026-07-31T12:55:24.645530+00:00,14544.157230347,893.801334,10862,67.891,3.395,729.199,1681.066,42.969,15,0,4096,S (sleeping)
2026-07-31T12:55:25.146261+00:00,14544.657983460,894.302087,10862,57.913,2.896,729.199,1681.066,42.969,15,0,8192,S (sleeping)
2026-07-31T12:55:25.647000+00:00,14545.158718493,894.802822,10862,63.906,3.195,729.199,1681.066,42.969,15,0,0,S (sleeping)
2026-07-31T12:55:26.147741+00:00,14545.659458062,895.303562,10862,61.908,3.095,729.199,1681.066,42.969,15,0,0,S (sleeping)
2026-07-31T12:55:26.648491+00:00,14546.160202640,895.804306,10862,61.908,3.095,729.199,1681.066,42.969,15,0,4096,S (sleeping)
2026-07-31T12:55:27.149235+00:00,14546.660935880,896.305039,10862,63.906,3.195,729.199,1681.066,42.969,15,0,0,S (sleeping)
2026-07-31T12:55:27.649970+00:00,14547.161685788,896.805789,10862,59.910,2.996,729.199,1681.066,42.969,15,0,0,S (sleeping)
2026-07-31T12:55:28.150706+00:00,14547.662424583,897.306528,10862,63.906,3.195,729.199,1681.066,42.969,15,0,4096,S (sleeping)
2026-07-31T12:55:28.651441+00:00,14548.163160238,897.807264,10862,71.894,3.595,729.199,1681.066,42.969,15,0,0,S (sleeping)
2026-07-31T12:55:29.152207+00:00,14548.663894631,898.307998,10862,57.915,2.896,729.199,1681.066,42.969,15,0,0,S (sleeping)
2026-07-31T12:55:29.652967+00:00,14549.164668127,898.808772,10862,61.904,3.095,729.199,1681.066,42.969,15,0,8192,S (sleeping)
2026-07-31T12:55:30.153689+00:00,14549.665410582,899.309514,10862,63.905,3.195,729.199,1681.066,42.969,15,0,4096,S (sleeping)
2026-07-31T12:55:30.653919+00:00,14550.165635921,899.809739,10862,63.971,3.199,729.199,1681.066,42.969,15,0,4096,S (sleeping)
2026-07-31T12:55:31.154652+00:00,14550.666363023,900.310467,10862,63.907,3.195,729.199,1681.066,42.969,15,0,0,S (sleeping)
2026-07-31T12:55:31.655440+00:00,14551.167133805,900.811237,10862,59.908,2.995,729.199,1681.066,42.969,15,0,4096,S (sleeping)
2026-07-31T12:55:32.156169+00:00,14551.667890201,901.311994,10862,61.906,3.095,729.199,1681.066,42.969,15,0,0,S (sleeping)
2026-07-31T12:55:32.656901+00:00,14552.168619639,901.812723,10862,63.907,3.195,729.199,1681.066,42.969,15,0,0,S (sleeping)
2026-07-31T12:55:33.157626+00:00,14552.669343084,902.313447,10862,61.910,3.096,729.199,1681.066,42.969,15,0,0,S (sleeping)
2026-07-31T12:55:33.657211+00:00,14553.170084447,902.814188,10862,59.911,2.996,729.199,1681.066,42.969,15,0,4096,S (sleeping)
2026-07-31T12:55:34.157931+00:00,14553.670802657,903.314906,10862,65.905,3.295,729.199,1681.066,42.969,15,0,0,S (sleeping)
2026-07-31T12:55:34.658690+00:00,14554.171543161,903.815647,10862,59.911,2.996,729.199,1681.066,42.969,15,0,0,S (sleeping)
2026-07-31T12:55:35.159010+00:00,14554.671870558,904.315974,10862,63.958,3.198,729.199,1681.066,42.969,15,0,20480,S (sleeping)
2026-07-31T12:55:35.659788+00:00,14555.172654195,904.816758,10862,81.872,4.094,729.199,1681.066,42.969,15,0,0,S (sleeping)
2026-07-31T12:55:36.160534+00:00,14555.673395628,905.317499,10862,65.902,3.295,729.199,1681.066,42.969,15,0,0,S (sleeping)
2026-07-31T12:55:36.661264+00:00,14556.174131856,905.818235,10862,59.912,2.996,729.199,1681.066,42.969,15,0,4096,S (sleeping)
2026-07-31T12:55:37.162048+00:00,14556.674899083,906.319003,10862,61.905,3.095,729.199,1681.066,42.969,15,0,0,R (running)
2026-07-31T12:55:37.662782+00:00,14557.175653788,906.819757,10862,63.904,3.195,729.199,1681.066,42.969,15,0,0,S (sleeping)
2026-07-31T12:55:38.163506+00:00,14557.676377989,907.320482,10862,61.910,3.096,729.199,1681.066,42.969,15,0,0,S (sleeping)
2026-07-31T12:55:38.664262+00:00,14558.177117133,907.821221,10862,63.906,3.195,729.199,1681.066,42.969,15,0,4096,R (running)
2026-07-31T12:55:39.165004+00:00,14558.677874995,908.321979,10862,63.903,3.195,729.199,1681.066,42.969,15,0,0,S (sleeping)
2026-07-31T12:55:39.665733+00:00,14559.178604077,908.822708,10862,69.898,3.495,729.199,1681.066,42.969,15,0,8192,S (sleeping)
2026-07-31T12:55:40.166495+00:00,14559.679361850,909.323465,10862,63.903,3.195,729.199,1681.066,42.969,15,0,4096,S (sleeping)
2026-07-31T12:55:40.667206+00:00,14560.180080069,909.824184,10862,61.911,3.096,729.199,1681.066,42.969,15,0,0,S (sleeping)
2026-07-31T12:55:41.167935+00:00,14560.680804877,910.324908,10862,63.907,3.195,729.199,1681.066,42.969,15,0,0,S (sleeping)
2026-07-31T12:55:41.668675+00:00,14561.181542223,910.825646,10862,63.906,3.195,729.199,1681.066,42.969,15,0,4096,S (sleeping)
2026-07-31T12:55:42.169457+00:00,14561.682309090,911.326413,10862,63.902,3.195,729.199,1681.066,42.969,15,0,0,S (sleeping)
2026-07-31T12:55:42.670203+00:00,14562.183071886,911.827175,10862,63.903,3.195,729.199,1681.066,42.969,15,0,0,S (sleeping)
2026-07-31T12:55:43.170940+00:00,14562.683808963,912.327912,10862,63.906,3.195,729.199,1681.066,42.969,15,0,0,S (sleeping)
2026-07-31T12:55:43.671672+00:00,14563.184542580,912.828646,10862,65.903,3.295,729.199,1681.066,42.969,15,0,4096,S (sleeping)
2026-07-31T12:55:44.172398+00:00,14563.685263967,913.329367,10862,75.891,3.795,729.199,1681.066,42.969,15,0,0,S (sleeping)
2026-07-31T12:55:44.673126+00:00,14564.185997189,913.830101,10862,61.909,3.095,729.199,1681.066,42.969,15,0,0,S (sleeping)
2026-07-31T12:55:45.173854+00:00,14564.686723838,914.330827,10862,67.901,3.395,729.199,1681.066,42.969,15,0,12288,S (sleeping)
2026-07-31T12:55:45.674598+00:00,14565.187461086,914.831565,10862,61.909,3.095,729.199,1681.066,42.969,15,0,0,S (sleeping)
2026-07-31T12:55:46.175351+00:00,14565.688214218,915.332318,10862,65.901,3.295,729.199,1681.066,42.969,15,0,0,S (sleeping)
2026-07-31T12:55:46.676087+00:00,14566.188955263,915.833059,10862,65.902,3.295,729.199,1681.066,42.969,15,0,4096,S (sleeping)
2026-07-31T12:55:47.176805+00:00,14566.689677317,916.333781,10862,63.908,3.195,729.199,1681.066,42.969,15,0,0,S (sleeping)
2026-07-31T12:55:47.677295+00:00,14567.190152114,916.834256,10862,63.939,3.197,729.199,1681.066,42.969,15,0,0,R (running)
2026-07-31T12:55:48.178024+00:00,14567.690894419,917.334998,10862,71.893,3.595,729.199,1681.066,42.969,15,0,0,R (running)
2026-07-31T12:55:48.678765+00:00,14568.191633871,917.835737,10862,65.903,3.295,729.199,1681.066,42.969,15,0,4096,R (running)
2026-07-31T12:55:49.179504+00:00,14568.692368369,918.336472,10862,65.903,3.295,729.199,1681.066,42.969,15,0,0,S (sleeping)
2026-07-31T12:55:49.680252+00:00,14569.193109837,918.837213,10862,113.831,5.692,768.418,1729.070,42.969,15,0,8192,R (running)
2026-07-31T12:55:50.180541+00:00,14569.693406064,919.337510,10862,63.962,3.198,733.637,1681.066,42.969,15,0,8192,R (running)
2026-07-31T12:55:50.681259+00:00,14570.194126694,919.838230,10862,63.908,3.195,733.637,1681.066,42.969,15,0,4096,R (running)
2026-07-31T12:55:51.181791+00:00,14570.694653017,920.338757,10862,59.937,2.997,733.637,1681.066,42.969,15,0,0,R (running)
2026-07-31T12:55:51.682524+00:00,14571.195385436,920.839489,10862,63.906,3.195,733.637,1681.066,42.969,15,0,4096,R (running)
2026-07-31T12:55:52.183248+00:00,14571.696122583,921.340226,10862,71.894,3.595,733.637,1681.066,42.969,15,0,0,R (running)
2026-07-31T12:55:52.683992+00:00,14572.196857457,921.840961,10862,59.912,2.996,733.637,1681.066,42.969,15,0,0,R (running)
2026-07-31T12:55:53.184747+00:00,14572.697597722,922.341701,10862,65.902,3.295,733.637,1681.066,42.969,15,0,0,R (running)
2026-07-31T12:55:53.685446+00:00,14573.198304242,922.842408,10862,63.910,3.195,733.637,1681.066,42.969,15,0,4096,R (running)
2026-07-31T12:55:54.186190+00:00,14573.699063232,923.343167,10862,65.900,3.295,733.637,1681.066,42.969,15,0,0,R (running)
2026-07-31T12:55:54.686921+00:00,14574.199789192,923.843893,10862,67.901,3.395,733.637,1681.066,42.969,15,0,0,R (running)
2026-07-31T12:55:55.187657+00:00,14574.700522781,924.344626,10862,71.895,3.595,733.637,1681.066,42.969,15,0,12288,R (running)
2026-07-31T12:55:55.687999+00:00,14575.200864952,924.844968,10862,61.958,3.098,733.637,1681.066,42.969,15,0,0,R (running)
2026-07-31T12:55:56.188725+00:00,14575.701588436,925.345692,10862,61.910,3.096,733.637,1681.066,42.969,15,0,0,R (running)
2026-07-31T12:55:56.689621+00:00,14576.202322283,925.846426,10862,63.906,3.195,733.637,1681.066,42.969,15,0,0,R (running)
2026-07-31T12:55:57.190383+00:00,14576.703253569,926.347357,10862,77.855,3.893,733.637,1681.066,42.969,15,0,4096,R (running)
2026-07-31T12:55:57.691157+00:00,14577.204023141,926.848127,10862,57.911,2.896,733.637,1681.066,42.969,15,0,0,S (sleeping)
2026-07-31T12:55:58.191904+00:00,14577.704770536,927.348874,10862,69.896,3.495,733.637,1681.066,42.969,15,0,0,R (running)
2026-07-31T12:55:58.692635+00:00,14578.205502275,927.849606,10862,63.906,3.195,733.637,1681.066,42.969,15,0,4096,R (running)
2026-07-31T12:55:59.192911+00:00,14578.705768649,928.349872,10862,65.965,3.298,733.637,1681.066,42.969,15,0,0,R (running)
2026-07-31T12:55:59.693645+00:00,14579.206504662,928.850608,10862,117.827,5.891,783.738,1733.523,42.969,15,0,8192,S (sleeping)
2026-07-31T12:56:00.194428+00:00,14579.707291458,929.351395,10862,57.909,2.895,783.738,1733.523,42.969,15,0,8192,S (sleeping)
2026-07-31T12:56:00.695177+00:00,14580.208042635,929.852146,10862,59.910,2.995,751.438,1685.520,42.969,15,0,0,S (sleeping)
2026-07-31T12:56:01.195985+00:00,14580.708851931,930.352955,10862,59.903,2.995,751.438,1685.520,42.969,15,0,0,S (sleeping)
2026-07-31T12:56:01.696582+00:00,14581.209449726,930.853553,10862,61.926,3.096,751.438,1685.520,42.969,15,0,0,S (sleeping)
2026-07-31T12:56:02.197308+00:00,14581.710181579,931.354285,10862,59.912,2.996,751.438,1685.520,42.969,15,0,4096,S (sleeping)
2026-07-31T12:56:02.698033+00:00,14582.210905732,931.855009,10862,63.907,3.195,751.438,1685.520,42.969,15,0,0,S (sleeping)
2026-07-31T12:56:03.198467+00:00,14582.711334207,932.355438,10862,61.947,3.097,751.438,1685.520,42.969,15,0,0,S (sleeping)
2026-07-31T12:56:03.698347+00:00,14583.212077787,932.856181,10862,61.908,3.095,751.438,1685.520,42.969,15,0,4096,S (sleeping)
2026-07-31T12:56:04.198711+00:00,14583.712428999,933.356533,10862,57.959,2.898,751.438,1685.520,42.969,15,0,0,S (sleeping)
2026-07-31T12:56:04.699481+00:00,14584.213218130,933.857322,10862,63.899,3.195,751.438,1685.520,42.969,15,0,0,R (running)
2026-07-31T12:56:05.200266+00:00,14584.714000355,934.358104,10862,61.903,3.095,751.438,1685.520,42.969,15,0,16384,S (sleeping)
2026-07-31T12:56:05.700990+00:00,14585.214727954,934.858831,10862,55.919,2.796,751.438,1685.520,42.969,15,0,4096,S (sleeping)
2026-07-31T12:56:06.201706+00:00,14585.715444173,935.359548,10862,69.900,3.495,751.438,1685.520,42.969,15,0,0,S (sleeping)
2026-07-31T12:56:06.702311+00:00,14586.216048867,935.860152,10862,63.923,3.196,751.438,1685.520,42.969,15,0,0,S (sleeping)
2026-07-31T12:56:07.203037+00:00,14586.716774164,936.360878,10862,65.904,3.295,751.438,1685.520,42.969,15,0,4096,S (sleeping)
2026-07-31T12:56:07.703494+00:00,14587.217234080,936.861338,10862,59.945,2.997,751.438,1685.520,42.969,15,0,0,S (sleeping)
2026-07-31T12:56:08.204221+00:00,14587.717957305,937.362061,10862,57.916,2.896,751.438,1685.520,42.969,15,0,0,S (sleeping)
2026-07-31T12:56:08.704978+00:00,14588.218705826,937.862809,10862,63.904,3.195,751.438,1685.520,42.969,15,0,4096,S (sleeping)
2026-07-31T12:56:09.205705+00:00,14588.719447051,938.363551,10862,61.908,3.095,751.438,1685.520,42.969,15,0,0,S (sleeping)
2026-07-31T12:56:09.706352+00:00,14589.220091171,938.864195,10862,63.918,3.196,751.438,1685.520,42.969,15,0,8192,S (sleeping)
2026-07-31T12:56:10.207084+00:00,14589.720823233,939.364927,10862,65.904,3.295,751.438,1685.520,42.969,15,0,0,S (sleeping)
2026-07-31T12:56:10.707816+00:00,14590.221553936,939.865657,10862,59.912,2.996,751.438,1685.520,42.969,15,0,4096,S (sleeping)
2026-07-31T12:56:11.208538+00:00,14590.722278841,940.366382,10862,61.910,3.096,751.438,1685.520,42.969,15,0,0,S (sleeping)
2026-07-31T12:56:11.709287+00:00,14591.223018157,940.867122,10862,65.903,3.295,751.438,1685.520,42.969,15,0,0,S (sleeping)
2026-07-31T12:56:12.209658+00:00,14591.723386482,941.367490,10862,63.953,3.198,751.438,1685.520,42.969,15,0,4096,S (sleeping)
2026-07-31T12:56:12.710397+00:00,14592.224136685,941.868240,10862,63.904,3.195,751.438,1685.520,42.969,15,0,0,S (sleeping)
2026-07-31T12:56:13.211115+00:00,14592.724860164,942.368964,10862,65.905,3.295,751.438,1685.520,42.969,15,0,0,S (sleeping)
2026-07-31T12:56:13.711857+00:00,14593.225579169,942.869683,10862,65.905,3.295,751.438,1685.520,42.969,15,0,4096,S (sleeping)
2026-07-31T12:56:14.212572+00:00,14593.726315766,943.370419,10862,61.909,3.095,751.438,1685.520,42.969,15,0,0,S (sleeping)
2026-07-31T12:56:14.713304+00:00,14594.227040334,943.871144,10862,63.907,3.195,751.438,1685.520,42.969,15,0,0,S (sleeping)
2026-07-31T12:56:15.213750+00:00,14594.727382774,944.371486,10862,67.953,3.398,751.438,1685.520,42.969,15,0,8192,S (sleeping)
2026-07-31T12:56:15.714518+00:00,14595.228251028,944.872355,10862,65.886,3.294,751.438,1685.520,42.969,15,0,4096,S (sleeping)
2026-07-31T12:56:16.215255+00:00,14595.728994277,945.373098,10862,63.905,3.195,751.438,1685.520,42.969,15,0,0,S (sleeping)
2026-07-31T12:56:16.715992+00:00,14596.229731383,945.873835,10862,69.897,3.495,751.438,1685.520,42.969,15,0,0,S (sleeping)
2026-07-31T12:56:17.216729+00:00,14596.730463755,946.374567,10862,63.906,3.195,751.438,1685.520,42.969,15,0,4096,S (sleeping)
2026-07-31T12:56:17.717493+00:00,14597.231220613,946.875324,10862,63.903,3.195,751.438,1685.520,42.969,15,0,0,S (sleeping)
2026-07-31T12:56:18.218247+00:00,14597.731962952,947.376066,10862,65.902,3.295,751.438,1685.520,42.969,15,0,0,S (sleeping)
2026-07-31T12:56:18.718968+00:00,14598.232710137,947.876814,10862,63.905,3.195,751.438,1685.520,42.969,15,0,0,S (sleeping)
2026-07-31T12:56:19.219706+00:00,14598.733443436,948.377547,10862,63.906,3.195,751.438,1685.520,42.969,15,0,4096,S (sleeping)
2026-07-31T12:56:19.720450+00:00,14599.234184294,948.878288,10862,61.908,3.095,751.438,1685.520,42.969,15,0,8192,S (sleeping)
2026-07-31T12:56:20.221254+00:00,14599.734994163,949.379098,10862,69.887,3.494,751.438,1685.520,42.969,15,0,8192,S (sleeping)
2026-07-31T12:56:20.721976+00:00,14600.235718749,949.879822,10862,61.910,3.096,751.438,1685.520,42.969,15,0,4096,S (sleeping)
2026-07-31T12:56:21.222363+00:00,14600.736098470,950.380202,10862,63.951,3.198,751.438,1685.520,42.969,15,0,0,S (sleeping)
2026-07-31T12:56:21.723091+00:00,14601.236833748,950.880937,10862,67.900,3.395,751.438,1685.520,42.969,15,0,0,S (sleeping)
2026-07-31T12:56:22.223804+00:00,14601.737550335,951.381654,10862,69.900,3.495,751.438,1685.520,42.969,15,0,4096,R (running)
2026-07-31T12:56:22.724657+00:00,14602.238383153,951.882487,10862,61.897,3.095,751.438,1685.520,42.969,15,0,0,S (sleeping)
2026-07-31T12:56:23.225404+00:00,14602.739134080,952.383238,10862,63.904,3.195,751.438,1685.520,42.969,15,0,0,S (sleeping)
2026-07-31T12:56:23.726159+00:00,14603.239883534,952.883987,10862,63.904,3.195,751.438,1685.520,42.969,15,0,0,S (sleeping)
2026-07-31T12:56:24.226879+00:00,14603.740619702,953.384723,10862,59.912,2.996,751.438,1685.520,42.969,15,0,4096,S (sleeping)
2026-07-31T12:56:24.727611+00:00,14604.241352938,953.885456,10862,67.900,3.395,751.438,1685.520,42.969,15,0,0,S (sleeping)
2026-07-31T12:56:25.228382+00:00,14604.742120271,954.386224,10862,61.905,3.095,751.438,1685.520,42.969,15,0,8192,S (sleeping)
2026-07-31T12:56:25.729105+00:00,14605.242845430,954.886949,10862,65.904,3.295,751.438,1685.520,42.969,15,0,4096,S (sleeping)
2026-07-31T12:56:26.229838+00:00,14605.743571371,955.387675,10862,63.907,3.195,751.438,1685.520,42.969,15,0,0,R (running)
2026-07-31T12:56:26.730582+00:00,14606.244320076,955.888424,10862,67.898,3.395,751.438,1685.520,42.969,15,0,0,S (sleeping)
2026-07-31T12:56:27.231297+00:00,14606.745042115,956.389146,10862,63.908,3.195,751.438,1685.520,42.969,15,0,0,S (sleeping)
2026-07-31T12:56:27.732025+00:00,14607.245761530,956.889865,10862,63.908,3.195,751.438,1685.520,42.969,15,0,4096,S (sleeping)
2026-07-31T12:56:28.232772+00:00,14607.746508948,957.390612,10862,63.904,3.195,751.438,1685.520,42.969,15,0,0,S (sleeping)
2026-07-31T12:56:28.733522+00:00,14608.247245189,957.891349,10862,65.903,3.295,751.438,1685.520,42.969,15,0,0,S (sleeping)
2026-07-31T12:56:29.234288+00:00,14608.747994599,958.392098,10862,65.901,3.295,751.438,1685.520,42.969,15,0,4096,S (sleeping)
2026-07-31T12:56:29.735068+00:00,14609.248780321,958.892884,10862,91.856,4.593,751.438,1685.520,42.969,15,0,8192,S (sleeping)
2026-07-31T12:56:30.235836+00:00,14609.749561543,959.393665,10862,65.897,3.295,751.438,1685.520,42.969,15,0,0,S (sleeping)
2026-07-31T12:56:30.736572+00:00,14610.250313410,959.894417,10862,63.904,3.195,751.438,1685.520,42.969,15,0,4096,S (sleeping)
2026-07-31T12:56:31.237290+00:00,14610.751033027,960.395137,10862,63.908,3.195,751.438,1685.520,42.969,15,0,0,S (sleeping)
2026-07-31T12:56:31.738013+00:00,14611.251755046,960.895859,10862,65.905,3.295,751.438,1685.520,42.969,15,0,0,S (sleeping)
2026-07-31T12:56:32.238757+00:00,14611.752481082,961.396585,10862,67.901,3.395,751.438,1685.520,42.969,15,0,0,S (sleeping)
2026-07-31T12:56:32.739482+00:00,14612.253224138,961.897328,10862,65.902,3.295,751.438,1685.520,42.969,15,0,4096,S (sleeping)
2026-07-31T12:56:33.240429+00:00,14612.754029412,962.398133,10862,67.891,3.395,751.438,1685.520,42.969,15,0,0,S (sleeping)
2026-07-31T12:56:33.739656+00:00,14613.254909775,962.899013,10862,63.888,3.194,751.438,1685.520,42.969,15,0,0,S (sleeping)
2026-07-31T12:56:34.240155+00:00,14613.755412408,963.399516,10862,65.934,3.297,751.438,1685.520,42.969,15,0,4096,S (sleeping)
2026-07-31T12:56:34.740393+00:00,14614.255667570,963.899771,10862,61.968,3.098,751.438,1685.520,42.969,15,0,0,S (sleeping)
2026-07-31T12:56:35.241135+00:00,14614.756409209,964.400513,10862,67.899,3.395,751.438,1685.520,42.969,15,0,12288,S (sleeping)
2026-07-31T12:56:35.741869+00:00,14615.257148002,964.901252,10862,65.903,3.295,751.438,1685.520,42.969,15,0,4096,S (sleeping)
2026-07-31T12:56:36.242580+00:00,14615.757863816,965.401967,10862,67.903,3.395,751.438,1685.520,42.969,15,0,0,S (sleeping)
2026-07-31T12:56:36.743430+00:00,14616.258578928,965.902682,10862,77.889,3.894,751.438,1685.520,42.969,15,0,0,S (sleeping)
2026-07-31T12:56:37.244196+00:00,14616.759461761,966.403565,10862,61.891,3.095,751.438,1685.520,42.969,15,0,0,S (sleeping)
2026-07-31T12:56:37.744924+00:00,14617.260205769,966.904309,10862,63.905,3.195,751.438,1685.520,42.969,15,0,4096,S (sleeping)
2026-07-31T12:56:38.245653+00:00,14617.760930947,967.405034,10862,67.902,3.395,751.438,1685.520,42.969,15,0,0,S (sleeping)
2026-07-31T12:56:38.746359+00:00,14618.261639006,967.905743,10862,63.909,3.195,751.438,1685.520,42.969,15,0,0,S (sleeping)
2026-07-31T12:56:39.246714+00:00,14618.761989309,968.406093,10862,65.954,3.298,751.438,1685.520,42.969,15,0,4096,S (sleeping)
2026-07-31T12:56:39.747444+00:00,14619.262719881,968.906823,10862,65.904,3.295,751.438,1685.520,42.969,15,0,12288,S (sleeping)
2026-07-31T12:56:40.248271+00:00,14619.763549507,969.407653,10862,67.887,3.394,751.438,1685.520,42.969,15,0,4096,S (sleeping)
2026-07-31T12:56:40.749161+00:00,14620.264429517,969.908533,10862,67.881,3.394,751.438,1685.520,42.969,15,0,4096,S (sleeping)
2026-07-31T12:56:41.249917+00:00,14620.765187030,970.409291,10862,65.900,3.295,751.438,1685.520,42.969,15,0,0,S (sleeping)
2026-07-31T12:56:41.750654+00:00,14621.265934441,970.910038,10862,65.901,3.295,751.438,1685.520,42.969,15,0,0,S (sleeping)
2026-07-31T12:56:42.251109+00:00,14621.766389957,971.410493,10862,65.940,3.297,751.438,1685.520,42.969,15,0,0,S (sleeping)
2026-07-31T12:56:42.751844+00:00,14622.267117921,971.911221,10862,73.892,3.695,751.438,1685.520,42.969,15,0,4096,S (sleeping)
2026-07-31T12:56:43.252602+00:00,14622.767873951,972.411977,10862,59.909,2.995,751.438,1685.520,42.969,15,0,0,S (sleeping)
2026-07-31T12:56:43.753360+00:00,14623.268638160,972.912742,10862,61.905,3.095,751.438,1685.520,42.969,15,0,0,S (sleeping)
2026-07-31T12:56:44.254082+00:00,14623.769364125,973.413468,10862,63.907,3.195,751.438,1685.520,42.969,15,0,4096,S (sleeping)
2026-07-31T12:56:44.754846+00:00,14624.270104954,973.914208,10862,63.905,3.195,751.438,1685.520,42.969,15,0,0,S (sleeping)
2026-07-31T12:56:45.255572+00:00,14624.770854182,974.414958,10862,67.898,3.395,751.438,1685.520,42.969,15,0,8192,S (sleeping)
2026-07-31T12:56:45.756296+00:00,14625.271575163,974.915679,10862,63.908,3.195,751.438,1685.520,42.969,15,0,0,S (sleeping)
2026-07-31T12:56:46.257019+00:00,14625.772298821,975.416402,10862,65.905,3.295,751.438,1685.520,42.969,15,0,4096,S (sleeping)
2026-07-31T12:56:46.757762+00:00,14626.273025163,975.917129,10862,63.907,3.195,751.438,1685.520,42.969,15,0,0,S (sleeping)
2026-07-31T12:56:47.258513+00:00,14626.773778600,976.417882,10862,93.859,4.693,751.438,1685.520,42.969,15,0,0,S (sleeping)
2026-07-31T12:56:47.759422+00:00,14627.274670097,976.918774,10862,61.890,3.094,751.438,1685.520,42.969,15,0,4096,S (sleeping)
2026-07-31T12:56:48.260161+00:00,14627.775436940,977.419540,10862,63.902,3.195,751.438,1685.520,42.969,15,0,0,S (sleeping)
2026-07-31T12:56:48.760889+00:00,14628.276169739,977.920273,10862,59.912,2.996,751.438,1685.520,42.969,15,0,0,R (running)
2026-07-31T12:56:49.261617+00:00,14628.776895403,978.420999,10862,61.910,3.096,751.438,1685.520,42.969,15,0,4096,S (sleeping)
2026-07-31T12:56:49.762250+00:00,14629.277509718,978.921613,10862,67.917,3.396,751.438,1685.520,42.969,15,0,8192,S (sleeping)
2026-07-31T12:56:50.262705+00:00,14629.777968649,979.422072,10862,67.938,3.397,751.438,1685.520,42.969,15,0,8192,S (sleeping)
2026-07-31T12:56:50.763456+00:00,14630.278723438,979.922827,10862,61.907,3.095,751.438,1685.520,42.969,15,0,0,R (running)
2026-07-31T12:56:51.264301+00:00,14630.779501225,980.423605,10862,67.894,3.395,751.438,1685.520,42.969,15,0,4096,S (sleeping)
2026-07-31T12:56:51.765065+00:00,14631.280329416,980.924433,10862,63.894,3.195,751.438,1685.520,42.969,15,0,0,S (sleeping)
2026-07-31T12:56:52.265811+00:00,14631.781075016,981.425179,10862,65.902,3.295,751.438,1685.520,42.969,15,0,0,R (running)
2026-07-31T12:56:52.766571+00:00,14632.281828448,981.925932,10862,63.904,3.195,751.438,1685.520,42.969,15,0,4096,S (sleeping)
2026-07-31T12:56:53.267323+00:00,14632.782594095,982.426698,10862,71.890,3.594,751.438,1685.520,42.969,15,0,0,S (sleeping)
2026-07-31T12:56:53.768071+00:00,14633.283338365,982.927442,10862,65.902,3.295,751.438,1685.520,42.969,15,0,0,S (sleeping)
2026-07-31T12:56:54.268956+00:00,14633.784094660,983.428198,10862,63.903,3.195,751.438,1685.520,42.969,15,0,0,S (sleeping)
2026-07-31T12:56:54.769755+00:00,14634.285002389,983.929106,10862,65.880,3.294,751.438,1685.520,42.969,15,0,4096,S (sleeping)
2026-07-31T12:56:55.270499+00:00,14634.785770049,984.429874,10862,65.899,3.295,751.438,1685.520,42.969,15,0,8192,S (sleeping)
2026-07-31T12:56:55.771236+00:00,14635.286514516,984.930618,10862,97.854,4.893,711.195,1645.332,42.969,15,0,0,S (sleeping)
2026-07-31T12:56:56.271497+00:00,14635.786771304,985.430875,10862,57.970,2.899,711.195,1645.332,42.969,15,0,4096,S (sleeping)
2026-07-31T12:56:56.772245+00:00,14636.287522685,985.931626,10862,59.910,2.995,711.195,1645.332,42.969,15,0,0,S (sleeping)
2026-07-31T12:56:57.272822+00:00,14636.788091472,986.432195,10862,59.932,2.997,649.324,1645.332,42.969,15,0,0,S (sleeping)
2026-07-31T12:56:57.773559+00:00,14637.288836070,986.932940,10862,59.911,2.996,649.324,1645.332,42.969,15,0,4096,S (sleeping)
2026-07-31T12:56:58.274314+00:00,14637.789579810,987.433683,10862,59.911,2.996,649.324,1645.332,42.969,15,0,0,S (sleeping)
2026-07-31T12:56:58.775048+00:00,14638.290325613,987.934429,10862,63.905,3.195,649.324,1645.332,42.969,15,0,0,S (sleeping)
2026-07-31T12:56:59.275830+00:00,14638.791079694,988.435183,10862,63.904,3.195,649.324,1645.332,42.969,15,0,0,S (sleeping)
2026-07-31T12:56:59.776713+00:00,14639.291922427,988.936026,10862,67.886,3.394,649.324,1645.332,42.969,15,0,12288,S (sleeping)
2026-07-31T12:57:00.277476+00:00,14639.792741768,989.436845,10862,63.895,3.195,649.324,1645.332,42.969,15,0,0,S (sleeping)
2026-07-31T12:57:00.777817+00:00,14640.293090880,989.937194,10862,61.957,3.098,649.324,1645.332,42.969,15,0,0,S (sleeping)
2026-07-31T12:57:01.278572+00:00,14640.793839832,990.437943,10862,65.901,3.295,649.324,1645.332,42.969,15,0,4096,R (running)
2026-07-31T12:57:01.779496+00:00,14641.294696417,990.938800,10862,63.891,3.195,649.324,1645.332,42.969,15,0,0,R (running)
2026-07-31T12:57:02.280260+00:00,14641.795534249,991.439638,10862,61.896,3.095,649.324,1645.332,42.969,15,0,0,R (running)
2026-07-31T12:57:02.780996+00:00,14642.296274089,991.940378,10862,65.902,3.295,649.324,1645.332,42.969,15,0,4096,R (running)
2026-07-31T12:57:03.280635+00:00,14642.797000488,992.441104,10862,67.901,3.395,649.324,1645.332,42.969,15,0,0,R (running)
2026-07-31T12:57:03.782210+00:00,14643.298588011,992.942692,10862,57.816,2.891,649.324,1645.332,42.969,15,0,0,R (running)
2026-07-31T12:57:04.283005+00:00,14643.799323234,993.443427,10862,65.903,3.295,649.324,1645.332,42.969,15,0,4096,R (running)
2026-07-31T12:57:04.783681+00:00,14644.300042021,993.944146,10862,61.911,3.096,649.324,1645.332,42.969,15,0,0,R (running)
2026-07-31T12:57:05.284277+00:00,14644.800629438,994.444733,10862,63.925,3.196,649.324,1645.332,42.969,15,0,12288,R (running)
2026-07-31T12:57:05.785017+00:00,14645.301380522,994.945484,10862,61.907,3.095,649.324,1645.332,42.969,15,0,0,R (running)
2026-07-31T12:57:06.285763+00:00,14645.802137130,995.446241,10862,65.900,3.295,649.324,1645.332,42.969,15,0,4096,R (running)
2026-07-31T12:57:06.786503+00:00,14646.302881874,995.946985,10862,61.908,3.095,649.324,1645.332,42.969,15,0,0,R (running)
2026-07-31T12:57:07.287233+00:00,14646.803612027,996.447716,10862,63.907,3.195,649.324,1645.332,42.969,15,0,0,R (running)
2026-07-31T12:57:07.787980+00:00,14647.304357134,996.948461,10862,65.902,3.295,649.324,1645.332,42.969,15,0,4096,R (running)
2026-07-31T12:57:08.288721+00:00,14647.805095921,997.449199,10862,63.906,3.195,649.324,1645.332,42.969,15,0,0,R (running)
2026-07-31T12:57:08.789462+00:00,14648.305842818,997.949946,10862,67.899,3.395,649.324,1645.332,42.969,15,0,0,R (running)
2026-07-31T12:57:09.290189+00:00,14648.806567801,998.450671,10862,63.907,3.195,649.324,1645.332,42.969,15,0,0,R (running)
2026-07-31T12:57:09.790940+00:00,14649.307310292,998.951414,10862,75.887,3.794,649.324,1645.332,42.969,15,0,16384,R (running)
2026-07-31T12:57:10.291686+00:00,14649.808065810,999.452169,10862,67.897,3.395,649.324,1645.332,42.969,15,0,0,R (running)
2026-07-31T12:57:10.792436+00:00,14650.308812343,999.952916,10862,63.905,3.195,649.324,1645.332,42.969,15,0,0,R (running)
2026-07-31T12:57:11.293187+00:00,14650.809561091,1000.453665,10862,61.907,3.095,649.324,1645.332,42.969,15,0,4096,S (sleeping)
2026-07-31T12:57:11.793994+00:00,14651.310367470,1000.954471,10862,61.900,3.095,649.324,1645.332,42.969,15,0,0,S (sleeping)
2026-07-31T12:57:12.294860+00:00,14651.811235373,1001.455339,10862,67.882,3.394,649.324,1645.332,42.969,15,0,0,S (sleeping)
2026-07-31T12:57:12.795618+00:00,14652.311969678,1001.956073,10862,57.915,2.896,649.324,1645.332,42.969,15,0,4096,S (sleeping)
2026-07-31T12:57:13.296340+00:00,14652.812721334,1002.456825,10862,59.910,2.995,649.324,1645.332,42.969,15,0,0,S (sleeping)
2026-07-31T12:57:13.797145+00:00,14653.313524199,1002.957628,10862,59.904,2.995,649.324,1645.332,42.969,15,0,0,S (sleeping)
2026-07-31T12:57:14.297866+00:00,14653.814241878,1003.458345,10862,59.914,2.996,649.324,1645.332,42.969,15,0,0,S (sleeping)
2026-07-31T12:57:14.798602+00:00,14654.314977963,1003.959081,10862,61.909,3.095,649.324,1645.332,42.969,15,0,4096,S (sleeping)
2026-07-31T12:57:15.299385+00:00,14654.815727477,1004.459831,10862,57.913,2.896,649.324,1645.332,42.969,15,0,8192,S (sleeping)
2026-07-31T12:57:15.800266+00:00,14655.316603405,1004.960707,10862,61.892,3.095,649.324,1645.332,42.969,15,0,0,S (sleeping)
2026-07-31T12:57:16.301013+00:00,14655.817384013,1005.461488,10862,63.900,3.195,649.324,1645.332,42.969,15,0,4096,S (sleeping)
2026-07-31T12:57:16.801755+00:00,14656.318135010,1005.962239,10862,83.874,4.194,649.324,1645.332,42.969,15,0,0,S (sleeping)
2026-07-31T12:57:17.302494+00:00,14656.818868114,1006.462972,10862,59.912,2.996,649.324,1645.332,42.969,15,0,0,S (sleeping)
2026-07-31T12:57:17.803298+00:00,14657.319657914,1006.963761,10862,63.899,3.195,649.324,1645.332,42.969,15,0,4096,S (sleeping)
2026-07-31T12:57:18.304076+00:00,14657.820440839,1007.464544,10862,59.906,2.995,649.324,1645.332,42.969,15,0,0,S (sleeping)
2026-07-31T12:57:18.804824+00:00,14658.321204507,1007.965308,10862,57.912,2.896,649.324,1645.332,42.969,15,0,0,S (sleeping)
2026-07-31T12:57:19.305546+00:00,14658.821927802,1008.466031,10862,57.916,2.896,649.324,1645.332,42.969,15,0,0,S (sleeping)
2026-07-31T12:57:19.806277+00:00,14659.322659617,1008.966763,10862,57.915,2.896,649.324,1645.332,42.969,15,0,12288,S (sleeping)
2026-07-31T12:57:20.307001+00:00,14659.823377226,1009.467481,10862,61.911,3.096,649.324,1645.332,42.969,15,0,4096,S (sleeping)
2026-07-31T12:57:20.807733+00:00,14660.324113328,1009.968217,10862,59.912,2.996,649.324,1645.332,42.969,15,0,4096,S (sleeping)
2026-07-31T12:57:21.308462+00:00,14660.824841369,1010.468945,10862,59.913,2.996,649.324,1645.332,42.969,15,0,4096,S (sleeping)
2026-07-31T12:57:21.809220+00:00,14661.325578059,1010.969682,10862,59.912,2.996,649.324,1645.332,42.969,15,0,0,S (sleeping)
2026-07-31T12:57:22.309958+00:00,14661.826335127,1011.470439,10862,59.909,2.995,649.324,1645.332,42.969,15,0,0,S (sleeping)
2026-07-31T12:57:22.810704+00:00,14662.327083087,1011.971187,10862,63.904,3.195,649.324,1645.332,42.969,15,0,4096,S (sleeping)
2026-07-31T12:57:23.311435+00:00,14662.827817138,1012.471921,10862,59.912,2.996,649.324,1645.332,42.969,15,0,0,S (sleeping)
2026-07-31T12:57:23.811701+00:00,14663.328081360,1012.972185,10862,59.968,2.998,649.324,1645.332,42.969,15,0,0,S (sleeping)
2026-07-31T12:57:24.312430+00:00,14663.828811550,1013.472915,10862,63.907,3.195,649.324,1645.332,42.969,15,0,0,S (sleeping)
2026-07-31T12:57:24.813160+00:00,14664.329534906,1013.973638,10862,55.919,2.796,649.324,1645.332,42.969,15,0,4096,S (sleeping)
2026-07-31T12:57:25.313913+00:00,14664.830283024,1014.474387,10862,61.907,3.095,649.324,1645.332,42.969,15,0,12288,S (sleeping)
2026-07-31T12:57:25.814642+00:00,14665.331019071,1014.975123,10862,63.906,3.195,649.324,1645.332,42.969,15,0,0,S (sleeping)
2026-07-31T12:57:26.315370+00:00,14665.831751629,1015.475855,10862,57.915,2.896,649.324,1645.332,42.969,15,0,4096,S (sleeping)
2026-07-31T12:57:26.816092+00:00,14666.332475553,1015.976579,10862,63.907,3.195,649.324,1645.332,42.969,15,0,0,S (sleeping)
2026-07-31T12:57:27.316809+00:00,14666.833191188,1016.477295,10862,59.914,2.996,649.324,1645.332,42.969,15,0,0,S (sleeping)
2026-07-31T12:57:27.817547+00:00,14667.333923856,1016.978027,10862,59.912,2.996,649.324,1645.332,42.969,15,0,0,S (sleeping)
2026-07-31T12:57:28.318278+00:00,14667.834656872,1017.478760,10862,63.906,3.195,649.324,1645.332,42.969,15,0,4096,S (sleeping)
2026-07-31T12:57:28.819003+00:00,14668.335378383,1017.979482,10862,57.916,2.896,649.324,1645.332,42.969,15,0,0,S (sleeping)
2026-07-31T12:57:29.319770+00:00,14668.836119584,1018.480223,10862,77.885,3.894,678.230,1683.418,42.969,15,0,0,S (sleeping)
2026-07-31T12:57:29.820520+00:00,14669.336898475,1018.981002,10862,57.910,2.895,678.230,1683.418,42.969,15,0,12288,S (sleeping)
2026-07-31T12:57:30.320856+00:00,14669.837239278,1019.481343,10862,57.960,2.898,678.230,1683.418,42.969,15,0,0,S (sleeping)
2026-07-31T12:57:30.821504+00:00,14670.337872044,1019.981976,10862,57.927,2.896,678.230,1683.418,42.969,15,0,0,S (sleeping)
2026-07-31T12:57:31.321754+00:00,14670.838138077,1020.482242,10862,55.970,2.799,678.230,1683.418,42.969,15,0,4096,S (sleeping)
2026-07-31T12:57:31.822461+00:00,14671.338844045,1020.982948,10862,59.915,2.996,678.230,1683.418,42.969,15,0,0,S (sleeping)
2026-07-31T12:57:32.323227+00:00,14671.839573590,1021.483677,10862,61.910,3.095,678.230,1683.418,42.969,15,0,0,S (sleeping)
2026-07-31T12:57:32.823964+00:00,14672.340333309,1021.984437,10862,61.906,3.095,678.230,1683.418,42.969,15,0,0,S (sleeping)
2026-07-31T12:57:33.323314+00:00,14672.840902168,1022.485006,10862,59.932,2.997,678.230,1683.418,42.969,15,0,4096,S (sleeping)
2026-07-31T12:57:33.824037+00:00,14673.341629099,1022.985733,10862,57.916,2.896,678.230,1683.418,42.969,15,0,0,S (sleeping)
2026-07-31T12:57:34.324761+00:00,14673.842357459,1023.486461,10862,61.910,3.095,678.230,1683.418,42.969,15,0,0,S (sleeping)
2026-07-31T12:57:34.825125+00:00,14674.342723320,1023.986827,10862,61.955,3.098,678.230,1683.418,42.969,15,0,4096,S (sleeping)
2026-07-31T12:57:35.325844+00:00,14674.843441326,1024.487545,10862,59.914,2.996,678.230,1683.418,42.969,15,0,8192,S (sleeping)
2026-07-31T12:57:35.826581+00:00,14675.344175004,1024.988279,10862,61.909,3.095,678.230,1683.418,42.969,15,0,4096,S (sleeping)
2026-07-31T12:57:36.327304+00:00,14675.844900474,1025.489004,10862,65.904,3.295,678.230,1683.418,42.969,15,0,4096,S (sleeping)
2026-07-31T12:57:36.828031+00:00,14676.345622001,1025.989726,10862,59.914,2.996,678.230,1683.418,42.969,15,0,0,S (sleeping)
2026-07-31T12:57:37.328608+00:00,14676.846189794,1026.490293,10862,61.930,3.096,678.230,1683.418,42.969,15,0,0,S (sleeping)
2026-07-31T12:57:37.829340+00:00,14677.346936288,1026.991040,10862,57.914,2.896,678.230,1683.418,42.969,15,0,0,S (sleeping)
2026-07-31T12:57:38.330071+00:00,14677.847665051,1027.491769,10862,61.910,3.095,678.230,1683.418,42.969,15,0,4096,S (sleeping)
2026-07-31T12:57:38.830815+00:00,14678.348405757,1027.992509,10862,57.914,2.896,678.230,1683.418,42.969,15,0,0,S (sleeping)
2026-07-31T12:57:39.331553+00:00,14678.849147968,1028.493251,10862,59.911,2.996,678.230,1683.418,42.969,15,0,0,S (sleeping)
2026-07-31T12:57:39.831787+00:00,14679.349381102,1028.993485,10862,59.972,2.999,678.230,1683.418,42.969,15,0,16384,S (sleeping)
2026-07-31T12:57:40.332530+00:00,14679.850122370,1029.494226,10862,63.905,3.195,678.230,1683.418,42.969,15,0,0,S (sleeping)
2026-07-31T12:57:40.833281+00:00,14680.350862303,1029.994966,10862,55.917,2.796,678.230,1683.418,42.969,15,0,0,S (sleeping)
2026-07-31T12:57:41.334020+00:00,14680.851609968,1030.495713,10862,61.907,3.095,678.230,1683.418,42.969,15,0,4096,S (sleeping)
2026-07-31T12:57:41.834750+00:00,14681.352342787,1030.996446,10862,59.912,2.996,678.230,1683.418,42.969,15,0,0,S (sleeping)
2026-07-31T12:57:42.335485+00:00,14681.853070705,1031.497174,10862,61.910,3.095,678.230,1683.418,42.969,15,0,0,S (sleeping)
2026-07-31T12:57:42.836247+00:00,14682.353828176,1031.997932,10862,67.897,3.395,678.230,1683.418,42.969,15,0,0,S (sleeping)
2026-07-31T12:57:43.337004+00:00,14682.854591566,1032.498695,10862,57.912,2.896,678.230,1683.418,42.969,15,0,4096,S (sleeping)
2026-07-31T12:57:43.837733+00:00,14683.355328622,1032.999432,10862,61.909,3.095,678.230,1683.418,42.969,15,0,0,S (sleeping)
2026-07-31T12:57:44.338510+00:00,14683.856085481,1033.500189,10862,57.912,2.896,678.230,1683.418,42.969,15,0,0,S (sleeping)
2026-07-31T12:57:44.839267+00:00,14684.356863074,1034.000967,10862,63.901,3.195,678.230,1683.418,42.969,15,0,4096,S (sleeping)
2026-07-31T12:57:45.339995+00:00,14684.857591348,1034.501695,10862,61.910,3.095,678.230,1683.418,42.969,15,0,8192,S (sleeping)
2026-07-31T12:57:45.840729+00:00,14685.358324914,1035.002428,10862,59.912,2.996,678.230,1683.418,42.969,15,0,0,S (sleeping)
2026-07-31T12:57:46.341467+00:00,14685.859058855,1035.503162,10862,61.909,3.095,678.230,1683.418,42.969,15,0,4096,S (sleeping)
2026-07-31T12:57:46.842196+00:00,14686.359789165,1036.003893,10862,59.912,2.996,678.230,1683.418,42.969,15,0,0,S (sleeping)
2026-07-31T12:57:47.342915+00:00,14686.860514142,1036.504618,10862,61.910,3.096,678.230,1683.418,42.969,15,0,0,S (sleeping)
2026-07-31T12:57:47.843711+00:00,14687.361246237,1037.005350,10862,63.906,3.195,678.230,1683.418,42.969,15,0,0,S (sleeping)
2026-07-31T12:57:48.344482+00:00,14687.862068628,1037.506172,10862,59.901,2.995,678.230,1683.418,42.969,15,0,4096,S (sleeping)
2026-07-31T12:57:48.845218+00:00,14688.362812813,1038.006916,10862,67.899,3.395,678.230,1683.418,42.969,15,0,0,S (sleeping)
2026-07-31T12:57:49.345967+00:00,14688.863560978,1038.507664,10862,57.913,2.896,678.230,1683.418,42.969,15,0,0,S (sleeping)
2026-07-31T12:57:49.846692+00:00,14689.364290432,1039.008394,10862,57.916,2.896,678.230,1683.418,42.969,15,0,12288,S (sleeping)
2026-07-31T12:57:50.347425+00:00,14689.865018162,1039.509122,10862,63.907,3.195,678.230,1683.418,42.969,15,0,4096,S (sleeping)
2026-07-31T12:57:50.847698+00:00,14690.365287484,1040.009391,10862,61.967,3.098,678.230,1683.418,42.969,15,0,4096,S (sleeping)
2026-07-31T12:57:51.348463+00:00,14690.866033581,1040.510137,10862,59.911,2.996,678.230,1683.418,42.969,15,0,4096,S (sleeping)
2026-07-31T12:57:51.849238+00:00,14691.366807825,1041.010911,10862,61.904,3.095,678.230,1683.418,42.969,15,0,0,S (sleeping)
2026-07-31T12:57:52.349970+00:00,14691.867549494,1041.511653,10862,69.896,3.495,678.230,1683.418,42.969,15,0,0,S (sleeping)
2026-07-31T12:57:52.850763+00:00,14692.368358739,1042.012462,10862,55.910,2.795,678.230,1683.418,42.969,15,0,0,S (sleeping)
2026-07-31T12:57:53.351498+00:00,14692.869093647,1042.513197,10862,59.912,2.996,678.230,1683.418,42.969,15,0,4096,S (sleeping)
2026-07-31T12:57:53.852239+00:00,14693.369834511,1043.013938,10862,59.911,2.996,678.230,1683.418,42.969,15,0,0,S (sleeping)
2026-07-31T12:57:54.352992+00:00,14693.870575085,1043.514679,10862,61.908,3.095,678.230,1683.418,42.969,15,0,0,S (sleeping)
2026-07-31T12:57:54.853750+00:00,14694.371340647,1044.015444,10862,61.905,3.095,678.230,1683.418,42.969,15,0,4096,S (sleeping)
2026-07-31T12:57:55.354499+00:00,14694.872079200,1044.516183,10862,63.906,3.195,678.230,1683.418,42.969,15,0,12288,S (sleeping)
2026-07-31T12:57:55.855242+00:00,14695.372825684,1045.016929,10862,61.908,3.095,678.230,1683.418,42.969,15,0,0,S (sleeping)
2026-07-31T12:57:56.355988+00:00,14695.873569541,1045.517673,10862,61.908,3.095,678.230,1683.418,42.969,15,0,4096,S (sleeping)
2026-07-31T12:57:56.856718+00:00,14696.374313359,1046.018417,10862,63.905,3.195,678.230,1683.418,42.969,15,0,0,S (sleeping)
2026-07-31T12:57:57.357463+00:00,14696.875045197,1046.519149,10862,65.904,3.295,678.230,1683.418,42.969,15,0,0,S (sleeping)
2026-07-31T12:57:57.858199+00:00,14697.375796460,1047.019900,10862,63.904,3.195,678.230,1683.418,42.969,15,0,0,S (sleeping)
2026-07-31T12:57:58.358981+00:00,14697.876549189,1047.520653,10862,61.907,3.095,678.230,1683.418,42.969,15,0,4096,S (sleeping)
2026-07-31T12:57:58.859588+00:00,14698.377158531,1048.021262,10862,55.932,2.797,678.230,1683.418,42.969,15,0,0,R (running)
2026-07-31T12:57:59.360327+00:00,14698.877923187,1048.522027,10862,57.911,2.896,678.230,1683.418,42.969,15,0,0,S (sleeping)
2026-07-31T12:57:59.861060+00:00,14699.378655693,1049.022759,10862,67.901,3.395,678.230,1683.418,42.969,15,0,12288,S (sleeping)
2026-07-31T12:58:00.361810+00:00,14699.879386369,1049.523490,10862,57.915,2.896,678.230,1683.418,42.969,15,0,0,S (sleeping)
2026-07-31T12:58:00.862567+00:00,14700.380160272,1050.024264,10862,59.907,2.995,678.230,1683.418,42.969,15,0,0,S (sleeping)
2026-07-31T12:58:01.363315+00:00,14700.880909375,1050.525013,10862,57.913,2.896,678.230,1683.418,42.969,15,0,0,S (sleeping)
2026-07-31T12:58:01.864099+00:00,14701.381673172,1051.025777,10862,59.908,2.995,678.230,1683.418,42.969,15,0,4096,S (sleeping)
2026-07-31T12:58:02.364888+00:00,14701.882470680,1051.526574,10862,59.904,2.995,678.230,1683.418,42.969,15,0,0,S (sleeping)
2026-07-31T12:58:02.865623+00:00,14702.383216552,1052.027320,10862,57.914,2.896,678.230,1683.418,42.969,15,0,0,S (sleeping)
2026-07-31T12:58:03.365223+00:00,14702.883953776,1052.528057,10862,73.891,3.695,678.230,1683.418,42.969,15,0,4096,S (sleeping)
2026-07-31T12:58:03.865972+00:00,14703.384699134,1053.028803,10862,57.914,2.896,678.230,1683.418,42.969,15,0,0,S (sleeping)
2026-07-31T12:58:04.366712+00:00,14703.885455299,1053.529559,10862,59.909,2.995,678.230,1683.418,42.969,15,0,0,S (sleeping)
2026-07-31T12:58:04.867450+00:00,14704.386180103,1054.030284,10862,59.913,2.996,678.230,1683.418,42.969,15,0,4096,S (sleeping)
2026-07-31T12:58:05.368194+00:00,14704.886933895,1054.531037,10862,59.910,2.995,678.230,1683.418,42.969,15,0,8192,S (sleeping)
2026-07-31T12:58:05.868922+00:00,14705.387663726,1055.031767,10862,61.910,3.095,678.230,1683.418,42.969,15,0,4096,S (sleeping)
2026-07-31T12:58:06.369651+00:00,14705.888393536,1055.532497,10862,59.913,2.996,678.230,1683.418,42.969,15,0,4096,S (sleeping)
2026-07-31T12:58:06.870382+00:00,14706.389122160,1056.033226,10862,57.916,2.896,678.230,1683.418,42.969,15,0,0,S (sleeping)
2026-07-31T12:58:07.371129+00:00,14706.889866450,1056.533970,10862,61.908,3.095,678.230,1683.418,42.969,15,0,0,S (sleeping)
2026-07-31T12:58:07.871488+00:00,14707.390158524,1057.034262,10862,65.961,3.298,678.230,1683.418,42.969,15,0,0,S (sleeping)
2026-07-31T12:58:08.372239+00:00,14707.890982477,1057.535086,10862,61.898,3.095,678.230,1683.418,42.969,15,0,4096,S (sleeping)
2026-07-31T12:58:08.873120+00:00,14708.391780398,1058.035884,10862,81.869,4.093,678.230,1683.418,42.969,15,0,0,S (sleeping)
2026-07-31T12:58:09.373992+00:00,14708.892711471,1058.536815,10862,55.896,2.795,678.230,1683.418,42.969,15,0,0,S (sleeping)
2026-07-31T12:58:09.874748+00:00,14709.393486148,1059.037590,10862,55.913,2.796,678.230,1683.418,42.969,15,0,16384,S (sleeping)
2026-07-31T12:58:10.375491+00:00,14709.894227086,1059.538331,10862,61.908,3.095,678.230,1683.418,42.969,15,0,0,S (sleeping)
2026-07-31T12:58:10.876233+00:00,14710.394973137,1060.039077,10862,59.911,2.996,678.230,1683.418,42.969,15,0,0,S (sleeping)
2026-07-31T12:58:11.377033+00:00,14710.895738915,1060.539842,10862,53.917,2.696,678.230,1683.418,42.969,15,0,4096,S (sleeping)
2026-07-31T12:58:11.877843+00:00,14711.396558559,1061.040662,10862,63.895,3.195,678.230,1683.418,42.969,15,0,0,R (running)
2026-07-31T12:58:12.378626+00:00,14711.897355635,1061.541459,10862,57.908,2.895,678.230,1683.418,42.969,15,0,0,R (running)
2026-07-31T12:58:12.879366+00:00,14712.398095871,1062.042199,10862,61.908,3.095,678.230,1683.418,42.969,15,0,4096,R (running)
2026-07-31T12:58:13.380109+00:00,14712.898839621,1062.542943,10862,59.911,2.996,678.230,1683.418,42.969,15,0,0,R (running)
2026-07-31T12:58:13.880857+00:00,14713.399585189,1063.043689,10862,59.911,2.996,678.230,1683.418,42.969,15,0,0,R (running)
2026-07-31T12:58:14.381581+00:00,14713.900320191,1063.544424,10862,59.912,2.996,678.230,1683.418,42.969,15,0,0,R (running)
2026-07-31T12:58:14.882315+00:00,14714.401051776,1064.045155,10862,59.912,2.996,678.230,1683.418,42.969,15,0,4096,R (running)
2026-07-31T12:58:15.383070+00:00,14714.901801579,1064.545905,10862,67.898,3.395,678.230,1683.418,42.969,15,0,8192,R (running)
2026-07-31T12:58:15.883912+00:00,14715.402548618,1065.046652,10862,51.922,2.596,678.230,1683.418,42.969,15,0,0,R (running)
2026-07-31T12:58:16.384332+00:00,14715.903067309,1065.547171,10862,53.944,2.697,678.230,1683.418,42.969,15,0,4096,R (running)
2026-07-31T12:58:16.885074+00:00,14716.403812511,1066.047916,10862,55.917,2.796,678.230,1683.418,42.969,15,0,0,R (running)
2026-07-31T12:58:17.385855+00:00,14716.904578219,1066.548682,10862,61.905,3.095,678.230,1683.418,42.969,15,0,0,R (running)
2026-07-31T12:58:17.886599+00:00,14717.405331788,1067.049435,10862,63.904,3.195,678.230,1683.418,42.969,15,0,4096,R (running)
2026-07-31T12:58:18.387333+00:00,14717.906066643,1067.550170,10862,53.921,2.696,678.230,1683.418,42.969,15,0,0,S (sleeping)
2026-07-31T12:58:18.888110+00:00,14718.406823462,1068.050927,10862,57.912,2.896,678.230,1683.418,42.969,15,0,0,R (running)
2026-07-31T12:58:19.388888+00:00,14718.907613559,1068.551717,10862,57.908,2.895,678.230,1683.418,42.969,15,0,0,R (running)
2026-07-31T12:58:19.889619+00:00,14719.408361951,1069.052465,10862,59.910,2.996,678.230,1683.418,42.969,15,0,12288,S (sleeping)
2026-07-31T12:58:20.390339+00:00,14719.909080857,1069.553184,10862,61.911,3.096,678.230,1683.418,42.969,15,0,0,S (sleeping)
2026-07-31T12:58:20.890679+00:00,14720.409414361,1070.053518,10862,55.963,2.798,678.230,1683.418,42.969,15,0,4096,S (sleeping)
2026-07-31T12:58:21.391119+00:00,14720.909862885,1070.553966,10862,55.950,2.797,678.230,1683.418,42.969,15,0,4096,S (sleeping)
2026-07-31T12:58:21.891852+00:00,14721.410579122,1071.054683,10862,57.917,2.896,678.230,1683.418,42.969,15,0,0,S (sleeping)
2026-07-31T12:58:22.392590+00:00,14721.911317340,1071.555421,10862,57.914,2.896,678.230,1683.418,42.969,15,0,0,S (sleeping)
2026-07-31T12:58:22.893671+00:00,14722.412205718,1072.056309,10862,59.894,2.995,678.230,1683.418,42.969,15,0,4096,S (sleeping)
2026-07-31T12:58:23.394429+00:00,14722.913148066,1072.557252,10862,65.876,3.294,678.230,1683.418,42.969,15,0,0,S (sleeping)
2026-07-31T12:58:23.895167+00:00,14723.413896025,1073.058000,10862,57.913,2.896,678.230,1683.418,42.969,15,0,0,S (sleeping)
2026-07-31T12:58:24.395897+00:00,14723.914639584,1073.558743,10862,63.905,3.195,678.230,1683.418,42.969,15,0,0,S (sleeping)
2026-07-31T12:58:24.896651+00:00,14724.415389289,1074.059493,10862,59.910,2.996,678.230,1683.418,42.969,15,0,16384,S (sleeping)
2026-07-31T12:58:25.397396+00:00,14724.916138811,1074.560242,10862,59.910,2.996,678.230,1683.418,42.969,15,0,0,S (sleeping)
2026-07-31T12:58:25.898118+00:00,14725.416860756,1075.060964,10862,59.913,2.996,678.230,1683.418,42.969,15,0,0,S (sleeping)
2026-07-31T12:58:26.398879+00:00,14725.917603568,1075.561707,10862,59.911,2.996,678.230,1683.418,42.969,15,0,4096,S (sleeping)
2026-07-31T12:58:26.899608+00:00,14726.418351193,1076.062455,10862,59.910,2.996,678.230,1683.418,42.969,15,0,0,S (sleeping)
2026-07-31T12:58:27.400343+00:00,14726.919082233,1076.563186,10862,59.912,2.996,678.230,1683.418,42.969,15,0,0,S (sleeping)
2026-07-31T12:58:27.901076+00:00,14727.419817712,1077.063921,10862,59.912,2.996,678.230,1683.418,42.969,15,0,4096,S (sleeping)
2026-07-31T12:58:28.401817+00:00,14727.920550021,1077.564654,10862,55.918,2.796,678.230,1683.418,42.969,15,0,0,S (sleeping)
2026-07-31T12:58:28.902552+00:00,14728.421280037,1078.065384,10862,57.915,2.896,678.230,1683.418,42.969,15,0,0,S (sleeping)
2026-07-31T12:58:29.403298+00:00,14728.922027290,1078.566131,10862,57.913,2.896,678.230,1683.418,42.969,15,0,0,S (sleeping)
2026-07-31T12:58:29.904142+00:00,14729.422805043,1079.066909,10862,57.910,2.895,678.230,1683.418,42.969,15,0,12288,S (sleeping)
2026-07-31T12:58:30.404933+00:00,14729.923659231,1079.567763,10862,61.894,3.095,678.230,1683.418,42.969,15,0,4096,S (sleeping)
2026-07-31T12:58:30.905708+00:00,14730.424441611,1080.068545,10862,59.906,2.995,678.230,1683.418,42.969,15,0,0,S (sleeping)
2026-07-31T12:58:31.406458+00:00,14730.925195410,1080.569299,10862,67.898,3.395,678.230,1683.418,42.969,15,0,4096,S (sleeping)
2026-07-31T12:58:31.907193+00:00,14731.425937417,1081.070041,10862,57.914,2.896,678.230,1683.418,42.969,15,0,0,S (sleeping)
2026-07-31T12:58:32.407963+00:00,14731.926672196,1081.570776,10862,79.883,3.994,678.230,1683.418,42.969,15,0,0,S (sleeping)
2026-07-31T12:58:32.908736+00:00,14732.427451402,1082.071555,10862,53.916,2.696,678.230,1683.418,42.969,15,0,4096,S (sleeping)
2026-07-31T12:58:33.408156+00:00,14732.928237967,1082.572341,10862,59.906,2.995,678.230,1683.418,42.969,15,0,0,S (sleeping)
2026-07-31T12:58:33.908886+00:00,14733.428976304,1083.073080,10862,57.914,2.896,678.230,1683.418,42.969,15,0,0,S (sleeping)
2026-07-31T12:58:34.409615+00:00,14733.929700686,1083.573804,10862,57.916,2.896,678.230,1683.418,42.969,15,0,0,S (sleeping)
2026-07-31T12:58:34.910359+00:00,14734.430439656,1084.074543,10862,55.917,2.796,678.230,1683.418,42.969,15,0,12288,S (sleeping)
2026-07-31T12:58:35.411107+00:00,14734.931178107,1084.575282,10862,61.909,3.095,678.230,1683.418,42.969,15,0,0,S (sleeping)
2026-07-31T12:58:35.911875+00:00,14735.431926295,1085.076030,10862,57.913,2.896,678.230,1683.418,42.969,15,0,0,S (sleeping)
2026-07-31T12:58:36.412766+00:00,14735.932767394,1085.576871,10862,59.899,2.995,678.230,1683.418,42.969,15,0,8192,S (sleeping)
2026-07-31T12:58:36.913592+00:00,14736.433672687,1086.077776,10862,59.892,2.995,678.230,1683.418,42.969,15,0,0,S (sleeping)
2026-07-31T12:58:37.414338+00:00,14736.934419559,1086.578523,10862,55.916,2.796,678.230,1683.418,42.969,15,0,0,S (sleeping)
2026-07-31T12:58:37.915062+00:00,14737.435152092,1087.079256,10862,55.918,2.796,678.230,1683.418,42.969,15,0,4096,S (sleeping)
2026-07-31T12:58:38.415813+00:00,14737.935875787,1087.579979,10862,59.913,2.996,678.230,1683.418,42.969,15,0,0,S (sleeping)
2026-07-31T12:58:38.916539+00:00,14738.436628492,1088.080732,10862,57.913,2.896,678.230,1683.418,42.969,15,0,0,S (sleeping)
2026-07-31T12:58:39.417273+00:00,14738.937349184,1088.581453,10862,59.914,2.996,678.230,1683.418,42.969,15,0,0,S (sleeping)
2026-07-31T12:58:39.918056+00:00,14739.438118402,1089.082222,10862,55.914,2.796,678.230,1683.418,42.969,15,0,16384,S (sleeping)
2026-07-31T12:58:40.418835+00:00,14739.938909625,1089.583013,10862,57.908,2.895,678.230,1683.418,42.969,15,0,0,R (running)
2026-07-31T12:58:40.919564+00:00,14740.439653217,1090.083757,10862,59.911,2.996,678.230,1683.418,42.969,15,0,0,S (sleeping)
2026-07-31T12:58:41.420320+00:00,14740.940396835,1090.584500,10862,57.914,2.896,678.230,1683.418,42.969,15,0,4096,S (sleeping)
2026-07-31T12:58:41.921069+00:00,14741.441158276,1091.085262,10862,57.912,2.896,678.230,1683.418,42.969,15,0,0,S (sleeping)
2026-07-31T12:58:42.421821+00:00,14741.941907087,1091.586011,10862,53.919,2.696,678.230,1683.418,42.969,15,0,0,S (sleeping)
2026-07-31T12:58:42.922577+00:00,14742.442656883,1092.086760,10862,59.910,2.996,678.230,1683.418,42.969,15,0,4096,S (sleeping)
2026-07-31T12:58:43.423313+00:00,14742.943396324,1092.587500,10862,53.920,2.696,678.230,1683.418,42.969,15,0,0,S (sleeping)
2026-07-31T12:58:43.924054+00:00,14743.444132352,1093.088236,10862,55.918,2.796,678.230,1683.418,42.969,15,0,0,S (sleeping)
2026-07-31T12:58:44.424787+00:00,14743.944874879,1093.588978,10862,53.920,2.696,678.230,1683.418,42.969,15,0,0,S (sleeping)
2026-07-31T12:58:44.925516+00:00,14744.445599058,1094.089703,10862,57.916,2.896,678.230,1683.418,42.969,15,0,12288,S (sleeping)
2026-07-31T12:58:45.425907+00:00,14744.945997713,1094.590101,10862,55.955,2.798,678.230,1683.418,42.969,15,0,0,S (sleeping)
2026-07-31T12:58:45.926666+00:00,14745.446741734,1095.090845,10862,59.911,2.996,678.230,1683.418,42.969,15,0,0,S (sleeping)
2026-07-31T12:58:46.427394+00:00,14745.947480427,1095.591584,10862,51.923,2.596,678.230,1683.418,42.969,15,0,4096,S (sleeping)
2026-07-31T12:58:46.928136+00:00,14746.448215556,1096.092319,10862,57.915,2.896,678.230,1683.418,42.969,15,0,0,S (sleeping)
2026-07-31T12:58:47.428861+00:00,14746.948944471,1096.593048,10862,49.927,2.496,678.230,1683.418,42.969,15,0,0,S (sleeping)
2026-07-31T12:58:47.929611+00:00,14747.449696146,1097.093800,10862,57.913,2.896,678.230,1683.418,42.969,15,0,4096,S (sleeping)
2026-07-31T12:58:48.430338+00:00,14747.950420937,1097.594524,10862,51.925,2.596,678.230,1683.418,42.969,15,0,0,S (sleeping)
2026-07-31T12:58:48.931079+00:00,14748.451162515,1098.095266,10862,69.896,3.495,678.230,1683.418,42.969,15,0,0,S (sleeping)
2026-07-31T12:58:49.431792+00:00,14748.951885064,1098.595989,10862,51.925,2.596,678.230,1683.418,42.969,15,0,0,S (sleeping)
2026-07-31T12:58:49.932531+00:00,14749.452616698,1099.096720,10862,55.918,2.796,678.230,1683.418,42.969,15,0,12288,S (sleeping)
2026-07-31T12:58:50.433504+00:00,14749.953584075,1099.597688,10862,55.892,2.795,678.230,1683.418,42.969,15,0,0,S (sleeping)
2026-07-31T12:58:50.934242+00:00,14750.454328780,1100.098432,10862,53.920,2.696,678.230,1683.418,42.969,15,0,0,R (running)
2026-07-31T12:58:51.434962+00:00,14750.955050521,1100.599154,10862,55.919,2.796,678.230,1683.418,42.969,15,0,8192,S (sleeping)
2026-07-31T12:58:51.935678+00:00,14751.455768793,1101.099872,10862,53.923,2.696,678.230,1683.418,42.969,15,0,0,S (sleeping)
2026-07-31T12:58:52.436003+00:00,14751.956077550,1101.600181,10862,53.967,2.698,678.230,1683.418,42.969,15,0,0,S (sleeping)
2026-07-31T12:58:52.936729+00:00,14752.456816488,1102.100920,10862,51.923,2.596,678.230,1683.418,42.969,15,0,4096,S (sleeping)
2026-07-31T12:58:53.437473+00:00,14752.957552324,1102.601656,10862,55.918,2.796,678.230,1683.418,42.969,15,0,0,S (sleeping)
2026-07-31T12:58:53.938264+00:00,14753.458332060,1103.102436,10862,49.922,2.496,678.230,1683.418,42.969,15,0,0,S (sleeping)
2026-07-31T12:58:54.438995+00:00,14753.959085497,1103.603189,10862,53.919,2.696,678.230,1683.418,42.969,15,0,0,S (sleeping)
2026-07-31T12:58:54.939714+00:00,14754.459804174,1104.103908,10862,51.925,2.596,678.230,1683.418,42.969,15,0,4096,S (sleeping)
2026-07-31T12:58:55.439982+00:00,14754.960072669,1104.604176,10862,53.971,2.699,678.230,1683.418,42.969,15,0,12288,S (sleeping)
2026-07-31T12:58:55.940700+00:00,14755.460788974,1105.104892,10862,53.923,2.696,678.230,1683.418,42.969,15,0,0,S (sleeping)
2026-07-31T12:58:56.441420+00:00,14755.961511691,1105.605615,10862,57.916,2.896,678.230,1683.418,42.969,15,0,4096,S (sleeping)
2026-07-31T12:58:56.942210+00:00,14756.462295229,1106.106399,10862,55.912,2.796,678.230,1683.418,42.969,15,0,0,S (sleeping)
2026-07-31T12:58:57.442937+00:00,14756.963021671,1106.607125,10862,53.922,2.696,678.230,1683.418,42.969,15,0,0,S (sleeping)
2026-07-31T12:58:57.943711+00:00,14757.463773573,1107.107877,10862,55.916,2.796,678.230,1683.418,42.969,15,0,4096,S (sleeping)
2026-07-31T12:58:58.443988+00:00,14757.964078375,1107.608182,10862,57.965,2.898,678.230,1683.418,42.969,15,0,0,S (sleeping)
2026-07-31T12:58:58.944709+00:00,14758.464799368,1108.108903,10862,55.919,2.796,678.230,1683.418,42.969,15,0,0,S (sleeping)
2026-07-31T12:58:59.445432+00:00,14758.965521350,1108.609625,10862,57.916,2.896,678.230,1683.418,42.969,15,0,0,S (sleeping)
2026-07-31T12:58:59.946168+00:00,14759.466251034,1109.110355,10862,61.910,3.095,678.230,1683.418,42.969,15,0,12288,S (sleeping)
2026-07-31T12:59:00.446885+00:00,14759.966975611,1109.611079,10862,51.925,2.596,678.230,1683.418,42.969,15,0,0,S (sleeping)
2026-07-31T12:59:00.947615+00:00,14760.467696561,1110.111800,10862,53.922,2.696,678.230,1683.418,42.969,15,0,0,S (sleeping)
2026-07-31T12:59:01.447977+00:00,14760.968070533,1110.612174,10862,51.961,2.598,678.230,1683.418,42.969,15,0,4096,S (sleeping)
2026-07-31T12:59:01.948729+00:00,14761.468817342,1111.112921,10862,55.916,2.796,678.230,1683.418,42.969,15,0,0,S (sleeping)
2026-07-31T12:59:02.449492+00:00,14761.969571650,1111.613675,10862,53.919,2.696,678.230,1683.418,42.969,15,0,0,S (sleeping)
2026-07-31T12:59:02.950214+00:00,14762.470303606,1112.114407,10862,57.915,2.896,678.230,1683.418,42.969,15,0,4096,S (sleeping)
2026-07-31T12:59:03.449506+00:00,14762.971020255,1112.615124,10862,57.917,2.896,678.230,1683.418,42.969,15,0,0,S (sleeping)
2026-07-31T12:59:03.949920+00:00,14763.471356685,1113.115460,10862,57.961,2.898,678.230,1683.418,42.969,15,0,0,S (sleeping)
2026-07-31T12:59:04.450606+00:00,14763.972087634,1113.616191,10862,53.921,2.696,678.230,1683.418,42.969,15,0,0,S (sleeping)
2026-07-31T12:59:04.951382+00:00,14764.472861604,1114.116965,10862,57.910,2.896,678.230,1683.418,42.969,15,0,4096,S (sleeping)
2026-07-31T12:59:05.452200+00:00,14764.973656853,1114.617760,10862,53.914,2.696,678.230,1683.418,42.969,15,0,8192,S (sleeping)
2026-07-31T12:59:05.952967+00:00,14765.474479034,1115.118583,10862,55.908,2.795,678.230,1683.418,42.969,15,0,0,S (sleeping)
2026-07-31T12:59:06.453686+00:00,14765.975196481,1115.619300,10862,53.923,2.696,678.230,1683.418,42.969,15,0,8192,R (running)
2026-07-31T12:59:06.954474+00:00,14766.475922653,1116.120026,10862,59.913,2.996,678.230,1683.418,42.969,15,0,0,S (sleeping)
2026-07-31T12:59:07.455228+00:00,14766.976735647,1116.620839,10862,49.919,2.496,678.230,1683.418,42.969,15,0,0,S (sleeping)
2026-07-31T12:59:07.956003+00:00,14767.477487311,1117.121591,10862,55.916,2.796,678.230,1683.418,42.969,15,0,4096,R (running)
2026-07-31T12:59:08.456765+00:00,14767.978254153,1117.622358,10862,51.920,2.596,678.230,1683.418,42.969,15,0,0,R (running)
2026-07-31T12:59:08.957538+00:00,14768.479034220,1118.123138,10862,55.913,2.796,678.230,1683.418,42.969,15,0,0,S (sleeping)
2026-07-31T12:59:09.458272+00:00,14768.979779935,1118.623883,10862,69.896,3.495,678.230,1683.418,42.969,15,0,0,S (sleeping)
2026-07-31T12:59:09.959001+00:00,14769.480510125,1119.124614,10862,75.889,3.794,678.230,1683.418,42.969,15,0,16384,S (sleeping)
2026-07-31T12:59:10.459741+00:00,14769.981234281,1119.625338,10862,53.922,2.696,678.230,1683.418,42.969,15,0,4096,S (sleeping)
2026-07-31T12:59:10.960521+00:00,14770.482032236,1120.126136,10862,53.914,2.696,678.230,1683.418,42.969,15,0,0,S (sleeping)
2026-07-31T12:59:11.461254+00:00,14770.982762811,1120.626866,10862,57.915,2.896,678.230,1683.418,42.969,15,0,4096,R (running)
2026-07-31T12:59:11.962001+00:00,14771.483501455,1121.127605,10862,53.920,2.696,678.230,1683.418,42.969,15,0,0,R (running)
2026-07-31T12:59:12.462735+00:00,14771.984245820,1121.628349,10862,53.920,2.696,678.230,1683.418,42.969,15,0,0,R (running)
2026-07-31T12:59:12.962994+00:00,14772.484503479,1122.128607,10862,55.971,2.799,678.230,1683.418,42.969,15,0,4096,S (sleeping)
2026-07-31T12:59:13.463401+00:00,14772.984881829,1122.628985,10862,55.958,2.798,678.230,1683.418,42.969,15,0,0,S (sleeping)
2026-07-31T12:59:13.964384+00:00,14773.485635099,1123.129739,10862,55.916,2.796,678.230,1683.418,42.969,15,0,0,S (sleeping)
2026-07-31T12:59:14.465116+00:00,14773.986627186,1123.630731,10862,57.885,2.894,678.230,1683.418,42.969,15,0,0,S (sleeping)
2026-07-31T12:59:14.965928+00:00,14774.487417670,1124.131521,10862,61.902,3.095,678.230,1683.418,42.969,15,0,4096,S (sleeping)
2026-07-31T12:59:15.466663+00:00,14774.988173701,1124.632277,10862,49.925,2.496,678.230,1683.418,42.969,15,0,8192,S (sleeping)
2026-07-31T12:59:15.967466+00:00,14775.488938095,1125.133042,10862,51.921,2.596,678.230,1683.418,42.969,15,0,0,S (sleeping)
2026-07-31T12:59:16.468299+00:00,14775.989794023,1125.633898,10862,45.921,2.296,678.230,1683.418,42.969,15,0,4096,S (sleeping)
2026-07-31T12:59:16.969049+00:00,14776.490554574,1126.134658,10862,49.924,2.496,678.230,1683.418,42.969,15,0,0,S (sleeping)
2026-07-31T12:59:17.469780+00:00,14776.991288436,1126.635392,10862,45.933,2.297,678.230,1683.418,42.969,15,0,0,S (sleeping)
2026-07-31T12:59:17.970548+00:00,14777.492046818,1127.136150,10862,53.918,2.696,678.230,1683.418,42.969,15,0,4096,S (sleeping)
2026-07-31T12:59:18.471326+00:00,14777.992839976,1127.636943,10862,51.918,2.596,678.230,1683.418,42.969,15,0,0,S (sleeping)
2026-07-31T12:59:18.972079+00:00,14778.493573853,1128.137677,10862,49.927,2.496,678.230,1683.418,42.969,15,0,0,S (sleeping)
2026-07-31T12:59:19.472837+00:00,14778.994336005,1128.638440,10862,45.930,2.296,678.230,1683.418,42.969,15,0,0,S (sleeping)
2026-07-31T12:59:19.973575+00:00,14779.495073748,1129.139177,10862,45.932,2.297,678.230,1683.418,42.969,15,0,12288,S (sleeping)
2026-07-31T12:59:20.474302+00:00,14779.995811339,1129.639915,10862,57.915,2.896,678.230,1683.418,42.969,15,0,0,S (sleeping)
2026-07-31T12:59:20.975036+00:00,14780.496543045,1130.140647,10862,47.930,2.396,678.230,1683.418,42.969,15,0,0,S (sleeping)
2026-07-31T12:59:21.475765+00:00,14780.997275919,1130.641379,10862,57.915,2.896,678.230,1683.418,42.969,15,0,8192,S (sleeping)
2026-07-31T12:59:21.976501+00:00,14781.498005933,1131.142109,10862,37.945,1.897,678.230,1683.418,42.969,15,0,0,S (sleeping)
2026-07-31T12:59:22.477243+00:00,14781.998740489,1131.642844,10862,47.930,2.396,678.230,1683.418,42.969,15,0,0,R (running)
2026-07-31T12:59:22.978051+00:00,14782.499499176,1132.143603,10862,49.924,2.496,678.230,1683.418,42.969,15,0,0,R (running)
2026-07-31T12:59:23.478822+00:00,14783.000320390,1132.644424,10862,59.902,2.995,678.230,1683.418,42.969,15,0,4096,R (running)
2026-07-31T12:59:23.979574+00:00,14783.501063115,1133.145167,10862,49.926,2.496,678.230,1683.418,42.969,15,0,0,R (running)
2026-07-31T12:59:24.480313+00:00,14784.001813324,1133.645917,10862,51.922,2.596,678.230,1683.418,42.969,15,0,0,R (running)
2026-07-31T12:59:24.981045+00:00,14784.502554321,1134.146658,10862,51.923,2.596,678.230,1683.418,42.969,15,0,4096,R (running)
2026-07-31T12:59:25.481781+00:00,14785.003278135,1134.647382,10862,51.925,2.596,678.230,1683.418,42.969,15,0,12288,R (running)
2026-07-31T12:59:25.982123+00:00,14785.503631610,1135.147735,10862,51.963,2.598,678.230,1683.418,42.969,15,0,0,R (running)
2026-07-31T12:59:26.483051+00:00,14786.004482821,1135.648586,10862,47.918,2.396,678.543,1683.418,42.969,15,0,4096,R (running)
2026-07-31T12:59:26.983815+00:00,14786.505310907,1136.149414,10862,51.914,2.596,678.543,1683.418,42.969,15,0,0,R (running)
2026-07-31T12:59:27.484568+00:00,14787.006064352,1136.650168,10862,51.922,2.596,678.543,1683.418,42.969,15,0,0,S (sleeping)
2026-07-31T12:59:27.985298+00:00,14787.506810583,1137.150914,10862,45.931,2.297,678.543,1683.418,42.969,15,0,4096,S (sleeping)
2026-07-31T12:59:28.486071+00:00,14788.007581737,1137.651685,10862,45.929,2.296,678.543,1683.418,42.969,15,0,0,R (running)
2026-07-31T12:59:28.986800+00:00,14788.508311291,1138.152415,10862,49.927,2.496,678.543,1683.418,42.969,15,0,0,S (sleeping)
2026-07-31T12:59:29.487662+00:00,14789.009039893,1138.653143,10862,51.924,2.596,678.543,1683.418,42.969,15,0,0,S (sleeping)
2026-07-31T12:59:29.988543+00:00,14789.509964512,1139.154068,10862,51.904,2.595,678.543,1683.418,42.969,15,0,12288,R (running)
2026-07-31T12:59:30.489373+00:00,14790.010884850,1139.654988,10862,53.901,2.695,678.543,1683.418,42.969,15,0,0,S (sleeping)
2026-07-31T12:59:30.990113+00:00,14790.511623157,1140.155727,10862,55.917,2.796,678.543,1683.418,42.969,15,0,0,S (sleeping)
2026-07-31T12:59:31.490836+00:00,14791.012348511,1140.656452,10862,39.942,1.997,678.543,1683.418,42.969,15,0,4096,S (sleeping)
2026-07-31T12:59:31.991590+00:00,14791.513092410,1141.157196,10862,49.926,2.496,678.543,1683.418,42.969,15,0,0,S (sleeping)
2026-07-31T12:59:32.492327+00:00,14792.013836646,1141.657940,10862,49.926,2.496,678.543,1683.418,42.969,15,0,0,S (sleeping)
2026-07-31T12:59:32.993077+00:00,14792.514579105,1142.158683,10862,51.923,2.596,678.543,1683.418,42.969,15,0,0,S (sleeping)
2026-07-31T12:59:33.492486+00:00,14793.015339215,1142.659443,10862,43.933,2.197,678.543,1683.418,42.969,15,0,4096,S (sleeping)
2026-07-31T12:59:33.993221+00:00,14793.516082051,1143.160186,10862,51.923,2.596,678.543,1683.418,42.969,15,0,0,S (sleeping)
2026-07-31T12:59:34.493969+00:00,14794.016824879,1143.660928,10862,53.920,2.696,678.543,1683.418,42.969,15,0,0,S (sleeping)
2026-07-31T12:59:34.994699+00:00,14794.517564298,1144.161668,10862,45.932,2.297,678.543,1683.418,42.969,15,0,12288,S (sleeping)
2026-07-31T12:59:35.495564+00:00,14795.018368936,1144.662472,10862,47.923,2.396,678.543,1683.418,42.969,15,0,0,S (sleeping)
2026-07-31T12:59:35.996390+00:00,14795.519235351,1145.163339,10862,49.914,2.496,678.543,1683.418,42.969,15,0,0,S (sleeping)
2026-07-31T12:59:36.497175+00:00,14796.020031817,1145.664135,10862,43.930,2.197,678.543,1683.418,42.969,15,0,8192,S (sleeping)
2026-07-31T12:59:36.997923+00:00,14796.520787293,1146.164891,10862,49.925,2.496,678.543,1683.418,42.969,15,0,0,S (sleeping)
2026-07-31T12:59:37.498654+00:00,14797.021518501,1146.665622,10862,47.930,2.396,678.543,1683.418,42.969,15,0,0,S (sleeping)
2026-07-31T12:59:37.999400+00:00,14797.522248079,1147.166352,10862,47.930,2.397,678.543,1683.418,42.969,15,0,0,S (sleeping)
2026-07-31T12:59:38.500151+00:00,14798.023011772,1147.667115,10862,45.930,2.296,678.543,1683.418,42.969,15,0,4096,S (sleeping)
2026-07-31T12:59:39.000928+00:00,14798.523776502,1148.167880,10862,49.924,2.496,678.543,1683.418,42.969,15,0,0,S (sleeping)
2026-07-31T12:59:39.501691+00:00,14799.024544402,1148.668648,10862,47.926,2.396,678.543,1683.418,42.969,15,0,0,S (sleeping)
2026-07-31T12:59:40.002466+00:00,14799.525312113,1149.169416,10862,45.929,2.296,678.543,1683.418,42.969,15,0,16384,S (sleeping)
2026-07-31T12:59:40.503208+00:00,14800.026069780,1149.670173,10862,49.924,2.496,678.543,1683.418,42.969,15,0,0,S (sleeping)
2026-07-31T12:59:41.003944+00:00,14800.526806534,1150.170910,10862,47.929,2.396,678.543,1683.418,42.969,15,0,0,S (sleeping)
2026-07-31T12:59:41.504681+00:00,14801.027533907,1150.671637,10862,49.927,2.496,678.543,1683.418,42.969,15,0,0,S (sleeping)
2026-07-31T12:59:42.005408+00:00,14801.528272239,1151.172376,10862,47.929,2.396,678.543,1683.418,42.969,15,0,4096,S (sleeping)
2026-07-31T12:59:42.506148+00:00,14802.028999509,1151.673103,10862,49.927,2.496,678.543,1683.418,42.969,15,0,0,S (sleeping)
2026-07-31T12:59:43.006892+00:00,14802.529750352,1152.173854,10862,67.898,3.395,678.543,1683.418,42.969,15,0,0,S (sleeping)
2026-07-31T12:59:43.507640+00:00,14803.030500418,1152.674604,10862,49.925,2.496,678.543,1683.418,42.969,15,0,4096,S (sleeping)
2026-07-31T12:59:44.008361+00:00,14803.531225831,1153.175329,10862,47.930,2.397,678.543,1683.418,42.969,15,0,0,S (sleeping)
2026-07-31T12:59:44.509115+00:00,14804.031953953,1153.676057,10862,47.930,2.397,678.543,1683.418,42.969,15,0,0,S (sleeping)
2026-07-31T12:59:45.009844+00:00,14804.532707076,1154.176811,10862,45.931,2.297,678.543,1683.418,42.969,15,0,8192,S (sleeping)
2026-07-31T12:59:45.510575+00:00,14805.033429870,1154.677533,10862,45.934,2.297,678.543,1683.418,42.969,15,0,4096,S (sleeping)
2026-07-31T12:59:46.011310+00:00,14805.534161532,1155.178265,10862,47.930,2.396,678.543,1683.418,42.969,15,0,0,S (sleeping)
2026-07-31T12:59:46.512064+00:00,14806.034908213,1155.679012,10862,45.931,2.297,678.543,1683.418,42.969,15,0,0,S (sleeping)
2026-07-31T12:59:47.012838+00:00,14806.535686017,1156.179790,10862,41.935,2.097,678.543,1683.418,42.969,15,0,4096,S (sleeping)
2026-07-31T12:59:47.513560+00:00,14807.036428091,1156.680532,10862,43.935,2.197,678.543,1683.418,42.969,15,0,0,S (sleeping)
2026-07-31T12:59:48.013819+00:00,14807.536685192,1157.180789,10862,51.973,2.599,678.543,1683.418,42.969,15,0,0,S (sleeping)
2026-07-31T12:59:48.514533+00:00,14808.037399330,1157.681503,10862,49.929,2.496,678.543,1683.418,42.969,15,0,4096,S (sleeping)
2026-07-31T12:59:49.014844+00:00,14808.537689095,1158.181793,10862,55.968,2.798,678.543,1683.418,42.969,15,0,0,S (sleeping)
2026-07-31T12:59:49.515574+00:00,14809.038436830,1158.682540,10862,43.934,2.197,678.543,1683.418,42.969,15,0,0,S (sleeping)
2026-07-31T12:59:50.016278+00:00,14809.539152285,1159.183256,10862,49.929,2.496,678.543,1683.418,42.969,15,0,8192,S (sleeping)
2026-07-31T12:59:50.517059+00:00,14810.039860319,1159.683964,10862,55.921,2.796,678.543,1683.418,42.969,15,0,8192,S (sleeping)
2026-07-31T12:59:51.017813+00:00,14810.540674471,1160.184778,10862,53.912,2.696,678.543,1683.418,42.969,15,0,0,S (sleeping)
2026-07-31T12:59:51.518606+00:00,14811.041467181,1160.685571,10862,51.918,2.596,678.543,1683.418,42.969,15,0,4096,S (sleeping)
2026-07-31T12:59:52.019336+00:00,14811.542193812,1161.186297,10862,47.930,2.397,678.543,1683.418,42.969,15,0,4096,S (sleeping)
2026-07-31T12:59:52.520063+00:00,14812.042919450,1161.687023,10862,57.916,2.896,678.543,1683.418,42.969,15,0,0,S (sleeping)
2026-07-31T12:59:53.020416+00:00,14812.543282600,1162.187386,10862,49.964,2.498,678.543,1683.418,42.969,15,0,0,S (sleeping)
2026-07-31T12:59:53.521170+00:00,14813.044023590,1162.688127,10862,55.917,2.796,678.543,1683.418,42.969,15,0,0,S (sleeping)
2026-07-31T12:59:54.021899+00:00,14813.544760243,1163.188864,10862,45.932,2.297,678.543,1683.418,42.969,15,0,4096,S (sleeping)
2026-07-31T12:59:54.522640+00:00,14814.045501843,1163.689605,10862,49.926,2.496,678.543,1683.418,42.969,15,0,0,S (sleeping)
2026-07-31T12:59:55.023365+00:00,14814.546234551,1164.190338,10862,49.927,2.496,678.543,1683.418,42.969,15,0,12288,S (sleeping)
2026-07-31T12:59:55.524096+00:00,14815.046954028,1164.691058,10862,57.917,2.896,678.543,1683.418,42.969,15,0,4096,S (sleeping)
2026-07-31T12:59:56.024815+00:00,14815.547678413,1165.191782,10862,53.922,2.696,678.543,1683.418,42.969,15,0,0,S (sleeping)
2026-07-31T12:59:56.525533+00:00,14816.048396871,1165.692500,10862,53.923,2.696,678.543,1683.418,42.969,15,0,0,S (sleeping)
2026-07-31T12:59:57.026249+00:00,14816.549116691,1166.193220,10862,45.934,2.297,678.543,1683.418,42.969,15,0,0,S (sleeping)
2026-07-31T12:59:57.526975+00:00,14817.049830099,1166.693934,10862,39.943,1.997,678.543,1683.418,42.969,15,0,4096,S (sleeping)
2026-07-31T12:59:58.027850+00:00,14817.550621820,1167.194725,10862,55.911,2.796,678.543,1683.418,42.969,15,0,0,S (sleeping)
2026-07-31T12:59:58.528621+00:00,14818.051476835,1167.695580,10862,53.908,2.695,678.543,1683.418,42.969,15,0,0,S (sleeping)
2026-07-31T12:59:59.029230+00:00,14818.552093409,1168.196197,10862,51.936,2.597,678.543,1683.418,42.969,15,0,4096,S (sleeping)
2026-07-31T12:59:59.529647+00:00,14819.052475476,1168.696579,10862,47.963,2.398,678.543,1683.418,42.969,15,0,0,R (running)
2026-07-31T13:00:00.030416+00:00,14819.553273304,1169.197377,10862,53.914,2.696,678.543,1683.418,42.969,15,0,8192,S (sleeping)
2026-07-31T13:00:00.530747+00:00,14820.053607179,1169.697711,10862,53.964,2.698,678.543,1683.418,42.969,15,0,0,S (sleeping)
2026-07-31T13:00:01.031481+00:00,14820.554337149,1170.198441,10862,57.915,2.896,678.543,1683.418,42.969,15,0,4096,S (sleeping)
2026-07-31T13:00:01.532325+00:00,14821.055071476,1170.699175,10862,55.918,2.796,678.543,1683.418,42.969,15,0,0,S (sleeping)
2026-07-31T13:00:02.033240+00:00,14821.555974433,1171.200078,10862,49.910,2.495,678.543,1683.418,42.969,15,0,0,S (sleeping)
2026-07-31T13:00:02.533976+00:00,14822.056841090,1171.700945,10862,61.893,3.095,678.543,1683.418,42.969,15,0,4096,S (sleeping)
2026-07-31T13:00:03.034695+00:00,14822.557560313,1172.201664,10862,45.934,2.297,678.543,1683.418,42.969,15,0,0,S (sleeping)
2026-07-31T13:00:03.534462+00:00,14823.058283288,1172.702387,10862,49.928,2.496,678.543,1683.418,42.969,15,0,0,S (sleeping)
2026-07-31T13:00:04.035189+00:00,14823.559011848,1173.203115,10862,49.927,2.496,678.543,1683.418,42.969,15,0,0,S (sleeping)
2026-07-31T13:00:04.535907+00:00,14824.059728731,1173.703832,10862,49.928,2.496,678.543,1683.418,42.969,15,0,4096,S (sleeping)
2026-07-31T13:00:05.036643+00:00,14824.560457263,1174.204561,10862,55.919,2.796,678.543,1683.418,42.969,15,0,8192,S (sleeping)
2026-07-31T13:00:05.537381+00:00,14825.061198154,1174.705302,10862,47.929,2.396,678.543,1683.418,42.969,15,0,0,S (sleeping)
2026-07-31T13:00:06.038101+00:00,14825.561925172,1175.206029,10862,55.919,2.796,678.543,1683.418,42.969,15,0,4096,S (sleeping)
2026-07-31T13:00:06.538841+00:00,14826.062659769,1175.706763,10862,45.933,2.297,678.543,1683.418,42.969,15,0,0,S (sleeping)
2026-07-31T13:00:07.039577+00:00,14826.563392561,1176.207496,10862,49.927,2.496,678.543,1683.418,42.969,15,0,4096,S (sleeping)
2026-07-31T13:00:07.540317+00:00,14827.064128379,1176.708232,10862,53.921,2.696,678.543,1683.418,42.969,15,0,4096,S (sleeping)
2026-07-31T13:00:08.041057+00:00,14827.564857790,1177.208961,10862,47.930,2.397,678.543,1683.418,42.969,15,0,0,S (sleeping)
2026-07-31T13:00:08.541797+00:00,14828.065614094,1177.709718,10862,49.924,2.496,678.543,1683.418,42.969,15,0,0,S (sleeping)
2026-07-31T13:00:09.042546+00:00,14828.566356338,1178.210460,10862,51.923,2.596,678.543,1683.418,42.969,15,0,0,S (sleeping)
2026-07-31T13:00:09.543273+00:00,14829.067088664,1178.711192,10862,53.921,2.696,678.543,1683.418,42.969,15,0,4096,S (sleeping)
2026-07-31T13:00:10.043987+00:00,14829.567811631,1179.211915,10862,43.936,2.197,678.543,1683.418,42.969,15,0,12288,S (sleeping)
2026-07-31T13:00:10.544805+00:00,14830.068598385,1179.712702,10862,61.903,3.095,678.543,1683.418,42.969,15,0,0,S (sleeping)
2026-07-31T13:00:11.045645+00:00,14830.569417112,1180.213521,10862,49.918,2.496,678.543,1683.418,42.969,15,0,4096,S (sleeping)
2026-07-31T13:00:11.546421+00:00,14831.070191836,1180.714295,10862,53.916,2.696,678.543,1683.418,42.969,15,0,0,S (sleeping)
2026-07-31T13:00:12.047171+00:00,14831.570972862,1181.215076,10862,53.916,2.696,678.543,1683.418,42.969,15,0,0,S (sleeping)
2026-07-31T13:00:12.547931+00:00,14832.071739772,1181.715843,10862,49.923,2.496,678.543,1683.418,42.969,15,0,0,S (sleeping)
2026-07-31T13:00:13.048667+00:00,14832.572488355,1182.216592,10862,57.913,2.896,678.543,1683.418,42.969,15,0,4096,S (sleeping)
2026-07-31T13:00:13.549395+00:00,14833.073214848,1182.717318,10862,53.922,2.696,678.543,1683.418,42.969,15,0,0,S (sleeping)
2026-07-31T13:00:14.050121+00:00,14833.573941596,1183.218045,10862,55.919,2.796,678.543,1683.418,42.969,15,0,0,S (sleeping)
2026-07-31T13:00:14.550875+00:00,14834.074685934,1183.718789,10862,55.917,2.796,678.543,1683.418,42.969,15,0,4096,R (running)
2026-07-31T13:00:15.051627+00:00,14834.575446022,1184.219550,10862,55.915,2.796,678.543,1683.418,42.969,15,0,8192,R (running)
2026-07-31T13:00:15.552432+00:00,14835.076204630,1184.720308,10862,53.918,2.696,678.543,1683.418,42.969,15,0,0,R (running)
2026-07-31T13:00:16.053195+00:00,14835.577008341,1185.221112,10862,55.910,2.796,678.543,1683.418,42.969,15,0,0,R (running)
2026-07-31T13:00:16.553636+00:00,14836.077379465,1185.721483,10862,57.957,2.898,678.543,1683.418,42.969,15,0,4096,R (running)
2026-07-31T13:00:17.054387+00:00,14836.578200149,1186.222304,10862,51.915,2.596,678.543,1683.418,42.969,15,0,0,R (running)
2026-07-31T13:00:17.555137+00:00,14837.078953237,1186.723057,10862,59.910,2.995,678.543,1683.418,42.969,15,0,0,R (running)
2026-07-31T13:00:18.055868+00:00,14837.579691680,1187.223795,10862,55.917,2.796,678.543,1683.418,42.969,15,0,4096,R (running)
2026-07-31T13:00:18.556617+00:00,14838.080428987,1187.724533,10862,57.915,2.896,678.543,1683.418,42.969,15,0,0,R (running)
2026-07-31T13:00:19.057571+00:00,14838.581378390,1188.225482,10862,57.890,2.895,678.543,1683.418,42.969,15,0,0,R (running)
2026-07-31T13:00:19.558304+00:00,14839.082122981,1188.726227,10862,97.854,4.893,678.543,1683.418,42.969,15,0,4096,S (sleeping)
2026-07-31T13:00:20.059028+00:00,14839.582844964,1189.226948,10862,55.919,2.796,678.543,1683.418,42.969,15,0,8192,R (running)
2026-07-31T13:00:20.559347+00:00,14840.083165168,1189.727269,10862,53.965,2.698,678.543,1683.418,42.969,15,0,0,R (running)
2026-07-31T13:00:21.060129+00:00,14840.583906574,1190.228010,10862,55.917,2.796,678.543,1683.418,42.969,15,0,0,S (sleeping)
2026-07-31T13:00:21.560871+00:00,14841.084683255,1190.728787,10862,57.910,2.896,678.543,1683.418,42.969,15,0,4096,S (sleeping)
2026-07-31T13:00:22.061594+00:00,14841.585421214,1191.229525,10862,57.915,2.896,678.543,1683.418,42.969,15,0,4096,S (sleeping)
2026-07-31T13:00:22.562337+00:00,14842.086145914,1191.730249,10862,61.910,3.096,678.543,1683.418,42.969,15,0,0,R (running)
2026-07-31T13:00:23.063180+00:00,14842.586997524,1192.231101,10862,57.901,2.895,678.543,1683.418,42.969,15,0,4096,R (running)
2026-07-31T13:00:23.563927+00:00,14843.087735203,1192.731839,10862,53.920,2.696,678.543,1683.418,42.969,15,0,0,R (running)
2026-07-31T13:00:24.064675+00:00,14843.588477124,1193.232581,10862,57.914,2.896,678.543,1683.418,42.969,15,0,0,S (sleeping)
2026-07-31T13:00:24.565414+00:00,14844.089222099,1193.733326,10862,59.911,2.996,678.543,1683.418,42.969,15,0,0,S (sleeping)
2026-07-31T13:00:25.066143+00:00,14844.589966167,1194.234070,10862,61.908,3.095,678.543,1683.418,42.969,15,0,16384,S (sleeping)
2026-07-31T13:00:25.566894+00:00,14845.090705781,1194.734809,10862,65.903,3.295,678.543,1683.418,42.969,15,0,0,S (sleeping)
2026-07-31T13:00:26.067759+00:00,14845.591498041,1195.235602,10862,65.896,3.295,678.543,1683.418,42.969,15,0,0,S (sleeping)
2026-07-31T13:00:26.568508+00:00,14846.092326032,1195.736430,10862,57.904,2.895,678.543,1683.418,42.969,15,0,4096,S (sleeping)
2026-07-31T13:00:27.069234+00:00,14846.593053151,1196.237157,10862,51.924,2.596,678.543,1683.418,42.969,15,0,0,S (sleeping)
2026-07-31T13:00:27.570021+00:00,14847.093813590,1196.737917,10862,59.909,2.995,678.543,1683.418,42.969,15,0,0,S (sleeping)
2026-07-31T13:00:28.070772+00:00,14847.594574500,1197.238678,10862,67.897,3.395,678.543,1683.418,42.969,15,0,4096,S (sleeping)
2026-07-31T13:00:28.571491+00:00,14848.095312481,1197.739416,10862,53.920,2.696,678.543,1683.418,42.969,15,0,0,S (sleeping)
2026-07-31T13:00:29.072346+00:00,14848.596164092,1198.240268,10862,75.871,3.794,678.543,1683.418,42.969,15,0,0,S (sleeping)
2026-07-31T13:00:29.573085+00:00,14849.096904536,1198.741008,10862,61.908,3.095,678.543,1683.418,42.969,15,0,8192,S (sleeping)
2026-07-31T13:00:30.073829+00:00,14849.597640411,1199.241744,10862,51.924,2.596,678.543,1683.418,42.969,15,0,4096,S (sleeping)
2026-07-31T13:00:30.574554+00:00,14850.098373023,1199.742477,10862,73.892,3.695,678.543,1683.418,42.969,15,0,4096,S (sleeping)
2026-07-31T13:00:31.075272+00:00,14850.599096324,1200.243200,10862,53.922,2.696,678.543,1683.418,42.969,15,0,0,S (sleeping)
2026-07-31T13:00:31.576007+00:00,14851.099828485,1200.743932,10862,61.909,3.095,678.543,1683.418,42.969,15,0,4096,S (sleeping)
2026-07-31T13:00:32.076264+00:00,14851.600089727,1201.244193,10862,63.967,3.198,678.543,1683.418,42.969,15,0,0,S (sleeping)
2026-07-31T13:00:32.576990+00:00,14852.100816744,1201.744920,10862,81.881,4.094,678.543,1683.418,42.969,15,0,0,S (sleeping)
2026-07-31T13:00:33.077804+00:00,14852.601597977,1202.245701,10862,47.925,2.396,678.543,1683.418,42.969,15,0,0,S (sleeping)
2026-07-31T13:00:33.577441+00:00,14853.102363036,1202.746467,10862,69.893,3.495,678.543,1683.418,42.969,15,0,4096,S (sleeping)
2026-07-31T13:00:34.078161+00:00,14853.603085075,1203.247189,10862,63.908,3.195,678.543,1683.418,42.969,15,0,0,S (sleeping)
2026-07-31T13:00:34.578468+00:00,14854.103378977,1203.747482,10862,47.972,2.399,678.543,1683.418,42.969,15,0,0,R (running)
2026-07-31T13:00:35.079151+00:00,14854.604069035,1204.248173,10862,73.898,3.695,678.543,1683.418,42.969,15,0,12288,S (sleeping)
2026-07-31T13:00:35.579863+00:00,14855.104789195,1204.748893,10862,61.911,3.096,678.543,1683.418,42.969,15,0,0,S (sleeping)
2026-07-31T13:00:36.080581+00:00,14855.605498694,1205.249602,10862,53.923,2.696,678.543,1683.418,42.969,15,0,0,R (running)
2026-07-31T13:00:36.581312+00:00,14856.106215474,1205.750319,10862,61.911,3.096,678.543,1683.418,42.969,15,0,4096,R (running)
2026-07-31T13:00:37.082047+00:00,14856.606969919,1206.251073,10862,75.885,3.794,678.543,1683.418,42.969,15,0,4096,S (sleeping)
2026-07-31T13:00:37.582790+00:00,14857.107711277,1206.751815,10862,61.908,3.095,678.543,1683.418,42.969,15,0,0,S (sleeping)
2026-07-31T13:00:38.083520+00:00,14857.608445900,1207.252549,10862,61.909,3.095,678.543,1683.418,42.969,15,0,0,S (sleeping)
2026-07-31T13:00:38.584240+00:00,14858.109162266,1207.753266,10862,53.923,2.696,678.543,1683.418,42.969,15,0,4096,R (running)
2026-07-31T13:00:39.084957+00:00,14858.609885268,1208.253989,10862,73.893,3.695,678.543,1683.418,42.969,15,0,0,S (sleeping)
2026-07-31T13:00:39.585695+00:00,14859.110614167,1208.754718,10862,49.927,2.496,678.543,1683.418,42.969,15,0,0,R (running)
2026-07-31T13:00:40.086435+00:00,14859.611355296,1209.255459,10862,71.893,3.595,678.543,1683.418,42.969,15,0,16384,S (sleeping)
2026-07-31T13:00:40.587454+00:00,14860.112170244,1209.756274,10862,61.899,3.095,678.543,1683.418,42.969,15,0,0,S (sleeping)
2026-07-31T13:00:41.088191+00:00,14860.613113687,1210.257217,10862,57.891,2.895,678.543,1683.418,42.969,15,0,0,R (running)
2026-07-31T13:00:41.588517+00:00,14861.113412541,1210.757516,10862,65.961,3.298,678.543,1683.418,42.969,15,0,4096,R (running)
2026-07-31T13:00:42.089267+00:00,14861.614184404,1211.258288,10862,61.904,3.095,678.543,1683.418,42.969,15,0,0,R (running)
2026-07-31T13:00:42.590000+00:00,14862.114916744,1211.759020,10862,75.889,3.794,678.543,1683.418,42.969,15,0,0,S (sleeping)
2026-07-31T13:00:43.090725+00:00,14862.615647044,1212.259751,10862,63.907,3.195,678.543,1683.418,42.969,15,0,0,S (sleeping)
2026-07-31T13:00:43.591592+00:00,14863.116425820,1212.760529,10862,57.910,2.895,678.543,1683.418,42.969,15,0,4096,R (running)
2026-07-31T13:00:44.092379+00:00,14863.617292474,1213.261396,10862,63.889,3.194,678.543,1683.418,42.969,15,0,0,R (running)
2026-07-31T13:00:44.593130+00:00,14864.118048442,1213.762152,10862,89.864,4.493,678.543,1683.418,42.969,15,0,0,S (sleeping)
2026-07-31T13:00:45.093861+00:00,14864.618779670,1214.262883,10862,57.915,2.896,678.543,1683.418,42.969,15,0,12288,S (sleeping)
2026-07-31T13:00:45.594584+00:00,14865.119507042,1214.763611,10862,63.907,3.195,678.543,1683.418,42.969,15,0,0,S (sleeping)
2026-07-31T13:00:46.095312+00:00,14865.620225752,1215.264329,10862,57.917,2.896,678.543,1683.418,42.969,15,0,0,S (sleeping)
2026-07-31T13:00:46.596021+00:00,14866.120942960,1215.765046,10862,59.914,2.996,678.543,1683.418,42.969,15,0,0,S (sleeping)
2026-07-31T13:00:47.096803+00:00,14866.621700210,1216.265804,10862,59.909,2.995,678.543,1683.418,42.969,15,0,4096,S (sleeping)
2026-07-31T13:00:47.597571+00:00,14867.122484291,1216.766588,10862,63.900,3.195,678.543,1683.418,42.969,15,0,0,S (sleeping)
2026-07-31T13:00:48.098299+00:00,14867.623211901,1217.267315,10862,59.913,2.996,678.543,1683.418,42.969,15,0,0,S (sleeping)
2026-07-31T13:00:48.599053+00:00,14868.123947519,1217.768051,10862,63.906,3.195,678.543,1683.418,42.969,15,0,4096,S (sleeping)
2026-07-31T13:00:49.099786+00:00,14868.624697984,1218.268802,10862,63.904,3.195,678.543,1683.418,42.969,15,0,0,S (sleeping)
2026-07-31T13:00:49.600523+00:00,14869.125444145,1218.769548,10862,59.911,2.996,678.543,1683.418,42.969,15,0,8192,S (sleeping)
2026-07-31T13:00:50.101015+00:00,14869.625832030,1219.269936,10862,59.953,2.998,678.543,1683.418,42.969,15,0,4096,S (sleeping)
2026-07-31T13:00:50.601761+00:00,14870.126683959,1219.770787,10862,65.888,3.294,678.543,1683.418,42.969,15,0,0,S (sleeping)
2026-07-31T13:00:51.102521+00:00,14870.627432122,1220.271536,10862,59.910,2.996,678.543,1683.418,42.969,15,0,0,S (sleeping)
2026-07-31T13:00:51.603260+00:00,14871.128180931,1220.772284,10862,63.904,3.195,678.543,1683.418,42.969,15,0,0,S (sleeping)
2026-07-31T13:00:52.103988+00:00,14871.628913984,1221.273018,10862,61.909,3.095,678.543,1683.418,42.969,15,0,8192,S (sleeping)
2026-07-31T13:00:52.604706+00:00,14872.129627578,1221.773731,10862,59.914,2.996,678.543,1683.418,42.969,15,0,0,S (sleeping)
2026-07-31T13:00:53.105436+00:00,14872.630351069,1222.274455,10862,61.910,3.096,678.543,1683.418,42.969,15,0,0,S (sleeping)
2026-07-31T13:00:53.606158+00:00,14873.131083918,1222.775187,10862,59.912,2.996,678.543,1683.418,42.969,15,0,4096,S (sleeping)
2026-07-31T13:00:54.106882+00:00,14873.631804214,1223.275908,10862,61.911,3.096,678.543,1683.418,42.969,15,0,0,S (sleeping)
2026-07-31T13:00:54.607617+00:00,14874.132539178,1223.776643,10862,61.909,3.095,678.543,1683.418,42.969,15,0,0,S (sleeping)
2026-07-31T13:00:55.108382+00:00,14874.633296547,1224.277400,10862,61.906,3.095,678.543,1683.418,42.969,15,0,12288,S (sleeping)
2026-07-31T13:00:55.609121+00:00,14875.134041123,1224.778145,10862,67.899,3.395,678.543,1683.418,42.969,15,0,4096,S (sleeping)
2026-07-31T13:00:56.109855+00:00,14875.634776113,1225.278880,10862,61.909,3.095,678.543,1683.418,42.969,15,0,0,S (sleeping)
2026-07-31T13:00:56.610579+00:00,14876.135499234,1225.779603,10862,63.908,3.195,678.543,1683.418,42.969,15,0,0,S (sleeping)
2026-07-31T13:00:57.111304+00:00,14876.636229115,1226.280333,10862,63.907,3.195,678.543,1683.418,42.969,15,0,4096,S (sleeping)
2026-07-31T13:00:57.612040+00:00,14877.136956185,1226.781060,10862,63.907,3.195,678.543,1683.418,42.969,15,0,0,S (sleeping)
2026-07-31T13:00:58.112814+00:00,14877.637719584,1227.281823,10862,59.909,2.995,678.543,1683.418,42.969,15,0,0,S (sleeping)
2026-07-31T13:00:58.613544+00:00,14878.138465487,1227.782569,10862,61.908,3.095,678.543,1683.418,42.969,15,0,0,S (sleeping)
2026-07-31T13:00:59.114286+00:00,14878.639190059,1228.283294,10862,61.910,3.096,678.543,1683.418,42.969,15,0,4096,S (sleeping)
2026-07-31T13:00:59.615033+00:00,14879.139931064,1228.784035,10862,61.908,3.095,678.543,1683.418,42.969,15,0,8192,S (sleeping)
2026-07-31T13:01:00.115751+00:00,14879.640677082,1229.284781,10862,63.905,3.195,678.543,1683.418,42.969,15,0,0,S (sleeping)
2026-07-31T13:01:00.616467+00:00,14880.141392994,1229.785497,10862,61.911,3.096,678.543,1683.418,42.969,15,0,8192,S (sleeping)
2026-07-31T13:01:01.117326+00:00,14880.642241614,1230.286345,10862,65.888,3.294,678.543,1683.418,42.969,15,0,0,S (sleeping)
2026-07-31T13:01:01.618053+00:00,14881.142976736,1230.787080,10862,65.903,3.295,678.543,1683.418,42.969,15,0,0,S (sleeping)
2026-07-31T13:01:02.118776+00:00,14881.643698819,1231.287802,10862,65.905,3.295,678.543,1683.418,42.969,15,0,0,S (sleeping)
2026-07-31T13:01:02.619519+00:00,14882.144438306,1231.788542,10862,65.903,3.295,678.543,1683.418,42.969,15,0,4096,S (sleeping)
2026-07-31T13:01:03.120245+00:00,14882.645169896,1232.289273,10862,63.906,3.195,678.543,1683.418,42.969,15,0,0,S (sleeping)
2026-07-31T13:01:03.619482+00:00,14883.145889633,1232.789993,10862,61.911,3.096,678.543,1683.418,42.969,15,0,0,S (sleeping)
2026-07-31T13:01:04.120215+00:00,14883.646613382,1233.290717,10862,67.902,3.395,678.543,1683.418,42.969,15,0,4096,S (sleeping)
2026-07-31T13:01:04.620960+00:00,14884.147359663,1233.791463,10862,69.896,3.495,678.543,1683.418,42.969,15,0,0,S (sleeping)
2026-07-31T13:01:05.121702+00:00,14884.648098439,1234.292202,10862,67.900,3.395,678.543,1683.418,42.969,15,0,8192,S (sleeping)
2026-07-31T13:01:05.622438+00:00,14885.148843668,1234.792947,10862,67.899,3.395,678.543,1683.418,42.969,15,0,0,S (sleeping)
2026-07-31T13:01:06.123162+00:00,14885.649566563,1235.293670,10862,69.899,3.495,678.543,1683.418,42.969,15,0,4096,S (sleeping)
2026-07-31T13:01:06.623892+00:00,14886.150300527,1235.794404,10862,69.897,3.495,678.543,1683.418,42.969,15,0,0,S (sleeping)
2026-07-31T13:01:07.124622+00:00,14886.651021282,1236.295125,10862,69.899,3.495,678.543,1683.418,42.969,15,0,4096,R (running)
2026-07-31T13:01:07.625343+00:00,14887.151748195,1236.795852,10862,69.898,3.495,678.543,1683.418,42.969,15,0,4096,S (sleeping)
2026-07-31T13:01:08.126110+00:00,14887.652496498,1237.296600,10862,69.895,3.495,678.543,1683.418,42.969,15,0,0,S (sleeping)
2026-07-31T13:01:08.626835+00:00,14888.153241496,1237.797345,10862,69.896,3.495,678.543,1683.418,42.969,15,0,0,S (sleeping)
2026-07-31T13:01:09.127559+00:00,14888.653965794,1238.298069,10862,65.905,3.295,678.543,1683.418,42.969,15,0,0,S (sleeping)
2026-07-31T13:01:09.628289+00:00,14889.154688601,1238.798792,10862,67.902,3.395,678.543,1683.418,42.969,15,0,16384,S (sleeping)
2026-07-31T13:01:10.129035+00:00,14889.655428417,1239.299532,10862,69.897,3.495,678.543,1683.418,42.969,15,0,0,S (sleeping)
2026-07-31T13:01:10.629595+00:00,14890.155973326,1239.800077,10862,69.924,3.496,678.543,1683.418,42.969,15,0,0,S (sleeping)
2026-07-31T13:01:11.129976+00:00,14890.656385278,1240.300489,10862,67.944,3.397,678.543,1683.418,42.969,15,0,4096,S (sleeping)
2026-07-31T13:01:11.630698+00:00,14891.157103901,1240.801207,10862,75.891,3.795,678.543,1683.418,42.969,15,0,0,S (sleeping)
2026-07-31T13:01:12.131461+00:00,14891.657851638,1241.301955,10862,69.895,3.495,679.480,1683.418,42.969,15,0,0,S (sleeping)
2026-07-31T13:01:12.632244+00:00,14892.158640741,1241.802744,10862,69.890,3.494,679.480,1683.418,42.969,15,0,0,S (sleeping)
2026-07-31T13:01:13.132975+00:00,14892.659383476,1242.303487,10862,67.899,3.395,679.480,1683.418,42.969,15,0,4096,S (sleeping)
2026-07-31T13:01:13.633691+00:00,14893.160097887,1242.804201,10862,69.900,3.495,679.480,1683.418,42.969,15,0,0,S (sleeping)
2026-07-31T13:01:14.134418+00:00,14893.660824148,1243.304928,10862,71.896,3.595,679.480,1683.418,42.969,15,0,0,S (sleeping)
2026-07-31T13:01:14.635138+00:00,14894.161545396,1243.805649,10862,69.899,3.495,679.480,1683.418,42.969,15,0,4096,S (sleeping)
2026-07-31T13:01:15.135855+00:00,14894.662260043,1244.306364,10862,75.892,3.795,679.480,1683.418,42.969,15,0,8192,S (sleeping)
2026-07-31T13:01:15.636610+00:00,14895.163011417,1244.807115,10862,69.895,3.495,679.480,1683.418,42.969,15,0,0,S (sleeping)
2026-07-31T13:01:16.137366+00:00,14895.663771328,1245.307875,10862,65.900,3.295,679.480,1683.418,42.969,15,0,0,S (sleeping)
2026-07-31T13:01:16.638119+00:00,14896.164510286,1245.808614,10862,65.903,3.295,679.480,1683.418,42.969,15,0,4096,S (sleeping)
2026-07-31T13:01:17.138851+00:00,14896.665253702,1246.309357,10862,67.899,3.395,679.480,1683.418,42.969,15,0,0,S (sleeping)
2026-07-31T13:01:17.639603+00:00,14897.166005487,1246.810109,10862,65.901,3.295,679.480,1683.418,42.969,15,0,0,S (sleeping)
2026-07-31T13:01:18.140327+00:00,14897.666731294,1247.310835,10862,65.904,3.295,679.480,1683.418,42.969,15,0,4096,S (sleeping)
2026-07-31T13:01:18.641055+00:00,14898.167462319,1247.811566,10862,67.901,3.395,679.480,1683.418,42.969,15,0,0,S (sleeping)
2026-07-31T13:01:19.141801+00:00,14898.668199147,1248.312303,10862,63.906,3.195,679.480,1683.418,42.969,15,0,0,S (sleeping)
2026-07-31T13:01:19.642540+00:00,14899.168943243,1248.813047,10862,65.902,3.295,679.480,1683.418,42.969,15,0,8192,S (sleeping)
2026-07-31T13:01:20.143263+00:00,14899.669670468,1249.313774,10862,63.907,3.195,679.480,1683.418,42.969,15,0,4096,S (sleeping)
2026-07-31T13:01:20.644003+00:00,14900.170395997,1249.814500,10862,63.907,3.195,679.637,1683.418,42.969,15,0,0,S (sleeping)
2026-07-31T13:01:21.144729+00:00,14900.671138870,1250.315242,10862,67.899,3.395,681.355,1683.418,42.969,15,0,0,S (sleeping)
2026-07-31T13:01:21.645450+00:00,14901.171858213,1250.815962,10862,63.908,3.195,681.355,1683.418,42.969,15,0,4096,S (sleeping)
2026-07-31T13:01:22.146222+00:00,14901.672622374,1251.316726,10862,63.902,3.195,682.293,1683.418,42.969,15,0,4096,S (sleeping)
2026-07-31T13:01:22.647025+00:00,14902.173405464,1251.817509,10862,63.900,3.195,682.293,1683.418,42.969,15,0,0,S (sleeping)
2026-07-31T13:01:23.147762+00:00,14902.674168335,1252.318272,10862,67.896,3.395,682.605,1683.418,42.969,15,0,4096,S (sleeping)
2026-07-31T13:01:23.648491+00:00,14903.174899466,1252.819003,10862,65.904,3.295,684.012,1683.418,42.969,15,0,0,S (sleeping)
2026-07-31T13:01:24.149241+00:00,14903.675639903,1253.319743,10862,63.905,3.195,684.480,1683.418,42.969,15,0,0,S (sleeping)
2026-07-31T13:01:24.649978+00:00,14904.176374725,1253.820478,10862,67.900,3.395,685.262,1683.418,42.969,15,0,0,R (running)
2026-07-31T13:01:25.150737+00:00,14904.677104467,1254.321208,10862,65.904,3.295,685.262,1683.418,42.969,15,0,16384,S (sleeping)
2026-07-31T13:01:25.651524+00:00,14905.177914418,1254.822018,10862,67.890,3.395,685.262,1683.418,42.969,15,0,0,S (sleeping)
2026-07-31T13:01:26.152284+00:00,14905.678685543,1255.322789,10862,65.898,3.295,685.262,1683.418,42.969,15,0,0,S (sleeping)
2026-07-31T13:01:26.653032+00:00,14906.179430401,1255.823534,10862,65.902,3.295,685.262,1683.418,42.969,15,0,4096,R (running)
2026-07-31T13:01:27.153782+00:00,14906.680173391,1256.324277,10862,65.902,3.295,686.043,1683.418,42.969,15,0,0,R (running)
2026-07-31T13:01:27.654504+00:00,14907.180909964,1256.825013,10862,61.909,3.095,686.355,1683.418,42.969,15,0,0,R (running)
2026-07-31T13:01:28.155246+00:00,14907.681641080,1257.325745,10862,65.904,3.295,687.605,1683.418,42.969,15,0,0,R (running)
2026-07-31T13:01:28.655973+00:00,14908.182381101,1257.826485,10862,67.900,3.395,688.074,1683.793,42.969,15,0,4096,S (sleeping)
2026-07-31T13:01:29.156717+00:00,14908.683114616,1258.327218,10862,67.900,3.395,689.012,1684.789,42.969,15,0,0,R (running)
2026-07-31T13:01:29.657574+00:00,14909.183947236,1258.828051,10862,65.890,3.295,689.324,1685.266,42.969,15,0,8192,R (running)
2026-07-31T13:01:30.158364+00:00,14909.684729164,1259.328833,10862,65.897,3.295,690.730,1686.637,42.969,15,0,4096,R (running)
2026-07-31T13:01:30.659108+00:00,14910.185513369,1259.829617,10862,71.887,3.594,691.980,1687.770,42.969,15,0,0,R (running)
2026-07-31T13:01:31.159849+00:00,14910.686250644,1260.330354,10862,61.909,3.095,692.918,1688.816,42.969,15,0,0,R (running)
2026-07-31T13:01:31.660594+00:00,14911.186996173,1260.831100,10862,65.902,3.295,693.074,1688.816,42.969,15,0,4096,R (running)
2026-07-31T13:01:32.161405+00:00,14911.687804014,1261.331908,10862,63.897,3.195,694.168,1690.000,42.969,15,0,0,R (running)
2026-07-31T13:01:32.662168+00:00,14912.188564620,1261.832668,10862,71.891,3.595,694.168,1690.000,42.969,15,0,0,R (running)
2026-07-31T13:01:33.162925+00:00,14912.689329354,1262.333433,10862,63.902,3.195,694.168,1690.000,42.969,15,0,0,R (running)
2026-07-31T13:01:33.662910+00:00,14913.190058869,1262.834162,10862,59.913,2.996,694.949,1690.754,42.969,15,0,4096,S (sleeping)
2026-07-31T13:01:34.163625+00:00,14913.690777563,1263.334881,10862,67.902,3.395,696.043,1691.812,42.969,15,0,0,S (sleeping)
2026-07-31T13:01:34.664357+00:00,14914.191507837,1263.835611,10862,73.892,3.695,696.043,1691.812,42.969,15,0,0,R (running)
2026-07-31T13:01:35.165107+00:00,14914.692242758,1264.336346,10862,73.891,3.695,697.293,1693.020,42.969,15,0,12288,R (running)
2026-07-31T13:01:35.665837+00:00,14915.192985394,1264.837089,10862,57.914,2.896,698.074,1693.945,42.969,15,0,0,S (sleeping)
2026-07-31T13:01:36.166667+00:00,14915.693732664,1265.337836,10862,77.884,3.894,698.074,1693.945,42.969,15,0,0,R (running)
2026-07-31T13:01:36.667403+00:00,14916.194555763,1265.838659,10862,55.908,2.795,698.074,1693.945,42.969,15,0,0,S (sleeping)
2026-07-31T13:01:37.168144+00:00,14916.695289002,1266.339393,10862,77.886,3.894,698.074,1693.945,42.969,15,0,8192,R (running)
2026-07-31T13:01:37.668890+00:00,14917.196037991,1266.840142,10862,71.892,3.595,698.074,1693.945,42.969,15,0,0,S (sleeping)
2026-07-31T13:01:38.169613+00:00,14917.696764281,1267.340868,10862,67.901,3.395,698.074,1693.945,42.969,15,0,0,S (sleeping)
2026-07-31T13:01:38.670388+00:00,14918.197538304,1267.841642,10862,63.901,3.195,698.074,1693.945,42.969,15,0,4096,S (sleeping)
2026-07-31T13:01:39.171179+00:00,14918.698326340,1268.342430,10862,65.896,3.295,698.074,1693.945,42.969,15,0,0,S (sleeping)
2026-07-31T13:01:39.671930+00:00,14919.199066803,1268.843170,10862,55.917,2.796,698.074,1693.945,42.969,15,0,12288,S (sleeping)
2026-07-31T13:01:40.172660+00:00,14919.699810136,1269.343914,10862,75.887,3.794,698.074,1693.945,42.969,15,0,4096,S (sleeping)
2026-07-31T13:01:40.673383+00:00,14920.200533236,1269.844637,10862,61.910,3.096,698.074,1693.945,42.969,15,0,4096,S (sleeping)
2026-07-31T13:01:41.174102+00:00,14920.701255492,1270.345359,10862,65.905,3.295,698.074,1693.945,42.969,15,0,0,S (sleeping)
2026-07-31T13:01:41.674829+00:00,14921.201981609,1270.846085,10862,69.898,3.495,698.074,1693.945,42.969,15,0,0,S (sleeping)
2026-07-31T13:01:42.175558+00:00,14921.702696328,1271.346800,10862,67.903,3.395,698.074,1693.945,42.969,15,0,4096,S (sleeping)
2026-07-31T13:01:42.676317+00:00,14922.203451472,1271.847555,10862,71.891,3.595,698.074,1693.945,42.969,15,0,0,S (sleeping)
2026-07-31T13:01:43.177049+00:00,14922.704197229,1272.348301,10862,61.908,3.095,698.074,1693.945,42.969,15,0,0,S (sleeping)
2026-07-31T13:01:43.677780+00:00,14923.204927360,1272.849031,10862,67.901,3.395,698.074,1693.945,42.969,15,0,0,S (sleeping)
2026-07-31T13:01:44.178516+00:00,14923.705662511,1273.349766,10862,73.891,3.695,698.387,1694.293,42.969,15,0,4096,S (sleeping)
2026-07-31T13:01:44.679242+00:00,14924.206395582,1273.850499,10862,67.900,3.395,698.387,1694.293,42.969,15,0,0,S (sleeping)
2026-07-31T13:01:45.179954+00:00,14924.707107864,1274.351211,10862,65.906,3.295,698.387,1694.293,42.969,15,0,8192,S (sleeping)
2026-07-31T13:01:45.680672+00:00,14925.207826006,1274.851930,10862,67.902,3.395,698.387,1694.293,42.969,15,0,4096,S (sleeping)
2026-07-31T13:01:46.181418+00:00,14925.708556401,1275.352660,10862,53.921,2.696,698.387,1694.293,42.969,15,0,0,R (running)
2026-07-31T13:01:46.682151+00:00,14926.209302205,1275.853406,10862,77.884,3.894,698.387,1694.293,42.969,15,0,0,S (sleeping)
2026-07-31T13:01:47.182880+00:00,14926.710029126,1276.354133,10862,63.907,3.195,698.387,1694.293,42.969,15,0,4096,S (sleeping)
2026-07-31T13:01:47.683612+00:00,14927.210761166,1276.854865,10862,71.895,3.595,698.387,1694.293,42.969,15,0,0,S (sleeping)
2026-07-31T13:01:48.184348+00:00,14927.711501265,1277.355605,10862,67.899,3.395,698.387,1694.293,42.969,15,0,0,S (sleeping)
2026-07-31T13:01:48.685129+00:00,14928.212279760,1277.856383,10862,65.897,3.295,698.387,1694.293,42.969,15,0,0,S (sleeping)
2026-07-31T13:01:49.185853+00:00,14928.713006096,1278.357110,10862,65.904,3.295,698.387,1694.293,42.969,15,0,4096,S (sleeping)
2026-07-31T13:01:49.686585+00:00,14929.213729737,1278.857833,10862,69.899,3.495,698.387,1694.293,42.969,15,0,8192,S (sleeping)
2026-07-31T13:01:50.187340+00:00,14929.714480689,1279.358584,10862,69.895,3.495,698.387,1694.293,42.969,15,0,0,S (sleeping)
2026-07-31T13:01:50.688207+00:00,14930.215274596,1279.859378,10862,57.908,2.895,698.387,1694.293,42.969,15,0,4096,R (running)
2026-07-31T13:01:51.188975+00:00,14930.716127114,1280.360231,10862,71.877,3.594,698.387,1694.293,42.969,15,0,0,R (running)
2026-07-31T13:01:51.689722+00:00,14931.216868406,1280.860972,10862,75.887,3.794,698.387,1694.293,42.969,15,0,0,S (sleeping)
2026-07-31T13:01:52.190469+00:00,14931.717612110,1281.361716,10862,75.887,3.794,698.387,1694.293,42.969,15,0,0,S (sleeping)
2026-07-31T13:01:52.691225+00:00,14932.218367918,1281.862471,10862,57.912,2.896,698.387,1694.293,42.969,15,0,8192,R (running)
2026-07-31T13:01:53.191997+00:00,14932.719130573,1282.363234,10862,69.893,3.495,698.387,1694.293,42.969,15,0,0,S (sleeping)
2026-07-31T13:01:53.692821+00:00,14933.219960984,1282.864065,10862,91.847,4.592,732.918,1739.074,42.969,15,0,0,S (sleeping)
2026-07-31T13:01:54.193549+00:00,14933.720701095,1283.364805,10862,91.864,4.593,692.906,1688.535,42.969,15,0,4096,S (sleeping)
2026-07-31T13:01:54.694281+00:00,14934.221433278,1283.865537,10862,63.906,3.195,692.906,1688.535,42.969,15,0,0,S (sleeping)
2026-07-31T13:01:55.195006+00:00,14934.722159524,1284.366263,10862,63.907,3.195,692.906,1688.535,42.969,15,0,12288,S (sleeping)
2026-07-31T13:01:55.695724+00:00,14935.222875221,1284.866979,10862,61.911,3.096,692.906,1688.535,42.969,15,0,0,S (sleeping)
2026-07-31T13:01:56.196447+00:00,14935.723598055,1285.367702,10862,63.908,3.195,692.906,1688.535,42.969,15,0,4096,S (sleeping)
2026-07-31T13:01:56.697241+00:00,14936.224347463,1285.868451,10862,63.904,3.195,692.906,1688.535,42.969,15,0,0,S (sleeping)
2026-07-31T13:01:57.198015+00:00,14936.725151850,1286.369255,10862,61.900,3.095,692.906,1688.535,42.969,15,0,0,S (sleeping)
2026-07-31T13:01:57.698745+00:00,14937.225894229,1286.869998,10862,67.899,3.395,692.906,1688.535,42.969,15,0,4096,S (sleeping)
2026-07-31T13:01:58.199462+00:00,14937.726613362,1287.370717,10862,71.897,3.595,692.906,1688.535,42.969,15,0,0,S (sleeping)
2026-07-31T13:01:58.700237+00:00,14938.227386267,1287.871490,10862,67.895,3.395,692.906,1688.535,42.969,15,0,0,S (sleeping)
2026-07-31T13:01:59.200962+00:00,14938.728112584,1288.372216,10862,69.898,3.495,692.906,1688.535,42.969,15,0,0,S (sleeping)
2026-07-31T13:01:59.701699+00:00,14939.228848504,1288.872952,10862,57.915,2.896,692.906,1688.535,42.969,15,0,12288,S (sleeping)
2026-07-31T13:02:00.202434+00:00,14939.729579731,1289.373683,10862,63.907,3.195,692.906,1688.535,42.969,15,0,0,S (sleeping)
2026-07-31T13:02:00.703168+00:00,14940.230315987,1289.874420,10862,65.903,3.295,692.906,1688.535,42.969,15,0,0,S (sleeping)
2026-07-31T13:02:01.203905+00:00,14940.731053766,1290.375157,10862,61.909,3.095,692.906,1688.535,42.969,15,0,4096,S (sleeping)
2026-07-31T13:02:01.704631+00:00,14941.231779503,1290.875883,10862,61.910,3.096,692.906,1688.535,42.969,15,0,0,S (sleeping)
2026-07-31T13:02:02.204938+00:00,14941.732074220,1291.376178,10862,59.965,2.998,692.906,1688.535,42.969,15,0,0,S (sleeping)
2026-07-31T13:02:02.705664+00:00,14942.232814440,1291.876918,10862,57.914,2.896,692.906,1688.535,42.969,15,0,4096,S (sleeping)
2026-07-31T13:02:03.206427+00:00,14942.733553689,1292.377657,10862,63.906,3.195,692.906,1688.535,42.969,15,0,0,R (running)
2026-07-31T13:02:03.705700+00:00,14943.234309614,1292.878413,10862,63.903,3.195,692.906,1688.535,42.969,15,0,0,S (sleeping)
2026-07-31T13:02:04.206427+00:00,14943.735058769,1293.379162,10862,59.910,2.996,692.906,1688.535,42.969,15,0,0,S (sleeping)
2026-07-31T13:02:04.707151+00:00,14944.235782758,1293.879886,10862,61.910,3.096,692.906,1688.535,42.969,15,0,4096,S (sleeping)
2026-07-31T13:02:05.207449+00:00,14944.736079105,1294.380183,10862,63.962,3.198,692.906,1688.535,42.969,15,0,8192,S (sleeping)
2026-07-31T13:02:05.708174+00:00,14945.236803438,1294.880907,10862,61.910,3.096,692.906,1688.535,42.969,15,0,0,S (sleeping)
2026-07-31T13:02:06.208893+00:00,14945.737524074,1295.381628,10862,81.882,4.094,692.906,1688.535,42.969,15,0,4096,S (sleeping)
2026-07-31T13:02:06.709622+00:00,14946.238250452,1295.882354,10862,59.913,2.996,692.906,1688.535,42.969,15,0,0,S (sleeping)
2026-07-31T13:02:07.210344+00:00,14946.738974087,1296.383078,10862,59.913,2.996,692.906,1688.535,42.969,15,0,0,S (sleeping)
2026-07-31T13:02:07.711108+00:00,14947.239717939,1296.883821,10862,55.917,2.796,692.906,1688.535,42.969,15,0,8192,S (sleeping)
2026-07-31T13:02:08.211444+00:00,14947.740073738,1297.384177,10862,57.959,2.898,692.906,1688.535,42.969,15,0,0,S (sleeping)
2026-07-31T13:02:08.712167+00:00,14948.240794104,1297.884898,10862,61.911,3.096,692.906,1688.535,42.969,15,0,0,S (sleeping)
2026-07-31T13:02:09.212881+00:00,14948.741514716,1298.385618,10862,59.914,2.996,692.906,1688.535,42.969,15,0,0,S (sleeping)
2026-07-31T13:02:09.713604+00:00,14949.242233771,1298.886337,10862,61.911,3.096,692.906,1688.535,42.969,15,0,16384,S (sleeping)
2026-07-31T13:02:10.213891+00:00,14949.742504951,1299.386608,10862,61.966,3.098,692.906,1688.535,42.969,15,0,4096,S (sleeping)
2026-07-31T13:02:10.714611+00:00,14950.243235196,1299.887339,10862,61.910,3.095,692.906,1688.535,42.969,15,0,0,S (sleeping)
2026-07-31T13:02:11.215355+00:00,14950.743954475,1300.388058,10862,61.911,3.096,692.906,1688.535,42.969,15,0,4096,S (sleeping)
2026-07-31T13:02:11.715757+00:00,14951.244257448,1300.888361,10862,61.962,3.098,692.906,1688.535,42.969,15,0,0,S (sleeping)
2026-07-31T13:02:12.216089+00:00,14951.744692877,1301.388796,10862,61.946,3.097,692.906,1688.535,42.969,15,0,0,S (sleeping)
2026-07-31T13:02:12.716832+00:00,14952.245459871,1301.889563,10862,59.908,2.995,692.906,1688.535,42.969,15,0,4096,S (sleeping)
2026-07-31T13:02:13.217548+00:00,14952.746181716,1302.390285,10862,61.911,3.096,692.906,1688.535,42.969,15,0,0,S (sleeping)
2026-07-31T13:02:13.718205+00:00,14953.246837001,1302.890941,10862,61.919,3.096,692.906,1688.535,42.969,15,0,0,S (sleeping)
2026-07-31T13:02:14.218445+00:00,14953.747084356,1303.391188,10862,59.970,2.999,692.906,1688.535,42.969,15,0,0,S (sleeping)
2026-07-31T13:02:14.719206+00:00,14954.247824822,1303.891928,10862,61.908,3.095,692.906,1688.535,42.969,15,0,4096,R (running)
2026-07-31T13:02:15.219941+00:00,14954.748574202,1304.392678,10862,63.904,3.195,692.906,1688.535,42.969,15,0,8192,S (sleeping)
2026-07-31T13:02:15.720663+00:00,14955.249288345,1304.893392,10862,61.912,3.096,692.906,1688.535,42.969,15,0,0,S (sleeping)
2026-07-31T13:02:16.221501+00:00,14955.750116803,1305.394220,10862,61.897,3.095,692.906,1688.535,42.969,15,0,4096,S (sleeping)
2026-07-31T13:02:16.722235+00:00,14956.250867147,1305.894971,10862,59.910,2.996,692.906,1688.535,42.969,15,0,0,S (sleeping)
2026-07-31T13:02:17.223038+00:00,14956.751669731,1306.395773,10862,63.897,3.195,692.906,1688.535,42.969,15,0,0,S (sleeping)
2026-07-31T13:02:17.723787+00:00,14957.252398136,1306.896502,10862,61.910,3.095,692.906,1688.535,42.969,15,0,4096,S (sleeping)
2026-07-31T13:02:18.224504+00:00,14957.753136399,1307.397240,10862,59.912,2.996,692.906,1688.535,42.969,15,0,0,S (sleeping)
2026-07-31T13:02:18.725231+00:00,14958.253863024,1307.897967,10862,63.907,3.195,692.906,1688.535,42.969,15,0,0,S (sleeping)
2026-07-31T13:02:19.225965+00:00,14958.754584912,1308.398688,10862,65.905,3.295,692.906,1688.535,42.969,15,0,0,S (sleeping)
2026-07-31T13:02:19.726371+00:00,14959.254917738,1308.899021,10862,65.956,3.298,692.906,1688.535,42.969,15,0,12288,S (sleeping)
2026-07-31T13:02:20.227141+00:00,14959.755749905,1309.399853,10862,67.887,3.394,692.906,1688.535,42.969,15,0,0,R (running)
2026-07-31T13:02:20.727418+00:00,14960.256040604,1309.900144,10862,61.964,3.098,692.906,1688.535,42.969,15,0,0,S (sleeping)
2026-07-31T13:02:21.228152+00:00,14960.756782536,1310.400886,10862,63.905,3.195,692.906,1688.535,42.969,15,0,4096,R (running)
2026-07-31T13:02:21.728875+00:00,14961.257503512,1310.901607,10862,59.914,2.996,692.906,1688.535,42.969,15,0,0,S (sleeping)
2026-07-31T13:02:22.229598+00:00,14961.758228483,1311.402332,10862,59.913,2.996,692.906,1688.535,42.969,15,0,0,S (sleeping)
2026-07-31T13:02:22.730331+00:00,14962.258954380,1311.903058,10862,63.907,3.195,692.906,1688.535,42.969,15,0,4096,S (sleeping)
2026-07-31T13:02:23.231216+00:00,14962.759816602,1312.403920,10862,63.890,3.194,692.906,1688.535,42.969,15,0,4096,S (sleeping)
2026-07-31T13:02:23.732023+00:00,14963.260641729,1312.904745,10862,61.898,3.095,692.906,1688.535,42.969,15,0,0,S (sleeping)
2026-07-31T13:02:24.232749+00:00,14963.761377867,1313.405481,10862,63.906,3.195,692.906,1688.535,42.969,15,0,0,S (sleeping)
2026-07-31T13:02:24.733474+00:00,14964.262107914,1313.906211,10862,61.910,3.095,692.906,1688.535,42.969,15,0,4096,S (sleeping)
2026-07-31T13:02:25.233814+00:00,14964.762444796,1314.406548,10862,61.958,3.098,692.906,1688.535,42.969,15,0,12288,S (sleeping)
2026-07-31T13:02:25.734533+00:00,14965.263166919,1314.907270,10862,59.913,2.996,692.906,1688.535,42.969,15,0,0,S (sleeping)
2026-07-31T13:02:26.235308+00:00,14965.763889245,1315.407993,10862,59.913,2.996,692.906,1688.535,42.969,15,0,4096,S (sleeping)
2026-07-31T13:02:26.736037+00:00,14966.264668874,1315.908772,10862,59.907,2.995,692.906,1688.535,42.969,15,0,0,S (sleeping)
2026-07-31T13:02:27.236881+00:00,14966.765468628,1316.409572,10862,59.904,2.995,692.906,1688.535,42.969,15,0,0,S (sleeping)
2026-07-31T13:02:27.737632+00:00,14967.266265159,1316.910369,10862,59.905,2.995,692.906,1688.535,42.969,15,0,0,S (sleeping)
2026-07-31T13:02:28.238359+00:00,14967.766991955,1317.411095,10862,55.919,2.796,692.906,1688.535,42.969,15,0,4096,S (sleeping)
2026-07-31T13:02:28.739141+00:00,14968.267747334,1317.911851,10862,47.928,2.396,692.906,1688.535,42.969,15,0,0,S (sleeping)
2026-07-31T13:02:29.239884+00:00,14968.768510605,1318.412614,10862,69.893,3.495,692.906,1688.535,42.969,15,0,0,S (sleeping)
2026-07-31T13:02:29.740656+00:00,14969.269272746,1318.913376,10862,59.909,2.995,692.906,1688.535,42.969,15,0,12288,S (sleeping)
2026-07-31T13:02:30.241405+00:00,14969.770026790,1319.414130,10862,57.913,2.896,692.906,1688.535,42.969,15,0,0,S (sleeping)
2026-07-31T13:02:30.742149+00:00,14970.270772972,1319.914876,10862,55.917,2.796,692.906,1688.535,42.969,15,0,0,S (sleeping)
2026-07-31T13:02:31.242891+00:00,14970.771517681,1320.415621,10862,55.917,2.796,692.906,1688.535,42.969,15,0,0,S (sleeping)
2026-07-31T13:02:31.743473+00:00,14971.272093051,1320.916197,10862,55.936,2.797,692.906,1688.535,42.969,15,0,4096,R (running)
2026-07-31T13:02:32.244224+00:00,14971.772836074,1321.416940,10862,55.917,2.796,692.906,1688.535,42.969,15,0,0,S (sleeping)
2026-07-31T13:02:32.745031+00:00,14972.273596217,1321.917700,10862,55.915,2.796,692.906,1688.535,42.969,15,0,0,S (sleeping)
2026-07-31T13:02:33.245759+00:00,14972.774389243,1322.418493,10862,53.914,2.696,692.906,1688.535,42.969,15,0,4096,S (sleeping)
2026-07-31T13:02:33.745184+00:00,14973.275119853,1322.919223,10862,53.921,2.696,692.906,1688.535,42.969,15,0,0,S (sleeping)
2026-07-31T13:02:34.246058+00:00,14973.775918812,1323.420022,10862,49.920,2.496,692.906,1688.535,42.969,15,0,0,R (running)
2026-07-31T13:02:34.746827+00:00,14974.276760952,1323.920864,10862,51.913,2.596,692.906,1688.535,42.969,15,0,4096,S (sleeping)
2026-07-31T13:02:35.247555+00:00,14974.777501371,1324.421605,10862,49.926,2.496,692.906,1688.535,42.969,15,0,8192,S (sleeping)
2026-07-31T13:02:35.748295+00:00,14975.278237239,1324.922341,10862,49.927,2.496,692.906,1688.535,42.969,15,0,0,S (sleeping)
2026-07-31T13:02:36.249032+00:00,14975.778978374,1325.423082,10862,47.929,2.396,692.906,1688.535,42.969,15,0,0,S (sleeping)
2026-07-31T13:02:36.749769+00:00,14976.279703082,1325.923807,10862,45.933,2.297,692.906,1688.535,42.969,15,0,4096,S (sleeping)
2026-07-31T13:02:37.250527+00:00,14976.780465986,1326.424570,10862,47.927,2.396,692.906,1688.535,42.969,15,0,0,S (sleeping)
2026-07-31T13:02:37.751277+00:00,14977.281222626,1326.925326,10862,45.930,2.297,692.906,1688.535,42.969,15,0,4096,S (sleeping)
2026-07-31T13:02:38.251894+00:00,14977.781823434,1327.425927,10862,43.947,2.197,692.906,1688.535,42.969,15,0,4096,R (running)
2026-07-31T13:02:38.752253+00:00,14978.282200067,1327.926304,10862,45.965,2.298,692.906,1688.535,42.969,15,0,0,R (running)
2026-07-31T13:02:39.253474+00:00,14978.783359567,1328.427463,10862,43.898,2.195,692.906,1688.535,42.969,15,0,0,R (running)
2026-07-31T13:02:39.754834+00:00,14979.284771275,1328.928875,10862,41.882,2.094,692.906,1688.535,42.969,15,0,16384,R (running)
2026-07-31T13:02:40.255572+00:00,14979.785519104,1329.429623,10862,43.934,2.197,692.906,1688.535,42.969,15,0,0,R (running)
2026-07-31T13:02:40.756314+00:00,14980.286260809,1329.930364,10862,39.941,1.997,692.906,1688.535,42.969,15,0,0,R (running)
2026-07-31T13:02:41.257053+00:00,14980.787004874,1330.431108,10862,37.944,1.897,692.906,1688.535,42.969,15,0,0,R (running)
2026-07-31T13:02:41.757775+00:00,14981.287721744,1330.931825,10862,39.943,1.997,692.906,1688.535,42.969,15,0,4096,R (running)
2026-07-31T13:02:42.258501+00:00,14981.788451378,1331.432555,10862,41.939,2.097,692.906,1688.535,42.969,15,0,0,S (sleeping)
2026-07-31T13:02:42.759210+00:00,14982.289161832,1331.933265,10862,39.943,1.997,692.906,1688.535,42.969,15,0,0,S (sleeping)
2026-07-31T13:02:43.259763+00:00,14982.789711408,1332.433815,10862,33.963,1.698,692.906,1688.535,42.969,15,0,4096,S (sleeping)
2026-07-31T13:02:43.760489+00:00,14983.290432382,1332.934536,10862,39.942,1.997,692.906,1688.535,42.969,15,0,0,S (sleeping)
2026-07-31T13:02:44.261369+00:00,14983.791243513,1333.435347,10862,37.938,1.897,692.906,1688.535,42.969,15,0,0,S (sleeping)
2026-07-31T13:02:44.762249+00:00,14984.292199979,1333.936303,10862,35.931,1.797,692.906,1688.535,42.969,15,0,4096,S (sleeping)
2026-07-31T13:02:45.263033+00:00,14984.792954935,1334.437058,10862,31.952,1.598,692.906,1688.535,42.969,15,0,8192,S (sleeping)
2026-07-31T13:02:45.763787+00:00,14985.293731899,1334.937835,10862,41.935,2.097,692.906,1688.535,42.969,15,0,0,S (sleeping)
2026-07-31T13:02:46.264511+00:00,14985.794460350,1335.438564,10862,35.948,1.797,692.906,1688.535,42.969,15,0,0,S (sleeping)
2026-07-31T13:02:46.765228+00:00,14986.295178796,1335.939282,10862,35.948,1.797,692.906,1688.535,42.969,15,0,4096,S (sleeping)
2026-07-31T13:02:47.266123+00:00,14986.795948040,1336.440052,10862,33.948,1.697,692.906,1688.535,42.969,15,0,0,S (sleeping)
2026-07-31T13:02:47.766884+00:00,14987.296816700,1336.940920,10862,27.951,1.398,692.906,1688.535,42.969,15,0,0,S (sleeping)
2026-07-31T13:02:48.267435+00:00,14987.797378227,1337.441482,10862,39.955,1.998,692.906,1688.535,42.969,15,0,4096,S (sleeping)
2026-07-31T13:02:48.768162+00:00,14988.298112458,1337.942216,10862,31.953,1.598,692.906,1688.535,42.969,15,0,0,S (sleeping)
2026-07-31T13:02:49.268883+00:00,14988.798831841,1338.442935,10862,35.948,1.797,692.906,1688.535,42.969,15,0,0,S (sleeping)
2026-07-31T13:02:49.769629+00:00,14989.299566989,1338.943671,10862,31.953,1.598,692.906,1688.535,42.969,15,0,12288,S (sleeping)
2026-07-31T13:02:50.270400+00:00,14989.800330748,1339.444434,10862,27.957,1.398,692.906,1688.535,42.969,15,0,4096,S (sleeping)
2026-07-31T13:02:50.771181+00:00,14990.301111520,1339.945215,10862,31.950,1.598,692.906,1688.535,42.969,15,0,0,S (sleeping)
2026-07-31T13:02:51.271940+00:00,14990.801878692,1340.445982,10862,37.942,1.897,692.906,1688.535,42.969,15,0,0,S (sleeping)
2026-07-31T13:02:51.772673+00:00,14991.302606668,1340.946710,10862,31.953,1.598,692.906,1688.535,42.969,15,0,4096,S (sleeping)
2026-07-31T13:02:52.273479+00:00,14991.803425985,1341.447530,10862,31.948,1.597,692.906,1688.535,42.969,15,0,0,S (sleeping)
2026-07-31T13:02:52.774235+00:00,14992.304169513,1341.948273,10862,33.950,1.697,692.906,1688.535,42.969,15,0,4096,S (sleeping)
2026-07-31T13:02:53.274974+00:00,14992.804919373,1342.449023,10862,29.955,1.498,692.906,1688.535,42.969,15,0,4096,S (sleeping)
2026-07-31T13:02:53.775714+00:00,14993.305656207,1342.949760,10862,31.953,1.598,692.906,1688.535,42.969,15,0,0,S (sleeping)
2026-07-31T13:02:54.276473+00:00,14993.806417498,1343.450521,10862,31.951,1.598,692.906,1688.535,42.969,15,0,0,S (sleeping)
2026-07-31T13:02:54.777197+00:00,14994.307146366,1343.951250,10862,31.953,1.598,692.906,1688.535,42.969,15,0,4096,S (sleeping)
2026-07-31T13:02:55.277577+00:00,14994.807509076,1344.451613,10862,29.978,1.499,692.906,1688.535,42.969,15,0,12288,R (running)
2026-07-31T13:02:55.778377+00:00,14995.308329150,1344.952433,10862,29.951,1.498,692.906,1688.535,42.969,15,0,0,S (sleeping)
2026-07-31T13:02:56.278740+00:00,14995.808690010,1345.452794,10862,29.978,1.499,692.906,1688.535,42.969,15,0,0,S (sleeping)
2026-07-31T13:02:56.779463+00:00,14996.309402559,1345.953506,10862,29.957,1.498,692.906,1688.535,42.969,15,0,4096,S (sleeping)
2026-07-31T13:02:57.279824+00:00,14996.809757444,1346.453861,10862,29.979,1.499,692.906,1688.535,42.969,15,0,0,S (sleeping)
2026-07-31T13:02:57.780576+00:00,14997.310516257,1346.954620,10862,29.955,1.498,692.906,1688.535,42.969,15,0,0,S (sleeping)
2026-07-31T13:02:58.281314+00:00,14997.811262994,1347.455367,10862,29.955,1.498,692.906,1688.535,42.969,15,0,4096,S (sleeping)
2026-07-31T13:02:58.782069+00:00,14998.311993472,1347.956097,10862,27.959,1.398,692.906,1688.535,42.969,15,0,0,S (sleeping)
2026-07-31T13:02:59.282816+00:00,14998.812757141,1348.456861,10862,29.954,1.498,692.906,1688.535,42.969,15,0,0,S (sleeping)
2026-07-31T13:02:59.783555+00:00,14999.313499685,1348.957603,10862,29.956,1.498,692.906,1688.535,42.969,15,0,4096,S (sleeping)
2026-07-31T13:03:00.284274+00:00,14999.814222479,1349.458326,10862,31.954,1.598,692.906,1688.535,42.969,15,0,8192,S (sleeping)
2026-07-31T13:03:00.785011+00:00,15000.314955897,1349.959059,10862,27.959,1.398,692.906,1688.535,42.969,15,0,0,S (sleeping)
2026-07-31T13:03:01.285746+00:00,15000.815694325,1350.459798,10862,29.956,1.498,692.906,1688.535,42.969,15,0,0,S (sleeping)
2026-07-31T13:03:01.786474+00:00,15001.316419315,1350.960523,10862,27.959,1.398,692.906,1688.535,42.969,15,0,4096,S (sleeping)
2026-07-31T13:03:02.286775+00:00,15001.816711334,1351.460815,10862,31.981,1.599,692.906,1688.535,42.969,15,0,0,S (sleeping)
2026-07-31T13:03:02.787501+00:00,15002.317452368,1351.961556,10862,27.959,1.398,692.906,1688.535,42.969,15,0,0,S (sleeping)
2026-07-31T13:03:03.286620+00:00,15002.818229356,1352.462333,10862,27.957,1.398,692.906,1688.535,42.969,15,0,4096,S (sleeping)
2026-07-31T13:03:03.787353+00:00,15003.318959854,1352.963063,10862,19.971,0.999,692.906,1688.535,42.969,15,0,0,S (sleeping)
2026-07-31T13:03:04.288083+00:00,15003.819690527,1353.463794,10862,7.988,0.399,692.906,1688.535,42.969,15,0,0,S (sleeping)
2026-07-31T13:03:04.788387+00:00,15004.319967002,1353.964071,10862,5.997,0.300,692.906,1688.535,42.969,15,0,0,S (sleeping)
2026-07-31T13:03:05.289112+00:00,15004.820718060,1354.464822,10862,7.988,0.399,692.906,1688.535,42.969,15,4096,4096,S (sleeping)
2026-07-31T13:03:05.789869+00:00,15005.321470618,1354.965574,10862,7.988,0.399,692.906,1688.535,42.969,15,0,0,S (sleeping)
2026-07-31T13:03:06.290620+00:00,15005.822217741,1355.466321,10862,5.991,0.300,692.906,1688.535,42.969,15,0,0,S (sleeping)
2026-07-31T13:03:06.791355+00:00,15006.322967899,1355.967071,10862,7.988,0.399,692.906,1688.535,42.969,15,0,0,S (sleeping)
2026-07-31T13:03:07.292077+00:00,15006.823685727,1356.467789,10862,5.991,0.300,692.906,1688.535,42.969,15,0,0,S (sleeping)
2026-07-31T13:03:07.792807+00:00,15007.324414762,1356.968518,10862,5.991,0.300,692.906,1688.535,42.969,15,0,0,S (sleeping)
2026-07-31T13:03:08.293537+00:00,15007.825146645,1357.469250,10862,9.985,0.499,692.906,1688.535,42.969,15,0,0,S (sleeping)
2026-07-31T13:03:08.794005+00:00,15008.325605183,1357.969709,10862,5.995,0.300,692.906,1688.535,42.969,15,0,0,S (sleeping)
2026-07-31T13:03:09.294786+00:00,15008.826372290,1358.470476,10862,5.991,0.300,692.906,1688.535,42.969,15,0,0,S (sleeping)
2026-07-31T13:03:09.795530+00:00,15009.327140911,1358.971244,10862,7.988,0.399,692.906,1688.535,42.969,15,0,0,S (sleeping)
2026-07-31T13:03:10.296272+00:00,15009.827880589,1359.471984,10862,7.988,0.399,692.906,1688.535,42.969,15,0,8192,S (sleeping)
2026-07-31T13:03:10.797027+00:00,15010.328638439,1359.972742,10862,5.991,0.300,692.906,1688.535,42.969,15,0,0,S (sleeping)
2026-07-31T13:03:11.297757+00:00,15010.829367711,1360.473471,10862,7.988,0.399,692.906,1688.535,42.969,15,0,0,S (sleeping)
2026-07-31T13:03:11.798494+00:00,15011.330096122,1360.974200,10862,9.985,0.499,692.906,1688.535,42.969,15,0,0,S (sleeping)
2026-07-31T13:03:12.299252+00:00,15011.830840969,1361.474944,10862,7.988,0.399,692.906,1688.535,42.969,15,0,0,S (sleeping)
2026-07-31T13:03:12.799994+00:00,15012.331598760,1361.975702,10862,5.991,0.300,692.906,1688.535,42.969,15,0,0,S (sleeping)
2026-07-31T13:03:13.300750+00:00,15012.832356073,1362.476460,10862,9.985,0.499,692.906,1688.535,42.969,15,0,0,S (sleeping)
2026-07-31T13:03:13.801012+00:00,15013.332621959,1362.976725,10862,7.996,0.400,692.906,1688.484,42.969,15,0,0,S (sleeping)
2026-07-31T13:03:14.301744+00:00,15013.833351996,1363.477456,10862,9.985,0.499,692.906,1688.484,42.969,15,0,0,S (sleeping)
2026-07-31T13:03:14.802512+00:00,15014.334112108,1363.978216,10862,5.991,0.300,692.906,1688.484,42.969,15,0,0,S (sleeping)
2026-07-31T13:03:15.303253+00:00,15014.834860071,1364.478964,10862,9.985,0.499,692.438,1687.957,42.500,15,0,0,S (sleeping)
2026-07-31T13:03:15.803994+00:00,15015.335588242,1364.979692,10862,5.991,0.300,692.438,1687.957,42.500,15,0,0,S (sleeping)
2026-07-31T13:03:16.304741+00:00,15015.836345590,1365.480449,10862,9.985,0.499,692.438,1687.957,42.500,15,0,0,S (sleeping)
