timestamp_utc,timestamp_monotonic,elapsed_sec,latest_lidar_stamp,latest_odom_stamp,latest_clock_stamp,sensor_backlog_sec,clock_lag_sec,odom_message_count,lidar_message_count
2026-07-31T12:40:31.520041+00:00,13650.995285147,0.512828,,,,,,0,0
2026-07-31T12:40:32.020017+00:00,13651.495262335,1.012805,,,,,,0,0
2026-07-31T12:40:32.520017+00:00,13651.995262678,1.512805,,,,,,0,0
2026-07-31T12:40:33.020033+00:00,13652.495277384,2.012820,,,,,,0,0
2026-07-31T12:40:33.520002+00:00,13652.996568895,2.514111,,,,,,0,0
2026-07-31T12:40:34.020014+00:00,13653.496579820,3.014122,,,,,,0,0
2026-07-31T12:40:34.520006+00:00,13653.996572961,3.514115,,,,,,0,0
2026-07-31T12:40:35.020086+00:00,13654.496651070,4.014194,,,1658137028.5948658,,,0,0
2026-07-31T12:40:35.520003+00:00,13654.996569307,4.514112,,,1658137029.094932,,,0,0
2026-07-31T12:40:36.019917+00:00,13655.496483940,5.014026,,,1658137029.6106055,,,0,0
2026-07-31T12:40:36.520088+00:00,13655.996654035,5.514197,,,1658137030.0949016,,,0,0
2026-07-31T12:40:37.019971+00:00,13656.496537526,6.014080,,,1658137030.5949192,,,0,0
2026-07-31T12:40:37.519962+00:00,13656.996528973,6.514071,,,1658137031.0949318,,,0,0
2026-07-31T12:40:38.020041+00:00,13657.496607598,7.014150,,,1658137031.5949638,,,0,0
2026-07-31T12:40:38.520016+00:00,13657.996582797,7.514125,,,1658137032.0949755,,,0,0
2026-07-31T12:40:39.020016+00:00,13658.496582150,8.014125,,,1658137032.5950034,,,0,0
2026-07-31T12:40:39.613314+00:00,13659.089882146,8.607425,1658137027.7247493,,1658137027.8423388,,,0,2
2026-07-31T12:40:40.082930+00:00,13659.559497571,9.077040,1658137028.1248279,,1658137028.1423328,,,0,5
2026-07-31T12:40:40.557917+00:00,13660.034485149,9.552028,1658137028.7248344,,1658137028.9173698,,,0,7
2026-07-31T12:40:41.170184+00:00,13660.646751251,10.164294,1658137029.1249151,,1658137029.2173762,,,0,11
2026-07-31T12:40:41.631459+00:00,13661.108025864,10.625568,1658137029.5248208,,1658137029.692394,,,0,14
2026-07-31T12:40:42.089569+00:00,13661.566136102,11.083679,1658137029.8248312,,1658137030.1424096,,,0,17
2026-07-31T12:40:42.554778+00:00,13662.031346105,11.548889,1658137030.2247095,,1658137030.6174192,,,0,20
2026-07-31T12:40:43.161724+00:00,13662.638291898,12.155834,1658137030.7248206,,1658137031.2174451,,,0,24
2026-07-31T12:40:43.644492+00:00,13663.121058620,12.638601,1658137031.1249156,,1658137031.6924691,,,0,27
2026-07-31T12:40:44.166620+00:00,13663.643187322,13.160730,1658137031.424761,,1658137032.2175264,,,0,30
2026-07-31T12:40:44.627331+00:00,13664.103897672,13.621440,1658137031.824723,,1658137032.6675053,,,0,33
2026-07-31T12:40:45.085477+00:00,13664.562044353,14.079587,1658137032.4249022,,1658137033.1425235,,,0,36
2026-07-31T12:40:45.545466+00:00,13665.022019868,14.539562,1658137032.82474,,1658137033.5925508,,,0,39
2026-07-31T12:40:46.159782+00:00,13665.636349697,15.153892,1658137033.3248124,,1658137034.2175682,,,0,43
2026-07-31T12:40:46.614139+00:00,13666.090706636,15.608249,1658137033.6248517,,1658137034.667588,,,0,46
2026-07-31T12:40:47.073463+00:00,13666.550030001,16.067572,1658137034.1248226,,1658137035.1176014,,,0,49
2026-07-31T12:40:47.527964+00:00,13667.004531041,16.522074,1658137034.5248082,,1658137035.5926337,,,0,52
2026-07-31T12:40:48.145380+00:00,13667.621947784,17.139490,1658137035.0248935,,1658137036.1926584,,,0,56
2026-07-31T12:40:48.598938+00:00,13668.075506162,17.593049,1658137035.3249078,,1658137036.6426666,,,0,59
2026-07-31T12:40:49.053118+00:00,13668.529684866,18.047227,1658137035.7249067,,1658137037.1176906,,,0,62
2026-07-31T12:40:49.521342+00:00,13668.997909204,18.515452,1658137036.2248769,,1658137037.5677102,,,0,65
2026-07-31T12:40:50.137604+00:00,13669.614170751,19.131713,1658137036.7247603,,1658137038.1927447,,,0,69
2026-07-31T12:40:50.593588+00:00,13670.070155750,19.587698,1658137037.1248553,1658137038.7248368,1658137038.642764,-1.5999815464019775,-0.08207273483276367,1,72
2026-07-31T12:40:51.053430+00:00,13670.529997086,20.047540,1658137037.4249163,1658137039.0248413,1658137039.1177688,-1.5999250411987305,0.09292745590209961,4,75
2026-07-31T12:40:51.657159+00:00,13671.133725243,20.651268,1658137038.0248406,1658137039.423654,1658137039.7177947,-1.3988134860992432,0.2941405773162842,8,79
2026-07-31T12:40:52.118508+00:00,13671.595075652,21.112618,1658137038.3248565,1658137039.7217548,1658137040.1678023,-1.3968982696533203,0.4460475444793701,11,82
2026-07-31T12:40:52.572469+00:00,13672.049036851,21.566579,1658137038.7248406,1658137040.023597,1658137040.6178274,-1.2987563610076904,0.5942304134368896,14,85
2026-07-31T12:40:53.034323+00:00,13672.510890237,22.028433,1658137039.124808,1658137040.3082232,1658137041.092843,-1.183415174484253,0.7846198081970215,17,88
2026-07-31T12:40:53.642343+00:00,13673.118909174,22.636452,1658137039.6247466,1658137040.7249258,1658137041.692867,-1.1001791954040527,0.9679412841796875,21,92
2026-07-31T12:40:54.100173+00:00,13673.576741317,23.094284,1658137040.0248442,1658137041.0247107,1658137042.1428835,-0.9998664855957031,1.1181728839874268,24,95
2026-07-31T12:40:54.561075+00:00,13674.037641481,23.555184,1658137040.3249173,1658137041.319081,1658137042.6178997,-0.9941637516021729,1.298818588256836,27,98
2026-07-31T12:40:55.169754+00:00,13674.646321707,24.163864,1658137040.9248662,1658137041.7075574,1658137043.2179348,-0.782691240310669,1.5103774070739746,31,102
2026-07-31T12:40:55.633622+00:00,13675.110189203,24.627732,1658137041.3249223,1658137042.1247559,1658137043.692951,-0.7998335361480713,1.568195104598999,34,105
2026-07-31T12:40:56.085512+00:00,13675.562078940,25.079621,1658137041.724768,1658137042.5204744,1658137044.142968,-0.7957065105438232,1.6224935054779053,37,108
2026-07-31T12:40:56.540212+00:00,13676.016778862,25.534321,1658137042.12476,1658137043.0248988,1658137044.5929954,-0.9001388549804688,1.56809663772583,40,111
2026-07-31T12:40:57.154497+00:00,13676.631064626,26.148607,1658137042.6249096,1658137043.6229703,1658137045.2180045,-0.9980607032775879,1.595034122467041,44,115
2026-07-31T12:40:57.621456+00:00,13677.098023603,26.615566,1658137043.0249026,1658137044.1099017,1658137045.6680262,-1.0849990844726562,1.5581245422363281,47,118
2026-07-31T12:40:58.076937+00:00,13677.553504086,27.071047,1658137043.624813,1658137044.524904,1658137046.1180363,-0.9000909328460693,1.5931322574615479,50,121
2026-07-31T12:40:58.529485+00:00,13678.006052083,27.523595,1658137044.0249152,1658137044.922734,1658137046.5930703,-0.8978188037872314,1.6703362464904785,53,124
2026-07-31T12:40:59.144638+00:00,13678.621205532,28.138748,1658137044.8249142,1658137045.6239812,1658137047.1930897,-0.7990670204162598,1.569108486175537,57,128
2026-07-31T12:40:59.605499+00:00,13679.082066594,28.599609,1658137045.1248126,1658137046.024792,1658137047.6681137,-0.8999793529510498,1.6433217525482178,60,131
2026-07-31T12:41:00.060344+00:00,13679.536894120,29.054437,1658137045.724925,1658137046.524822,1658137048.118112,-0.7998969554901123,1.593290090560913,63,134
2026-07-31T12:41:00.521761+00:00,13679.998327654,29.515870,1658137046.2247434,1658137047.0206544,1658137048.568146,-0.7959110736846924,1.5474915504455566,66,137
2026-07-31T12:41:01.130943+00:00,13680.607510875,30.125053,1658137047.024887,1658137047.5194976,1658137049.1931791,-0.4946105480194092,1.6736814975738525,70,141
2026-07-31T12:41:01.599389+00:00,13681.075956076,30.593499,1658137047.5249205,1658137048.0247707,1658137049.6431751,-0.4998502731323242,1.6184043884277344,73,144
2026-07-31T12:41:02.060597+00:00,13681.537164271,31.054707,1658137048.1248622,1658137048.5249128,1658137050.1182134,-0.40005064010620117,1.5933005809783936,76,147
2026-07-31T12:41:02.667287+00:00,13682.143854441,31.661397,1658137048.624762,1658137049.1248453,1658137050.7182178,-0.5000832080841064,1.5933725833892822,80,151
2026-07-31T12:41:03.129403+00:00,13682.605970136,32.123513,1658137048.924903,1658137049.620622,1658137051.193257,-0.6957190036773682,1.5726351737976074,83,154
2026-07-31T12:41:03.589991+00:00,13683.067851241,32.585394,1658137049.2248142,1658137050.0249214,1658137051.6432593,-0.8001072406768799,1.618337869644165,86,157
2026-07-31T12:41:04.050102+00:00,13683.527961263,33.045504,1658137049.6248548,1658137050.5247643,1658137052.0932968,-0.899909496307373,1.5685324668884277,89,160
2026-07-31T12:41:04.656190+00:00,13684.134049888,33.651592,1658137050.1247742,1658137051.1226525,1658137052.7183096,-0.9978783130645752,1.5956571102142334,93,164
2026-07-31T12:41:05.123871+00:00,13684.601731265,34.119274,1658137050.724802,1658137051.6122346,1658137053.1683285,-0.8874325752258301,1.5560939311981201,96,167
2026-07-31T12:41:05.583410+00:00,13685.061270378,34.578813,1658137051.3248706,1658137052.0229595,1658137053.64335,-0.6980888843536377,1.6203904151916504,99,170
2026-07-31T12:41:06.037046+00:00,13685.514906486,35.032449,1658137051.7248476,1658137052.517163,1658137054.0933645,-0.7923154830932617,1.5762014389038086,102,173
2026-07-31T12:41:06.658368+00:00,13686.136227966,35.653770,1658137052.4249055,1658137053.1247485,1658137054.7183902,-0.6998429298400879,1.593641757965088,106,177
2026-07-31T12:41:07.122674+00:00,13686.600534398,36.118077,1658137052.7249079,1658137053.6181777,1658137055.1683972,-0.8932697772979736,1.5502195358276367,109,180
2026-07-31T12:41:07.575161+00:00,13687.053020974,36.570563,1658137053.2248611,1658137054.0140722,1658137055.6184297,-0.7892110347747803,1.6043574810028076,112,183
2026-07-31T12:41:08.030751+00:00,13687.508611472,37.026154,1658137053.6248655,1658137054.5235739,1658137056.0934572,-0.8987083435058594,1.5698833465576172,115,186
2026-07-31T12:41:08.641439+00:00,13688.119298092,37.636841,1658137054.2249138,1658137055.116762,1658137056.6934729,-0.891848087310791,1.5767109394073486,119,190
2026-07-31T12:41:09.106962+00:00,13688.584819963,38.102362,1658137054.7247434,1658137055.524756,1658137057.168499,-0.8000125885009766,1.6437430381774902,122,193
2026-07-31T12:41:09.559125+00:00,13689.036984686,38.554527,1658137055.324909,1658137056.018064,1658137057.618495,-0.69315505027771,1.600430965423584,125,196
2026-07-31T12:41:10.174915+00:00,13689.652776082,39.170319,1658137056.1248708,1658137056.6236222,1658137058.2185354,-0.4987514019012451,1.5949132442474365,129,200
2026-07-31T12:41:10.632104+00:00,13690.109964610,39.627507,1658137056.5248315,1658137057.1232853,1658137058.693546,-0.5984537601470947,1.570260763168335,132,203
2026-07-31T12:41:11.090978+00:00,13690.568838599,40.086381,1658137057.2248557,1658137057.5247426,1658137059.143581,-0.29988694190979004,1.6188383102416992,135,206
2026-07-31T12:41:11.547264+00:00,13691.025124705,40.542667,1658137057.6248407,1658137058.0247576,1658137059.5935817,-0.3999168872833252,1.568824052810669,138,209
2026-07-31T12:41:12.159210+00:00,13691.637070768,41.154613,1658137058.3248186,1658137058.6248178,1658137060.2186108,-0.2999992370605469,1.5937929153442383,142,213
2026-07-31T12:41:12.624636+00:00,13692.102497640,41.620040,1658137058.7249124,1658137059.1248994,1658137060.668667,-0.39998698234558105,1.5437676906585693,145,216
2026-07-31T12:41:13.083159+00:00,13692.561019632,42.078562,1658137059.1249075,1658137059.5243156,1658137061.1436427,-0.39940810203552246,1.6193270683288574,148,219
2026-07-31T12:41:13.540876+00:00,13693.018737029,42.536279,1658137059.4249218,1658137060.0226479,1658137061.5936651,-0.5977261066436768,1.5710172653198242,151,222
2026-07-31T12:41:14.151279+00:00,13693.629139730,43.146682,1658137060.1248438,1658137060.6245127,1658137062.1936946,-0.49966883659362793,1.5691819190979004,155,226
2026-07-31T12:41:14.613192+00:00,13694.091052955,43.608595,1658137060.4247174,1658137061.1247222,1658137062.668695,-0.7000048160552979,1.5439727306365967,158,229
2026-07-31T12:41:15.071314+00:00,13694.549174367,44.066717,1658137060.9249125,1658137061.5247774,1658137063.1187572,-0.5998649597167969,1.593979835510254,161,232
2026-07-31T12:41:15.529001+00:00,13695.006861753,44.524404,1658137061.3248937,1658137062.024782,1658137063.593744,-0.6998882293701172,1.5689620971679688,164,235
2026-07-31T12:41:16.140187+00:00,13695.618046725,45.135589,1658137062.0248194,1658137062.6230376,1658137064.1937642,-0.5982182025909424,1.5707266330718994,168,239
2026-07-31T12:41:16.600610+00:00,13696.078470966,45.596013,1658137062.524911,1658137063.023866,1658137064.6437893,-0.49895501136779785,1.6199233531951904,171,242
2026-07-31T12:41:17.058853+00:00,13696.536712649,46.054255,1658137063.1248133,1658137063.5234911,1658137065.1188052,-0.3986778259277344,1.5953140258789062,174,245
2026-07-31T12:41:17.523745+00:00,13697.001605199,46.519148,1658137063.6248178,1658137064.0208392,1658137065.5688264,-0.39602136611938477,1.5479872226715088,177,248
2026-07-31T12:41:18.131769+00:00,13697.609627780,47.127170,1658137064.2247465,1658137064.524802,1658137066.1938524,-0.30005550384521484,1.6690504550933838,181,252
2026-07-31T12:41:18.595572+00:00,13698.073431801,47.590974,1658137064.8248112,1658137065.0247412,1658137066.6439197,-0.19992995262145996,1.6191785335540771,184,255
2026-07-31T12:41:19.048151+00:00,13698.526012286,48.043555,1658137065.2249384,1658137065.5243282,1658137067.093916,-0.2993898391723633,1.5695877075195312,187,258
2026-07-31T12:41:19.658851+00:00,13699.136712208,48.654255,1658137065.8249013,1658137066.1249187,1658137067.7189076,-0.3000173568725586,1.5939888954162598,191,262
2026-07-31T12:41:20.128184+00:00,13699.606044266,49.123587,1658137066.2247596,1658137066.6248047,1658137068.1939213,-0.40004515647888184,1.5691165924072266,194,265
2026-07-31T12:41:20.590984+00:00,13700.068844873,49.586387,1658137066.6248217,1658137067.0248091,1658137068.6439335,-0.39998745918273926,1.619124412536621,197,268
2026-07-31T12:41:21.045349+00:00,13700.523210060,50.040753,1658137067.0248132,1658137067.524614,1658137069.0939727,-0.4998009204864502,1.5693585872650146,200,271
2026-07-31T12:41:21.648567+00:00,13701.126427398,50.643970,1658137067.6249068,1658137068.1247602,1658137069.694057,-0.49985337257385254,1.5692968368530273,204,275
2026-07-31T12:41:22.113708+00:00,13701.591568485,51.109111,1658137068.1247647,1658137068.623314,1658137070.169018,-0.498549222946167,1.5457041263580322,207,278
2026-07-31T12:41:22.568262+00:00,13702.046123413,51.563666,1658137068.524837,1658137069.0222504,1658137070.619023,-0.49741339683532715,1.5967726707458496,210,281
2026-07-31T12:41:23.022721+00:00,13702.500580107,52.018123,1658137069.0248992,1658137069.522895,1658137071.0690482,-0.49799585342407227,1.5461530685424805,213,284
2026-07-31T12:41:23.629111+00:00,13703.106971589,52.624514,1658137069.6248317,1658137070.1246774,1658137071.6940699,-0.4998457431793213,1.569392442703247,217,288
2026-07-31T12:41:24.087983+00:00,13703.565843421,53.083386,1658137070.0249317,1658137070.5245028,1658137072.144082,-0.4995710849761963,1.6195793151855469,220,291
2026-07-31T12:41:24.543370+00:00,13704.021230836,53.538773,1658137070.4249089,1658137071.024494,1658137072.594101,-0.5995850563049316,1.5696070194244385,223,294
2026-07-31T12:41:25.154126+00:00,13704.631986433,54.149529,1658137071.0248063,1658137071.624896,1658137073.21913,-0.6000897884368896,1.5942339897155762,227,298
2026-07-31T12:41:25.608640+00:00,13705.086500617,54.604043,1658137071.5248034,1658137072.022542,1658137073.6691897,-0.4977385997772217,1.6466476917266846,230,301
2026-07-31T12:41:26.078021+00:00,13705.555882331,55.073425,1658137072.024757,1658137072.5248966,1658137074.1441836,-0.5001397132873535,1.6192870140075684,233,304
2026-07-31T12:41:26.528689+00:00,13706.006549450,55.524092,1658137072.4248102,1658137073.0238786,1658137074.594194,-0.5990684032440186,1.5703153610229492,236,307
2026-07-31T12:41:27.163551+00:00,13706.641412142,56.158955,1658137073.2248962,1658137073.6239018,1658137075.219342,-0.399005651473999,1.595440149307251,240,311
2026-07-31T12:41:27.636895+00:00,13707.114754947,56.632297,1658137073.62485,1658137074.1228437,1658137075.6942277,-0.49799370765686035,1.5713839530944824,243,314
2026-07-31T12:41:28.100292+00:00,13707.578152211,57.095695,1658137074.0248199,1658137074.5248108,1658137076.1442509,-0.49999094009399414,1.6194400787353516,246,317
2026-07-31T12:41:28.555150+00:00,13708.033009168,57.550552,1658137074.5248148,1658137075.0220394,1658137076.6192737,-0.4972245693206787,1.5972342491149902,249,320
2026-07-31T12:41:29.020055+00:00,13708.497914801,58.015457,1658137074.8249362,1658137075.5248363,1658137077.069287,-0.6999001502990723,1.5444507598876953,252,323
2026-07-31T12:41:29.628036+00:00,13709.105895988,58.623438,1658137075.5248404,1658137076.12473,1658137077.6943102,-0.5998897552490234,1.569580078125,256,327
2026-07-31T12:41:30.093072+00:00,13709.570932890,59.088475,1658137076.124909,1658137076.524909,1658137078.1443436,-0.40000009536743164,1.6194345951080322,259,330
2026-07-31T12:41:30.545970+00:00,13710.023829814,59.541372,1658137076.5249133,1658137077.0248535,1658137078.594391,-0.4999401569366455,1.56953763961792,262,333
2026-07-31T12:41:31.157110+00:00,13710.634969785,60.152512,1658137077.3249133,1658137077.6248858,1658137079.2193673,-0.2999725341796875,1.5944814682006836,266,337
2026-07-31T12:41:31.619825+00:00,13711.097685833,60.615228,1658137077.724753,1658137078.1247327,1658137079.6693883,-0.399979829788208,1.5446555614471436,269,340
2026-07-31T12:41:32.071235+00:00,13711.549095075,61.066638,1658137078.1247368,1658137078.524473,1658137080.1194093,-0.3997361660003662,1.5949363708496094,272,343
2026-07-31T12:41:32.520448+00:00,13711.998308946,61.515851,1658137078.4247305,1658137079.0247393,1658137080.569416,-0.6000087261199951,1.5446767807006836,275,346
2026-07-31T12:41:33.127888+00:00,13712.605748595,62.123291,1658137079.0247433,1658137079.6237257,1658137081.1694481,-0.5989823341369629,1.545722484588623,279,350
2026-07-31T12:41:33.588520+00:00,13713.067641497,62.585184,1658137079.4248242,1658137080.0228672,1658137081.644472,-0.5980429649353027,1.6216046810150146,282,353
2026-07-31T12:41:34.044778+00:00,13713.523899288,63.041442,1658137079.8248222,1658137080.524719,1658137082.0944796,-0.6998968124389648,1.5697605609893799,285,356
2026-07-31T12:41:34.653144+00:00,13714.132265485,63.649808,1658137080.6249082,1658137081.124519,1658137082.7195172,-0.49961090087890625,1.5949981212615967,289,360
2026-07-31T12:41:35.118241+00:00,13714.597363131,64.114906,1658137081.1247315,1658137081.6248791,1658137083.1695974,-0.5001475811004639,1.5447182655334473,292,363
2026-07-31T12:41:35.582000+00:00,13715.061121236,64.578664,1658137081.4247339,1658137082.023569,1658137083.6445682,-0.5988352298736572,1.6209990978240967,295,366
2026-07-31T12:41:36.035632+00:00,13715.514754335,65.032297,1658137082.0247636,1658137082.4247797,1658137084.094572,-0.40001606941223145,1.6697924137115479,298,369
2026-07-31T12:41:36.645418+00:00,13716.124539912,65.642082,1658137082.4248672,1658137083.1245635,1658137084.6945844,-0.6996963024139404,1.5700209140777588,302,373
2026-07-31T12:41:37.101299+00:00,13716.580420768,66.097963,1658137082.7247617,1658137083.5247993,1658137085.144603,-0.8000376224517822,1.6198036670684814,305,376
2026-07-31T12:41:37.564797+00:00,13717.043918912,66.561461,1658137083.1247466,1658137084.0248013,1658137085.6196256,-0.9000546932220459,1.5948243141174316,308,379
2026-07-31T12:41:38.025309+00:00,13717.504430903,67.021973,1658137083.724925,1658137084.4247751,1658137086.0696442,-0.6998500823974609,1.644869089126587,311,382
2026-07-31T12:41:38.633237+00:00,13718.112358568,67.629901,1658137084.7248228,1658137085.124904,1658137086.6946757,-0.40008115768432617,1.5697717666625977,315,386
2026-07-31T12:41:39.089860+00:00,13718.568982234,68.086525,1658137085.224742,1658137085.5246804,1658137087.1446931,-0.299938440322876,1.6200127601623535,318,389
2026-07-31T12:41:39.547709+00:00,13719.026830773,68.544373,1658137085.7247639,1658137086.0248163,1658137087.5947037,-0.3000524044036865,1.569887399673462,321,392
2026-07-31T12:41:40.157186+00:00,13719.636306927,69.153849,1658137086.2248445,1658137086.624648,1658137088.2198427,-0.39980363845825195,1.5951945781707764,325,396
2026-07-31T12:41:40.615582+00:00,13720.094703610,69.612246,1658137086.7248173,1658137087.1241539,1658137088.6697478,-0.399336576461792,1.5455939769744873,328,399
2026-07-31T12:41:41.078730+00:00,13720.557851801,70.075394,1658137087.2249055,1658137087.5249188,1658137089.1447763,-0.30001330375671387,1.6198575496673584,331,402
2026-07-31T12:41:41.525406+00:00,13721.004527890,70.522070,1658137087.6247754,1658137088.0247471,1658137089.569862,-0.39997172355651855,1.5451147556304932,334,405
2026-07-31T12:41:42.129146+00:00,13721.608267865,71.125810,1658137088.2248106,1658137088.6248188,1658137090.1948051,-0.4000082015991211,1.569986343383789,338,409
2026-07-31T12:41:42.581241+00:00,13722.060363581,71.577906,1658137088.72482,1658137089.0248158,1658137090.6448274,-0.29999589920043945,1.620011568069458,341,412
2026-07-31T12:41:43.042331+00:00,13722.521453036,72.038996,1658137089.124918,1658137089.5246859,1658137091.0948467,-0.3997678756713867,1.5701608657836914,344,415
2026-07-31T12:41:43.651661+00:00,13723.130781652,72.648324,1658137089.9247792,1658137090.1246352,1658137091.6948733,-0.19985604286193848,1.5702381134033203,348,419
2026-07-31T12:41:44.105588+00:00,13723.584709757,73.102252,1658137090.3248444,1658137090.5246933,1658137092.1698847,-0.19984889030456543,1.6451914310455322,351,422
2026-07-31T12:41:44.563836+00:00,13724.042958213,73.560501,1658137090.6248267,1658137091.0247028,1658137092.6199107,-0.39987611770629883,1.595207929611206,354,425
2026-07-31T12:41:45.024171+00:00,13724.503293368,74.020836,1658137090.9248588,1658137091.4246864,1658137093.0699124,-0.49982762336730957,1.645226001739502,357,428
2026-07-31T12:41:45.626130+00:00,13725.105251861,74.622794,1658137091.3249133,1658137092.1247158,1658137093.669995,-0.7998025417327881,1.5452792644500732,361,432
2026-07-31T12:41:46.076789+00:00,13725.555911081,75.073454,1658137091.6248083,1658137092.5246224,1658137094.1199927,-0.8998141288757324,1.5953702926635742,364,435
2026-07-31T12:41:46.531011+00:00,13726.010132637,75.527675,1658137091.9248316,1658137093.0248413,1658137094.594988,-1.1000096797943115,1.5701467990875244,367,438
2026-07-31T12:41:47.145387+00:00,13726.624508984,76.142051,1658137092.7248266,1658137093.6246393,1658137095.1950214,-0.8998126983642578,1.5703821182250977,371,442
2026-07-31T12:41:47.599399+00:00,13727.078520466,76.596063,1658137093.124808,1658137094.0248737,1658137095.6450324,-0.9000656604766846,1.6201586723327637,374,445
2026-07-31T12:41:48.050303+00:00,13727.529424603,77.046967,1658137093.824942,1658137094.523731,1658137096.095063,-0.6987888813018799,1.5713319778442383,377,448
2026-07-31T12:41:48.648340+00:00,13728.127461302,77.645004,1658137094.5249166,1658137095.1248176,1658137096.69507,-0.5999009609222412,1.5702524185180664,381,452
2026-07-31T12:41:49.108394+00:00,13728.587515355,78.105058,1658137094.9248962,1658137095.5245974,1658137097.1700838,-0.5997011661529541,1.6454863548278809,384,455
2026-07-31T12:41:49.563291+00:00,13729.042412836,78.559955,1658137095.4248464,1658137096.024763,1658137097.6201146,-0.5999166965484619,1.5953514575958252,387,458
2026-07-31T12:41:50.177966+00:00,13729.657088327,79.174631,1658137096.124859,1658137096.624704,1658137098.2451332,-0.4998447895050049,1.620429277420044,391,462
2026-07-31T12:41:50.632243+00:00,13730.111364749,79.628907,1658137096.424771,1658137097.1245935,1658137098.6951544,-0.6998224258422852,1.5705609321594238,394,465
2026-07-31T12:41:51.093143+00:00,13730.572264625,80.089807,1658137097.0247204,1658137097.5248075,1658137099.145189,-0.5000870227813721,1.6203815937042236,397,468
2026-07-31T12:41:51.544812+00:00,13731.023933286,80.541476,1658137097.5248117,1658137098.0247915,1658137099.5952017,-0.49997973442077637,1.5704102516174316,400,471
2026-07-31T12:41:52.148233+00:00,13731.627352833,81.144895,1658137098.224917,1658137098.623692,1658137100.1952257,-0.3987751007080078,1.5715336799621582,404,475
2026-07-31T12:41:52.603262+00:00,13732.082384453,81.599927,1658137098.6249201,1658137099.024867,1658137100.6702602,-0.399946928024292,1.6453931331634521,407,478
2026-07-31T12:41:53.059145+00:00,13732.538267432,82.055810,1658137099.024913,1658137099.524769,1658137101.120269,-0.49985599517822266,1.5954999923706055,410,481
2026-07-31T12:41:53.661657+00:00,13733.140778716,82.658321,1658137099.7248068,1658137100.1248946,1658137101.7202768,-0.400087833404541,1.5953822135925293,414,485
2026-07-31T12:41:54.117647+00:00,13733.596769017,83.114311,1658137100.0248022,1658137100.6249037,1658137102.1703029,-0.6001014709472656,1.5453991889953613,417,488
2026-07-31T12:41:54.565963+00:00,13734.045084615,83.562627,1658137100.3249083,1658137101.0247388,1658137102.620314,-0.6998305320739746,1.5955750942230225,420,491
2026-07-31T12:41:55.021289+00:00,13734.500410483,84.017953,1658137100.924904,1658137101.5247455,1658137103.0703256,-0.5998413562774658,1.5455801486968994,423,494
2026-07-31T12:41:55.623839+00:00,13735.102961258,84.620504,1658137101.3248105,1658137102.123719,1658137103.6703637,-0.7989084720611572,1.546644687652588,427,498
2026-07-31T12:41:56.077568+00:00,13735.556689590,85.074232,1658137101.7249224,1658137102.523608,1658137104.120362,-0.7986855506896973,1.5967540740966797,430,501
2026-07-31T12:41:56.531947+00:00,13736.011067075,85.528610,1658137102.0248158,1658137103.024861,1658137104.5954,-1.0000452995300293,1.5705389976501465,433,504
2026-07-31T12:41:57.129304+00:00,13736.608425559,86.125968,1658137102.9247181,1658137103.6248114,1658137105.1954226,-0.7000932693481445,1.5706112384796143,437,508
2026-07-31T12:41:57.575856+00:00,13737.054978126,86.572521,1658137103.5247467,1658137104.0243587,1658137105.6204374,-0.49961209297180176,1.596078634262085,440,511
2026-07-31T12:41:58.034755+00:00,13737.513877057,87.031420,1658137104.1249173,1658137104.5248878,1658137106.0954428,-0.39997053146362305,1.5705549716949463,443,514
2026-07-31T12:41:58.634796+00:00,13738.113917670,87.631460,1658137104.824905,1658137105.124916,1658137106.6954703,-0.30001115798950195,1.570554256439209,447,518
2026-07-31T12:41:59.093271+00:00,13738.572391824,88.089934,1658137105.3248525,1658137105.5241203,1658137107.1455061,-0.19926786422729492,1.6213858127593994,450,521
2026-07-31T12:41:59.546087+00:00,13739.025208500,88.542751,1658137105.6247663,1658137106.0247717,1658137107.5955179,-0.4000053405761719,1.5707461833953857,453,524
2026-07-31T12:42:00.146083+00:00,13739.625204643,89.142747,1658137106.2247093,1658137106.6247494,1658137108.1955483,-0.4000401496887207,1.5707988739013672,457,528
2026-07-31T12:42:00.599499+00:00,13740.078620750,89.596163,1658137106.724851,1658137107.0247307,1658137108.645563,-0.299879789352417,1.6208322048187256,460,531
2026-07-31T12:42:01.054575+00:00,13740.533696865,90.051239,1658137107.0247347,1658137107.524861,1658137109.1205773,-0.5001263618469238,1.5957162380218506,463,534
2026-07-31T12:42:01.664200+00:00,13741.143321649,90.660864,1658137107.7249262,1658137108.123445,1658137109.7205875,-0.39851880073547363,1.5971424579620361,467,538
2026-07-31T12:42:02.113578+00:00,13741.592700306,91.110243,1658137108.0248303,1658137108.5246997,1658137110.170614,-0.49986934661865234,1.6459143161773682,470,541
2026-07-31T12:42:02.569827+00:00,13742.048948623,91.566491,1658137108.5247664,1658137109.0248396,1658137110.6206295,-0.5000731945037842,1.595789909362793,473,544
2026-07-31T12:42:03.020898+00:00,13742.500019827,92.017562,1658137108.92476,1658137109.5247095,1658137111.0706525,-0.5999493598937988,1.545943021774292,476,547
2026-07-31T12:42:03.631520+00:00,13743.111677985,92.629220,1658137109.4248683,1658137110.1247194,1658137111.6957989,-0.6998510360717773,1.5710794925689697,480,551
2026-07-31T12:42:04.078129+00:00,13743.558287676,93.075830,1658137109.7248955,1658137110.5248733,1658137112.1456883,-0.7999777793884277,1.6208150386810303,483,554
2026-07-31T12:42:04.540127+00:00,13744.020284004,93.537826,1658137110.1247818,1658137111.0248427,1658137112.5957084,-0.9000608921051025,1.5708656311035156,486,557
2026-07-31T12:42:05.148629+00:00,13744.628787587,94.146330,1658137110.624731,1658137111.6248393,1658137113.195742,-1.000108242034912,1.5709025859832764,490,561
2026-07-31T12:42:05.599330+00:00,13745.079487709,94.597030,1658137111.324809,1658137112.0246665,1658137113.645761,-0.6998574733734131,1.6210944652557373,493,564
2026-07-31T12:42:06.055820+00:00,13745.535978123,95.053521,1658137112.1248028,1658137112.5245612,1658137114.1207802,-0.39975833892822266,1.5962190628051758,496,567
2026-07-31T12:42:06.650569+00:00,13746.130727266,95.648270,1658137112.624912,1658137113.1248224,1658137114.6958046,-0.4999103546142578,1.5709822177886963,500,571
2026-07-31T12:42:07.105810+00:00,13746.585967808,96.103510,1658137113.0247874,1658137113.5245762,1658137115.1708136,-0.499788761138916,1.6462373733520508,503,574
2026-07-31T12:42:07.555261+00:00,13747.035418964,96.552961,1658137113.6248226,1658137114.0248892,1658137115.6208305,-0.400066614151001,1.5959413051605225,506,577
2026-07-31T12:42:08.155551+00:00,13747.635709316,97.153252,1658137114.224838,1658137114.6241498,1658137116.2208526,-0.39931178092956543,1.5967028141021729,510,581
2026-07-31T12:42:08.608414+00:00,13748.088572262,97.606115,1658137114.6248643,1658137115.024126,1658137116.6708655,-0.3992617130279541,1.6467394828796387,513,584
2026-07-31T12:42:09.061290+00:00,13748.541447090,98.058990,1658137115.12493,1658137115.5248055,1658137117.1208916,-0.3998756408691406,1.596086025238037,516,587
2026-07-31T12:42:09.662332+00:00,13749.142490451,98.660033,1658137115.7247524,1658137116.1247406,1658137117.7209144,-0.39998817443847656,1.5961737632751465,520,591
2026-07-31T12:42:10.122715+00:00,13749.602873031,99.120415,1658137116.0248997,1658137116.623746,1658137118.1709387,-0.5988461971282959,1.5471928119659424,523,594
2026-07-31T12:42:10.580156+00:00,13750.060314176,99.577857,1658137116.6247444,1658137117.0247564,1658137118.645954,-0.4000120162963867,1.6211974620819092,526,597
2026-07-31T12:42:11.030579+00:00,13750.510736552,100.028279,1658137117.1248531,1658137117.5247474,1658137119.0959864,-0.39989423751831055,1.5712389945983887,529,600
2026-07-31T12:42:11.628160+00:00,13751.108318008,100.625860,1658137117.7249222,1658137118.1247654,1658137119.6960025,-0.3998432159423828,1.5712370872497559,533,604
2026-07-31T12:42:12.076787+00:00,13751.556944859,101.074487,1658137118.2247415,1658137118.5247047,1658137120.1210108,-0.29996323585510254,1.5963060855865479,536,607
2026-07-31T12:42:12.534238+00:00,13752.014396280,101.531939,1658137118.624884,1658137119.0247478,1658137120.5960317,-0.39986395835876465,1.5712838172912598,539,610
2026-07-31T12:42:13.140176+00:00,13752.620333882,102.137876,1658137119.2249293,1658137119.6245785,1658137121.1960595,-0.39964914321899414,1.5714809894561768,543,614
2026-07-31T12:42:13.588595+00:00,13753.068753829,102.586296,1658137119.6249151,1658137120.0246933,1658137121.6460793,-0.3997781276702881,1.6213860511779785,546,617
2026-07-31T12:42:14.037401+00:00,13753.517558919,103.035101,1658137119.924806,1658137120.5237048,1658137122.0960824,-0.5988986492156982,1.5723776817321777,549,620
2026-07-31T12:42:14.643546+00:00,13754.123704311,103.641247,1658137120.5248308,1658137121.1247828,1658137122.6961098,-0.599951982498169,1.5713269710540771,553,624
2026-07-31T12:42:15.099649+00:00,13754.579807539,104.097350,1658137120.9248502,1658137121.5248523,1658137123.1461222,-0.6000020503997803,1.621269941329956,556,627
2026-07-31T12:42:15.555388+00:00,13755.035545589,104.553088,1658137121.4247122,1658137122.0248601,1658137123.6211483,-0.6001479625701904,1.5962882041931152,559,630
2026-07-31T12:42:16.163008+00:00,13755.643165846,105.160708,1658137122.1248252,1658137122.6249163,1658137124.2211714,-0.5000910758972168,1.5962550640106201,563,634
2026-07-31T12:42:16.625657+00:00,13756.105815959,105.623358,1658137122.5248225,1658137123.1247313,1658137124.6711924,-0.5999088287353516,1.5464611053466797,566,637
2026-07-31T12:42:17.072148+00:00,13756.552306051,106.069849,1658137123.1247356,1658137123.5238636,1658137125.1212132,-0.3991279602050781,1.5973496437072754,569,640
2026-07-31T12:42:17.523707+00:00,13757.003864634,106.521407,1658137123.624751,1658137124.024793,1658137125.5712225,-0.4000418186187744,1.5464296340942383,572,643
2026-07-31T12:42:18.132561+00:00,13757.612720143,107.130263,1658137124.1249063,1658137124.6248121,1658137126.196259,-0.4999058246612549,1.5714468955993652,576,647
2026-07-31T12:42:18.585198+00:00,13758.065356890,107.582899,1658137124.7249131,1658137125.0248163,1658137126.64628,-0.29990315437316895,1.6214637756347656,579,650
2026-07-31T12:42:19.030746+00:00,13758.510903738,108.028446,1658137125.0248203,1658137125.524766,1658137127.0962992,-0.49994564056396484,1.571533203125,582,653
2026-07-31T12:42:19.633753+00:00,13759.113911021,108.631453,1658137125.52477,1658137126.1247702,1658137127.696313,-0.6000001430511475,1.571542739868164,586,657
2026-07-31T12:42:20.100336+00:00,13759.580494544,109.098037,1658137126.0248187,1658137126.5247838,1658137128.1463392,-0.49996519088745117,1.6215553283691406,589,660
2026-07-31T12:42:20.555820+00:00,13760.035978536,109.553521,1658137126.5248256,1658137127.0243871,1658137128.62135,-0.4995615482330322,1.5969629287719727,592,663
2026-07-31T12:42:21.156450+00:00,13760.636607922,110.154150,1658137127.1248515,1658137127.6248682,1658137129.221365,-0.5000166893005371,1.596496820449829,596,667
2026-07-31T12:42:21.613578+00:00,13761.093735692,110.611278,1658137127.6249268,1658137128.0248706,1658137129.6713922,-0.39994382858276367,1.6465215682983398,599,670
2026-07-31T12:42:22.065689+00:00,13761.545847288,111.063390,1658137128.1247234,1658137128.5244756,1658137130.121398,-0.399752140045166,1.5969223976135254,602,673
2026-07-31T12:42:22.669073+00:00,13762.149230962,111.666773,1658137128.8248181,1658137129.1248367,1658137130.72144,-0.3000185489654541,1.5966033935546875,606,677
2026-07-31T12:42:23.121218+00:00,13762.601376207,112.118919,1658137129.2248106,1658137129.624681,1658137131.1715071,-0.3998703956604004,1.5468261241912842,609,680
2026-07-31T12:42:23.568857+00:00,13763.049015168,112.566558,1658137129.624735,1658137130.024849,1658137131.62147,-0.4001138210296631,1.596621036529541,612,683
2026-07-31T12:42:24.033016+00:00,13763.513173210,113.030716,1658137129.9247618,1658137130.424712,1658137132.0964863,-0.4999501705169678,1.6717743873596191,615,686
2026-07-31T12:42:24.654716+00:00,13764.134874520,113.652417,1658137130.324867,1658137131.124559,1658137132.7215343,-0.799691915512085,1.596975326538086,619,690
2026-07-31T12:42:25.119125+00:00,13764.599281848,114.116824,1658137130.624761,1658137131.6248956,1658137133.17155,-1.0001344680786133,1.546654462814331,622,693
2026-07-31T12:42:25.573771+00:00,13765.053929623,114.571472,1658137130.924915,1658137132.0238416,1658137133.6215556,-1.0989265441894531,1.5977139472961426,625,696
2026-07-31T12:42:26.034433+00:00,13765.514591861,115.032134,1658137131.3247721,1658137132.5241914,1658137134.0965683,-1.1994192600250244,1.5723769664764404,628,699
2026-07-31T12:42:26.637216+00:00,13766.117373663,115.634916,1658137132.5248318,1658137133.1247354,1658137134.6966002,-0.5999035835266113,1.5718648433685303,632,703
2026-07-31T12:42:27.084114+00:00,13766.564272007,116.081814,1658137133.0249004,1658137133.5247707,1658137135.1466265,-0.49987030029296875,1.6218557357788086,635,706
2026-07-31T12:42:27.538588+00:00,13767.018746763,116.536289,1658137133.424737,1658137134.0248952,1658137135.5966263,-0.6001582145690918,1.5717310905456543,638,709
2026-07-31T12:42:28.138887+00:00,13767.619045720,117.136588,1658137134.2248383,1658137134.624463,1658137136.196669,-0.3996248245239258,1.5722060203552246,642,713
2026-07-31T12:42:28.593663+00:00,13768.073821617,117.591364,1658137134.7249038,1658137135.0249217,1658137136.646676,-0.3000178337097168,1.6217544078826904,645,716
2026-07-31T12:42:29.048490+00:00,13768.528648582,118.046191,1658137135.2248557,1658137135.5246785,1658137137.0966947,-0.2998228073120117,1.5720162391662598,648,719
2026-07-31T12:42:29.656435+00:00,13769.136593364,118.654136,1658137135.8249109,1658137136.1246703,1658137137.721722,-0.2997593879699707,1.5970516204833984,652,723
2026-07-31T12:42:30.108925+00:00,13769.589082978,119.106625,1658137136.224804,1658137136.5249064,1658137138.1717365,-0.30010247230529785,1.6468300819396973,655,726
2026-07-31T12:42:30.569750+00:00,13770.049908135,119.567451,1658137136.6247454,1658137137.024851,1658137138.6217518,-0.40010571479797363,1.5969007015228271,658,729
2026-07-31T12:42:31.020200+00:00,13770.500358820,120.017901,1658137137.0248556,1658137137.5238974,1658137139.0717854,-0.4990417957305908,1.5478880405426025,661,732
2026-07-31T12:42:31.627623+00:00,13771.107781295,120.625324,1658137137.7248008,1658137138.1249092,1658137139.6717873,-0.40010833740234375,1.5468780994415283,665,736
2026-07-31T12:42:32.087746+00:00,13771.567896787,121.085439,1658137138.3249145,1658137138.524846,1658137140.146808,-0.19993162155151367,1.6219618320465088,668,739
2026-07-31T12:42:32.536338+00:00,13772.016496405,121.534039,1658137138.724906,1658137139.0248997,1658137140.5968359,-0.29999375343322754,1.5719361305236816,671,742
2026-07-31T12:42:33.141150+00:00,13772.621308468,122.138851,1658137139.3248138,1658137139.6246712,1658137141.1968548,-0.29985737800598145,1.572183609008789,675,746
2026-07-31T12:42:33.594113+00:00,13773.075259161,122.592802,1658137139.7247767,1658137140.0248127,1658137141.6468794,-0.3000359535217285,1.6220667362213135,678,749
2026-07-31T12:42:34.059284+00:00,13773.540429399,123.057972,1658137140.2248688,1658137140.5244315,1658137142.1218848,-0.2995626926422119,1.5974533557891846,681,752
2026-07-31T12:42:34.668346+00:00,13774.149492580,123.667035,1658137140.82476,1658137141.124765,1658137142.7219203,-0.3000049591064453,1.5971553325653076,685,756
2026-07-31T12:42:35.115434+00:00,13774.596579772,124.114122,1658137141.2248576,1658137141.6248467,1658137143.1719754,-0.39998912811279297,1.547128677368164,688,759
2026-07-31T12:42:35.562422+00:00,13775.043568302,124.561111,1658137141.8248503,1658137142.0245726,1658137143.6219437,-0.1997222900390625,1.5973711013793945,691,762
2026-07-31T12:42:36.162377+00:00,13775.643521953,125.161064,1658137142.3248796,1658137142.6238499,1658137144.2219725,-0.29897022247314453,1.5981225967407227,695,766
2026-07-31T12:42:36.620956+00:00,13776.102100688,125.619643,1658137142.624905,1658137143.1243052,1658137144.6720026,-0.49940013885498047,1.5476973056793213,698,769
2026-07-31T12:42:37.072604+00:00,13776.553750316,126.071293,1658137143.1247208,1658137143.5248888,1658137145.1220176,-0.40016794204711914,1.5971288681030273,701,772
2026-07-31T12:42:37.671357+00:00,13777.152501499,126.670044,1658137143.6247323,1658137144.1248353,1658137145.7220345,-0.5001029968261719,1.5971992015838623,705,776
2026-07-31T12:42:38.136843+00:00,13777.617988306,127.135531,1658137143.9249034,1658137144.6248167,1658137146.1970694,-0.6999132633209229,1.5722527503967285,708,779
2026-07-31T12:42:38.592438+00:00,13778.073582617,127.591125,1658137144.4248962,1658137145.024724,1658137146.6470656,-0.599827766418457,1.6223416328430176,711,782
2026-07-31T12:42:39.048038+00:00,13778.529184082,128.046727,1658137144.9248743,1658137145.5239277,1658137147.0971086,-0.5990533828735352,1.573180913925171,714,785
2026-07-31T12:42:39.646677+00:00,13779.127821686,128.645364,1658137145.5248346,1658137146.124845,1658137147.6971123,-0.6000103950500488,1.5722672939300537,718,789
2026-07-31T12:42:40.109817+00:00,13779.590963729,129.108506,1658137145.8248491,1658137146.52473,1658137148.1721396,-0.699880838394165,1.6474096775054932,721,792
2026-07-31T12:42:40.567619+00:00,13780.048765166,129.566308,1658137146.2248185,1658137147.024861,1658137148.6221602,-0.8000426292419434,1.5972990989685059,724,795
2026-07-31T12:42:41.020159+00:00,13780.501305349,130.018848,1658137146.5248797,1658137147.5249035,1658137149.0721638,-1.0000238418579102,1.5472602844238281,727,798
2026-07-31T12:42:41.620147+00:00,13781.101293641,130.618836,1658137147.324728,1658137148.124173,1658137149.6721904,-0.7994449138641357,1.5480175018310547,731,802
2026-07-31T12:42:42.080304+00:00,13781.561449356,131.078992,1658137148.1248763,1658137148.5248075,1658137150.1472135,-0.3999311923980713,1.622406005859375,734,805
2026-07-31T12:42:42.529656+00:00,13782.010801044,131.528344,1658137148.7247458,1658137149.023116,1658137150.5972404,-0.298370361328125,1.5741243362426758,737,808
2026-07-31T12:42:43.138909+00:00,13782.620054934,132.137597,1658137149.2248096,1658137149.6249173,1658137151.1972587,-0.40010762214660645,1.5723414421081543,741,812
2026-07-31T12:42:43.595435+00:00,13783.076581420,132.594124,1658137149.5248299,1658137150.024908,1658137151.6472733,-0.5000782012939453,1.6223652362823486,744,815
2026-07-31T12:42:44.052811+00:00,13783.533956933,133.051499,1658137149.9248147,1658137150.5247188,1658137152.1222942,-0.5999040603637695,1.5975754261016846,747,818
2026-07-31T12:42:44.660290+00:00,13784.141436290,133.658979,1658137150.3247814,1658137151.123286,1658137152.7223141,-0.7985045909881592,1.5990281105041504,751,822
2026-07-31T12:42:45.114178+00:00,13784.595324494,134.112867,1658137150.724923,1658137151.5247715,1658137153.1723971,-0.7998485565185547,1.6476256847381592,754,825
2026-07-31T12:42:45.566502+00:00,13785.047648467,134.565191,1658137151.2248442,1658137152.0225985,1658137153.622354,-0.7977542877197266,1.5997555255889893,757,828
2026-07-31T12:42:46.022913+00:00,13785.504058631,135.021601,1658137151.8249285,1658137152.5248764,1658137154.0723686,-0.6999478340148926,1.547492265701294,760,831
2026-07-31T12:42:46.630890+00:00,13786.112035932,135.629578,1658137152.7248197,1658137153.1248317,1658137154.6973906,-0.4000120162963867,1.572558879852295,764,835
2026-07-31T12:42:47.089030+00:00,13786.570176724,136.087719,1658137153.22475,1658137153.5246704,1658137155.1474144,-0.29992032051086426,1.622744083404541,767,838
2026-07-31T12:42:47.553312+00:00,13787.034458606,136.552001,1658137153.6248205,1658137154.0241525,1658137155.622431,-0.39933204650878906,1.598278522491455,770,841
2026-07-31T12:42:48.158774+00:00,13787.639920541,137.157463,1658137154.124903,1658137154.6247342,1658137156.2224581,-0.4998311996459961,1.5977239608764648,774,845
2026-07-31T12:42:48.612229+00:00,13788.093374589,137.610917,1658137154.5249095,1658137155.0247512,1658137156.6724732,-0.49984169006347656,1.6477220058441162,777,848
2026-07-31T12:42:49.057593+00:00,13788.538738707,138.056281,1658137154.9249043,1658137155.5238855,1658137157.1224961,-0.5989811420440674,1.5986106395721436,780,851
2026-07-31T12:42:49.663126+00:00,13789.144272428,138.661815,1658137155.324764,1658137156.1248376,1658137157.7225177,-0.8000736236572266,1.5976800918579102,784,855
2026-07-31T12:42:50.125544+00:00,13789.606689414,139.124232,1658137155.9249306,1658137156.6247437,1658137158.1725452,-0.6998131275177002,1.5478014945983887,787,858
2026-07-31T12:42:50.568701+00:00,13790.049847195,139.567390,1658137156.424699,1658137157.0246062,1658137158.62255,-0.5999071598052979,1.5979437828063965,790,861
2026-07-31T12:42:51.022503+00:00,13790.503649023,140.021191,1658137156.8249285,1658137157.5246594,1658137159.0725703,-0.6997308731079102,1.5479109287261963,793,864
2026-07-31T12:42:51.631785+00:00,13791.112931392,140.630474,1658137157.6248183,1658137158.124729,1658137159.6975927,-0.4999105930328369,1.5728638172149658,797,868
2026-07-31T12:42:52.090894+00:00,13791.572038466,141.089581,1658137158.1247535,1658137158.5247436,1658137160.1476133,-0.3999900817871094,1.6228697299957275,800,871
2026-07-31T12:42:52.540905+00:00,13792.022050793,141.539593,1658137158.424912,1658137159.024928,1658137160.597625,-0.6000161170959473,1.5726969242095947,803,874
2026-07-31T12:42:53.151583+00:00,13792.632728118,142.150271,1658137159.2248714,1658137159.6240404,1658137161.1976678,-0.3991689682006836,1.5736274719238281,807,878
2026-07-31T12:42:53.616164+00:00,13793.097310406,142.614853,1658137159.7248366,1658137160.124822,1658137161.672746,-0.39998531341552734,1.5479240417480469,810,881
2026-07-31T12:42:54.064786+00:00,13793.545932012,143.063474,1658137160.2249107,1658137160.5246582,1658137162.1226962,-0.2997474670410156,1.5980379581451416,813,884
2026-07-31T12:42:54.670479+00:00,13794.151625395,143.669168,1658137160.9248638,1658137161.1249173,1658137162.722715,-0.20005345344543457,1.5977976322174072,817,888
2026-07-31T12:42:55.120305+00:00,13794.601451822,144.118994,1658137161.3249083,1658137161.6242828,1658137163.1727898,-0.2993745803833008,1.5485069751739502,820,891
2026-07-31T12:42:55.580092+00:00,13795.061237833,144.578780,1658137161.7247524,1658137162.0248415,1658137163.647757,-0.30008912086486816,1.622915506362915,823,894
2026-07-31T12:42:56.035658+00:00,13795.516803440,145.034346,1658137162.1247318,1658137162.524453,1658137164.097774,-0.3997211456298828,1.5733211040496826,826,897
2026-07-31T12:42:56.643099+00:00,13796.124245514,145.641788,1658137162.6249259,1658137163.124715,1658137164.6978035,-0.4997892379760742,1.5730884075164795,830,901
2026-07-31T12:42:57.099066+00:00,13796.580211530,146.097754,1658137163.1247528,1658137163.5248237,1658137165.1478915,-0.4000709056854248,1.623067855834961,833,904
2026-07-31T12:42:57.558601+00:00,13797.039746775,146.557289,1658137163.5248277,1658137164.024807,1658137165.6228333,-0.49997925758361816,1.5980262756347656,836,907
2026-07-31T12:42:58.166037+00:00,13797.647183248,147.164726,1658137164.2247229,1658137164.624481,1658137166.2228503,-0.39975810050964355,1.5983693599700928,840,911
2026-07-31T12:42:58.619698+00:00,13798.100844466,147.618387,1658137164.524819,1658137165.1240113,1658137166.6728709,-0.5991923809051514,1.5488595962524414,843,914
2026-07-31T12:42:59.075974+00:00,13798.557120236,148.074663,1658137165.1247435,1658137165.5245476,1658137167.1228886,-0.39980411529541016,1.5983409881591797,846,917
2026-07-31T12:42:59.540598+00:00,13799.021744679,148.539287,1658137165.624772,1658137166.0248802,1658137167.5979059,-0.40010809898376465,1.5730257034301758,849,920
2026-07-31T12:43:00.142702+00:00,13799.623848564,149.141391,1658137166.2248085,1658137166.6247106,1658137168.1979873,-0.3999021053314209,1.5732767581939697,853,924
2026-07-31T12:43:00.599628+00:00,13800.080773956,149.598316,1658137166.8247714,1658137167.0248122,1658137168.6479425,-0.2000408172607422,1.6231303215026855,856,927
2026-07-31T12:43:01.059232+00:00,13800.540378087,150.057921,1658137167.3248744,1658137167.5249176,1658137169.1229746,-0.2000432014465332,1.5980570316314697,859,930
2026-07-31T12:43:01.522523+00:00,13801.003669917,150.521212,1658137167.7248511,1658137168.0247502,1658137169.5730228,-0.2998991012573242,1.5482726097106934,862,933
2026-07-31T12:43:02.124847+00:00,13801.605993056,151.123536,1658137168.324811,1658137168.6248085,1658137170.1730182,-0.29999756813049316,1.5482096672058105,866,937
2026-07-31T12:43:02.571203+00:00,13802.052348318,151.569891,1658137168.6248422,1658137169.0248,1658137170.6230245,-0.39995789527893066,1.598224401473999,869,940
2026-07-31T12:43:03.036156+00:00,13802.517303131,152.034846,1658137168.9247284,1658137169.524748,1658137171.0980453,-0.6000196933746338,1.5732972621917725,872,943
2026-07-31T12:43:03.639866+00:00,13803.122415267,152.639958,1658137169.3249247,1658137170.12461,1658137171.6980755,-0.7996852397918701,1.5734655857086182,876,947
2026-07-31T12:43:04.093425+00:00,13803.575974162,153.093517,1658137169.7249026,1658137170.5248363,1658137172.1480823,-0.799933671951294,1.6232459545135498,879,950
2026-07-31T12:43:04.551545+00:00,13804.034094067,153.551637,1658137170.3249238,1658137171.0242684,1658137172.5981128,-0.6993446350097656,1.5738444328308105,882,953
2026-07-31T12:43:05.160806+00:00,13804.643354550,154.160897,1658137171.024913,1658137171.6248715,1658137173.2231286,-0.5999584197998047,1.598257064819336,886,957
2026-07-31T12:43:05.617314+00:00,13805.099863458,154.617406,1658137171.524819,1658137172.124762,1658137173.6731377,-0.5999431610107422,1.5483756065368652,889,960
2026-07-31T12:43:06.065048+00:00,13805.547597339,155.065140,1658137172.024764,1658137172.5249052,1658137174.1231704,-0.5001411437988281,1.5982651710510254,892,963
2026-07-31T12:43:06.521472+00:00,13806.004020691,155.521563,1658137172.4247184,1658137172.9248195,1658137174.5731864,-0.5001010894775391,1.648366928100586,895,966
2026-07-31T12:43:07.122714+00:00,13806.605262815,156.122805,1658137172.824719,1658137173.624733,1658137175.1732025,-0.8000140190124512,1.5484695434570312,899,970
2026-07-31T12:43:07.580651+00:00,13807.063198969,156.580741,1658137173.424809,1658137174.0236082,1658137175.6482172,-0.5987992286682129,1.6246089935302734,902,973
2026-07-31T12:43:08.038743+00:00,13807.521292410,157.038835,1658137173.7248209,1658137174.5248709,1658137176.098234,-0.8000500202178955,1.5733630657196045,905,976
2026-07-31T12:43:08.636805+00:00,13808.119353889,157.636896,1658137174.2247562,1658137175.1248093,1658137176.6982589,-0.9000530242919922,1.5734496116638184,909,980
2026-07-31T12:43:09.092537+00:00,13808.575085350,158.092628,1658137175.1248136,1658137175.5248046,1658137177.1482656,-0.3999910354614258,1.6234610080718994,912,983
2026-07-31T12:43:09.552927+00:00,13809.035476381,158.553019,1658137175.6248128,1658137176.0248163,1658137177.6232948,-0.40000343322753906,1.5984785556793213,915,986
2026-07-31T12:43:10.161597+00:00,13809.644145804,159.161688,1658137176.324909,1658137176.6248035,1658137178.2233052,-0.2998945713043213,1.5985016822814941,919,990
2026-07-31T12:43:10.617184+00:00,13810.099733424,159.617276,1658137176.8247645,1658137177.1246078,1658137178.6733139,-0.29984331130981445,1.5487060546875,922,993
2026-07-31T12:43:11.075119+00:00,13810.557667882,160.075210,1658137177.2247558,1658137177.523109,1658137179.1233435,-0.2983531951904297,1.6002345085144043,925,996
2026-07-31T12:43:11.524011+00:00,13811.006559937,160.524102,1658137177.6248186,1658137178.0247614,1658137179.5733666,-0.39994287490844727,1.54860520362854,928,999
2026-07-31T12:43:12.129093+00:00,13811.611642003,161.129184,1658137178.2247193,1658137178.5247166,1658137180.1983855,-0.29999732971191406,1.6736688613891602,932,1003
2026-07-31T12:43:12.584212+00:00,13812.066761113,161.584304,1658137178.6249065,1658137179.02474,1658137180.648395,-0.39983344078063965,1.623655080795288,935,1006
2026-07-31T12:43:13.049058+00:00,13812.531607277,162.049150,1658137178.9249141,1658137179.5249135,1658137181.0984151,-0.5999994277954102,1.5735015869140625,938,1009
2026-07-31T12:43:13.652103+00:00,13813.134651966,162.652194,1658137179.424826,1658137180.1246493,1658137181.69844,-0.6998233795166016,1.5737907886505127,942,1013
2026-07-31T12:43:14.105554+00:00,13813.588102439,163.105645,1658137179.7248287,1658137180.524815,1658137182.173481,-0.7999863624572754,1.6486659049987793,945,1016
2026-07-31T12:43:14.559378+00:00,13814.041926799,163.559469,1658137180.1248076,1658137181.0247648,1658137182.6234932,-0.8999571800231934,1.5987284183502197,948,1019
2026-07-31T12:43:15.162121+00:00,13814.644669999,164.162212,1658137180.924922,1658137181.6246076,1658137183.2234979,-0.6996855735778809,1.5988903045654297,952,1023
2026-07-31T12:43:15.621880+00:00,13815.104428863,164.621971,1658137181.724779,1658137182.1249034,1658137183.6735141,-0.40012454986572266,1.5486106872558594,955,1026
2026-07-31T12:43:16.075447+00:00,13815.557996037,165.075539,1658137182.2247448,1658137182.5234275,1658137184.1235363,-0.29868268966674805,1.6001088619232178,958,1029
2026-07-31T12:43:16.523276+00:00,13816.005825682,165.523368,1658137182.6249146,1658137183.0249076,1658137184.57355,-0.3999929428100586,1.5486423969268799,961,1032
2026-07-31T12:43:17.137106+00:00,13816.619655428,166.137198,1658137183.2248442,1658137183.624677,1658137185.1985886,-0.39983272552490234,1.5739116668701172,965,1036
2026-07-31T12:43:17.585138+00:00,13817.067687529,166.585230,1658137183.6247396,1658137184.0247345,1658137185.6485934,-0.3999948501586914,1.62385892868042,968,1039
2026-07-31T12:43:18.030834+00:00,13817.513382326,167.030925,1658137184.0248468,1658137184.5246322,1658137186.0986173,-0.4997854232788086,1.5739850997924805,971,1042
2026-07-31T12:43:18.657942+00:00,13818.140490896,167.658033,1658137184.524778,1658137185.1246886,1658137186.7236829,-0.5999107360839844,1.598994255065918,975,1046
2026-07-31T12:43:19.121573+00:00,13818.604120829,168.121663,1658137184.9247515,1658137185.6247857,1658137187.1736627,-0.7000341415405273,1.5488770008087158,978,1049
2026-07-31T12:43:19.572444+00:00,13819.054992793,168.572535,1658137185.4248967,1658137186.0247037,1658137187.6236904,-0.5998070240020752,1.5989866256713867,981,1052
2026-07-31T12:43:20.026035+00:00,13819.508583174,169.026126,1658137185.8247397,1658137186.5245953,1658137188.0737107,-0.6998555660247803,1.5491154193878174,984,1055
2026-07-31T12:43:20.628048+00:00,13820.110597722,169.628140,1658137186.6248229,1658137187.1247587,1658137188.698718,-0.4999358654022217,1.5739593505859375,988,1059
2026-07-31T12:43:21.083232+00:00,13820.565780651,170.083323,1658137187.3249161,1658137187.5241492,1658137189.1487398,-0.1992330551147461,1.6245906352996826,991,1062
2026-07-31T12:43:21.534956+00:00,13821.017505870,170.535048,1658137187.7248986,1658137188.0237877,1658137189.5987628,-0.29888916015625,1.5749750137329102,994,1065
2026-07-31T12:43:22.141188+00:00,13821.623736243,171.141279,1658137188.3248994,1658137188.6248972,1658137190.1987774,-0.29999780654907227,1.5738801956176758,998,1069
2026-07-31T12:43:22.594605+00:00,13822.077153684,171.594696,1658137188.8248284,1658137189.0248983,1658137190.6488042,-0.20006990432739258,1.623905897140503,1001,1072
2026-07-31T12:43:23.049800+00:00,13822.532348816,172.049891,1658137189.224827,1658137189.5247366,1658137191.0988145,-0.2999095916748047,1.574077844619751,1004,1075
2026-07-31T12:43:23.653958+00:00,13823.136506446,172.654049,1658137189.724927,1658137190.1248999,1658137191.723838,-0.39997291564941406,1.598938226699829,1008,1079
2026-07-31T12:43:24.098465+00:00,13823.581013848,173.098556,1658137190.024815,1658137190.5248518,1658137192.148864,-0.5000367164611816,1.6240122318267822,1011,1082
2026-07-31T12:43:24.550059+00:00,13824.032608187,173.550151,1658137190.3249216,1658137191.0249224,1658137192.5988765,-0.7000007629394531,1.5739541053771973,1014,1085
2026-07-31T12:43:25.159236+00:00,13824.641785602,174.159328,1658137190.72491,1658137191.6247067,1658137193.2239091,-0.899796724319458,1.5992023944854736,1018,1089
2026-07-31T12:43:25.608406+00:00,13825.090954841,174.608497,1658137191.1247687,1658137192.0248342,1658137193.6739137,-0.9000654220581055,1.6490795612335205,1021,1092
2026-07-31T12:43:26.054003+00:00,13825.536552295,175.054095,1658137191.7248151,1658137192.5246665,1658137194.123943,-0.7998514175415039,1.5992765426635742,1024,1095
2026-07-31T12:43:26.653978+00:00,13826.136526838,175.654069,1658137192.9247491,1658137193.124899,1658137194.723964,-0.2001497745513916,1.5990650653839111,1028,1099
2026-07-31T12:43:27.107286+00:00,13826.589834994,176.107377,1658137193.3248177,1658137193.5247302,1658137195.1739867,-0.19991254806518555,1.6492564678192139,1031,1102
2026-07-31T12:43:27.548342+00:00,13827.030891112,176.548434,1658137193.8247747,1658137194.0225852,1658137195.5989985,-0.19781041145324707,1.5764133930206299,1034,1105
2026-07-31T12:43:28.159093+00:00,13827.641641699,177.159184,1658137194.424892,1658137194.6241617,1658137196.2240248,-0.19926977157592773,1.599863052368164,1038,1109
2026-07-31T12:43:28.609904+00:00,13828.092453385,177.609996,1658137194.8247292,1658137195.0247962,1658137196.6740372,-0.20006704330444336,1.6492409706115723,1041,1112
2026-07-31T12:43:29.064813+00:00,13828.547361606,178.064904,1658137195.3248835,1658137195.5248184,1658137197.1240568,-0.1999349594116211,1.599238395690918,1044,1115
2026-07-31T12:43:29.666020+00:00,13829.148569180,178.666112,1658137195.8248315,1658137196.1236405,1658137197.724083,-0.2988090515136719,1.6004424095153809,1048,1119
2026-07-31T12:43:30.119285+00:00,13829.601833936,179.119376,1658137196.224827,1658137196.6246178,1658137198.1741438,-0.39979076385498047,1.5495259761810303,1051,1122
2026-07-31T12:43:30.570109+00:00,13830.052657977,179.570200,1658137196.72473,1658137197.0242434,1658137198.6241243,-0.2995133399963379,1.5998809337615967,1054,1125
2026-07-31T12:43:31.023912+00:00,13830.506460139,180.024003,1658137197.1248245,1658137197.5248322,1658137199.0741835,-0.4000077247619629,1.5493512153625488,1057,1128
2026-07-31T12:43:31.631777+00:00,13831.114325111,180.631868,1658137197.724837,1658137198.124783,1658137199.6991632,-0.3999459743499756,1.5743801593780518,1061,1132
2026-07-31T12:43:32.081966+00:00,13831.564515098,181.082058,1658137198.2249222,1658137198.52485,1658137200.1491785,-0.2999277114868164,1.62432861328125,1064,1135
2026-07-31T12:43:32.537093+00:00,13832.019641989,181.537184,1658137198.624829,1658137199.0239751,1658137200.5991945,-0.39914608001708984,1.5752193927764893,1067,1138
2026-07-31T12:43:33.141123+00:00,13832.623672659,182.141215,1658137199.2247598,1658137199.6248486,1658137201.1992118,-0.4000887870788574,1.5743632316589355,1071,1142
2026-07-31T12:43:33.583268+00:00,13833.067082549,182.584625,1658137199.7248206,1658137200.024781,1658137201.6492474,-0.2999603748321533,1.6244664192199707,1074,1145
2026-07-31T12:43:34.030150+00:00,13833.513963923,183.031506,1658137200.1249168,1658137200.5248785,1658137202.099255,-0.3999617099761963,1.5743765830993652,1077,1148
2026-07-31T12:43:34.629366+00:00,13834.113182090,183.630725,1658137200.6247509,1658137201.124589,1658137202.6992776,-0.49983811378479004,1.5746886730194092,1081,1152
2026-07-31T12:43:35.084541+00:00,13834.568355527,184.085898,1658137201.0248451,1658137201.523684,1658137203.1492953,-0.4988389015197754,1.6256113052368164,1084,1155
2026-07-31T12:43:35.533717+00:00,13835.017532366,184.535075,1658137201.32482,1658137202.0248919,1658137203.59931,-0.7000718116760254,1.574418067932129,1087,1158
2026-07-31T12:43:36.141470+00:00,13835.625284709,185.142827,1658137201.9248233,1658137202.6248207,1658137204.1993387,-0.6999974250793457,1.5745179653167725,1091,1162
2026-07-31T12:43:36.596246+00:00,13836.080061423,185.597604,1658137202.5247684,1658137203.0246868,1658137204.649357,-0.49991846084594727,1.6246702671051025,1094,1165
2026-07-31T12:43:37.050143+00:00,13836.533957314,186.051500,1658137203.0248363,1658137203.5244,1658137205.0993745,-0.49956369400024414,1.574974536895752,1097,1168
2026-07-31T12:43:37.651759+00:00,13837.135573877,186.653116,1658137203.8247485,1658137204.1249027,1658137205.6993911,-0.3001542091369629,1.5744884014129639,1101,1172
2026-07-31T12:43:38.101284+00:00,13837.585099190,187.102642,1658137204.1249073,1658137204.5248225,1658137206.1494143,-0.3999152183532715,1.6245918273925781,1104,1175
2026-07-31T12:43:38.562071+00:00,13838.045886485,187.563429,1658137204.424739,1658137205.023249,1658137206.6244316,-0.5985100269317627,1.6011826992034912,1107,1178
2026-07-31T12:43:39.168139+00:00,13838.651953881,188.169496,1658137204.9248047,1658137205.6247458,1658137207.2244625,-0.6999411582946777,1.5997166633605957,1111,1182
2026-07-31T12:43:39.612778+00:00,13839.096592209,188.614135,1658137205.32484,1658137206.0248384,1658137207.6745288,-0.6999983787536621,1.6496903896331787,1114,1185
2026-07-31T12:43:40.067289+00:00,13839.551104001,189.068646,1658137205.8249238,1658137206.524743,1658137208.1244905,-0.6998193264007568,1.5997474193572998,1117,1188
2026-07-31T12:43:40.525626+00:00,13840.009440799,189.526983,1658137206.2249012,1658137207.024822,1658137208.5745218,-0.7999207973480225,1.5496997833251953,1120,1191
2026-07-31T12:43:41.124243+00:00,13840.608057757,190.125600,1658137206.8248897,1658137207.6222131,1658137209.1745503,-0.79732346534729,1.5523371696472168,1124,1195
2026-07-31T12:43:41.571401+00:00,13841.055216265,190.572759,1658137207.3249254,1658137208.0239656,1658137209.6245534,-0.6990401744842529,1.6005878448486328,1127,1198
2026-07-31T12:43:42.023944+00:00,13841.507759713,191.025302,1658137207.6248279,1658137208.4236927,1658137210.074619,-0.7988648414611816,1.6509263515472412,1130,1201
2026-07-31T12:43:42.623918+00:00,13842.107732943,191.625275,1658137208.524927,1658137209.1248071,1658137210.6745932,-0.5998802185058594,1.54978609085083,1134,1205
2026-07-31T12:43:43.077625+00:00,13842.561440145,192.078983,1658137209.1248236,1658137209.5246603,1658137211.1496298,-0.39983677864074707,1.624969482421875,1137,1208
2026-07-31T12:43:43.527984+00:00,13843.011799528,192.529342,1658137209.4247541,1658137210.0237722,1658137211.5996294,-0.5990180969238281,1.575857162475586,1140,1211
2026-07-31T12:43:44.126340+00:00,13843.610155554,193.127698,1658137210.224844,1658137210.6246188,1658137212.1746666,-0.39977478981018066,1.5500478744506836,1144,1215
2026-07-31T12:43:44.581931+00:00,13844.065746932,193.583289,1658137210.624897,1658137211.0246973,1658137212.6496706,-0.39980030059814453,1.6249732971191406,1147,1218
2026-07-31T12:43:45.036291+00:00,13844.520104984,194.037647,1658137211.0247805,1658137211.52465,1658137213.0996983,-0.49986958503723145,1.5750482082366943,1150,1221
2026-07-31T12:43:45.636399+00:00,13845.120213621,194.637756,1658137211.7247572,1658137212.1247113,1658137213.6997135,-0.39995408058166504,1.5750021934509277,1154,1225
2026-07-31T12:43:46.087580+00:00,13845.571395390,195.088938,1658137212.3247695,1658137212.524506,1658137214.1497393,-0.1997365951538086,1.6252331733703613,1157,1228
2026-07-31T12:43:46.550391+00:00,13846.034203390,195.551746,1658137212.624807,1658137213.024898,1658137214.5997586,-0.40009117126464844,1.5748605728149414,1160,1231
2026-07-31T12:43:47.151717+00:00,13846.635532207,196.153075,1658137213.2248433,1658137213.6247742,1658137215.1997728,-0.3999309539794922,1.5749986171722412,1164,1235
2026-07-31T12:43:47.603207+00:00,13847.087022109,196.604565,1658137213.6247866,1658137214.022102,1658137215.6748097,-0.39731550216674805,1.652707576751709,1167,1238
2026-07-31T12:43:48.058623+00:00,13847.542438606,197.059981,1658137214.1247342,1658137214.5247724,1658137216.1248214,-0.4000382423400879,1.6000490188598633,1170,1241
2026-07-31T12:43:48.666055+00:00,13848.149869764,197.667412,1658137214.924751,1658137215.1241653,1658137216.7248347,-0.19941425323486328,1.6006693840026855,1174,1245
2026-07-31T12:43:49.123930+00:00,13848.607744883,198.125287,1658137215.324845,1658137215.6235979,1658137217.1748652,-0.2987527847290039,1.551267385482788,1177,1248
2026-07-31T12:43:49.566927+00:00,13849.050742290,198.568285,1658137215.724843,1658137216.024093,1658137217.6248994,-0.29924988746643066,1.600806474685669,1180,1251
2026-07-31T12:43:50.165986+00:00,13849.649801307,199.167344,1658137216.3248127,1658137216.6247747,1658137218.2248974,-0.29996204376220703,1.6001226902008057,1184,1255
2026-07-31T12:43:50.616817+00:00,13850.100632073,199.618175,1658137216.6248248,1658137217.1247725,1658137218.6749313,-0.49994778633117676,1.5501587390899658,1187,1258
2026-07-31T12:43:51.074961+00:00,13850.558776179,200.076319,1658137217.124922,1658137217.524803,1658137219.124938,-0.39988088607788086,1.600135087966919,1190,1261
2026-07-31T12:43:51.525510+00:00,13851.009324082,200.526867,1658137217.624895,1658137218.0245628,1658137219.5749612,-0.39966773986816406,1.550398349761963,1193,1264
2026-07-31T12:43:52.127006+00:00,13851.610820555,201.128363,1658137218.0247629,1658137218.624911,1658137220.1749806,-0.6001482009887695,1.5500695705413818,1197,1268
2026-07-31T12:43:52.585377+00:00,13852.069192861,201.586735,1658137218.42474,1658137219.0249007,1658137220.6499925,-0.6001605987548828,1.625091791152954,1200,1271
2026-07-31T12:43:53.038992+00:00,13852.522807104,202.040350,1658137218.9248192,1658137219.5245845,1658137221.1000295,-0.5997653007507324,1.5754449367523193,1203,1274
2026-07-31T12:43:53.638332+00:00,13853.122147159,202.639690,1658137219.4249163,1658137220.124806,1658137221.7000284,-0.6998896598815918,1.5752224922180176,1207,1278
2026-07-31T12:43:54.098652+00:00,13853.582467390,203.100010,1658137219.9247622,1658137220.5249033,1658137222.1500502,-0.6001410484313965,1.6251468658447266,1210,1281
2026-07-31T12:43:54.558343+00:00,13854.042157707,203.559700,1658137220.5249076,1658137221.0240703,1658137222.6250684,-0.4991626739501953,1.6009981632232666,1213,1284
2026-07-31T12:43:55.161762+00:00,13854.645576878,204.163119,1658137221.124923,1658137221.6228542,1658137223.2250886,-0.49793124198913574,1.6022343635559082,1217,1288
2026-07-31T12:43:55.607251+00:00,13855.091066342,204.608609,1658137221.62481,1658137222.024908,1658137223.6751168,-0.4000980854034424,1.6502087116241455,1220,1291
2026-07-31T12:43:56.062416+00:00,13855.546231428,205.063774,1658137222.2248867,1658137222.5249078,1658137224.1251311,-0.3000211715698242,1.6002233028411865,1223,1294
2026-07-31T12:43:56.665151+00:00,13856.148965838,205.666508,1658137222.7248442,1658137223.1244383,1658137224.7251775,-0.3995940685272217,1.6007392406463623,1227,1298
2026-07-31T12:43:57.122973+00:00,13856.606788387,206.124331,1658137223.2249174,1658137223.6249123,1658137225.175177,-0.3999948501586914,1.550264835357666,1230,1301
2026-07-31T12:43:57.577175+00:00,13857.060990026,206.578532,1658137223.7247686,1658137224.0246015,1658137225.625199,-0.299832820892334,1.600597620010376,1233,1304
2026-07-31T12:43:58.030728+00:00,13857.514543001,207.032085,1658137224.1247687,1658137224.5246735,1658137226.1002057,-0.399904727935791,1.5755321979522705,1236,1307
2026-07-31T12:43:58.633988+00:00,13858.117803460,207.635346,1658137224.7249222,1658137225.124744,1658137226.7002313,-0.39982175827026367,1.5754873752593994,1240,1311
2026-07-31T12:43:59.087012+00:00,13858.570827041,208.088370,1658137225.0248237,1658137225.5243413,1658137227.1502507,-0.49951767921447754,1.6259093284606934,1243,1314
2026-07-31T12:43:59.540825+00:00,13859.024639269,208.542182,1658137225.4249263,1658137226.0238528,1658137227.6002727,-0.5989265441894531,1.5764198303222656,1246,1317
2026-07-31T12:44:00.147340+00:00,13859.631155480,209.148698,1658137225.824879,1658137226.6244197,1658137228.2002962,-0.7995407581329346,1.5758764743804932,1250,1321
2026-07-31T12:44:00.602879+00:00,13860.086694589,209.604237,1658137226.2248485,1658137227.024815,1658137228.6753159,-0.79996657371521,1.650500774383545,1253,1324
2026-07-31T12:44:01.046103+00:00,13860.529916815,210.047459,1658137227.0248191,1658137227.523316,1658137229.100334,-0.49849677085876465,1.5770180225372314,1256,1327
2026-07-31T12:44:01.650504+00:00,13861.134319169,210.651862,1658137227.624818,1658137228.1246548,1658137229.7003598,-0.49983668327331543,1.5757050514221191,1260,1331
2026-07-31T12:44:02.110171+00:00,13861.593986276,211.111529,1658137228.124763,1658137228.524844,1658137230.1753774,-0.40008091926574707,1.6505334377288818,1263,1334
2026-07-31T12:44:02.570531+00:00,13862.054346480,211.571889,1658137228.724857,1658137229.024761,1658137230.625403,-0.29990386962890625,1.6006419658660889,1266,1337
2026-07-31T12:44:03.023086+00:00,13862.506901201,212.024444,1658137229.0247655,1658137229.524126,1658137231.075417,-0.4993605613708496,1.5512909889221191,1269,1340
2026-07-31T12:44:03.631776+00:00,13863.116977941,212.634520,1658137229.5247207,1658137230.12465,1658137231.700447,-0.5999293327331543,1.5757970809936523,1273,1344
2026-07-31T12:44:04.090081+00:00,13863.575282147,213.092825,1658137230.0249336,1658137230.5248063,1658137232.1504507,-0.49987268447875977,1.6256444454193115,1276,1347
2026-07-31T12:44:04.545262+00:00,13864.030463409,213.548006,1658137230.524831,1658137231.0245557,1658137232.6004715,-0.4997246265411377,1.575915813446045,1279,1350
2026-07-31T12:44:05.146994+00:00,13864.632195733,214.149738,1658137231.2249196,1658137231.6248422,1658137233.2004883,-0.39992260932922363,1.575646162033081,1283,1354
2026-07-31T12:44:05.598899+00:00,13865.084100730,214.601643,1658137231.7248132,1658137232.0247684,1658137233.6505165,-0.2999551296234131,1.6257481575012207,1286,1357
2026-07-31T12:44:06.053262+00:00,13865.538463896,215.056006,1658137232.3248315,1658137232.5243404,1658137234.125531,-0.1995089054107666,1.6011905670166016,1289,1360
2026-07-31T12:44:06.665437+00:00,13866.150636524,215.668179,1658137232.9248667,1658137233.1247141,1658137234.7255638,-0.19984745979309082,1.6008496284484863,1293,1364
2026-07-31T12:44:07.118281+00:00,13866.603481652,216.121024,1658137233.3248286,1658137233.6247728,1658137235.175585,-0.2999441623687744,1.5508122444152832,1296,1367
2026-07-31T12:44:07.563934+00:00,13867.049135652,216.566678,1658137233.624848,1658137234.0248048,1658137235.6255884,-0.39995694160461426,1.6007835865020752,1299,1370
2026-07-31T12:44:08.022448+00:00,13867.507650082,217.025193,1658137234.0248094,1658137234.5246956,1658137236.0756707,-0.49988627433776855,1.5509750843048096,1302,1373
2026-07-31T12:44:08.630300+00:00,13868.115501624,217.633044,1658137234.5247414,1658137235.1247528,1658137236.7006311,-0.6000113487243652,1.575878381729126,1306,1377
2026-07-31T12:44:09.076780+00:00,13868.561982707,218.079525,1658137234.8247492,1658137235.5244865,1658137237.1506565,-0.6997373104095459,1.6261699199676514,1309,1380
2026-07-31T12:44:09.525088+00:00,13869.010289994,218.527832,1658137235.1247573,1658137236.0245366,1658137237.5756712,-0.8997793197631836,1.5511345863342285,1312,1383
2026-07-31T12:44:10.137638+00:00,13869.622840301,219.140383,1658137235.824764,1658137236.624776,1658137238.200688,-0.8000118732452393,1.5759119987487793,1316,1387
2026-07-31T12:44:10.589679+00:00,13870.074880585,219.592423,1658137236.2247536,1658137237.0248427,1658137238.6507003,-0.8000891208648682,1.6258575916290283,1319,1390
2026-07-31T12:44:11.041119+00:00,13870.526320168,220.043863,1658137236.6248548,1658137237.524763,1658137239.1007354,-0.8999083042144775,1.575972318649292,1322,1393
2026-07-31T12:44:11.652663+00:00,13871.137864396,220.655407,1658137237.4249318,1658137238.123722,1658137239.7257476,-0.6987903118133545,1.6020255088806152,1326,1397
2026-07-31T12:44:12.103143+00:00,13871.588345090,221.105888,1658137237.8249054,1658137238.524902,1658137240.1757984,-0.6999967098236084,1.6508963108062744,1329,1400
2026-07-31T12:44:12.559074+00:00,13872.044274522,221.561817,1658137238.4248085,1658137239.0231054,1658137240.625789,-0.5982968807220459,1.6026835441589355,1332,1403
2026-07-31T12:44:13.024722+00:00,13872.509923605,222.027466,1658137238.8248105,1658137239.5248587,1658137241.0758162,-0.7000482082366943,1.550957441329956,1335,1406
2026-07-31T12:44:13.642755+00:00,13873.127957359,222.645500,1658137239.4248323,1658137240.1245263,1658137241.7008193,-0.6996939182281494,1.5762929916381836,1339,1410
2026-07-31T12:44:14.094149+00:00,13873.579351526,223.096894,1658137239.8248029,1658137240.5248058,1658137242.1508522,-0.700002908706665,1.6260464191436768,1342,1413
2026-07-31T12:44:14.547264+00:00,13874.032466492,223.550009,1658137240.124829,1658137241.0238307,1658137242.600876,-0.8990015983581543,1.5770454406738281,1345,1416
2026-07-31T12:44:15.159379+00:00,13874.644580587,224.162123,1658137240.7247455,1658137241.6247919,1658137243.225938,-0.9000463485717773,1.6011462211608887,1349,1420
2026-07-31T12:44:15.610636+00:00,13875.095834370,224.613377,1658137241.0249085,1658137242.024779,1658137243.675927,-0.9998705387115479,1.6511478424072266,1352,1423
2026-07-31T12:44:16.067517+00:00,13875.552718980,225.070261,1658137241.8249002,1658137242.5246987,1658137244.125923,-0.699798583984375,1.6012241840362549,1355,1426
2026-07-31T12:44:16.664253+00:00,13876.149454142,225.666997,1658137242.224891,1658137243.1245897,1658137244.725954,-0.8996987342834473,1.6013643741607666,1359,1430
2026-07-31T12:44:17.116429+00:00,13876.601630797,226.119173,1658137242.624816,1658137243.6230662,1658137245.1759806,-0.9982502460479736,1.5529143810272217,1362,1433
2026-07-31T12:44:17.566685+00:00,13877.051887291,226.569430,1658137243.3249295,1658137244.0248187,1658137245.6259956,-0.6998891830444336,1.6011769771575928,1365,1436
2026-07-31T12:44:18.022223+00:00,13877.507424796,227.024967,1658137243.8247595,1658137244.5247376,1658137246.0760052,-0.6999781131744385,1.5512676239013672,1368,1439
2026-07-31T12:44:18.623418+00:00,13878.108619552,227.626162,1658137244.6248274,1658137245.1247327,1658137246.6760318,-0.4999053478240967,1.5512990951538086,1372,1443
2026-07-31T12:44:19.076925+00:00,13878.562126561,228.079669,1658137245.2248642,1658137245.52489,1658137247.1260536,-0.30002570152282715,1.601163625717163,1375,1446
2026-07-31T12:44:19.521910+00:00,13879.007111894,228.524654,1658137245.6247687,1658137246.0248947,1658137247.5760689,-0.40012598037719727,1.5511741638183594,1378,1449
2026-07-31T12:44:20.130773+00:00,13879.615974115,229.133517,1658137246.2248242,1658137246.6248221,1658137248.2011423,-0.3999979496002197,1.5763201713562012,1382,1453
2026-07-31T12:44:20.580702+00:00,13880.065903009,229.583445,1658137246.824757,1658137247.0242002,1658137248.6511106,-0.19944310188293457,1.6269104480743408,1385,1456
2026-07-31T12:44:21.035651+00:00,13880.520848204,230.038391,1658137247.1249163,1658137247.524739,1658137249.1011279,-0.3998227119445801,1.5763888359069824,1388,1459
2026-07-31T12:44:21.642649+00:00,13881.127850214,230.645393,1658137247.8249195,1658137248.1249182,1658137249.7011516,-0.29999876022338867,1.5762333869934082,1392,1463
2026-07-31T12:44:22.109071+00:00,13881.594272935,231.111815,1658137248.2247605,1658137248.5246258,1658137250.1761699,-0.2998652458190918,1.6515440940856934,1395,1466
2026-07-31T12:44:22.563130+00:00,13882.048331537,231.565874,1658137248.6248615,1658137249.0248184,1658137250.6261857,-0.39995694160461426,1.6013672351837158,1398,1469
2026-07-31T12:44:23.169421+00:00,13882.654622822,232.172165,1658137249.124703,1658137249.6248655,1658137251.2262192,-0.5001626014709473,1.601353645324707,1402,1473
2026-07-31T12:44:23.622955+00:00,13883.108157215,232.625700,1658137249.524814,1658137250.1248481,1658137251.676236,-0.600034236907959,1.5513877868652344,1405,1476
2026-07-31T12:44:24.084718+00:00,13883.569919482,233.087462,1658137250.0247736,1658137250.5246558,1658137252.1512496,-0.49988222122192383,1.626593828201294,1408,1479
2026-07-31T12:44:24.534574+00:00,13884.019776017,233.537318,1658137250.4249003,1658137251.024777,1658137252.60128,-0.5998766422271729,1.576503038406372,1411,1482
2026-07-31T12:44:25.140546+00:00,13884.625747309,234.143290,1658137251.324906,1658137251.6246765,1658137253.2012992,-0.2997703552246094,1.576622724533081,1415,1486
2026-07-31T12:44:25.589543+00:00,13885.074745081,234.592288,1658137251.7249095,1658137252.0243778,1658137253.6513295,-0.2994682788848877,1.6269516944885254,1418,1489
2026-07-31T12:44:26.042704+00:00,13885.527905711,235.045448,1658137252.1248853,1658137252.5231345,1658137254.1013446,-0.39824914932250977,1.5782101154327393,1421,1492
2026-07-31T12:44:26.641734+00:00,13886.126935504,235.644478,1658137252.624817,1658137253.1247458,1658137254.7013621,-0.49992895126342773,1.5766162872314453,1425,1496
2026-07-31T12:44:27.093954+00:00,13886.579156262,236.096699,1658137253.1247501,1658137253.5248137,1658137255.1513908,-0.40006351470947266,1.6265771389007568,1428,1499
2026-07-31T12:44:27.542776+00:00,13887.027977899,236.545520,1658137253.6249192,1658137254.0248506,1658137255.6013975,-0.3999314308166504,1.5765469074249268,1431,1502
2026-07-31T12:44:28.158274+00:00,13887.643476508,237.161019,1658137254.2248461,1658137254.623134,1658137256.2264266,-0.3982877731323242,1.60329270362854,1435,1506
2026-07-31T12:44:28.608366+00:00,13888.093567338,237.611110,1658137254.5249226,1658137255.0238378,1658137256.67645,-0.4989151954650879,1.6526122093200684,1438,1509
2026-07-31T12:44:29.062832+00:00,13888.548034214,238.065577,1658137254.9248793,1658137255.5247288,1658137257.1264665,-0.5998494625091553,1.6017377376556396,1441,1512
2026-07-31T12:44:29.662833+00:00,13889.148035480,238.665578,1658137255.4247446,1658137256.1243997,1658137257.7264905,-0.6996550559997559,1.602090835571289,1445,1516
2026-07-31T12:44:30.132082+00:00,13889.617283177,239.134826,1658137256.0249176,1658137256.6244333,1658137258.2015107,-0.5995156764984131,1.5770773887634277,1448,1519
2026-07-31T12:44:30.586732+00:00,13890.071933623,239.589476,1658137256.3247113,1658137257.0247056,1658137258.6515248,-0.6999943256378174,1.626819133758545,1451,1522
2026-07-31T12:44:31.042474+00:00,13890.527675570,240.045218,1658137256.824919,1658137257.5244286,1658137259.101557,-0.6995096206665039,1.5771284103393555,1454,1525
2026-07-31T12:44:31.644060+00:00,13891.129262347,240.646805,1658137257.3248596,1658137258.1246963,1658137259.701574,-0.7998366355895996,1.5768778324127197,1458,1529
2026-07-31T12:44:32.106389+00:00,13891.591590228,241.109133,1658137257.8249345,1658137258.5226724,1658137260.1765983,-0.6977379322052002,1.653925895690918,1461,1532
2026-07-31T12:44:32.546404+00:00,13892.031606050,241.549149,1658137258.3248162,1658137259.024902,1658137260.60161,-0.7000858783721924,1.5767078399658203,1464,1535
2026-07-31T12:44:33.150413+00:00,13892.635613142,242.153156,1658137259.3247147,1658137259.6246495,1658137261.2016504,-0.29993486404418945,1.5770008563995361,1468,1539
2026-07-31T12:44:33.596988+00:00,13893.083171280,242.600714,1658137259.724712,1658137260.0248635,1658137261.6516652,-0.3001515865325928,1.6268017292022705,1471,1542
2026-07-31T12:44:34.051941+00:00,13893.538124994,243.055667,1658137260.2248046,1658137260.524733,1658137262.1267514,-0.2999284267425537,1.6020183563232422,1474,1545
2026-07-31T12:44:34.659494+00:00,13894.145676444,243.663219,1658137260.624833,1658137261.122143,1658137262.7266984,-0.49730992317199707,1.604555368423462,1478,1549
2026-07-31T12:44:35.110613+00:00,13894.596796560,244.114339,1658137261.0249155,1658137261.5218947,1658137263.176722,-0.4969792366027832,1.654827356338501,1481,1552
2026-07-31T12:44:35.559626+00:00,13895.045809081,244.563352,1658137261.5247467,1658137262.0244367,1658137263.626736,-0.49969005584716797,1.6022992134094238,1484,1555
2026-07-31T12:44:36.176706+00:00,13895.662888661,245.180431,1658137262.1248255,1658137262.6244888,1658137264.2267601,-0.4996633529663086,1.602271318435669,1488,1559
2026-07-31T12:44:36.627369+00:00,13896.113552537,245.631095,1658137262.6249137,1658137263.124297,1658137264.7017918,-0.49938321113586426,1.5774948596954346,1491,1562
2026-07-31T12:44:37.078801+00:00,13896.564984307,246.082527,1658137263.024752,1658137263.523402,1658137265.151805,-0.49865007400512695,1.6284029483795166,1494,1565
2026-07-31T12:44:37.536148+00:00,13897.022331651,246.539874,1658137263.3248527,1658137264.0228539,1658137265.6018221,-0.6980011463165283,1.5789682865142822,1497,1568
2026-07-31T12:44:38.141302+00:00,13897.627484628,247.145027,1658137263.824923,1658137264.6247377,1658137266.2018347,-0.7998147010803223,1.577096939086914,1501,1572
2026-07-31T12:44:38.583807+00:00,13898.069991293,247.587534,1658137264.2249172,1658137265.024889,1658137266.6518543,-0.7999718189239502,1.6269652843475342,1504,1575
2026-07-31T12:44:39.033687+00:00,13898.519870819,248.037413,1658137264.5248194,1658137265.5236325,1658137267.1018777,-0.9988131523132324,1.5782451629638672,1507,1578
2026-07-31T12:44:39.638970+00:00,13899.125152931,248.642695,1658137265.1247423,1658137266.1226673,1658137267.7019,-0.9979250431060791,1.5792326927185059,1511,1582
2026-07-31T12:44:40.096022+00:00,13899.582204920,249.099747,1658137265.4248977,1658137266.521928,1658137268.151919,-1.0970304012298584,1.629990816116333,1514,1585
2026-07-31T12:44:40.540666+00:00,13900.026849483,249.544392,1658137265.924861,1658137267.0247133,1658137268.6019523,-1.0998523235321045,1.5772390365600586,1517,1588
2026-07-31T12:44:41.143290+00:00,13900.629473339,250.147016,1658137266.524843,1658137267.6241407,1658137269.2019637,-1.0992977619171143,1.5778229236602783,1521,1592
2026-07-31T12:44:41.595712+00:00,13901.081894251,250.599437,1658137267.1247485,1658137268.0247498,1658137269.6519876,-0.9000012874603271,1.6272377967834473,1524,1595
2026-07-31T12:44:42.052504+00:00,13901.538687087,251.056230,1658137267.5249212,1658137268.5243537,1658137270.1270134,-0.9994325637817383,1.6026597023010254,1527,1598
2026-07-31T12:44:42.654619+00:00,13902.140802185,251.658345,1658137268.024754,1658137269.1230335,1658137270.727018,-1.0982794761657715,1.6039845943450928,1531,1602
2026-07-31T12:44:43.101258+00:00,13902.587441586,252.104984,1658137268.8247437,1658137269.5249135,1658137271.1520433,-0.7001698017120361,1.6271297931671143,1534,1605
2026-07-31T12:44:43.555189+00:00,13903.041372233,252.558915,1658137269.3248744,1658137270.0247207,1658137271.6270747,-0.6998462677001953,1.6023540496826172,1537,1608
2026-07-31T12:44:44.153678+00:00,13903.639861403,253.157404,1658137269.9248965,1658137270.623613,1658137272.2270954,-0.6987166404724121,1.6034822463989258,1541,1612
2026-07-31T12:44:44.601225+00:00,13904.087408580,253.604951,1658137270.6248493,1658137271.0248039,1658137272.6521113,-0.39995455741882324,1.627307415008545,1544,1615
2026-07-31T12:44:45.049155+00:00,13904.535338195,254.052881,1658137271.2249024,1658137271.523068,1658137273.1021235,-0.29816555976867676,1.5790555477142334,1547,1618
2026-07-31T12:44:45.650810+00:00,13905.136994002,254.654536,1658137271.62481,1658137272.1246786,1658137273.702148,-0.49986863136291504,1.5774693489074707,1551,1622
2026-07-31T12:44:46.110300+00:00,13905.596483717,255.114026,1658137272.0249267,1658137272.5247517,1658137274.1772134,-0.49982500076293945,1.6524617671966553,1554,1625
2026-07-31T12:44:46.558575+00:00,13906.044758375,255.562301,1658137272.624834,1658137273.024642,1658137274.6271884,-0.3998079299926758,1.6025464534759521,1557,1628
2026-07-31T12:44:47.162811+00:00,13906.648994647,256.166537,1658137273.0248127,1658137273.6243966,1658137275.2272096,-0.5995838642120361,1.6028130054473877,1561,1632
2026-07-31T12:44:47.612592+00:00,13907.098775777,256.616318,1658137273.3249044,1658137274.1238174,1658137275.6772275,-0.7989130020141602,1.5534100532531738,1564,1635
2026-07-31T12:44:48.074085+00:00,13907.560268781,257.077811,1658137273.9247136,1658137274.5242317,1658137276.127245,-0.5995180606842041,1.603013277053833,1567,1638
2026-07-31T12:44:48.526726+00:00,13908.012909583,257.530452,1658137274.2248487,1658137275.0224197,1658137276.577266,-0.7975709438323975,1.5548462867736816,1570,1641
2026-07-31T12:44:49.134777+00:00,13908.620960916,258.138503,1658137274.6248336,1658137275.624779,1658137277.202304,-0.9999454021453857,1.5775249004364014,1574,1645
2026-07-31T12:44:49.589204+00:00,13909.075387503,258.592930,1658137274.9248502,1658137276.024856,1658137277.6523085,-1.100005865097046,1.6274523735046387,1577,1648
2026-07-31T12:44:50.043999+00:00,13909.530182360,259.047725,1658137275.5247617,1658137276.5247545,1658137278.1023276,-0.999992847442627,1.5775730609893799,1580,1651
2026-07-31T12:44:50.647009+00:00,13910.133192170,259.650735,1658137276.2249293,1658137277.1235392,1658137278.7023578,-0.8986098766326904,1.5788185596466064,1584,1655
2026-07-31T12:44:51.095531+00:00,13910.581713920,260.099256,1658137276.82491,1658137277.5247662,1658137279.1523745,-0.6998562812805176,1.627608299255371,1587,1658
2026-07-31T12:44:51.555111+00:00,13911.041294331,260.558837,1658137277.4249208,1658137278.0248177,1658137279.6273968,-0.5998969078063965,1.602579116821289,1590,1661
2026-07-31T12:44:52.154106+00:00,13911.640289617,261.157832,1658137278.2247443,1658137278.6247191,1658137280.2274098,-0.3999748229980469,1.6026906967163086,1594,1665
2026-07-31T12:44:52.608052+00:00,13912.094235194,261.611778,1658137278.6248107,1658137279.0247588,1658137280.677442,-0.3999481201171875,1.6526832580566406,1597,1668
2026-07-31T12:44:53.063236+00:00,13912.549419213,262.066962,1658137279.2247536,1658137279.5249212,1658137281.127464,-0.3001675605773926,1.6025428771972656,1600,1671
2026-07-31T12:44:53.522063+00:00,13913.008246740,262.525789,1658137279.7248597,1658137280.0238717,1658137281.577472,-0.2990119457244873,1.5536003112792969,1603,1674
2026-07-31T12:44:54.122260+00:00,13913.608443212,263.125986,1658137280.1248517,1658137280.6247432,1658137282.1774988,-0.4998915195465088,1.55275559425354,1607,1678
2026-07-31T12:44:54.576501+00:00,13914.062684962,263.580227,1658137280.524907,1658137281.0246775,1658137282.627532,-0.4997704029083252,1.6028544902801514,1610,1681
2026-07-31T12:44:55.027956+00:00,13914.514139415,264.031682,1658137280.8248084,1658137281.524696,1658137283.1025481,-0.699887752532959,1.5778520107269287,1613,1684
2026-07-31T12:44:55.633201+00:00,13915.119384579,264.636927,1658137281.3248258,1658137282.1248198,1658137283.7025583,-0.7999939918518066,1.5777385234832764,1617,1688
2026-07-31T12:44:56.082192+00:00,13915.568374946,265.085917,1658137282.0248659,1658137282.5247087,1658137284.1525736,-0.49984288215637207,1.6278648376464844,1620,1691
2026-07-31T12:44:56.527811+00:00,13916.013994797,265.531537,1658137282.4249256,1658137283.0248377,1658137284.6025925,-0.599912166595459,1.5777547359466553,1623,1694
2026-07-31T12:44:57.128823+00:00,13916.615006491,266.132549,1658137283.2247777,1658137283.6247888,1658137285.2026227,-0.4000110626220703,1.577833890914917,1627,1698
2026-07-31T12:44:57.585267+00:00,13917.071448269,266.588991,1658137283.7249315,1658137284.021725,1658137285.6526392,-0.29679346084594727,1.6309142112731934,1630,1701
2026-07-31T12:44:58.035059+00:00,13917.521242642,267.038785,1658137284.0248036,1658137284.5248473,1658137286.1026545,-0.5000436305999756,1.5778071880340576,1633,1704
2026-07-31T12:44:58.636986+00:00,13918.123170177,267.640713,1658137284.4247653,1658137285.1245728,1658137286.7026725,-0.6998074054718018,1.5780997276306152,1637,1708
2026-07-31T12:44:59.086113+00:00,13918.572296495,268.089839,1658137284.924845,1658137285.5247679,1658137287.152692,-0.5999228954315186,1.6279242038726807,1640,1711
2026-07-31T12:44:59.546759+00:00,13919.032942407,268.550485,1658137285.4247313,1658137286.02398,1658137287.6027112,-0.5992486476898193,1.5787312984466553,1643,1714
2026-07-31T12:45:00.153825+00:00,13919.639997862,269.157540,1658137286.0247536,1658137286.6248484,1658137288.227735,-0.6000947952270508,1.60288667678833,1647,1718
2026-07-31T12:45:00.601067+00:00,13920.087250426,269.604793,1658137286.424877,1658137287.0244904,1658137288.6527624,-0.5996134281158447,1.6282720565795898,1650,1721
2026-07-31T12:45:01.055038+00:00,13920.541221485,270.058764,1658137286.7247791,1658137287.524833,1658137289.1277823,-0.8000538349151611,1.6029493808746338,1653,1724
2026-07-31T12:45:01.655296+00:00,13921.141479853,270.659022,1658137287.1249287,1658137288.124711,1658137289.7277997,-0.9997823238372803,1.603088617324829,1657,1728
2026-07-31T12:45:02.113420+00:00,13921.599603105,271.117146,1658137287.5248373,1658137288.52382,1658137290.1778154,-0.9989826679229736,1.6539955139160156,1660,1731
2026-07-31T12:45:02.568248+00:00,13922.054430608,271.571973,1658137288.3248913,1658137289.0249054,1658137290.6278315,-0.7000141143798828,1.6029260158538818,1663,1734
2026-07-31T12:45:03.167049+00:00,13922.653232614,272.170775,1658137289.0249095,1658137289.624907,1658137291.227863,-0.5999975204467773,1.6029560565948486,1667,1738
2026-07-31T12:45:03.627818+00:00,13923.115148195,272.632691,1658137289.5248322,1658137290.1247709,1658137291.702873,-0.5999386310577393,1.5781021118164062,1670,1741
2026-07-31T12:45:04.077840+00:00,13923.565169930,273.082712,1658137290.1248417,1658137290.5247653,1658137292.152911,-0.39992356300354004,1.628145694732666,1673,1744
2026-07-31T12:45:04.529535+00:00,13924.016851849,273.534394,1658137290.6248562,1658137291.0248258,1658137292.6029181,-0.39996957778930664,1.578092336654663,1676,1747
2026-07-31T12:45:05.127265+00:00,13924.614594364,274.132137,1658137291.3249233,1658137291.6248522,1658137293.202945,-0.2999289035797119,1.5780928134918213,1680,1751
2026-07-31T12:45:05.582338+00:00,13925.069667387,274.587210,1658137291.824828,1658137292.0247777,1658137293.6529527,-0.1999497413635254,1.6281750202178955,1683,1754
2026-07-31T12:45:06.035032+00:00,13925.522361477,275.039904,1658137292.224719,1658137292.524912,1658137294.1029708,-0.30019307136535645,1.5780587196350098,1686,1757
2026-07-31T12:45:06.633114+00:00,13926.120444679,275.637987,1658137292.8248098,1658137293.1247978,1658137294.703023,-0.2999880313873291,1.5782251358032227,1690,1761
2026-07-31T12:45:07.091704+00:00,13926.579034149,276.096577,1658137293.3248923,1658137293.524835,1658137295.1530252,-0.19994282722473145,1.628190040588379,1693,1764
2026-07-31T12:45:07.548471+00:00,13927.035801587,276.553344,1658137293.8247383,1658137294.0238218,1658137295.60304,-0.19908356666564941,1.5792181491851807,1696,1767
2026-07-31T12:45:08.152561+00:00,13927.639890405,277.157433,1658137294.32491,1658137294.6249363,1658137296.2280686,-0.30002641677856445,1.6031322479248047,1700,1771
2026-07-31T12:45:08.604115+00:00,13928.091445113,277.608988,1658137294.7247703,1658137295.0224411,1658137296.6780806,-0.297670841217041,1.655639410018921,1703,1774
2026-07-31T12:45:09.061479+00:00,13928.548808795,278.066351,1658137295.2248206,1658137295.5246928,1658137297.1281068,-0.29987215995788574,1.6034140586853027,1706,1777
2026-07-31T12:45:09.665216+00:00,13929.152545358,278.670088,1658137295.8247094,1658137296.1248367,1658137297.728115,-0.3001272678375244,1.603278398513794,1710,1781
2026-07-31T12:45:10.123180+00:00,13929.610510744,279.128053,1658137296.1248407,1658137296.6247504,1658137298.1781368,-0.4999096393585205,1.5533864498138428,1713,1784
2026-07-31T12:45:10.578083+00:00,13930.065413596,279.582956,1658137296.6247544,1658137297.0237358,1658137298.6531587,-0.39898133277893066,1.629422903060913,1716,1787
2026-07-31T12:45:11.051450+00:00,13930.538779414,280.056322,1658137296.9248993,1658137297.5248678,1658137299.1031764,-0.599968433380127,1.5783085823059082,1719,1790
2026-07-31T12:45:11.523570+00:00,13931.010900635,280.528443,1658137297.2249186,1658137298.0248282,1658137299.5782073,-0.7999095916748047,1.5533790588378906,1722,1793
2026-07-31T12:45:12.135979+00:00,13931.623309039,281.140852,1658137297.624714,1658137298.6248596,1658137300.2032242,-1.000145673751831,1.578364610671997,1726,1797
2026-07-31T12:45:12.588827+00:00,13932.076157121,281.593700,1658137297.9247475,1658137299.024461,1658137300.653235,-1.0997135639190674,1.6287739276885986,1729,1800
2026-07-31T12:45:13.055072+00:00,13932.542401860,282.059944,1658137298.624914,1658137299.5249197,1658137301.1282673,-0.9000058174133301,1.6033475399017334,1732,1803
2026-07-31T12:45:13.665748+00:00,13933.153078278,282.670621,1658137299.8248122,1658137300.123259,1658137301.7282877,-0.2984468936920166,1.6050286293029785,1736,1807
2026-07-31T12:45:14.113491+00:00,13933.600820878,283.118363,1658137300.124812,1658137300.5248077,1658137302.1782968,-0.3999958038330078,1.653489112854004,1739,1810
2026-07-31T12:45:14.572415+00:00,13934.059745633,283.577288,1658137300.6247213,1658137301.0237877,1658137302.6283143,-0.3990664482116699,1.6045265197753906,1742,1813
2026-07-31T12:45:15.031866+00:00,13934.519196069,284.036739,1658137301.0249102,1658137301.5243566,1658137303.1033375,-0.49944639205932617,1.5789809226989746,1745,1816
2026-07-31T12:45:15.540354+00:00,13935.027682988,284.545225,1658137301.4248736,1658137302.0234802,1658137303.6033683,-0.5986065864562988,1.579888105392456,1748,1819
2026-07-31T12:45:16.073523+00:00,13935.560852581,285.078395,1658137301.8248484,1658137302.524721,1658137304.1283824,-0.6998724937438965,1.6036615371704102,1751,1822
2026-07-31T12:45:16.535925+00:00,13936.023254684,285.540797,1658137302.2248404,1658137303.0239477,1658137304.6034067,-0.7991073131561279,1.5794589519500732,1754,1825
2026-07-31T12:45:17.146893+00:00,13936.634223323,286.151766,1658137303.024838,1658137303.6248057,1658137305.2034228,-0.5999677181243896,1.5786170959472656,1758,1829
2026-07-31T12:45:17.597604+00:00,13937.084934420,286.602477,1658137303.3248332,1658137304.0248344,1658137305.6534343,-0.7000012397766113,1.6285998821258545,1761,1832
2026-07-31T12:45:18.048151+00:00,13937.535481418,287.053024,1658137303.7248065,1658137304.5244887,1658137306.103457,-0.7996821403503418,1.5789682865142822,1764,1835
2026-07-31T12:45:18.654481+00:00,13938.141810725,287.659353,1658137304.4247584,1658137305.124544,1658137306.7284856,-0.6997854709625244,1.6039416790008545,1768,1839
2026-07-31T12:45:19.109593+00:00,13938.596922596,288.114465,1658137304.72492,1658137305.5247161,1658137307.1785026,-0.7997961044311523,1.6537864208221436,1771,1842
2026-07-31T12:45:19.568058+00:00,13939.055387550,288.572930,1658137305.1249092,1658137306.0231488,1658137307.6285286,-0.8982396125793457,1.6053798198699951,1774,1845
2026-07-31T12:45:20.031607+00:00,13939.518937000,289.036479,1658137305.5247202,1658137306.5247843,1658137308.1035366,-1.0000641345977783,1.5787522792816162,1777,1848
2026-07-31T12:45:20.638605+00:00,13940.125934947,289.643477,1658137306.2248359,1658137307.1248014,1658137308.7035604,-0.8999655246734619,1.578758955001831,1781,1852
2026-07-31T12:45:21.096528+00:00,13940.583857904,290.101400,1658137306.624814,1658137307.524593,1658137309.15358,-0.8997790813446045,1.6289868354797363,1784,1855
2026-07-31T12:45:21.548923+00:00,13941.036253707,290.553796,1658137307.1249259,1658137308.0243864,1658137309.6036057,-0.8994605541229248,1.5792193412780762,1787,1858
2026-07-31T12:45:22.158223+00:00,13941.645552738,291.163095,1658137307.9249277,1658137308.6248555,1658137310.2286248,-0.699927806854248,1.603769302368164,1791,1862
2026-07-31T12:45:22.623254+00:00,13942.110584115,291.628127,1658137308.5247624,1658137309.1247013,1658137310.6786375,-0.5999388694763184,1.553936243057251,1794,1865
2026-07-31T12:45:23.076912+00:00,13942.564242241,292.081785,1658137309.2249115,1658137309.5240831,1658137311.128668,-0.29917168617248535,1.6045849323272705,1797,1868
2026-07-31T12:45:23.528249+00:00,13943.015579091,292.533122,1658137309.6248555,1658137310.0248427,1658137311.6036909,-0.39998722076416016,1.578848123550415,1800,1871
2026-07-31T12:45:24.141918+00:00,13943.629248013,293.146790,1658137310.324797,1658137310.6248083,1658137312.203708,-0.30001139640808105,1.578899621963501,1804,1875
2026-07-31T12:45:24.607027+00:00,13944.094356889,293.611899,1658137310.7249007,1658137311.0239756,1658137312.6787288,-0.2990748882293701,1.6547532081604004,1807,1878
2026-07-31T12:45:25.056875+00:00,13944.544205128,294.061748,1658137311.2247422,1658137311.5241995,1658137313.1287668,-0.299457311630249,1.604567289352417,1810,1881
2026-07-31T12:45:25.653357+00:00,13945.140687057,294.658230,1658137311.824909,1658137312.1249013,1658137313.7287664,-0.29999232292175293,1.603865146636963,1814,1885
2026-07-31T12:45:26.114924+00:00,13945.602253829,295.119796,1658137312.2247486,1658137312.6244917,1658137314.1787932,-0.39974308013916016,1.5543015003204346,1817,1888
2026-07-31T12:45:26.574022+00:00,13946.061351686,295.578894,1658137312.5247414,1658137313.0247533,1658137314.6287997,-0.5000119209289551,1.60404634475708,1820,1891
2026-07-31T12:45:27.022973+00:00,13946.510303466,296.027846,1658137312.9248297,1658137313.5244853,1658137315.0788221,-0.5996556282043457,1.5543367862701416,1823,1894
2026-07-31T12:45:27.628261+00:00,13947.115591496,296.633134,1658137313.4247203,1658137314.124049,1658137315.7038426,-0.6993286609649658,1.5797936916351318,1827,1898
2026-07-31T12:45:28.080318+00:00,13947.567647907,297.085190,1658137313.9249103,1658137314.5247302,1658137316.1538558,-0.5998198986053467,1.6291255950927734,1830,1901
2026-07-31T12:45:28.533678+00:00,13948.021008509,297.538551,1658137314.4248264,1658137315.0247345,1658137316.6038923,-0.5999081134796143,1.579157829284668,1833,1904
2026-07-31T12:45:29.147500+00:00,13948.634830288,298.152373,1658137315.1248212,1658137315.6246948,1658137317.2039053,-0.49987363815307617,1.5792105197906494,1837,1908
2026-07-31T12:45:29.603681+00:00,13949.091010797,298.608553,1658137315.5247421,1658137316.0247066,1658137317.6789258,-0.49996447563171387,1.654219150543213,1840,1911
2026-07-31T12:45:30.055742+00:00,13949.543071711,299.060614,1658137315.8247676,1658137316.5247638,1658137318.1289427,-0.6999962329864502,1.6041789054870605,1843,1914
2026-07-31T12:45:30.669743+00:00,13950.157073279,299.674616,1658137316.224746,1658137317.1245923,1658137318.7289646,-0.8998463153839111,1.604372262954712,1847,1918
2026-07-31T12:45:31.121250+00:00,13950.608579867,300.126122,1658137316.7248197,1658137317.6243563,1658137319.178982,-0.8995366096496582,1.5546257495880127,1850,1921
2026-07-31T12:45:31.579927+00:00,13951.067256327,300.584799,1658137317.5249283,1658137318.024747,1658137319.6540043,-0.4998185634613037,1.6292574405670166,1853,1924
2026-07-31T12:45:32.039888+00:00,13951.527218352,301.044761,1658137318.1248577,1658137318.5248609,1658137320.1040246,-0.40000319480895996,1.5791637897491455,1856,1927
2026-07-31T12:45:32.646778+00:00,13952.134107672,301.651650,1658137318.7249074,1658137319.1246743,1658137320.7040462,-0.3997669219970703,1.5793719291687012,1860,1931
2026-07-31T12:45:33.096405+00:00,13952.583734851,302.101277,1658137319.124762,1658137319.5247536,1658137321.1540685,-0.399991512298584,1.62931489944458,1863,1934
2026-07-31T12:45:33.551857+00:00,13953.040457269,302.558000,1658137319.6248543,1658137320.0234103,1658137321.6290863,-0.3985559940338135,1.6056759357452393,1866,1937
2026-07-31T12:45:34.155623+00:00,13953.644223504,303.161766,1658137320.2248957,1658137320.624803,1658137322.229103,-0.39990735054016113,1.6043000221252441,1870,1941
2026-07-31T12:45:34.615860+00:00,13954.104460742,303.622003,1658137320.8247483,1658137321.1247606,1658137322.679123,-0.30001235008239746,1.5543622970581055,1873,1944
2026-07-31T12:45:35.075130+00:00,13954.563729917,304.081272,1658137321.3248813,1658137321.524817,1658137323.1291418,-0.1999356746673584,1.6043248176574707,1876,1947
2026-07-31T12:45:35.535959+00:00,13955.024559098,304.542102,1658137321.824846,1658137322.02487,1658137323.6041586,-0.20002388954162598,1.5792887210845947,1879,1950
2026-07-31T12:45:36.150620+00:00,13955.639220624,305.156763,1658137322.4247293,1658137322.624788,1658137324.2041843,-0.2000586986541748,1.5793962478637695,1883,1954
2026-07-31T12:45:36.607406+00:00,13956.095998161,305.613541,1658137322.7247248,1658137323.0244915,1658137324.679199,-0.29976677894592285,1.654707431793213,1886,1957
2026-07-31T12:45:37.060130+00:00,13956.548730955,306.066273,1658137323.224822,1658137323.5248072,1658137325.1292167,-0.2999851703643799,1.6044094562530518,1889,1960
2026-07-31T12:45:37.659528+00:00,13957.148127546,306.665670,1658137323.72474,1658137324.124604,1658137325.7292402,-0.39986395835876465,1.6046361923217773,1893,1964
2026-07-31T12:45:38.121065+00:00,13957.609665797,307.127208,1658137324.1248364,1658137324.6248355,1658137326.179259,-0.4999990463256836,1.5544235706329346,1896,1967
2026-07-31T12:45:38.573555+00:00,13958.062155803,307.579698,1658137324.7249236,1658137325.0248106,1658137326.629277,-0.29988694190979004,1.604466438293457,1899,1970
2026-07-31T12:45:39.027041+00:00,13958.515641526,308.033184,1658137325.1249163,1658137325.5248065,1658137327.1042984,-0.3998901844024658,1.5794918537139893,1902,1973
2026-07-31T12:45:39.633542+00:00,13959.122142290,308.639685,1658137325.9248157,1658137326.1247532,1658137327.7043295,-0.1999375820159912,1.5795762538909912,1906,1977
2026-07-31T12:45:40.101144+00:00,13959.589744583,309.107287,1658137326.3248136,1658137326.5246801,1658137328.1543448,-0.19986653327941895,1.629664659500122,1909,1980
2026-07-31T12:45:40.549698+00:00,13960.038297443,309.555840,1658137326.6248066,1658137327.0243318,1658137328.6043718,-0.39952516555786133,1.5800399780273438,1912,1983
2026-07-31T12:45:41.161027+00:00,13960.649626719,310.167169,1658137327.124769,1658137327.6234803,1658137329.2293897,-0.49871134757995605,1.6059093475341797,1916,1987
2026-07-31T12:45:41.620963+00:00,13961.109563404,310.627106,1658137327.4249127,1658137328.1248934,1658137329.679402,-0.6999807357788086,1.5545086860656738,1919,1990
2026-07-31T12:45:42.075568+00:00,13961.564168599,311.081711,1658137327.7248058,1658137328.5248468,1658137330.1294181,-0.8000409603118896,1.6045713424682617,1922,1993
2026-07-31T12:45:42.521689+00:00,13962.010289729,311.527832,1658137328.024815,1658137329.0248525,1658137330.5794356,-1.000037431716919,1.5545830726623535,1925,1996
2026-07-31T12:45:43.135423+00:00,13962.624023035,312.141566,1658137328.6248055,1658137329.6248271,1658137331.2044713,-1.0000216960906982,1.5796442031860352,1929,2000
2026-07-31T12:45:43.594225+00:00,13963.082824948,312.600367,1658137329.024919,1658137330.0247393,1658137331.6544855,-0.9998202323913574,1.6297461986541748,1932,2003
2026-07-31T12:45:44.054290+00:00,13963.542889443,313.060432,1658137330.0248263,1658137330.524463,1658137332.1295004,-0.4996366500854492,1.6050374507904053,1935,2006
2026-07-31T12:45:44.659347+00:00,13964.147946146,313.665489,1658137330.9248211,1658137331.1245778,1658137332.7295208,-0.19975662231445312,1.604943037033081,1939,2010
2026-07-31T12:45:45.117850+00:00,13964.606450583,314.123993,1658137331.224849,1658137331.6246908,1658137333.1795454,-0.3998417854309082,1.5548546314239502,1942,2013
2026-07-31T12:45:45.570570+00:00,13965.059170659,314.576713,1658137331.7248187,1658137332.0240593,1658137333.6295552,-0.2992405891418457,1.6054959297180176,1945,2016
2026-07-31T12:45:46.030627+00:00,13965.519228032,315.036770,1658137332.024837,1658137332.5249093,1658137334.1045792,-0.5000722408294678,1.5796699523925781,1948,2019
2026-07-31T12:45:46.634055+00:00,13966.122655554,315.640198,1658137332.4248233,1658137333.124812,1658137334.7046018,-0.699988603591919,1.5797898769378662,1952,2023
2026-07-31T12:45:47.089016+00:00,13966.577615641,316.095158,1658137332.9248965,1658137333.5242844,1658137335.1546187,-0.5993878841400146,1.6303343772888184,1955,2026
2026-07-31T12:45:47.545767+00:00,13967.034366783,316.551909,1658137333.3247807,1658137334.0247536,1658137335.6046336,-0.6999728679656982,1.5798799991607666,1958,2029
2026-07-31T12:45:48.152008+00:00,13967.640609052,317.158152,1658137333.7247517,1658137334.6237428,1658137336.2046716,-0.8989911079406738,1.5809288024902344,1962,2033
2026-07-31T12:45:48.594187+00:00,13968.082786860,317.600329,1658137334.224932,1658137335.0248094,1658137336.6546812,-0.799877405166626,1.6298718452453613,1965,2036
2026-07-31T12:45:49.052068+00:00,13968.540668500,318.058211,1658137334.7249212,1658137335.5249126,1658137337.1047008,-0.7999913692474365,1.5797882080078125,1968,2039
2026-07-31T12:45:49.656992+00:00,13969.145592469,318.663135,1658137335.4247117,1658137336.1248002,1658137337.7297258,-0.7000885009765625,1.6049256324768066,1972,2043
2026-07-31T12:45:50.118522+00:00,13969.607122424,319.124665,1658137335.9249003,1658137336.6247597,1658137338.1797385,-0.6998593807220459,1.554978847503662,1975,2046
2026-07-31T12:45:50.567947+00:00,13970.056547002,319.574089,1658137336.5248091,1658137337.0247602,1658137338.6297715,-0.4999511241912842,1.605011224746704,1978,2049
2026-07-31T12:45:51.025321+00:00,13970.513919771,320.031462,1658137337.0247643,1658137337.5224738,1658137339.079774,-0.4977095127105713,1.557300090789795,1981,2052
2026-07-31T12:45:51.634914+00:00,13971.123515075,320.641058,1658137337.6248946,1658137338.1248186,1658137339.7048042,-0.4999239444732666,1.5799856185913086,1985,2056
2026-07-31T12:45:52.092771+00:00,13971.581371607,321.098914,1658137338.0247462,1658137338.5247629,1658137340.1548238,-0.5000166893005371,1.6300609111785889,1988,2059
2026-07-31T12:45:52.549465+00:00,13972.038065084,321.555608,1658137338.62492,1658137339.0249226,1658137340.6048472,-0.40000271797180176,1.5799245834350586,1991,2062
2026-07-31T12:45:53.152345+00:00,13972.640945591,322.158488,1658137339.0249271,1658137339.6247637,1658137341.204861,-0.5998365879058838,1.5800971984863281,1995,2066
2026-07-31T12:45:53.611510+00:00,13973.100110621,322.617653,1658137339.424707,1658137340.024615,1658137341.6798856,-0.5999081134796143,1.6552705764770508,1998,2069
2026-07-31T12:45:54.061378+00:00,13973.549978561,323.067521,1658137339.7248657,1658137340.5234754,1658137342.1298985,-0.798609733581543,1.6064231395721436,2001,2072
2026-07-31T12:45:54.671960+00:00,13974.160560915,323.678103,1658137340.4248936,1658137341.1247332,1658137342.7299304,-0.6998395919799805,1.6051971912384033,2005,2076
2026-07-31T12:45:55.132878+00:00,13974.621478576,324.139021,1658137341.024822,1658137341.6246595,1658137343.204948,-0.5998375415802002,1.5802884101867676,2008,2079
2026-07-31T12:45:55.591298+00:00,13975.079898221,324.597441,1658137341.8247335,1658137342.024908,1658137343.6549678,-0.20017457008361816,1.6300597190856934,2011,2082
2026-07-31T12:45:56.049185+00:00,13975.537785610,325.055328,1658137342.32486,1658137342.5236566,1658137344.1049786,-0.19879651069641113,1.5813219547271729,2014,2085
2026-07-31T12:45:56.649248+00:00,13976.137849144,325.655392,1658137342.9247544,1658137343.1248226,1658137344.7050128,-0.20006823539733887,1.5801901817321777,2018,2089
2026-07-31T12:45:57.100834+00:00,13976.589433578,326.106976,1658137343.3248053,1658137343.524622,1658137345.1550226,-0.19981670379638672,1.6304006576538086,2021,2092
2026-07-31T12:45:57.561368+00:00,13977.049967446,326.567510,1658137343.724915,1658137344.024806,1658137345.630047,-0.29989099502563477,1.605241060256958,2024,2095
2026-07-31T12:45:58.169028+00:00,13977.657627375,327.175170,1658137344.2247307,1658137344.62216,1658137346.230059,-0.3974292278289795,1.6078989505767822,2028,2099
2026-07-31T12:45:58.621112+00:00,13978.109712550,327.627255,1658137344.524765,1658137345.122632,1658137346.6800778,-0.5978670120239258,1.557445764541626,2031,2102
2026-07-31T12:45:59.071062+00:00,13978.559662644,328.077205,1658137344.8249254,1658137345.5246413,1658137347.130101,-0.6997158527374268,1.6054596900939941,2034,2105
2026-07-31T12:45:59.525902+00:00,13979.014502771,328.532045,1658137345.2249076,1658137345.9248223,1658137347.5801187,-0.6999146938323975,1.6552963256835938,2037,2108
2026-07-31T12:46:00.139893+00:00,13979.628492495,329.146035,1658137345.9248264,1658137346.6246886,1658137348.2051446,-0.6998622417449951,1.580456018447876,2041,2112
2026-07-31T12:46:00.592070+00:00,13980.080670421,329.598213,1658137346.5247266,1658137347.0240707,1658137348.655172,-0.4993441104888916,1.631101369857788,2044,2115
2026-07-31T12:46:01.047799+00:00,13980.536399212,330.053942,1658137347.2248695,1658137347.5238419,1658137349.10517,-0.29897236824035645,1.5813281536102295,2047,2118
2026-07-31T12:46:01.658110+00:00,13981.146709980,330.664252,1658137347.8248084,1658137348.1248233,1658137349.7301998,-0.3000149726867676,1.6053764820098877,2051,2122
2026-07-31T12:46:02.109422+00:00,13981.598022378,331.115565,1658137348.224921,1658137348.5247576,1658137350.1802197,-0.2998366355895996,1.6554620265960693,2054,2125
2026-07-31T12:46:02.566100+00:00,13982.054699954,331.572242,1658137348.7248166,1658137349.024691,1658137350.6302426,-0.29987454414367676,1.6055514812469482,2057,2128
2026-07-31T12:46:03.027342+00:00,13982.515942343,332.033485,1658137349.2249181,1658137349.5245383,1658137351.0802693,-0.2996201515197754,1.5557310581207275,2060,2131
2026-07-31T12:46:03.632116+00:00,13983.121951726,332.639494,1658137349.7248406,1658137350.1226425,1658137351.7052808,-0.39780187606811523,1.5826382637023926,2064,2135
2026-07-31T12:46:04.086886+00:00,13983.576720445,333.094263,1658137350.124832,1658137350.5246994,1658137352.1553202,-0.39986753463745117,1.6306207180023193,2067,2138
2026-07-31T12:46:04.544422+00:00,13984.034255469,333.551798,1658137350.624912,1658137351.0247471,1658137352.605322,-0.39983510971069336,1.5805747509002686,2070,2141
2026-07-31T12:46:05.021145+00:00,13984.510978666,334.028521,1658137350.924916,1658137351.524676,1658137353.0803394,-0.5997600555419922,1.5556633472442627,2073,2144
2026-07-31T12:46:05.631615+00:00,13985.121449647,334.638992,1658137351.524776,1658137352.1240382,1658137353.7053742,-0.5992622375488281,1.5813360214233398,2077,2148
2026-07-31T12:46:06.088103+00:00,13985.577937636,335.095480,1658137351.924748,1658137352.5247416,1658137354.1553903,-0.5999937057495117,1.6306486129760742,2080,2151
2026-07-31T12:46:06.541784+00:00,13986.031618257,335.549161,1658137352.324818,1658137353.0246098,1658137354.6054082,-0.6997919082641602,1.5807983875274658,2083,2154
2026-07-31T12:46:07.150501+00:00,13986.640336170,336.157879,1658137352.9248505,1658137353.624745,1658137355.2054303,-0.6998944282531738,1.5806853771209717,2087,2158
2026-07-31T12:46:07.607275+00:00,13987.097110468,336.614653,1658137353.224848,1658137354.0246475,1658137355.680439,-0.7997994422912598,1.6557915210723877,2090,2161
2026-07-31T12:46:08.056469+00:00,13987.546303640,337.063846,1658137354.024868,1658137354.524721,1658137356.130448,-0.49985289573669434,1.605727195739746,2093,2164
2026-07-31T12:46:08.658547+00:00,13988.148381288,337.665924,1658137354.72492,1658137355.124903,1658137356.7304697,-0.39998292922973633,1.6055667400360107,2097,2168
2026-07-31T12:46:09.116941+00:00,13988.606775258,338.124318,1658137355.2247617,1658137355.6239603,1658137357.1804876,-0.3991985321044922,1.5565273761749268,2100,2171
2026-07-31T12:46:09.567938+00:00,13989.057773176,338.575316,1658137355.824918,1658137356.0229592,1658137357.6304984,-0.19804120063781738,1.607539176940918,2103,2174
2026-07-31T12:46:10.021747+00:00,13989.511581752,339.029124,1658137356.2248929,1658137356.524703,1658137358.0805109,-0.29981017112731934,1.5558078289031982,2106,2177
2026-07-31T12:46:10.622934+00:00,13990.112769541,339.630312,1658137356.7248073,1658137357.124769,1658137358.6805332,-0.3999617099761963,1.5557641983032227,2110,2181
2026-07-31T12:46:11.084684+00:00,13990.574517919,340.092060,1658137357.2247427,1658137357.5247397,1658137359.155548,-0.29999709129333496,1.6308083534240723,2113,2184
2026-07-31T12:46:11.541663+00:00,13991.031498103,340.549041,1658137357.6249135,1658137358.0248923,1658137359.6055698,-0.3999788761138916,1.5806775093078613,2116,2187
2026-07-31T12:46:12.151024+00:00,13991.640857950,341.158400,1658137358.2248201,1658137358.6218753,1658137360.2055807,-0.39705514907836914,1.5837054252624512,2120,2191
2026-07-31T12:46:12.607639+00:00,13992.097473198,341.615016,1658137358.7249215,1658137359.0247188,1658137360.680606,-0.29979729652404785,1.6558871269226074,2123,2194
2026-07-31T12:46:13.064530+00:00,13992.554363717,342.071906,1658137359.1249037,1658137359.5237267,1658137361.1306026,-0.3988230228424072,1.6068758964538574,2126,2197
2026-07-31T12:46:13.660513+00:00,13993.150347461,342.667890,1658137359.8248675,1658137360.1247573,1658137361.7306387,-0.29988980293273926,1.6058814525604248,2130,2201
2026-07-31T12:46:14.119392+00:00,13993.609225853,343.126768,1658137360.2248554,1658137360.6245608,1658137362.1806529,-0.3997054100036621,1.5560920238494873,2133,2204
2026-07-31T12:46:14.573304+00:00,13994.063139114,343.580682,1658137360.7247672,1658137361.0238976,1658137362.630674,-0.2991304397583008,1.606776237487793,2136,2207
2026-07-31T12:46:15.029080+00:00,13994.518913851,344.036456,1658137361.1247456,1658137361.5246255,1658137363.1056852,-0.39987993240356445,1.5810596942901611,2139,2210
2026-07-31T12:46:15.636832+00:00,13995.126666754,344.644209,1658137361.7247188,1658137362.1247995,1658137363.705691,-0.40008068084716797,1.5808916091918945,2143,2214
2026-07-31T12:46:16.086540+00:00,13995.576374383,345.093917,1658137362.0247405,1658137362.5218618,1658137364.1557107,-0.49712133407592773,1.6338489055633545,2146,2217
2026-07-31T12:46:16.544096+00:00,13996.033928893,345.551471,1658137362.5248818,1658137363.0247097,1658137364.6057298,-0.49982786178588867,1.5810201168060303,2149,2220
2026-07-31T12:46:17.149126+00:00,13996.638959896,346.156502,1658137363.1249099,1658137363.6247687,1658137365.2057617,-0.4998588562011719,1.5809929370880127,2153,2224
2026-07-31T12:46:17.593948+00:00,13997.083782184,346.601325,1658137363.4248166,1658137364.0244594,1658137365.6557684,-0.5996427536010742,1.6313090324401855,2156,2227
2026-07-31T12:46:18.049402+00:00,13997.539236529,347.056779,1658137364.0247755,1658137364.5243392,1658137366.105795,-0.49956369400024414,1.5814557075500488,2159,2230
2026-07-31T12:46:18.650732+00:00,13998.140566629,347.658109,1658137364.624853,1658137365.124817,1658137366.7058084,-0.49996399879455566,1.580991506576538,2163,2234
2026-07-31T12:46:19.112550+00:00,13998.602384488,348.119927,1658137365.0248525,1658137365.6247468,1658137367.180908,-0.5998942852020264,1.5561611652374268,2166,2237
2026-07-31T12:46:19.562812+00:00,13999.052646072,348.570189,1658137365.824817,1658137366.0247526,1658137367.6308467,-0.1999356746673584,1.6060941219329834,2169,2240
2026-07-31T12:46:20.167785+00:00,13999.657619823,349.175162,1658137366.3249056,1658137366.6243474,1658137368.2308924,-0.2994418144226074,1.6065449714660645,2173,2244
2026-07-31T12:46:20.616179+00:00,14000.106013888,349.623556,1658137366.6248133,1658137367.1245673,1658137368.680907,-0.4997539520263672,1.5563397407531738,2176,2247
2026-07-31T12:46:21.067744+00:00,14000.557579514,350.075122,1658137367.0249205,1658137367.5248206,1658137369.1309116,-0.49990010261535645,1.606091022491455,2179,2250
2026-07-31T12:46:21.671826+00:00,14001.161660170,350.679203,1658137367.6249046,1658137368.1233249,1658137369.7309375,-0.49842023849487305,1.6076126098632812,2183,2254
2026-07-31T12:46:22.124510+00:00,14001.614344873,351.131887,1658137368.1247497,1658137368.6245682,1658137370.180963,-0.4998185634613037,1.5563948154449463,2186,2257
2026-07-31T12:46:22.577141+00:00,14002.066976012,351.584518,1658137368.7248642,1658137369.0247183,1658137370.6309748,-0.299854040145874,1.6062564849853516,2189,2260
2026-07-31T12:46:23.033499+00:00,14002.523334521,352.040877,1658137369.2248082,1658137369.5248618,1658137371.1059916,-0.30005359649658203,1.581129789352417,2192,2263
2026-07-31T12:46:23.637965+00:00,14003.127799797,352.645342,1658137369.7248576,1658137370.1216443,1658137371.7060235,-0.3967866897583008,1.5843791961669922,2196,2267
2026-07-31T12:46:24.092312+00:00,14003.582147075,353.099690,1658137370.0247593,1658137370.5244803,1658137372.1560454,-0.49972105026245117,1.6315650939941406,2199,2270
2026-07-31T12:46:24.549773+00:00,14004.039607910,353.557150,1658137370.4248118,1658137371.024852,1658137372.6060703,-0.6000401973724365,1.5812182426452637,2202,2273
2026-07-31T12:46:25.155879+00:00,14004.645713897,354.163256,1658137370.8249178,1658137371.6247048,1658137373.2310786,-0.7997870445251465,1.6063737869262695,2206,2277
2026-07-31T12:46:25.603066+00:00,14005.092901138,354.610444,1658137371.124829,1658137372.0242722,1658137373.6811085,-0.8994431495666504,1.6568362712860107,2209,2280
2026-07-31T12:46:26.056098+00:00,14005.545932868,355.063475,1658137371.7248402,1658137372.52355,1658137374.1311114,-0.7987098693847656,1.6075613498687744,2212,2283
2026-07-31T12:46:26.520424+00:00,14006.010258021,355.527800,1658137372.3247871,1658137373.0249095,1658137374.5811353,-0.7001223564147949,1.5562257766723633,2215,2286
2026-07-31T12:46:27.128881+00:00,14006.618716261,356.136259,1658137373.3249075,1658137373.6248116,1658137375.2061791,-0.29990410804748535,1.5813674926757812,2219,2290
2026-07-31T12:46:27.574843+00:00,14007.064678071,356.582221,1658137373.7249038,1658137374.0249193,1658137375.631181,-0.3000154495239258,1.6062617301940918,2222,2293
2026-07-31T12:46:28.027719+00:00,14007.517553825,357.035096,1658137374.1247666,1658137374.524716,1658137376.0812018,-0.399949312210083,1.556485891342163,2225,2296
2026-07-31T12:46:28.634931+00:00,14008.124764856,357.642307,1658137374.6248436,1658137375.1249137,1658137376.706231,-0.5000700950622559,1.58131742477417,2229,2300
2026-07-31T12:46:29.090781+00:00,14008.580616465,358.098159,1658137375.0248315,1658137375.5244567,1658137377.1562364,-0.49962520599365234,1.631779670715332,2232,2303
2026-07-31T12:46:29.541935+00:00,14009.031769899,358.549312,1658137375.5247355,1658137376.0230498,1658137377.6062734,-0.49831438064575195,1.583223581314087,2235,2306
2026-07-31T12:46:30.146607+00:00,14009.636441204,359.153984,1658137375.9248378,1658137376.62482,1658137378.2062864,-0.6999821662902832,1.5814664363861084,2239,2310
2026-07-31T12:46:30.598733+00:00,14010.088567096,359.606110,1658137376.5247464,1658137377.0247128,1658137378.656293,-0.4999663829803467,1.631580114364624,2242,2313
2026-07-31T12:46:31.052310+00:00,14010.542145063,360.059688,1658137377.024717,1658137377.5247731,1658137379.1063251,-0.5000560283660889,1.5815520286560059,2245,2316
2026-07-31T12:46:31.667098+00:00,14011.156932966,360.674475,1658137377.4247675,1658137378.1233187,1658137379.7313523,-0.6985511779785156,1.6080336570739746,2249,2320
2026-07-31T12:46:32.115968+00:00,14011.605802526,361.123345,1658137378.124895,1658137378.6247048,1658137380.181363,-0.49980974197387695,1.5566582679748535,2252,2323
2026-07-31T12:46:32.573259+00:00,14012.063093808,361.580636,1658137378.5248573,1658137379.0247698,1658137380.6313894,-0.4999125003814697,1.6066195964813232,2255,2326
2026-07-31T12:46:33.023505+00:00,14012.513340020,362.030882,1658137378.9248388,1658137379.524918,1658137381.0813956,-0.6000792980194092,1.5564775466918945,2258,2329
2026-07-31T12:46:33.625904+00:00,14013.116904480,362.634447,1658137379.624753,1658137380.1248503,1658137381.6814263,-0.5000972747802734,1.5565760135650635,2262,2333
2026-07-31T12:46:34.083132+00:00,14013.574131862,363.091674,1658137380.2248216,1658137380.5248244,1658137382.1564438,-0.3000028133392334,1.6316194534301758,2265,2336
2026-07-31T12:46:34.548538+00:00,14014.039537585,363.557080,1658137380.8247502,1658137381.024817,1658137382.6064541,-0.20006680488586426,1.5816371440887451,2268,2339
2026-07-31T12:46:35.157830+00:00,14014.648830640,364.166373,1658137381.4248297,1658137381.6247334,1658137383.2314837,-0.1999037265777588,1.606750249862671,2272,2343
2026-07-31T12:46:35.616976+00:00,14015.107976587,364.625519,1658137381.8249278,1658137382.1248195,1658137383.6814954,-0.29989171028137207,1.556675910949707,2275,2346
2026-07-31T12:46:36.068533+00:00,14015.559532672,365.077075,1658137382.2249115,1658137382.5248663,1658137384.1315138,-0.299954891204834,1.6066474914550781,2278,2349
2026-07-31T12:46:36.531231+00:00,14016.022231447,365.539774,1658137382.5249038,1658137383.0247505,1658137384.6065354,-0.4998466968536377,1.581784963607788,2281,2352
2026-07-31T12:46:37.131132+00:00,14016.622132122,366.139675,1658137383.1249106,1658137383.624138,1658137385.2065594,-0.49922752380371094,1.5824213027954102,2285,2356
2026-07-31T12:46:37.575256+00:00,14017.066256680,366.583799,1658137383.6248984,1658137384.0247173,1658137385.6315694,-0.39981889724731445,1.6068520545959473,2288,2359
2026-07-31T12:46:38.029338+00:00,14017.520338233,367.037881,1658137384.124871,1658137384.5247,1658137386.1065934,-0.3998289108276367,1.5818934440612793,2291,2362
2026-07-31T12:46:38.640705+00:00,14018.131705680,367.649248,1658137384.7247314,1658137385.12476,1658137386.7066112,-0.4000284671783447,1.5818512439727783,2295,2366
2026-07-31T12:46:39.094687+00:00,14018.585685956,368.103228,1658137385.1248307,1658137385.5240722,1658137387.1566353,-0.39924144744873047,1.6325631141662598,2298,2369
2026-07-31T12:46:39.548208+00:00,14019.039207969,368.556750,1658137385.6247551,1658137386.024745,1658137387.6066582,-0.3999898433685303,1.5819132328033447,2301,2372
2026-07-31T12:46:40.156663+00:00,14019.647663554,369.165206,1658137386.2248101,1658137386.624049,1658137388.2316744,-0.39923882484436035,1.6076254844665527,2305,2376
2026-07-31T12:46:40.610448+00:00,14020.101448914,369.618991,1658137386.7248988,1658137387.024929,1658137388.6816854,-0.3000302314758301,1.6567564010620117,2308,2379
2026-07-31T12:46:41.057514+00:00,14020.548514435,370.066057,1658137387.3248355,1658137387.5236182,1658137389.1317065,-0.19878268241882324,1.6080882549285889,2311,2382
2026-07-31T12:46:41.662204+00:00,14021.153203722,370.670746,1658137387.9247668,1658137388.1248186,1658137389.7317345,-0.20005178451538086,1.6069159507751465,2315,2386
2026-07-31T12:46:42.118299+00:00,14021.609299403,371.126842,1658137388.324767,1658137388.624868,1658137390.1817396,-0.30010080337524414,1.5568716526031494,2318,2389
2026-07-31T12:46:42.579376+00:00,14022.070375252,371.587918,1658137388.8248286,1658137389.0236464,1658137390.6567667,-0.19881772994995117,1.6331202983856201,2321,2392
2026-07-31T12:46:43.031498+00:00,14022.522498236,372.040041,1658137389.224806,1658137389.5231855,1658137391.10679,-0.29837942123413086,1.5836045742034912,2324,2395
2026-07-31T12:46:43.639584+00:00,14023.130583984,372.648126,1658137389.624813,1658137390.1245677,1658137391.706813,-0.4997546672821045,1.5822453498840332,2328,2399
2026-07-31T12:46:44.095477+00:00,14023.586477630,373.104020,1658137390.0249033,1658137390.5203407,1658137392.156829,-0.4954373836517334,1.636488437652588,2331,2402
2026-07-31T12:46:44.553577+00:00,14024.044577388,373.562120,1658137390.3247178,1658137391.024367,1658137392.6318367,-0.6996493339538574,1.6074695587158203,2334,2405
2026-07-31T12:46:45.161518+00:00,14024.652519093,374.170062,1658137390.8249106,1658137391.6224682,1658137393.2318685,-0.7975575923919678,1.6094002723693848,2338,2409
2026-07-31T12:46:45.616266+00:00,14025.107266883,374.624809,1658137391.3248231,1658137392.124469,1658137393.6818995,-0.7996459007263184,1.5574305057525635,2341,2412
2026-07-31T12:46:46.073805+00:00,14025.564803921,375.082346,1658137392.0248308,1658137392.5247493,1658137394.1319017,-0.49991846084594727,1.6071524620056152,2344,2415
2026-07-31T12:46:46.531475+00:00,14026.022475835,375.540018,1658137392.4249113,1658137393.0236907,1658137394.6069283,-0.5987794399261475,1.583237648010254,2347,2418
2026-07-31T12:46:47.135520+00:00,14026.626520509,376.144063,1658137393.224769,1658137393.6225848,1658137395.2069502,-0.3978157043457031,1.5843653678894043,2351,2422
2026-07-31T12:46:47.585303+00:00,14027.076303150,376.593846,1658137393.7247648,1658137394.0240796,1658137395.6569734,-0.2993147373199463,1.6328938007354736,2354,2425
2026-07-31T12:46:48.045079+00:00,14027.536079157,377.053622,1658137394.2248516,1658137394.5245926,1658137396.106995,-0.2997410297393799,1.5824024677276611,2357,2428
2026-07-31T12:46:48.650811+00:00,14028.141811031,377.659353,1658137394.9247324,1658137395.1248446,1658137396.7069998,-0.20011210441589355,1.5821552276611328,2361,2432
2026-07-31T12:46:49.099866+00:00,14028.590865552,378.108408,1658137395.3248405,1658137395.5238278,1658137397.1570234,-0.19898724555969238,1.6331956386566162,2364,2435
2026-07-31T12:46:49.557391+00:00,14029.048391631,378.565934,1658137395.8247523,1658137396.0219922,1658137397.6320481,-0.19723987579345703,1.610055923461914,2367,2438
2026-07-31T12:46:50.165113+00:00,14029.656113478,379.173656,1658137396.3248587,1658137396.6227958,1658137398.232068,-0.29793715476989746,1.6092722415924072,2371,2442
2026-07-31T12:46:50.625362+00:00,14030.116361836,379.633904,1658137396.724862,1658137397.1218648,1658137398.6820846,-0.3970026969909668,1.5602197647094727,2374,2445
2026-07-31T12:46:51.076742+00:00,14030.567742025,380.085284,1658137397.2248952,1658137397.5194356,1658137399.1321144,-0.2945404052734375,1.6126787662506104,2377,2448
2026-07-31T12:46:51.538324+00:00,14031.029302121,380.546845,1658137397.6247644,1658137398.023948,1658137399.6071293,-0.3991835117340088,1.583181381225586,2380,2451
2026-07-31T12:46:52.144763+00:00,14031.635762627,381.153305,1658137398.3248312,1658137398.6220841,1658137400.2071555,-0.297252893447876,1.585071325302124,2384,2455
2026-07-31T12:46:52.600935+00:00,14032.091936430,381.609479,1658137398.724799,1658137399.0248039,1658137400.65716,-0.3000049591064453,1.6323561668395996,2387,2458
2026-07-31T12:46:53.056786+00:00,14032.547786195,382.065329,1658137399.224708,1658137399.5248196,1658137401.132196,-0.3001115322113037,1.6073763370513916,2390,2461
2026-07-31T12:46:53.664061+00:00,14033.155060950,382.672603,1658137399.8248563,1658137400.1194823,1658137401.7322073,-0.29462599754333496,1.612725019454956,2394,2465
2026-07-31T12:46:54.127679+00:00,14033.618679477,383.136222,1658137400.1247485,1658137400.6248217,1658137402.2072263,-0.5000731945037842,1.582404613494873,2397,2468
2026-07-31T12:46:54.582031+00:00,14034.073030587,383.590573,1658137400.4249036,1658137401.0217667,1658137402.6572359,-0.5968630313873291,1.6354691982269287,2400,2471
2026-07-31T12:46:55.036396+00:00,14034.527397250,384.044940,1658137400.7249186,1658137401.5237389,1658137403.1072657,-0.7988202571868896,1.583526849746704,2403,2474
2026-07-31T12:46:55.645834+00:00,14035.136834561,384.654377,1658137401.22486,1658137402.124144,1658137403.707287,-0.8992841243743896,1.5831429958343506,2407,2478
2026-07-31T12:46:56.108748+00:00,14035.599748941,385.117291,1658137401.8248303,1658137402.5249078,1658137404.1823053,-0.7000775337219238,1.6573975086212158,2410,2481
2026-07-31T12:46:56.563632+00:00,14036.054632294,385.572175,1658137402.2248194,1658137403.0247605,1658137404.6323178,-0.7999410629272461,1.6075572967529297,2413,2484
2026-07-31T12:46:57.163774+00:00,14036.654773879,386.172316,1658137402.7248542,1658137403.6214664,1658137405.232358,-0.8966121673583984,1.610891580581665,2417,2488
2026-07-31T12:46:57.628177+00:00,14037.119177184,386.636720,1658137403.3248408,1658137404.1231294,1658137405.7073598,-0.7982885837554932,1.5842304229736328,2420,2491
2026-07-31T12:46:58.078382+00:00,14037.569383040,387.086926,1658137403.624862,1658137404.5242498,1658137406.1573768,-0.8993878364562988,1.633126974105835,2423,2494
2026-07-31T12:46:58.528446+00:00,14038.019446156,387.536989,1658137403.9247286,1658137405.0248413,1658137406.607401,-1.1001126766204834,1.582559585571289,2426,2497
2026-07-31T12:46:59.135112+00:00,14038.626112144,388.143655,1658137404.724806,1658137405.6248915,1658137407.2074327,-0.90008544921875,1.5825412273406982,2430,2501
2026-07-31T12:46:59.586151+00:00,14039.077151809,388.594694,1658137405.2249045,1658137406.0247502,1658137407.65744,-0.7998456954956055,1.6326897144317627,2433,2504
2026-07-31T12:47:00.042647+00:00,14039.533647100,389.051190,1658137405.8248315,1658137406.5247252,1658137408.107462,-0.6998937129974365,1.5827367305755615,2436,2507
2026-07-31T12:47:00.649304+00:00,14040.140303710,389.657846,1658137406.6249182,1658137407.1233823,1658137408.7074876,-0.49846410751342773,1.5841052532196045,2440,2511
2026-07-31T12:47:01.111034+00:00,14040.602033539,390.119576,1658137406.924821,1658137407.5247288,1658137409.1825085,-0.5999078750610352,1.6577796936035156,2443,2514
2026-07-31T12:47:01.584760+00:00,14041.075759840,390.593302,1658137407.2248578,1658137408.0248053,1658137409.6575387,-0.7999475002288818,1.6327333450317383,2446,2517
2026-07-31T12:47:02.041749+00:00,14041.532749370,391.050292,1658137407.8247626,1658137408.5248148,1658137410.1075518,-0.7000522613525391,1.5827369689941406,2449,2520
2026-07-31T12:47:02.649040+00:00,14042.140039730,391.657582,1658137408.4247346,1658137409.1247494,1658137410.707571,-0.7000148296356201,1.5828216075897217,2453,2524
2026-07-31T12:47:03.097774+00:00,14042.588774079,392.106317,1658137408.8248274,1658137409.5240843,1658137411.1575873,-0.6992568969726562,1.6335029602050781,2456,2527
2026-07-31T12:47:03.556716+00:00,14043.048875721,392.566418,1658137409.5248587,1658137410.0247822,1658137411.632602,-0.4999234676361084,1.6078197956085205,2459,2530
2026-07-31T12:47:04.161110+00:00,14043.653268968,393.170811,1658137410.3249147,1658137410.6248083,1658137412.2326195,-0.2998936176300049,1.6078112125396729,2463,2534
2026-07-31T12:47:04.613482+00:00,14044.105641000,393.623183,1658137410.724889,1658137411.124753,1658137412.6826568,-0.39986395835876465,1.55790376663208,2466,2537
2026-07-31T12:47:05.068166+00:00,14044.560325205,394.077868,1658137411.12489,1658137411.5248213,1658137413.132663,-0.3999311923980713,1.6078417301177979,2469,2540
2026-07-31T12:47:05.528182+00:00,14045.020340126,394.537883,1658137411.5248253,1658137412.0217621,1658137413.6076877,-0.4969367980957031,1.585925579071045,2472,2543
2026-07-31T12:47:06.131473+00:00,14045.623632642,395.141175,1658137412.2248054,1658137412.6246388,1658137414.2077,-0.39983344078063965,1.5830612182617188,2476,2547
2026-07-31T12:47:06.579572+00:00,14046.071729888,395.589272,1658137412.7249177,1658137413.024914,1658137414.6577208,-0.29999637603759766,1.6328067779541016,2479,2550
2026-07-31T12:47:07.027831+00:00,14046.519990164,396.037533,1658137413.1247656,1658137413.521067,1658137415.1077328,-0.39630126953125,1.5866658687591553,2482,2553
2026-07-31T12:47:07.632121+00:00,14047.124280619,396.641823,1658137413.824727,1658137414.1246896,1658137415.7077556,-0.29996252059936523,1.5830659866333008,2486,2557
2026-07-31T12:47:08.084351+00:00,14047.576510146,397.094053,1658137414.224924,1658137414.5247748,1658137416.1577759,-0.2998507022857666,1.6330010890960693,2489,2560
2026-07-31T12:47:08.539569+00:00,14048.031729105,397.549272,1658137414.7248213,1658137415.0248404,1658137416.607785,-0.3000190258026123,1.582944631576538,2492,2563
2026-07-31T12:47:09.144857+00:00,14048.637016629,398.154559,1658137415.4247322,1658137415.6245246,1658137417.20781,-0.19979238510131836,1.5832853317260742,2496,2567
2026-07-31T12:47:09.603257+00:00,14049.095416460,398.612959,1658137415.824837,1658137416.0204866,1658137417.6828325,-0.1956496238708496,1.6623458862304688,2499,2570
2026-07-31T12:47:10.059367+00:00,14049.551526067,399.069069,1658137416.2248344,1658137416.5245848,1658137418.132855,-0.29975032806396484,1.6082701683044434,2502,2573
2026-07-31T12:47:10.664207+00:00,14050.156366796,399.673909,1658137416.624912,1658137417.124834,1658137418.7328818,-0.4999220371246338,1.6080477237701416,2506,2577
2026-07-31T12:47:11.119940+00:00,14050.612098831,400.129641,1658137417.0247567,1658137417.624819,1658137419.182894,-0.600062370300293,1.558074951171875,2509,2580
2026-07-31T12:47:11.581039+00:00,14051.073197509,400.590740,1658137417.5248144,1658137418.0249069,1658137419.6579075,-0.5000925064086914,1.6330006122589111,2512,2583
2026-07-31T12:47:12.031686+00:00,14051.523846021,401.041388,1658137417.924815,1658137418.5211186,1658137420.10794,-0.5963037014007568,1.5868213176727295,2515,2586
2026-07-31T12:47:12.634046+00:00,14052.126204323,401.643747,1658137418.724777,1658137419.1247077,1658137420.7079768,-0.3999307155609131,1.5832691192626953,2519,2590
2026-07-31T12:47:13.085887+00:00,14052.578045942,402.095588,1658137419.1247282,1658137419.5248249,1658137421.157973,-0.4000966548919678,1.633148193359375,2522,2593
2026-07-31T12:47:13.544814+00:00,14053.036972614,402.554515,1658137419.6248987,1658137420.0247545,1658137421.607992,-0.3998558521270752,1.5832374095916748,2525,2596
2026-07-31T12:47:14.151255+00:00,14053.643414741,403.160957,1658137420.124851,1658137420.6248016,1658137422.2080173,-0.499950647354126,1.5832157135009766,2529,2600
2026-07-31T12:47:14.614472+00:00,14054.106631213,403.624174,1658137420.6248057,1658137421.1208868,1658137422.683031,-0.4960811138153076,1.5621442794799805,2532,2603
2026-07-31T12:47:15.063507+00:00,14054.555665604,404.073208,1658137421.2248104,1658137421.5246546,1658137423.1330476,-0.29984426498413086,1.6083929538726807,2535,2606
2026-07-31T12:47:15.675184+00:00,14055.167344010,404.684886,1658137421.8248525,1658137422.1234365,1658137423.733087,-0.298583984375,1.6096506118774414,2539,2610
2026-07-31T12:47:16.133102+00:00,14055.625261685,405.142804,1658137422.2248602,1658137422.6243546,1658137424.2080894,-0.3994944095611572,1.5837347507476807,2542,2613
2026-07-31T12:47:16.581124+00:00,14056.073283104,405.590826,1658137422.8249288,1658137423.0248444,1658137424.658115,-0.19991564750671387,1.633270502090454,2545,2616
2026-07-31T12:47:17.030247+00:00,14056.522406397,406.039949,1658137423.224931,1658137423.5249224,1658137425.1081276,-0.2999913692474365,1.583205223083496,2548,2619
2026-07-31T12:47:17.638243+00:00,14057.130401959,406.647944,1658137423.6247532,1658137424.124795,1658137425.7081444,-0.5000417232513428,1.5833494663238525,2552,2623
2026-07-31T12:47:18.092236+00:00,14057.584395304,407.101938,1658137424.024864,1658137424.524527,1658137426.1581721,-0.4996631145477295,1.6336450576782227,2555,2626
2026-07-31T12:47:18.546746+00:00,14058.038905409,407.556448,1658137424.5247471,1658137425.0247984,1658137426.6082175,-0.5000512599945068,1.5834190845489502,2558,2629
2026-07-31T12:47:19.153184+00:00,14058.645343317,408.162886,1658137425.1249123,1658137425.6249075,1658137427.2332103,-0.49999523162841797,1.6083028316497803,2562,2633
2026-07-31T12:47:19.609827+00:00,14059.101985876,408.619528,1658137425.7247596,1658137426.0249033,1658137427.6832347,-0.3001437187194824,1.6583313941955566,2565,2636
2026-07-31T12:47:20.062737+00:00,14059.554896325,409.072439,1658137426.2248201,1658137426.5247815,1658137428.1332643,-0.2999613285064697,1.608482837677002,2568,2639
2026-07-31T12:47:20.521582+00:00,14060.013741724,409.531284,1658137426.6248074,1658137427.024869,1658137428.5832424,-0.40006160736083984,1.5583734512329102,2571,2642
2026-07-31T12:47:21.123302+00:00,14060.615461552,410.133004,1658137427.2248118,1658137427.624729,1658137429.1833167,-0.3999171257019043,1.5585877895355225,2575,2646
2026-07-31T12:47:21.570717+00:00,14061.062876835,410.580419,1658137427.8247092,1658137428.0247483,1658137429.6333199,-0.20003914833068848,1.6085715293884277,2578,2649
2026-07-31T12:47:22.020133+00:00,14061.512292573,411.029835,1658137428.1248503,1658137428.5242393,1658137430.0833373,-0.39938902854919434,1.5590980052947998,2581,2652
2026-07-31T12:47:22.627960+00:00,14062.120119391,411.637662,1658137428.6248906,1658137429.1245916,1658137430.7083528,-0.49970102310180664,1.583761215209961,2585,2656
2026-07-31T12:47:23.083611+00:00,14062.575770572,412.093313,1658137428.92491,1658137429.5247006,1658137431.1583784,-0.5997905731201172,1.6336777210235596,2588,2659
2026-07-31T12:47:23.539812+00:00,14063.031971449,412.549514,1658137429.4248815,1658137430.024765,1658137431.6083906,-0.5998835563659668,1.5836255550384521,2591,2662
2026-07-31T12:47:24.153162+00:00,14063.645321431,413.162864,1658137429.9248304,1658137430.6246727,1658137432.2334204,-0.6998422145843506,1.6087477207183838,2595,2666
2026-07-31T12:47:24.600445+00:00,14064.092604716,413.610147,1658137430.2248514,1658137431.0248456,1658137432.6584365,-0.7999942302703857,1.6335909366607666,2598,2669
2026-07-31T12:47:25.061937+00:00,14064.554096801,414.071639,1658137430.8248458,1658137431.5249045,1658137433.1334531,-0.7000586986541748,1.608548641204834,2601,2672
2026-07-31T12:47:25.663733+00:00,14065.155892467,414.673435,1658137431.32487,1658137432.1246572,1658137433.733479,-0.7997870445251465,1.6088218688964844,2605,2676
2026-07-31T12:47:26.112493+00:00,14065.604653393,415.122196,1658137431.6247709,1658137432.5248153,1658137434.183494,-0.9000444412231445,1.6586787700653076,2608,2679
2026-07-31T12:47:26.564732+00:00,14066.056890546,415.574433,1658137432.0249145,1658137433.0247374,1658137434.6335201,-0.9998228549957275,1.6087827682495117,2611,2682
2026-07-31T12:47:27.027559+00:00,14066.519717720,416.037260,1658137432.6249025,1658137433.5248315,1658137435.083536,-0.8999290466308594,1.5587043762207031,2614,2685
2026-07-31T12:47:27.635345+00:00,14067.127504400,416.645047,1658137433.124846,1658137434.124496,1658137435.7085507,-0.9996500015258789,1.584054708480835,2618,2689
2026-07-31T12:47:28.081875+00:00,14067.574034493,417.091577,1658137433.624925,1658137434.5246956,1658137436.1585763,-0.8997707366943359,1.633880615234375,2621,2692
2026-07-31T12:47:28.532355+00:00,14068.024514619,417.542057,1658137434.3247762,1658137435.0249228,1658137436.6085846,-0.7001466751098633,1.5836617946624756,2624,2695
2026-07-31T12:47:29.139937+00:00,14068.632096046,418.149639,1658137435.0249271,1658137435.6249158,1658137437.20861,-0.5999886989593506,1.5836942195892334,2628,2699
2026-07-31T12:47:29.595127+00:00,14069.087287222,418.604830,1658137435.4247417,1658137436.0248482,1658137437.658633,-0.6001064777374268,1.6337847709655762,2631,2702
2026-07-31T12:47:30.050797+00:00,14069.542956192,419.060499,1658137436.0249064,1658137436.5247793,1658137438.1086533,-0.49987292289733887,1.583873987197876,2634,2705
2026-07-31T12:47:30.661171+00:00,14070.153330455,419.670873,1658137436.7248392,1658137437.1248415,1658137438.7336748,-0.40000224113464355,1.6088333129882812,2638,2709
2026-07-31T12:47:31.115507+00:00,14070.607666838,420.125209,1658137437.2248228,1658137437.5247438,1658137439.183691,-0.29992103576660156,1.658947229385376,2641,2712
2026-07-31T12:47:31.571170+00:00,14071.063329285,420.580872,1658137437.8248148,1658137438.024749,1658137439.63373,-0.1999342441558838,1.6089808940887451,2644,2715
2026-07-31T12:47:32.033454+00:00,14071.525612872,421.043155,1658137438.1248333,1658137438.5242853,1658137440.1087258,-0.39945197105407715,1.5844404697418213,2647,2718
2026-07-31T12:47:32.637481+00:00,14072.129640861,421.647183,1658137438.7247183,1658137439.1241326,1658137440.708748,-0.3994143009185791,1.5846154689788818,2651,2722
2026-07-31T12:47:33.094117+00:00,14072.586275597,422.103818,1658137439.1248477,1658137439.5248919,1658137441.1587691,-0.40004420280456543,1.6338772773742676,2654,2725
2026-07-31T12:47:33.544208+00:00,14073.038108038,422.555651,1658137439.624743,1658137440.0248528,1658137441.6088026,-0.40010976791381836,1.5839498043060303,2657,2728
2026-07-31T12:47:34.152846+00:00,14073.646745690,423.164288,1658137440.4248214,1658137440.6239426,1658137442.2338247,-0.19912123680114746,1.609882116317749,2661,2732
2026-07-31T12:47:34.613792+00:00,14074.107690976,423.625233,1658137440.824927,1658137441.0247653,1658137442.6838875,-0.19983816146850586,1.6591222286224365,2664,2735
2026-07-31T12:47:35.075297+00:00,14074.569196414,424.086739,1658137441.3249078,1658137441.524388,1658137443.133857,-0.19948029518127441,1.609468936920166,2667,2738
2026-07-31T12:47:35.524598+00:00,14075.018497357,424.536040,1658137441.6248183,1658137442.024905,1658137443.5838594,-0.4000866413116455,1.5589544773101807,2670,2741
2026-07-31T12:47:36.135899+00:00,14075.629798240,425.147341,1658137442.3247924,1658137442.6249218,1658137444.208896,-0.30012941360473633,1.5839741230010986,2674,2745
2026-07-31T12:47:36.585397+00:00,14076.079296054,425.596839,1658137442.7247527,1658137443.0249104,1658137444.6589007,-0.3001577854156494,1.6339902877807617,2677,2748
2026-07-31T12:47:37.051698+00:00,14076.545597548,426.063140,1658137443.0249143,1658137443.524835,1658137445.133932,-0.4999208450317383,1.6090970039367676,2680,2751
2026-07-31T12:47:37.653487+00:00,14077.147385994,426.664928,1658137443.6249237,1658137444.124756,1658137445.7339485,-0.4998323917388916,1.6091923713684082,2684,2755
2026-07-31T12:47:38.107171+00:00,14077.601070862,427.118613,1658137444.0249166,1658137444.524701,1658137446.1839705,-0.4997844696044922,1.6592693328857422,2687,2758
2026-07-31T12:47:38.556887+00:00,14078.050786977,427.568329,1658137444.5247474,1658137445.024647,1658137446.633996,-0.49989962577819824,1.609349012374878,2690,2761
2026-07-31T12:47:39.165187+00:00,14078.659086358,428.176629,1658137445.1248894,1658137445.624712,1658137447.2340157,-0.49982261657714844,1.6093037128448486,2694,2765
2026-07-31T12:47:39.616657+00:00,14079.110555850,428.628098,1658137445.7248154,1658137446.1247802,1658137447.6840322,-0.3999648094177246,1.5592520236968994,2697,2768
2026-07-31T12:47:40.070484+00:00,14079.564384101,429.081927,1658137446.224757,1658137446.524642,1658137448.1340585,-0.2998850345611572,1.6094164848327637,2700,2771
2026-07-31T12:47:40.530660+00:00,14080.024559926,429.542102,1658137446.5247746,1658137447.0248384,1658137448.6090734,-0.5000638961791992,1.5842349529266357,2703,2774
2026-07-31T12:47:41.138997+00:00,14080.632897266,430.150440,1658137447.3248117,1658137447.624816,1658137449.2090783,-0.300004243850708,1.5842623710632324,2707,2778
2026-07-31T12:47:41.595313+00:00,14081.089212352,430.606755,1658137447.7248213,1658137448.024625,1658137449.6591074,-0.2998037338256836,1.6344823837280273,2710,2781
2026-07-31T12:47:42.048884+00:00,14081.542783989,431.060326,1658137448.2249188,1658137448.5244648,1658137450.1091187,-0.2995460033416748,1.5846538543701172,2713,2784
2026-07-31T12:47:42.659490+00:00,14082.153389756,431.670932,1658137448.724813,1658137449.1249022,1658137450.734153,-0.4000892639160156,1.609250783920288,2717,2788
2026-07-31T12:47:43.119141+00:00,14082.613040209,432.130583,1658137449.024823,1658137449.6245732,1658137451.1841805,-0.599750280380249,1.5596072673797607,2720,2791
2026-07-31T12:47:43.575231+00:00,14083.069131248,432.586674,1658137449.42475,1658137450.024704,1658137451.634185,-0.5999538898468018,1.6094810962677002,2723,2794
2026-07-31T12:47:44.027139+00:00,14083.521038849,433.038581,1658137449.9248629,1658137450.524842,1658137452.109202,-0.5999791622161865,1.584359884262085,2726,2797
2026-07-31T12:47:44.633528+00:00,14084.127426757,433.644969,1658137450.524846,1658137451.1247556,1658137452.7092261,-0.5999095439910889,1.584470510482788,2730,2801
2026-07-31T12:47:45.098409+00:00,14084.592307362,434.109850,1658137451.024918,1658137451.5246785,1658137453.1592531,-0.49976038932800293,1.6345746517181396,2733,2804
2026-07-31T12:47:45.553494+00:00,14085.047393421,434.564936,1658137451.5248914,1658137452.024082,1658137453.6342833,-0.4991905689239502,1.610201358795166,2736,2807
2026-07-31T12:47:46.162795+00:00,14085.656693501,435.174236,1658137452.1249137,1658137452.6247187,1658137454.234295,-0.4998049736022949,1.6095762252807617,2740,2811
2026-07-31T12:47:46.619311+00:00,14086.113211202,435.630754,1658137452.42471,1658137453.12441,1658137454.6843112,-0.699699878692627,1.559901237487793,2743,2814
2026-07-31T12:47:47.076497+00:00,14086.570395871,436.087938,1658137452.8248277,1658137453.5239527,1658137455.134321,-0.6991250514984131,1.610368251800537,2746,2817
2026-07-31T12:47:47.532007+00:00,14087.025905974,436.543448,1658137453.224706,1658137454.0247443,1658137455.6093392,-0.8000383377075195,1.584594964981079,2749,2820
2026-07-31T12:47:48.140916+00:00,14087.634815727,437.152358,1658137453.7249296,1658137454.6247838,1658137456.2094045,-0.8998541831970215,1.584620714187622,2753,2824
2026-07-31T12:47:48.606909+00:00,14088.100809366,437.618352,1658137454.1249256,1658137455.0247488,1658137456.6843834,-0.8998231887817383,1.6596345901489258,2756,2827
2026-07-31T12:47:49.060105+00:00,14088.554004746,438.071547,1658137454.7247272,1658137455.5248747,1658137457.1344056,-0.800147533416748,1.6095309257507324,2759,2830
2026-07-31T12:47:49.665980+00:00,14089.159879396,438.677422,1658137455.4248552,1658137456.1248474,1658137457.734439,-0.6999921798706055,1.6095914840698242,2763,2834
2026-07-31T12:47:50.124051+00:00,14089.617950387,439.135493,1658137456.024767,1658137456.6245933,1658137458.1844447,-0.5998263359069824,1.5598514080047607,2766,2837
2026-07-31T12:47:50.584009+00:00,14090.077907770,439.595450,1658137456.424756,1658137457.0249088,1658137458.659451,-0.6001527309417725,1.6345422267913818,2769,2840
2026-07-31T12:47:51.039672+00:00,14090.533571752,440.051114,1658137457.0249128,1658137457.5247319,1658137459.1095016,-0.4998190402984619,1.5847697257995605,2772,2843
2026-07-31T12:47:51.642818+00:00,14091.136717784,440.654260,1658137457.8247616,1658137458.124899,1658137459.7095118,-0.3001372814178467,1.5846128463745117,2776,2847
2026-07-31T12:47:52.106076+00:00,14091.599975319,441.117518,1658137458.2247484,1658137458.5247142,1658137460.1845238,-0.29996585845947266,1.6598095893859863,2779,2850
2026-07-31T12:47:52.569268+00:00,14092.063166744,441.580709,1658137458.8248894,1658137459.0247726,1658137460.6345406,-0.19988322257995605,1.6097679138183594,2782,2853
2026-07-31T12:47:53.170786+00:00,14092.664685742,442.182228,1658137459.2247398,1658137459.624914,1658137461.2345643,-0.4001741409301758,1.6096503734588623,2786,2857
2026-07-31T12:47:53.629467+00:00,14093.123367122,442.640910,1658137459.624918,1658137460.1242666,1658137461.7095816,-0.49934864044189453,1.5853149890899658,2789,2860
2026-07-31T12:47:54.087522+00:00,14093.581421982,443.098964,1658137460.1247418,1658137460.524811,1658137462.159599,-0.4000692367553711,1.6347880363464355,2792,2863
2026-07-31T12:47:54.543449+00:00,14094.037347605,443.554890,1658137460.4247108,1658137461.024274,1658137462.6096282,-0.5995633602142334,1.5853540897369385,2795,2866
2026-07-31T12:47:55.153636+00:00,14094.647535499,444.165078,1658137461.0248396,1658137461.6247737,1658137463.2346523,-0.5999341011047363,1.6098785400390625,2799,2870
2026-07-31T12:47:55.604744+00:00,14095.098643108,444.616186,1658137461.524927,1658137462.02468,1658137463.6846528,-0.4997529983520508,1.659972906112671,2802,2873
2026-07-31T12:47:56.060205+00:00,14095.554104480,445.071647,1658137462.0247505,1658137462.5240643,1658137464.1346924,-0.4993138313293457,1.6106281280517578,2805,2876
2026-07-31T12:47:56.519823+00:00,14096.013723007,445.531265,1658137462.6248257,1658137463.0248873,1658137464.5846992,-0.40006160736083984,1.5598118305206299,2808,2879
2026-07-31T12:47:57.166791+00:00,14096.660689480,446.178232,1658137463.3247988,1658137463.6249037,1658137465.2347403,-0.30010485649108887,1.6098365783691406,2812,2883
2026-07-31T12:47:57.625731+00:00,14097.119630841,446.637173,1658137463.6249201,1658137464.1247337,1658137465.684755,-0.4998135566711426,1.5600214004516602,2815,2886
2026-07-31T12:47:58.089426+00:00,14097.583324596,447.100867,1658137463.9248247,1658137464.524763,1658137466.1597822,-0.5999383926391602,1.635019063949585,2818,2889
2026-07-31T12:47:58.545628+00:00,14098.039527425,447.557070,1658137464.4249196,1658137465.0247195,1658137466.609781,-0.5997998714447021,1.5850615501403809,2821,2892
2026-07-31T12:47:59.150582+00:00,14098.644481676,448.162024,1658137465.1248071,1658137465.6248307,1658137467.209805,-0.500023603439331,1.5849742889404297,2825,2896
2026-07-31T12:47:59.600633+00:00,14099.094531385,448.612074,1658137465.724931,1658137466.024715,1658137467.6598206,-0.29978394508361816,1.6351056098937988,2828,2899
2026-07-31T12:48:00.066885+00:00,14099.560784886,449.078327,1658137466.3247473,1658137466.5248048,1658137468.1348448,-0.2000575065612793,1.6100399494171143,2831,2902
2026-07-31T12:48:00.670353+00:00,14100.164252232,449.681795,1658137466.824832,1658137467.1247082,1658137468.7348611,-0.29987621307373047,1.6101529598236084,2835,2906
2026-07-31T12:48:01.119103+00:00,14100.613001868,450.130544,1658137467.224808,1658137467.62482,1658137469.1848848,-0.4000120162963867,1.5600647926330566,2838,2909
2026-07-31T12:48:01.571470+00:00,14101.065369363,450.582912,1658137467.7249155,1658137468.0249226,1658137469.6349096,-0.3000071048736572,1.6099870204925537,2841,2912
2026-07-31T12:48:02.025842+00:00,14101.519741482,451.037284,1658137468.1247592,1658137468.524264,1658137470.0849202,-0.3995048999786377,1.5606560707092285,2844,2915
2026-07-31T12:48:02.628815+00:00,14102.122713364,451.640256,1658137468.5249135,1658137469.124807,1658137470.709993,-0.59989333152771,1.5851860046386719,2848,2919
2026-07-31T12:48:03.082344+00:00,14102.576242945,452.093785,1658137469.0248594,1658137469.5245779,1658137471.1599867,-0.49971842765808105,1.635408878326416,2851,2922
2026-07-31T12:48:03.559212+00:00,14103.053811438,452.571354,1658137469.324781,1658137470.024764,1658137471.6349733,-0.6999831199645996,1.6102092266082764,2854,2925
2026-07-31T12:48:04.026327+00:00,14103.520921815,453.038464,1658137469.6249158,1658137470.5248067,1658137472.085047,-0.8998908996582031,1.5602402687072754,2857,2928
2026-07-31T12:48:04.639595+00:00,14104.134195300,453.651738,1658137470.3248706,1658137471.1248176,1658137472.710025,-0.7999470233917236,1.585207462310791,2861,2932
2026-07-31T12:48:05.091745+00:00,14104.586344404,454.103887,1658137470.7248495,1658137471.5247166,1658137473.1600485,-0.7998671531677246,1.6353318691253662,2864,2935
2026-07-31T12:48:05.554196+00:00,14105.048795978,454.566338,1658137471.4248848,1658137472.0244615,1658137473.63507,-0.5995767116546631,1.6106085777282715,2867,2938
2026-07-31T12:48:06.161643+00:00,14105.656242607,455.173785,1658137471.8247616,1658137472.62483,1658137474.2350814,-0.8000683784484863,1.6102514266967773,2871,2942
2026-07-31T12:48:06.612763+00:00,14106.107361330,455.624904,1658137472.2247639,1658137473.024683,1658137474.6850972,-0.7999191284179688,1.660414218902588,2874,2945
2026-07-31T12:48:07.059655+00:00,14106.554253785,456.071796,1658137472.624838,1658137473.5248003,1658137475.1351225,-0.8999621868133545,1.6103222370147705,2877,2948
2026-07-31T12:48:07.658104+00:00,14107.152702698,456.670245,1658137473.3247225,1658137474.1245294,1658137475.735158,-0.7998068332672119,1.610628604888916,2881,2952
2026-07-31T12:48:08.114724+00:00,14107.609323351,457.126866,1658137473.8248036,1658137474.624805,1658137476.1851563,-0.8000013828277588,1.5603513717651367,2884,2955
2026-07-31T12:48:08.562621+00:00,14108.057218943,457.574761,1658137474.5247378,1658137475.0247948,1658137476.6352088,-0.5000569820404053,1.6104140281677246,2887,2958
2026-07-31T12:48:09.163484+00:00,14108.658082535,458.175625,1658137475.2247481,1658137475.6244621,1658137477.2352016,-0.39971399307250977,1.6107394695281982,2891,2962
2026-07-31T12:48:09.614924+00:00,14109.109521200,458.627064,1658137475.7249062,1658137476.1245058,1658137477.6852198,-0.399599552154541,1.5607140064239502,2894,2965
2026-07-31T12:48:10.071811+00:00,14109.566409923,459.083952,1658137476.224744,1658137476.5245728,1658137478.135245,-0.29982876777648926,1.6106722354888916,2897,2968
2026-07-31T12:48:10.526366+00:00,14110.020964688,459.538507,1658137476.6248305,1658137477.0247715,1658137478.5852513,-0.39994096755981445,1.5604798793792725,2900,2971
2026-07-31T12:48:11.127263+00:00,14110.621861988,460.139404,1658137477.1249158,1658137477.6249075,1658137479.2102876,-0.49999165534973145,1.5853800773620605,2904,2975
2026-07-31T12:48:11.581925+00:00,14111.076524754,460.594067,1658137477.6249118,1658137478.0247495,1658137479.6603026,-0.3998377323150635,1.6355531215667725,2907,2978
2026-07-31T12:48:12.037147+00:00,14111.531746891,461.049289,1658137478.0247538,1658137478.5248024,1658137480.1103125,-0.5000486373901367,1.585510015487671,2910,2981
2026-07-31T12:48:12.638113+00:00,14112.132712769,461.650255,1658137478.5249147,1658137479.12491,1658137480.7103455,-0.5999953746795654,1.585435390472412,2914,2985
2026-07-31T12:48:13.088529+00:00,14112.583128171,462.100671,1658137478.9247532,1658137479.5248244,1658137481.160361,-0.6000711917877197,1.6355366706848145,2917,2988
2026-07-31T12:48:13.550841+00:00,14113.045440220,462.562983,1658137479.5248284,1658137480.0248332,1658137481.6103926,-0.500004768371582,1.585559368133545,2920,2991
2026-07-31T12:48:14.158745+00:00,14113.653344210,463.170887,1658137480.2248461,1658137480.6248848,1658137482.2354655,-0.4000387191772461,1.6105806827545166,2924,2995
2026-07-31T12:48:14.607802+00:00,14114.102401578,463.619944,1658137480.6249015,1658137481.0248923,1658137482.6854792,-0.3999907970428467,1.6605868339538574,2927,2998
2026-07-31T12:48:15.060681+00:00,14114.555280150,464.072823,1658137481.1247468,1658137481.5246456,1658137483.1354542,-0.3998987674713135,1.6108086109161377,2930,3001
2026-07-31T12:48:15.521391+00:00,14115.015989825,464.533532,1658137481.5249076,1658137482.0247378,1658137483.585466,-0.4998302459716797,1.5607280731201172,2933,3004
2026-07-31T12:48:16.133082+00:00,14115.627680898,465.145223,1658137482.0247421,1658137482.624779,1658137484.2104864,-0.6000368595123291,1.585707426071167,2937,3008
2026-07-31T12:48:16.584409+00:00,14116.079008720,465.596551,1658137482.6248035,1658137483.0249214,1658137484.6605074,-0.4001178741455078,1.6355860233306885,2940,3011
2026-07-31T12:48:17.036327+00:00,14116.530926496,466.048469,1658137483.0249255,1658137483.5248756,1658137485.1105235,-0.4999501705169678,1.5856478214263916,2943,3014
2026-07-31T12:48:17.639888+00:00,14117.134487983,466.652030,1658137483.6247478,1658137484.1248274,1658137485.710562,-0.5000796318054199,1.5857346057891846,2947,3018
2026-07-31T12:48:18.098999+00:00,14117.593599006,467.111141,1658137483.9249127,1658137484.5246716,1658137486.1605694,-0.5997588634490967,1.6358978748321533,2950,3021
2026-07-31T12:48:18.554818+00:00,14118.049417093,467.566960,1658137484.5248547,1658137485.023672,1658137486.6355903,-0.49881744384765625,1.6119182109832764,2953,3024
2026-07-31T12:48:19.165142+00:00,14118.659741205,468.177284,1658137485.124752,1658137485.6247265,1658137487.2356179,-0.49997448921203613,1.610891342163086,2957,3028
2026-07-31T12:48:19.625360+00:00,14119.119959307,468.637502,1658137485.6248183,1658137486.1247666,1658137487.685636,-0.49994826316833496,1.5608694553375244,2960,3031
2026-07-31T12:48:20.081285+00:00,14119.575883820,469.093426,1658137486.224855,1658137486.524727,1658137488.1606715,-0.29987215995788574,1.6359443664550781,2963,3034
2026-07-31T12:48:20.532622+00:00,14120.027220990,469.544763,1658137486.6248314,1658137487.0243855,1658137488.6106758,-0.3995540142059326,1.5862903594970703,2966,3037
2026-07-31T12:48:21.141176+00:00,14120.635775133,470.153318,1658137487.2248344,1658137487.624789,1658137489.2106953,-0.39995455741882324,1.5859062671661377,2970,3041
2026-07-31T12:48:21.609834+00:00,14121.104433183,470.621976,1658137487.6248558,1658137488.1247969,1658137489.685732,-0.4999411106109619,1.5609350204467773,2973,3044
2026-07-31T12:48:22.057191+00:00,14121.551789098,471.069332,1658137488.1248007,1658137488.5247338,1658137490.1357446,-0.3999330997467041,1.6110107898712158,2976,3047
2026-07-31T12:48:22.657855+00:00,14122.152454919,471.669997,1658137488.8247578,1658137489.124903,1658137490.7357621,-0.30014514923095703,1.6108591556549072,2980,3051
2026-07-31T12:48:23.111044+00:00,14122.605643159,472.123186,1658137489.1249073,1658137489.5248222,1658137491.1857824,-0.3999149799346924,1.6609601974487305,2983,3054
2026-07-31T12:48:23.565695+00:00,14123.060294386,472.577837,1658137489.4248245,1658137490.0247252,1658137491.635799,-0.5999007225036621,1.6110737323760986,2986,3057
2026-07-31T12:48:24.162627+00:00,14123.657226154,473.174769,1658137489.824828,1658137490.6236007,1658137492.2358265,-0.7987728118896484,1.6122257709503174,2990,3061
2026-07-31T12:48:24.616315+00:00,14124.110914253,473.628457,1658137490.22483,1658137491.1246226,1658137492.685853,-0.8997926712036133,1.5612304210662842,2993,3064
2026-07-31T12:48:25.072245+00:00,14124.566843947,474.084386,1658137490.9248106,1658137491.52474,1658137493.135865,-0.5999293327331543,1.6111249923706055,2996,3067
2026-07-31T12:48:25.526935+00:00,14125.021534950,474.539077,1658137491.4249094,1658137492.0248623,1658137493.585893,-0.5999529361724854,1.561030626296997,2999,3070
2026-07-31T12:48:26.131415+00:00,14125.626014471,475.143557,1658137492.1247528,1658137492.6247585,1658137494.2109206,-0.5000057220458984,1.5861620903015137,3003,3074
2026-07-31T12:48:26.580450+00:00,14126.075049162,475.592592,1658137492.6247628,1658137493.0247025,1658137494.660949,-0.39993977546691895,1.6362464427947998,3006,3077
2026-07-31T12:48:27.036138+00:00,14126.530737987,476.048280,1658137493.1248324,1658137493.5240731,1658137495.1109643,-0.39924073219299316,1.5868911743164062,3009,3080
2026-07-31T12:48:27.648907+00:00,14127.143506191,476.661049,1658137493.8248272,1658137494.1248279,1658137495.711001,-0.3000006675720215,1.5861730575561523,3013,3084
2026-07-31T12:48:28.104393+00:00,14127.598991670,477.116534,1658137494.3248203,1658137494.6248052,1658137496.1860251,-0.2999849319458008,1.5612199306488037,3016,3087
2026-07-31T12:48:28.559018+00:00,14128.053615816,477.571158,1658137494.824771,1658137495.0247808,1658137496.6360364,-0.20000982284545898,1.6112556457519531,3019,3090
2026-07-31T12:48:29.021019+00:00,14128.515617701,478.033160,1658137495.2247455,1658137495.5247533,1658137497.0860713,-0.30000782012939453,1.5613179206848145,3022,3093
2026-07-31T12:48:29.624822+00:00,14129.119420990,478.636963,1658137495.7248116,1658137496.1249154,1658137497.6860867,-0.4001038074493408,1.561171293258667,3026,3097
2026-07-31T12:48:30.076597+00:00,14129.571196112,479.088739,1658137496.1249197,1658137496.5247684,1658137498.1361208,-0.39984869956970215,1.6113524436950684,3029,3100
2026-07-31T12:48:30.529211+00:00,14130.023809863,479.541352,1658137496.5248392,1658137497.022479,1658137498.6111634,-0.49763989448547363,1.588684320449829,3032,3103
2026-07-31T12:48:31.139083+00:00,14130.633682343,480.151225,1658137497.0248985,1658137497.6248178,1658137499.2112095,-0.599919319152832,1.5863916873931885,3036,3107
2026-07-31T12:48:31.597552+00:00,14131.092151109,480.609694,1658137497.5248518,1658137498.024865,1658137499.661182,-0.5000131130218506,1.6363170146942139,3039,3110
2026-07-31T12:48:32.048201+00:00,14131.542801045,481.060344,1658137497.9248405,1658137498.5246313,1658137500.1112304,-0.5997908115386963,1.5865991115570068,3042,3113
2026-07-31T12:48:32.652912+00:00,14132.147511318,481.665054,1658137498.5247438,1658137499.1248581,1658137500.7112224,-0.6001143455505371,1.5863642692565918,3046,3117
2026-07-31T12:48:33.105342+00:00,14132.599941257,482.117484,1658137499.0248184,1658137499.5232778,1658137501.1862564,-0.4984593391418457,1.6629786491394043,3049,3120
2026-07-31T12:48:33.560663+00:00,14133.056538472,482.574081,1658137499.5248919,1658137500.0248528,1658137501.6362634,-0.49996089935302734,1.6114106178283691,3052,3123
2026-07-31T12:48:34.168518+00:00,14133.664393214,483.181936,1658137500.4249082,1658137500.6247485,1658137502.2363112,-0.19984030723571777,1.611562728881836,3056,3127
2026-07-31T12:48:34.619770+00:00,14134.115645689,483.633188,1658137500.8249052,1658137501.1248066,1658137502.686312,-0.29990148544311523,1.5615053176879883,3059,3130
2026-07-31T12:48:35.081469+00:00,14134.577345375,484.094888,1658137501.3247797,1658137501.5247772,1658137503.1613197,-0.1999974250793457,1.636542558670044,3062,3133
2026-07-31T12:48:35.535127+00:00,14135.031002777,484.548545,1658137501.7247655,1658137502.0236366,1658137503.6113405,-0.2988710403442383,1.5877039432525635,3065,3136
2026-07-31T12:48:36.138259+00:00,14135.634134447,485.151677,1658137502.3248308,1658137502.6248522,1658137504.211371,-0.3000214099884033,1.5865187644958496,3069,3140
2026-07-31T12:48:36.596972+00:00,14136.092847464,485.610390,1658137502.6248565,1658137503.0247128,1658137504.6613827,-0.3998563289642334,1.6366698741912842,3072,3143
2026-07-31T12:48:37.056259+00:00,14136.552134897,486.069677,1658137503.1247118,1658137503.5248249,1658137505.1364033,-0.4001131057739258,1.6115784645080566,3075,3146
2026-07-31T12:48:37.658733+00:00,14137.154608736,486.672151,1658137503.5248456,1658137504.124722,1658137505.7364295,-0.5998764038085938,1.6117074489593506,3079,3150
2026-07-31T12:48:38.108101+00:00,14137.603975100,487.121518,1658137504.0249274,1658137504.5246487,1658137506.1864662,-0.4997212886810303,1.6618175506591797,3082,3153
2026-07-31T12:48:38.560596+00:00,14138.056471811,487.574014,1658137504.3248162,1658137505.0246956,1658137506.6364822,-0.6998794078826904,1.6117866039276123,3085,3156
2026-07-31T12:48:39.164289+00:00,14138.660164346,488.177707,1658137504.8247752,1658137505.6247475,1658137507.2364988,-0.7999722957611084,1.6117513179779053,3089,3160
2026-07-31T12:48:39.617106+00:00,14139.112981888,488.630524,1658137505.2247481,1658137506.1243265,1658137507.686522,-0.899578332901001,1.5621955394744873,3092,3163
2026-07-31T12:48:40.074271+00:00,14139.570146375,489.087689,1658137505.8249242,1658137506.5247285,1658137508.1365697,-0.6998043060302734,1.6118412017822266,3095,3166
2026-07-31T12:48:40.531688+00:00,14140.027563786,489.545106,1658137506.3248062,1658137507.0246472,1658137508.6115813,-0.6998410224914551,1.5869340896606445,3098,3169
2026-07-31T12:48:41.150318+00:00,14140.646194154,490.163737,1658137507.2248483,1658137507.624722,1658137509.2115588,-0.3998737335205078,1.586836814880371,3102,3173
2026-07-31T12:48:41.603697+00:00,14141.099571673,490.617114,1658137507.5248728,1658137508.1247377,1658137509.6865997,-0.5998649597167969,1.5618619918823242,3105,3176
2026-07-31T12:48:42.061255+00:00,14141.557130794,491.074673,1658137507.9247634,1658137508.5248995,1658137510.1366076,-0.6001360416412354,1.611708164215088,3108,3179
2026-07-31T12:48:42.668962+00:00,14142.164837687,491.682380,1658137508.7248616,1658137509.1248083,1658137510.736629,-0.3999466896057129,1.6118206977844238,3112,3183
2026-07-31T12:48:43.130233+00:00,14142.626108328,492.143651,1658137509.1248336,1658137509.6245384,1658137511.2117002,-0.49970483779907227,1.5871617794036865,3115,3186
2026-07-31T12:48:43.585260+00:00,14143.081135488,492.598678,1658137509.5249,1658137510.024116,1658137511.6616623,-0.49921607971191406,1.6375463008880615,3118,3189
2026-07-31T12:48:44.034971+00:00,14143.530846003,493.048388,1658137510.0248485,1658137510.524729,1658137512.1116838,-0.4998805522918701,1.5869548320770264,3121,3192
2026-07-31T12:48:44.641701+00:00,14144.137577250,493.655120,1658137510.4248538,1658137511.124779,1658137512.7117145,-0.6999251842498779,1.5869355201721191,3125,3196
2026-07-31T12:48:45.101795+00:00,14144.597670790,494.115213,1658137510.7247477,1658137511.5248253,1658137513.1617248,-0.8000776767730713,1.636899471282959,3128,3199
2026-07-31T12:48:45.548036+00:00,14145.043910126,494.561453,1658137511.3248734,1658137512.0246768,1658137513.6117513,-0.699803352355957,1.5870745182037354,3131,3202
2026-07-31T12:48:46.156403+00:00,14145.652279002,495.169821,1658137511.924887,1658137512.6248903,1658137514.236768,-0.7000033855438232,1.611877679824829,3135,3206
2026-07-31T12:48:46.608842+00:00,14146.104716128,495.622259,1658137512.6249073,1658137513.0247545,1658137514.686792,-0.39984726905822754,1.6620373725891113,3138,3209
2026-07-31T12:48:47.064208+00:00,14146.560083732,496.077626,1658137513.0247588,1658137513.5246987,1658137515.1368082,-0.4999399185180664,1.6121094226837158,3141,3212
2026-07-31T12:48:47.666912+00:00,14147.162788350,496.680331,1658137513.4249256,1658137514.1249135,1658137515.736833,-0.6999878883361816,1.611919641494751,3145,3216
2026-07-31T12:48:48.116673+00:00,14147.612547785,497.130090,1658137513.724816,1658137514.6247509,1658137516.18684,-0.8999347686767578,1.562089204788208,3148,3219
2026-07-31T12:48:48.567890+00:00,14148.063764568,497.581307,1658137514.1249175,1658137515.0248122,1658137516.6369138,-0.8998947143554688,1.6121015548706055,3151,3222
2026-07-31T12:48:49.022514+00:00,14148.518389773,498.035932,1658137514.6248386,1658137515.5246093,1658137517.0868912,-0.8997707366943359,1.562281847000122,3154,3225
2026-07-31T12:48:49.630438+00:00,14149.126314151,498.643857,1658137515.8248243,1658137516.1248016,1658137517.7119021,-0.29997730255126953,1.5871005058288574,3158,3229
2026-07-31T12:48:50.083450+00:00,14149.579325132,499.096868,1658137516.1248264,1658137516.5248928,1658137518.1619315,-0.4000663757324219,1.6370387077331543,3161,3232
2026-07-31T12:48:50.545082+00:00,14150.040958519,499.558501,1658137516.5248973,1658137517.02475,1658137518.6119685,-0.49985265731811523,1.5872185230255127,3164,3235
2026-07-31T12:48:51.154722+00:00,14150.650597588,500.168140,1658137517.0247543,1658137517.6247098,1658137519.2369688,-0.5999555587768555,1.6122589111328125,3168,3239
2026-07-31T12:48:51.612627+00:00,14151.108502017,500.626044,1658137517.3248284,1658137518.024699,1658137519.6869981,-0.6998705863952637,1.6622991561889648,3171,3242
2026-07-31T12:48:52.071607+00:00,14151.567482725,501.085025,1658137517.624847,1658137518.5248914,1658137520.1370149,-0.9000444412231445,1.6121234893798828,3174,3245
2026-07-31T12:48:52.544832+00:00,14152.040707593,501.558250,1658137517.9247677,1658137519.0247943,1658137520.6120195,-1.1000266075134277,1.5872251987457275,3177,3248
2026-07-31T12:48:53.171423+00:00,14152.667298736,502.184841,1658137518.5249205,1658137519.624792,1658137521.2370617,-1.0998716354370117,1.612269639968872,3181,3252
2026-07-31T12:48:53.618633+00:00,14153.114508032,502.632050,1658137519.024886,1658137520.1247444,1658137521.6870978,-1.0998585224151611,1.5623533725738525,3184,3255
2026-07-31T12:48:54.070947+00:00,14153.566822180,503.084365,1658137519.7249134,1658137520.5245678,1658137522.1370952,-0.799654483795166,1.6125273704528809,3187,3258
2026-07-31T12:48:54.530195+00:00,14154.026070659,503.543613,1658137520.2248363,1658137521.0245645,1658137522.6121027,-0.7997281551361084,1.587538242340088,3190,3261
2026-07-31T12:48:55.132299+00:00,14154.628174534,504.145717,1658137521.1248953,1658137521.6248124,1658137523.2121382,-0.49991703033447266,1.5873258113861084,3194,3265
2026-07-31T12:48:55.581801+00:00,14155.077676732,504.595219,1658137521.6248162,1658137522.0248666,1658137523.662137,-0.40005040168762207,1.637270450592041,3197,3268
2026-07-31T12:48:56.034617+00:00,14155.530492412,505.048035,1658137522.224856,1658137522.5247476,1658137524.1121707,-0.29989171028137207,1.5874230861663818,3200,3271
2026-07-31T12:48:56.652258+00:00,14156.148133712,505.665676,1658137522.7249207,1658137523.1248412,1658137524.7121837,-0.3999204635620117,1.5873425006866455,3204,3275
2026-07-31T12:48:57.100915+00:00,14156.596790187,506.114333,1658137523.0248227,1658137523.524745,1658137525.1622028,-0.4999222755432129,1.6374578475952148,3207,3278
2026-07-31T12:48:57.555955+00:00,14157.051829978,506.569372,1658137523.4249077,1658137524.0248384,1658137525.6372383,-0.5999307632446289,1.6123998165130615,3210,3281
2026-07-31T12:48:58.156195+00:00,14157.652070891,507.169613,1658137523.9247608,1658137524.62474,1658137526.237243,-0.6999790668487549,1.6125030517578125,3214,3285
2026-07-31T12:48:58.615861+00:00,14158.111736621,507.629279,1658137524.224817,1658137525.1249254,1658137526.6872652,-0.9001083374023438,1.5623397827148438,3217,3288
2026-07-31T12:48:59.063434+00:00,14158.559309691,508.076852,1658137524.9247515,1658137525.524769,1658137527.1372912,-0.6000175476074219,1.6125221252441406,3220,3291
2026-07-31T12:48:59.681834+00:00,14159.177707802,508.695250,1658137525.6248636,1658137526.124603,1658137527.7623103,-0.499739408493042,1.637707233428955,3224,3295
2026-07-31T12:49:00.144349+00:00,14159.640224656,509.157767,1658137526.2249143,1658137526.6239216,1658137528.2123287,-0.39900732040405273,1.588407039642334,3227,3298
2026-07-31T12:49:00.599818+00:00,14160.095694163,509.613237,1658137526.7247536,1658137527.0246122,1658137528.6623564,-0.29985857009887695,1.6377441883087158,3230,3301
2026-07-31T12:49:01.051677+00:00,14160.547551984,510.065094,1658137527.1247523,1658137527.524292,1658137529.112359,-0.3995397090911865,1.5880670547485352,3233,3304
2026-07-31T12:49:01.662517+00:00,14161.158392942,510.675935,1658137527.6249235,1658137528.1246483,1658137529.7374003,-0.4997248649597168,1.6127519607543945,3237,3308
2026-07-31T12:49:02.116119+00:00,14161.611994709,511.129537,1658137527.9248207,1658137528.6247735,1658137530.1874099,-0.6999528408050537,1.562636375427246,3240,3311
2026-07-31T12:49:02.570995+00:00,14162.066870941,511.584413,1658137528.4249294,1658137529.0248132,1658137530.6374128,-0.5998837947845459,1.6125996112823486,3243,3314
2026-07-31T12:49:03.020187+00:00,14162.516062677,512.033605,1658137528.8247716,1658137529.5248098,1658137531.0874546,-0.7000381946563721,1.5626447200775146,3246,3317
2026-07-31T12:49:03.622590+00:00,14163.120151382,512.637694,1658137529.5248141,1658137530.1248283,1658137531.687469,-0.6000142097473145,1.56264066696167,3250,3321
2026-07-31T12:49:04.072406+00:00,14163.569967076,513.087510,1658137530.0247614,1658137530.5248911,1658137532.1375668,-0.5001296997070312,1.612675666809082,3253,3324
2026-07-31T12:49:04.522548+00:00,14164.020109336,513.537652,1658137530.5248952,1658137531.0248191,1658137532.5875092,-0.4999239444732666,1.562690019607544,3256,3327
2026-07-31T12:49:05.132966+00:00,14164.630527256,514.148070,1658137531.1249177,1658137531.6247933,1658137533.2125404,-0.499875545501709,1.5877470970153809,3260,3331
2026-07-31T12:49:05.589199+00:00,14165.086760790,514.604303,1658137531.4248898,1658137532.024796,1658137533.6625483,-0.5999062061309814,1.6377522945404053,3263,3334
2026-07-31T12:49:06.057178+00:00,14165.554740001,515.072282,1658137532.1249118,1658137532.5246837,1658137534.1375623,-0.39977192878723145,1.6128785610198975,3266,3337
2026-07-31T12:49:06.660293+00:00,14166.157854650,515.675397,1658137532.7247577,1658137533.124715,1658137534.7375882,-0.39995741844177246,1.6128730773925781,3270,3341
2026-07-31T12:49:07.104054+00:00,14166.601615569,516.119158,1658137533.2248714,1658137533.524919,1658137535.1876063,-0.3000476360321045,1.6626873016357422,3273,3344
2026-07-31T12:49:07.553381+00:00,14167.050942454,516.568485,1658137533.7248476,1658137534.0247192,1658137535.637615,-0.29987168312072754,1.6128957271575928,3276,3347
2026-07-31T12:49:08.158712+00:00,14167.656272891,517.173815,1658137534.3249207,1658137534.6249235,1658137536.2376726,-0.3000028133392334,1.6127490997314453,3280,3351
2026-07-31T12:49:08.617814+00:00,14168.115375866,517.632918,1658137534.7247715,1658137535.1242425,1658137536.6876585,-0.3994710445404053,1.5634160041809082,3283,3354
2026-07-31T12:49:09.066601+00:00,14168.564163150,518.081706,1658137535.1247704,1658137535.5238242,1658137537.1376865,-0.39905381202697754,1.6138622760772705,3286,3357
2026-07-31T12:49:09.528173+00:00,14169.025734477,518.543277,1658137535.72485,1658137536.0248656,1658137537.612698,-0.3000156879425049,1.5878324508666992,3289,3360
2026-07-31T12:49:10.133331+00:00,14169.630892291,519.148435,1658137536.3248386,1658137536.6246917,1658137538.2127116,-0.2998530864715576,1.588019847869873,3293,3364
2026-07-31T12:49:10.586663+00:00,14170.084224209,519.601767,1658137536.6247296,1658137537.0248072,1658137538.6627402,-0.40007758140563965,1.6379330158233643,3296,3367
2026-07-31T12:49:11.034883+00:00,14170.532444161,520.049987,1658137537.224735,1658137537.5244741,1658137539.1127613,-0.29973912239074707,1.588287115097046,3299,3370
2026-07-31T12:49:11.633632+00:00,14171.131193482,520.648736,1658137537.8247223,1658137538.1247814,1658137539.7127876,-0.30005908012390137,1.5880062580108643,3303,3374
2026-07-31T12:49:12.085710+00:00,14171.583271706,521.100814,1658137538.2247095,1658137538.5225816,1658137540.1628044,-0.29787206649780273,1.6402227878570557,3306,3377
2026-07-31T12:49:12.539040+00:00,14172.036601497,521.554144,1658137538.82481,1658137539.024727,1658137540.612811,-0.19991707801818848,1.5880839824676514,3309,3380
2026-07-31T12:49:13.151350+00:00,14172.648911623,522.166454,1658137539.4247532,1658137539.6248024,1658137541.2128403,-0.20004916191101074,1.5880379676818848,3313,3384
2026-07-31T12:49:13.604949+00:00,14173.102510834,522.620053,1658137539.8247285,1658137540.0248606,1658137541.687868,-0.20013213157653809,1.6630074977874756,3316,3387
2026-07-31T12:49:14.065803+00:00,14173.563363485,523.080906,1658137540.2248385,1658137540.524744,1658137542.1378896,-0.29990553855895996,1.6131455898284912,3319,3390
2026-07-31T12:49:14.671266+00:00,14174.168827009,523.686369,1658137540.7249022,1658137541.124747,1658137542.7379255,-0.3998448848724365,1.6131784915924072,3323,3394
2026-07-31T12:49:15.122768+00:00,14174.620329652,524.137872,1658137541.124751,1658137541.6246922,1658137543.187943,-0.4999411106109619,1.5632507801055908,3326,3397
2026-07-31T12:49:15.576886+00:00,14175.074448062,524.591991,1658137541.524906,1658137542.0247996,1658137543.6629632,-0.4998936653137207,1.6381635665893555,3329,3400
2026-07-31T12:49:16.033219+00:00,14175.530779943,525.048322,1658137541.8249168,1658137542.5248165,1658137544.112996,-0.6998996734619141,1.588179588317871,3332,3403
2026-07-31T12:49:16.639592+00:00,14176.137153762,525.654696,1658137542.424757,1658137543.1244643,1658137544.7130032,-0.6997072696685791,1.5885388851165771,3336,3407
2026-07-31T12:49:17.095931+00:00,14176.593492142,526.111035,1658137542.9248219,1658137543.5246613,1658137545.163044,-0.599839448928833,1.6383826732635498,3339,3410
2026-07-31T12:49:17.553532+00:00,14177.051093574,526.568636,1658137543.524732,1658137544.0245142,1658137545.6380534,-0.49978208541870117,1.613539218902588,3342,3413
2026-07-31T12:49:18.158000+00:00,14177.655560898,527.173103,1658137544.3248935,1658137544.6237109,1658137546.2380784,-0.29881739616394043,1.6143674850463867,3346,3417
2026-07-31T12:49:18.614289+00:00,14178.111850770,527.629393,1658137544.724756,1658137545.1247182,1658137546.6881025,-0.3999621868133545,1.5633842945098877,3349,3420
2026-07-31T12:49:19.064952+00:00,14178.562514045,528.080057,1658137545.0248961,1658137545.524808,1658137547.1381195,-0.4999117851257324,1.613311529159546,3352,3423
2026-07-31T12:49:19.523330+00:00,14179.020892026,528.538434,1658137545.4248443,1658137546.0242443,1658137547.5881448,-0.5994000434875488,1.5639004707336426,3355,3426
2026-07-31T12:49:20.144730+00:00,14179.642291249,529.159834,1658137545.9248106,1658137546.6247382,1658137548.213172,-0.699927568435669,1.5884337425231934,3359,3430
2026-07-31T12:49:20.596838+00:00,14180.094400084,529.611943,1658137546.324864,1658137547.1249187,1658137548.6631866,-0.8000547885894775,1.5382678508758545,3362,3433
2026-07-31T12:49:21.050197+00:00,14180.547758823,530.065301,1658137546.9247239,1658137547.5247664,1658137549.1132133,-0.6000425815582275,1.588446855545044,3365,3436
2026-07-31T12:49:21.661538+00:00,14181.159098677,530.676641,1658137547.6248567,1658137548.124931,1658137549.7382472,-0.5000743865966797,1.6133160591125488,3369,3440
2026-07-31T12:49:22.125587+00:00,14181.623148454,531.140691,1658137548.0248394,1658137548.6245987,1658137550.1882625,-0.5997593402862549,1.5636637210845947,3372,3443
2026-07-31T12:49:22.576861+00:00,14182.074422296,531.591965,1658137548.6247656,1658137549.024741,1658137550.6382895,-0.3999752998352051,1.6135485172271729,3375,3446
2026-07-31T12:49:23.029235+00:00,14182.526797206,532.044340,1658137549.2249284,1658137549.5248313,1658137551.1133091,-0.29990291595458984,1.5884778499603271,3378,3449
2026-07-31T12:49:23.631945+00:00,14183.129506433,532.647049,1658137549.7247674,1658137550.1247008,1658137551.7133553,-0.3999333381652832,1.5886545181274414,3382,3453
2026-07-31T12:49:24.083459+00:00,14183.581020634,533.098563,1658137550.2248454,1658137550.5248995,1658137552.1633844,-0.30005407333374023,1.6384849548339844,3385,3456
2026-07-31T12:49:24.531059+00:00,14184.028620389,533.546163,1658137550.624749,1658137551.024714,1658137552.6134107,-0.3999650478363037,1.5886967182159424,3388,3459
2026-07-31T12:49:25.136194+00:00,14184.633755796,534.151298,1658137551.0247185,1658137551.6246085,1658137553.2134223,-0.5998899936676025,1.5888137817382812,3392,3463
2026-07-31T12:49:25.595631+00:00,14185.093192359,534.610735,1658137551.5248368,1658137552.1247663,1658137553.6634684,-0.5999295711517334,1.5387020111083984,3395,3466
2026-07-31T12:49:26.052130+00:00,14185.549691637,535.067234,1658137552.1247704,1658137552.5248184,1658137554.113468,-0.40004801750183105,1.5886495113372803,3398,3469
2026-07-31T12:49:26.658041+00:00,14186.155602276,535.673145,1658137552.72476,1658137553.124713,1658137554.7385042,-0.39995288848876953,1.6137912273406982,3402,3473
2026-07-31T12:49:27.112201+00:00,14186.609762526,536.127305,1658137553.224818,1658137553.5246196,1658137555.188607,-0.2998015880584717,1.663987398147583,3405,3476
2026-07-31T12:49:27.560941+00:00,14187.058502063,536.576045,1658137553.6248353,1658137554.0248463,1658137555.6385489,-0.4000110626220703,1.6137025356292725,3408,3479
2026-07-31T12:49:28.173626+00:00,14187.671186449,537.188729,1658137554.1247663,1658137554.624123,1658137556.2385824,-0.499356746673584,1.6144592761993408,3412,3483
2026-07-31T12:49:28.621916+00:00,14188.119477764,537.637020,1658137554.424849,1658137555.1247938,1658137556.6886,-0.6999447345733643,1.5638062953948975,3415,3486
2026-07-31T12:49:29.070968+00:00,14188.568529453,538.086072,1658137555.0247588,1658137555.5244012,1658137557.1386147,-0.49964237213134766,1.614213466644287,3418,3489
2026-07-31T12:49:29.528838+00:00,14189.026399438,538.543942,1658137555.6247466,1658137556.0247421,1658137557.6136298,-0.3999955654144287,1.5888876914978027,3421,3492
2026-07-31T12:49:30.132200+00:00,14189.629761349,539.147304,1658137556.1248493,1658137556.6247096,1658137558.2136598,-0.4998602867126465,1.5889501571655273,3425,3496
2026-07-31T12:49:30.574544+00:00,14190.072105439,539.589648,1658137556.7249026,1658137557.0247958,1658137558.6387196,-0.2998931407928467,1.6139237880706787,3428,3499
2026-07-31T12:49:31.030693+00:00,14190.528254849,540.045797,1658137557.1249068,1658137557.5248685,1658137559.113707,-0.3999617099761963,1.5888385772705078,3431,3502
2026-07-31T12:49:31.635619+00:00,14191.133181441,540.650724,1658137557.7248402,1658137558.124788,1658137559.7137485,-0.3999478816986084,1.5889604091644287,3435,3506
2026-07-31T12:49:32.089279+00:00,14191.586840555,541.104383,1658137558.1248171,1658137558.5249176,1658137560.163761,-0.4001004695892334,1.638843297958374,3438,3509
2026-07-31T12:49:32.534731+00:00,14192.032293428,541.549836,1658137558.6247663,1658137559.0248306,1658137560.6137848,-0.40006422996520996,1.588954210281372,3441,3512
2026-07-31T12:49:33.138294+00:00,14192.635855053,542.153398,1658137559.2247577,1658137559.6248357,1658137561.213798,-0.40007805824279785,1.5889623165130615,3445,3516
2026-07-31T12:49:33.588246+00:00,14193.086550017,542.604092,1658137559.62484,1658137560.024718,1658137561.663822,-0.39987802505493164,1.639103889465332,3448,3519
2026-07-31T12:49:34.043519+00:00,14193.541822843,543.059365,1658137560.2247374,1658137560.5246427,1658137562.1138303,-0.29990530014038086,1.5891876220703125,3451,3522
2026-07-31T12:49:34.645456+00:00,14194.143759350,543.661302,1658137560.7249262,1658137561.124738,1658137562.7138462,-0.3998117446899414,1.5891082286834717,3455,3526
2026-07-31T12:49:35.093116+00:00,14194.591419704,544.108962,1658137561.1249137,1658137561.524741,1658137563.1638832,-0.399827241897583,1.6391422748565674,3458,3529
2026-07-31T12:49:35.551014+00:00,14195.049318232,544.566861,1658137561.6248293,1658137562.0249043,1658137563.613901,-0.40007495880126953,1.5889966487884521,3461,3532
2026-07-31T12:49:36.151675+00:00,14195.649978574,545.167521,1658137562.224836,1658137562.6247683,1658137564.213923,-0.3999321460723877,1.5891547203063965,3465,3536
2026-07-31T12:49:36.598933+00:00,14196.097237040,545.614780,1658137562.7248693,1658137563.1244907,1658137564.663942,-0.39962148666381836,1.5394513607025146,3468,3539
2026-07-31T12:49:37.053537+00:00,14196.551840363,546.069383,1658137563.2247186,1658137563.5247378,1658137565.1390152,-0.3000192642211914,1.6142773628234863,3471,3542
2026-07-31T12:49:37.650535+00:00,14197.148839180,546.666382,1658137563.9248612,1658137564.1248817,1658137565.713983,-0.20002055168151855,1.5891013145446777,3475,3546
2026-07-31T12:49:38.106383+00:00,14197.604686935,547.122229,1658137564.3248978,1658137564.5247107,1658137566.1890147,-0.1998128890991211,1.6643040180206299,3478,3549
2026-07-31T12:49:38.552873+00:00,14198.051177287,547.568720,1658137564.724756,1658137565.024892,1658137566.639031,-0.30013608932495117,1.6141388416290283,3481,3552
2026-07-31T12:49:39.159476+00:00,14198.657780389,548.175323,1658137565.2248273,1658137565.6247463,1658137567.2390583,-0.3999190330505371,1.614311933517456,3485,3556
2026-07-31T12:49:39.611073+00:00,14199.109377240,548.626920,1658137565.5249114,1658137566.124399,1658137567.689084,-0.5994875431060791,1.5646851062774658,3488,3559
2026-07-31T12:49:40.068037+00:00,14199.566340236,549.083883,1658137565.924774,1658137566.5238786,1658137568.139111,-0.599104642868042,1.6152324676513672,3491,3562
2026-07-31T12:49:40.526393+00:00,14200.024697281,549.542240,1658137566.5248518,1658137567.0247593,1658137568.5891204,-0.4999074935913086,1.5643610954284668,3494,3565
2026-07-31T12:49:41.122627+00:00,14200.620930890,550.138473,1658137567.1249087,1658137567.6248,1658137569.1891522,-0.4998912811279297,1.56435227394104,3498,3569
2026-07-31T12:49:41.586027+00:00,14201.084330727,550.601873,1658137567.7249024,1658137568.02491,1658137569.6641738,-0.30000758171081543,1.6392638683319092,3501,3572
2026-07-31T12:49:42.032541+00:00,14201.530845275,551.048388,1658137568.324816,1658137568.5247178,1658137570.114188,-0.19990181922912598,1.5894701480865479,3504,3575
2026-07-31T12:49:42.631263+00:00,14202.129567289,551.647110,1658137568.9248507,1658137569.124904,1658137570.7142172,-0.20005321502685547,1.589313268661499,3508,3579
2026-07-31T12:49:43.083287+00:00,14202.581590490,552.099133,1658137569.3248465,1658137569.5248344,1658137571.1642494,-0.19998788833618164,1.6394150257110596,3511,3582
2026-07-31T12:49:43.540881+00:00,14203.039184218,552.556727,1658137569.724858,1658137570.0247617,1658137571.614262,-0.29990363121032715,1.5895004272460938,3514,3585
2026-07-31T12:49:44.139521+00:00,14203.637825011,553.155367,1658137570.3248186,1658137570.624809,1658137572.2142892,-0.2999904155731201,1.5894801616668701,3518,3589
2026-07-31T12:49:44.585484+00:00,14204.083787711,553.601330,1658137570.724925,1658137571.0247352,1658137572.6643696,-0.29981017112731934,1.639634370803833,3521,3592
2026-07-31T12:49:45.037112+00:00,14204.535416036,554.052959,1658137571.0248063,1658137571.5248277,1658137573.1143274,-0.5000214576721191,1.5894997119903564,3524,3595
2026-07-31T12:49:45.640509+00:00,14205.138812762,554.656355,1658137571.72476,1658137572.1245308,1658137573.7143524,-0.39977073669433594,1.5898215770721436,3528,3599
2026-07-31T12:49:46.095706+00:00,14205.594009983,555.111552,1658137572.1248767,1658137572.6248846,1658137574.164375,-0.5000078678131104,1.5394904613494873,3531,3602
2026-07-31T12:49:46.550094+00:00,14206.048398033,555.565940,1658137572.624897,1658137573.0247564,1658137574.614394,-0.3998594284057617,1.5896375179290771,3534,3605
2026-07-31T12:49:47.157485+00:00,14206.655788152,556.173331,1658137573.4247556,1658137573.6248188,1658137575.2394178,-0.20006322860717773,1.6145989894866943,3538,3609
2026-07-31T12:49:47.613306+00:00,14207.111608226,556.629151,1658137573.8247437,1658137574.1248817,1658137575.6894462,-0.300137996673584,1.5645644664764404,3541,3612
2026-07-31T12:49:48.090495+00:00,14207.588798518,557.106341,1658137574.2247136,1658137574.524905,1658137576.1644826,-0.30019140243530273,1.6395776271820068,3544,3615
2026-07-31T12:49:48.544895+00:00,14208.043199454,557.560742,1658137574.5249093,1658137575.0248673,1658137576.614508,-0.4999580383300781,1.5896406173706055,3547,3618
2026-07-31T12:49:49.150263+00:00,14208.648566603,558.166109,1658137575.0248713,1658137575.6245852,1658137577.214522,-0.5997138023376465,1.5899367332458496,3551,3622
2026-07-31T12:49:49.612105+00:00,14209.110409203,558.627952,1658137575.4247105,1658137576.1248248,1658137577.6895363,-0.7001142501831055,1.564711570739746,3554,3625
2026-07-31T12:49:50.063657+00:00,14209.561960846,559.079503,1658137575.9249122,1658137576.5247526,1658137578.1395512,-0.5998404026031494,1.6147985458374023,3557,3628
2026-07-31T12:49:50.667152+00:00,14210.165456359,559.682999,1658137576.8249338,1658137577.1240118,1658137578.739584,-0.29907798767089844,1.615572214126587,3561,3632
2026-07-31T12:49:51.116689+00:00,14210.614992931,560.132535,1658137577.2248192,1658137577.6246233,1658137579.1895945,-0.39980411529541016,1.5649712085723877,3564,3635
2026-07-31T12:49:51.582243+00:00,14211.080547182,560.598090,1658137577.5248072,1658137578.022772,1658137579.664618,-0.49796485900878906,1.641845941543579,3567,3638
2026-07-31T12:49:52.036986+00:00,14211.535289853,561.052832,1658137578.0247762,1658137578.5247338,1658137580.1146345,-0.4999575614929199,1.5899007320404053,3570,3641
2026-07-31T12:49:52.638531+00:00,14212.136834193,561.654377,1658137578.72492,1658137579.1248024,1658137580.7146559,-0.39988231658935547,1.5898535251617432,3574,3645
2026-07-31T12:49:53.089609+00:00,14212.587913670,562.105456,1658137579.1248064,1658137579.524399,1658137581.1646764,-0.39959263801574707,1.64027738571167,3577,3648
2026-07-31T12:49:53.550569+00:00,14213.048872883,562.566415,1658137579.8249247,1658137580.024791,1658137581.6146927,-0.19986629486083984,1.5899016857147217,3580,3651
2026-07-31T12:49:54.152316+00:00,14213.650620185,563.168163,1658137580.424813,1658137580.6246824,1658137582.2147338,-0.19986939430236816,1.5900514125823975,3584,3655
2026-07-31T12:49:54.603092+00:00,14214.101395713,563.618938,1658137580.824921,1658137581.1248212,1658137582.6897414,-0.2999002933502197,1.56492018699646,3587,3658
2026-07-31T12:49:55.053893+00:00,14214.552197318,564.069740,1658137581.324757,1658137581.5247672,1658137583.1397593,-0.20001006126403809,1.6149921417236328,3590,3661
2026-07-31T12:49:55.522544+00:00,14215.020848338,564.538391,1658137581.6249108,1658137582.02476,1658137583.5897794,-0.39984917640686035,1.5650193691253662,3593,3664
2026-07-31T12:49:56.146782+00:00,14215.645085175,565.162628,1658137582.1248505,1658137582.6248283,1658137584.2148104,-0.49997782707214355,1.589982032775879,3597,3668
2026-07-31T12:49:56.607258+00:00,14216.105562423,565.623105,1658137582.4248984,1658137583.023854,1658137584.689828,-0.5989556312561035,1.6659739017486572,3600,3671
2026-07-31T12:49:57.067043+00:00,14216.565347645,566.082890,1658137582.724925,1658137583.5232737,1658137585.1398394,-0.7983486652374268,1.6165657043457031,3603,3674
2026-07-31T12:49:57.667805+00:00,14217.166108369,566.683651,1658137583.1248112,1658137584.1248214,1658137585.7398682,-1.0000102519989014,1.615046739578247,3607,3678
2026-07-31T12:49:58.117926+00:00,14217.616229081,567.133772,1658137583.5249302,1658137584.6247935,1658137586.1898901,-1.0998632907867432,1.5650966167449951,3610,3681
2026-07-31T12:49:58.565293+00:00,14218.063596602,567.581139,1658137584.1248255,1658137585.0249069,1658137586.6399071,-0.9000813961029053,1.6150002479553223,3613,3684
2026-07-31T12:49:59.030271+00:00,14218.528575031,568.046117,1658137584.824741,1658137585.5248156,1658137587.114922,-0.7000746726989746,1.59010648727417,3616,3687
2026-07-31T12:49:59.635988+00:00,14219.134292002,568.651834,1658137585.6248,1658137586.1247847,1658137587.7149563,-0.4999847412109375,1.5901715755462646,3620,3691
2026-07-31T12:50:00.093948+00:00,14219.592251826,569.109794,1658137586.0249345,1658137586.5248291,1658137588.164972,-0.4998946189880371,1.6401429176330566,3623,3694
2026-07-31T12:50:00.556483+00:00,14220.054787098,569.572330,1658137586.524921,1658137587.024644,1658137588.6400146,-0.499722957611084,1.615370750427246,3626,3697
2026-07-31T12:50:01.160593+00:00,14220.658896575,570.176439,1658137587.1248405,1658137587.6247842,1658137589.2400045,-0.49994373321533203,1.615220308303833,3630,3701
2026-07-31T12:50:01.619346+00:00,14221.117650361,570.635193,1658137587.5249314,1658137588.124714,1658137589.690032,-0.5997824668884277,1.5653181076049805,3633,3704
2026-07-31T12:50:02.069060+00:00,14221.567364190,571.084907,1658137588.1248384,1658137588.5245297,1658137590.1400592,-0.3996913433074951,1.6155295372009277,3636,3707
2026-07-31T12:50:02.524546+00:00,14222.022849531,571.540392,1658137588.6247137,1658137589.0247095,1658137590.5900552,-0.3999958038330078,1.5653457641601562,3639,3710
2026-07-31T12:50:03.126969+00:00,14222.625272496,572.142815,1658137589.1247141,1658137589.624847,1658137591.1900866,-0.5001327991485596,1.565239667892456,3643,3714
2026-07-31T12:50:03.576147+00:00,14223.075762516,572.593305,1658137589.524768,1658137590.0247936,1658137591.6401017,-0.5000255107879639,1.6153080463409424,3646,3717
2026-07-31T12:50:04.025148+00:00,14223.524752894,573.042295,1658137589.9247587,1658137590.5248203,1658137592.090207,-0.6000616550445557,1.5653867721557617,3649,3720
2026-07-31T12:50:04.623902+00:00,14224.123517123,573.641060,1658137590.5248244,1658137591.1243176,1658137592.6901472,-0.5994932651519775,1.5658295154571533,3653,3724
2026-07-31T12:50:05.083272+00:00,14224.582886597,574.100429,1658137591.1248417,1658137591.524821,1658137593.1652417,-0.3999793529510498,1.64042067527771,3656,3727
2026-07-31T12:50:05.528058+00:00,14225.027673436,574.545216,1658137591.6249163,1658137592.0228002,1658137593.6151881,-0.39788389205932617,1.5923879146575928,3659,3730
2026-07-31T12:50:06.125461+00:00,14225.625075669,575.142618,1658137592.1248837,1658137592.6247618,1658137594.190207,-0.4998781681060791,1.5654451847076416,3663,3734
2026-07-31T12:50:06.579645+00:00,14226.079261025,575.596803,1658137592.4247067,1658137593.024755,1658137594.6652336,-0.600048303604126,1.6404786109924316,3666,3737
2026-07-31T12:50:07.034131+00:00,14226.533745855,576.051288,1658137592.924902,1658137593.5248265,1658137595.115296,-0.5999245643615723,1.5904693603515625,3669,3740
2026-07-31T12:50:07.635926+00:00,14227.135541132,576.653084,1658137593.524918,1658137594.1246912,1658137595.7152605,-0.5997731685638428,1.590569257736206,3673,3744
2026-07-31T12:50:08.086374+00:00,14227.585989462,577.103532,1658137593.8248062,1658137594.5243306,1658137596.165342,-0.6995244026184082,1.6410114765167236,3676,3747
2026-07-31T12:50:08.538315+00:00,14228.037929796,577.555472,1658137594.4248157,1658137595.0244966,1658137596.615298,-0.5996809005737305,1.590801477432251,3679,3750
2026-07-31T12:50:09.145422+00:00,14228.645037489,578.162580,1658137594.9248774,1658137595.624801,1658137597.2153223,-0.6999235153198242,1.5905213356018066,3683,3754
2026-07-31T12:50:09.600186+00:00,14229.099801094,578.617344,1658137595.524855,1658137596.0249276,1658137597.6653445,-0.500072717666626,1.6404168605804443,3686,3757
2026-07-31T12:50:10.060867+00:00,14229.560481984,579.078024,1658137595.8247654,1658137596.524754,1658137598.1404214,-0.699988603591919,1.6156673431396484,3689,3760
2026-07-31T12:50:10.520295+00:00,14230.019910150,579.537453,1658137596.2248454,1658137597.0240273,1658137598.5903819,-0.7991819381713867,1.566354513168335,3692,3763
2026-07-31T12:50:11.132837+00:00,14230.632452553,580.149995,1658137596.724918,1658137597.624836,1658137599.2154102,-0.8999180793762207,1.5905742645263672,3696,3767
2026-07-31T12:50:11.588028+00:00,14231.087643344,580.605186,1658137597.3248956,1658137598.024418,1658137599.665447,-0.6995224952697754,1.641028881072998,3699,3770
2026-07-31T12:50:12.039005+00:00,14231.538619979,581.056162,1658137597.824829,1658137598.5248318,1658137600.1154323,-0.7000026702880859,1.5906004905700684,3702,3773
2026-07-31T12:50:12.643852+00:00,14232.143467201,581.661010,1658137598.724912,1658137599.124924,1658137600.7154894,-0.4000120162963867,1.5905654430389404,3706,3777
2026-07-31T12:50:13.103871+00:00,14232.603486363,582.121029,1658137599.2247672,1658137599.6228294,1658137601.1905103,-0.39806222915649414,1.567680835723877,3709,3780
2026-07-31T12:50:13.554084+00:00,14233.053699538,582.571242,1658137599.524763,1658137600.023899,1658137601.6405063,-0.49913597106933594,1.6166071891784668,3712,3783
2026-07-31T12:50:14.156419+00:00,14233.656034771,583.173577,1658137600.1247225,1658137600.624833,1658137602.2405453,-0.5001106262207031,1.6157121658325195,3716,3787
2026-07-31T12:50:14.615420+00:00,14234.115035392,583.632578,1658137600.5247457,1658137601.1243353,1658137602.6905425,-0.5995895862579346,1.5662071704864502,3719,3790
2026-07-31T12:50:15.071400+00:00,14234.571014662,584.088557,1658137600.9248269,1658137601.5248792,1658137603.1405547,-0.6000523567199707,1.615675449371338,3722,3793
2026-07-31T12:50:15.522305+00:00,14235.021920244,584.539463,1658137601.6247544,1658137602.0245411,1658137603.5905764,-0.39978671073913574,1.566035270690918,3725,3796
2026-07-31T12:50:16.129846+00:00,14235.629461758,585.147004,1658137602.2249022,1658137602.6249106,1658137604.2155993,-0.4000084400177002,1.590688705444336,3729,3800
2026-07-31T12:50:16.584803+00:00,14236.084418468,585.601961,1658137602.6249146,1658137603.0248952,1658137604.6657145,-0.3999805450439453,1.6408193111419678,3732,3803
2026-07-31T12:50:17.041496+00:00,14236.541111241,586.058654,1658137603.1247294,1658137603.5247157,1658137605.1156554,-0.39998626708984375,1.5909397602081299,3735,3806
2026-07-31T12:50:17.640458+00:00,14237.140072929,586.657615,1658137603.6248157,1658137604.1247594,1658137605.7156873,-0.49994373321533203,1.5909278392791748,3739,3810
2026-07-31T12:50:18.089395+00:00,14237.589009666,587.106552,1658137604.024904,1658137604.6246684,1658137606.1656933,-0.599764347076416,1.541024923324585,3742,3813
2026-07-31T12:50:18.542800+00:00,14238.042414318,587.559957,1658137604.4247596,1658137605.0248835,1658137606.615695,-0.6001238822937012,1.5908114910125732,3745,3816
2026-07-31T12:50:19.155730+00:00,14238.655345363,588.172888,1658137605.1247306,1658137605.6246855,1658137607.2407422,-0.4999549388885498,1.6160566806793213,3749,3820
2026-07-31T12:50:19.610788+00:00,14239.110403326,588.627946,1658137605.5247567,1658137606.1247592,1658137607.690755,-0.6000025272369385,1.565995693206787,3752,3823
2026-07-31T12:50:20.070239+00:00,14239.569854612,589.087397,1658137606.024929,1658137606.5244591,1658137608.1407561,-0.4995300769805908,1.6162970066070557,3755,3826
2026-07-31T12:50:20.530971+00:00,14240.030586624,589.548129,1658137606.424914,1658137607.0247781,1658137608.6158354,-0.5998642444610596,1.591057300567627,3758,3829
2026-07-31T12:50:21.138084+00:00,14240.637698361,590.155241,1658137607.0248115,1658137607.624819,1658137609.2158055,-0.6000075340270996,1.5909864902496338,3762,3833
2026-07-31T12:50:21.586320+00:00,14241.085935084,590.603478,1658137607.5248542,1658137608.0246077,1658137609.6658463,-0.499753475189209,1.6412386894226074,3765,3836
2026-07-31T12:50:22.040426+00:00,14241.540040710,591.057583,1658137607.9248357,1658137608.5247433,1658137610.115842,-0.599907636642456,1.5910987854003906,3768,3839
2026-07-31T12:50:22.652890+00:00,14242.152505308,591.670048,1658137608.6248827,1658137609.1246634,1658137610.740867,-0.49978065490722656,1.6162035465240479,3772,3843
2026-07-31T12:50:23.108531+00:00,14242.608146948,592.125689,1658137609.0247343,1658137609.6247022,1658137611.1908686,-0.5999679565429688,1.5661664009094238,3775,3846
2026-07-31T12:50:23.557514+00:00,14243.057128473,592.574671,1658137609.4248028,1658137610.0245807,1658137611.6409204,-0.5997779369354248,1.6163396835327148,3778,3849
2026-07-31T12:50:24.164058+00:00,14243.663673001,593.181215,1658137610.024847,1658137610.6247368,1658137612.2409286,-0.5998897552490234,1.6161918640136719,3782,3853
2026-07-31T12:50:24.608742+00:00,14244.108357542,593.625900,1658137610.424827,1658137611.1245916,1658137612.690946,-0.6997644901275635,1.566354513168335,3785,3856
2026-07-31T12:50:25.063763+00:00,14244.563378086,594.080921,1658137610.9247715,1658137611.523255,1658137613.1409686,-0.5984835624694824,1.617713451385498,3788,3859
2026-07-31T12:50:25.662587+00:00,14245.162201809,594.679744,1658137611.4249196,1658137612.124917,1658137613.740991,-0.6999974250793457,1.6160740852355957,3792,3863
2026-07-31T12:50:26.113497+00:00,14245.613112721,595.130655,1658137611.824903,1658137612.624895,1658137614.191011,-0.7999920845031738,1.5661158561706543,3795,3866
2026-07-31T12:50:26.570610+00:00,14246.070225759,595.587768,1658137612.324875,1658137613.0246904,1658137614.6410332,-0.6998152732849121,1.6163427829742432,3798,3869
2026-07-31T12:50:27.172534+00:00,14246.672147173,596.189690,1658137612.8248236,1658137613.6234448,1658137615.2410553,-0.7986211776733398,1.6176104545593262,3802,3873
2026-07-31T12:50:27.624728+00:00,14247.124343703,596.641886,1658137613.4249194,1658137614.124924,1658137615.6910803,-0.7000045776367188,1.5661563873291016,3805,3876
2026-07-31T12:50:28.074772+00:00,14247.574388016,597.091930,1658137613.9247658,1658137614.523335,1658137616.1410987,-0.5985691547393799,1.6177637577056885,3808,3879
2026-07-31T12:50:28.527473+00:00,14248.027086504,597.544629,1658137614.2247562,1658137615.0248265,1658137616.5911214,-0.8000702857971191,1.5662949085235596,3811,3882
2026-07-31T12:50:29.132009+00:00,14248.631623849,598.149166,1658137614.6247437,1658137615.6247272,1658137617.2162015,-0.999983549118042,1.5914742946624756,3815,3886
2026-07-31T12:50:29.584322+00:00,14249.083937181,598.601480,1658137615.0248308,1658137616.0248446,1658137617.666167,-1.000013828277588,1.641322374343872,3818,3889
2026-07-31T12:50:30.053799+00:00,14249.553413598,599.070956,1658137615.5249114,1658137616.5241013,1658137618.1411626,-0.9991898536682129,1.6170613765716553,3821,3892
2026-07-31T12:50:30.536175+00:00,14250.035790385,599.553333,1658137615.9247608,1658137617.0243971,1658137618.6162407,-1.0996363162994385,1.591843605041504,3824,3895
2026-07-31T12:50:31.165999+00:00,14250.665614107,600.183157,1658137616.4248574,1658137617.6244762,1658137619.2412171,-1.1996188163757324,1.6167409420013428,3828,3899
2026-07-31T12:50:31.633694+00:00,14251.133309532,600.650852,1658137617.1247454,1658137618.12465,1658137619.7162347,-0.9999046325683594,1.5915846824645996,3831,3902
2026-07-31T12:50:32.121743+00:00,14251.621357903,601.138900,1658137617.5249035,1658137618.6249092,1658137620.1912613,-1.1000056266784668,1.566352128982544,3834,3905
2026-07-31T12:50:32.583053+00:00,14252.082668174,601.600211,1658137618.1248124,1658137619.0248399,1658137620.6663413,-0.9000275135040283,1.6415014266967773,3837,3908
2026-07-31T12:50:33.031478+00:00,14252.531093186,602.048636,1658137618.924824,1658137619.5249045,1658137621.1162987,-0.6000804901123047,1.5913941860198975,3840,3911
2026-07-31T12:50:33.635088+00:00,14253.135899981,602.653442,1658137619.7248232,1658137620.1243026,1658137621.7163112,-0.39947938919067383,1.5920085906982422,3844,3915
2026-07-31T12:50:34.090859+00:00,14253.591670888,603.109213,1658137620.224914,1658137620.524619,1658137622.1663406,-0.29970502853393555,1.641721487045288,3847,3918
2026-07-31T12:50:34.551510+00:00,14254.052321200,603.569864,1658137620.6249132,1658137621.0249,1658137622.6163533,-0.39998674392700195,1.5914533138275146,3850,3921
2026-07-31T12:50:35.157544+00:00,14254.658355600,604.175898,1658137621.0249043,1658137621.6221128,1658137623.241381,-0.5972084999084473,1.6192681789398193,3854,3925
2026-07-31T12:50:35.619662+00:00,14255.120474620,604.638017,1658137621.3248954,1658137622.1247423,1658137623.6913998,-0.799846887588501,1.566657543182373,3857,3928
2026-07-31T12:50:36.078849+00:00,14255.579661258,605.097204,1658137621.624916,1658137622.524779,1658137624.1664152,-0.8998630046844482,1.6416361331939697,3860,3931
2026-07-31T12:50:36.526944+00:00,14256.027755363,605.545298,1658137622.0249097,1658137623.0230086,1658137624.5914352,-0.9980988502502441,1.5684266090393066,3863,3934
2026-07-31T12:50:37.130492+00:00,14256.631304329,606.148847,1658137622.524929,1658137623.6243947,1658137625.2164514,-1.0994656085968018,1.5920567512512207,3867,3938
2026-07-31T12:50:37.585978+00:00,14257.086789572,606.604332,1658137623.0247645,1658137624.0245101,1658137625.666471,-0.9997456073760986,1.641960859298706,3870,3941
2026-07-31T12:50:38.047609+00:00,14257.548420649,607.065963,1658137623.8249292,1658137624.5244195,1658137626.1164804,-0.6994903087615967,1.5920608043670654,3873,3944
2026-07-31T12:50:38.661507+00:00,14258.162318663,607.679861,1658137624.32481,1658137625.1248517,1658137626.7415023,-0.800041675567627,1.6166505813598633,3877,3948
2026-07-31T12:50:39.114934+00:00,14258.615745836,608.133288,1658137624.824894,1658137625.6245437,1658137627.1915257,-0.799649715423584,1.5669820308685303,3880,3951
2026-07-31T12:50:39.565448+00:00,14259.066260414,608.583803,1658137625.5249145,1658137626.0247893,1658137627.641566,-0.4998748302459717,1.616776704788208,3883,3954
2026-07-31T12:50:40.024891+00:00,14259.525703065,609.043246,1658137626.024856,1658137626.524482,1658137628.0915728,-0.49962592124938965,1.5670907497406006,3886,3957
2026-07-31T12:50:40.637268+00:00,14260.138079523,609.655622,1658137626.7248986,1658137627.1246283,1658137628.716587,-0.39972972869873047,1.59195876121521,3890,3961
2026-07-31T12:50:41.088633+00:00,14260.589444792,610.106987,1658137627.2248504,1658137627.524418,1658137629.1666105,-0.29956769943237305,1.6421923637390137,3893,3964
2026-07-31T12:50:41.542292+00:00,14261.043103546,610.560646,1658137627.7247522,1658137628.0246944,1658137629.6166148,-0.2999422550201416,1.5919203758239746,3896,3967
2026-07-31T12:50:42.159795+00:00,14261.660607753,611.178150,1658137628.124736,1658137628.6246884,1658137630.2416563,-0.4999523162841797,1.6169679164886475,3900,3971
2026-07-31T12:50:42.621761+00:00,14262.122572948,611.640115,1658137628.6248386,1658137629.1248994,1658137630.691672,-0.5000607967376709,1.566772699356079,3903,3974
2026-07-31T12:50:43.091972+00:00,14262.592783920,612.110326,1658137629.024816,1658137629.524917,1658137631.1667292,-0.50010085105896,1.6418123245239258,3906,3977
2026-07-31T12:50:43.550376+00:00,14263.051188078,612.568731,1658137629.324868,1658137630.0247355,1658137631.6167176,-0.6998674869537354,1.591982126235962,3909,3980
2026-07-31T12:50:44.161567+00:00,14263.662378829,613.179921,1658137629.724843,1658137630.6225133,1658137632.2417302,-0.8976702690124512,1.6192169189453125,3913,3984
2026-07-31T12:50:44.610826+00:00,14264.111638420,613.629181,1658137630.2249186,1658137631.1248128,1658137632.691749,-0.8998942375183105,1.5669362545013428,3916,3987
2026-07-31T12:50:45.062261+00:00,14264.563072601,614.080615,1658137630.5248299,1658137631.5247045,1658137633.1417644,-0.9998745918273926,1.6170599460601807,3919,3990
2026-07-31T12:50:45.523013+00:00,14265.023825039,614.541368,1658137630.824824,1658137632.024845,1658137633.5917892,-1.2000207901000977,1.5669443607330322,3922,3993
2026-07-31T12:50:46.121592+00:00,14265.622403109,615.139946,1658137631.7247567,1658137632.6246555,1658137634.191803,-0.8998987674713135,1.5671474933624268,3926,3997
2026-07-31T12:50:46.571360+00:00,14266.072172347,615.589715,1658137632.2248435,1658137633.0248153,1658137634.6418307,-0.7999718189239502,1.6170153617858887,3929,4000
2026-07-31T12:50:47.029115+00:00,14266.529927692,616.047470,1658137632.6248174,1658137633.5247562,1658137635.1168401,-0.8999388217926025,1.5920839309692383,3932,4003
2026-07-31T12:50:47.640010+00:00,14267.140821845,616.658364,1658137633.124901,1658137634.1248362,1658137635.7168553,-0.9999351501464844,1.5920190811157227,3936,4007
2026-07-31T12:50:48.093992+00:00,14267.594803769,617.112346,1658137633.5248108,1658137634.6247425,1658137636.1668892,-1.0999317169189453,1.5421466827392578,3939,4010
2026-07-31T12:50:48.541378+00:00,14268.042190138,617.559733,1658137634.424925,1658137635.0247347,1658137636.616908,-0.5998096466064453,1.5921733379364014,3942,4013
2026-07-31T12:50:49.159534+00:00,14268.660346344,618.177889,1658137635.0248187,1658137635.6248176,1658137637.2419372,-0.599998950958252,1.617119550704956,3946,4017
2026-07-31T12:50:49.619853+00:00,14269.120664344,618.638207,1658137635.6248221,1658137636.1247413,1658137637.6919696,-0.49991917610168457,1.5672283172607422,3949,4020
2026-07-31T12:50:50.080159+00:00,14269.580968801,619.098511,1658137636.1247535,1658137636.5233831,1658137638.1669705,-0.39862966537475586,1.643587350845337,3952,4023
2026-07-31T12:50:50.530006+00:00,14270.030818598,619.548361,1658137636.724916,1658137637.024715,1658137638.6170144,-0.29979896545410156,1.592299461364746,3955,4026
2026-07-31T12:50:51.132201+00:00,14270.633012461,620.150555,1658137637.224818,1658137637.6247423,1658137639.2170231,-0.39992427825927734,1.5922808647155762,3959,4030
2026-07-31T12:50:51.588191+00:00,14271.089002899,620.606545,1658137637.6249208,1658137638.0249002,1658137639.6670349,-0.3999793529510498,1.642134666442871,3962,4033
2026-07-31T12:50:52.036516+00:00,14271.537327920,621.054870,1658137638.1247327,1658137638.5249143,1658137640.117045,-0.40018153190612793,1.5921306610107422,3965,4036
2026-07-31T12:50:52.636777+00:00,14272.137589639,621.655132,1658137638.5249183,1658137639.122641,1658137640.7170691,-0.5977227687835693,1.5944280624389648,3969,4040
2026-07-31T12:50:53.081953+00:00,14272.582765172,622.100308,1658137638.8249133,1658137639.5247214,1658137641.1670904,-0.6998081207275391,1.642369031906128,3972,4043
2026-07-31T12:50:53.538263+00:00,14273.039075173,622.556618,1658137639.2248929,1658137640.0248053,1658137641.6171055,-0.7999124526977539,1.5923001766204834,3975,4046
2026-07-31T12:50:54.136367+00:00,14273.637179449,623.154722,1658137639.6247423,1658137640.6246028,1658137642.2171237,-0.9998605251312256,1.5925209522247314,3979,4050
2026-07-31T12:50:54.591434+00:00,14274.092245934,623.609788,1658137640.024851,1658137641.1247692,1658137642.6671462,-1.0999181270599365,1.54237699508667,3982,4053
2026-07-31T12:50:55.042246+00:00,14274.543057243,624.060600,1658137640.8247535,1658137641.524691,1658137643.1171606,-0.6999375820159912,1.5924694538116455,3985,4056
2026-07-31T12:50:55.650494+00:00,14275.151306314,624.668849,1658137641.424933,1658137642.1247582,1658137643.7171903,-0.6998252868652344,1.5924320220947266,3989,4060
2026-07-31T12:50:56.113931+00:00,14275.614743351,625.132286,1658137641.824826,1658137642.5233996,1658137644.1922174,-0.6985735893249512,1.6688177585601807,3992,4063
2026-07-31T12:50:56.570801+00:00,14276.071613152,625.589156,1658137642.3248117,1658137643.0248256,1658137644.6422305,-0.7000138759613037,1.6174049377441406,3995,4066
2026-07-31T12:50:57.026617+00:00,14276.527429656,626.044972,1658137642.724708,1658137643.5246942,1658137645.0922494,-0.7999861240386963,1.5675551891326904,3998,4069
2026-07-31T12:50:57.652707+00:00,14277.153519073,626.671062,1658137643.324823,1658137644.1243894,1658137645.7172787,-0.7995665073394775,1.5928893089294434,4002,4073
2026-07-31T12:50:58.116972+00:00,14277.617784026,627.135326,1658137643.9249113,1658137644.62485,1658137646.1922817,-0.6999387741088867,1.5674316883087158,4005,4076
2026-07-31T12:50:58.565307+00:00,14278.066119012,627.583661,1658137644.324821,1658137645.0245092,1658137646.642306,-0.699688196182251,1.6177968978881836,4008,4079
2026-07-31T12:50:59.164085+00:00,14278.664897510,628.182440,1658137645.2247767,1658137645.624641,1658137647.2423313,-0.39986419677734375,1.6176903247833252,4012,4083
2026-07-31T12:50:59.626200+00:00,14279.127011880,628.644554,1658137645.724905,1658137646.1247222,1658137647.6923764,-0.39981722831726074,1.5676541328430176,4015,4086
2026-07-31T12:51:00.078766+00:00,14279.579577571,629.097120,1658137646.224839,1658137646.524849,1658137648.167375,-0.30000996589660645,1.6425261497497559,4018,4089
2026-07-31T12:51:00.528727+00:00,14280.029539429,629.547082,1658137646.5248868,1658137647.024813,1658137648.6174204,-0.4999260902404785,1.5926074981689453,4021,4092
2026-07-31T12:51:01.135943+00:00,14280.636754432,630.154297,1658137647.0248253,1658137647.6248085,1658137649.217407,-0.5999832153320312,1.5925984382629395,4025,4096
2026-07-31T12:51:01.588917+00:00,14281.089728773,630.607271,1658137647.424892,1658137648.02469,1658137649.6674483,-0.5997979640960693,1.6427583694458008,4028,4099
2026-07-31T12:51:02.037185+00:00,14281.537996502,631.055539,1658137647.7249076,1658137648.524909,1658137650.1174622,-0.8000013828277588,1.5925531387329102,4031,4102
2026-07-31T12:51:02.649121+00:00,14282.149933334,631.667476,1658137648.1249075,1658137649.1247113,1658137650.717469,-0.9998037815093994,1.5927577018737793,4035,4106
2026-07-31T12:51:03.104934+00:00,14282.605745872,632.123288,1658137648.6247604,1658137649.6248808,1658137651.1925058,-1.0001204013824463,1.5676250457763672,4038,4109
2026-07-31T12:51:03.555358+00:00,14283.057356733,632.574899,1658137649.0248518,1658137650.024397,1658137651.6425078,-0.9995450973510742,1.6181108951568604,4041,4112
2026-07-31T12:51:04.153488+00:00,14283.655485928,633.173028,1658137649.5247915,1658137650.6247895,1658137652.2425778,-1.0999979972839355,1.617788314819336,4045,4116
2026-07-31T12:51:04.603984+00:00,14284.105982275,633.623525,1658137650.1248333,1658137651.124827,1658137652.692562,-0.9999935626983643,1.567735195159912,4048,4119
2026-07-31T12:51:05.049276+00:00,14284.551274089,634.068817,1658137650.9249191,1658137651.5248072,1658137653.1175663,-0.5998880863189697,1.592759132385254,4051,4122
2026-07-31T12:51:05.657278+00:00,14285.159276295,634.676819,1658137651.4247582,1658137652.1243658,1658137653.7426069,-0.6996076107025146,1.6182410717010498,4055,4126
2026-07-31T12:51:06.104180+00:00,14285.606178710,635.123721,1658137652.124757,1658137652.5248287,1658137654.192611,-0.4000716209411621,1.6677823066711426,4058,4129
2026-07-31T12:51:06.553206+00:00,14286.055205057,635.572748,1658137652.5248368,1658137653.0246274,1658137654.6426196,-0.49979066848754883,1.6179921627044678,4061,4132
2026-07-31T12:51:07.159764+00:00,14286.661762495,636.179305,1658137653.1247365,1658137653.623919,1658137655.2427235,-0.49918246269226074,1.6188044548034668,4065,4136
2026-07-31T12:51:07.620481+00:00,14287.122478837,636.640021,1658137653.5249012,1658137654.12484,1658137655.692671,-0.5999388694763184,1.567831039428711,4068,4139
2026-07-31T12:51:08.068958+00:00,14287.570956644,637.088499,1658137654.0248265,1658137654.5248914,1658137656.1427584,-0.5000648498535156,1.6178669929504395,4071,4142
2026-07-31T12:51:08.520946+00:00,14288.022944524,637.540487,1658137654.5248957,1658137655.0248466,1658137656.5927932,-0.4999508857727051,1.5679466724395752,4074,4145
2026-07-31T12:51:09.114870+00:00,14288.616868848,638.134411,1658137655.024851,1658137655.6238608,1658137657.1927214,-0.5990097522735596,1.5688605308532715,4078,4149
2026-07-31T12:51:09.572066+00:00,14289.074064795,638.591607,1658137655.524752,1658137656.022888,1658137657.6427665,-0.498136043548584,1.6198785305023193,4081,4152
2026-07-31T12:51:10.020066+00:00,14289.522064552,639.039607,1658137656.1249082,1658137656.524201,1658137658.0927649,-0.3992927074432373,1.5685639381408691,4084,4155
2026-07-31T12:51:10.634799+00:00,14290.136797009,639.654339,1658137656.9248116,1658137657.1245918,1658137658.7177868,-0.19978022575378418,1.5931949615478516,4088,4159
2026-07-31T12:51:11.086190+00:00,14290.588188820,640.105731,1658137657.3248265,1658137657.524711,1658137659.1678019,-0.19988441467285156,1.6430909633636475,4091,4162
2026-07-31T12:51:11.543998+00:00,14291.045996659,640.563539,1658137657.7248075,1658137658.0247912,1658137659.6178105,-0.2999837398529053,1.5930192470550537,4094,4165
2026-07-31T12:51:12.156492+00:00,14291.658490221,641.176033,1658137658.1248715,1658137658.6247263,1658137660.242853,-0.49985480308532715,1.618126630783081,4098,4169
2026-07-31T12:51:12.606650+00:00,14292.108646477,641.626189,1658137658.4248903,1658137659.124021,1658137660.6928627,-0.6991307735443115,1.5688416957855225,4101,4172
2026-07-31T12:51:13.057778+00:00,14292.559775686,642.077318,1658137658.7249238,1658137659.5247762,1658137661.1428852,-0.7998523712158203,1.6181089878082275,4104,4175
2026-07-31T12:51:13.667684+00:00,14293.169682981,642.687225,1658137659.1247458,1658137660.1248038,1658137661.7429042,-1.0000579357147217,1.6181004047393799,4108,4179
2026-07-31T12:51:14.116301+00:00,14293.618299280,643.135842,1658137659.4247174,1658137660.6246285,1658137662.1929784,-1.199911117553711,1.568349838256836,4111,4182
2026-07-31T12:51:14.564034+00:00,14294.066032898,643.583575,1658137659.9249156,1658137661.0248742,1658137662.6429336,-1.0999586582183838,1.6180593967437744,4114,4185
2026-07-31T12:51:15.022220+00:00,14294.524218489,644.041761,1658137660.6249075,1658137661.5248134,1658137663.092968,-0.8999059200286865,1.5681545734405518,4117,4188
2026-07-31T12:51:15.621085+00:00,14295.123083777,644.640626,1658137661.124744,1658137662.1247017,1658137663.6929965,-0.999957799911499,1.5682947635650635,4121,4192
2026-07-31T12:51:16.067630+00:00,14295.569627700,645.087170,1658137661.4247255,1658137662.524713,1658137664.1430058,-1.099987506866455,1.6182928085327148,4124,4195
2026-07-31T12:51:16.520883+00:00,14296.022880730,645.540423,1658137662.4248757,1658137663.0247538,1658137664.5930269,-0.5998780727386475,1.5682730674743652,4127,4198
2026-07-31T12:51:17.126192+00:00,14296.628189631,646.145732,1658137663.4249313,1658137663.624839,1658137665.193061,-0.19990777969360352,1.5682220458984375,4131,4202
2026-07-31T12:51:17.583776+00:00,14297.085774757,646.603317,1658137663.8247738,1658137664.0246518,1658137665.6680658,-0.19987797737121582,1.64341402053833,4134,4205
2026-07-31T12:51:18.040616+00:00,14297.542614046,647.060157,1658137664.1248062,1658137664.5247474,1658137666.1180832,-0.39994120597839355,1.5933358669281006,4137,4208
2026-07-31T12:51:18.643663+00:00,14298.145661013,647.663203,1658137664.5247643,1658137665.124699,1658137666.7181613,-0.5999348163604736,1.5934622287750244,4141,4212
2026-07-31T12:51:19.097018+00:00,14298.599015024,648.116557,1658137664.8249078,1658137665.624232,1658137667.168134,-0.7993242740631104,1.5439019203186035,4144,4215
2026-07-31T12:51:19.554228+00:00,14299.056226168,648.573769,1658137665.324915,1658137666.0249217,1658137667.643147,-0.7000067234039307,1.618225336074829,4147,4218
2026-07-31T12:51:20.169512+00:00,14299.671508520,649.189051,1658137666.0249257,1658137666.6249177,1658137668.2431777,-0.599992036819458,1.6182599067687988,4151,4222
2026-07-31T12:51:20.625173+00:00,14300.127167344,649.644710,1658137666.5248244,1658137667.1247041,1658137668.6931815,-0.5998797416687012,1.5684773921966553,4154,4225
2026-07-31T12:51:21.082922+00:00,14300.584920997,650.102463,1658137666.824843,1658137667.524722,1658137669.1682115,-0.6998791694641113,1.6434893608093262,4157,4228
2026-07-31T12:51:21.538930+00:00,14301.040928820,650.558471,1658137667.224838,1658137668.0248365,1658137669.6182303,-0.7999985218048096,1.5933938026428223,4160,4231
2026-07-31T12:51:22.144868+00:00,14301.646865865,651.164408,1658137667.8249106,1658137668.6249063,1658137670.2182593,-0.7999956607818604,1.593353033065796,4164,4235
2026-07-31T12:51:22.599339+00:00,14302.101337766,651.618880,1658137668.2247736,1658137669.124702,1658137670.668269,-0.8999283313751221,1.5435669422149658,4167,4238
2026-07-31T12:51:23.063274+00:00,14302.565272360,652.082815,1658137669.22487,1658137669.5248857,1658137671.143289,-0.3000156879425049,1.618403434753418,4170,4241
2026-07-31T12:51:23.667543+00:00,14303.169541759,652.687084,1658137669.82493,1658137670.1248274,1658137671.743375,-0.2998974323272705,1.6185476779937744,4174,4245
2026-07-31T12:51:24.113304+00:00,14303.615302073,653.132845,1658137670.2249331,1658137670.624772,1658137672.193352,-0.399838924407959,1.568579912185669,4177,4248
2026-07-31T12:51:24.566569+00:00,14304.068567175,653.586110,1658137670.724813,1658137671.0248306,1658137672.6434083,-0.3000175952911377,1.6185777187347412,4180,4251
2026-07-31T12:51:25.032549+00:00,14304.534547302,654.052090,1658137671.124825,1658137671.5248315,1658137673.1183589,-0.4000065326690674,1.5935273170471191,4183,4254
2026-07-31T12:51:25.638814+00:00,14305.140812379,654.658355,1658137671.6248152,1658137672.1245065,1658137673.7184174,-0.4996912479400635,1.5939109325408936,4187,4258
2026-07-31T12:51:26.096976+00:00,14305.598972890,655.116515,1658137672.1247354,1658137672.6249173,1658137674.1684103,-0.5001819133758545,1.5434930324554443,4190,4261
2026-07-31T12:51:26.553281+00:00,14306.055280048,655.572823,1658137672.5248368,1658137673.0246155,1658137674.6434295,-0.49977874755859375,1.6188139915466309,4193,4264
2026-07-31T12:51:27.164340+00:00,14306.666339284,656.183882,1658137673.224741,1658137673.6247673,1658137675.2435052,-0.4000263214111328,1.6187379360198975,4197,4268
2026-07-31T12:51:27.616153+00:00,14307.118151155,656.635694,1658137673.5248404,1658137674.124751,1658137675.693481,-0.5999107360839844,1.5687298774719238,4200,4271
2026-07-31T12:51:28.073645+00:00,14307.575644078,657.093187,1658137674.0249226,1658137674.5247161,1658137676.143497,-0.49979352951049805,1.6187808513641357,4203,4274
2026-07-31T12:51:28.526797+00:00,14308.028795917,657.546338,1658137674.5247333,1658137675.0248814,1658137676.593528,-0.5001480579376221,1.5686466693878174,4206,4277
2026-07-31T12:51:29.141241+00:00,14308.643239822,658.160782,1658137675.2248366,1658137675.624768,1658137677.218538,-0.3999314308166504,1.5937700271606445,4210,4281
2026-07-31T12:51:29.591792+00:00,14309.093791154,658.611334,1658137675.8247228,1658137676.1246982,1658137677.6685734,-0.2999753952026367,1.5438752174377441,4213,4284
2026-07-31T12:51:30.043167+00:00,14309.545165450,659.062708,1658137676.3248236,1658137676.5247302,1658137678.1185756,-0.199906587600708,1.5938453674316406,4216,4287
2026-07-31T12:51:30.658262+00:00,14310.160260614,659.677803,1658137676.8247464,1658137677.1246917,1658137678.7436016,-0.2999453544616699,1.6189098358154297,4220,4291
2026-07-31T12:51:31.122927+00:00,14310.624925548,660.142468,1658137677.224754,1658137677.6248035,1658137679.1936367,-0.40004944801330566,1.5688331127166748,4223,4294
2026-07-31T12:51:31.577637+00:00,14311.079634091,660.597177,1658137677.7248943,1658137678.0248532,1658137679.6436427,-0.2999589443206787,1.6187894344329834,4226,4297
2026-07-31T12:51:32.035081+00:00,14311.537078894,661.054621,1658137678.1247663,1658137678.52486,1658137680.1186423,-0.40009355545043945,1.5937824249267578,4229,4300
2026-07-31T12:51:32.641887+00:00,14312.143885425,661.661428,1658137678.824922,1658137679.1247935,1658137680.7186854,-0.29987144470214844,1.5938918590545654,4233,4304
2026-07-31T12:51:33.098016+00:00,14312.600014700,662.117557,1658137679.2248967,1658137679.6248324,1658137681.1686978,-0.3999357223510742,1.543865442276001,4236,4307
2026-07-31T12:51:33.553662+00:00,14313.056953161,662.574496,1658137679.7249115,1658137680.0243144,1658137681.6437194,-0.29940295219421387,1.6194050312042236,4239,4310
2026-07-31T12:51:34.163554+00:00,14313.666845280,663.184388,1658137680.4247715,1658137680.6248233,1658137682.2437341,-0.20005178451538086,1.618910789489746,4243,4314
2026-07-31T12:51:34.614419+00:00,14314.117709180,663.635252,1658137680.9248476,1658137681.124898,1658137682.69376,-0.20005035400390625,1.568861961364746,4246,4317
2026-07-31T12:51:35.071187+00:00,14314.574477015,664.092019,1658137681.3248115,1658137681.5246491,1658137683.1437736,-0.19983768463134766,1.619124412536621,4249,4320
2026-07-31T12:51:35.526725+00:00,14315.030015432,664.547558,1658137681.824756,1658137682.0247457,1658137683.5937912,-0.19998979568481445,1.5690455436706543,4252,4323
2026-07-31T12:51:36.127882+00:00,14315.631172115,665.148715,1658137682.4247632,1658137682.624806,1658137684.2188253,-0.200042724609375,1.5940194129943848,4256,4327
2026-07-31T12:51:36.588273+00:00,14316.091564048,665.609107,1658137682.8247104,1658137683.024883,1658137684.6688368,-0.20017266273498535,1.643953800201416,4259,4330
2026-07-31T12:51:37.036099+00:00,14316.539388635,666.056931,1658137683.2248065,1658137683.5248702,1658137685.1188476,-0.3000636100769043,1.593977451324463,4262,4333
2026-07-31T12:51:37.651873+00:00,14317.155162562,666.672705,1658137683.6247468,1658137684.124612,1658137685.7188814,-0.4998652935028076,1.5942692756652832,4266,4337
2026-07-31T12:51:38.109048+00:00,14317.612338037,667.129881,1658137683.924895,1658137684.6248333,1658137686.1939125,-0.6999382972717285,1.5690791606903076,4269,4340
2026-07-31T12:51:38.571592+00:00,14318.074882306,667.592425,1658137684.3248088,1658137685.024805,1658137686.6439292,-0.6999962329864502,1.619124174118042,4272,4343
2026-07-31T12:51:39.024152+00:00,14318.527442272,668.044985,1658137684.824757,1658137685.5243065,1658137687.093937,-0.6995494365692139,1.5696303844451904,4275,4346
2026-07-31T12:51:39.645169+00:00,14319.148459420,668.666002,1658137685.4247475,1658137686.1247215,1658137687.7189617,-0.6999740600585938,1.5942401885986328,4279,4350
2026-07-31T12:51:40.103034+00:00,14319.606324723,669.123867,1658137686.0247307,1658137686.5248551,1658137688.194004,-0.500124454498291,1.6691489219665527,4282,4353
2026-07-31T12:51:40.574020+00:00,14320.077310309,669.594853,1658137686.5249176,1658137687.024834,1658137688.6440482,-0.49991631507873535,1.6192142963409424,4285,4356
2026-07-31T12:51:41.033519+00:00,14320.536809293,670.054352,1658137686.8249204,1658137687.5244346,1658137689.119006,-0.6995141506195068,1.5945713520050049,4288,4359
2026-07-31T12:51:41.639514+00:00,14321.142805077,670.660348,1658137687.4249072,1658137688.1248014,1658137689.7190325,-0.6998941898345947,1.594231128692627,4292,4363
2026-07-31T12:51:42.092651+00:00,14321.595941403,671.113484,1658137687.724926,1658137688.6247344,1658137690.1690595,-0.899808406829834,1.5443251132965088,4295,4366
2026-07-31T12:51:42.545919+00:00,14322.049210152,671.566753,1658137688.324875,1658137689.0248218,1658137690.6190825,-0.6999466419219971,1.5942606925964355,4298,4369
2026-07-31T12:51:43.154803+00:00,14322.658093610,672.175636,1658137689.2248988,1658137689.624464,1658137691.2441077,-0.3995652198791504,1.6196436882019043,4302,4373
2026-07-31T12:51:43.606031+00:00,14323.109321419,672.626864,1658137689.7249184,1658137690.1248255,1658137691.6941452,-0.39990711212158203,1.569319725036621,4305,4376
2026-07-31T12:51:44.058644+00:00,14323.561934739,673.079477,1658137690.2247453,1658137690.5247018,1658137692.1441443,-0.2999565601348877,1.6194424629211426,4308,4379
2026-07-31T12:51:44.668475+00:00,14324.171764918,673.689307,1658137690.8248255,1658137691.1248245,1658137692.7441611,-0.2999989986419678,1.6193366050720215,4312,4383
2026-07-31T12:51:45.123651+00:00,14324.626941806,674.144484,1658137691.124862,1658137691.6248357,1658137693.194167,-0.49997377395629883,1.569331169128418,4315,4386
2026-07-31T12:51:45.573408+00:00,14325.076698893,674.594241,1658137691.5247664,1658137692.0238225,1658137693.6441987,-0.4990561008453369,1.6203761100769043,4318,4389
2026-07-31T12:51:46.031715+00:00,14325.535004957,675.052547,1658137692.0247426,1658137692.524903,1658137694.1192036,-0.5001604557037354,1.5943005084991455,4321,4392
2026-07-31T12:51:46.632570+00:00,14326.135842995,675.653385,1658137692.624753,1658137693.1247442,1658137694.7192352,-0.49999117851257324,1.5944910049438477,4325,4396
2026-07-31T12:51:47.086679+00:00,14326.589968302,676.107511,1658137692.924902,1658137693.5247674,1658137695.1692555,-0.5998654365539551,1.6444880962371826,4328,4399
2026-07-31T12:51:47.540612+00:00,14327.043902822,676.561445,1658137693.624864,1658137694.0248315,1658137695.619267,-0.3999674320220947,1.594435453414917,4331,4402
2026-07-31T12:51:48.144404+00:00,14327.647694871,677.165237,1658137694.3248532,1658137694.6243138,1658137696.2193136,-0.29946064949035645,1.5949997901916504,4335,4406
2026-07-31T12:51:48.600653+00:00,14328.103943440,677.621486,1658137694.7248447,1658137695.124839,1658137696.6693175,-0.3999943733215332,1.544478416442871,4338,4409
2026-07-31T12:51:49.050663+00:00,14328.553953579,678.071496,1658137695.3249032,1658137695.5239763,1658137697.1193361,-0.19907307624816895,1.5953598022460938,4341,4412
2026-07-31T12:51:49.655651+00:00,14329.158941064,678.676484,1658137695.72477,1658137696.1247532,1658137697.7443647,-0.39998316764831543,1.6196115016937256,4345,4416
2026-07-31T12:51:50.112584+00:00,14329.615874396,679.133417,1658137696.024925,1658137696.524404,1658137698.1943903,-0.4994790554046631,1.6699862480163574,4348,4419
2026-07-31T12:51:50.575453+00:00,14330.078743938,679.596286,1658137696.3249123,1658137697.024437,1658137698.6444516,-0.6995246410369873,1.6200146675109863,4351,4422
2026-07-31T12:51:51.022824+00:00,14330.526114832,680.043657,1658137696.8247082,1658137697.524764,1658137699.0944133,-0.7000558376312256,1.5696492195129395,4354,4425
2026-07-31T12:51:51.621760+00:00,14331.125050799,680.642593,1658137697.324751,1658137698.1247098,1658137699.694433,-0.7999589443206787,1.569723129272461,4358,4429
2026-07-31T12:51:52.088288+00:00,14331.591579028,681.109121,1658137698.0247383,1658137698.5248084,1658137700.169455,-0.5000700950622559,1.6446466445922852,4361,4432
2026-07-31T12:51:52.535415+00:00,14332.038705608,681.556248,1658137698.8248436,1658137699.0248435,1658137700.6194763,-0.19999980926513672,1.594632863998413,4364,4435
2026-07-31T12:51:53.139140+00:00,14332.642430508,682.159973,1658137699.324909,1658137699.6248007,1658137701.2194974,-0.29989171028137207,1.5946967601776123,4368,4439
2026-07-31T12:51:53.589644+00:00,14333.092934253,682.610477,1658137699.7248845,1658137700.0248175,1658137701.669516,-0.29993295669555664,1.6446986198425293,4371,4442
2026-07-31T12:51:54.050295+00:00,14333.553585677,683.071128,1658137700.1247404,1658137700.5229936,1658137702.1195414,-0.3982532024383545,1.5965478420257568,4374,4445
2026-07-31T12:51:54.654199+00:00,14334.157490100,683.675033,1658137700.6249285,1658137701.1246521,1658137702.744562,-0.4997236728668213,1.6199097633361816,4378,4449
2026-07-31T12:51:55.101716+00:00,14334.605006031,684.122548,1658137701.1248517,1658137701.6248517,1658137703.1695795,-0.5,1.5447278022766113,4381,4452
2026-07-31T12:51:55.552972+00:00,14335.056262188,684.573805,1658137701.624856,1658137702.0231776,1658137703.644608,-0.39832162857055664,1.6214303970336914,4384,4455
2026-07-31T12:51:56.155771+00:00,14335.659060938,685.176603,1658137702.1249259,1658137702.6249201,1658137704.2446196,-0.49999427795410156,1.619699478149414,4388,4459
2026-07-31T12:51:56.608959+00:00,14336.112250237,685.629793,1658137702.7247589,1658137703.1248436,1658137704.6946511,-0.4000847339630127,1.569807529449463,4391,4462
2026-07-31T12:51:57.068984+00:00,14336.572275196,686.089818,1658137703.0247567,1658137703.524826,1658137705.144664,-0.5000693798065186,1.619837999343872,4394,4465
2026-07-31T12:51:57.520168+00:00,14337.023458531,686.541001,1658137703.4247372,1658137704.0246549,1658137705.5946894,-0.5999176502227783,1.5700345039367676,4397,4468
2026-07-31T12:51:58.130569+00:00,14337.633860409,687.151403,1658137703.9248123,1658137704.6247158,1658137706.2197008,-0.6999034881591797,1.594985008239746,4401,4472
2026-07-31T12:51:58.579595+00:00,14338.082885444,687.600428,1658137704.424821,1658137705.0247352,1658137706.6697192,-0.5999143123626709,1.6449840068817139,4404,4475
2026-07-31T12:51:59.032966+00:00,14338.536256418,688.053799,1658137704.9249144,1658137705.5242903,1658137707.1197407,-0.5993759632110596,1.5954504013061523,4407,4478
2026-07-31T12:51:59.634630+00:00,14339.137920425,688.655463,1658137705.5248513,1658137706.124745,1658137707.7197611,-0.5998935699462891,1.5950162410736084,4411,4482
2026-07-31T12:52:00.101999+00:00,14339.605288847,689.122831,1658137706.1247487,1658137706.624831,1658137708.1697836,-0.50008225440979,1.544952630996704,4414,4485
2026-07-31T12:52:00.555283+00:00,14340.058572960,689.576115,1658137706.5247548,1658137707.0238876,1658137708.6448154,-0.4991328716278076,1.6209278106689453,4417,4488
2026-07-31T12:52:01.151338+00:00,14340.654628456,690.172171,1658137707.2247596,1658137707.6248126,1658137709.2198248,-0.4000530242919922,1.5950121879577637,4421,4492
2026-07-31T12:52:01.603642+00:00,14341.106932617,690.624475,1658137707.5247424,1658137708.124457,1658137709.6948524,-0.5997145175933838,1.5703954696655273,4424,4495
2026-07-31T12:52:02.059532+00:00,14341.562822486,691.080365,1658137708.024835,1658137708.5247355,1658137710.1448724,-0.49990034103393555,1.6201369762420654,4427,4498
2026-07-31T12:52:02.660511+00:00,14342.163801382,691.681344,1658137708.724911,1658137709.1248882,1658137710.744898,-0.3999772071838379,1.6200098991394043,4431,4502
2026-07-31T12:52:03.113078+00:00,14342.616368349,692.133911,1658137709.1248925,1658137709.6248953,1658137711.1949148,-0.5000028610229492,1.5700194835662842,4434,4505
2026-07-31T12:52:03.566623+00:00,14343.070890915,692.588433,1658137709.6249287,1658137710.0247505,1658137711.6449277,-0.39982175827026367,1.6201772689819336,4437,4508
2026-07-31T12:52:04.022845+00:00,14343.527113892,693.044656,1658137709.924931,1658137710.5247045,1658137712.0949528,-0.5997734069824219,1.5702483654022217,4440,4511
2026-07-31T12:52:04.622097+00:00,14344.126365584,693.643908,1658137710.524771,1658137711.124617,1658137712.6949878,-0.5998461246490479,1.5703706741333008,4444,4515
2026-07-31T12:52:05.073147+00:00,14344.577415012,694.094957,1658137710.9247718,1658137711.524891,1658137713.144991,-0.6001191139221191,1.6201000213623047,4447,4518
2026-07-31T12:52:05.528951+00:00,14345.033218865,694.550761,1658137711.4248028,1658137712.0248652,1658137713.6200109,-0.600062370300293,1.5951457023620605,4450,4521
2026-07-31T12:52:06.152064+00:00,14345.656333054,695.173876,1658137712.024869,1658137712.6246142,1658137714.2450306,-0.5997452735900879,1.6204164028167725,4454,4525
2026-07-31T12:52:06.604533+00:00,14346.108801111,695.626344,1658137712.4247243,1658137713.1248581,1658137714.695049,-0.7001338005065918,1.5701909065246582,4457,4528
2026-07-31T12:52:07.059207+00:00,14346.563475595,696.081018,1658137712.824718,1658137713.5246394,1658137715.1451066,-0.6999213695526123,1.620467185974121,4460,4531
2026-07-31T12:52:07.663817+00:00,14347.168085430,696.685628,1658137713.3248177,1658137714.1245892,1658137715.7450795,-0.7997715473175049,1.620490312576294,4464,4535
2026-07-31T12:52:08.122194+00:00,14347.626462970,697.144005,1658137713.924818,1658137714.624825,1658137716.1951303,-0.7000069618225098,1.570305347442627,4467,4538
2026-07-31T12:52:08.574846+00:00,14348.079115370,697.596658,1658137714.3247824,1658137715.0247085,1658137716.645139,-0.6999261379241943,1.6204304695129395,4470,4541
2026-07-31T12:52:09.028564+00:00,14348.532820131,698.050363,1658137714.9248621,1658137715.5246117,1658137717.120152,-0.5997495651245117,1.5955402851104736,4473,4544
2026-07-31T12:52:09.628918+00:00,14349.133186394,698.650729,1658137715.7247598,1658137716.124851,1658137717.7201724,-0.40009117126464844,1.5953214168548584,4477,4548
2026-07-31T12:52:10.083316+00:00,14349.587584498,699.105127,1658137716.1248636,1658137716.5247507,1658137718.1702106,-0.3998870849609375,1.6454598903656006,4480,4551
2026-07-31T12:52:10.532244+00:00,14350.036512843,699.554055,1658137716.5248091,1658137717.0240963,1658137718.6202104,-0.49928712844848633,1.596114158630371,4483,4554
2026-07-31T12:52:11.134166+00:00,14350.638435239,700.155978,1658137717.2248232,1658137717.6244996,1658137719.2202508,-0.3996763229370117,1.5957512855529785,4487,4558
2026-07-31T12:52:11.587523+00:00,14351.091792310,700.609335,1658137717.524753,1658137718.0246067,1658137719.670244,-0.49985361099243164,1.6456372737884521,4490,4561
2026-07-31T12:52:12.046822+00:00,14351.551091557,701.068634,1658137718.024815,1658137718.5247426,1658137720.1202798,-0.4999275207519531,1.5955371856689453,4493,4564
2026-07-31T12:52:12.651565+00:00,14352.155831103,701.673374,1658137718.7247553,1658137719.124806,1658137720.7203004,-0.40005064010620117,1.5954945087432861,4497,4568
2026-07-31T12:52:13.104912+00:00,14352.609180592,702.126723,1658137719.12486,1658137719.6247437,1658137721.1953208,-0.49988365173339844,1.5705771446228027,4500,4571
2026-07-31T12:52:13.551828+00:00,14353.056096908,702.573639,1658137719.4247012,1658137720.0243824,1658137721.620334,-0.5996811389923096,1.5959515571594238,4503,4574
2026-07-31T12:52:14.159443+00:00,14353.663711445,703.181254,1658137720.024856,1658137720.6248436,1658137722.2453747,-0.5999875068664551,1.6205310821533203,4507,4578
2026-07-31T12:52:14.610715+00:00,14354.114983764,703.632526,1658137720.5247707,1658137721.124601,1658137722.6953914,-0.599830150604248,1.5707905292510986,4510,4581
2026-07-31T12:52:15.058625+00:00,14354.562893902,704.080436,1658137720.9247415,1658137721.5244198,1658137723.145403,-0.5996782779693604,1.6209831237792969,4513,4584
2026-07-31T12:52:15.521327+00:00,14355.025596100,704.543139,1658137721.4249353,1658137722.0243487,1658137723.5954165,-0.5994133949279785,1.5710678100585938,4516,4587
2026-07-31T12:52:16.128647+00:00,14355.632915246,705.150458,1658137722.1248186,1658137722.6238825,1658137724.2204428,-0.49906396865844727,1.5965602397918701,4520,4591
2026-07-31T12:52:16.578240+00:00,14356.082508704,705.600051,1658137722.5248559,1658137723.024735,1658137724.670465,-0.4998791217803955,1.6457300186157227,4523,4594
2026-07-31T12:52:17.034064+00:00,14356.538332562,706.055875,1658137723.0248058,1658137723.5248902,1658137725.120475,-0.500084400177002,1.5955848693847656,4526,4597
2026-07-31T12:52:17.641535+00:00,14357.145803478,706.663346,1658137723.7248447,1658137724.1244128,1658137725.720494,-0.3995680809020996,1.596081256866455,4530,4601
2026-07-31T12:52:18.105278+00:00,14357.609546513,707.127089,1658137724.2248824,1658137724.6247613,1658137726.195525,-0.39987897872924805,1.5707635879516602,4533,4604
2026-07-31T12:52:18.550667+00:00,14358.054936024,707.572478,1658137724.7248547,1658137725.0247505,1658137726.6205387,-0.2998957633972168,1.5957882404327393,4536,4607
2026-07-31T12:52:19.155364+00:00,14358.659632686,708.177175,1658137725.3247182,1658137725.6247456,1658137727.2455647,-0.30002737045288086,1.620819091796875,4540,4611
2026-07-31T12:52:19.611995+00:00,14359.116263457,708.633806,1658137725.724836,1658137726.1249146,1658137727.6955907,-0.40007853507995605,1.5706760883331299,4543,4614
2026-07-31T12:52:20.070297+00:00,14359.574565179,709.092108,1658137726.2247682,1658137726.5246084,1658137728.1456094,-0.29984021186828613,1.6210010051727295,4546,4617
2026-07-31T12:52:20.532144+00:00,14360.036412678,709.553955,1658137726.5248501,1658137727.02492,1658137728.6206415,-0.5000698566436768,1.5957214832305908,4549,4620
2026-07-31T12:52:21.132522+00:00,14360.636790405,710.154333,1658137727.224855,1658137727.6243572,1658137729.2206492,-0.3995022773742676,1.5962920188903809,4553,4624
2026-07-31T12:52:21.591231+00:00,14361.095499395,710.613042,1658137727.6247447,1658137728.124866,1658137729.670661,-0.5001213550567627,1.54579496383667,4556,4627
2026-07-31T12:52:22.039349+00:00,14361.543617536,711.061160,1658137728.0248375,1658137728.5239568,1658137730.1206825,-0.49911928176879883,1.5967257022857666,4559,4630
2026-07-31T12:52:22.635391+00:00,14362.139659310,711.657202,1658137728.8248167,1658137729.1248024,1658137730.7207074,-0.2999856472015381,1.595905065536499,4563,4634
2026-07-31T12:52:23.091196+00:00,14362.595464644,712.113007,1658137729.2249238,1658137729.5247219,1658137731.1707253,-0.29979801177978516,1.6460034847259521,4566,4637
2026-07-31T12:52:23.547960+00:00,14363.052229580,712.569772,1658137729.5247343,1658137730.0247009,1658137731.6207342,-0.4999666213989258,1.5960333347320557,4569,4640
2026-07-31T12:52:24.149441+00:00,14363.653710296,713.171253,1658137730.1247768,1658137730.6248217,1658137732.2207634,-0.5000448226928711,1.5959417819976807,4573,4644
2026-07-31T12:52:24.598450+00:00,14364.102718144,713.620261,1658137730.5247433,1658137731.1237404,1658137732.6708035,-0.5989971160888672,1.5470631122589111,4576,4647
2026-07-31T12:52:25.050534+00:00,14364.554801954,714.072344,1658137730.8249097,1658137731.5248094,1658137733.120828,-0.6998996734619141,1.5960185527801514,4579,4650
2026-07-31T12:52:25.656336+00:00,14365.160604861,714.678147,1658137731.3248627,1658137732.1248462,1658137733.7458239,-0.7999835014343262,1.6209776401519775,4583,4654
2026-07-31T12:52:26.116460+00:00,14365.620728917,715.138271,1658137731.8248248,1658137732.624741,1658137734.1958563,-0.7999162673950195,1.571115255355835,4586,4657
2026-07-31T12:52:26.563581+00:00,14366.067849923,715.585392,1658137732.1248505,1658137733.0249102,1658137734.6459177,-0.900059700012207,1.6210074424743652,4589,4660
2026-07-31T12:52:27.163773+00:00,14366.668041362,716.185584,1658137732.5248487,1658137733.6242101,1658137735.2458947,-1.0993614196777344,1.6216845512390137,4593,4664
2026-07-31T12:52:27.621153+00:00,14367.125421787,716.642964,1658137733.1247485,1658137734.1249177,1658137735.6959186,-1.000169277191162,1.5710008144378662,4596,4667
2026-07-31T12:52:28.069599+00:00,14367.573867812,717.091410,1658137734.024836,1658137734.5245838,1658137736.1459274,-0.49974775314331055,1.6213436126708984,4599,4670
2026-07-31T12:52:28.520531+00:00,14368.024799671,717.542342,1658137734.6249042,1658137735.0237157,1658137736.595976,-0.39881157875061035,1.5722603797912598,4602,4673
2026-07-31T12:52:29.115559+00:00,14368.619827849,718.137370,1658137735.324744,1658137735.6245437,1658137737.195983,-0.29979968070983887,1.571439266204834,4606,4677
2026-07-31T12:52:29.574593+00:00,14369.078861956,718.596404,1658137735.8247993,1658137736.024714,1658137737.6459928,-0.19991469383239746,1.6212787628173828,4609,4680
2026-07-31T12:52:30.173496+00:00,14369.677764744,719.195307,1658137736.3248324,1658137736.624441,1658137738.2460043,-0.2996084690093994,1.62156343460083,4613,4684
2026-07-31T12:52:30.622709+00:00,14370.126977553,719.644520,1658137736.6248565,1658137737.1246028,1658137738.6960425,-0.49974632263183594,1.5714397430419922,4616,4687
2026-07-31T12:52:31.074150+00:00,14370.578418330,720.095961,1658137736.9247618,1658137737.5248587,1658137739.1460443,-0.6000969409942627,1.621185541152954,4619,4690
2026-07-31T12:52:31.528447+00:00,14371.032715488,720.550258,1658137737.4247737,1658137738.0247545,1658137739.6210694,-0.5999808311462402,1.5963149070739746,4622,4693
2026-07-31T12:52:32.130696+00:00,14371.634964937,721.152507,1658137738.0248296,1658137738.624491,1658137740.2210941,-0.5996613502502441,1.5966031551361084,4626,4697
2026-07-31T12:52:32.577091+00:00,14372.081358799,721.598901,1658137738.7248414,1658137739.0248399,1658137740.6462135,-0.29999852180480957,1.6213736534118652,4629,4700
2026-07-31T12:52:33.028551+00:00,14372.532819282,722.050362,1658137739.1249323,1658137739.5248232,1658137741.1211343,-0.3998908996582031,1.596311092376709,4632,4703
2026-07-31T12:52:33.628767+00:00,14373.134397229,722.651940,1658137739.7247782,1658137740.1247692,1658137741.7211475,-0.3999910354614258,1.5963783264160156,4636,4707
2026-07-31T12:52:34.082842+00:00,14373.588471233,723.106014,1658137740.1247733,1658137740.5249007,1658137742.1711667,-0.4001274108886719,1.646265983581543,4639,4710
2026-07-31T12:52:34.552627+00:00,14374.058255916,723.575798,1658137740.5249047,1658137741.0248363,1658137742.6461747,-0.49993157386779785,1.6213383674621582,4642,4713
2026-07-31T12:52:35.169716+00:00,14374.675345436,724.192888,1658137741.2249038,1658137741.6248755,1658137743.2462232,-0.39997172355651855,1.6213476657867432,4646,4717
2026-07-31T12:52:35.627092+00:00,14375.132721804,724.650264,1658137741.6248796,1658137742.1247206,1658137743.7212296,-0.49984097480773926,1.5965089797973633,4649,4720
2026-07-31T12:52:36.081798+00:00,14375.587427730,725.104970,1658137741.9247735,1658137742.5245988,1658137744.1712308,-0.599825382232666,1.6466319561004639,4652,4723
2026-07-31T12:52:36.532434+00:00,14376.038064199,725.555607,1658137742.524857,1658137743.0249019,1658137744.6212378,-0.5000448226928711,1.5963358879089355,4655,4726
2026-07-31T12:52:37.132868+00:00,14376.638497397,726.156040,1658137743.1247494,1658137743.6247418,1658137745.221266,-0.49999237060546875,1.5965242385864258,4659,4730
2026-07-31T12:52:37.594037+00:00,14377.099666471,726.617209,1658137743.5249088,1658137744.124777,1658137745.6712894,-0.5998682975769043,1.5465123653411865,4662,4733
2026-07-31T12:52:38.042721+00:00,14377.548350797,727.065893,1658137744.2248862,1658137744.5248094,1658137746.1213367,-0.2999231815338135,1.596527338027954,4665,4736
2026-07-31T12:52:38.647927+00:00,14378.153555804,727.671098,1658137744.8248355,1658137745.1243858,1658137746.721337,-0.29955029487609863,1.5969512462615967,4669,4740
2026-07-31T12:52:39.104731+00:00,14378.610361080,728.127904,1658137745.3248625,1658137745.624661,1658137747.196351,-0.29979848861694336,1.5716900825500488,4672,4743
2026-07-31T12:52:39.558437+00:00,14379.064066662,728.581609,1658137745.824804,1658137746.023734,1658137747.6463675,-0.198930025100708,1.622633457183838,4675,4746
2026-07-31T12:52:40.165645+00:00,14379.671274351,729.188817,1658137746.4247394,1658137746.6248806,1658137748.2463808,-0.20014119148254395,1.6215002536773682,4679,4750
2026-07-31T12:52:40.621919+00:00,14380.127548866,729.645091,1658137746.7247374,1658137747.12474,1658137748.6964042,-0.40000247955322266,1.5716643333435059,4682,4753
2026-07-31T12:52:41.072350+00:00,14380.577979059,730.095522,1658137747.2248175,1658137747.5247939,1658137749.1464148,-0.2999763488769531,1.6216208934783936,4685,4756
2026-07-31T12:52:41.533037+00:00,14381.038666558,730.556209,1658137747.7247725,1658137748.0248933,1658137749.621453,-0.30012083053588867,1.596559762954712,4688,4759
2026-07-31T12:52:42.133073+00:00,14381.638702771,731.156245,1658137748.2248092,1658137748.6247594,1658137750.221464,-0.3999502658843994,1.5967044830322266,4692,4763
2026-07-31T12:52:42.582642+00:00,14382.088271616,731.605814,1658137748.6247637,1658137749.0243561,1658137750.6714852,-0.39959239959716797,1.6471290588378906,4695,4766
2026-07-31T12:52:43.040750+00:00,14382.546378255,732.063921,1658137748.9249043,1658137749.5248652,1658137751.1215785,-0.5999608039855957,1.5967133045196533,4698,4769
2026-07-31T12:52:43.666025+00:00,14383.171653953,732.689196,1658137749.4248266,1658137750.124816,1658137751.7465196,-0.6999893188476562,1.6217036247253418,4702,4773
2026-07-31T12:52:44.123515+00:00,14383.629144844,733.146687,1658137749.9247525,1658137750.6247392,1658137752.1965554,-0.6999866962432861,1.5718162059783936,4705,4776
2026-07-31T12:52:44.576840+00:00,14384.082469285,733.600012,1658137750.3247168,1658137751.024725,1658137752.6465704,-0.7000081539154053,1.6218454837799072,4708,4779
2026-07-31T12:52:45.042083+00:00,14384.547712347,734.065255,1658137750.7248144,1658137751.524894,1658137753.1215842,-0.8000795841217041,1.5966901779174805,4711,4782
2026-07-31T12:52:45.645595+00:00,14385.151224667,734.668767,1658137751.4248126,1658137752.1248062,1658137753.7216055,-0.6999936103820801,1.596799373626709,4715,4786
2026-07-31T12:52:46.096287+00:00,14385.601916186,735.119459,1658137751.9247475,1658137752.6247368,1658137754.1716707,-0.6999893188476562,1.546933889389038,4718,4789
2026-07-31T12:52:46.552116+00:00,14386.057745473,735.575288,1658137752.4248257,1658137753.0248764,1658137754.621673,-0.600050687789917,1.5967967510223389,4721,4792
2026-07-31T12:52:47.165996+00:00,14386.671624609,736.189167,1658137753.124726,1658137753.6247032,1658137755.2466726,-0.49997711181640625,1.62196946144104,4725,4796
2026-07-31T12:52:47.623290+00:00,14387.128919321,736.646462,1658137753.6248112,1658137754.1247082,1658137755.696705,-0.4998970031738281,1.5719969272613525,4728,4799
2026-07-31T12:52:48.082015+00:00,14387.587644550,737.105187,1658137754.0249264,1658137754.5247095,1658137756.1717114,-0.4997830390930176,1.6470019817352295,4731,4802
2026-07-31T12:52:48.541758+00:00,14388.047387321,737.564930,1658137754.6248548,1658137755.0239,1658137756.621733,-0.3990452289581299,1.5978329181671143,4734,4805
2026-07-31T12:52:49.167006+00:00,14388.672634878,738.190177,1658137755.3248887,1658137755.6242683,1658137757.2467544,-0.2993795871734619,1.6224861145019531,4738,4809
2026-07-31T12:52:49.627230+00:00,14389.132859307,738.650402,1658137755.8248465,1658137756.124678,1658137757.6967869,-0.2998313903808594,1.5721089839935303,4741,4812
2026-07-31T12:52:50.086226+00:00,14389.591854591,739.109397,1658137756.2248049,1658137756.5247977,1658137758.1718,-0.29999279975891113,1.6470022201538086,4744,4815
2026-07-31T12:52:50.544809+00:00,14390.050438645,739.567981,1658137756.6249151,1658137757.0247488,1658137758.6218247,-0.39983367919921875,1.5970759391784668,4747,4818
2026-07-31T12:52:51.156601+00:00,14390.662230027,740.179772,1658137757.224805,1658137757.6247277,1658137759.2468565,-0.39992260932922363,1.6221287250518799,4751,4822
2026-07-31T12:52:51.609606+00:00,14391.115235139,740.632778,1658137757.6247985,1658137758.1244974,1658137759.6968696,-0.4996988773345947,1.5723721981048584,4754,4825
2026-07-31T12:52:52.063506+00:00,14391.569135330,741.086678,1658137758.1247678,1658137758.5247235,1658137760.1468902,-0.39995574951171875,1.622166633605957,4757,4828
2026-07-31T12:52:52.522511+00:00,14392.028140555,741.545683,1658137758.6248229,1658137759.024506,1658137760.5969129,-0.39968323707580566,1.5724067687988281,4760,4831
2026-07-31T12:52:53.127039+00:00,14392.632668909,742.150211,1658137759.4247644,1658137759.624808,1658137761.1969404,-0.2000436782836914,1.5721323490142822,4764,4835
2026-07-31T12:52:53.574196+00:00,14393.079824987,742.597367,1658137759.8247485,1658137760.0246854,1658137761.6469564,-0.1999368667602539,1.6222710609436035,4767,4838
2026-07-31T12:52:54.024875+00:00,14393.530504677,743.048047,1658137760.2247348,1658137760.5248015,1658137762.0969708,-0.3000667095184326,1.572169303894043,4770,4841
2026-07-31T12:52:54.628329+00:00,14394.133959145,743.651502,1658137760.8248575,1658137761.124509,1658137762.7219977,-0.2996516227722168,1.5974886417388916,4774,4845
2026-07-31T12:52:55.083899+00:00,14394.589528121,744.107071,1658137761.2248435,1658137761.5246441,1658137763.17203,-0.2998006343841553,1.647385835647583,4777,4848
2026-07-31T12:52:55.532531+00:00,14395.038160442,744.555703,1658137761.7247736,1658137762.024517,1658137763.6220434,-0.2997434139251709,1.5975263118743896,4780,4851
2026-07-31T12:52:56.130392+00:00,14395.636020821,745.153563,1658137762.2248626,1658137762.6248424,1658137764.2220597,-0.399979829788208,1.597217321395874,4784,4855
2026-07-31T12:52:56.582321+00:00,14396.087950183,745.605493,1658137762.6248925,1658137763.0247264,1658137764.6720848,-0.39983391761779785,1.6473584175109863,4787,4858
2026-07-31T12:52:57.039091+00:00,14396.544720319,746.062263,1658137763.024731,1658137763.5248787,1658137765.1221142,-0.500147819519043,1.5972354412078857,4790,4861
2026-07-31T12:52:57.650831+00:00,14397.156460269,746.674003,1658137763.6247427,1658137764.124495,1658137765.7221208,-0.4997522830963135,1.597625732421875,4794,4865
2026-07-31T12:52:58.102592+00:00,14397.608221301,747.125764,1658137764.2249305,1658137764.624142,1658137766.1721509,-0.39921140670776367,1.548008918762207,4797,4868
2026-07-31T12:52:58.562199+00:00,14398.067828254,747.585371,1658137764.7248008,1658137765.0248125,1658137766.647162,-0.30001163482666016,1.622349500656128,4800,4871
2026-07-31T12:52:59.170967+00:00,14398.676596524,748.194139,1658137765.3249228,1658137765.6246653,1658137767.2471983,-0.2997424602508545,1.6225330829620361,4804,4875
2026-07-31T12:52:59.627568+00:00,14399.133197992,748.650740,1658137765.824751,1658137766.1248977,1658137767.697214,-0.30014681816101074,1.5723161697387695,4807,4878
2026-07-31T12:53:00.089126+00:00,14399.594755450,749.112298,1658137766.2247481,1658137766.5247338,1658137768.1722302,-0.2999856472015381,1.6474964618682861,4810,4881
2026-07-31T12:53:00.546701+00:00,14400.052330011,749.569872,1658137766.5247378,1658137767.0247989,1658137768.6222506,-0.50006103515625,1.5974516868591309,4813,4884
2026-07-31T12:53:01.152031+00:00,14400.657660047,750.175203,1658137767.1249142,1658137767.6248214,1658137769.222261,-0.4999072551727295,1.5974395275115967,4817,4888
2026-07-31T12:53:01.606811+00:00,14401.112439656,750.629982,1658137767.524742,1658137768.1248987,1658137769.6973128,-0.6001567840576172,1.5724141597747803,4820,4891
2026-07-31T12:53:02.058406+00:00,14401.564035176,751.081578,1658137768.0248127,1658137768.524737,1658137770.1473072,-0.4999241828918457,1.622570276260376,4823,4894
2026-07-31T12:53:02.525087+00:00,14402.030716242,751.548259,1658137768.724908,1658137769.0245297,1658137770.597325,-0.29962158203125,1.5727953910827637,4826,4897
2026-07-31T12:53:03.122859+00:00,14402.628488621,752.146031,1658137769.424901,1658137769.6248355,1658137771.1973474,-0.1999344825744629,1.572511911392212,4830,4901
2026-07-31T12:53:03.577448+00:00,14403.084282634,752.601825,1658137769.8247688,1658137770.0248082,1658137771.6723673,-0.20003938674926758,1.6475591659545898,4833,4904
2026-07-31T12:53:04.031595+00:00,14403.538428920,753.055971,1658137770.3248687,1658137770.52491,1658137772.1223967,-0.2000412940979004,1.5974867343902588,4836,4907
2026-07-31T12:53:04.635152+00:00,14404.141985137,753.659528,1658137770.9248073,1658137771.1247199,1658137772.7224016,-0.19991254806518555,1.5976817607879639,4840,4911
2026-07-31T12:53:05.096519+00:00,14404.603353320,754.120896,1658137771.2248306,1658137771.6246,1658137773.1724298,-0.39976930618286133,1.5478298664093018,4843,4914
2026-07-31T12:53:05.552741+00:00,14405.059575036,754.577118,1658137771.7248683,1658137772.0247579,1658137773.6474304,-0.29988956451416016,1.6226725578308105,4846,4917
2026-07-31T12:53:06.154803+00:00,14405.661637591,755.179180,1658137772.224823,1658137772.6248887,1658137774.2474442,-0.40006566047668457,1.6225554943084717,4850,4921
2026-07-31T12:53:06.617516+00:00,14406.124350893,755.641893,1658137772.6248927,1658137773.1248095,1658137774.6974642,-0.49991679191589355,1.5726547241210938,4853,4924
2026-07-31T12:53:07.066217+00:00,14406.573051323,756.090594,1658137773.2248824,1658137773.5246198,1658137775.1474888,-0.29973745346069336,1.6228690147399902,4856,4927
2026-07-31T12:53:07.668360+00:00,14407.175194075,756.692737,1658137773.724837,1658137774.124191,1658137775.7474895,-0.3993539810180664,1.6232984066009521,4860,4931
2026-07-31T12:53:08.124989+00:00,14407.631823146,757.149366,1658137774.2249105,1658137774.62408,1658137776.1974978,-0.3991694450378418,1.5734179019927979,4863,4934
2026-07-31T12:53:08.591688+00:00,14408.098521449,757.616064,1658137774.6248286,1658137775.1237984,1658137776.6725137,-0.49896979331970215,1.548715353012085,4866,4937
2026-07-31T12:53:09.040489+00:00,14408.547323082,758.064866,1658137774.9248693,1658137775.524337,1658137777.1225483,-0.5994677543640137,1.5982112884521484,4869,4940
2026-07-31T12:53:09.642280+00:00,14409.149114174,758.666657,1658137775.4248526,1658137776.124864,1658137777.7225466,-0.7000114917755127,1.5976824760437012,4873,4944
2026-07-31T12:53:10.101214+00:00,14409.608046940,759.125589,1658137775.724752,1658137776.5247474,1658137778.1725662,-0.7999954223632812,1.6478188037872314,4876,4947
2026-07-31T12:53:10.554784+00:00,14410.061618615,759.579161,1658137776.0247748,1658137777.0248346,1658137778.6475728,-1.0000598430633545,1.6227381229400635,4879,4950
2026-07-31T12:53:11.162262+00:00,14410.669095989,760.186638,1658137776.6247509,1658137777.624889,1658137779.2475903,-1.0001380443572998,1.6227014064788818,4883,4954
2026-07-31T12:53:11.612491+00:00,14411.119324099,760.636867,1658137777.2247574,1658137778.124858,1658137779.6975977,-0.9001004695892334,1.572739839553833,4886,4957
2026-07-31T12:53:12.067269+00:00,14411.574102114,761.091645,1658137778.024765,1658137778.5242255,1658137780.1476166,-0.49946045875549316,1.6233911514282227,4889,4960
2026-07-31T12:53:12.525133+00:00,14412.031966579,761.549509,1658137778.624827,1658137779.0245917,1658137780.5976288,-0.3997647762298584,1.5730371475219727,4892,4963
2026-07-31T12:53:13.133665+00:00,14412.640499639,762.158042,1658137779.2248168,1658137779.624382,1658137781.2226768,-0.3995652198791504,1.598294734954834,4896,4967
2026-07-31T12:53:13.582117+00:00,14413.088950936,762.606493,1658137779.5248232,1658137780.023402,1658137781.6726959,-0.4985787868499756,1.6492938995361328,4899,4970
2026-07-31T12:53:14.032305+00:00,14413.539137887,763.056680,1658137780.024777,1658137780.524775,1658137782.1227162,-0.4999980926513672,1.5979411602020264,4902,4973
2026-07-31T12:53:14.635096+00:00,14414.141930320,763.659473,1658137780.5248415,1658137781.1247535,1658137782.7227645,-0.5999119281768799,1.5980110168457031,4906,4977
2026-07-31T12:53:15.084143+00:00,14414.590977094,764.108520,1658137780.8248568,1658137781.524717,1658137783.1727731,-0.6998603343963623,1.6480560302734375,4909,4980
2026-07-31T12:53:15.539134+00:00,14415.045968272,764.563511,1658137781.524809,1658137782.0248966,1658137783.6227973,-0.5000877380371094,1.597900629043579,4912,4983
2026-07-31T12:53:16.146362+00:00,14415.653195586,765.170738,1658137782.2248304,1658137782.624677,1658137784.2228363,-0.39984655380249023,1.5981593132019043,4916,4987
2026-07-31T12:53:16.604061+00:00,14416.110895180,765.628438,1658137782.7248478,1658137783.1245358,1658137784.6978602,-0.3996880054473877,1.57332444190979,4919,4990
2026-07-31T12:53:17.053615+00:00,14416.560449692,766.077992,1658137783.3248284,1658137783.524742,1658137785.1478872,-0.19991350173950195,1.623145341873169,4922,4993
2026-07-31T12:53:17.664793+00:00,14417.171627070,766.689170,1658137783.8247507,1658137784.124286,1658137785.7479162,-0.29953527450561523,1.6236302852630615,4926,4997
2026-07-31T12:53:18.122629+00:00,14417.629463530,767.147006,1658137784.1247685,1658137784.6238632,1658137786.1979473,-0.49909472465515137,1.5740840435028076,4929,5000
2026-07-31T12:53:18.579321+00:00,14418.086154683,767.603697,1658137784.5248563,1658137785.024671,1658137786.6729636,-0.4998147487640381,1.6482925415039062,4932,5003
2026-07-31T12:53:19.034694+00:00,14418.541528350,768.059071,1658137785.0249004,1658137785.5247443,1658137787.1230006,-0.4998438358306885,1.5982563495635986,4935,5006
2026-07-31T12:53:19.638723+00:00,14419.145557309,768.663100,1658137785.5248194,1658137786.1248295,1658137787.7230237,-0.6000101566314697,1.5981941223144531,4939,5010
2026-07-31T12:53:20.100458+00:00,14419.607291417,769.124834,1658137786.0247705,1658137786.6248467,1658137788.1730437,-0.6000761985778809,1.5481970310211182,4942,5013
2026-07-31T12:53:20.559484+00:00,14420.066317866,769.583860,1658137786.7247636,1658137787.0249,1658137788.6480727,-0.3001363277435303,1.6231727600097656,4945,5016
2026-07-31T12:53:21.167015+00:00,14420.673849061,770.191392,1658137787.2248468,1658137787.6228263,1658137789.2480764,-0.3979794979095459,1.6252501010894775,4949,5020
2026-07-31T12:53:21.620425+00:00,14421.127259999,770.644802,1658137787.7248213,1658137788.1247702,1658137789.6981087,-0.3999488353729248,1.573338508605957,4952,5023
2026-07-31T12:53:22.082646+00:00,14421.589480333,771.107023,1658137788.1249325,1658137788.5248246,1658137790.173128,-0.39989209175109863,1.6483032703399658,4955,5026
2026-07-31T12:53:22.534952+00:00,14422.041785871,771.559328,1658137788.6249151,1658137789.024221,1658137790.623146,-0.3993058204650879,1.5989251136779785,4958,5029
2026-07-31T12:53:23.135646+00:00,14422.642479145,772.160022,1658137789.2248201,1658137789.6241903,1658137791.2231882,-0.3993701934814453,1.5989978313446045,4962,5033
2026-07-31T12:53:23.596870+00:00,14423.103703090,772.621246,1658137789.6247573,1658137790.123485,1658137791.6731915,-0.49872779846191406,1.5497064590454102,4965,5036
2026-07-31T12:53:24.058116+00:00,14423.564950387,773.082493,1658137790.2247043,1658137790.5237792,1658137792.148212,-0.2990748882293701,1.6244328022003174,4968,5039
2026-07-31T12:53:24.659744+00:00,14424.166577441,773.684120,1658137790.824774,1658137791.1243217,1658137792.7482293,-0.2995476722717285,1.6239075660705566,4972,5043
2026-07-31T12:53:25.110230+00:00,14424.617064372,774.134607,1658137791.2247634,1658137791.6232324,1658137793.1982605,-0.3984689712524414,1.5750281810760498,4975,5046
2026-07-31T12:53:25.564224+00:00,14425.071057506,774.588600,1658137791.8249357,1658137792.0247767,1658137793.648276,-0.19984102249145508,1.6234993934631348,4978,5049
2026-07-31T12:53:26.022974+00:00,14425.529808369,775.047351,1658137792.2249277,1658137792.5247412,1658137794.0982976,-0.29981350898742676,1.5735564231872559,4981,5052
2026-07-31T12:53:26.622349+00:00,14426.129182498,775.646725,1658137792.6248477,1658137793.124926,1658137794.6983168,-0.5000784397125244,1.5733907222747803,4985,5056
2026-07-31T12:53:27.075497+00:00,14426.582330968,776.099873,1658137792.9247508,1658137793.5247538,1658137795.1483185,-0.6000030040740967,1.6235647201538086,4988,5059
2026-07-31T12:53:27.523173+00:00,14427.030007625,776.547550,1658137793.2247689,1658137794.0248067,1658137795.5983503,-0.8000378608703613,1.5735435485839844,4991,5062
2026-07-31T12:53:28.134602+00:00,14427.641435942,777.158978,1658137793.724813,1658137794.6247225,1658137796.2233746,-0.899909496307373,1.5986521244049072,4995,5066
2026-07-31T12:53:28.584586+00:00,14428.091420231,777.608963,1658137794.024848,1658137795.0248334,1658137796.6733944,-0.9999854564666748,1.6485610008239746,4998,5069
2026-07-31T12:53:29.034295+00:00,14428.541128799,778.058671,1658137794.924738,1658137795.5247648,1658137797.1234093,-0.6000268459320068,1.598644495010376,5001,5072
2026-07-31T12:53:29.635077+00:00,14429.141911477,778.659454,1658137795.5247693,1658137796.1249096,1658137797.7234378,-0.6001403331756592,1.5985281467437744,5005,5076
2026-07-31T12:53:30.137991+00:00,14429.644824723,779.162367,1658137795.924738,1658137796.6243773,1658137798.2234538,-0.6996393203735352,1.599076509475708,5008,5079
2026-07-31T12:53:30.598831+00:00,14430.105665088,779.623208,1658137796.2247686,1658137797.124465,1658137798.6735048,-0.8996963500976562,1.5490398406982422,5011,5082
2026-07-31T12:53:31.055291+00:00,14430.562124454,780.079667,1658137796.524915,1658137797.5247715,1658137799.1484797,-0.9998564720153809,1.6237082481384277,5014,5085
2026-07-31T12:53:31.527018+00:00,14431.033851725,780.551394,1658137796.9248848,1658137798.0247757,1658137799.598493,-1.099890947341919,1.5737173557281494,5017,5088
2026-07-31T12:53:32.132900+00:00,14431.639733072,781.157276,1658137797.3248756,1658137798.6246493,1658137800.2235272,-1.2997736930847168,1.5988779067993164,5021,5092
2026-07-31T12:53:32.579893+00:00,14432.086726975,781.604269,1658137797.9247415,1658137799.024737,1658137800.6735475,-1.0999953746795654,1.648810625076294,5024,5095
2026-07-31T12:53:33.034533+00:00,14432.541366721,782.058909,1658137798.9248886,1658137799.5242617,1658137801.1235332,-0.5993731021881104,1.599271535873413,5027,5098
2026-07-31T12:53:33.641803+00:00,14433.149874578,782.667417,1658137799.6248612,1658137800.1248236,1658137801.7235613,-0.49996232986450195,1.5987377166748047,5031,5102
2026-07-31T12:53:34.096211+00:00,14433.604281873,783.121824,1658137800.0248296,1658137800.6248913,1658137802.173577,-0.6000616550445557,1.5486857891082764,5034,5105
2026-07-31T12:53:34.548214+00:00,14434.056285288,783.573828,1658137800.4247384,1658137801.0247262,1658137802.6236014,-0.5999877452850342,1.5988752841949463,5037,5108
2026-07-31T12:53:35.152522+00:00,14434.660593957,784.178136,1658137801.1248229,1658137801.62482,1658137803.248611,-0.4999971389770508,1.623790979385376,5041,5112
2026-07-31T12:53:35.605518+00:00,14435.113588954,784.631131,1658137801.5247362,1658137802.1247246,1658137803.698634,-0.5999884605407715,1.5739092826843262,5044,5115
2026-07-31T12:53:36.059638+00:00,14435.567709436,785.085252,1658137801.8247461,1658137802.5249038,1658137804.1486418,-0.700157642364502,1.6237380504608154,5047,5118
2026-07-31T12:53:36.669604+00:00,14436.177675824,785.695218,1658137802.6247542,1658137803.1247783,1658137804.7486732,-0.5000240802764893,1.6238949298858643,5051,5122
2026-07-31T12:53:37.124309+00:00,14436.632381139,786.149924,1658137803.0247643,1658137803.6248012,1658137805.198693,-0.6000368595123291,1.5738918781280518,5054,5125
2026-07-31T12:53:37.583497+00:00,14437.091568737,786.609111,1658137803.5248485,1658137804.0249155,1658137805.6737118,-0.5000669956207275,1.6487963199615479,5057,5128
2026-07-31T12:53:38.033428+00:00,14437.541500142,787.059043,1658137804.0249195,1658137804.5246873,1658137806.123717,-0.4997677803039551,1.599029779434204,5060,5131
2026-07-31T12:53:38.637907+00:00,14438.145978011,787.663520,1658137804.7249246,1658137805.124771,1658137806.7237468,-0.39984655380249023,1.598975658416748,5064,5135
2026-07-31T12:53:39.092060+00:00,14438.600132116,788.117675,1658137805.0249302,1658137805.6247494,1658137807.1737692,-0.5998191833496094,1.5490198135375977,5067,5138
2026-07-31T12:53:39.545513+00:00,14439.053584321,788.571127,1658137805.4248347,1658137806.0247498,1658137807.6237807,-0.5999150276184082,1.5990309715270996,5070,5141
2026-07-31T12:53:40.163150+00:00,14439.671221783,789.188764,1658137806.1248717,1658137806.6247199,1658137808.248813,-0.4998481273651123,1.6240930557250977,5074,5145
2026-07-31T12:53:40.607343+00:00,14440.115414332,789.632957,1658137806.4248333,1658137807.1243427,1658137808.6988459,-0.6995093822479248,1.5745031833648682,5077,5148
2026-07-31T12:53:41.060224+00:00,14440.568294211,790.085837,1658137806.7248535,1658137807.524803,1658137809.1488445,-0.7999494075775146,1.6240415573120117,5080,5151
2026-07-31T12:53:41.665029+00:00,14441.173099998,790.690642,1658137807.224807,1658137808.1247177,1658137809.7488654,-0.8999106884002686,1.624147653579712,5084,5155
2026-07-31T12:53:42.123829+00:00,14441.631901179,791.149444,1658137807.8248456,1658137808.6249006,1658137810.1988888,-0.8000550270080566,1.5739881992340088,5087,5158
2026-07-31T12:53:42.586477+00:00,14442.094548303,791.612091,1658137808.224811,1658137809.0248308,1658137810.6739204,-0.8000197410583496,1.6490895748138428,5090,5161
2026-07-31T12:53:43.041010+00:00,14442.549082086,792.066625,1658137808.8248372,1658137809.5246391,1658137811.123919,-0.6998019218444824,1.5992798805236816,5093,5164
2026-07-31T12:53:43.658640+00:00,14443.166711668,792.684254,1658137809.4247534,1658137810.1247416,1658137811.7489455,-0.6999881267547607,1.6242039203643799,5097,5168
2026-07-31T12:53:44.108836+00:00,14443.616907525,793.134450,1658137809.8248541,1658137810.6246345,1658137812.1989732,-0.7997803688049316,1.574338674545288,5100,5171
2026-07-31T12:53:44.558759+00:00,14444.066830426,793.584373,1658137810.324726,1658137811.0243053,1658137812.6489847,-0.6995792388916016,1.6246793270111084,5103,5174
2026-07-31T12:53:45.164287+00:00,14444.672358801,794.189901,1658137810.8248966,1658137811.6249118,1658137813.2490053,-0.8000152111053467,1.6240935325622559,5107,5178
2026-07-31T12:53:45.627641+00:00,14445.135713358,794.653256,1658137811.424742,1658137812.124644,1658137813.7240286,-0.6999020576477051,1.5993845462799072,5110,5181
2026-07-31T12:53:46.076772+00:00,14445.584843326,795.102386,1658137811.7247348,1658137812.524832,1658137814.1490448,-0.8000972270965576,1.6242127418518066,5113,5184
2026-07-31T12:53:46.527246+00:00,14446.035317125,795.552860,1658137812.124757,1658137813.024906,1658137814.5990634,-0.900148868560791,1.574157476425171,5116,5187
2026-07-31T12:53:47.132742+00:00,14446.640813628,796.158356,1658137812.7247686,1658137813.6247487,1658137815.224088,-0.8999800682067871,1.599339246749878,5120,5191
2026-07-31T12:53:47.597489+00:00,14447.105560109,796.623103,1658137813.2248423,1658137814.1246107,1658137815.6741154,-0.8997683525085449,1.5495047569274902,5123,5194
2026-07-31T12:53:48.049039+00:00,14447.557109182,797.074652,1658137813.7248344,1658137814.5248017,1658137816.1241236,-0.7999672889709473,1.5993218421936035,5126,5197
2026-07-31T12:53:48.657407+00:00,14448.165478191,797.683021,1658137814.7247393,1658137815.124711,1658137816.7491572,-0.39997172355651855,1.624446153640747,5130,5201
2026-07-31T12:53:49.112071+00:00,14448.620142949,798.137685,1658137815.1248608,1658137815.624723,1658137817.1991804,-0.4998621940612793,1.5744574069976807,5133,5204
2026-07-31T12:53:49.569392+00:00,14449.077463117,798.595006,1658137815.7248623,1658137816.0233285,1658137817.6491883,-0.29846620559692383,1.6258597373962402,5136,5207
2026-07-31T12:53:50.024664+00:00,14449.532736285,799.050279,1658137816.124844,1658137816.5248792,1658137818.0992122,-0.40003514289855957,1.5743329524993896,5139,5210
2026-07-31T12:53:50.640117+00:00,14450.148188660,799.665731,1658137816.524912,1658137817.1248138,1658137818.7242246,-0.5999016761779785,1.5994107723236084,5143,5214
2026-07-31T12:53:51.099219+00:00,14450.607291219,800.124834,1658137816.8249142,1658137817.6247578,1658137819.174251,-0.7998435497283936,1.5494933128356934,5146,5217
2026-07-31T12:53:51.552423+00:00,14451.060494969,800.578037,1658137817.3247097,1658137818.0248044,1658137819.6242683,-0.7000946998596191,1.599463939666748,5149,5220
2026-07-31T12:53:52.167838+00:00,14451.675909435,801.193452,1658137818.0248585,1658137818.62298,1658137820.2492862,-0.5981216430664062,1.6263060569763184,5153,5224
2026-07-31T12:53:52.618306+00:00,14452.126378213,801.643921,1658137818.6247556,1658137819.1247163,1658137820.6993096,-0.49996066093444824,1.5745933055877686,5156,5227
2026-07-31T12:53:53.078628+00:00,14452.586699132,802.104242,1658137819.024872,1658137819.5247278,1658137821.1743298,-0.49985575675964355,1.649601936340332,5159,5230
2026-07-31T12:53:53.529079+00:00,14453.037150442,802.554693,1658137819.4248288,1658137820.0247457,1658137821.6243446,-0.599916934967041,1.5995988845825195,5162,5233
2026-07-31T12:53:54.129619+00:00,14453.637690236,803.155233,1658137819.9249291,1658137820.6248927,1658137822.224376,-0.6999635696411133,1.5994832515716553,5166,5237
2026-07-31T12:53:54.578738+00:00,14454.086809217,803.604352,1658137820.2248225,1658137821.0240366,1658137822.6743827,-0.7992141246795654,1.650346040725708,5169,5240
2026-07-31T12:53:55.035454+00:00,14454.543525224,804.061068,1658137820.8248253,1658137821.524826,1658137823.1244175,-0.7000007629394531,1.5995914936065674,5172,5243
2026-07-31T12:53:55.644547+00:00,14455.152618543,804.670161,1658137821.4247875,1658137822.124902,1658137823.7244241,-0.7001144886016846,1.5995221138000488,5176,5247
2026-07-31T12:53:56.093683+00:00,14455.601754910,805.119297,1658137821.8247669,1658137822.6247258,1658137824.1744754,-0.7999589443206787,1.5497496128082275,5179,5250
2026-07-31T12:53:56.555899+00:00,14456.063969744,805.581512,1658137822.4248073,1658137823.0247483,1658137824.6494715,-0.5999410152435303,1.624723196029663,5182,5253
2026-07-31T12:53:57.155711+00:00,14456.663781855,806.181324,1658137823.1248388,1658137823.6244383,1658137825.2494938,-0.4995994567871094,1.6250555515289307,5186,5257
2026-07-31T12:53:57.607043+00:00,14457.115114473,806.632657,1658137823.4249368,1658137824.1248171,1658137825.6995196,-0.6998803615570068,1.574702501296997,5189,5260
2026-07-31T12:53:58.058156+00:00,14457.566227426,807.083770,1658137823.9247687,1658137824.5239675,1658137826.149536,-0.5991988182067871,1.6255683898925781,5192,5263
2026-07-31T12:53:58.662854+00:00,14458.170925862,807.688468,1658137824.4249206,1658137825.124709,1658137826.749555,-0.6997883319854736,1.6248462200164795,5196,5267
2026-07-31T12:53:59.120633+00:00,14458.628704283,808.146247,1658137824.8249276,1658137825.624899,1658137827.1995764,-0.799971342086792,1.5746774673461914,5199,5270
2026-07-31T12:53:59.570855+00:00,14459.078925567,808.596468,1658137825.124713,1658137826.024658,1658137827.6495955,-0.8999450206756592,1.6249375343322754,5202,5273
2026-07-31T12:54:00.020574+00:00,14459.528645996,809.046188,1658137825.7247345,1658137826.5248322,1658137828.0996199,-0.8000977039337158,1.5747876167297363,5205,5276
2026-07-31T12:54:00.622532+00:00,14460.130603804,809.648146,1658137826.3248994,1658137827.1247263,1658137828.6996436,-0.7998268604278564,1.5749173164367676,5209,5280
2026-07-31T12:54:01.079683+00:00,14460.587754077,810.105297,1658137826.9248195,1658137827.52345,1658137829.174663,-0.598630428314209,1.6512131690979004,5212,5283
2026-07-31T12:54:01.534081+00:00,14461.042153200,810.559696,1658137827.5249145,1658137828.0247228,1658137829.6246786,-0.49980831146240234,1.5999557971954346,5215,5286
2026-07-31T12:54:02.141815+00:00,14461.649887533,811.167430,1658137828.2249277,1658137828.624256,1658137830.2246978,-0.39932823181152344,1.6004419326782227,5219,5290
2026-07-31T12:54:02.597367+00:00,14462.105439315,811.622982,1658137828.7248485,1658137829.1247582,1658137830.6747189,-0.39990973472595215,1.5499606132507324,5222,5293
2026-07-31T12:54:03.054406+00:00,14462.562477757,812.080020,1658137829.3247576,1658137829.5242224,1658137831.1497395,-0.1994647979736328,1.6255171298980713,5225,5296
2026-07-31T12:54:03.656902+00:00,14463.166127799,812.683670,1658137829.924904,1658137830.1248145,1658137831.7497575,-0.19991040229797363,1.6249430179595947,5229,5300
2026-07-31T12:54:04.112375+00:00,14463.621600185,813.139143,1658137830.3249104,1658137830.6247737,1658137832.199779,-0.299863338470459,1.575005292892456,5232,5303
2026-07-31T12:54:04.568659+00:00,14464.077883676,813.595426,1658137830.7249274,1658137831.0246282,1658137832.649802,-0.2997007369995117,1.625173807144165,5235,5306
2026-07-31T12:54:05.027636+00:00,14464.536860955,814.054403,1658137831.0248282,1658137831.5248208,1658137833.1248097,-0.49999260902404785,1.5999889373779297,5238,5309
2026-07-31T12:54:05.629941+00:00,14465.139165424,814.656708,1658137831.6249151,1658137832.1248484,1658137833.724851,-0.49993324279785156,1.6000025272369385,5242,5313
2026-07-31T12:54:06.088022+00:00,14465.597247411,815.114790,1658137831.9249241,1658137832.5236583,1658137834.1748526,-0.5987341403961182,1.6511943340301514,5245,5316
2026-07-31T12:54:06.544319+00:00,14466.053543974,815.571086,1658137832.324854,1658137833.0243838,1658137834.6248677,-0.6995298862457275,1.6004838943481445,5248,5319
2026-07-31T12:54:07.151562+00:00,14466.660787052,816.178330,1658137833.1248565,1658137833.6244938,1658137835.224893,-0.4996373653411865,1.6003992557525635,5252,5323
2026-07-31T12:54:07.598388+00:00,14467.107612978,816.625155,1658137833.6249228,1658137834.0245645,1658137835.6749136,-0.399641752243042,1.6503491401672363,5255,5326
2026-07-31T12:54:08.051556+00:00,14467.560781580,817.078324,1658137833.9248223,1658137834.524912,1658137836.124934,-0.6000897884368896,1.6000218391418457,5258,5329
2026-07-31T12:54:08.659874+00:00,14468.169098203,817.686641,1658137834.5249164,1658137835.1237144,1658137836.7499547,-0.5987980365753174,1.6262402534484863,5262,5333
2026-07-31T12:54:09.120514+00:00,14468.629736459,818.147279,1658137834.9249187,1658137835.6244848,1658137837.1999736,-0.699566125869751,1.575488805770874,5265,5336
2026-07-31T12:54:09.569518+00:00,14469.078742254,818.596285,1658137835.424731,1658137836.0247457,1658137837.6499877,-0.6000146865844727,1.625241994857788,5268,5339
2026-07-31T12:54:10.174065+00:00,14469.683286933,819.200829,1658137836.2249365,1658137836.624187,1658137838.250023,-0.39925050735473633,1.62583589553833,5272,5343
2026-07-31T12:54:10.622880+00:00,14470.132104870,819.649647,1658137836.9249203,1658137837.1248126,1658137838.7000127,-0.19989228248596191,1.575200080871582,5275,5346
2026-07-31T12:54:11.081488+00:00,14470.590713448,820.108256,1658137837.224808,1658137837.524765,1658137839.1750584,-0.2999570369720459,1.6502933502197266,5278,5349
2026-07-31T12:54:11.534374+00:00,14471.043598075,820.561141,1658137837.5248895,1658137838.024808,1658137839.6250808,-0.49991846084594727,1.6002728939056396,5281,5352
2026-07-31T12:54:12.139210+00:00,14471.648434863,821.165977,1658137838.0248208,1658137838.6238277,1658137840.22511,-0.5990068912506104,1.6012823581695557,5285,5356
2026-07-31T12:54:12.593703+00:00,14472.102928411,821.620471,1658137838.324843,1658137839.124914,1658137840.6751235,-0.8000710010528564,1.5502095222473145,5288,5359
2026-07-31T12:54:13.057671+00:00,14472.566895440,822.084438,1658137838.7248142,1658137839.524897,1658137841.1501305,-0.8000829219818115,1.6252334117889404,5291,5362
2026-07-31T12:54:13.662390+00:00,14473.171614607,822.689157,1658137839.524901,1658137840.1245546,1658137841.7501557,-0.5996537208557129,1.625601053237915,5295,5366
2026-07-31T12:54:14.117904+00:00,14473.627128529,823.144671,1658137839.9249032,1658137840.6247668,1658137842.2001784,-0.6998636722564697,1.5754115581512451,5298,5369
2026-07-31T12:54:14.566959+00:00,14474.076183975,823.593726,1658137840.6248422,1658137841.0246809,1658137842.6501987,-0.3998386859893799,1.6255178451538086,5301,5372
2026-07-31T12:54:15.021870+00:00,14474.531094995,824.048637,1658137841.0247102,1658137841.5247033,1658137843.1002197,-0.49999308586120605,1.5755164623260498,5304,5375
2026-07-31T12:54:15.632148+00:00,14475.141372780,824.658915,1658137841.5248659,1658137842.1247482,1658137843.7252433,-0.5998823642730713,1.6004951000213623,5308,5379
2026-07-31T12:54:16.086075+00:00,14475.595299333,825.112842,1658137842.0249155,1658137842.5248265,1658137844.1752613,-0.4999110698699951,1.6504347324371338,5311,5382
2026-07-31T12:54:16.545701+00:00,14476.054925309,825.572468,1658137842.4247468,1658137843.0247452,1658137844.6252644,-0.5999984741210938,1.6005191802978516,5314,5385
2026-07-31T12:54:17.152055+00:00,14476.661280105,826.178823,1658137843.024762,1658137843.6248631,1658137845.2252994,-0.6001012325286865,1.6004362106323242,5318,5389
2026-07-31T12:54:17.600169+00:00,14477.109391424,826.626934,1658137843.424836,1658137844.1245525,1658137845.6753252,-0.6997165679931641,1.5507726669311523,5321,5392
2026-07-31T12:54:18.048413+00:00,14477.557638258,827.075181,1658137844.1247528,1658137844.5248108,1658137846.1253374,-0.4000580310821533,1.6005265712738037,5324,5395
2026-07-31T12:54:18.652941+00:00,14478.162166187,827.679709,1658137844.8248618,1658137845.1247501,1658137846.75036,-0.29988837242126465,1.6256098747253418,5328,5399
2026-07-31T12:54:19.103641+00:00,14478.612866366,828.130409,1658137845.1247542,1658137845.62485,1658137847.2003663,-0.5000958442687988,1.5755162239074707,5331,5402
2026-07-31T12:54:19.555336+00:00,14479.064560763,828.582103,1658137845.5248127,1658137846.0246594,1658137847.6503887,-0.4998466968536377,1.6257293224334717,5334,5405
2026-07-31T12:54:20.161271+00:00,14479.670496060,829.188039,1658137846.1248412,1658137846.6248734,1658137848.2504141,-0.5000321865081787,1.6255407333374023,5338,5409
2026-07-31T12:54:20.612333+00:00,14480.121557584,829.639100,1658137846.6248944,1658137847.1248465,1658137848.7004502,-0.4999520778656006,1.575603723526001,5341,5412
2026-07-31T12:54:21.064884+00:00,14480.574108028,830.091650,1658137847.0247405,1658137847.5246603,1658137849.1505165,-0.4999198913574219,1.6258561611175537,5344,5415
2026-07-31T12:54:21.670258+00:00,14481.179482958,830.697025,1658137847.6249053,1658137848.12473,1658137849.750488,-0.49982476234436035,1.6257579326629639,5348,5419
2026-07-31T12:54:22.120433+00:00,14481.629657286,831.147200,1658137848.0247328,1658137848.624549,1658137850.2004998,-0.599816083908081,1.5759508609771729,5351,5422
2026-07-31T12:54:22.572133+00:00,14482.081358711,831.598901,1658137848.3248246,1658137849.0248096,1658137850.6505117,-0.6999850273132324,1.625702142715454,5354,5425
2026-07-31T12:54:23.176407+00:00,14482.685632591,832.203175,1658137848.9248486,1658137849.6243863,1658137851.2505388,-0.6995377540588379,1.626152515411377,5358,5429
2026-07-31T12:54:23.626663+00:00,14483.135887813,832.653430,1658137849.2247357,1658137850.1248157,1658137851.700549,-0.9000799655914307,1.5757331848144531,5361,5432
2026-07-31T12:54:24.077396+00:00,14483.586621051,833.104164,1658137849.624856,1658137850.5247233,1658137852.150578,-0.8998672962188721,1.625854730606079,5364,5435
2026-07-31T12:54:24.558257+00:00,14484.067482045,833.585025,1658137850.0248275,1658137851.0247185,1658137852.650605,-0.9998910427093506,1.6258864402770996,5367,5438
2026-07-31T12:54:25.165542+00:00,14484.674765948,834.192308,1658137850.6247447,1658137851.6247425,1658137853.250654,-0.9999978542327881,1.6259114742279053,5371,5442
2026-07-31T12:54:25.619997+00:00,14485.129222315,834.646765,1658137850.9247613,1658137852.1248791,1658137853.700638,-1.200117826461792,1.575758934020996,5374,5445
2026-07-31T12:54:26.073659+00:00,14485.582883757,835.100426,1658137851.6247463,1658137852.5247617,1658137854.1506543,-0.9000153541564941,1.6258926391601562,5377,5448
2026-07-31T12:54:26.535959+00:00,14486.045183611,835.562726,1658137852.024843,1658137853.0249085,1658137854.6256812,-1.000065565109253,1.6007726192474365,5380,5451
2026-07-31T12:54:27.133916+00:00,14486.643139343,836.160682,1658137852.5248325,1658137853.6248834,1658137855.2257886,-1.100050926208496,1.600905179977417,5384,5455
2026-07-31T12:54:27.594673+00:00,14487.103898028,836.621440,1658137853.1247666,1658137854.1238286,1658137855.6757188,-0.9990620613098145,1.5518901348114014,5387,5458
2026-07-31T12:54:28.050695+00:00,14487.559918249,837.077461,1658137853.9248974,1658137854.5245194,1658137856.1257358,-0.5996220111846924,1.6012163162231445,5390,5461
2026-07-31T12:54:28.659155+00:00,14488.168379707,837.685922,1658137854.6247835,1658137855.1248538,1658137856.7507539,-0.500070333480835,1.6259000301361084,5394,5465
2026-07-31T12:54:29.107480+00:00,14488.616704822,838.134247,1658137855.0247707,1658137855.624847,1658137857.2007875,-0.6000761985778809,1.5759406089782715,5397,5468
2026-07-31T12:54:29.559613+00:00,14489.068838139,838.586381,1658137855.624851,1658137856.0245993,1658137857.650792,-0.3997483253479004,1.626192569732666,5400,5471
2026-07-31T12:54:30.169461+00:00,14489.678686069,839.196229,1658137856.0248446,1658137856.624871,1658137858.2508183,-0.6000263690948486,1.6259472370147705,5404,5475
2026-07-31T12:54:30.628117+00:00,14490.137342363,839.654885,1658137856.4249191,1658137857.1241825,1658137858.7258406,-0.699263334274292,1.6016581058502197,5407,5478
2026-07-31T12:54:31.076844+00:00,14490.586069206,840.103612,1658137857.0248673,1658137857.524665,1658137859.150847,-0.4997978210449219,1.6261818408966064,5410,5481
2026-07-31T12:54:31.532058+00:00,14491.041282916,840.558825,1658137857.4248867,1658137858.0247545,1658137859.6258764,-0.5998678207397461,1.6011219024658203,5413,5484
2026-07-31T12:54:32.133316+00:00,14491.642541376,841.160084,1658137858.024809,1658137858.6248248,1658137860.2259018,-0.6000158786773682,1.6010770797729492,5417,5488
2026-07-31T12:54:32.596338+00:00,14492.105562567,841.623105,1658137858.5247457,1658137859.0246382,1658137860.675912,-0.4998924732208252,1.6512737274169922,5420,5491
2026-07-31T12:54:33.041433+00:00,14492.550658157,842.068201,1658137858.9247494,1658137859.5247304,1658137861.1259263,-0.5999810695648193,1.6011958122253418,5423,5494
2026-07-31T12:54:33.646428+00:00,14493.156976707,842.674519,1658137859.4249253,1658137860.124773,1658137861.7259607,-0.6998476982116699,1.6011877059936523,5427,5498
2026-07-31T12:54:34.093237+00:00,14493.603787992,843.121330,1658137859.8249037,1658137860.6245418,1658137862.1759827,-0.799638032913208,1.551440954208374,5430,5501
2026-07-31T12:54:34.549091+00:00,14494.059641821,843.577184,1658137860.4249308,1658137861.0248497,1658137862.625999,-0.5999188423156738,1.601149320602417,5433,5504
2026-07-31T12:54:35.149733+00:00,14494.660282805,844.177825,1658137861.3248107,1658137861.6248307,1658137863.2260225,-0.3000199794769287,1.601191759109497,5437,5508
2026-07-31T12:54:35.603800+00:00,14495.114351593,844.631894,1658137861.724926,1658137862.1248343,1658137863.7010458,-0.39990830421447754,1.5762114524841309,5440,5511
2026-07-31T12:54:36.051416+00:00,14495.561966760,845.079509,1658137862.2247303,1658137862.524913,1658137864.1260457,-0.3001828193664551,1.6011326313018799,5443,5514
2026-07-31T12:54:36.656798+00:00,14496.167348968,845.684891,1658137862.8248224,1658137863.1247756,1658137864.7510865,-0.2999532222747803,1.6263108253479004,5447,5518
2026-07-31T12:54:37.104914+00:00,14496.615464003,846.133006,1658137863.2249215,1658137863.6238923,1658137865.2010992,-0.3989708423614502,1.5772068500518799,5450,5521
2026-07-31T12:54:37.552838+00:00,14497.063386034,846.580929,1658137863.824757,1658137864.0246327,1658137865.651112,-0.1998755931854248,1.6264793872833252,5453,5524
2026-07-31T12:54:38.162969+00:00,14497.673519829,847.191062,1658137864.424822,1658137864.6247797,1658137866.2511375,-0.19995760917663574,1.6263577938079834,5457,5528
2026-07-31T12:54:38.622800+00:00,14498.133350722,847.650893,1658137864.9249086,1658137865.1247609,1658137866.7011583,-0.19985222816467285,1.57639741897583,5460,5531
2026-07-31T12:54:39.069968+00:00,14498.580517697,848.098060,1658137865.224814,1658137865.5249026,1658137867.1511786,-0.30008864402770996,1.6262760162353516,5463,5534
2026-07-31T12:54:39.520483+00:00,14499.031034372,848.548577,1658137865.5249317,1658137866.0245047,1658137867.6011977,-0.4995729923248291,1.576693058013916,5466,5537
2026-07-31T12:54:40.127668+00:00,14499.638218758,849.155761,1658137866.1248267,1658137866.6237736,1658137868.2262225,-0.4989469051361084,1.6024489402770996,5470,5541
2026-07-31T12:54:40.580516+00:00,14500.091067096,849.608610,1658137866.4248855,1658137867.0248966,1658137868.6762342,-0.6000111103057861,1.6513376235961914,5473,5544
2026-07-31T12:54:41.027556+00:00,14500.538107118,850.055650,1658137866.9248164,1658137867.5243082,1658137869.1262465,-0.5994918346405029,1.601938247680664,5476,5547
2026-07-31T12:54:41.645588+00:00,14501.156138142,850.673681,1658137867.6247559,1658137868.1248055,1658137869.7262757,-0.5000495910644531,1.6014702320098877,5480,5551
2026-07-31T12:54:42.096816+00:00,14501.607366746,851.124909,1658137868.1248095,1658137868.6241713,1658137870.1762915,-0.4993617534637451,1.5521202087402344,5483,5554
2026-07-31T12:54:42.556040+00:00,14502.066591007,851.584133,1658137868.5248945,1658137869.0248475,1658137870.6513233,-0.499953031539917,1.6264758110046387,5486,5557
2026-07-31T12:54:43.160843+00:00,14502.671394148,852.188937,1658137868.924754,1658137869.6247067,1658137871.2513404,-0.6999528408050537,1.626633644104004,5490,5561
2026-07-31T12:54:43.609061+00:00,14503.119611370,852.637154,1658137869.2249038,1658137870.124856,1658137871.7013555,-0.8999521732330322,1.5764994621276855,5493,5564
2026-07-31T12:54:44.069442+00:00,14503.579991406,853.097534,1658137869.8249319,1658137870.52484,1658137872.151388,-0.6999082565307617,1.6265478134155273,5496,5567
2026-07-31T12:54:44.521078+00:00,14504.031628628,853.549171,1658137870.1249225,1658137871.0249205,1658137872.6013901,-0.8999979496002197,1.5764696598052979,5499,5570
2026-07-31T12:54:45.122288+00:00,14504.632839396,854.150382,1658137871.0249243,1658137871.624748,1658137873.2014155,-0.5998237133026123,1.5766675472259521,5503,5574
2026-07-31T12:54:45.572154+00:00,14505.082705749,854.600248,1658137871.6247523,1658137872.024825,1658137873.6514373,-0.4000728130340576,1.6266121864318848,5506,5577
2026-07-31T12:54:46.030927+00:00,14505.541478458,855.059021,1658137872.1248074,1658137872.5247533,1658137874.1264498,-0.3999459743499756,1.601696491241455,5509,5580
2026-07-31T12:54:46.638393+00:00,14506.148944193,855.666487,1658137872.7248108,1658137873.1247609,1658137874.72648,-0.3999500274658203,1.6017191410064697,5513,5584
2026-07-31T12:54:47.089441+00:00,14506.599992082,856.117535,1658137873.0248303,1658137873.5247848,1658137875.1765158,-0.4999544620513916,1.651731014251709,5516,5587
2026-07-31T12:54:47.548035+00:00,14507.058585381,856.576128,1658137873.3248742,1658137874.0246973,1658137875.626523,-0.6998231410980225,1.6018257141113281,5519,5590
2026-07-31T12:54:48.154502+00:00,14507.665053458,857.182596,1658137873.824825,1658137874.6247406,1658137876.2515354,-0.7999155521392822,1.6267948150634766,5523,5594
2026-07-31T12:54:48.609483+00:00,14508.120034282,857.637577,1658137874.2249184,1658137875.1248128,1658137876.701555,-0.8998944759368896,1.576742172241211,5526,5597
2026-07-31T12:54:49.064374+00:00,14508.574925750,858.092468,1658137874.924771,1658137875.5236466,1658137877.1515808,-0.5988755226135254,1.627934217453003,5529,5600
2026-07-31T12:54:49.521260+00:00,14509.031811114,858.549354,1658137875.5249186,1658137876.0247884,1658137877.6015909,-0.49986982345581055,1.5768024921417236,5532,5603
2026-07-31T12:54:50.134272+00:00,14509.644822789,859.162365,1658137876.1249125,1658137876.6248431,1658137878.2266226,-0.49993062019348145,1.6017794609069824,5536,5607
2026-07-31T12:54:50.589202+00:00,14510.099752725,859.617295,1658137876.5247698,1658137877.024851,1658137878.6766477,-0.5000813007354736,1.651796579360962,5539,5610
2026-07-31T12:54:51.041789+00:00,14510.552340286,860.069883,1658137877.1248164,1658137877.5249128,1658137879.1266615,-0.40009641647338867,1.6017487049102783,5542,5613
2026-07-31T12:54:51.646077+00:00,14511.156628232,860.674171,1658137877.724836,1658137878.1247938,1658137879.726685,-0.39995765686035156,1.601891279220581,5546,5617
2026-07-31T12:54:52.105321+00:00,14511.615871684,861.133414,1658137878.1248188,1658137878.6248438,1658137880.2017043,-0.5000250339508057,1.5768604278564453,5549,5620
2026-07-31T12:54:52.551433+00:00,14512.061983499,861.579526,1658137878.4249215,1658137879.0248115,1658137880.6267252,-0.5998899936676025,1.6019136905670166,5552,5623
2026-07-31T12:54:53.156690+00:00,14512.667240955,862.184783,1658137878.824901,1658137879.6248221,1658137881.2517521,-0.7999210357666016,1.6269299983978271,5556,5627
2026-07-31T12:54:53.616593+00:00,14513.127143992,862.644686,1658137879.224763,1658137880.1247141,1658137881.7017705,-0.8999512195587158,1.5770564079284668,5559,5630
2026-07-31T12:54:54.077806+00:00,14513.588357121,863.105900,1658137879.624926,1658137880.5248837,1658137882.1767893,-0.8999576568603516,1.6519055366516113,5562,5633
2026-07-31T12:54:54.528043+00:00,14514.038594180,863.556137,1658137880.1248598,1658137881.0248253,1658137882.6268198,-0.8999655246734619,1.601994514465332,5565,5636
2026-07-31T12:54:55.132402+00:00,14514.642952508,864.160495,1658137881.0248501,1658137881.624839,1658137883.2268343,-0.5999889373779297,1.6019952297210693,5569,5640
2026-07-31T12:54:55.584576+00:00,14515.095126721,864.612669,1658137881.4249098,1658137882.024828,1658137883.6768577,-0.5999181270599365,1.6520297527313232,5572,5643
2026-07-31T12:54:56.037965+00:00,14515.548516209,865.066059,1658137882.0248322,1658137882.5246084,1658137884.126879,-0.49977612495422363,1.6022706031799316,5575,5646
2026-07-31T12:54:56.644976+00:00,14516.155526031,865.673068,1658137882.424718,1658137883.1247423,1658137884.7268994,-0.7000243663787842,1.6021571159362793,5579,5650
2026-07-31T12:54:57.100428+00:00,14516.610978281,866.128521,1658137882.8248587,1658137883.6247206,1658137885.1769128,-0.7998619079589844,1.552192211151123,5582,5653
2026-07-31T12:54:57.557339+00:00,14517.067890177,866.585433,1658137883.2248266,1658137884.0247173,1658137885.6519327,-0.7998907566070557,1.6272153854370117,5585,5656
2026-07-31T12:54:58.169051+00:00,14517.679601805,867.197144,1658137883.724844,1658137884.6248703,1658137886.2519836,-0.9000263214111328,1.6271133422851562,5589,5660
2026-07-31T12:54:58.618700+00:00,14518.129251674,867.646794,1658137884.324893,1658137885.1246414,1658137886.701975,-0.799748420715332,1.577333688735962,5592,5663
2026-07-31T12:54:59.069203+00:00,14518.579753993,868.097296,1658137884.824864,1658137885.5248322,1658137887.1519942,-0.6999683380126953,1.627161979675293,5595,5666
2026-07-31T12:54:59.542984+00:00,14519.053535312,868.571078,1658137885.5248408,1658137886.0248027,1658137887.6270187,-0.49996185302734375,1.6022160053253174,5598,5669
2026-07-31T12:55:00.164052+00:00,14519.674598857,869.192141,1658137886.3249016,1658137886.6248705,1658137888.252037,-0.299968957901001,1.627166509628296,5602,5673
2026-07-31T12:55:00.607934+00:00,14520.118485613,869.636028,1658137886.6249077,1658137887.0245547,1658137888.7020657,-0.3996469974517822,1.6775109767913818,5605,5676
2026-07-31T12:55:01.057482+00:00,14520.568032860,870.085575,1658137886.9249,1658137887.5247092,1658137889.1520758,-0.5998091697692871,1.627366542816162,5608,5679
2026-07-31T12:55:01.664099+00:00,14521.174650606,870.692193,1658137887.4248679,1658137888.1247473,1658137889.7520967,-0.6998794078826904,1.6273493766784668,5612,5683
2026-07-31T12:55:02.125428+00:00,14521.635978051,871.153521,1658137887.8247364,1658137888.624866,1658137890.2021117,-0.8001296520233154,1.5772457122802734,5615,5686
2026-07-31T12:55:02.572767+00:00,14522.083317986,871.600860,1658137888.12476,1658137889.024813,1658137890.6521378,-0.9000530242919922,1.6273248195648193,5618,5689
2026-07-31T12:55:03.023150+00:00,14522.533702044,872.051245,1658137888.8248277,1658137889.5247855,1658137891.1021588,-0.6999578475952148,1.5773732662200928,5621,5692
2026-07-31T12:55:03.628160+00:00,14523.139987261,872.657530,1658137889.4247255,1658137890.1248364,1658137891.727213,-0.700110912322998,1.6023764610290527,5625,5696
2026-07-31T12:55:04.085519+00:00,14523.597345129,873.114888,1658137889.8248436,1658137890.5248542,1658137892.1771917,-0.7000105381011963,1.6523375511169434,5628,5699
2026-07-31T12:55:04.533603+00:00,14524.045415300,873.562958,1658137890.4248135,1658137891.0248444,1658137892.6272278,-0.6000308990478516,1.6023833751678467,5631,5702
2026-07-31T12:55:05.133654+00:00,14524.645481601,874.163024,1658137891.1248105,1658137891.6247723,1658137893.227253,-0.49996185302734375,1.6024806499481201,5635,5706
2026-07-31T12:55:05.589745+00:00,14525.101571514,874.619114,1658137891.624814,1658137892.12476,1658137893.6772647,-0.49994587898254395,1.5525047779083252,5638,5709
2026-07-31T12:55:06.048195+00:00,14525.560021083,875.077564,1658137892.2248461,1658137892.5248065,1658137894.127273,-0.2999603748321533,1.6024665832519531,5641,5712
2026-07-31T12:55:06.650003+00:00,14526.161830419,875.679373,1658137892.8248112,1658137893.124795,1658137894.7272973,-0.2999837398529053,1.6025023460388184,5645,5716
2026-07-31T12:55:07.100929+00:00,14526.612754788,876.130297,1658137893.12482,1658137893.624817,1658137895.1773198,-0.4999969005584717,1.5525028705596924,5648,5719
2026-07-31T12:55:07.562763+00:00,14527.074589499,876.592132,1658137893.624821,1658137894.024878,1658137895.652329,-0.4000570774078369,1.627450942993164,5651,5722
2026-07-31T12:55:08.166151+00:00,14527.677977337,877.195520,1658137894.2248454,1658137894.6248243,1658137896.2523518,-0.3999788761138916,1.6275274753570557,5655,5726
2026-07-31T12:55:08.612868+00:00,14528.124695071,877.642238,1658137894.6248286,1658137895.1249084,1658137896.7023633,-0.500079870223999,1.5774548053741455,5658,5729
2026-07-31T12:55:09.065921+00:00,14528.577747797,878.095290,1658137895.024826,1658137895.5249114,1658137897.1523879,-0.5000853538513184,1.627476453781128,5661,5732
2026-07-31T12:55:09.523703+00:00,14529.035529642,878.553072,1658137895.4247024,1658137896.024711,1658137897.6024137,-0.600008487701416,1.5777027606964111,5664,5735
2026-07-31T12:55:10.135010+00:00,14529.646837324,879.164380,1658137896.0248694,1658137896.6247914,1658137898.2274344,-0.5999219417572021,1.6026430130004883,5668,5739
2026-07-31T12:55:10.581498+00:00,14530.093325584,879.610868,1658137896.424921,1658137897.0237322,1658137898.677451,-0.598811149597168,1.6537187099456787,5671,5742
2026-07-31T12:55:11.035617+00:00,14530.547444447,880.064987,1658137896.7248049,1658137897.524752,1658137899.1274633,-0.7999470233917236,1.6027114391326904,5674,5745
2026-07-31T12:55:11.636807+00:00,14531.148633875,880.666176,1658137897.5247557,1658137898.1247592,1658137899.7274902,-0.6000034809112549,1.6027309894561768,5678,5749
2026-07-31T12:55:12.091344+00:00,14531.603170857,881.120713,1658137897.9248338,1658137898.6248136,1658137900.1775038,-0.6999797821044922,1.5526902675628662,5681,5752
2026-07-31T12:55:12.542988+00:00,14532.054815117,881.572358,1658137898.5248141,1658137899.0247307,1658137900.6275206,-0.49991655349731445,1.6027898788452148,5684,5755
2026-07-31T12:55:13.146860+00:00,14532.658687262,882.176230,1658137899.4247184,1658137899.6249256,1658137901.2275536,-0.20020723342895508,1.6026279926300049,5688,5759
2026-07-31T12:55:13.607150+00:00,14533.118977849,882.636520,1658137899.824873,1658137900.1247554,1658137901.7025766,-0.2998824119567871,1.5778212547302246,5691,5762
2026-07-31T12:55:14.056258+00:00,14533.568085447,883.085628,1658137900.324741,1658137900.524806,1658137902.1525898,-0.20006513595581055,1.6277837753295898,5694,5765
2026-07-31T12:55:14.660154+00:00,14534.171980648,883.689523,1658137900.8248372,1658137901.1247199,1658137902.7526257,-0.2998826503753662,1.6279058456420898,5698,5769
2026-07-31T12:55:15.113359+00:00,14534.625186196,884.142729,1658137901.2248259,1658137901.6249275,1658137903.2026384,-0.4001016616821289,1.5777108669281006,5701,5772
2026-07-31T12:55:15.572833+00:00,14535.084660167,884.602203,1658137901.6249359,1658137902.0248086,1658137903.6526709,-0.3998727798461914,1.6278622150421143,5704,5775
2026-07-31T12:55:16.169242+00:00,14535.681069333,885.198612,1658137902.22473,1658137902.6248462,1658137904.2526908,-0.4001162052154541,1.6278445720672607,5708,5779
2026-07-31T12:55:16.616165+00:00,14536.127991154,885.645534,1658137902.6248503,1658137903.1248975,1658137904.7027133,-0.5000472068786621,1.5778157711029053,5711,5782
2026-07-31T12:55:17.073045+00:00,14536.584871917,886.102414,1658137903.124902,1658137903.522323,1658137905.152737,-0.39742088317871094,1.6304140090942383,5714,5785
2026-07-31T12:55:17.531694+00:00,14537.043519200,886.561062,1658137903.5248423,1658137904.0248024,1658137905.6277514,-0.49996018409729004,1.6029489040374756,5717,5788
2026-07-31T12:55:18.129806+00:00,14537.641628691,887.159171,1658137904.1249168,1658137904.624846,1658137906.227785,-0.49992918968200684,1.6029391288757324,5721,5792
2026-07-31T12:55:18.581243+00:00,14538.093069870,887.610612,1658137904.5247588,1658137905.0249133,1658137906.67781,-0.5001544952392578,1.6528966426849365,5724,5795
2026-07-31T12:55:19.030857+00:00,14538.542684216,888.060227,1658137905.124757,1658137905.5247562,1658137907.1278205,-0.39999914169311523,1.6030642986297607,5727,5798
2026-07-31T12:55:19.644455+00:00,14539.156281113,888.673824,1658137905.9247618,1658137906.1248045,1658137907.7278433,-0.200042724609375,1.6030387878417969,5731,5802
2026-07-31T12:55:20.099342+00:00,14539.611168848,889.128711,1658137906.2249043,1658137906.6248686,1658137908.177873,-0.3999643325805664,1.553004264831543,5734,5805
2026-07-31T12:55:20.551662+00:00,14540.063488886,889.581031,1658137906.7247121,1658137907.0248299,1658137908.627901,-0.30011773109436035,1.6030712127685547,5737,5808
2026-07-31T12:55:21.020900+00:00,14540.532726955,890.050269,1658137907.0248716,1658137907.5248935,1658137909.1029239,-0.5000219345092773,1.5780303478240967,5740,5811
2026-07-31T12:55:21.642842+00:00,14541.154668911,890.672211,1658137907.4248185,1658137908.1245887,1658137909.7279668,-0.6997702121734619,1.6033780574798584,5744,5815
2026-07-31T12:55:22.092106+00:00,14541.603933146,891.121476,1658137907.7248368,1658137908.6247668,1658137910.17796,-0.8999300003051758,1.5531930923461914,5747,5818
2026-07-31T12:55:22.541495+00:00,14542.053321871,891.570864,1658137908.12481,1658137909.0247533,1658137910.6279871,-0.8999433517456055,1.603233814239502,5750,5821
2026-07-31T12:55:23.144645+00:00,14542.656470990,892.174013,1658137908.724876,1658137909.6249073,1658137911.2280097,-0.900031328201294,1.603102445602417,5754,5825
2026-07-31T12:55:23.628827+00:00,14543.140654470,892.658197,1658137909.6249115,1658137910.124857,1658137911.728037,-0.49994540214538574,1.603180170059204,5757,5828
2026-07-31T12:55:24.096804+00:00,14543.608631201,893.126174,1658137909.924915,1658137910.6248918,1658137912.1780932,-0.6999766826629639,1.55320143699646,5760,5831
2026-07-31T12:55:24.550913+00:00,14544.062740103,893.580283,1658137910.4247391,1658137911.0246937,1658137912.6280665,-0.5999546051025391,1.6033728122711182,5763,5834
2026-07-31T12:55:25.155519+00:00,14544.667345865,894.184888,1658137911.0247602,1658137911.62481,1658137913.253103,-0.6000497341156006,1.6282930374145508,5767,5838
2026-07-31T12:55:25.611795+00:00,14545.123621542,894.641164,1658137911.424762,1658137912.1248221,1658137913.7031236,-0.7000601291656494,1.5783014297485352,5770,5841
2026-07-31T12:55:26.054601+00:00,14545.566427773,895.083970,1658137911.9248354,1658137912.524756,1658137914.1531432,-0.5999205112457275,1.628387212753296,5773,5844
2026-07-31T12:55:26.660980+00:00,14546.172807858,895.690350,1658137912.6248422,1658137913.1246338,1658137914.7531707,-0.49979162216186523,1.6285369396209717,5777,5848
2026-07-31T12:55:27.111698+00:00,14546.623524833,896.141067,1658137913.1248174,1658137913.624882,1658137915.2031882,-0.5000646114349365,1.5783061981201172,5780,5851
2026-07-31T12:55:27.572424+00:00,14547.084251849,896.601794,1658137913.524817,1658137914.024634,1658137915.6532097,-0.49981689453125,1.6285758018493652,5783,5854
2026-07-31T12:55:28.023488+00:00,14547.535314762,897.052857,1658137914.1247342,1658137914.5242746,1658137916.1032312,-0.39954042434692383,1.5789566040039062,5786,5857
2026-07-31T12:55:28.621822+00:00,14548.133648789,897.651191,1658137914.6247513,1658137915.1248317,1658137916.7032568,-0.5000803470611572,1.5784251689910889,5790,5861
2026-07-31T12:55:29.084120+00:00,14548.595945698,898.113488,1658137914.9249136,1658137915.5245469,1658137917.1782897,-0.5996332168579102,1.653742790222168,5793,5864
2026-07-31T12:55:29.528439+00:00,14549.040265594,898.557808,1658137915.6248312,1658137916.024813,1658137917.6282938,-0.3999817371368408,1.6034808158874512,5796,5867
2026-07-31T12:55:30.137471+00:00,14549.649298410,899.166841,1658137916.2247646,1658137916.6248076,1658137918.228333,-0.4000430107116699,1.6035254001617432,5800,5871
2026-07-31T12:55:30.587627+00:00,14550.099453951,899.616996,1658137916.7248893,1658137917.0249002,1658137918.678357,-0.30001091957092285,1.653456687927246,5803,5874
2026-07-31T12:55:31.046278+00:00,14550.558104915,900.075647,1658137917.3248425,1658137917.5247595,1658137919.1283517,-0.19991707801818848,1.6035921573638916,5806,5877
2026-07-31T12:55:31.654602+00:00,14551.166428711,900.683971,1658137917.924732,1658137918.1249216,1658137919.7533913,-0.20018959045410156,1.628469705581665,5810,5881
2026-07-31T12:55:32.102424+00:00,14551.614251326,901.131794,1658137918.3249035,1658137918.6249235,1658137920.1784465,-0.3000199794769287,1.553523063659668,5813,5884
2026-07-31T12:55:32.560357+00:00,14552.072183116,901.589726,1658137918.7247643,1658137919.0247653,1658137920.6534119,-0.3000009059906006,1.6286466121673584,5816,5887
2026-07-31T12:55:33.160327+00:00,14552.672153865,902.189696,1658137919.1248803,1658137919.624896,1658137921.2534566,-0.5000157356262207,1.6285605430603027,5820,5891
2026-07-31T12:55:33.615553+00:00,14553.128532478,902.646075,1658137919.6249044,1658137920.1248424,1658137921.7034683,-0.4999380111694336,1.5786259174346924,5823,5894
2026-07-31T12:55:34.064445+00:00,14553.577422857,903.094965,1658137919.924926,1658137920.524882,1658137922.1534736,-0.5999560356140137,1.628591537475586,5826,5897
2026-07-31T12:55:34.668317+00:00,14554.181296619,903.698839,1658137920.4247165,1658137921.124823,1658137922.753508,-0.7001066207885742,1.6286849975585938,5830,5901
2026-07-31T12:55:35.115637+00:00,14554.628615974,904.146158,1658137921.0247426,1658137921.6247072,1658137923.2035244,-0.5999646186828613,1.5788171291351318,5833,5904
2026-07-31T12:55:35.570356+00:00,14555.083335575,904.600878,1658137921.5249188,1658137922.0236635,1658137923.6535437,-0.4987447261810303,1.6298801898956299,5836,5907
2026-07-31T12:55:36.024432+00:00,14555.537410929,905.054953,1658137922.1248527,1658137922.5247326,1658137924.1035624,-0.39987993240356445,1.5788297653198242,5839,5910
2026-07-31T12:55:36.622377+00:00,14556.135356126,905.652899,1658137922.9248624,1658137923.1249049,1658137924.7035708,-0.2000424861907959,1.5786659717559814,5843,5914
2026-07-31T12:55:37.082258+00:00,14556.595237331,906.112780,1658137923.3248832,1658137923.5247757,1658137925.178597,-0.19989252090454102,1.6538212299346924,5846,5917
2026-07-31T12:55:37.534043+00:00,14557.047020740,906.564563,1658137923.8248205,1658137924.0246933,1658137925.6286151,-0.19987273216247559,1.603921890258789,5849,5920
2026-07-31T12:55:38.137778+00:00,14557.650756804,907.168299,1658137924.3248737,1658137924.6248248,1658137926.2286437,-0.29995107650756836,1.6038188934326172,5853,5924
2026-07-31T12:55:38.594006+00:00,14558.106983792,907.624526,1658137924.7247434,1658137925.1248474,1658137926.6786544,-0.4001040458679199,1.553807020187378,5856,5927
2026-07-31T12:55:39.053785+00:00,14558.566763576,908.084306,1658137925.2248216,1658137925.524871,1658137927.1536837,-0.3000495433807373,1.628812551498413,5859,5930
2026-07-31T12:55:39.656509+00:00,14559.169487901,908.687030,1658137925.824922,1658137926.1246524,1658137927.7536967,-0.2997303009033203,1.6290442943572998,5863,5934
2026-07-31T12:55:40.115604+00:00,14559.628582539,909.146125,1658137926.324898,1658137926.6248972,1658137928.2037299,-0.2999992370605469,1.5788326263427734,5866,5937
2026-07-31T12:55:40.571002+00:00,14560.083981597,909.601524,1658137926.724751,1658137927.0247521,1658137928.6537552,-0.3000011444091797,1.6290030479431152,5869,5940
2026-07-31T12:55:41.028147+00:00,14560.541126356,910.058669,1658137927.2248087,1658137927.524907,1658137929.1287518,-0.3000984191894531,1.6038446426391602,5872,5943
2026-07-31T12:55:41.632338+00:00,14561.145317392,910.662860,1658137927.824929,1658137928.124811,1658137929.7287726,-0.2998819351196289,1.603961706161499,5876,5947
2026-07-31T12:55:42.085005+00:00,14561.597982497,911.115525,1658137928.2248914,1658137928.5247176,1658137930.1787958,-0.29982614517211914,1.6540782451629639,5879,5950
2026-07-31T12:55:42.538162+00:00,14562.051140856,911.568683,1658137928.8249056,1658137929.0245862,1658137930.62881,-0.19968056678771973,1.6042237281799316,5882,5953
2026-07-31T12:55:43.143042+00:00,14562.656021722,912.173564,1658137929.4248228,1658137929.624753,1658137931.2288475,-0.19993019104003906,1.6040945053100586,5886,5957
2026-07-31T12:55:43.593284+00:00,14563.106262811,912.623805,1658137929.8248172,1658137930.1247973,1658137931.6788597,-0.29998016357421875,1.5540623664855957,5889,5960
2026-07-31T12:55:44.048463+00:00,14563.561442425,913.078985,1658137930.3248053,1658137930.5247128,1658137932.1288726,-0.19990754127502441,1.6041598320007324,5892,5963
2026-07-31T12:55:44.657728+00:00,14564.170706821,913.688249,1658137930.7249281,1658137931.1248298,1658137932.7538881,-0.3999016284942627,1.6290583610534668,5896,5967
2026-07-31T12:55:45.119139+00:00,14564.632115321,914.149658,1658137931.0248241,1658137931.6249003,1658137933.2039301,-0.6000761985778809,1.5790297985076904,5899,5970
2026-07-31T12:55:45.574026+00:00,14565.087005347,914.604548,1658137931.524828,1658137932.0247462,1658137933.653946,-0.49991822242736816,1.629199743270874,5902,5973
2026-07-31T12:55:46.024935+00:00,14565.537913574,915.055456,1658137931.9249089,1658137932.524759,1658137934.1039808,-0.5998501777648926,1.5792217254638672,5905,5976
2026-07-31T12:55:46.631108+00:00,14566.144086504,915.661629,1658137932.4249287,1658137933.1248798,1658137934.7289855,-0.699951171875,1.6041057109832764,5909,5980
2026-07-31T12:55:47.105309+00:00,14566.618288572,916.135831,1658137933.1248963,1658137933.624801,1658137935.203994,-0.4999046325683594,1.579193115234375,5912,5983
2026-07-31T12:55:47.555110+00:00,14567.068088912,916.585631,1658137933.624822,1658137934.0244792,1658137935.6540205,-0.3996572494506836,1.6295413970947266,5915,5986
2026-07-31T12:55:48.160318+00:00,14567.673297434,917.190840,1658137934.2247462,1658137934.624909,1658137936.2540486,-0.4001626968383789,1.6291396617889404,5919,5990
2026-07-31T12:55:48.608767+00:00,14568.121745717,917.639288,1658137934.8248527,1658137935.12469,1658137936.704073,-0.2998373508453369,1.5793828964233398,5922,5993
2026-07-31T12:55:49.061201+00:00,14568.574179511,918.091722,1658137935.1247444,1658137935.5247946,1658137937.1540763,-0.40005016326904297,1.629281759262085,5925,5996
2026-07-31T12:55:49.665295+00:00,14569.178274381,918.695817,1658137935.5248072,1658137936.1249166,1658137937.7540956,-0.600109338760376,1.6291790008544922,5929,6000
2026-07-31T12:55:50.119010+00:00,14569.631989283,919.149532,1658137935.9248896,1658137936.6248727,1658137938.204127,-0.6999831199645996,1.579254388809204,5932,6003
2026-07-31T12:55:50.572251+00:00,14570.085229531,919.602772,1658137936.3248858,1658137937.0247624,1658137938.6541545,-0.6998765468597412,1.629392147064209,5935,6006
2026-07-31T12:55:51.023197+00:00,14570.536175376,920.053718,1658137936.8248303,1658137937.524842,1658137939.1041493,-0.7000117301940918,1.5793073177337646,5938,6009
2026-07-31T12:55:51.627339+00:00,14571.140317201,920.657860,1658137937.6248171,1658137938.1247575,1658137939.7041764,-0.4999403953552246,1.5794188976287842,5942,6013
2026-07-31T12:55:52.080867+00:00,14571.593845890,921.111388,1658137938.0249286,1658137938.5247486,1658137940.1791992,-0.4998199939727783,1.6544506549835205,5945,6016
2026-07-31T12:55:52.540544+00:00,14572.053522920,921.571065,1658137938.424766,1658137939.0248833,1658137940.629222,-0.6001172065734863,1.6043386459350586,5948,6019
2026-07-31T12:55:53.142752+00:00,14572.655731349,922.173274,1658137938.9248114,1658137939.62482,1658137941.2292347,-0.7000086307525635,1.604414701461792,5952,6023
2026-07-31T12:55:53.591277+00:00,14573.104256268,922.621799,1658137939.2249281,1658137940.1246817,1658137941.6792662,-0.8997535705566406,1.5545845031738281,5955,6026
2026-07-31T12:55:54.045676+00:00,14573.558655347,923.076198,1658137939.8247392,1658137940.524838,1658137942.1292734,-0.7000987529754639,1.6044354438781738,5958,6029
2026-07-31T12:55:54.654236+00:00,14574.167215219,923.684758,1658137940.8248098,1658137941.1248257,1658137942.7543151,-0.300015926361084,1.6294894218444824,5962,6033
2026-07-31T12:55:55.113453+00:00,14574.626432153,924.143975,1658137941.1248302,1658137941.6239376,1658137943.204323,-0.49910736083984375,1.580385446548462,5965,6036
2026-07-31T12:55:55.561103+00:00,14575.074082667,924.591625,1658137941.624761,1658137942.0246654,1658137943.6543515,-0.3999042510986328,1.6296861171722412,5968,6039
2026-07-31T12:55:56.170318+00:00,14575.683295655,925.200838,1658137942.1248024,1658137942.6245353,1658137944.254371,-0.49973297119140625,1.629835605621338,5972,6043
2026-07-31T12:55:56.630702+00:00,14576.143681647,925.661224,1658137942.6247475,1658137943.1248403,1658137944.7293894,-0.5000927448272705,1.6045491695404053,5975,6046
2026-07-31T12:55:57.089791+00:00,14576.602769242,926.120312,1658137943.22493,1658137943.5247238,1658137945.1793938,-0.29979372024536133,1.654670000076294,5978,6049
2026-07-31T12:55:57.538005+00:00,14577.050983588,926.568526,1658137943.72475,1658137944.0247629,1658137945.6294231,-0.30001282691955566,1.6046602725982666,5981,6052
2026-07-31T12:55:58.134945+00:00,14577.647924209,927.165467,1658137944.3249116,1658137944.6248121,1658137946.2294536,-0.29990053176879883,1.6046414375305176,5985,6056
2026-07-31T12:55:58.602630+00:00,14578.115608390,927.633151,1658137944.624816,1658137945.1247718,1658137946.679468,-0.4999558925628662,1.5546960830688477,5988,6059
2026-07-31T12:55:59.057909+00:00,14578.570888083,928.088431,1658137945.0249214,1658137945.524689,1658137947.1544886,-0.499767541885376,1.6297996044158936,5991,6062
2026-07-31T12:55:59.667636+00:00,14579.180615100,928.698158,1658137945.5248597,1658137946.1247475,1658137947.754514,-0.5998878479003906,1.6297664642333984,5995,6066
2026-07-31T12:56:00.130808+00:00,14579.643787070,929.161330,1658137945.9248583,1658137946.6247354,1658137948.229536,-0.6998770236968994,1.6048007011413574,5998,6069
2026-07-31T12:56:00.590145+00:00,14580.103123415,929.620666,1658137946.5248938,1658137947.1247842,1658137948.6795616,-0.5998904705047607,1.5547773838043213,6001,6072
2026-07-31T12:56:01.042370+00:00,14580.555349428,930.072892,1658137947.1248136,1658137947.5248504,1658137949.1295705,-0.4000368118286133,1.604720115661621,6004,6075
2026-07-31T12:56:01.649724+00:00,14581.162701779,930.680244,1658137947.6248264,1658137948.1246827,1658137949.729594,-0.49985623359680176,1.6049113273620605,6008,6079
2026-07-31T12:56:02.106504+00:00,14581.619482403,931.137025,1658137948.1247535,1658137948.624751,1658137950.2046044,-0.499997615814209,1.5798532962799072,6011,6082
2026-07-31T12:56:02.569024+00:00,14582.082002887,931.599545,1658137948.5249062,1658137949.0238261,1658137950.6546283,-0.4989199638366699,1.6308021545410156,6014,6085
2026-07-31T12:56:03.023024+00:00,14582.536002569,932.053545,1658137949.024737,1658137949.524853,1658137951.1046576,-0.5001161098480225,1.5798046588897705,6017,6088
2026-07-31T12:56:03.621202+00:00,14583.135048795,932.652591,1658137949.52487,1658137950.124808,1658137951.7046585,-0.599938154220581,1.579850435256958,6021,6092
2026-07-31T12:56:04.069037+00:00,14583.582882131,933.100425,1658137950.2246447,1658137950.5247524,1658137952.154673,-0.3001077175140381,1.6299207210540771,6024,6095
2026-07-31T12:56:04.531378+00:00,14584.045224324,933.562767,1658137950.524906,1658137951.0247874,1658137952.629702,-0.4998815059661865,1.604914665222168,6027,6098
2026-07-31T12:56:05.140590+00:00,14584.654436993,934.171979,1658137951.0248668,1658137951.6247072,1658137953.2297258,-0.5998404026031494,1.6050186157226562,6031,6102
2026-07-31T12:56:05.596043+00:00,14585.109890436,934.627433,1658137951.3248637,1658137952.1247654,1658137953.679746,-0.7999017238616943,1.5549805164337158,6034,6105
2026-07-31T12:56:06.047353+00:00,14585.561200031,935.078742,1658137951.7248392,1658137952.524772,1658137954.1297703,-0.7999327182769775,1.6049983501434326,6037,6108
2026-07-31T12:56:06.664794+00:00,14586.178641331,935.696184,1658137952.4249363,1658137953.1248236,1658137954.7547925,-0.6998872756958008,1.6299688816070557,6041,6112
2026-07-31T12:56:07.112654+00:00,14586.626501159,936.144044,1658137952.9249287,1658137953.6247058,1658137955.2048137,-0.6997771263122559,1.5801079273223877,6044,6115
2026-07-31T12:56:07.567779+00:00,14587.081626164,936.599169,1658137953.5248952,1658137954.024857,1658137955.6548145,-0.49996185302734375,1.6299574375152588,6047,6118
2026-07-31T12:56:08.030337+00:00,14587.544184479,937.061727,1658137954.124825,1658137954.5247185,1658137956.1298287,-0.39989352226257324,1.6051101684570312,6050,6121
2026-07-31T12:56:08.637640+00:00,14588.151486790,937.669029,1658137954.7249122,1658137955.1244466,1658137956.7298653,-0.3995344638824463,1.6054186820983887,6054,6125
2026-07-31T12:56:09.090541+00:00,14588.604388027,938.121930,1658137955.1247714,1658137955.6247573,1658137957.179891,-0.499985933303833,1.5551338195800781,6057,6128
2026-07-31T12:56:09.547220+00:00,14589.061066540,938.578609,1658137955.7248569,1658137956.0247355,1658137957.6299007,-0.2998785972595215,1.6051652431488037,6060,6131
2026-07-31T12:56:10.162734+00:00,14589.676580477,939.194123,1658137956.4247308,1658137956.6248915,1658137958.254937,-0.20016074180603027,1.6300454139709473,6064,6135
2026-07-31T12:56:10.623102+00:00,14590.136947841,939.654490,1658137956.8248084,1658137957.124806,1658137958.7049518,-0.29999756813049316,1.5801458358764648,6067,6138
2026-07-31T12:56:11.073697+00:00,14590.587543720,940.105086,1658137957.224854,1658137957.5247252,1658137959.1549625,-0.29987120628356934,1.630237340927124,6070,6141
2026-07-31T12:56:11.525885+00:00,14591.039732099,940.557275,1658137957.6247928,1658137958.024857,1658137959.6049736,-0.40006422996520996,1.5801165103912354,6073,6144
2026-07-31T12:56:12.128043+00:00,14591.641890022,941.159432,1658137958.1247444,1658137958.6242223,1658137960.2300122,-0.4994778633117676,1.6057898998260498,6077,6148
2026-07-31T12:56:12.584187+00:00,14592.098034192,941.615577,1658137958.6248507,1658137959.0248282,1658137960.6800241,-0.399977445602417,1.655195951461792,6080,6151
2026-07-31T12:56:13.041795+00:00,14592.555642410,942.073185,1658137959.124921,1658137959.5248609,1658137961.130036,-0.39993977546691895,1.605175256729126,6083,6154
2026-07-31T12:56:13.642393+00:00,14593.156240109,942.673783,1658137959.724908,1658137960.1246774,1658137961.7300715,-0.39976930618286133,1.6053941249847412,6087,6158
2026-07-31T12:56:14.105342+00:00,14593.619188908,943.136731,1658137960.1249146,1658137960.6248412,1658137962.205079,-0.4999265670776367,1.580237865447998,6090,6161
2026-07-31T12:56:14.552939+00:00,14594.066786195,943.584329,1658137960.5247731,1658137961.0248637,1658137962.6551044,-0.5000905990600586,1.6302406787872314,6093,6164
2026-07-31T12:56:15.155707+00:00,14594.669553634,944.187096,1658137961.0248678,1658137961.6245868,1658137963.2551513,-0.5997190475463867,1.6305644512176514,6097,6168
2026-07-31T12:56:15.631016+00:00,14595.144862736,944.662405,1658137961.424749,1658137962.1248465,1658137963.7301471,-0.7000975608825684,1.6053006649017334,6100,6171
2026-07-31T12:56:16.105134+00:00,14595.618981222,945.136524,1658137961.7247443,1658137962.6249185,1658137964.2052085,-0.9001741409301758,1.5802900791168213,6103,6174
2026-07-31T12:56:16.563216+00:00,14596.077062816,945.594605,1658137962.2247415,1658137963.0246603,1658137964.6551917,-0.7999188899993896,1.6305313110351562,6106,6177
2026-07-31T12:56:17.172851+00:00,14596.686698136,946.204241,1658137962.9249253,1658137963.6244442,1658137965.2552314,-0.6995189189910889,1.6307871341705322,6110,6181
2026-07-31T12:56:17.630536+00:00,14597.144382190,946.661925,1658137963.3249023,1658137964.1244938,1658137965.7302222,-0.7995915412902832,1.6057283878326416,6113,6184
2026-07-31T12:56:18.095128+00:00,14597.608963299,947.126506,1658137963.824866,1658137964.6248827,1658137966.180281,-0.8000166416168213,1.5553982257843018,6116,6187
2026-07-31T12:56:18.549801+00:00,14598.063647870,947.581190,1658137964.7247422,1658137965.0224676,1658137966.6302626,-0.2977254390716553,1.607795000076294,6119,6190
2026-07-31T12:56:19.168045+00:00,14598.681892119,948.199435,1658137965.3248878,1658137965.624878,1658137967.255288,-0.299990177154541,1.6304099559783936,6123,6194
2026-07-31T12:56:19.624192+00:00,14599.138038840,948.655581,1658137965.624903,1658137966.1248505,1658137967.705313,-0.49994754791259766,1.5804624557495117,6126,6197
2026-07-31T12:56:20.092335+00:00,14599.606182027,949.123724,1658137966.1248546,1658137966.524884,1658137968.1803303,-0.40002942085266113,1.6554462909698486,6129,6200
2026-07-31T12:56:20.547025+00:00,14600.060871974,949.578414,1658137966.5249088,1658137967.0248463,1658137968.6303344,-0.4999375343322754,1.6054880619049072,6132,6203
2026-07-31T12:56:21.146698+00:00,14600.660544035,950.178087,1658137967.1248007,1658137967.624876,1658137969.2303634,-0.5000753402709961,1.60548734664917,6136,6207
2026-07-31T12:56:21.602611+00:00,14601.116457606,950.634000,1658137967.624893,1658137968.1245046,1658137969.6803935,-0.49961161613464355,1.5558888912200928,6139,6210
2026-07-31T12:56:22.054246+00:00,14601.568093155,951.085636,1658137968.1248546,1658137968.524426,1658137970.1554139,-0.39957141876220703,1.6309878826141357,6142,6213
2026-07-31T12:56:22.658990+00:00,14602.172837248,951.690380,1658137968.824853,1658137969.1247516,1658137970.7554288,-0.299898624420166,1.6306772232055664,6146,6217
2026-07-31T12:56:23.108201+00:00,14602.622047690,952.139590,1658137969.2246442,1658137969.6247437,1658137971.2054505,-0.400099515914917,1.5807068347930908,6149,6220
2026-07-31T12:56:23.561560+00:00,14603.075407107,952.592950,1658137969.724846,1658137970.0241218,1658137971.655465,-0.29927587509155273,1.631343126296997,6152,6223
2026-07-31T12:56:24.162826+00:00,14603.676673347,953.194216,1658137970.3248794,1658137970.624887,1658137972.255501,-0.30000758171081543,1.6306140422821045,6156,6227
2026-07-31T12:56:24.611321+00:00,14604.125167824,953.642710,1658137970.7247248,1658137971.1245637,1658137972.7055187,-0.399838924407959,1.5809550285339355,6159,6230
2026-07-31T12:56:25.063790+00:00,14604.577637268,954.095180,1658137971.2247374,1658137971.5247455,1658137973.1555228,-0.30000805854797363,1.630777359008789,6162,6233
2026-07-31T12:56:25.522350+00:00,14605.036197166,954.553740,1658137971.6248558,1658137972.0240278,1658137973.6055508,-0.3991720676422119,1.5815229415893555,6165,6236
2026-07-31T12:56:26.124828+00:00,14605.638673995,955.156216,1658137972.2247536,1658137972.6246717,1658137974.2055702,-0.3999180793762207,1.5808985233306885,6169,6240
2026-07-31T12:56:26.574785+00:00,14606.088630611,955.606173,1658137972.6248171,1658137973.0248904,1658137974.655606,-0.4000732898712158,1.6307156085968018,6172,6243
2026-07-31T12:56:27.029211+00:00,14606.543057805,956.060600,1658137972.924813,1658137973.5248115,1658137975.1305995,-0.5999984741210938,1.605787992477417,6175,6246
2026-07-31T12:56:27.630282+00:00,14607.144127642,956.661670,1658137973.6249154,1658137974.124748,1658137975.7306206,-0.4998326301574707,1.605872631072998,6179,6250
2026-07-31T12:56:28.082347+00:00,14607.596193951,957.113736,1658137974.0249052,1658137974.5248325,1658137976.180698,-0.499927282333374,1.6558654308319092,6182,6253
2026-07-31T12:56:28.532519+00:00,14608.046365888,957.563908,1658137974.6249266,1658137975.0248673,1658137976.6306643,-0.39994072914123535,1.6057970523834229,6185,6256
2026-07-31T12:56:29.128472+00:00,14608.642319337,958.159862,1658137975.124766,1658137975.6247633,1658137977.2306902,-0.4999971389770508,1.6059269905090332,6189,6260
2026-07-31T12:56:29.588991+00:00,14609.102837924,958.620380,1658137975.524924,1658137976.0244045,1658137977.6807077,-0.4994804859161377,1.6563031673431396,6192,6263
2026-07-31T12:56:30.040177+00:00,14609.554023142,959.071566,1658137975.8248284,1658137976.5248182,1658137978.1307368,-0.6999897956848145,1.6059186458587646,6195,6266
2026-07-31T12:56:30.650120+00:00,14610.163965985,959.681508,1658137976.3249192,1658137977.1248446,1658137978.7307577,-0.7999253273010254,1.6059131622314453,6199,6270
2026-07-31T12:56:31.100373+00:00,14610.614219433,960.131762,1658137976.6249123,1658137977.624684,1658137979.1807675,-0.9997718334197998,1.5560834407806396,6202,6273
2026-07-31T12:56:31.559085+00:00,14611.072931447,960.590474,1658137977.1248488,1658137978.0248182,1658137979.6557946,-0.8999693393707275,1.6309764385223389,6205,6276
2026-07-31T12:56:32.159549+00:00,14611.673396098,961.190939,1658137977.8249145,1658137978.6248152,1658137980.2558117,-0.7999007701873779,1.6309964656829834,6209,6280
2026-07-31T12:56:32.604543+00:00,14612.118389468,961.635932,1658137978.4247613,1658137979.1243794,1658137980.7058403,-0.6996181011199951,1.581460952758789,6212,6283
2026-07-31T12:56:33.056270+00:00,14612.570116481,962.087659,1658137979.2248023,1658137979.5248747,1658137981.1558409,-0.30007243156433105,1.6309661865234375,6215,6286
2026-07-31T12:56:33.520701+00:00,14613.036087039,962.553630,1658137979.5249245,1658137980.0247562,1658137981.6058724,-0.4998316764831543,1.5811161994934082,6218,6289
2026-07-31T12:56:34.116515+00:00,14613.631900786,963.149443,1658137980.1248436,1658137980.6248164,1658137982.20588,-0.4999728202819824,1.5810635089874268,6222,6293
2026-07-31T12:56:34.571294+00:00,14614.086680386,963.604223,1658137980.524862,1658137981.0238345,1658137982.6559088,-0.49897241592407227,1.6320743560791016,6225,6296
2026-07-31T12:56:35.025959+00:00,14614.541345373,964.058888,1658137981.0248284,1658137981.5249074,1658137983.105924,-0.5000789165496826,1.5810165405273438,6228,6299
2026-07-31T12:56:35.626570+00:00,14615.141955688,964.659498,1658137981.92476,1658137982.1244555,1658137983.7059345,-0.19969534873962402,1.5814790725708008,6232,6303
2026-07-31T12:56:36.078487+00:00,14615.593872599,965.111415,1658137982.224812,1658137982.5248148,1658137984.1809683,-0.3000028133392334,1.6561534404754639,6235,6306
2026-07-31T12:56:36.525738+00:00,14616.041123842,965.558666,1658137982.7247467,1658137983.0247319,1658137984.605967,-0.2999851703643799,1.5812351703643799,6238,6309
2026-07-31T12:56:37.124721+00:00,14616.640106722,966.157649,1658137983.2247596,1658137983.6248765,1658137985.206003,-0.4001169204711914,1.5811264514923096,6242,6313
2026-07-31T12:56:37.585515+00:00,14617.100901142,966.618444,1658137983.5247765,1658137984.024741,1658137985.6810157,-0.49996447563171387,1.6562747955322266,6245,6316
2026-07-31T12:56:38.034148+00:00,14617.549534377,967.067077,1658137984.0247447,1658137984.5247402,1658137986.1310785,-0.49999547004699707,1.6063382625579834,6248,6319
2026-07-31T12:56:38.630896+00:00,14618.146281837,967.663824,1658137984.5248566,1658137985.1248848,1658137986.7310662,-0.6000282764434814,1.6061813831329346,6252,6323
2026-07-31T12:56:39.084661+00:00,14618.600046340,968.117589,1658137984.9248412,1658137985.5247557,1658137987.181068,-0.59991455078125,1.6563122272491455,6255,6326
2026-07-31T12:56:39.540771+00:00,14619.056157327,968.573700,1658137985.6248426,1658137986.0248117,1658137987.6310787,-0.39996910095214844,1.606266975402832,6258,6329
2026-07-31T12:56:40.153780+00:00,14619.669166252,969.186709,1658137986.4247131,1658137986.6247556,1658137988.2561033,-0.2000424861907959,1.63134765625,6262,6333
2026-07-31T12:56:40.605625+00:00,14620.121011135,969.638554,1658137986.8248217,1658137987.1247346,1658137988.7061205,-0.2999129295349121,1.581385850906372,6265,6336
2026-07-31T12:56:41.061660+00:00,14620.577044318,970.094587,1658137987.324898,1658137987.5247676,1658137989.1562073,-0.19986963272094727,1.6314396858215332,6268,6339
2026-07-31T12:56:41.520822+00:00,14621.036208783,970.553751,1658137987.7247329,1658137988.0247374,1658137989.6061633,-0.3000044822692871,1.5814259052276611,6271,6342
2026-07-31T12:56:42.124386+00:00,14621.639771680,971.157314,1658137988.2244928,1658137988.62461,1658137990.2061944,-0.4001171588897705,1.5815844535827637,6275,6346
2026-07-31T12:56:42.574272+00:00,14622.089657816,971.607200,1658137988.624847,1658137989.0247815,1658137990.6562188,-0.3999345302581787,1.6314373016357422,6278,6349
2026-07-31T12:56:43.025814+00:00,14622.541199972,972.058742,1658137989.0248356,1658137989.5247796,1658137991.1062245,-0.49994397163391113,1.5814449787139893,6281,6352
2026-07-31T12:56:43.633316+00:00,14623.148701390,972.666244,1658137989.6248906,1658137990.124679,1658137991.7312553,-0.4997885227203369,1.6065762042999268,6285,6356
2026-07-31T12:56:44.084709+00:00,14623.600094747,973.117637,1658137990.2248135,1658137990.5248318,1658137992.1812704,-0.300018310546875,1.6564385890960693,6288,6359
2026-07-31T12:56:44.535144+00:00,14624.050529954,973.568072,1658137990.6249273,1658137991.0248883,1658137992.6313012,-0.399960994720459,1.6064128875732422,6291,6362
2026-07-31T12:56:45.150535+00:00,14624.665921345,974.183464,1658137991.3248622,1658137991.6247232,1658137993.231319,-0.29986095428466797,1.606595754623413,6295,6366
2026-07-31T12:56:45.614609+00:00,14625.129994804,974.647537,1658137991.7248564,1658137992.124805,1658137993.7063422,-0.3999485969543457,1.5815372467041016,6298,6369
2026-07-31T12:56:46.070404+00:00,14625.585789280,975.103332,1658137992.224795,1658137992.5238914,1658137994.1563644,-0.29909634590148926,1.6324729919433594,6301,6372
2026-07-31T12:56:46.669898+00:00,14626.185283470,975.702826,1658137992.724858,1658137993.1249216,1658137994.7563949,-0.40006351470947266,1.6314733028411865,6305,6376
2026-07-31T12:56:47.121397+00:00,14626.636783642,976.154326,1658137993.12493,1658137993.624849,1658137995.2063923,-0.49991917610168457,1.581543207168579,6308,6379
2026-07-31T12:56:47.574214+00:00,14627.089599796,976.607142,1658137993.5247653,1658137994.0248258,1658137995.656424,-0.5000605583190918,1.6315982341766357,6311,6382
2026-07-31T12:56:48.166525+00:00,14627.681911628,977.199454,1658137994.1249132,1658137994.6238964,1658137996.256432,-0.49898314476013184,1.632535696029663,6315,6386
2026-07-31T12:56:48.616262+00:00,14628.131647947,977.649190,1658137994.824805,1658137995.123123,1658137996.7064586,-0.29831790924072266,1.5833356380462646,6318,6389
2026-07-31T12:56:49.064064+00:00,14628.579450001,978.096992,1658137995.1248407,1658137995.5243564,1658137997.1564717,-0.39951562881469727,1.632115364074707,6321,6392
2026-07-31T12:56:49.666624+00:00,14629.182010432,978.699553,1658137995.724885,1658137996.124709,1658137997.7564988,-0.3998239040374756,1.6317899227142334,6325,6396
2026-07-31T12:56:50.119278+00:00,14629.634663478,979.152206,1658137996.1247509,1658137996.62481,1658137998.2065208,-0.5000591278076172,1.5817108154296875,6328,6399
2026-07-31T12:56:50.566410+00:00,14630.081796667,979.599339,1658137996.524757,1658137997.0245748,1658137998.6565576,-0.4998178482055664,1.6319828033447266,6331,6402
2026-07-31T12:56:51.022721+00:00,14630.538106913,980.055649,1658137997.1247509,1658137997.5248861,1658137999.1065564,-0.4001352787017822,1.5816702842712402,6334,6405
2026-07-31T12:56:51.625677+00:00,14631.141063248,980.658606,1658137997.624722,1658137998.1247637,1658137999.7065713,-0.5000417232513428,1.5818076133728027,6338,6409
2026-07-31T12:56:52.079875+00:00,14631.595261304,981.112804,1658137998.0249367,1658137998.5246985,1658138000.1816072,-0.49976181983947754,1.6569087505340576,6341,6412
2026-07-31T12:56:52.535233+00:00,14632.050619482,981.568162,1658137998.6248398,1658137999.024851,1658138000.6316242,-0.4000113010406494,1.6067731380462646,6344,6415
2026-07-31T12:56:53.150757+00:00,14632.666143061,982.183686,1658137999.224693,1658137999.6249282,1658138001.2316496,-0.4002351760864258,1.6067214012145996,6348,6419
2026-07-31T12:56:53.610677+00:00,14633.126063183,982.643606,1658137999.7247715,1658138000.1248543,1658138001.7066698,-0.4000828266143799,1.581815481185913,6351,6422
2026-07-31T12:56:54.062483+00:00,14633.577869198,983.095412,1658138000.0247753,1658138000.5246785,1658138002.156732,-0.49990320205688477,1.6320536136627197,6354,6425
2026-07-31T12:56:54.521274+00:00,14634.036660609,983.554203,1658138000.3248215,1658138001.0236418,1658138002.6067014,-0.6988203525543213,1.583059549331665,6357,6428
2026-07-31T12:56:55.129984+00:00,14634.645369898,984.162912,1658138000.824761,1658138001.6249125,1658138003.2317212,-0.8001515865325928,1.6068086624145508,6361,6432
2026-07-31T12:56:55.592313+00:00,14635.107698640,984.625241,1658138001.2248166,1658138002.124227,1658138003.6817415,-0.8994104862213135,1.5575144290924072,6364,6435
2026-07-31T12:56:56.041498+00:00,14635.556884378,985.074427,1658138001.7247586,1658138002.5248296,1658138004.131769,-0.8000710010528564,1.6069393157958984,6367,6438
2026-07-31T12:56:56.640724+00:00,14636.156110162,985.673653,1658138002.5248628,1658138003.124773,1658138004.7317836,-0.5999102592468262,1.6070106029510498,6371,6442
2026-07-31T12:56:57.089588+00:00,14636.604973473,986.122516,1658138003.0249267,1658138003.624725,1658138005.181812,-0.5997984409332275,1.5570869445800781,6374,6445
2026-07-31T12:56:57.542585+00:00,14637.057971582,986.575514,1658138003.3249264,1658138004.0248008,1658138005.6318223,-0.6998744010925293,1.6070215702056885,6377,6448
2026-07-31T12:56:58.152071+00:00,14637.667456774,987.184999,1658138004.0248132,1658138004.624863,1658138006.2318432,-0.6000497341156006,1.606980323791504,6381,6452
2026-07-31T12:56:58.602023+00:00,14638.117409096,987.634952,1658138004.3248963,1658138005.124004,1658138006.6818552,-0.799107551574707,1.5578513145446777,6384,6455
2026-07-31T12:56:59.058850+00:00,14638.574237707,988.091780,1658138004.7247686,1658138005.5247953,1658138007.156879,-0.8000266551971436,1.6320836544036865,6387,6458
2026-07-31T12:56:59.535150+00:00,14639.050535916,988.568078,1658138005.1247566,1658138006.0247386,1658138007.6319015,-0.8999819755554199,1.6071629524230957,6390,6461
2026-07-31T12:57:00.155163+00:00,14639.670549003,989.188091,1658138005.8248081,1658138006.6248224,1658138008.2569258,-0.8000142574310303,1.632103443145752,6394,6465
2026-07-31T12:57:00.612551+00:00,14640.127933320,989.645476,1658138006.1248345,1658138007.1248832,1658138008.7069495,-1.0000486373901367,1.582066297531128,6397,6468
2026-07-31T12:57:01.075423+00:00,14640.590808808,990.108351,1658138006.424916,1658138007.5247185,1658138009.1569593,-1.0998024940490723,1.6322407722473145,6400,6471
2026-07-31T12:57:01.522460+00:00,14641.037845938,990.555388,1658138007.3248296,1658138008.0247865,1658138009.6069775,-0.6999568939208984,1.582190990447998,6403,6474
2026-07-31T12:57:02.119204+00:00,14641.634588901,991.152131,1658138008.0248113,1658138008.624595,1658138010.2070086,-0.5997836589813232,1.582413673400879,6407,6478
2026-07-31T12:57:02.572540+00:00,14642.087926273,991.605469,1658138008.324823,1658138009.0247104,1658138010.6570253,-0.6998875141143799,1.632314920425415,6410,6481
2026-07-31T12:57:03.031526+00:00,14642.546912876,992.064455,1658138009.1248965,1658138009.524743,1658138011.1320403,-0.39984655380249023,1.6072971820831299,6413,6484
2026-07-31T12:57:03.639226+00:00,14643.155713861,992.673256,1658138009.724747,1658138010.1237864,1658138011.7320704,-0.39903950691223145,1.6082839965820312,6417,6488
2026-07-31T12:57:04.092138+00:00,14643.608626401,993.126169,1658138010.2249715,1658138010.6245701,1658138012.1820884,-0.3995985984802246,1.5575182437896729,6420,6491
2026-07-31T12:57:04.553412+00:00,14644.069898743,993.587441,1658138010.8248935,1658138011.0247931,1658138012.6571083,-0.19989967346191406,1.6323151588439941,6423,6494
2026-07-31T12:57:05.173243+00:00,14644.689730009,994.207272,1658138011.3249338,1658138011.6246333,1658138013.257126,-0.2996995449066162,1.6324927806854248,6427,6498
2026-07-31T12:57:05.624737+00:00,14645.141225501,994.658768,1658138011.824764,1658138012.1248877,1658138013.7071514,-0.3001236915588379,1.582263708114624,6430,6501
2026-07-31T12:57:06.081045+00:00,14645.597532990,995.115075,1658138012.1249168,1658138012.5247571,1658138014.1821647,-0.3998403549194336,1.657407522201538,6433,6504
2026-07-31T12:57:06.543907+00:00,14646.060394848,995.577937,1658138012.6248538,1658138013.0248313,1658138014.6321723,-0.399977445602417,1.6073410511016846,6436,6507
2026-07-31T12:57:07.154258+00:00,14646.670746376,996.188289,1658138013.3247058,1658138013.6243343,1658138015.257197,-0.29962849617004395,1.6328625679016113,6440,6511
2026-07-31T12:57:07.607732+00:00,14647.124220075,996.641763,1658138013.7248304,1658138014.1248922,1658138015.7071958,-0.40006184577941895,1.582303524017334,6443,6514
2026-07-31T12:57:08.064515+00:00,14647.581002125,997.098545,1658138014.3248343,1658138014.5247653,1658138016.1572273,-0.19993090629577637,1.6324620246887207,6446,6517
2026-07-31T12:57:08.525576+00:00,14648.042064062,997.559607,1658138014.8249183,1658138015.0248127,1658138016.6072314,-0.19989442825317383,1.58241868019104,6449,6520
2026-07-31T12:57:09.130650+00:00,14648.647138219,998.164681,1658138015.3249018,1658138015.6249092,1658138017.2322586,-0.30000734329223633,1.6073493957519531,6453,6524
2026-07-31T12:57:09.580405+00:00,14649.096893020,998.614435,1658138015.7247584,1658138016.0244412,1658138017.6822727,-0.2996828556060791,1.6578314304351807,6456,6527
2026-07-31T12:57:10.035161+00:00,14649.551649125,999.069192,1658138016.1248605,1658138016.5242019,1658138018.13229,-0.399341344833374,1.6080880165100098,6459,6530
2026-07-31T12:57:10.653374+00:00,14650.169859222,999.687402,1658138016.624763,1658138017.1248386,1658138018.757313,-0.5000755786895752,1.632474422454834,6463,6534
2026-07-31T12:57:11.143359+00:00,14650.659846088,1000.177389,1658138017.0247486,1658138017.6248538,1658138019.2323577,-0.6001052856445312,1.607503890991211,6466,6537
2026-07-31T12:57:11.606273+00:00,14651.122760583,1000.640303,1658138017.424918,1658138018.124744,1658138019.7073584,-0.6998260021209717,1.5826144218444824,6469,6540
2026-07-31T12:57:12.064951+00:00,14651.581439358,1001.098982,1658138017.7248151,1658138018.5248284,1658138020.1573753,-0.8000133037567139,1.6325469017028809,6472,6543
2026-07-31T12:57:12.538712+00:00,14652.055198875,1001.572741,1658138018.0248516,1658138019.0240107,1658138020.6323817,-0.9991590976715088,1.6083710193634033,6475,6546
2026-07-31T12:57:13.146828+00:00,14652.663315652,1002.180858,1658138018.5248325,1658138019.6248395,1658138021.2324276,-1.1000070571899414,1.6075880527496338,6479,6550
2026-07-31T12:57:13.603944+00:00,14653.120431292,1002.637974,1658138019.0247684,1658138020.124426,1658138021.7074316,-1.0996575355529785,1.583005666732788,6482,6553
2026-07-31T12:57:14.055942+00:00,14653.572430106,1003.089973,1658138019.9247713,1658138020.524822,1658138022.1574464,-0.600050687789917,1.6326243877410889,6485,6556
2026-07-31T12:57:14.673402+00:00,14654.189889025,1003.707431,1658138020.524826,1658138021.1247194,1658138022.7574673,-0.59989333152771,1.6327478885650635,6489,6560
2026-07-31T12:57:15.125326+00:00,14654.641814101,1004.159357,1658138021.3248794,1658138021.6219795,1658138023.2074988,-0.2971000671386719,1.5855193138122559,6492,6563
2026-07-31T12:57:15.595014+00:00,14655.111502072,1004.629045,1658138021.7247648,1658138022.1246908,1658138023.6825159,-0.39992594718933105,1.5578250885009766,6495,6566
2026-07-31T12:57:16.056216+00:00,14655.572703569,1005.090246,1658138022.0249116,1658138022.5247285,1658138024.157523,-0.49981689453125,1.6327943801879883,6498,6569
2026-07-31T12:57:16.676987+00:00,14656.193475256,1005.711018,1658138022.6248658,1658138023.1246972,1658138024.7575653,-0.4998314380645752,1.6328680515289307,6502,6573
2026-07-31T12:57:17.130043+00:00,14656.646530578,1006.164073,1658138023.1248214,1658138023.6247268,1658138025.232605,-0.4999053478240967,1.6078782081604004,6505,6576
2026-07-31T12:57:17.583967+00:00,14657.100454703,1006.617997,1658138023.5247498,1658138024.0247095,1658138025.682598,-0.49995970726013184,1.657888650894165,6508,6579
2026-07-31T12:57:18.041260+00:00,14657.557748323,1007.075291,1658138024.024818,1658138024.5249,1658138026.132623,-0.5000820159912109,1.6077229976654053,6511,6582
2026-07-31T12:57:18.641981+00:00,14658.158469079,1007.676012,1658138024.5249207,1658138025.1247816,1658138026.7326424,-0.5998609066009521,1.607860803604126,6515,6586
2026-07-31T12:57:19.094826+00:00,14658.611314237,1008.128857,1658138025.0247416,1658138025.6248338,1658138027.1826742,-0.6000921726226807,1.557840347290039,6518,6589
2026-07-31T12:57:19.552567+00:00,14659.069055645,1008.586598,1658138025.42493,1658138026.0243862,1658138027.632691,-0.5994560718536377,1.608304738998413,6521,6592
2026-07-31T12:57:20.168349+00:00,14659.684837013,1009.202379,1658138026.1248095,1658138026.624541,1658138028.2577085,-0.49973154067993164,1.6331675052642822,6525,6596
2026-07-31T12:57:20.627136+00:00,14660.143623288,1009.661166,1658138026.7248306,1658138027.124813,1658138028.7077153,-0.3999824523925781,1.582902193069458,6528,6599
2026-07-31T12:57:21.083908+00:00,14660.600395237,1010.117938,1658138027.1248176,1658138027.5245523,1658138029.1827455,-0.3997347354888916,1.6581931114196777,6531,6602
2026-07-31T12:57:21.544766+00:00,14661.061254350,1010.578797,1658138027.7248688,1658138028.024432,1658138029.6327715,-0.2995631694793701,1.608339548110962,6534,6605
2026-07-31T12:57:22.153314+00:00,14661.669802500,1011.187345,1658138028.1248314,1658138028.624839,1658138030.2577875,-0.5000076293945312,1.632948398590088,6538,6609
2026-07-31T12:57:22.615442+00:00,14662.131929358,1011.649472,1658138028.6248436,1658138029.1249044,1658138030.7078025,-0.5000607967376709,1.5828981399536133,6541,6612
2026-07-31T12:57:23.067573+00:00,14662.584060897,1012.101603,1658138029.1249084,1658138029.52144,1658138031.157823,-0.3965315818786621,1.636383056640625,6544,6615
2026-07-31T12:57:23.525190+00:00,14663.041678153,1012.559221,1658138029.5247736,1658138030.0248337,1658138031.6078506,-0.5000600814819336,1.5830168724060059,6547,6618
2026-07-31T12:57:24.140220+00:00,14663.656708573,1013.174251,1658138030.024838,1658138030.6238298,1658138032.2328928,-0.598991870880127,1.609062910079956,6551,6622
2026-07-31T12:57:24.593110+00:00,14664.109598142,1013.627141,1658138030.4249127,1658138031.1247098,1658138032.6829045,-0.6997971534729004,1.558194637298584,6554,6625
2026-07-31T12:57:25.050747+00:00,14664.567235743,1014.084778,1658138030.8247688,1658138031.524757,1658138033.1329124,-0.6999881267547607,1.6081554889678955,6557,6628
2026-07-31T12:57:25.668004+00:00,14665.184492610,1014.702035,1658138031.3248432,1658138032.123094,1658138033.7579505,-0.7982509136199951,1.6348564624786377,6561,6632
2026-07-31T12:57:26.127257+00:00,14665.643744942,1015.161287,1658138031.9247608,1658138032.6241891,1658138034.2079847,-0.6994283199310303,1.5837955474853516,6564,6635
2026-07-31T12:57:26.576097+00:00,14666.092584888,1015.610127,1658138032.724852,1658138033.0240374,1658138034.657983,-0.29918527603149414,1.6339457035064697,6567,6638
2026-07-31T12:57:27.025746+00:00,14666.542234066,1016.059777,1658138033.2248342,1658138033.524811,1658138035.107987,-0.29997682571411133,1.5831758975982666,6570,6641
2026-07-31T12:57:27.640165+00:00,14667.156651917,1016.674194,1658138033.924814,1658138034.1234646,1658138035.7330236,-0.19865059852600098,1.6095590591430664,6574,6645
2026-07-31T12:57:28.096830+00:00,14667.613317337,1017.130860,1658138034.324905,1658138034.622367,1658138036.1830463,-0.29746198654174805,1.5606794357299805,6577,6648
2026-07-31T12:57:28.550955+00:00,14668.067443229,1017.584986,1658138034.8248463,1658138035.0247908,1658138036.6330752,-0.19994449615478516,1.6082844734191895,6580,6651
2026-07-31T12:57:29.165868+00:00,14668.682356560,1018.199899,1658138035.4247582,1658138035.6248798,1658138037.2580876,-0.20012164115905762,1.6332077980041504,6584,6655
2026-07-31T12:57:29.623536+00:00,14669.140024026,1018.657566,1658138035.9248197,1658138036.124736,1658138037.7080977,-0.19991636276245117,1.5833616256713867,6587,6658
2026-07-31T12:57:30.089210+00:00,14669.605697261,1019.123240,1658138036.3248465,1658138036.6246338,1658138038.183103,-0.2997872829437256,1.558469295501709,6590,6661
2026-07-31T12:57:30.545610+00:00,14670.062098148,1019.579641,1658138036.8248026,1658138037.0247343,1658138038.6331234,-0.19993162155151367,1.608389139175415,6593,6664
2026-07-31T12:57:31.157175+00:00,14670.673662788,1020.191205,1658138037.4249158,1658138037.6248298,1658138039.2581606,-0.19991397857666016,1.6333308219909668,6597,6668
2026-07-31T12:57:31.612736+00:00,14671.129224048,1020.646767,1658138037.8247612,1658138038.124917,1658138039.7081678,-0.3001558780670166,1.5832507610321045,6600,6671
2026-07-31T12:57:32.068626+00:00,14671.585114160,1021.102657,1658138038.1249213,1658138038.5243232,1658138040.1581855,-0.3994019031524658,1.6338622570037842,6603,6674
2026-07-31T12:57:32.521810+00:00,14672.038298076,1021.555841,1658138038.6248374,1658138039.024595,1658138040.6081967,-0.39975762367248535,1.583601713180542,6606,6677
2026-07-31T12:57:33.125788+00:00,14672.642262344,1022.159805,1658138039.1249232,1658138039.6247485,1658138041.2082736,-0.49982523918151855,1.5835251808166504,6610,6681
2026-07-31T12:57:33.582588+00:00,14673.100291106,1022.617834,1658138039.5248415,1658138040.0248992,1658138041.68325,-0.5000576972961426,1.6583507061004639,6613,6684
2026-07-31T12:57:34.033834+00:00,14673.551537035,1023.069080,1658138040.224801,1658138040.5248125,1658138042.1332507,-0.30001139640808105,1.60843825340271,6616,6687
2026-07-31T12:57:34.640634+00:00,14674.158336675,1023.675879,1658138040.9249215,1658138041.1248236,1658138042.7333,-0.19990205764770508,1.6084764003753662,6620,6691
2026-07-31T12:57:35.099116+00:00,14674.616819788,1024.134362,1658138041.3247983,1658138041.6247609,1658138043.1832986,-0.29996252059936523,1.5585377216339111,6623,6694
2026-07-31T12:57:35.555548+00:00,14675.073251477,1024.590794,1658138041.8247643,1658138042.024641,1658138043.6583197,-0.1998767852783203,1.633678674697876,6626,6697
2026-07-31T12:57:36.155382+00:00,14675.673084486,1025.190627,1658138042.424757,1658138042.6228876,1658138044.2583435,-0.19813060760498047,1.635455846786499,6630,6701
2026-07-31T12:57:36.601484+00:00,14676.119187139,1025.636730,1658138042.7249167,1658138043.1246743,1658138044.6833606,-0.39975762367248535,1.5586862564086914,6633,6704
2026-07-31T12:57:37.052519+00:00,14676.570222663,1026.087765,1658138043.1247947,1658138043.5248375,1658138045.15838,-0.4000427722930908,1.633542537689209,6636,6707
2026-07-31T12:57:37.654543+00:00,14677.172246557,1026.689789,1658138043.5248497,1658138044.124891,1658138045.7583885,-0.600041389465332,1.6334974765777588,6640,6711
2026-07-31T12:57:38.111718+00:00,14677.629421181,1027.146964,1658138043.9248545,1658138044.6243918,1658138046.2084172,-0.6995372772216797,1.5840253829956055,6643,6714
2026-07-31T12:57:38.561941+00:00,14678.079644500,1027.597187,1658138044.424899,1658138045.0248094,1658138046.6584263,-0.5999102592468262,1.6336169242858887,6646,6717
2026-07-31T12:57:39.168385+00:00,14678.686086942,1028.203629,1658138045.1249151,1658138045.6248095,1658138047.2584581,-0.499894380569458,1.6336486339569092,6650,6721
2026-07-31T12:57:39.632169+00:00,14679.149871760,1028.667414,1658138045.624822,1658138046.1246674,1658138047.733482,-0.4998455047607422,1.6088144779205322,6653,6724
2026-07-31T12:57:40.088435+00:00,14679.606136237,1029.123679,1658138045.9248497,1658138046.5233078,1658138048.1835403,-0.5984580516815186,1.6602325439453125,6656,6727
2026-07-31T12:57:40.552651+00:00,14680.070354235,1029.587897,1658138046.2249703,1658138047.0247946,1658138048.658518,-0.7998242378234863,1.633723497390747,6659,6730
2026-07-31T12:57:41.159147+00:00,14680.676849068,1030.194392,1658138046.724817,1658138047.6246634,1658138049.2585227,-0.8998463153839111,1.633859395980835,6663,6734
2026-07-31T12:57:41.622224+00:00,14681.139926941,1030.657469,1658138047.324859,1658138048.123518,1658138049.7085476,-0.798659086227417,1.5850296020507812,6666,6737
2026-07-31T12:57:42.076541+00:00,14681.594243751,1031.111786,1658138048.1248345,1658138048.5248454,1658138050.158562,-0.4000108242034912,1.6337165832519531,6669,6740
2026-07-31T12:57:42.526764+00:00,14682.044466770,1031.562009,1658138048.6248002,1658138049.0246468,1658138050.608576,-0.39984655380249023,1.5839293003082275,6672,6743
2026-07-31T12:57:43.141645+00:00,14682.659347972,1032.176890,1658138049.324743,1658138049.624725,1658138051.233606,-0.29998207092285156,1.6088809967041016,6676,6747
2026-07-31T12:57:43.599519+00:00,14683.117222061,1032.634765,1658138049.7248514,1658138050.1247036,1658138051.6836352,-0.39985227584838867,1.558931589126587,6679,6750
2026-07-31T12:57:44.050374+00:00,14683.568076757,1033.085619,1658138050.1248708,1658138050.5248008,1658138052.1336448,-0.3999300003051758,1.6088440418243408,6682,6753
2026-07-31T12:57:44.659526+00:00,14684.177228789,1033.694771,1658138050.6247783,1658138051.1246006,1658138052.7586648,-0.49982237815856934,1.6340641975402832,6686,6757
2026-07-31T12:57:45.119850+00:00,14684.637553315,1034.155096,1658138051.0249057,1658138051.6248248,1658138053.2086744,-0.5999190807342529,1.5838496685028076,6689,6760
2026-07-31T12:57:45.585465+00:00,14685.103167592,1034.620710,1658138051.4249127,1658138052.0235505,1658138053.6837075,-0.5986378192901611,1.6601569652557373,6692,6763
2026-07-31T12:57:46.037449+00:00,14685.555151860,1035.072694,1658138051.8249087,1658138052.5248263,1658138054.1337345,-0.6999175548553467,1.6089081764221191,6695,6766
2026-07-31T12:57:46.649978+00:00,14686.167680500,1035.685223,1658138052.5248306,1658138053.1247416,1658138054.7337508,-0.5999109745025635,1.6090092658996582,6699,6770
2026-07-31T12:57:47.106020+00:00,14686.623723364,1036.141266,1658138053.1247454,1658138053.6248226,1658138055.2087588,-0.5000772476196289,1.5839362144470215,6702,6773
2026-07-31T12:57:47.556756+00:00,14687.074456551,1036.591999,1658138053.42492,1658138054.0248826,1658138055.6587827,-0.5999624729156494,1.6339001655578613,6705,6776
2026-07-31T12:57:48.166759+00:00,14687.684461753,1037.202004,1658138054.0249243,1658138054.6249094,1658138056.2587955,-0.5999851226806641,1.6338860988616943,6709,6780
2026-07-31T12:57:48.616045+00:00,14688.133748053,1037.651291,1658138054.5248287,1658138055.124835,1658138056.7088335,-0.6000063419342041,1.583998441696167,6712,6783
2026-07-31T12:57:49.081155+00:00,14688.598858011,1038.116400,1658138054.9249253,1658138055.524842,1658138057.183856,-0.5999166965484619,1.6590139865875244,6715,6786
2026-07-31T12:57:49.531600+00:00,14689.049303561,1038.566846,1658138055.524921,1658138056.0247204,1658138057.6338725,-0.4997994899749756,1.60915207862854,6718,6789
2026-07-31T12:57:50.146283+00:00,14689.663986114,1039.181529,1658138056.3248599,1658138056.6246262,1658138058.233891,-0.29976630210876465,1.609264850616455,6722,6793
2026-07-31T12:57:50.607843+00:00,14690.125545224,1039.643088,1658138056.6247764,1658138057.1248422,1658138058.7089093,-0.500065803527832,1.5840671062469482,6725,6796
2026-07-31T12:57:51.071547+00:00,14690.589249794,1040.106792,1658138057.2245905,1658138057.5246212,1658138059.15893,-0.3000307083129883,1.6343088150024414,6728,6799
2026-07-31T12:57:51.526824+00:00,14691.044527818,1040.562070,1658138057.62472,1658138058.024822,1658138059.6089427,-0.400101900100708,1.584120750427246,6731,6802
2026-07-31T12:57:52.135310+00:00,14691.653013404,1041.170556,1658138058.2245948,1658138058.6242375,1658138060.2339735,-0.3996427059173584,1.6097359657287598,6735,6806
2026-07-31T12:57:52.586615+00:00,14692.104318575,1041.621861,1658138058.7248173,1658138059.0248098,1658138060.684048,-0.29999256134033203,1.6592381000518799,6738,6809
2026-07-31T12:57:53.048270+00:00,14692.565972627,1042.083515,1658138059.0248137,1658138059.5223832,1658138061.1340003,-0.49756956100463867,1.611617088317871,6741,6812
2026-07-31T12:57:53.650103+00:00,14693.167805691,1042.685348,1658138059.7247562,1658138060.123822,1658138061.7340286,-0.3990657329559326,1.6102066040039062,6745,6816
2026-07-31T12:57:54.105607+00:00,14693.623309832,1043.140852,1658138060.0248947,1658138060.6244516,1658138062.2090547,-0.5995569229125977,1.5846030712127686,6748,6819
2026-07-31T12:57:54.562241+00:00,14694.079943527,1043.597486,1658138060.5248516,1658138061.0244482,1658138062.659059,-0.49959659576416016,1.634610891342163,6751,6822
2026-07-31T12:57:55.174898+00:00,14694.692600873,1044.210143,1658138061.3247094,1658138061.6248446,1658138063.2590952,-0.30013513565063477,1.6342506408691406,6755,6826
2026-07-31T12:57:55.625774+00:00,14695.143477596,1044.661020,1658138061.8248894,1658138062.1216428,1658138063.7091122,-0.2967534065246582,1.5874693393707275,6758,6829
2026-07-31T12:57:56.075966+00:00,14695.593668701,1045.111211,1658138062.2246459,1658138062.5249097,1658138064.1591215,-0.3002638816833496,1.634211778640747,6761,6832
2026-07-31T12:57:56.527696+00:00,14696.045398683,1045.562941,1658138062.6247554,1658138063.024729,1658138064.609139,-0.39997363090515137,1.5844099521636963,6764,6835
2026-07-31T12:57:57.147800+00:00,14696.665503473,1046.183046,1658138063.2245784,1658138063.624392,1658138065.2341678,-0.3998136520385742,1.6097757816314697,6768,6839
2026-07-31T12:57:57.598848+00:00,14697.116550784,1046.634093,1658138063.624816,1658138064.124766,1658138065.6841922,-0.4999501705169678,1.5594260692596436,6771,6842
2026-07-31T12:57:58.053191+00:00,14697.570895111,1047.088438,1658138064.2247734,1658138064.523715,1658138066.1592114,-0.29894161224365234,1.6354963779449463,6774,6845
2026-07-31T12:57:58.656316+00:00,14698.174018616,1047.691561,1658138064.7248461,1658138065.1238077,1658138066.7592342,-0.39896154403686523,1.6354265213012695,6778,6849
2026-07-31T12:57:59.114841+00:00,14698.632544038,1048.150087,1658138065.0248551,1658138065.6246982,1658138067.2092545,-0.5998430252075195,1.5845563411712646,6781,6852
2026-07-31T12:57:59.567542+00:00,14699.085244611,1048.602787,1658138065.3249283,1658138066.0248106,1658138067.6592672,-0.6998822689056396,1.6344566345214844,6784,6855
2026-07-31T12:58:00.028420+00:00,14699.546122797,1049.063665,1658138065.7249153,1658138066.5247679,1658138068.134286,-0.7998526096343994,1.609518051147461,6787,6858
2026-07-31T12:58:00.639795+00:00,14700.157498451,1049.675041,1658138066.424929,1658138067.1238577,1658138068.7343173,-0.6989288330078125,1.610459566116333,6791,6862
2026-07-31T12:58:01.101470+00:00,14700.619172846,1050.136715,1658138066.8249135,1658138067.624226,1658138069.184336,-0.7993125915527344,1.5601098537445068,6794,6865
2026-07-31T12:58:01.559547+00:00,14701.077249960,1050.594792,1658138067.224826,1658138068.0248873,1658138069.6593547,-0.8000612258911133,1.634467363357544,6797,6868
2026-07-31T12:58:02.167684+00:00,14701.685386814,1051.202929,1658138068.0248914,1658138068.623191,1658138070.2593675,-0.5982997417449951,1.636176347732544,6801,6872
2026-07-31T12:58:02.625559+00:00,14702.143262362,1051.660805,1658138068.4248197,1658138069.1244597,1658138070.709391,-0.6996400356292725,1.5849313735961914,6804,6875
2026-07-31T12:58:03.072642+00:00,14702.590345123,1052.107888,1658138068.8249302,1658138069.524366,1658138071.1594088,-0.6994357109069824,1.6350429058074951,6807,6878
2026-07-31T12:58:03.526022+00:00,14703.044872218,1052.562415,1658138069.324763,1658138070.0248947,1658138071.6094263,-0.7001316547393799,1.584531545639038,6810,6881
2026-07-31T12:58:04.133990+00:00,14703.652839410,1053.170382,1658138070.1247516,1658138070.6247723,1658138072.2344604,-0.5000207424163818,1.6096880435943604,6814,6885
2026-07-31T12:58:04.594356+00:00,14704.113205257,1053.630748,1658138070.5248547,1658138071.1247396,1658138072.6844604,-0.5998849868774414,1.559720754623413,6817,6888
2026-07-31T12:58:05.049452+00:00,14704.568301147,1054.085844,1658138071.2246282,1658138071.5248847,1658138073.1344907,-0.30025649070739746,1.6096060276031494,6820,6891
2026-07-31T12:58:05.656137+00:00,14705.174986519,1054.692529,1658138071.8249261,1658138072.1248045,1658138073.7595766,-0.2998783588409424,1.6347720623016357,6824,6895
2026-07-31T12:58:06.120854+00:00,14705.639703606,1055.157246,1658138072.3248081,1658138072.62475,1658138074.209537,-0.2999417781829834,1.584787130355835,6827,6898
2026-07-31T12:58:06.586990+00:00,14706.105839382,1055.623382,1658138072.6248085,1658138073.0249271,1658138074.6845555,-0.4001185894012451,1.6596283912658691,6830,6901
2026-07-31T12:58:07.039889+00:00,14706.558738456,1056.076281,1658138073.0249312,1658138073.524683,1658138075.1345716,-0.4997518062591553,1.6098885536193848,6833,6904
2026-07-31T12:58:07.670544+00:00,14707.189393649,1056.706936,1658138073.7249207,1658138074.1248941,1658138075.7596004,-0.39997339248657227,1.6347062587738037,6837,6908
2026-07-31T12:58:08.142581+00:00,14707.661430879,1057.178973,1658138074.1248982,1658138074.624892,1658138076.2346308,-0.49999380111694336,1.609738826751709,6840,6911
2026-07-31T12:58:08.612412+00:00,14708.131261345,1057.648804,1658138074.6249003,1658138075.1247058,1658138076.7096338,-0.4998054504394531,1.584928035736084,6843,6914
2026-07-31T12:58:09.065252+00:00,14708.584101618,1058.101644,1658138075.2247827,1658138075.5248091,1658138077.1596577,-0.30002641677856445,1.6348485946655273,6846,6917
2026-07-31T12:58:09.522994+00:00,14709.041842024,1058.559384,1658138075.5248134,1658138076.0247679,1658138077.6096675,-0.4999544620513916,1.584899663925171,6849,6920
2026-07-31T12:58:10.134814+00:00,14709.653663479,1059.171206,1658138076.1248755,1658138076.6244447,1658138078.2346952,-0.4995691776275635,1.610250473022461,6853,6924
2026-07-31T12:58:10.593737+00:00,14710.112586931,1059.630129,1658138076.6248145,1658138077.1248736,1658138078.684725,-0.5000591278076172,1.5598514080047607,6856,6927
2026-07-31T12:58:11.047521+00:00,14710.566370259,1060.083913,1658138077.1248782,1658138077.5248275,1658138079.13474,-0.399949312210083,1.609912633895874,6859,6930
2026-07-31T12:58:11.661802+00:00,14711.180651814,1060.698194,1658138077.924839,1658138078.1247523,1658138079.7597463,-0.19991326332092285,1.6349940299987793,6863,6934
2026-07-31T12:58:12.123272+00:00,14711.642120938,1061.159663,1658138078.32487,1658138078.6247234,1658138080.2097683,-0.2998533248901367,1.5850448608398438,6866,6937
2026-07-31T12:58:12.586448+00:00,14712.105298162,1061.622841,1658138078.6247606,1658138079.02475,1658138080.6847935,-0.39998936653137207,1.660043478012085,6869,6940
2026-07-31T12:58:13.036213+00:00,14712.555062350,1062.072605,1658138079.1248424,1658138079.5248156,1658138081.1348228,-0.39997315406799316,1.6100072860717773,6872,6943
2026-07-31T12:58:13.639864+00:00,14713.158713848,1062.676256,1658138079.6247532,1658138080.1246736,1658138081.7348335,-0.4999203681945801,1.6101598739624023,6876,6947
2026-07-31T12:58:14.104346+00:00,14713.623195223,1063.140738,1658138080.0247302,1658138080.6248364,1658138082.2098587,-0.6001062393188477,1.585022211074829,6879,6950
2026-07-31T12:58:14.561114+00:00,14714.079963556,1063.597506,1658138080.7249272,1658138081.0243835,1658138082.659865,-0.2994563579559326,1.635481357574463,6882,6953
2026-07-31T12:58:15.159400+00:00,14714.678249759,1064.195792,1658138081.224784,1658138081.6247396,1658138083.2599127,-0.39995574951171875,1.6351730823516846,6886,6957
2026-07-31T12:58:15.611789+00:00,14715.130637299,1064.648180,1658138081.724869,1658138082.1248615,1658138083.709918,-0.3999924659729004,1.5850565433502197,6889,6960
2026-07-31T12:58:16.073068+00:00,14715.591916848,1065.109459,1658138082.1248782,1658138082.5248215,1658138084.1599307,-0.39994335174560547,1.6351091861724854,6892,6963
2026-07-31T12:58:16.524624+00:00,14716.043473106,1065.561016,1658138082.6247714,1658138083.0235183,1658138084.6099563,-0.39874696731567383,1.5864379405975342,6895,6966
2026-07-31T12:58:17.131414+00:00,14716.650263608,1066.167806,1658138083.3248754,1658138083.6232414,1658138085.2349823,-0.29836606979370117,1.6117408275604248,6899,6970
2026-07-31T12:58:17.606198+00:00,14717.125047047,1066.642590,1658138083.824721,1658138084.1248324,1658138085.7100067,-0.3001112937927246,1.585174322128296,6902,6973
2026-07-31T12:58:18.065400+00:00,14717.584249769,1067.101792,1658138084.2248921,1658138084.524834,1658138086.1600168,-0.2999417781829834,1.6351828575134277,6905,6976
2026-07-31T12:58:18.667228+00:00,14718.186076935,1067.703619,1658138084.8249214,1658138085.1248114,1658138086.760039,-0.29989004135131836,1.6352276802062988,6909,6980
2026-07-31T12:58:19.131667+00:00,14718.650516821,1068.168059,1658138085.3248138,1658138085.6248276,1658138087.2350676,-0.30001378059387207,1.6102399826049805,6912,6983
2026-07-31T12:58:19.580242+00:00,14719.099091562,1068.616634,1658138085.7249196,1658138086.0245295,1658138087.6850865,-0.299609899520874,1.6605570316314697,6915,6986
2026-07-31T12:58:20.038982+00:00,14719.557830967,1069.075373,1658138086.2247362,1658138086.524759,1658138088.1350882,-0.30002284049987793,1.6103291511535645,6918,6989
2026-07-31T12:58:20.651704+00:00,14720.170552423,1069.688095,1658138086.7248075,1658138087.124884,1658138088.7351265,-0.40007638931274414,1.6102426052093506,6922,6993
2026-07-31T12:58:21.100511+00:00,14720.619360863,1070.136903,1658138087.1249259,1658138087.6248517,1658138089.1851408,-0.4999258518218994,1.5602891445159912,6925,6996
2026-07-31T12:58:21.564678+00:00,14721.083527919,1070.601070,1658138087.6248555,1658138088.0248566,1658138089.660159,-0.40000104904174805,1.6353025436401367,6928,6999
2026-07-31T12:58:22.022607+00:00,14721.541456865,1071.058999,1658138088.1248207,1658138088.5248525,1658138090.1101809,-0.40003180503845215,1.5853283405303955,6931,7002
2026-07-31T12:58:22.632897+00:00,14722.151747121,1071.669290,1658138088.824767,1658138089.123875,1658138090.7352178,-0.29910778999328613,1.6113429069519043,6935,7006
2026-07-31T12:58:23.091061+00:00,14722.609909908,1072.127452,1658138089.22458,1658138089.6248138,1658138091.1852176,-0.40023374557495117,1.560403823852539,6938,7009
2026-07-31T12:58:23.547935+00:00,14723.066784140,1072.584327,1658138089.724907,1658138090.0246859,1658138091.6352358,-0.29977893829345703,1.6105499267578125,6941,7012
2026-07-31T12:58:24.152656+00:00,14723.671505121,1073.189048,1658138090.424771,1658138090.624824,1658138092.235258,-0.20005297660827637,1.6104340553283691,6945,7016
2026-07-31T12:58:24.605112+00:00,14724.123961989,1073.641504,1658138090.8247533,1658138091.1247447,1658138092.7103415,-0.2999913692474365,1.5855967998504639,6948,7019
2026-07-31T12:58:25.066028+00:00,14724.584877621,1074.102420,1658138091.1247656,1658138091.52473,1658138093.160306,-0.3999643325805664,1.6355760097503662,6951,7022
2026-07-31T12:58:25.533557+00:00,14725.052405275,1074.569948,1658138091.6248472,1658138092.0247936,1658138093.6353202,-0.3999464511871338,1.6105265617370605,6954,7025
2026-07-31T12:58:26.149544+00:00,14725.668392051,1075.185935,1658138092.2246003,1658138092.624172,1658138094.2353466,-0.39957165718078613,1.6111745834350586,6958,7029
2026-07-31T12:58:26.606626+00:00,14726.125475797,1075.643018,1658138092.6247048,1658138093.124886,1658138094.7103624,-0.5001811981201172,1.5854763984680176,6961,7032
2026-07-31T12:58:27.059959+00:00,14726.578808841,1076.096351,1658138093.2247643,1658138093.5248957,1658138095.1603768,-0.30013132095336914,1.6354811191558838,6964,7035
2026-07-31T12:58:27.656509+00:00,14727.175358120,1076.692901,1658138093.8249261,1658138094.124709,1658138095.7604015,-0.29978275299072266,1.6356925964355469,6968,7039
2026-07-31T12:58:28.116187+00:00,14727.635036792,1077.152579,1658138094.224745,1658138094.624559,1658138096.2104306,-0.3998138904571533,1.585871696472168,6971,7042
2026-07-31T12:58:28.567415+00:00,14728.086263813,1077.603806,1658138094.7249258,1658138095.0248086,1658138096.6604497,-0.2998828887939453,1.635641098022461,6974,7045
2026-07-31T12:58:29.029649+00:00,14728.548499239,1078.066042,1658138095.2247436,1658138095.5247445,1658138097.1354656,-0.3000009059906006,1.6107211112976074,6977,7048
2026-07-31T12:58:29.644008+00:00,14729.162856808,1078.680399,1658138095.8247702,1658138096.1248925,1658138097.735496,-0.3001222610473633,1.6106035709381104,6981,7052
2026-07-31T12:58:30.098855+00:00,14729.617704088,1079.135247,1658138096.2245452,1658138096.6245558,1658138098.1855066,-0.4000105857849121,1.560950756072998,6984,7055
2026-07-31T12:58:30.559765+00:00,14730.078614167,1079.596157,1658138096.624918,1658138097.0247426,1658138098.6604898,-0.3998246192932129,1.6357471942901611,6987,7058
2026-07-31T12:58:31.023197+00:00,14730.542046274,1080.059589,1658138097.1247292,1658138097.524801,1658138099.110536,-0.4000718593597412,1.5857350826263428,6990,7061
2026-07-31T12:58:31.627654+00:00,14731.146503674,1080.664046,1658138097.724733,1658138098.1247406,1658138099.7105677,-0.4000074863433838,1.585827112197876,6994,7065
2026-07-31T12:58:32.078212+00:00,14731.597062059,1081.114605,1658138098.1248071,1658138098.5246909,1658138100.1855953,-0.3998837471008301,1.6609044075012207,6997,7068
2026-07-31T12:58:32.530731+00:00,14732.049580997,1081.567123,1658138098.7247226,1658138099.0247297,1658138100.6356497,-0.3000071048736572,1.6109199523925781,7000,7071
2026-07-31T12:58:33.139698+00:00,14732.658547590,1082.176090,1658138099.4247348,1658138099.6249027,1658138101.2356315,-0.20016789436340332,1.6107287406921387,7004,7075
2026-07-31T12:58:33.594531+00:00,14733.114726790,1082.632269,1658138099.7247431,1658138100.1241531,1658138101.685645,-0.3994100093841553,1.5614919662475586,7007,7078
2026-07-31T12:58:34.043019+00:00,14733.563215119,1083.080758,1658138100.1248753,1658138100.5247455,1658138102.135672,-0.3998701572418213,1.610926628112793,7010,7081
2026-07-31T12:58:34.644516+00:00,14734.164711997,1083.682254,1658138100.5247788,1658138101.1248138,1658138102.7357059,-0.6000349521636963,1.6108920574188232,7014,7085
2026-07-31T12:58:35.098642+00:00,14734.618837947,1084.136380,1658138100.92476,1658138101.6246283,1658138103.1857064,-0.6998682022094727,1.5610780715942383,7017,7088
2026-07-31T12:58:35.550018+00:00,14735.070214086,1084.587757,1658138101.4249206,1658138102.024818,1658138103.635719,-0.5998973846435547,1.610901117324829,7020,7091
2026-07-31T12:58:36.150832+00:00,14735.671028251,1085.188571,1658138102.1248994,1658138102.6247447,1658138104.235754,-0.4998452663421631,1.6110093593597412,7024,7095
2026-07-31T12:58:36.601513+00:00,14736.121709456,1085.639252,1658138102.6247573,1658138103.1248403,1658138104.6857622,-0.5000829696655273,1.5609219074249268,7027,7098
2026-07-31T12:58:37.056454+00:00,14736.576649230,1086.094192,1658138103.1248446,1658138103.5247655,1658138105.1607924,-0.3999209403991699,1.6360268592834473,7030,7101
2026-07-31T12:58:37.663728+00:00,14737.183923816,1086.701466,1658138103.6248555,1658138104.1246562,1658138105.7608058,-0.4998006820678711,1.6361496448516846,7034,7105
2026-07-31T12:58:38.113044+00:00,14737.633240187,1087.150783,1658138104.2249513,1658138104.6249151,1658138106.2108185,-0.3999638557434082,1.5859034061431885,7037,7108
2026-07-31T12:58:38.565402+00:00,14738.085598324,1087.603141,1658138104.6249235,1658138105.0242841,1658138106.66084,-0.39936065673828125,1.6365559101104736,7040,7111
2026-07-31T12:58:39.020924+00:00,14738.541120408,1088.058663,1658138105.2247217,1658138105.524753,1658138107.1108556,-0.3000314235687256,1.5861024856567383,7043,7114
2026-07-31T12:58:39.622907+00:00,14739.143102453,1088.660645,1658138105.8248959,1658138106.1249013,1658138107.7108798,-0.3000054359436035,1.5859785079956055,7047,7118
2026-07-31T12:58:40.069366+00:00,14739.589562077,1089.107105,1658138106.1249137,1658138106.524563,1658138108.1608965,-0.39964938163757324,1.6363334655761719,7050,7121
2026-07-31T12:58:40.531586+00:00,14740.051781464,1089.569324,1658138106.524763,1658138107.0247276,1658138108.6359174,-0.49996447563171387,1.611189842224121,7053,7124
2026-07-31T12:58:41.135164+00:00,14740.655360085,1090.172903,1658138107.0247316,1658138107.6246696,1658138109.2359772,-0.599937915802002,1.6113076210021973,7057,7128
2026-07-31T12:58:41.592760+00:00,14741.112956295,1090.630499,1658138107.524756,1658138108.1249237,1658138109.6859887,-0.6001677513122559,1.5610649585723877,7060,7131
2026-07-31T12:58:42.042231+00:00,14741.562427510,1091.079970,1658138108.1249278,1658138108.5248082,1658138110.1359932,-0.39988040924072266,1.611185073852539,7063,7134
2026-07-31T12:58:42.645002+00:00,14742.165197673,1091.682740,1658138108.7247424,1658138109.124178,1658138110.736005,-0.39943552017211914,1.6118271350860596,7067,7138
2026-07-31T12:58:43.092539+00:00,14742.612734770,1092.130277,1658138109.124826,1658138109.6248136,1658138111.1860244,-0.4999876022338867,1.5612108707427979,7070,7141
2026-07-31T12:58:43.545505+00:00,14743.065701326,1092.583244,1658138109.7248113,1658138110.0248187,1658138111.6360517,-0.30000734329223633,1.6112329959869385,7073,7144
2026-07-31T12:58:44.153346+00:00,14743.673542422,1093.191085,1658138110.224647,1658138110.6247115,1658138112.261065,-0.40006446838378906,1.6363534927368164,7077,7148
2026-07-31T12:58:44.606806+00:00,14744.127002265,1093.644545,1658138110.7248416,1658138111.1247633,1658138112.7110813,-0.3999216556549072,1.586318016052246,7080,7151
2026-07-31T12:58:45.066079+00:00,14744.586275738,1094.103818,1658138111.1248088,1658138111.5249126,1658138113.1611042,-0.4001038074493408,1.6361916065216064,7083,7154
2026-07-31T12:58:45.662933+00:00,14745.183128545,1094.700671,1658138111.6247625,1658138112.1224792,1658138113.7611208,-0.49771666526794434,1.638641595840454,7087,7158
2026-07-31T12:58:46.107229+00:00,14745.627425338,1095.144968,1658138111.9249156,1658138112.6248412,1658138114.2111623,-0.6999256610870361,1.5863211154937744,7090,7161
2026-07-31T12:58:46.554228+00:00,14746.074424865,1095.591967,1658138112.3248386,1658138113.024115,1658138114.661162,-0.6992764472961426,1.6370468139648438,7093,7164
2026-07-31T12:58:47.161205+00:00,14746.681400970,1096.198943,1658138112.7248104,1658138113.624855,1658138115.26119,-0.9000446796417236,1.6363348960876465,7097,7168
2026-07-31T12:58:47.622903+00:00,14747.143099300,1096.660642,1658138113.1249242,1658138114.1246495,1658138115.711213,-0.999725341796875,1.5865635871887207,7100,7171
2026-07-31T12:58:48.066192+00:00,14747.586388936,1097.103931,1658138113.4249046,1658138114.524737,1658138116.1612327,-1.09983229637146,1.63649582862854,7103,7174
2026-07-31T12:58:48.664112+00:00,14748.184308052,1097.701851,1658138114.024834,1658138115.124796,1658138116.7612464,-1.0999619960784912,1.6364505290985107,7107,7178
2026-07-31T12:58:49.119791+00:00,14748.639987641,1098.157530,1658138114.5247452,1658138115.6241496,1658138117.2112617,-1.0994043350219727,1.5871121883392334,7110,7181
2026-07-31T12:58:49.580110+00:00,14749.100306592,1098.617849,1658138115.224872,1658138116.0249138,1658138117.6862946,-0.800041675567627,1.6613807678222656,7113,7184
2026-07-31T12:58:50.028280+00:00,14749.548475736,1099.066018,1658138115.9248416,1658138116.5239527,1658138118.1363018,-0.5991110801696777,1.612349033355713,7116,7187
2026-07-31T12:58:50.640251+00:00,14750.160447707,1099.677990,1658138116.524824,1658138117.1247725,1658138118.7363307,-0.5999486446380615,1.611558198928833,7120,7191
2026-07-31T12:58:51.097545+00:00,14750.617741160,1100.135284,1658138116.8248296,1658138117.624709,1658138119.1863527,-0.7998793125152588,1.5616438388824463,7123,7194
2026-07-31T12:58:51.550008+00:00,14751.070205004,1100.587747,1658138117.5248606,1658138118.0248418,1658138119.6363747,-0.499981164932251,1.6115329265594482,7126,7197
2026-07-31T12:58:52.156425+00:00,14751.676621520,1101.194164,1658138118.2248976,1658138118.6243088,1658138120.2614017,-0.3994112014770508,1.6370928287506104,7130,7201
2026-07-31T12:58:52.604314+00:00,14752.124510072,1101.642053,1658138118.6248498,1658138119.124654,1658138120.7114031,-0.4998042583465576,1.5867490768432617,7133,7204
2026-07-31T12:58:53.058984+00:00,14752.579179741,1102.096722,1658138119.2245097,1658138119.5248985,1658138121.1614246,-0.30038881301879883,1.636526107788086,7136,7207
2026-07-31T12:58:53.657682+00:00,14753.177877586,1102.695420,1658138119.624732,1658138120.12471,1658138121.761461,-0.49997806549072266,1.6367509365081787,7140,7211
2026-07-31T12:58:54.109192+00:00,14753.629388074,1103.146931,1658138120.0248613,1658138120.6245131,1658138122.2114742,-0.5996518135070801,1.586961030960083,7143,7214
2026-07-31T12:58:54.567594+00:00,14754.087790557,1103.605333,1658138120.4248612,1658138121.0243719,1658138122.6614923,-0.599510669708252,1.6371204853057861,7146,7217
2026-07-31T12:58:55.030711+00:00,14754.550907298,1104.068450,1658138120.9249196,1658138121.524922,1658138123.1365082,-0.6000022888183594,1.611586332321167,7149,7220
2026-07-31T12:58:55.632903+00:00,14755.153098441,1104.670641,1658138121.824813,1658138122.1243112,1658138123.7365396,-0.2994983196258545,1.6122283935546875,7153,7224
2026-07-31T12:58:56.085550+00:00,14755.605745802,1105.123288,1658138122.2248714,1658138122.52399,1658138124.186553,-0.2991185188293457,1.6625630855560303,7156,7227
2026-07-31T12:58:56.535798+00:00,14756.055994480,1105.573537,1658138122.7248347,1658138123.024685,1658138124.6365712,-0.2998502254486084,1.6118862628936768,7159,7230
2026-07-31T12:58:57.137933+00:00,14756.658128006,1106.175670,1658138123.324883,1658138123.624682,1658138125.236597,-0.29979896545410156,1.611915111541748,7163,7234
2026-07-31T12:58:57.588526+00:00,14757.108721400,1106.626264,1658138123.7247393,1658138124.1247687,1658138125.6866198,-0.40002942085266113,1.5618510246276855,7166,7237
2026-07-31T12:58:58.041651+00:00,14757.561847290,1107.079390,1658138124.224819,1658138124.5212936,1658138126.136626,-0.2964746952056885,1.6153323650360107,7169,7240
2026-07-31T12:58:58.641004+00:00,14758.161200367,1107.678743,1658138124.7249131,1658138125.1248894,1658138126.736652,-0.3999762535095215,1.611762523651123,7173,7244
2026-07-31T12:58:59.103555+00:00,14758.623751337,1108.141294,1658138125.1248934,1658138125.62419,1658138127.211673,-0.4992966651916504,1.5874829292297363,7176,7247
2026-07-31T12:58:59.560485+00:00,14759.080680149,1108.598223,1658138125.6248195,1658138126.0247138,1658138127.6616907,-0.39989423751831055,1.636976957321167,7179,7250
2026-07-31T12:59:00.164317+00:00,14759.684512907,1109.202055,1658138126.2246253,1658138126.624735,1658138128.2617214,-0.40010976791381836,1.636986255645752,7183,7254
2026-07-31T12:59:00.618831+00:00,14760.139024457,1109.656567,1658138126.6247392,1658138127.1240897,1658138128.7117403,-0.49935054779052734,1.5876505374908447,7186,7257
2026-07-31T12:59:01.075010+00:00,14760.595205757,1110.112748,1658138127.1249185,1658138127.5248783,1658138129.161759,-0.3999598026275635,1.63688063621521,7189,7260
2026-07-31T12:59:01.528566+00:00,14761.048761196,1110.566304,1658138127.6247556,1658138128.02482,1658138129.6367712,-0.40006446838378906,1.6119511127471924,7192,7263
2026-07-31T12:59:02.134377+00:00,14761.654573180,1111.172116,1658138128.124812,1658138128.6247854,1658138130.2367928,-0.4999735355377197,1.6120073795318604,7196,7267
2026-07-31T12:59:02.609325+00:00,14762.129519880,1111.647062,1658138128.6248643,1658138129.1248665,1658138130.711813,-0.5000021457672119,1.5869464874267578,7199,7270
2026-07-31T12:59:03.074666+00:00,14762.594861679,1112.112404,1658138128.9247515,1658138129.524818,1658138131.1619027,-0.6000664234161377,1.637084722518921,7202,7273
2026-07-31T12:59:03.526618+00:00,14763.048236975,1112.565779,1658138129.224686,1658138130.0241761,1658138131.6118624,-0.799490213394165,1.58768630027771,7205,7276
2026-07-31T12:59:04.160898+00:00,14763.682515786,1113.200058,1658138129.724733,1658138130.6245234,1658138132.2618892,-0.8997902870178223,1.6373658180236816,7209,7280
2026-07-31T12:59:04.608831+00:00,14764.130448897,1113.647991,1658138130.1248357,1658138131.124765,1658138132.7118986,-0.9999291896820068,1.5871336460113525,7212,7283
2026-07-31T12:59:05.064040+00:00,14764.585658607,1114.103201,1658138130.6249182,1658138131.5247102,1658138133.1619189,-0.899791955947876,1.6372087001800537,7215,7286
2026-07-31T12:59:05.664860+00:00,14765.186478119,1114.704021,1658138131.824739,1658138132.1234431,1658138133.761938,-0.2987041473388672,1.6384949684143066,7219,7290
2026-07-31T12:59:06.115631+00:00,14765.637248510,1115.154791,1658138132.3249164,1658138132.6244228,1658138134.2119765,-0.29950642585754395,1.5875537395477295,7222,7293
2026-07-31T12:59:06.575261+00:00,14766.096879655,1115.614422,1658138132.8247516,1658138133.0248115,1658138134.6619852,-0.2000598907470703,1.6371736526489258,7225,7296
2026-07-31T12:59:07.028673+00:00,14766.550291877,1116.067834,1658138133.2247405,1658138133.5247612,1658138135.136994,-0.300020694732666,1.6122326850891113,7228,7299
2026-07-31T12:59:07.633088+00:00,14767.154705981,1116.672248,1658138133.624855,1658138134.124706,1658138135.737071,-0.4998509883880615,1.6123650074005127,7232,7303
2026-07-31T12:59:08.080950+00:00,14767.602567948,1117.120110,1658138134.0248344,1658138134.5248072,1658138136.187034,-0.4999728202819824,1.662226676940918,7235,7306
2026-07-31T12:59:08.543220+00:00,14768.064837724,1117.582380,1658138134.524811,1658138135.02485,1658138136.6370509,-0.5000388622283936,1.6122009754180908,7238,7309
2026-07-31T12:59:09.146649+00:00,14768.668267638,1118.185810,1658138135.0249124,1658138135.6247466,1658138137.2370706,-0.5998342037200928,1.6123239994049072,7242,7313
2026-07-31T12:59:09.596321+00:00,14769.117939703,1118.635482,1658138135.624851,1658138136.1249232,1658138137.6870866,-0.5000722408294678,1.5621633529663086,7245,7316
2026-07-31T12:59:10.049095+00:00,14769.570713562,1119.088256,1658138136.1249273,1658138136.5244,1658138138.1371083,-0.399472713470459,1.612708330154419,7248,7319
2026-07-31T12:59:10.657127+00:00,14770.178744207,1119.696287,1658138136.6248329,1658138137.123525,1658138138.7621253,-0.49869203567504883,1.6386003494262695,7252,7323
2026-07-31T12:59:11.113283+00:00,14770.634901650,1120.152444,1658138137.124918,1658138137.6248221,1658138139.2121444,-0.49990415573120117,1.5873222351074219,7255,7326
2026-07-31T12:59:11.575248+00:00,14771.096866288,1120.614409,1658138137.6249218,1658138138.0249078,1658138139.6621644,-0.39998602867126465,1.6372566223144531,7258,7329
2026-07-31T12:59:12.026097+00:00,14771.547715850,1121.065258,1658138138.2246716,1658138138.524822,1658138140.1121802,-0.30015039443969727,1.5873582363128662,7261,7332
2026-07-31T12:59:12.629332+00:00,14772.150950858,1121.668493,1658138138.8248277,1658138139.1248302,1658138140.7372086,-0.3000025749206543,1.6123783588409424,7265,7336
2026-07-31T12:59:13.084185+00:00,14772.605802881,1122.123345,1658138139.1248343,1658138139.5241113,1658138141.1872282,-0.3992769718170166,1.6631169319152832,7268,7339
2026-07-31T12:59:13.535632+00:00,14773.057251063,1122.574794,1658138139.6249192,1658138140.0246954,1658138141.6372554,-0.3997762203216553,1.6125600337982178,7271,7342
2026-07-31T12:59:14.140766+00:00,14773.662384950,1123.179927,1658138140.0248957,1658138140.6242423,1658138142.237328,-0.5993466377258301,1.6130857467651367,7275,7346
2026-07-31T12:59:14.599449+00:00,14774.121067626,1123.638610,1658138140.5249236,1658138141.124812,1658138142.6872888,-0.5998883247375488,1.5624768733978271,7278,7349
2026-07-31T12:59:15.044047+00:00,14774.565665797,1124.083208,1658138141.1248162,1658138141.5242615,1658138143.137321,-0.3994452953338623,1.6130595207214355,7281,7352
2026-07-31T12:59:15.652044+00:00,14775.173661185,1124.691204,1658138141.7248375,1658138142.1248186,1658138143.7373426,-0.3999810218811035,1.6125240325927734,7285,7356
2026-07-31T12:59:16.109514+00:00,14775.631132421,1125.148675,1658138142.4248948,1658138142.6248071,1658138144.212364,-0.19991230964660645,1.5875568389892578,7288,7359
2026-07-31T12:59:16.574075+00:00,14776.095693915,1125.613236,1658138142.8247523,1658138143.0248854,1658138144.662385,-0.2001330852508545,1.6374995708465576,7291,7362
2026-07-31T12:59:17.026805+00:00,14776.548423335,1126.065966,1658138143.1247764,1658138143.5239213,1658138145.1124048,-0.39914488792419434,1.5884835720062256,7294,7365
2026-07-31T12:59:17.625164+00:00,14777.146782689,1126.664325,1658138143.624833,1658138144.1247513,1658138145.712436,-0.49991822242736816,1.5876846313476562,7298,7369
2026-07-31T12:59:18.080135+00:00,14777.601753987,1127.119296,1658138144.024923,1658138144.5243266,1658138146.1874566,-0.4994034767150879,1.6631300449371338,7301,7372
2026-07-31T12:59:18.538901+00:00,14778.060519471,1127.578062,1658138144.524805,1658138145.024916,1658138146.6374784,-0.5001108646392822,1.6125624179840088,7304,7375
2026-07-31T12:59:19.139641+00:00,14778.661258919,1128.178801,1658138145.0249202,1658138145.6246538,1658138147.2375026,-0.5997335910797119,1.6128487586975098,7308,7379
2026-07-31T12:59:19.593104+00:00,14779.114722095,1128.632265,1658138145.5249124,1658138146.12268,1658138147.6875138,-0.5977675914764404,1.5648338794708252,7311,7382
2026-07-31T12:59:20.049808+00:00,14779.571426072,1129.088969,1658138145.9247541,1658138146.5244348,1658138148.1375346,-0.5996806621551514,1.6130998134613037,7314,7385
2026-07-31T12:59:20.659880+00:00,14780.181498365,1129.699041,1658138146.5248966,1658138147.123827,1658138148.7625575,-0.5989303588867188,1.638730525970459,7318,7389
2026-07-31T12:59:21.109884+00:00,14780.631502337,1130.149045,1658138146.9247465,1658138147.6240742,1658138149.2125797,-0.6993277072906494,1.588505506515503,7321,7392
2026-07-31T12:59:21.557215+00:00,14781.078833114,1130.596376,1658138147.5248668,1658138148.0241585,1658138149.6626203,-0.49929165840148926,1.6384618282318115,7324,7395
2026-07-31T12:59:22.162338+00:00,14781.683954018,1131.201496,1658138148.324742,1658138148.6227674,1658138150.262647,-0.29802536964416504,1.6398794651031494,7328,7399
2026-07-31T12:59:22.620823+00:00,14782.142441514,1131.659984,1658138148.6248894,1658138149.1238585,1658138150.7126474,-0.49896907806396484,1.5887889862060547,7331,7402
2026-07-31T12:59:23.071705+00:00,14782.593322426,1132.110865,1658138149.0247564,1658138149.5247424,1658138151.1626735,-0.499985933303833,1.6379311084747314,7334,7405
2026-07-31T12:59:23.673108+00:00,14783.194726026,1132.712268,1658138149.724918,1658138150.1249218,1658138151.7627287,-0.40000391006469727,1.6378068923950195,7338,7409
2026-07-31T12:59:24.126510+00:00,14783.648128209,1133.165671,1658138150.2248209,1658138150.6249185,1658138152.2127314,-0.4000976085662842,1.587812900543213,7341,7412
2026-07-31T12:59:24.586783+00:00,14784.108400541,1133.625943,1658138150.6249228,1658138151.0180724,1658138152.6877668,-0.39314961433410645,1.669694423675537,7344,7415
2026-07-31T12:59:25.030869+00:00,14784.552487081,1134.070030,1658138151.124735,1658138151.5245636,1658138153.137779,-0.3998284339904785,1.613215446472168,7347,7418
2026-07-31T12:59:25.635572+00:00,14785.157190047,1134.674733,1658138151.6247785,1658138152.124852,1658138153.737806,-0.5000734329223633,1.6129541397094727,7351,7422
2026-07-31T12:59:26.094521+00:00,14785.616139117,1135.133682,1658138151.9249256,1658138152.6249309,1658138154.1878295,-0.700005292892456,1.5628986358642578,7354,7425
2026-07-31T12:59:26.548663+00:00,14786.070282020,1135.587824,1658138152.4247653,1658138153.0222893,1658138154.6378593,-0.5975239276885986,1.615570068359375,7357,7428
2026-07-31T12:59:27.158142+00:00,14786.679760207,1136.197303,1658138153.1247482,1658138153.624767,1658138155.2628844,-0.500018835067749,1.6381173133850098,7361,7432
2026-07-31T12:59:27.610319+00:00,14787.131936879,1136.649479,1658138153.6247709,1658138154.1148555,1658138155.712898,-0.4900846481323242,1.5980424880981445,7364,7435
2026-07-31T12:59:28.061161+00:00,14787.582779573,1137.100322,1658138154.224823,1658138154.5208187,1658138156.1629248,-0.29599571228027344,1.642106056213379,7367,7438
2026-07-31T12:59:28.670178+00:00,14788.191796706,1137.709339,1658138154.8248897,1658138155.124908,1658138156.7629437,-0.300018310546875,1.638035774230957,7371,7442
2026-07-31T12:59:29.115629+00:00,14788.637248206,1138.154791,1658138155.4247482,1658138155.6249216,1658138157.2129648,-0.20017337799072266,1.588043212890625,7374,7445
2026-07-31T12:59:29.562731+00:00,14789.084347909,1138.601890,1658138155.8248615,1658138156.022915,1658138157.6629908,-0.19805335998535156,1.640075922012329,7377,7448
2026-07-31T12:59:30.167147+00:00,14789.688765434,1139.206308,1658138156.3249223,1658138156.6206517,1658138158.2630196,-0.295729398727417,1.6423678398132324,7381,7452
2026-07-31T12:59:30.623911+00:00,14790.145529473,1139.663072,1658138156.8248692,1658138157.124461,1658138158.713024,-0.2995917797088623,1.5885629653930664,7384,7455
2026-07-31T12:59:31.076674+00:00,14790.598293208,1140.115836,1658138157.22477,1658138157.5248983,1658138159.1630564,-0.3001282215118408,1.6381580829620361,7387,7458
2026-07-31T12:59:31.529642+00:00,14791.051259700,1140.568802,1658138157.62474,1658138158.02482,1658138159.6380575,-0.40008020401000977,1.6132373809814453,7390,7461
2026-07-31T12:59:32.136477+00:00,14791.658095751,1141.175638,1658138158.3248947,1658138158.6240385,1658138160.238087,-0.29914379119873047,1.6140484809875488,7394,7465
2026-07-31T12:59:32.594266+00:00,14792.115884207,1141.633427,1658138158.6249118,1658138159.1212664,1658138160.6881,-0.4963545799255371,1.566833734512329,7397,7468
2026-07-31T12:59:33.044757+00:00,14792.566375320,1142.083918,1658138159.124869,1658138159.5166934,1658138161.1381383,-0.39182424545288086,1.6214449405670166,7400,7471
2026-07-31T12:59:33.644695+00:00,14793.167665826,1142.685208,1658138159.8248365,1658138160.1248512,1658138161.7381482,-0.3000147342681885,1.6132969856262207,7404,7475
2026-07-31T12:59:34.099170+00:00,14793.622141085,1143.139684,1658138160.224806,1658138160.623109,1658138162.188169,-0.3983030319213867,1.5650599002838135,7407,7478
2026-07-31T12:59:34.555027+00:00,14794.077998310,1143.595541,1658138160.824919,1658138161.0246913,1658138162.6631887,-0.19977235794067383,1.6384973526000977,7410,7481
2026-07-31T12:59:35.170446+00:00,14794.693416606,1144.210959,1658138161.4249237,1658138161.617734,1658138163.2632132,-0.1928102970123291,1.6454792022705078,7414,7485
2026-07-31T12:59:35.646489+00:00,14795.169460036,1144.687003,1658138161.8249202,1658138162.1248176,1658138163.7383559,-0.2998974323272705,1.6135382652282715,7417,7488
2026-07-31T12:59:36.106868+00:00,14795.629838312,1145.147381,1658138162.324731,1658138162.6247268,1658138164.2132542,-0.29999566078186035,1.5885274410247803,7420,7491
2026-07-31T12:59:36.555890+00:00,14796.078861350,1145.596404,1658138162.7248125,1658138163.0248306,1658138164.6633844,-0.3000180721282959,1.6385538578033447,7423,7494
2026-07-31T12:59:37.162855+00:00,14796.685825547,1146.203368,1658138163.2246017,1658138163.6243749,1658138165.2633555,-0.39977312088012695,1.6389806270599365,7427,7498
2026-07-31T12:59:37.613762+00:00,14797.136733332,1146.654276,1658138163.7249248,1658138164.1193953,1658138165.713311,-0.3944704532623291,1.5939157009124756,7430,7501
2026-07-31T12:59:38.066942+00:00,14797.589911645,1147.107454,1658138164.2248287,1658138164.5223038,1658138166.1633375,-0.29747509956359863,1.64103364944458,7433,7504
2026-07-31T12:59:38.665919+00:00,14798.188890052,1147.706433,1658138164.7249007,1658138165.123529,1658138166.7633638,-0.39862823486328125,1.6398348808288574,7437,7508
2026-07-31T12:59:39.117410+00:00,14798.640380838,1148.157923,1658138165.3249161,1658138165.6243467,1658138167.2135174,-0.29943060874938965,1.5891706943511963,7440,7511
2026-07-31T12:59:39.570620+00:00,14799.093591479,1148.611134,1658138165.7247586,1658138166.0248904,1658138167.6635125,-0.30013179779052734,1.6386220455169678,7443,7514
2026-07-31T12:59:40.031985+00:00,14799.554945049,1149.072488,1658138166.1247506,1658138166.5208538,1658138168.1384137,-0.3961031436920166,1.6175599098205566,7446,7517
2026-07-31T12:59:40.638856+00:00,14800.161826943,1149.679369,1658138166.7249002,1658138167.1247401,1658138168.7384205,-0.3998398780822754,1.613680362701416,7450,7521
2026-07-31T12:59:41.094480+00:00,14800.617450928,1150.134993,1658138167.0249014,1658138167.6244357,1658138169.1885548,-0.599534273147583,1.5641191005706787,7453,7524
2026-07-31T12:59:41.553385+00:00,14801.076354789,1150.593897,1658138167.3248863,1658138168.0248725,1658138169.6635578,-0.6999862194061279,1.6386852264404297,7456,7527
2026-07-31T12:59:42.168087+00:00,14801.691058621,1151.208601,1658138167.8248255,1658138168.6248188,1658138170.2635746,-0.7999932765960693,1.6387557983398438,7460,7531
2026-07-31T12:59:42.618160+00:00,14802.141131264,1151.658674,1658138168.3248231,1658138169.1223145,1658138170.713532,-0.7974913120269775,1.5912175178527832,7463,7534
2026-07-31T12:59:43.068341+00:00,14802.591311795,1152.108854,1658138168.8247707,1658138169.5248485,1658138171.16351,-0.7000777721405029,1.6386616230010986,7466,7537
2026-07-31T12:59:43.521615+00:00,14803.044585852,1152.562128,1658138169.5248525,1658138170.0247931,1658138171.6135566,-0.4999406337738037,1.5887634754180908,7469,7540
2026-07-31T12:59:44.132373+00:00,14803.655343589,1153.172886,1658138169.9248428,1658138170.622626,1658138172.2387753,-0.6977832317352295,1.6161491870880127,7473,7544
2026-07-31T12:59:44.580514+00:00,14804.103485613,1153.621028,1658138170.3248637,1658138171.1201391,1658138172.6885962,-0.7952754497528076,1.5684571266174316,7476,7547
2026-07-31T12:59:45.033656+00:00,14804.556626608,1154.074169,1658138170.7248397,1658138171.5247486,1658138173.1386008,-0.7999088764190674,1.6138522624969482,7479,7550
2026-07-31T12:59:45.636373+00:00,14805.159343816,1154.676886,1658138171.424915,1658138172.124804,1658138173.7387013,-0.6998889446258545,1.6138973236083984,7483,7554
2026-07-31T12:59:46.098208+00:00,14805.621179372,1155.138722,1658138171.8249183,1658138172.615016,1658138174.1886547,-0.790097713470459,1.573638677597046,7486,7557
2026-07-31T12:59:46.549626+00:00,14806.072597729,1155.590140,1658138172.3248422,1658138173.0247395,1658138174.638675,-0.699897289276123,1.6139354705810547,7489,7560
2026-07-31T12:59:47.157659+00:00,14806.680630456,1156.198173,1658138173.124834,1658138173.6153977,1658138175.2637026,-0.49056363105773926,1.6483049392700195,7493,7564
2026-07-31T12:59:47.610408+00:00,14807.133379235,1156.650922,1658138173.524911,1658138174.1248171,1658138175.7137363,-0.5999062061309814,1.5889191627502441,7496,7567
2026-07-31T12:59:48.069307+00:00,14807.592277732,1157.109820,1658138173.9249063,1658138174.5247593,1658138176.1637437,-0.5998530387878418,1.6389844417572021,7499,7570
2026-07-31T12:59:48.520938+00:00,14808.043909010,1157.561451,1658138174.62485,1658138175.0141168,1658138176.613764,-0.3892667293548584,1.5996472835540771,7502,7573
2026-07-31T12:59:49.127845+00:00,14808.650815712,1158.168358,1658138175.124906,1658138175.6248395,1658138177.2387886,-0.49993348121643066,1.6139490604400635,7506,7577
2026-07-31T12:59:49.578879+00:00,14809.101850297,1158.619393,1658138175.6248438,1658138176.0174928,1658138177.688827,-0.39264893531799316,1.6713342666625977,7509,7580
2026-07-31T12:59:50.037631+00:00,14809.560602770,1159.078145,1658138176.124887,1658138176.5247576,1658138178.1388233,-0.3998706340789795,1.6140656471252441,7512,7583
2026-07-31T12:59:50.649659+00:00,14810.172629738,1159.690172,1658138176.8249185,1658138177.1248171,1658138178.7388473,-0.299898624420166,1.614030122756958,7516,7587
2026-07-31T12:59:51.106890+00:00,14810.629860248,1160.147403,1658138177.4248562,1658138177.6249,1658138179.2138684,-0.2000439167022705,1.588968276977539,7519,7590
2026-07-31T12:59:51.568165+00:00,14811.091136894,1160.608679,1658138177.8248148,1658138178.0240388,1658138179.6638932,-0.19922399520874023,1.6398544311523438,7522,7593
2026-07-31T12:59:52.021210+00:00,14811.544180981,1161.061723,1658138178.2247689,1658138178.5213892,1658138180.1139085,-0.29662036895751953,1.5925192832946777,7525,7596
2026-07-31T12:59:52.624215+00:00,14812.147185793,1161.664728,1658138178.824817,1658138179.1248417,1658138180.7139192,-0.30002474784851074,1.5890774726867676,7529,7600
2026-07-31T12:59:53.079395+00:00,14812.602366362,1162.119909,1658138179.2247865,1658138179.623749,1658138181.1889546,-0.39896249771118164,1.5652055740356445,7532,7603
2026-07-31T12:59:53.539366+00:00,14813.062337554,1162.579880,1658138179.5249326,1658138180.0247579,1658138181.6389859,-0.49982523918151855,1.6142280101776123,7535,7606
2026-07-31T12:59:54.145161+00:00,14813.668132654,1163.185675,1658138180.024762,1658138180.624849,1658138182.2389927,-0.6000871658325195,1.6141436100006104,7539,7610
2026-07-31T12:59:54.595973+00:00,14814.118944441,1163.636487,1658138180.5247586,1658138181.1247993,1658138182.6890295,-0.6000406742095947,1.56423020362854,7542,7613
2026-07-31T12:59:55.051752+00:00,14814.574722513,1164.092265,1658138181.024833,1658138181.5247366,1658138183.1390238,-0.49990367889404297,1.6142871379852295,7545,7616
2026-07-31T12:59:55.652600+00:00,14815.175569959,1164.693112,1658138181.8248997,1658138182.1244574,1658138183.7640762,-0.2995576858520508,1.6396188735961914,7549,7620
2026-07-31T12:59:56.114576+00:00,14815.637546926,1165.155089,1658138182.3249185,1658138182.5764563,1658138184.2140749,-0.2515377998352051,1.6376185417175293,7552,7623
2026-07-31T12:59:56.570362+00:00,14816.093333019,1165.610875,1658138182.7249236,1658138182.9773133,1658138184.6640837,-0.25238966941833496,1.6867704391479492,7555,7626
2026-07-31T12:59:57.166991+00:00,14816.689962018,1166.207504,1658138183.3248413,1658138183.6063776,1658138185.2641163,-0.281536340713501,1.6577386856079102,7559,7630
2026-07-31T12:59:57.620964+00:00,14817.143935326,1166.661478,1658138183.9248908,1658138184.1248126,1658138185.7141376,-0.1999218463897705,1.589324951171875,7562,7633
2026-07-31T12:59:58.116285+00:00,14817.639255741,1167.156798,1658138184.224603,1658138184.624321,1658138186.2141714,-0.3997180461883545,1.5898504257202148,7565,7636
2026-07-31T12:59:58.569301+00:00,14818.092272104,1167.609815,1658138184.6248343,1658138185.024404,1658138186.6642127,-0.3995697498321533,1.6398086547851562,7568,7639
2026-07-31T12:59:59.021641+00:00,14818.544612117,1168.062155,1658138185.1249232,1658138185.5241868,1658138187.1141915,-0.3992636203765869,1.5900046825408936,7571,7642
2026-07-31T12:59:59.640787+00:00,14819.163758137,1168.681301,1658138185.5249228,1658138186.10405,1658138187.7142591,-0.5791270732879639,1.6102092266082764,7575,7646
2026-07-31T13:00:00.105572+00:00,14819.628542821,1169.146085,1658138185.8248188,1658138186.6093197,1658138188.21421,-0.7845008373260498,1.6048903465270996,7578,7649
2026-07-31T13:00:00.570145+00:00,14820.093116570,1169.610659,1658138186.224805,1658138187.024891,1658138188.664302,-0.8000857830047607,1.639411211013794,7581,7652
2026-07-31T13:00:01.038079+00:00,14820.561050156,1170.078593,1658138186.62491,1658138187.5211718,1658138189.1392848,-0.8962616920471191,1.6181130409240723,7584,7655
2026-07-31T13:00:01.651065+00:00,14821.174036080,1170.691579,1658138187.1247334,1658138188.124837,1658138189.739303,-1.00010347366333,1.6144661903381348,7588,7659
2026-07-31T13:00:02.112388+00:00,14821.635356370,1171.152899,1658138187.8248262,1658138188.6231272,1658138190.2143378,-0.7983009815216064,1.5912106037139893,7591,7662
2026-07-31T13:00:02.570670+00:00,14822.093640970,1171.611183,1658138188.4248097,1658138189.1175573,1658138190.6644082,-0.6927475929260254,1.5468509197235107,7594,7665
2026-07-31T13:00:03.030419+00:00,14822.553389569,1172.070932,1658138188.924836,1658138189.5248966,1658138191.1393619,-0.6000607013702393,1.6144652366638184,7597,7668
2026-07-31T13:00:03.632980+00:00,14823.156909439,1172.674452,1658138189.4248095,1658138190.1249106,1658138191.7394054,-0.7001011371612549,1.614494800567627,7601,7672
2026-07-31T13:00:04.080042+00:00,14823.603971150,1173.121514,1658138189.9247522,1658138190.5247571,1658138192.1894326,-0.6000049114227295,1.6646754741668701,7604,7675
2026-07-31T13:00:04.538435+00:00,14824.062364942,1173.579907,1658138190.4249167,1658138191.0016696,1658138192.6394157,-0.5767529010772705,1.6377460956573486,7607,7678
2026-07-31T13:00:05.147312+00:00,14824.671240187,1174.188783,1658138190.9248512,1658138191.6055083,1658138193.2394564,-0.680657148361206,1.6339480876922607,7611,7682
2026-07-31T13:00:05.605127+00:00,14825.129056489,1174.646599,1658138191.324919,1658138192.1247506,1658138193.7144685,-0.7998316287994385,1.5897178649902344,7614,7685
2026-07-31T13:00:06.059148+00:00,14825.583077009,1175.100619,1658138191.9248269,1658138192.5227787,1658138194.1644797,-0.5979518890380859,1.6417009830474854,7617,7688
2026-07-31T13:00:06.667976+00:00,14826.191905652,1175.709448,1658138192.4248116,1658138193.1155207,1658138194.7645073,-0.690709114074707,1.648986577987671,7621,7692
2026-07-31T13:00:07.132339+00:00,14826.656267782,1176.173810,1658138193.124833,1658138193.6244762,1658138195.2396233,-0.49964308738708496,1.6151471138000488,7624,7695
2026-07-31T13:00:07.587914+00:00,14827.111843542,1176.629386,1658138193.5247593,1658138194.1184676,1658138195.6895492,-0.5937082767486572,1.5710816383361816,7627,7698
2026-07-31T13:00:08.044872+00:00,14827.568801472,1177.086344,1658138194.1248298,1658138194.514144,1658138196.1395662,-0.3893141746520996,1.6254222393035889,7630,7701
2026-07-31T13:00:08.656487+00:00,14828.180416026,1177.697958,1658138194.8247478,1658138195.1247241,1658138196.764591,-0.2999763488769531,1.639866828918457,7634,7705
2026-07-31T13:00:09.123195+00:00,14828.647124374,1178.164667,1658138195.324812,1658138195.6248374,1658138197.214613,-0.30002546310424805,1.589775562286377,7637,7708
2026-07-31T13:00:09.578729+00:00,14829.102658438,1178.620201,1658138195.8247628,1658138196.1247413,1658138197.6896353,-0.29997849464416504,1.5648939609527588,7640,7711
2026-07-31T13:00:10.028965+00:00,14829.552894272,1179.070437,1658138196.3249037,1658138196.521003,1658138198.1396375,-0.19609928131103516,1.6186344623565674,7643,7714
2026-07-31T13:00:10.664502+00:00,14830.188431269,1179.705974,1658138196.9248319,1658138197.1233578,1658138198.7646704,-0.19852590560913086,1.641312599182129,7647,7718
2026-07-31T13:00:11.137207+00:00,14830.661135843,1180.178678,1658138197.4248073,1658138197.624645,1658138199.2396936,-0.19983768463134766,1.6150486469268799,7650,7721
2026-07-31T13:00:11.594090+00:00,14831.118019934,1180.635562,1658138197.7248182,1658138198.1154923,1658138199.6897244,-0.3906741142272949,1.5742321014404297,7653,7724
2026-07-31T13:00:12.051472+00:00,14831.575401054,1181.092944,1658138198.223973,1658138198.5234575,1658138200.139728,-0.2994844913482666,1.6162705421447754,7656,7727
2026-07-31T13:00:12.659558+00:00,14832.183487924,1181.701030,1658138198.8248963,1658138199.122669,1658138200.7647536,-0.2977726459503174,1.6420845985412598,7660,7731
2026-07-31T13:00:13.115705+00:00,14832.639634714,1182.157177,1658138199.3248036,1658138199.624593,1658138201.2147691,-0.2997894287109375,1.5901761054992676,7663,7734
2026-07-31T13:00:13.561499+00:00,14833.085428301,1182.602971,1658138199.7249157,1658138200.023465,1658138201.6648135,-0.29854917526245117,1.6413486003875732,7666,7737
2026-07-31T13:00:14.160420+00:00,14833.684349621,1183.201892,1658138200.324855,1658138200.6246774,1658138202.2648256,-0.2998223304748535,1.6401481628417969,7670,7741
2026-07-31T13:00:14.610618+00:00,14834.134547443,1183.652090,1658138200.824805,1658138201.1248188,1658138202.7148607,-0.30001378059387207,1.5900418758392334,7673,7744
2026-07-31T13:00:15.066749+00:00,14834.590678763,1184.108221,1658138201.2249281,1658138201.623568,1658138203.1648626,-0.3986399173736572,1.5412945747375488,7676,7747
2026-07-31T13:00:15.519924+00:00,14835.043853008,1184.561395,1658138201.7247503,1658138202.0248656,1658138203.614862,-0.30011534690856934,1.589996337890625,7679,7750
2026-07-31T13:00:16.117939+00:00,14835.641868210,1185.159411,1658138202.324884,1658138202.6201112,1658138204.2149065,-0.2952272891998291,1.5947952270507812,7683,7754
2026-07-31T13:00:16.579203+00:00,14836.103133052,1185.620676,1658138202.7247467,1658138203.1244414,1658138204.6899078,-0.39969468116760254,1.5654664039611816,7686,7757
2026-07-31T13:00:17.028993+00:00,14836.552922252,1186.070465,1658138203.2247114,1658138203.524744,1658138205.1399422,-0.3000326156616211,1.6151981353759766,7689,7760
2026-07-31T13:00:17.641899+00:00,14837.165827103,1186.683370,1658138203.9247391,1658138204.1249182,1658138205.7400103,-0.2001791000366211,1.6150920391082764,7693,7764
2026-07-31T13:00:18.098669+00:00,14837.622598129,1187.140141,1658138204.3248622,1658138204.6247387,1658138206.189975,-0.29987645149230957,1.5652363300323486,7696,7767
2026-07-31T13:00:18.556860+00:00,14838.080789427,1187.598332,1658138204.7248225,1658138205.022217,1658138206.6650054,-0.2973945140838623,1.6427884101867676,7699,7770
2026-07-31T13:00:19.164382+00:00,14838.688310368,1188.205853,1658138205.324852,1658138205.6247318,1658138207.2650852,-0.299879789352417,1.6403534412384033,7703,7774
2026-07-31T13:00:19.614489+00:00,14839.138418532,1188.655961,1658138205.7248235,1658138206.124819,1658138207.7150414,-0.3999955654144287,1.5902223587036133,7706,7777
2026-07-31T13:00:20.078787+00:00,14839.602716482,1189.120259,1658138206.1248229,1658138206.624422,1658138208.190053,-0.4995992183685303,1.5656309127807617,7709,7780
2026-07-31T13:00:20.542465+00:00,14840.066394580,1189.583937,1658138206.724913,1658138207.024505,1658138208.640072,-0.2995920181274414,1.6155672073364258,7712,7783
2026-07-31T13:00:21.152236+00:00,14840.676164754,1190.193707,1658138207.2247574,1658138207.624854,1658138209.240092,-0.4000966548919678,1.6152379512786865,7716,7787
2026-07-31T13:00:21.607769+00:00,14841.131698251,1190.649241,1658138207.524775,1658138208.124724,1658138209.7151265,-0.5999488830566406,1.590402603149414,7719,7790
2026-07-31T13:00:22.059326+00:00,14841.583255551,1191.100798,1658138207.9247496,1658138208.5246449,1658138210.1651578,-0.5998952388763428,1.6405129432678223,7722,7793
2026-07-31T13:00:22.667369+00:00,14842.191297876,1191.708840,1658138208.424737,1658138209.1245158,1658138210.7651691,-0.6997787952423096,1.640653371810913,7726,7797
2026-07-31T13:00:23.115407+00:00,14842.639336446,1192.156879,1658138208.924829,1658138209.6248152,1658138211.2151718,-0.6999862194061279,1.5903565883636475,7729,7800
2026-07-31T13:00:23.569317+00:00,14843.093245708,1192.610788,1658138209.6248193,1658138210.0248237,1658138211.6652095,-0.40000438690185547,1.6403858661651611,7732,7803
2026-07-31T13:00:24.170985+00:00,14843.694914309,1193.212457,1658138210.324846,1658138210.7248302,1658138212.2652402,-0.39998412132263184,1.540410041809082,7736,7807
2026-07-31T13:00:24.625677+00:00,14844.149605995,1193.667148,1658138210.7248387,1658138211.124579,1658138212.7152357,-0.39974021911621094,1.5906567573547363,7739,7810
2026-07-31T13:00:25.071058+00:00,14844.594986777,1194.112529,1658138211.1247125,1658138211.5248108,1658138213.165274,-0.4000983238220215,1.64046311378479,7742,7813
2026-07-31T13:00:25.670464+00:00,14845.194393537,1194.711936,1658138211.6249232,1658138212.1247404,1658138213.7652886,-0.4998171329498291,1.6405482292175293,7746,7817
2026-07-31T13:00:26.123899+00:00,14845.647828559,1195.165371,1658138212.2245848,1658138212.6247902,1658138214.2153141,-0.4002053737640381,1.5905239582061768,7749,7820
2026-07-31T13:00:26.588225+00:00,14846.112153245,1195.629696,1658138212.624823,1658138213.1249192,1658138214.690319,-0.5000960826873779,1.5653998851776123,7752,7823
2026-07-31T13:00:27.039981+00:00,14846.563910106,1196.081453,1658138213.1249237,1658138213.5248506,1658138215.1404483,-0.39992690086364746,1.6155977249145508,7755,7826
2026-07-31T13:00:27.644339+00:00,14847.168268225,1196.685811,1658138213.8247437,1658138214.124794,1658138215.7403648,-0.3000502586364746,1.6155707836151123,7759,7830
2026-07-31T13:00:28.095251+00:00,14847.619180446,1197.136723,1658138214.2246857,1658138214.6248167,1658138216.1903882,-0.4001309871673584,1.5655715465545654,7762,7833
2026-07-31T13:00:28.550306+00:00,14848.074235083,1197.591778,1658138214.6248205,1658138215.024774,1658138216.6403954,-0.39995360374450684,1.6156213283538818,7765,7836
2026-07-31T13:00:29.148477+00:00,14848.672406442,1198.189949,1658138215.2247074,1658138215.6243057,1658138217.2404263,-0.3995983600616455,1.6161205768585205,7769,7840
2026-07-31T13:00:29.599697+00:00,14849.123626385,1198.641169,1658138215.5248582,1658138216.1248226,1658138217.6904576,-0.5999643802642822,1.5656349658966064,7772,7843
2026-07-31T13:00:30.046127+00:00,14849.570056108,1199.087599,1658138216.1248977,1658138216.524642,1658138218.1404622,-0.39974427223205566,1.6158201694488525,7775,7846
2026-07-31T13:00:30.658162+00:00,14850.182091123,1199.699634,1658138216.524913,1658138217.1247752,1658138218.7654855,-0.5998620986938477,1.6407103538513184,7779,7850
2026-07-31T13:00:31.111479+00:00,14850.635408505,1200.152951,1658138217.1248295,1658138217.6247702,1658138219.2155063,-0.4999406337738037,1.5907361507415771,7782,7853
2026-07-31T13:00:31.559024+00:00,14851.082953698,1200.600496,1658138217.6248157,1658138218.0248036,1658138219.6655257,-0.39998793601989746,1.6407220363616943,7785,7856
2026-07-31T13:00:32.162030+00:00,14851.685959404,1201.203502,1658138218.2247708,1658138218.6247325,1658138220.2655625,-0.3999617099761963,1.6408300399780273,7789,7860
2026-07-31T13:00:32.618782+00:00,14852.142710384,1201.660253,1658138218.824906,1658138219.1247919,1658138220.715601,-0.29988574981689453,1.5908091068267822,7792,7863
2026-07-31T13:00:33.071090+00:00,14852.595019633,1202.112562,1658138219.2247183,1658138219.524738,1658138221.1655865,-0.3000197410583496,1.6408483982086182,7795,7866
2026-07-31T13:00:33.520468+00:00,14853.045497160,1202.563040,1658138219.724807,1658138220.0248034,1658138221.6156213,-0.29999637603759766,1.590817928314209,7798,7869
2026-07-31T13:00:34.128311+00:00,14853.653340410,1203.170883,1658138220.1249163,1658138220.6248035,1658138222.2406316,-0.49988722801208496,1.615828037261963,7802,7873
2026-07-31T13:00:34.582412+00:00,14854.107442365,1203.624985,1658138220.6248534,1658138221.0248117,1658138222.6906474,-0.39995837211608887,1.6658356189727783,7805,7876
2026-07-31T13:00:35.030458+00:00,14854.555488495,1204.073031,1658138221.1249309,1658138221.5247405,1658138223.1407094,-0.3998095989227295,1.615968942642212,7808,7879
2026-07-31T13:00:35.629557+00:00,14855.154587114,1204.672130,1658138221.6248333,1658138222.1232393,1658138223.740817,-0.49840593338012695,1.6175777912139893,7812,7883
2026-07-31T13:00:36.079108+00:00,14855.604137363,1205.121680,1658138222.1249235,1658138222.5248983,1658138224.1907122,-0.3999748229980469,1.66581392288208,7815,7886
2026-07-31T13:00:36.536118+00:00,14856.061148347,1205.578691,1658138222.5249023,1658138223.024811,1658138224.6408126,-0.4999086856842041,1.6160016059875488,7818,7889
2026-07-31T13:00:37.136528+00:00,14856.661556222,1206.179099,1658138223.1249173,1658138223.6249092,1658138225.2407513,-0.49999189376831055,1.6158421039581299,7822,7893
2026-07-31T13:00:37.589543+00:00,14857.114572675,1206.632115,1658138223.6249304,1658138224.1247709,1658138225.6907835,-0.49984049797058105,1.5660126209259033,7825,7896
2026-07-31T13:00:38.042951+00:00,14857.567980960,1207.085523,1658138224.0249207,1658138224.5247512,1658138226.1407924,-0.4998304843902588,1.6160411834716797,7828,7899
2026-07-31T13:00:38.651686+00:00,14858.176715149,1207.694258,1658138224.624915,1658138225.12482,1658138226.7408116,-0.4999051094055176,1.6159915924072266,7832,7903
2026-07-31T13:00:39.100362+00:00,14858.625391317,1208.142934,1658138225.1248534,1658138225.6248662,1658138227.1908426,-0.5000128746032715,1.5659763813018799,7835,7906
2026-07-31T13:00:39.549087+00:00,14859.074117682,1208.591660,1658138225.5247686,1658138226.0247366,1658138227.6409044,-0.4999680519104004,1.6161677837371826,7838,7909
2026-07-31T13:00:40.159777+00:00,14859.684806698,1209.202349,1658138225.9248958,1658138226.62408,1658138228.2658694,-0.6991841793060303,1.641789436340332,7842,7913
2026-07-31T13:00:40.619419+00:00,14860.144448879,1209.661991,1658138226.6248205,1658138227.1247292,1658138228.7158875,-0.4999086856842041,1.591158390045166,7845,7916
2026-07-31T13:00:41.069952+00:00,14860.594982220,1210.112525,1658138227.0248168,1658138227.5248563,1658138229.1659305,-0.5000395774841309,1.6410741806030273,7848,7919
2026-07-31T13:00:41.670299+00:00,14861.195327883,1210.712870,1658138227.7249093,1658138228.2244554,1658138229.7659497,-0.4995460510253906,1.541494369506836,7852,7923
2026-07-31T13:00:42.123828+00:00,14861.648857385,1211.166400,1658138228.4247503,1658138228.6247234,1658138230.2159717,-0.19997310638427734,1.5912482738494873,7855,7926
2026-07-31T13:00:42.582434+00:00,14862.107463540,1211.625006,1658138228.8247464,1658138229.124583,1658138230.69097,-0.2998366355895996,1.5663869380950928,7858,7929
2026-07-31T13:00:43.030052+00:00,14862.555081645,1212.072624,1658138229.2245367,1658138229.52468,1658138231.1410007,-0.3001432418823242,1.6163208484649658,7861,7932
2026-07-31T13:00:43.634560+00:00,14863.159589569,1212.677132,1658138229.824824,1658138230.1248155,1658138231.7410111,-0.2999913692474365,1.6161956787109375,7865,7936
2026-07-31T13:00:44.085031+00:00,14863.610060405,1213.127603,1658138230.124853,1658138230.5234203,1658138232.1910274,-0.39856743812561035,1.667607069015503,7868,7939
2026-07-31T13:00:44.538685+00:00,14864.063715400,1213.581258,1658138230.524914,1658138231.024729,1658138232.6410463,-0.4998149871826172,1.6163172721862793,7871,7942
2026-07-31T13:00:45.140633+00:00,14864.665663181,1214.183206,1658138231.2247734,1658138231.6246994,1658138233.2410965,-0.39992594718933105,1.6163971424102783,7875,7946
2026-07-31T13:00:45.590033+00:00,14865.115061700,1214.632604,1658138231.6247451,1658138232.1249166,1658138233.6911037,-0.500171422958374,1.5661871433258057,7878,7949
2026-07-31T13:00:46.050043+00:00,14865.575073169,1215.092616,1658138232.1249204,1658138232.5248094,1658138234.1411202,-0.3998889923095703,1.6163108348846436,7881,7952
2026-07-31T13:00:46.654390+00:00,14866.179419386,1215.696962,1658138232.7247567,1658138233.124859,1658138234.7661405,-0.4001023769378662,1.6412813663482666,7885,7956
2026-07-31T13:00:47.101857+00:00,14866.626885899,1216.144428,1658138233.0247667,1658138233.6248357,1658138235.1912484,-0.6000690460205078,1.5664126873016357,7888,7959
2026-07-31T13:00:47.553601+00:00,14867.078630476,1216.596173,1658138233.52475,1658138234.024815,1658138235.666189,-0.5000650882720947,1.641373872756958,7891,7962
2026-07-31T13:00:48.163814+00:00,14867.688842651,1217.206385,1658138234.2248192,1658138234.6247997,1658138236.2662091,-0.3999805450439453,1.6414093971252441,7895,7966
2026-07-31T13:00:48.621719+00:00,14868.146748823,1217.664291,1658138234.9248347,1658138235.124609,1658138236.7162292,-0.19977426528930664,1.5916202068328857,7898,7969
2026-07-31T13:00:49.073165+00:00,14868.598194988,1218.115737,1658138235.3249207,1658138235.624925,1658138237.1662555,-0.300004243850708,1.5413305759429932,7901,7972
2026-07-31T13:00:49.529956+00:00,14869.054985234,1218.572528,1658138235.7247663,1658138236.0247993,1658138237.6412969,-0.3000330924987793,1.61649751663208,7904,7975
2026-07-31T13:00:50.134567+00:00,14869.659596827,1219.177139,1658138236.2244515,1658138236.6248167,1658138238.241293,-0.40036511421203613,1.61647629737854,7908,7979
2026-07-31T13:00:50.590047+00:00,14870.115076284,1219.632619,1658138236.6249287,1658138237.1248746,1658138238.691323,-0.49994587898254395,1.566448450088501,7911,7982
2026-07-31T13:00:51.039241+00:00,14870.564270578,1220.081813,1658138237.0248125,1658138237.524833,1658138239.1413274,-0.5000205039978027,1.6164944171905518,7914,7985
2026-07-31T13:00:51.640048+00:00,14871.165077996,1220.682620,1658138237.6249175,1658138238.124473,1658138239.7413466,-0.4995555877685547,1.6168735027313232,7918,7989
2026-07-31T13:00:52.099209+00:00,14871.624239142,1221.141782,1658138238.1247478,1658138238.6248636,1658138240.191371,-0.5001158714294434,1.566507339477539,7921,7992
2026-07-31T13:00:52.545912+00:00,14872.070940842,1221.588483,1658138238.5248182,1658138239.024403,1658138240.6413934,-0.4995849132537842,1.616990327835083,7924,7995
2026-07-31T13:00:53.144328+00:00,14872.669357739,1222.186900,1658138239.1247432,1658138239.6248283,1658138241.2414155,-0.5000851154327393,1.6165871620178223,7928,7999
2026-07-31T13:00:53.599415+00:00,14873.124444350,1222.641987,1658138239.4248962,1658138240.124904,1658138241.691468,-0.7000076770782471,1.5665640830993652,7931,8002
2026-07-31T13:00:54.061287+00:00,14873.586315773,1223.103858,1658138239.7248132,1658138240.5248027,1658138242.1664696,-0.7999894618988037,1.6416668891906738,7934,8005
2026-07-31T13:00:54.661562+00:00,14874.186592524,1223.704135,1658138240.3248909,1658138241.1246998,1658138242.7664735,-0.7998089790344238,1.6417737007141113,7938,8009
2026-07-31T13:00:55.132031+00:00,14874.657058709,1224.174601,1658138240.9248116,1658138241.6232848,1658138243.2414837,-0.6984732151031494,1.6181988716125488,7941,8012
2026-07-31T13:00:55.599626+00:00,14875.124655532,1224.642198,1658138241.3248124,1658138242.1248913,1658138243.6915185,-0.8000788688659668,1.5666272640228271,7944,8015
2026-07-31T13:00:56.068201+00:00,14875.593231243,1225.110774,1658138242.1249166,1658138242.6247478,1658138244.1665425,-0.4998311996459961,1.541794776916504,7947,8018
2026-07-31T13:00:56.675395+00:00,14876.200424800,1225.717967,1658138242.724841,1658138243.2247713,1658138244.766564,-0.49993014335632324,1.541792631149292,7951,8022
2026-07-31T13:00:57.128974+00:00,14876.654003927,1226.171546,1658138243.1248543,1658138243.6248834,1658138245.2415702,-0.5000290870666504,1.6166868209838867,7954,8025
2026-07-31T13:00:57.582134+00:00,14877.107163501,1226.624706,1658138243.6249082,1658138244.123607,1658138245.6915867,-0.49869871139526367,1.5679798126220703,7957,8028
2026-07-31T13:00:58.040703+00:00,14877.565733243,1227.083276,1658138244.1247287,1658138244.5249183,1658138246.1416144,-0.4001896381378174,1.6166961193084717,7960,8031
2026-07-31T13:00:58.643028+00:00,14878.168056073,1227.685599,1658138244.7248428,1658138245.1242414,1658138246.7416441,-0.3993985652923584,1.6174027919769287,7964,8035
2026-07-31T13:00:59.098240+00:00,14878.623270196,1228.140813,1658138245.2246969,1658138245.6248085,1658138247.1916583,-0.40011167526245117,1.566849708557129,7967,8038
2026-07-31T13:00:59.546859+00:00,14879.071888858,1228.589431,1658138245.7249053,1658138246.024248,1658138247.6416912,-0.29934263229370117,1.617443323135376,7970,8041
2026-07-31T13:01:00.163659+00:00,14879.688688868,1229.206231,1658138246.424744,1658138246.62491,1658138248.2667031,-0.2001662254333496,1.6417930126190186,7974,8045
2026-07-31T13:01:00.611509+00:00,14880.136538442,1229.654081,1658138246.7247534,1658138247.1247299,1658138248.7167146,-0.3999764919281006,1.591984748840332,7977,8048
2026-07-31T13:01:01.058818+00:00,14880.583847566,1230.101390,1658138247.1248715,1658138247.5249228,1658138249.166766,-0.4000513553619385,1.6418430805206299,7980,8051
2026-07-31T13:01:01.520563+00:00,14881.045593371,1230.563136,1658138247.5249274,1658138248.024211,1658138249.6168442,-0.4992835521697998,1.5926332473754883,7983,8054
2026-07-31T13:01:02.130467+00:00,14881.655496390,1231.173039,1658138248.124849,1658138248.624508,1658138250.241783,-0.49965882301330566,1.6172749996185303,7987,8058
2026-07-31T13:01:02.577496+00:00,14882.102524207,1231.620067,1658138248.6248205,1658138249.1246893,1658138250.6667926,-0.49986886978149414,1.5421032905578613,7990,8061
2026-07-31T13:01:03.034815+00:00,14882.559841541,1232.077384,1658138249.0249245,1658138249.5242553,1658138251.1418116,-0.4993307590484619,1.6175563335418701,7993,8064
2026-07-31T13:01:03.639864+00:00,14883.166378030,1232.683920,1658138249.6247427,1658138250.124483,1658138251.7418432,-0.4997403621673584,1.6173601150512695,7997,8068
2026-07-31T13:01:04.097196+00:00,14883.623710753,1233.141253,1658138249.9247541,1658138250.624783,1658138252.1918554,-0.7000288963317871,1.5670723915100098,8000,8071
2026-07-31T13:01:04.548577+00:00,14884.075091549,1233.592634,1658138250.3246956,1658138251.0247648,1658138252.6418855,-0.7000691890716553,1.6171207427978516,8003,8074
2026-07-31T13:01:05.148648+00:00,14884.675162784,1234.192705,1658138250.8249218,1658138251.6249058,1658138253.2419035,-0.7999839782714844,1.6169977188110352,8007,8078
2026-07-31T13:01:05.599936+00:00,14885.126450979,1234.643993,1658138251.4247537,1658138252.1247795,1658138253.6919193,-0.7000257968902588,1.5671398639678955,8010,8081
2026-07-31T13:01:06.056532+00:00,14885.583044069,1235.100587,1658138252.024926,1658138252.524734,1658138254.1669242,-0.49980807304382324,1.6421902179718018,8013,8084
2026-07-31T13:01:06.667998+00:00,14886.194512389,1235.712055,1658138252.6248906,1658138253.2248797,1658138254.766946,-0.5999891757965088,1.5420663356781006,8017,8088
2026-07-31T13:01:07.116417+00:00,14886.642930117,1236.160473,1658138253.124834,1658138253.6247742,1658138255.2169676,-0.4999401569366455,1.592193365097046,8020,8091
2026-07-31T13:01:07.580047+00:00,14887.106561515,1236.624104,1658138253.5249243,1658138254.1247902,1658138255.6919825,-0.5998659133911133,1.5671923160552979,8023,8094
2026-07-31T13:01:08.030642+00:00,14887.557156018,1237.074698,1658138253.9249218,1658138254.5248182,1658138256.1419964,-0.5998964309692383,1.617178201675415,8026,8097
2026-07-31T13:01:08.635570+00:00,14888.162083664,1237.679626,1658138254.3249013,1658138255.124714,1658138256.742027,-0.7998125553131104,1.6173131465911865,8030,8101
2026-07-31T13:01:09.083758+00:00,14888.610272417,1238.127815,1658138254.8248363,1658138255.6247437,1658138257.1920376,-0.7999074459075928,1.5672938823699951,8033,8104
2026-07-31T13:01:09.542371+00:00,14889.068885702,1238.586428,1658138255.524918,1658138256.0220337,1658138257.6420894,-0.4971156120300293,1.6200556755065918,8036,8107
2026-07-31T13:01:10.151170+00:00,14889.677683142,1239.195226,1658138256.0247543,1658138256.624815,1658138258.2420766,-0.6000607013702393,1.6172616481781006,8040,8111
2026-07-31T13:01:10.596463+00:00,14890.122976679,1239.640519,1658138256.4248884,1658138257.1248896,1658138258.692135,-0.7000012397766113,1.5672454833984375,8043,8114
2026-07-31T13:01:11.048673+00:00,14890.575186883,1240.092729,1658138256.9248466,1658138257.5248823,1658138259.1421156,-0.6000356674194336,1.6172332763671875,8046,8117
2026-07-31T13:01:11.652185+00:00,14891.178699232,1240.696242,1658138257.4248126,1658138258.1245413,1658138259.7671416,-0.6997287273406982,1.6426002979278564,8050,8121
2026-07-31T13:01:12.104048+00:00,14891.630562152,1241.148105,1658138257.924776,1658138258.6249075,1658138260.2171493,-0.7001314163208008,1.5922417640686035,8053,8124
2026-07-31T13:01:12.549034+00:00,14892.075547627,1241.593090,1658138258.3248832,1658138259.023608,1658138260.6421647,-0.6987247467041016,1.6185567378997803,8056,8127
2026-07-31T13:01:13.149318+00:00,14892.675831698,1242.193374,1658138258.7247455,1658138259.624814,1658138261.242188,-0.9000685214996338,1.6173739433288574,8060,8131
2026-07-31T13:01:13.596866+00:00,14893.123380251,1242.640923,1658138259.224931,1658138260.1246665,1658138261.6922188,-0.8997354507446289,1.5675523281097412,8063,8134
2026-07-31T13:01:14.047822+00:00,14893.574336738,1243.091879,1658138259.624818,1658138260.524832,1658138262.142224,-0.9000139236450195,1.6173920631408691,8066,8137
2026-07-31T13:01:14.648894+00:00,14894.175407624,1243.692950,1658138260.124766,1658138261.124735,1658138262.7422497,-0.9999690055847168,1.6175146102905273,8070,8141
2026-07-31T13:01:15.102731+00:00,14894.629245388,1244.146788,1658138260.8247232,1658138261.6247375,1658138263.2172751,-0.8000142574310303,1.5925376415252686,8073,8144
2026-07-31T13:01:15.564141+00:00,14895.090655421,1244.608198,1658138261.4249187,1658138262.0246127,1658138263.6672935,-0.599694013595581,1.6426808834075928,8076,8147
2026-07-31T13:01:16.168536+00:00,14895.695050778,1245.212593,1658138261.924908,1658138262.6248076,1658138264.2673273,-0.6998996734619141,1.6425197124481201,8080,8151
2026-07-31T13:01:16.613220+00:00,14896.139734538,1245.657277,1658138262.5248566,1658138263.1247218,1658138264.7173421,-0.599865198135376,1.5926203727722168,8083,8154
2026-07-31T13:01:17.065538+00:00,14896.592050617,1246.109593,1658138262.9248307,1658138263.6234734,1658138265.167359,-0.6986427307128906,1.5438857078552246,8086,8157
2026-07-31T13:01:17.663277+00:00,14897.189791438,1246.707334,1658138263.6248446,1658138264.1248796,1658138265.7674055,-0.5000350475311279,1.6425259113311768,8090,8161
2026-07-31T13:01:18.113043+00:00,14897.639558023,1247.157100,1658138264.324906,1658138264.624783,1658138266.2174125,-0.2998769283294678,1.5926294326782227,8093,8164
2026-07-31T13:01:18.566454+00:00,14898.092967900,1247.610510,1658138264.7249246,1658138265.124577,1658138266.6674402,-0.39965248107910156,1.542863130569458,8096,8167
2026-07-31T13:01:19.023111+00:00,14898.549625183,1248.067168,1658138265.0248299,1658138265.5248559,1658138267.117451,-0.5000259876251221,1.592595100402832,8099,8170
2026-07-31T13:01:19.625259+00:00,14899.151773900,1248.669316,1658138265.4247596,1658138266.1248963,1658138267.717485,-0.700136661529541,1.5925886631011963,8103,8174
2026-07-31T13:01:20.085628+00:00,14899.612142334,1249.129685,1658138265.7249262,1658138266.6246932,1658138268.1925025,-0.8997669219970703,1.5678093433380127,8106,8177
2026-07-31T13:01:20.539734+00:00,14900.066248058,1249.583791,1658138266.1249003,1658138267.0239952,1658138268.6425095,-0.899094820022583,1.6185142993927002,8109,8180
2026-07-31T13:01:21.140971+00:00,14900.667485481,1250.185028,1658138266.924753,1658138267.6246731,1658138269.2425637,-0.6999201774597168,1.6178905963897705,8113,8184
2026-07-31T13:01:21.599217+00:00,14901.125732207,1250.643275,1658138267.324735,1658138268.1247897,1658138269.6925755,-0.8000547885894775,1.5677857398986816,8116,8187
2026-07-31T13:01:22.049703+00:00,14901.576217298,1251.093760,1658138268.0247586,1658138268.5244484,1658138270.142589,-0.49968981742858887,1.618140697479248,8119,8190
2026-07-31T13:01:22.646611+00:00,14902.173124365,1251.690667,1658138268.7249022,1658138269.1244793,1658138270.742613,-0.39957714080810547,1.618133783340454,8123,8194
2026-07-31T13:01:23.101725+00:00,14902.628229367,1252.145772,1658138269.3248692,1658138269.6247077,1658138271.1926365,-0.2998385429382324,1.5679287910461426,8126,8197
2026-07-31T13:01:23.560732+00:00,14903.087246310,1252.604789,1658138269.724918,1658138270.0249128,1658138271.667658,-0.29999494552612305,1.6427452564239502,8129,8200
2026-07-31T13:01:24.169427+00:00,14903.695941228,1253.213484,1658138270.224692,1658138270.7249053,1658138272.2676878,-0.5002131462097168,1.5427825450897217,8133,8204
2026-07-31T13:01:24.613869+00:00,14904.140383760,1253.657926,1658138270.7249093,1658138271.1247106,1658138272.71772,-0.39980125427246094,1.5930094718933105,8136,8207
2026-07-31T13:01:25.062955+00:00,14904.589468748,1254.107011,1658138271.2247565,1658138271.5248656,1658138273.1677399,-0.3001091480255127,1.6428742408752441,8139,8210
2026-07-31T13:01:25.664374+00:00,14905.190886932,1254.708429,1658138271.924749,1658138272.1248412,1658138273.7677584,-0.20009231567382812,1.6429171562194824,8143,8214
2026-07-31T13:01:26.122633+00:00,14905.649147068,1255.166690,1658138272.4247553,1658138272.6248424,1658138274.2177684,-0.2000870704650879,1.592926025390625,8146,8217
2026-07-31T13:01:26.577757+00:00,14906.104271232,1255.621814,1658138272.8248727,1658138273.1247015,1658138274.6927977,-0.29982876777648926,1.5680961608886719,8149,8220
2026-07-31T13:01:27.029798+00:00,14906.556312662,1256.073855,1658138273.32493,1658138273.524599,1658138275.1428177,-0.19966912269592285,1.6182186603546143,8152,8223
2026-07-31T13:01:27.639648+00:00,14907.166162151,1256.683705,1658138273.8248844,1658138274.1240084,1658138275.74285,-0.29912400245666504,1.6188416481018066,8156,8227
2026-07-31T13:01:28.086025+00:00,14907.612539044,1257.130082,1658138274.2246845,1658138274.624695,1658138276.1928694,-0.4000105857849121,1.5681743621826172,8159,8230
2026-07-31T13:01:28.536188+00:00,14908.062702115,1257.580245,1658138274.7247357,1658138275.0247514,1658138276.6428864,-0.3000156879425049,1.6181349754333496,8162,8233
2026-07-31T13:01:29.134531+00:00,14908.661045165,1258.178588,1658138275.1248455,1658138275.6224155,1658138277.2429132,-0.4975700378417969,1.620497703552246,8166,8237
2026-07-31T13:01:29.592271+00:00,14909.118784940,1258.636327,1658138275.424901,1658138276.1249084,1658138277.6929433,-0.700007438659668,1.5680348873138428,8169,8240
2026-07-31T13:01:30.041185+00:00,14909.567700163,1259.085243,1658138276.0248141,1658138276.5247562,1658138278.1429687,-0.4999420642852783,1.6182124614715576,8172,8243
2026-07-31T13:01:30.646254+00:00,14910.172767909,1259.690310,1658138276.4249196,1658138277.1248772,1658138278.7429821,-0.6999576091766357,1.6181049346923828,8176,8247
2026-07-31T13:01:31.099388+00:00,14910.625901548,1260.143444,1658138276.8249075,1658138277.624714,1658138279.1930015,-0.7998063564300537,1.5682876110076904,8179,8250
2026-07-31T13:01:31.558504+00:00,14911.085017979,1260.602560,1658138277.4247825,1658138278.0239577,1658138279.6680167,-0.599175214767456,1.6440589427947998,8182,8253
2026-07-31T13:01:32.154396+00:00,14911.680910271,1261.198453,1658138277.9247408,1658138278.6246653,1658138280.2680418,-0.6999244689941406,1.6433765888214111,8186,8257
2026-07-31T13:01:32.603990+00:00,14912.130503969,1261.648046,1658138278.5249188,1658138279.124732,1658138280.718064,-0.5998132228851318,1.593332052230835,8189,8260
2026-07-31T13:01:33.054436+00:00,14912.580950583,1262.098493,1658138279.0248609,1658138279.5247438,1658138281.1680763,-0.49988293647766113,1.6433324813842773,8192,8263
2026-07-31T13:01:33.652601+00:00,14913.179858496,1262.697401,1658138279.5247478,1658138280.1248262,1658138281.7680979,-0.6000783443450928,1.6432716846466064,8196,8267
2026-07-31T13:01:34.109069+00:00,14913.636326774,1263.153869,1658138279.8249235,1658138280.6247377,1658138282.2181222,-0.7998142242431641,1.5933845043182373,8199,8270
2026-07-31T13:01:34.557803+00:00,14914.085060333,1263.602603,1658138280.1248305,1658138281.0248346,1658138282.6681325,-0.9000041484832764,1.6432979106903076,8202,8273
2026-07-31T13:01:35.164567+00:00,14914.691824527,1264.209367,1658138280.6247501,1658138281.6245127,1658138283.2681544,-0.9997625350952148,1.643641710281372,8206,8277
2026-07-31T13:01:35.628064+00:00,14915.155322439,1264.672865,1658138280.9247396,1658138282.124922,1658138283.743189,-1.2001824378967285,1.6182670593261719,8209,8280
2026-07-31T13:01:36.074670+00:00,14915.601927038,1265.119470,1658138281.7248044,1658138282.6247005,1658138284.1682067,-0.8998961448669434,1.543506145477295,8212,8283
2026-07-31T13:01:36.522565+00:00,14916.049822293,1265.567365,1658138282.224612,1658138283.024753,1658138284.6182168,-0.8001410961151123,1.593463659286499,8215,8286
2026-07-31T13:01:37.124909+00:00,14916.652166977,1266.169709,1658138282.8248904,1658138283.6247177,1658138285.2182462,-0.7998273372650146,1.5935285091400146,8219,8290
2026-07-31T13:01:37.588668+00:00,14917.115925651,1266.633468,1658138283.524851,1658138284.1242445,1658138285.6932633,-0.599393367767334,1.569018840789795,8222,8293
2026-07-31T13:01:38.040624+00:00,14917.567882517,1267.085425,1658138283.9248261,1658138284.5246859,1658138286.1432807,-0.5998597145080566,1.6185948848724365,8225,8296
2026-07-31T13:01:38.635393+00:00,14918.162650580,1267.680193,1658138284.4247105,1658138285.1248202,1658138286.7433112,-0.7001097202301025,1.6184909343719482,8229,8300
2026-07-31T13:01:39.089133+00:00,14918.616391022,1268.133933,1658138284.724851,1658138285.6248193,1658138287.1933222,-0.8999683856964111,1.5685029029846191,8232,8303
2026-07-31T13:01:39.543707+00:00,14919.070965447,1268.588508,1658138285.324724,1658138286.0248415,1658138287.6433434,-0.7001175880432129,1.618501901626587,8235,8306
2026-07-31T13:01:40.145042+00:00,14919.672300364,1269.189843,1658138285.8248942,1658138286.6216555,1658138288.2433727,-0.7967612743377686,1.6217172145843506,8239,8310
2026-07-31T13:01:40.597550+00:00,14920.124807798,1269.642350,1658138286.4247458,1658138287.1243188,1658138288.6934016,-0.6995730400085449,1.5690827369689941,8242,8313
2026-07-31T13:01:41.050820+00:00,14920.578077491,1270.095620,1658138287.1247685,1658138287.524852,1658138289.1434,-0.4000835418701172,1.6185479164123535,8245,8316
2026-07-31T13:01:41.673393+00:00,14921.200651511,1270.718194,1658138287.7249184,1658138288.2248256,1658138289.7684321,-0.4999072551727295,1.5436065196990967,8249,8320
2026-07-31T13:01:42.121353+00:00,14921.648609989,1271.166152,1658138288.22483,1658138288.6248176,1658138290.2184362,-0.39998769760131836,1.593618631362915,8252,8323
2026-07-31T13:01:42.566498+00:00,14922.093755188,1271.611298,1658138288.624834,1658138289.0242991,1658138290.6684697,-0.39946508407592773,1.6441705226898193,8255,8326
2026-07-31T13:01:43.026353+00:00,14922.553610978,1272.071153,1658138289.0248113,1658138289.52458,1658138291.1184752,-0.4997687339782715,1.5938951969146729,8258,8329
2026-07-31T13:01:43.625016+00:00,14923.152273364,1272.669816,1658138289.5248506,1658138290.1247954,1658138291.7185056,-0.5999448299407959,1.59371018409729,8262,8333
2026-07-31T13:01:44.074511+00:00,14923.601768797,1273.119311,1658138289.8247511,1658138290.6247246,1658138292.1685104,-0.7999734878540039,1.543785810470581,8265,8336
2026-07-31T13:01:44.523992+00:00,14924.051250354,1273.568793,1658138290.4247487,1658138291.024917,1658138292.6185338,-0.6001682281494141,1.5936169624328613,8268,8339
2026-07-31T13:01:45.132462+00:00,14924.659719593,1274.177262,1658138290.9248383,1658138291.6248105,1658138293.243572,-0.6999721527099609,1.6187615394592285,8272,8343
2026-07-31T13:01:45.597210+00:00,14925.124467296,1274.642010,1658138291.6248143,1658138292.1242108,1658138293.6935823,-0.49939656257629395,1.5693714618682861,8275,8346
2026-07-31T13:01:46.048485+00:00,14925.575742261,1275.093285,1658138292.1247597,1658138292.5246744,1658138294.1436248,-0.3999147415161133,1.618950366973877,8278,8349
2026-07-31T13:01:46.653985+00:00,14926.181242217,1275.698785,1658138292.524845,1658138293.1241558,1658138294.7686324,-0.5993108749389648,1.6444766521453857,8282,8353
2026-07-31T13:01:47.111095+00:00,14926.638352671,1276.155895,1658138292.8248672,1658138293.6249251,1658138295.218644,-0.8000578880310059,1.5937187671661377,8285,8356
2026-07-31T13:01:47.570330+00:00,14927.097587492,1276.615130,1658138293.3249035,1658138294.1247258,1658138295.6686637,-0.7998223304748535,1.5439379215240479,8288,8359
2026-07-31T13:01:48.025736+00:00,14927.552993334,1277.070536,1658138293.8248506,1658138294.5234914,1658138296.118695,-0.6986408233642578,1.5952036380767822,8291,8362
2026-07-31T13:01:48.637141+00:00,14928.164398512,1277.681941,1658138294.724767,1658138295.1247206,1658138296.7437098,-0.39995360374450684,1.6189892292022705,8295,8366
2026-07-31T13:01:49.093167+00:00,14928.620425870,1278.137968,1658138295.2247617,1658138295.6247454,1658138297.1937354,-0.39998364448547363,1.5689899921417236,8298,8369
2026-07-31T13:01:49.544118+00:00,14929.071376399,1278.588919,1658138295.7248368,1658138296.0244215,1658138297.6437516,-0.29958462715148926,1.6193301677703857,8301,8372
2026-07-31T13:01:50.160349+00:00,14929.687606938,1279.205149,1658138296.1248555,1658138296.624853,1658138298.2687807,-0.4999973773956299,1.643927812576294,8305,8376
2026-07-31T13:01:50.609951+00:00,14930.137208851,1279.654751,1658138296.624865,1658138297.1248205,1658138298.7187817,-0.499955415725708,1.593961238861084,8308,8379
2026-07-31T13:01:51.091964+00:00,14930.619221878,1280.136764,1658138297.0248518,1658138297.5247567,1658138299.1938145,-0.4999048709869385,1.669057846069336,8311,8382
2026-07-31T13:01:51.551156+00:00,14931.078413827,1280.595956,1658138297.3249068,1658138298.0247054,1658138299.6438382,-0.699798583984375,1.6191327571868896,8314,8385
2026-07-31T13:01:52.155517+00:00,14931.682775449,1281.200318,1658138297.824754,1658138298.6248558,1658138300.268852,-0.8001017570495605,1.643996238708496,8318,8389
2026-07-31T13:01:52.606886+00:00,14932.134142131,1281.651685,1658138298.5247593,1658138299.124779,1658138300.7188702,-0.6000196933746338,1.5940911769866943,8321,8392
2026-07-31T13:01:53.065160+00:00,14932.592417539,1282.109960,1658138298.8249025,1658138299.5243878,1658138301.16889,-0.6994853019714355,1.6445021629333496,8324,8395
2026-07-31T13:01:53.667763+00:00,14933.195020201,1282.712563,1658138299.8249161,1658138300.1238985,1658138301.7689161,-0.2989823818206787,1.6450176239013672,8328,8399
2026-07-31T13:01:54.118264+00:00,14933.645522334,1283.163065,1658138300.2246704,1658138300.6248777,1658138302.21894,-0.4002072811126709,1.594062328338623,8331,8402
2026-07-31T13:01:54.573381+00:00,14934.100638722,1283.618181,1658138300.6249192,1658138301.024903,1658138302.6689568,-0.39998388290405273,1.6440536975860596,8334,8405
2026-07-31T13:01:55.032973+00:00,14934.560230425,1284.077773,1658138301.224615,1658138301.524911,1658138303.1439757,-0.3002958297729492,1.6190648078918457,8337,8408
2026-07-31T13:01:55.635850+00:00,14935.163108531,1284.680651,1658138301.7248373,1658138302.1248202,1658138303.7439964,-0.39998292922973633,1.6191761493682861,8341,8412
2026-07-31T13:01:56.089970+00:00,14935.617229025,1285.134771,1658138302.224749,1658138302.5247498,1658138304.194016,-0.3000006675720215,1.6692662239074707,8344,8415
2026-07-31T13:01:56.547571+00:00,14936.074828599,1285.592371,1658138302.6248622,1658138303.0248382,1658138304.644053,-0.3999760150909424,1.6192147731781006,8347,8418
2026-07-31T13:01:57.163322+00:00,14936.690580110,1286.208123,1658138303.0248632,1658138303.6248517,1658138305.2690558,-0.5999884605407715,1.6442041397094727,8351,8422
2026-07-31T13:01:57.613417+00:00,14937.140674667,1286.658217,1658138303.6249185,1658138304.124661,1658138305.7190688,-0.4997425079345703,1.5944077968597412,8354,8425
2026-07-31T13:01:58.069906+00:00,14937.597164154,1287.114707,1658138304.0247583,1658138304.623589,1658138306.1690953,-0.5988306999206543,1.545506238937378,8357,8428
2026-07-31T13:01:58.522620+00:00,14938.049878374,1287.567421,1658138304.4248495,1658138305.023655,1658138306.61912,-0.5988054275512695,1.5954649448394775,8360,8431
2026-07-31T13:01:59.136337+00:00,14938.663595390,1288.181138,1658138305.224563,1658138305.624627,1658138307.2441382,-0.40006422996520996,1.6195111274719238,8364,8435
2026-07-31T13:01:59.584097+00:00,14939.111354609,1288.628897,1658138305.6248105,1658138306.1244788,1658138307.6941552,-0.4996683597564697,1.569676399230957,8367,8438
2026-07-31T13:02:00.031011+00:00,14939.558268510,1289.075811,1658138306.0249028,1658138306.5240703,1658138308.1441822,-0.49916744232177734,1.6201119422912598,8370,8441
2026-07-31T13:02:00.639971+00:00,14940.167228629,1289.684771,1658138306.7248619,1658138307.124789,1658138308.7441962,-0.39992713928222656,1.6194071769714355,8374,8445
2026-07-31T13:02:01.100475+00:00,14940.627733345,1290.145276,1658138307.2247345,1658138307.6239877,1658138309.194206,-0.39925312995910645,1.5702183246612549,8377,8448
2026-07-31T13:02:01.554247+00:00,14941.081504520,1290.599047,1658138307.5247602,1658138308.0237696,1658138309.6692276,-0.499009370803833,1.6454579830169678,8380,8451
2026-07-31T13:02:02.154723+00:00,14941.681981463,1291.199524,1658138307.924844,1658138308.6246996,1658138310.2692583,-0.6998555660247803,1.6445586681365967,8384,8455
2026-07-31T13:02:02.607508+00:00,14942.134765599,1291.652308,1658138308.524856,1658138309.1241937,1658138310.7192764,-0.5993375778198242,1.5950827598571777,8387,8458
2026-07-31T13:02:03.061396+00:00,14942.588654091,1292.106197,1658138308.8247423,1658138309.5247505,1658138311.1693442,-0.7000081539154053,1.6445937156677246,8390,8461
2026-07-31T13:02:03.668322+00:00,14943.197059585,1292.714602,1658138309.4247386,1658138310.224649,1658138311.7693105,-0.799910306930542,1.544661521911621,8394,8465
2026-07-31T13:02:04.116025+00:00,14943.644761903,1293.162304,1658138309.7249012,1658138310.6245027,1658138312.2193236,-0.8996014595031738,1.5948209762573242,8397,8468
2026-07-31T13:02:04.574189+00:00,14944.102926553,1293.620469,1658138310.1247425,1658138311.1248114,1658138312.669353,-1.0000689029693604,1.544541597366333,8400,8471
2026-07-31T13:02:05.028148+00:00,14944.556885158,1294.074428,1658138310.624752,1658138311.5246663,1658138313.1443622,-0.8999142646789551,1.6196959018707275,8403,8474
2026-07-31T13:02:05.647964+00:00,14945.176700462,1294.694243,1658138311.2248442,1658138312.1248329,1658138313.744404,-0.8999886512756348,1.6195712089538574,8407,8478
2026-07-31T13:02:06.103872+00:00,14945.632609601,1295.150152,1658138312.0248156,1658138312.6243,1658138314.2194097,-0.5994844436645508,1.5951097011566162,8410,8481
2026-07-31T13:02:06.565832+00:00,14946.094568408,1295.612111,1658138312.424746,1658138313.1248434,1658138314.6694264,-0.7000973224639893,1.5445830821990967,8413,8484
2026-07-31T13:02:07.168935+00:00,14946.697671799,1296.215214,1658138313.0247574,1658138313.723237,1658138315.26945,-0.6984796524047852,1.546212911605835,8417,8488
2026-07-31T13:02:07.617515+00:00,14947.146252264,1296.663795,1658138313.7249131,1658138314.124656,1658138315.7194617,-0.39974284172058105,1.5948057174682617,8420,8491
2026-07-31T13:02:08.070115+00:00,14947.598852612,1297.116395,1658138314.0248044,1658138314.6246202,1658138316.1695406,-0.599815845489502,1.5449204444885254,8423,8494
2026-07-31T13:02:08.528964+00:00,14948.057701648,1297.575244,1658138314.5248406,1658138315.0239134,1658138316.644493,-0.499072790145874,1.620579719543457,8426,8497
2026-07-31T13:02:09.128383+00:00,14948.657120044,1298.174663,1658138315.2247777,1658138315.624359,1658138317.2445214,-0.3995811939239502,1.6201624870300293,8430,8501
2026-07-31T13:02:09.578908+00:00,14949.107645697,1298.625188,1658138315.6249115,1658138316.1247284,1658138317.694537,-0.49981689453125,1.5698084831237793,8433,8504
2026-07-31T13:02:10.032116+00:00,14949.560853095,1299.078396,1658138316.1248572,1658138316.5249214,1658138318.1445475,-0.40006422996520996,1.6196260452270508,8436,8507
2026-07-31T13:02:10.643835+00:00,14950.172572224,1299.690115,1658138316.624764,1658138317.1248274,1658138318.7445712,-0.500063419342041,1.619743824005127,8440,8511
2026-07-31T13:02:11.099812+00:00,14950.628548850,1300.146091,1658138317.0247588,1658138317.6249082,1658138319.1945946,-0.600149393081665,1.5696864128112793,8443,8514
2026-07-31T13:02:11.550783+00:00,14951.079518936,1300.597061,1658138317.324901,1658138318.024765,1658138319.6446595,-0.6998639106750488,1.6198945045471191,8446,8517
2026-07-31T13:02:12.152176+00:00,14951.680912640,1301.198455,1658138317.7247317,1658138318.6249008,1658138320.244651,-0.9001691341400146,1.6197502613067627,8450,8521
2026-07-31T13:02:12.605636+00:00,14952.134373195,1301.651916,1658138318.224676,1658138319.1229446,1658138320.7196567,-0.8982686996459961,1.5967121124267578,8453,8524
2026-07-31T13:02:13.054562+00:00,14952.583298832,1302.100841,1658138318.6249046,1658138319.524906,1658138321.1696994,-0.9000012874603271,1.6447935104370117,8456,8527
2026-07-31T13:02:13.657470+00:00,14953.186206019,1302.703748,1658138319.3248677,1658138320.1235304,1658138321.7697055,-0.7986626625061035,1.6461751461029053,8460,8531
2026-07-31T13:02:14.105307+00:00,14953.634044347,1303.151587,1658138320.0249128,1658138320.6248164,1658138322.2197196,-0.5999035835266113,1.5949032306671143,8463,8534
2026-07-31T13:02:14.561936+00:00,14954.090672749,1303.608215,1658138320.6248207,1658138321.0248015,1658138322.669735,-0.3999807834625244,1.6449334621429443,8466,8537
2026-07-31T13:02:15.159997+00:00,14954.688734539,1304.206277,1658138321.2245708,1658138321.6247008,1658138323.2697637,-0.400130033493042,1.6450629234313965,8470,8541
2026-07-31T13:02:15.604128+00:00,14955.132864869,1304.650407,1658138321.8247497,1658138322.1245692,1658138323.719786,-0.2998194694519043,1.5952167510986328,8473,8544
2026-07-31T13:02:16.055547+00:00,14955.584284205,1305.101827,1658138322.124773,1658138322.5248938,1658138324.169793,-0.40012073516845703,1.6448991298675537,8476,8547
2026-07-31T13:02:16.661808+00:00,14956.190544600,1305.708087,1658138322.8249156,1658138323.124581,1658138324.7698257,-0.2996654510498047,1.6452445983886719,8480,8551
2026-07-31T13:02:17.116727+00:00,14956.645462814,1306.163005,1658138323.3248706,1658138323.6241503,1658138325.2198453,-0.29927968978881836,1.5956950187683105,8483,8554
2026-07-31T13:02:17.567909+00:00,14957.096646595,1306.614189,1658138323.6249158,1658138324.1235974,1658138325.6698487,-0.49868154525756836,1.5462512969970703,8486,8557
2026-07-31T13:02:18.020715+00:00,14957.549452269,1307.066995,1658138324.2245452,1658138324.524376,1658138326.1198664,-0.29983067512512207,1.5954904556274414,8489,8560
2026-07-31T13:02:18.625209+00:00,14958.153945150,1307.671488,1658138324.8248336,1658138325.1248326,1658138326.7199001,-0.2999989986419678,1.5950675010681152,8493,8564
2026-07-31T13:02:19.073532+00:00,14958.602269908,1308.119812,1658138325.2248824,1658138325.5249171,1658138327.169911,-0.300034761428833,1.644993782043457,8496,8567
2026-07-31T13:02:19.522882+00:00,14959.051618611,1308.569161,1658138325.7248583,1658138326.0246923,1658138327.6199195,-0.2998340129852295,1.5952272415161133,8499,8570
2026-07-31T13:02:20.139393+00:00,14959.668130045,1309.185673,1658138326.2248745,1658138326.6245375,1658138328.2449548,-0.39966297149658203,1.6204173564910889,8503,8574
2026-07-31T13:02:20.598005+00:00,14960.126742673,1309.644285,1658138326.6247532,1658138327.1241953,1658138328.694984,-0.49944210052490234,1.5707886219024658,8506,8577
2026-07-31T13:02:21.048696+00:00,14960.577431899,1310.094974,1658138326.924757,1658138327.5248382,1658138329.1449933,-0.600081205368042,1.6201550960540771,8509,8580
2026-07-31T13:02:21.651868+00:00,14961.180602952,1310.698145,1658138327.3249238,1658138328.1246912,1658138329.7450225,-0.7997674942016602,1.6203312873840332,8513,8584
2026-07-31T13:02:22.105565+00:00,14961.634301689,1311.151844,1658138327.8248506,1658138328.6241055,1658138330.2200356,-0.7992548942565918,1.5959300994873047,8516,8587
2026-07-31T13:02:22.561767+00:00,14962.090502453,1311.608045,1658138328.3248115,1658138329.0247526,1658138330.6700518,-0.6999411582946777,1.6452991962432861,8519,8590
2026-07-31T13:02:23.169484+00:00,14962.698221596,1312.215764,1658138329.0248194,1658138329.7248447,1658138331.2700825,-0.7000253200531006,1.5452377796173096,8523,8594
2026-07-31T13:02:23.616568+00:00,14963.145304413,1312.662847,1658138329.6247652,1658138330.124853,1658138331.720099,-0.5000877380371094,1.5952460765838623,8526,8597
2026-07-31T13:02:24.068027+00:00,14963.596764272,1313.114307,1658138329.9249146,1658138330.6247776,1658138332.1701188,-0.6998629570007324,1.5453412532806396,8529,8600
2026-07-31T13:02:24.524497+00:00,14964.053233860,1313.570776,1658138330.424903,1658138331.0246408,1658138332.6201246,-0.5997378826141357,1.5954837799072266,8532,8603
2026-07-31T13:02:25.121672+00:00,14964.650408419,1314.167951,1658138330.8248916,1658138331.6228378,1658138333.2201505,-0.7979462146759033,1.5973126888275146,8536,8607
2026-07-31T13:02:25.575201+00:00,14965.103937869,1314.621480,1658138331.2245896,1658138332.024814,1658138333.6701736,-0.8002243041992188,1.645359754562378,8539,8610
2026-07-31T13:02:26.024163+00:00,14965.552900807,1315.070443,1658138331.7249043,1658138332.5240257,1658138334.120194,-0.7991213798522949,1.5961682796478271,8542,8613
2026-07-31T13:02:26.631865+00:00,14966.160601525,1315.678144,1658138332.6249228,1658138333.1247516,1658138334.7452192,-0.4998288154602051,1.6204676628112793,8546,8617
2026-07-31T13:02:27.082867+00:00,14966.611603825,1316.129146,1658138333.1247556,1658138333.6245294,1658138335.1952376,-0.4997737407684326,1.5707082748413086,8549,8620
2026-07-31T13:02:27.537880+00:00,14967.066617990,1316.584160,1658138333.7248418,1658138334.0248618,1658138335.6452558,-0.3000199794769287,1.620393991470337,8552,8623
2026-07-31T13:02:28.138706+00:00,14967.667443497,1317.184986,1658138334.4247167,1658138334.6248577,1658138336.245275,-0.20014095306396484,1.6204173564910889,8556,8627
2026-07-31T13:02:28.595124+00:00,14968.123861490,1317.641404,1658138334.8248281,1658138335.1248167,1658138336.6953096,-0.2999885082244873,1.5704929828643799,8559,8630
2026-07-31T13:02:29.045635+00:00,14968.574371795,1318.091914,1658138335.2250001,1658138335.5248978,1658138337.1453128,-0.2998976707458496,1.6204149723052979,8562,8633
2026-07-31T13:02:29.649659+00:00,14969.178396252,1318.695939,1658138335.8249297,1658138336.1247437,1658138337.7453578,-0.29981398582458496,1.6206140518188477,8566,8637
2026-07-31T13:02:30.108295+00:00,14969.637032452,1319.154575,1658138336.3248796,1658138336.6247394,1658138338.2203565,-0.29985976219177246,1.5956170558929443,8569,8640
2026-07-31T13:02:30.564926+00:00,14970.093662769,1319.611205,1658138336.8248305,1658138337.0248783,1658138338.6704123,-0.20004773139953613,1.6455340385437012,8572,8643
2026-07-31T13:02:31.165066+00:00,14970.693803300,1320.211346,1658138337.3248773,1658138337.7244198,1658138339.2704034,-0.39954257011413574,1.5459835529327393,8576,8647
2026-07-31T13:02:31.616067+00:00,14971.144804128,1320.662347,1658138337.8248084,1658138338.1235757,1658138339.720416,-0.2987673282623291,1.5968403816223145,8579,8650
2026-07-31T13:02:32.069478+00:00,14971.598215368,1321.115758,1658138338.2247887,1658138338.6240995,1658138340.1704326,-0.399310827255249,1.5463330745697021,8582,8653
2026-07-31T13:02:32.527736+00:00,14972.056472771,1321.574015,1658138338.7247505,1658138339.0247698,1658138340.620445,-0.3000192642211914,1.5956752300262451,8585,8656
2026-07-31T13:02:33.133161+00:00,14972.661898196,1322.179441,1658138339.32491,1658138339.6248236,1658138341.2454836,-0.2999136447906494,1.6206600666046143,8589,8660
2026-07-31T13:02:33.585683+00:00,14973.115738262,1322.633281,1658138339.7247455,1658138340.1245172,1658138341.695501,-0.39977169036865234,1.57098388671875,8592,8663
2026-07-31T13:02:34.037629+00:00,14973.567683897,1323.085226,1658138340.1248891,1658138340.5248928,1658138342.1455183,-0.40000367164611816,1.6206254959106445,8595,8666
2026-07-31T13:02:34.643148+00:00,14974.173203564,1323.690746,1658138340.7248337,1658138341.1232173,1658138342.7455404,-0.39838361740112305,1.6223230361938477,8599,8670
2026-07-31T13:02:35.090553+00:00,14974.620607626,1324.138150,1658138341.2246509,1658138341.6248968,1658138343.1955764,-0.40024590492248535,1.5706796646118164,8602,8673
2026-07-31T13:02:35.541518+00:00,14975.071573839,1324.589116,1658138341.7247658,1658138342.024912,1658138343.6455712,-0.30014634132385254,1.6206591129302979,8605,8676
2026-07-31T13:02:36.145766+00:00,14975.675820826,1325.193363,1658138342.424723,1658138342.624615,1658138344.2456,-0.1998920440673828,1.6209850311279297,8609,8680
2026-07-31T13:02:36.599888+00:00,14976.129944071,1325.647487,1658138342.9248173,1658138343.124734,1658138344.695623,-0.19991660118103027,1.5708889961242676,8612,8683
2026-07-31T13:02:37.047336+00:00,14976.577391108,1326.094934,1658138343.3247335,1658138343.5228422,1658138345.1456397,-0.19810867309570312,1.6227974891662598,8615,8686
2026-07-31T13:02:37.645324+00:00,14977.175378330,1326.692921,1658138343.8249147,1658138344.1248102,1658138345.7456617,-0.2998955249786377,1.6208515167236328,8619,8690
2026-07-31T13:02:38.093433+00:00,14977.623487930,1327.141030,1658138344.224717,1658138344.6247408,1658138346.1956897,-0.4000239372253418,1.570948839187622,8622,8693
2026-07-31T13:02:38.543149+00:00,14978.073205156,1327.590748,1658138344.6248035,1658138345.0248315,1658138346.645704,-0.4000279903411865,1.6208724975585938,8625,8696
2026-07-31T13:02:39.148115+00:00,14978.678171536,1328.195714,1658138345.1247716,1658138345.6246696,1658138347.2457223,-0.49989795684814453,1.6210527420043945,8629,8700
2026-07-31T13:02:39.601769+00:00,14979.131824159,1328.649367,1658138345.7248976,1658138346.1232002,1658138347.6957479,-0.3983025550842285,1.5725476741790771,8632,8703
2026-07-31T13:02:40.056861+00:00,14979.586917366,1329.104460,1658138346.2247403,1658138346.5236661,1658138348.1707633,-0.29892587661743164,1.647097110748291,8635,8706
2026-07-31T13:02:40.672885+00:00,14980.202940880,1329.720483,1658138346.8249083,1658138347.2247458,1658138348.7707775,-0.3998374938964844,1.5460317134857178,8639,8710
2026-07-31T13:02:41.120612+00:00,14980.650667232,1330.168210,1658138347.4247532,1658138347.6217902,1658138349.2207944,-0.1970369815826416,1.5990042686462402,8642,8713
2026-07-31T13:02:41.571368+00:00,14981.101424024,1330.618966,1658138347.8248608,1658138348.1247573,1658138349.6708183,-0.2998964786529541,1.5460610389709473,8645,8716
2026-07-31T13:02:42.037829+00:00,14981.567885325,1331.085428,1658138348.2246346,1658138348.5247395,1658138350.1458437,-0.30010485649108887,1.6211042404174805,8648,8719
2026-07-31T13:02:42.640127+00:00,14982.170182674,1331.687725,1658138348.8249068,1658138349.1220613,1658138350.7458546,-0.29715442657470703,1.623793363571167,8652,8723
2026-07-31T13:02:43.088542+00:00,14982.618598015,1332.136140,1658138349.1249332,1658138349.6247146,1658138351.195888,-0.49978137016296387,1.5711734294891357,8655,8726
2026-07-31T13:02:43.544865+00:00,14983.074920977,1332.592463,1658138349.624719,1658138350.0248098,1658138351.6459057,-0.40009093284606934,1.621095895767212,8658,8729
2026-07-31T13:02:44.146511+00:00,14983.676566133,1333.194109,1658138350.3249152,1658138350.6248684,1658138352.2459219,-0.2999532222747803,1.6210534572601318,8662,8733
2026-07-31T13:02:44.602566+00:00,14984.132622002,1333.650164,1658138350.8248444,1658138351.1239696,1658138352.720928,-0.29912519454956055,1.5969583988189697,8665,8736
2026-07-31T13:02:45.050623+00:00,14984.580678228,1334.098221,1658138351.3249297,1658138351.5248482,1658138353.1459572,-0.19991850852966309,1.6211090087890625,8668,8739
2026-07-31T13:02:45.523485+00:00,14985.053540616,1334.571083,1658138351.7248986,1658138352.0180225,1658138353.6209774,-0.2931239604949951,1.6029548645019531,8671,8742
2026-07-31T13:02:46.142835+00:00,14985.672890384,1335.190433,1658138352.1247406,1658138352.6248686,1658138354.2460167,-0.5001280307769775,1.6211481094360352,8675,8746
2026-07-31T13:02:46.598764+00:00,14986.128820826,1335.646363,1658138352.4247112,1658138353.1248288,1658138354.6960282,-0.7001175880432129,1.5711994171142578,8678,8749
2026-07-31T13:02:47.051789+00:00,14986.581844124,1336.099387,1658138352.824931,1658138353.5217469,1658138355.1460376,-0.6968159675598145,1.6242907047271729,8681,8752
2026-07-31T13:02:47.657051+00:00,14987.187107059,1336.704650,1658138353.324765,1658138354.2247388,1658138355.7710667,-0.8999738693237305,1.546327829360962,8685,8756
2026-07-31T13:02:48.116971+00:00,14987.647026391,1337.164569,1658138354.0248792,1658138354.617578,1658138356.2210872,-0.5926988124847412,1.6035091876983643,8688,8759
2026-07-31T13:02:48.562199+00:00,14988.092254748,1337.609797,1658138354.3248246,1658138355.123801,1658138356.6711545,-0.7989764213562012,1.5473535060882568,8691,8762
2026-07-31T13:02:49.170554+00:00,14988.700608695,1338.218151,1658138355.1249154,1658138355.7197402,1658138357.2711291,-0.5948247909545898,1.5513889789581299,8695,8766
2026-07-31T13:02:49.617426+00:00,14989.147481521,1338.665024,1658138355.7247138,1658138356.1192937,1658138357.7211444,-0.3945798873901367,1.6018507480621338,8698,8769
2026-07-31T13:02:50.077518+00:00,14989.607573045,1339.125116,1658138356.0248358,1658138356.624725,1658138358.171163,-0.5998892784118652,1.5464379787445068,8701,8772
2026-07-31T13:02:50.532121+00:00,14990.062176911,1339.579719,1658138356.6247294,1658138357.0088081,1658138358.6461828,-0.3840787410736084,1.6373746395111084,8704,8775
2026-07-31T13:02:51.134017+00:00,14990.664072821,1340.181615,1658138357.1249359,1658138357.6249034,1658138359.2462068,-0.4999675750732422,1.6213033199310303,8708,8779
2026-07-31T13:02:51.584133+00:00,14991.114188779,1340.631731,1658138357.5248241,1658138358.121803,1658138359.696229,-0.5969789028167725,1.5744259357452393,8711,8782
2026-07-31T13:02:52.045191+00:00,14991.575247270,1341.092790,1658138358.124875,1658138358.5211415,1658138360.1462438,-0.39626646041870117,1.6251022815704346,8714,8785
2026-07-31T13:02:52.642662+00:00,14992.172717884,1341.690260,1658138358.5248315,1658138359.1145952,1658138360.7462635,-0.5897636413574219,1.6316683292388916,8718,8789
2026-07-31T13:02:53.098793+00:00,14992.628848530,1342.146391,1658138359.024915,1658138359.6165438,1658138361.196288,-0.5916287899017334,1.5797443389892578,8721,8792
2026-07-31T13:02:53.549963+00:00,14993.080018622,1342.597561,1658138359.5248942,1658138360.0248327,1658138361.6463013,-0.4999384880065918,1.6214685440063477,8724,8795
2026-07-31T13:02:54.163824+00:00,14993.693879693,1343.211422,1658138360.0248368,1658138360.7161217,1658138362.2713256,-0.6912848949432373,1.555203914642334,8728,8799
2026-07-31T13:02:54.611170+00:00,14994.141225144,1343.658768,1658138360.724811,1658138361.1249137,1658138362.7213385,-0.4001026153564453,1.5964248180389404,8731,8802
2026-07-31T13:02:55.058239+00:00,14994.588294617,1344.105837,1658138361.2247014,1658138361.6248102,1658138363.1713634,-0.40010881423950195,1.546553134918213,8734,8805
2026-07-31T13:02:55.657266+00:00,14995.187322070,1344.704865,1658138361.7249124,1658138362.2221758,1658138363.7713988,-0.49726343154907227,1.5492229461669922,8738,8809
2026-07-31T13:02:56.114035+00:00,14995.644090327,1345.161633,1658138362.1247556,1658138362.618599,1658138364.2213962,-0.49384331703186035,1.602797269821167,8741,8812
2026-07-31T13:02:56.561253+00:00,14996.091308603,1345.608851,1658138362.6248257,1658138363.0249095,1658138364.6714191,-0.4000837802886963,1.6465096473693848,8744,8815
2026-07-31T13:02:57.161183+00:00,14996.691237440,1346.208780,1658138363.0249138,1658138363.7249198,1658138365.271465,-0.7000060081481934,1.5465452671051025,8748,8819
2026-07-31T13:02:57.614997+00:00,14997.145053078,1346.662596,1658138363.6248438,1658138364.1157558,1658138365.7214618,-0.49091196060180664,1.605705976486206,8751,8822
2026-07-31T13:02:58.067203+00:00,14997.597258460,1347.114801,1658138364.0248256,1658138364.6239538,1658138366.1714916,-0.599128246307373,1.5475378036499023,8754,8825
2026-07-31T13:02:58.663603+00:00,14998.193659084,1347.711202,1658138364.8249261,1658138365.1186907,1658138366.7715223,-0.293764591217041,1.6528315544128418,8758,8829
2026-07-31T13:02:59.111960+00:00,14998.642015772,1348.159558,1658138365.3248274,1658138365.5825517,1658138367.2215238,-0.2577242851257324,1.6389720439910889,8761,8832
2026-07-31T13:02:59.561597+00:00,14999.091652318,1348.609195,1658138365.7248285,1658138366.1248033,1658138367.6715465,-0.3999748229980469,1.5467431545257568,8764,8835
2026-07-31T13:03:00.169132+00:00,14999.699188281,1349.216731,1658138366.3249278,1658138366.7018511,1658138368.2715828,-0.3769233226776123,1.5697317123413086,8768,8839
2026-07-31T13:03:00.623438+00:00,15000.153493129,1349.671036,1658138366.8248813,1658138367.1079655,1658138368.721593,-0.2830841541290283,1.6136274337768555,8771,8842
2026-07-31T13:03:01.077169+00:00,15000.607225185,1350.124768,1658138367.324889,1658138367.6185834,1658138369.1716146,-0.29369449615478516,1.5530312061309814,8774,8845
2026-07-31T13:03:01.534237+00:00,15001.064292362,1350.581835,1658138367.7248552,1658138368.0247407,1658138369.6466444,-0.29988551139831543,1.621903657913208,8777,8848
2026-07-31T13:03:02.150839+00:00,15001.680894915,1351.198437,1658138368.2247534,1658138368.6248598,1658138370.2466598,-0.40010643005371094,1.6217999458312988,8781,8852
2026-07-31T13:03:02.597582+00:00,15002.127638533,1351.645181,1658138368.6248639,1658138369.124908,1658138370.6966815,-0.5000441074371338,1.5717735290527344,8784,8855
2026-07-31T13:03:03.052585+00:00,15002.582640487,1352.100183,1658138369.0248306,1658138369.5249188,1658138371.1466935,-0.5000882148742676,1.621774673461914,8787,8858
2026-07-31T13:03:03.655985+00:00,15003.187702356,1352.705245,1658138369.624761,1658138370.124807,1658138371.7717102,-0.5000457763671875,1.6469032764434814,8791,8862
2026-07-31T13:03:04.112446+00:00,15003.644163797,1353.161706,1658138370.2247922,1658138370.424718,1658138372.2217374,-0.19992566108703613,1.7970194816589355,8794,8865
2026-07-31T13:03:04.561931+00:00,15004.093648700,1353.611191,1658138370.6249013,1658138370.7247334,1658138372.6717532,-0.09983205795288086,1.9470198154449463,8797,8868
2026-07-31T13:03:05.167614+00:00,15004.699332202,1354.216875,1658138371.1248622,1658138371.1248577,1658138373.2717826,4.5299530029296875e-06,2.1469249725341797,8801,8872
2026-07-31T13:03:05.614885+00:00,15005.146601338,1354.664144,1658138371.6248376,1658138371.4249015,1658138373.721797,0.1999361515045166,2.2968955039978027,8804,8875
2026-07-31T13:03:06.072825+00:00,15005.604542767,1355.122085,1658138372.1249201,1658138371.7215443,1658138374.1718209,0.40337586402893066,2.4502766132354736,8807,8878
2026-07-31T13:03:06.671393+00:00,15006.203111289,1355.720654,1658138372.7247055,1658138372.0226145,1658138374.771837,0.7020909786224365,2.74922251701355,8810,8882
2026-07-31T13:03:07.122294+00:00,15006.654012162,1356.171555,1658138373.1248033,1658138372.0226145,1658138375.2218633,1.1021888256072998,3.199248790740967,8810,8885
2026-07-31T13:03:07.574508+00:00,15007.106224080,1356.623767,1658138373.4248137,1658138372.0226145,1658138375.671876,1.4021992683410645,3.649261474609375,8810,8888
2026-07-31T13:03:08.026646+00:00,15007.558363608,1357.075906,1658138373.9248896,1658138372.0226145,1658138376.1468902,1.9022750854492188,4.1242756843566895,8810,8891
2026-07-31T13:03:08.629208+00:00,15008.160926467,1357.678469,1658138374.5248897,1658138372.0226145,1658138376.7469013,2.502275228500366,4.724286794662476,8810,8895
2026-07-31T13:03:09.076406+00:00,15008.608124196,1358.125667,1658138374.824899,1658138372.0226145,1658138377.1719303,2.8022844791412354,5.14931583404541,8810,8898
2026-07-31T13:03:09.525826+00:00,15009.057543734,1358.575086,1658138375.3248503,1658138372.0226145,1658138377.6219468,3.3022358417510986,5.599332332611084,8810,8901
2026-07-31T13:03:10.131119+00:00,15009.662836914,1359.180379,1658138375.924906,1658138372.0226145,1658138378.246974,3.9022915363311768,6.224359512329102,8810,8905
2026-07-31T13:03:10.577123+00:00,15010.108841356,1359.626384,1658138376.3249066,1658138372.0226145,1658138378.6969938,4.302292108535767,6.674379348754883,8810,8908
2026-07-31T13:03:11.021303+00:00,15010.553020455,1360.070563,1658138377.024761,1658138372.0226145,1658138379.1220028,5.002146482467651,7.099388360977173,8810,8911
2026-07-31T13:03:11.626815+00:00,15011.158532870,1360.676075,1658138377.6247785,1658138372.0226145,1658138379.7470312,5.602164030075073,7.724416732788086,8810,8915
2026-07-31T13:03:12.083056+00:00,15011.614773377,1361.132316,1658138378.224907,1658138372.0226145,1658138380.1970508,6.202292442321777,8.174436330795288,8810,8918
2026-07-31T13:03:12.527258+00:00,15012.058975747,1361.576518,1658138378.7247295,1658138372.0226145,1658138380.6470847,6.702115058898926,8.624470233917236,8810,8921
2026-07-31T13:03:13.124585+00:00,15012.656302990,1362.173845,1658138379.324847,1658138372.0226145,1658138381.2220976,7.302232503890991,9.199483156204224,8810,8925
2026-07-31T13:03:13.577105+00:00,15013.108823390,1362.626366,1658138379.6247475,1658138372.0226145,1658138381.5471098,7.60213303565979,9.524495363235474,8810,8928
2026-07-31T13:03:14.027852+00:00,15013.559570210,1363.077113,1658138380.0248241,1658138372.0226145,1658138381.6221538,8.002209663391113,9.599539279937744,8810,8931
2026-07-31T13:03:14.620399+00:00,15014.152115734,1363.669658,1658138380.4249089,1658138372.0226145,1658138381.7221205,8.402294397354126,9.699506044387817,8810,8935
2026-07-31T13:03:15.069136+00:00,15014.600853817,1364.118396,1658138380.7248101,1658138372.0226145,1658138381.7971323,8.702195644378662,9.77451777458191,8810,8938
2026-07-31T13:03:15.666394+00:00,15015.198112119,1364.715655,1658138381.124905,1658138372.0226145,1658138381.8971288,9.102290630340576,9.87451434135437,8810,8942
2026-07-31T13:03:16.116837+00:00,15015.648554701,1365.166097,1658138381.5248268,1658138372.0226145,1658138381.972196,9.502212285995483,9.949581623077393,8810,8945
2026-07-31T13:03:16.520004+00:00,15016.051719067,1365.569262,1658138381.7247367,1658138372.0226145,1658138381.9971507,9.702122211456299,9.974536180496216,8810,8946
2026-07-31T13:03:16.720468+00:00,15016.252182935,1365.769725,1658138381.7247367,1658138372.0226145,1658138381.9971507,9.702122211456299,9.974536180496216,8810,8946
