timestamp_sensor,timestamp_wall_utc,frame_index,kdtree_size_before,kdtree_size_after,points_added,points_deleted,scan_points_raw,scan_points_downsampled,effective_feature_points,nearest_search_ms,scan_match_ms,ekf_update_ms,map_insert_ms,map_delete_ms,map_update_ms,total_frame_ms,lidar_buffer_size,imu_buffer_size
1658137038.624750853,1785561588.819154739,1,66,116,90,0,72000,106,88,0.000000000,0.518074000,0.873944000,0.097814000,0.000614000,0.098428000,2.430308000,0,17
1658137038.724840641,1785561588.919305325,2,116,161,116,0,72000,146,127,0.000000000,0.195388000,0.309681000,0.163396000,0.000601000,0.163997000,2.616138000,0,23
1658137038.824929476,1785561589.019237518,3,161,193,68,0,72000,211,164,0.000000000,0.226917000,0.339461000,0.053242000,0.000721000,0.053963000,2.518097000,0,16
1658137038.924761057,1785561589.119523764,4,193,202,44,0,72000,221,142,0.000000000,0.234657000,0.344376000,0.039196000,0.000642000,0.039838000,2.631788000,0,15
1658137039.024845600,1785561589.218282700,5,202,222,35,0,72000,171,138,0.000000000,0.184945000,0.287523000,0.034662000,0.000530000,0.035192000,1.548522000,0,10
1658137039.124808073,1785561589.319653273,6,222,266,111,0,72000,292,201,0.000000000,0.292648000,0.412550000,0.126315000,0.000587000,0.126902000,2.905529000,0,17
1658137039.224895239,1785561589.419507027,7,266,306,85,0,72000,324,231,0.000000000,0.318910000,0.465770000,0.124328000,0.000654000,0.124982000,2.746496000,0,11
1658137039.324856758,1785561589.517539263,8,306,318,15,0,72000,80,74,0.000000000,0.126142000,0.210087000,0.013676000,0.000567000,0.014243000,0.790657000,0,17
1658137039.424824715,1785561589.618340969,9,318,342,62,0,72000,271,192,0.000000000,0.274641000,0.392065000,0.078582000,0.000579000,0.079161000,1.573826000,0,11
1658137039.524910688,1785561589.718024492,10,342,377,63,0,72000,243,181,0.000000000,0.236966000,0.349894000,0.059561000,0.000545000,0.060106000,1.236159000,0,11
1658137039.624746561,1785561589.819940090,11,377,526,259,0,72000,440,317,0.000000000,0.418318000,0.569588000,0.268279000,0.000652000,0.268931000,3.135254000,0,20
1658137039.724836588,1785561589.919959545,12,526,606,149,0,72000,520,355,0.000000000,0.523174000,0.687518000,0.153379000,0.000695000,0.154074000,3.041189000,0,26
1658137039.824910402,1785561590.018746138,13,606,615,65,0,72000,411,284,0.000000000,0.505201000,0.643452000,0.148055000,0.000731000,0.148786000,1.884325000,0,15
1658137039.924752235,1785561590.118693352,14,615,656,75,0,72000,375,229,0.000000000,0.372649000,0.501785000,0.104965000,0.000603000,0.105568000,1.881350000,0,12
1658137040.024843931,1785561590.218555689,15,656,673,146,0,72000,447,268,0.000000000,0.441596000,0.579047000,0.229299000,0.000579000,0.229878000,1.732370000,0,20
1658137040.124804497,1785561590.318732500,16,673,747,163,0,72000,506,346,0.000000000,0.499188000,0.655907000,0.217539000,0.000585000,0.218124000,1.916194000,0,20
1658137040.224885464,1785561590.418379307,17,747,772,130,0,72000,359,231,0.000000000,0.388597000,0.516528000,0.266982000,0.000690000,0.267672000,1.573150000,0,18
1658137040.324917316,1785561590.519246340,18,772,908,213,0,72000,639,442,0.000000000,0.642605000,0.842759000,0.234678000,0.000642000,0.235320000,2.396717000,0,18
1658137040.424757481,1785561590.619338751,19,908,993,186,0,72000,706,517,0.000000000,0.676383000,0.928381000,0.221753000,0.000730000,0.222483000,2.511154000,0,17
1658137040.524852276,1785561590.718763113,20,993,1067,147,0,72000,584,362,0.000000000,0.571368000,0.735964000,0.197619000,0.000632000,0.198251000,1.918607000,0,12
1658137040.624824524,1785561590.819503546,21,1067,1123,197,0,72000,737,504,0.000000000,0.910200999,1.115514000,0.238614000,0.000596000,0.239210000,2.665464000,0,15
1658137040.724930048,1785561590.918515921,22,1123,1180,141,0,72000,430,274,0.000000000,0.574771000,0.719286000,0.184588000,0.000616000,0.185204000,1.653251000,0,16
1658137040.824769497,1785561591.018561125,23,1180,1259,163,0,72000,534,315,0.000000000,0.582220000,0.740172000,0.196742000,0.000647000,0.197389000,1.697282000,0,13
1658137040.924866199,1785561591.118493795,24,1259,1299,160,0,72000,521,319,0.000000000,0.547197000,0.699591000,0.230655000,0.000557000,0.231212000,1.644085000,0,12
1658137041.024715185,1785561591.219609499,25,1299,1401,223,0,72000,780,515,0.000000000,1.044949000,1.252284000,0.363157000,0.000596000,0.363753000,2.706246000,0,18
1658137041.124927521,1785561591.318074942,26,1401,1449,106,0,72000,330,169,0.000000000,0.366452000,0.483130000,0.142294000,0.000569000,0.142863000,1.191750000,0,8
1658137041.224772692,1785561591.419001341,27,1449,1569,200,0,72000,689,418,0.000000000,0.739236000,0.927236000,0.241033000,0.000816000,0.241849000,2.093500000,0,19
1658137041.324922085,1785561591.519349337,28,1569,1628,218,0,72000,718,440,0.000000000,0.729166000,1.055668000,0.371891000,0.000648000,0.372539000,2.451752000,0,12
1658137041.424759150,1785561591.619848967,29,1628,1730,288,0,72000,965,605,0.000000000,1.009068000,1.258846000,0.530032000,0.000738000,0.530770000,2.934858000,0,12
1658137041.524841309,1785561591.719910383,30,1730,1864,278,0,72000,1082,662,0.000000000,1.154792000,1.410852000,0.423895000,0.000607000,0.424502000,2.992606000,0,18
1658137041.624929428,1785561591.819614649,31,1864,2055,330,0,72000,969,625,0.000000000,1.091043001,1.329892000,0.482984000,0.000590000,0.483574000,2.695373000,0,20
1658137041.724767923,1785561591.918235540,32,2055,2044,82,0,72000,331,138,0.000000000,0.381606000,0.483985000,0.161261000,0.000551000,0.161812000,1.185160000,0,18
1658137041.824869633,1785561592.018856764,33,2044,2164,182,0,72000,725,432,0.000000000,0.770905001,0.949647000,0.191595000,0.000626000,0.192221000,1.932601000,0,10
1658137041.924714327,1785561592.120495558,34,2164,2381,360,0,72000,1331,848,0.000000000,1.432916000,1.760617000,0.474128000,0.000757000,0.474885000,3.540171000,0,13
1658137042.024935007,1785561592.219458818,35,2381,2483,211,0,72000,976,610,0.000000000,1.037764000,1.265199000,0.311947000,0.000625000,0.312572000,2.506682000,0,13
1658137042.124760151,1785561592.318767548,36,2483,2460,146,0,72000,625,367,0.000000000,0.738193000,0.901497000,0.299835000,0.000703000,0.300538000,1.815717000,0,17
1658137042.224861860,1785561592.419164658,37,2460,2574,193,0,72000,816,559,0.000000000,0.896313000,1.116006000,0.282810000,0.000773000,0.283583000,2.187296000,0,17
1658137042.324903250,1785561592.521756887,38,2574,2710,435,0,72000,1698,1167,0.000000000,2.260495000,2.687500000,0.667168000,0.000892000,0.668060000,4.757949000,0,13
1658137042.424739361,1785561592.618205786,39,2710,2743,65,0,72000,365,212,0.000000000,0.448025000,0.575789000,0.089304000,0.000650000,0.089954000,1.156092000,0,19
1658137042.524814606,1785561592.720100164,40,2743,2848,242,0,72000,1141,770,0.000000000,1.457794000,1.786330000,0.407221000,0.000587000,0.407808000,3.139081000,0,18
1658137042.624909639,1785561592.820450783,41,2848,2939,277,0,72000,1374,953,0.000000000,1.539080000,1.868159000,0.544859000,0.000574000,0.545433000,3.423702000,0,12
1658137042.724750757,1785561592.920854092,42,2939,3135,385,0,72000,1596,1086,0.000000000,1.699936000,2.076796000,0.479411000,0.000691000,0.480102000,3.823547000,0,16
1658137042.824854851,1785561593.020963430,43,3135,3301,367,0,72000,1563,1091,0.000000000,1.697346000,2.086320000,0.518636000,0.000850000,0.519486000,3.884279000,0,11
1658137042.924814939,1785561593.119936228,44,3301,3418,251,0,72000,1218,810,0.000000000,1.355123000,1.653220000,0.346825000,0.000631000,0.347455999,2.901874000,0,17
1658137043.024902582,1785561593.221128941,45,3418,3568,409,0,72000,1647,1129,0.000000000,1.802150000,2.178602000,0.659749000,0.000725000,0.660474000,4.076499000,0,18
1658137043.124729633,1785561593.320187092,46,3568,3694,272,0,72000,1286,912,0.000000000,1.396944000,1.755994000,0.414331000,0.000654000,0.414985001,3.149369000,0,16
1658137043.224834442,1785561593.422531366,47,3694,3802,534,0,72000,2196,1535,0.000000000,2.242383001,2.724092000,1.029510000,0.000619000,1.030129000,5.426153000,0,19
1658137043.324897289,1785561593.520509481,48,3802,3895,247,0,72000,1314,903,0.000000000,1.570917000,1.894602000,0.479657000,0.000649000,0.480306000,3.368193000,0,18
1658137043.424738884,1785561593.620453358,49,3895,4103,338,0,72000,1628,1058,0.000000000,1.597147000,1.959858000,0.406297000,0.000817000,0.407114000,3.407411000,0,18
1658137043.524831533,1785561593.720919371,50,4103,4231,320,0,72000,1767,1207,0.000000000,1.749843000,2.175725000,0.449624000,0.000585000,0.450209000,3.717168000,0,19
1658137043.624813080,1785561593.819985867,51,4231,4336,268,0,72000,1395,915,0.000000000,1.351008000,1.604509000,0.370219000,0.000698000,0.370917000,2.939295000,0,20
1658137043.724911451,1785561593.922480583,52,4336,4333,374,0,72000,2289,1562,0.000000000,2.337651000,2.824175000,0.848380000,0.000668000,0.849048000,5.355024000,0,12
1658137043.824754000,1785561594.021413565,53,4333,4559,357,0,72000,2006,1350,0.000000000,2.137109000,2.593930000,0.466677000,0.000718000,0.467395000,4.290868000,0,18
1658137043.924834490,1785561594.121241808,54,4559,4745,365,0,72000,1858,1138,0.000000000,1.929522000,2.332365000,0.537168000,0.000558000,0.537726000,4.113916000,0,18
1658137044.024915218,1785561594.222122431,55,4745,4963,476,0,72000,2227,1438,0.000000000,2.386158000,2.904195000,0.637389000,0.000576000,0.637965000,4.901409000,0,15
1658137044.124754429,1785561594.321049929,56,4963,5013,295,0,72000,1692,1173,0.000000000,1.905545000,2.350768000,0.472840000,0.000660000,0.473500000,3.804839000,0,18
1658137044.224855900,1785561594.420826197,57,5013,5089,244,0,72000,1623,1059,0.000000000,1.979057000,2.331264000,0.374523000,0.000669000,0.375192000,3.719050000,0,17
1658137044.324722767,1785561594.520383120,58,5089,5219,368,0,72000,2100,1292,0.000000000,2.164356000,2.608452000,0.483821000,0.000678000,0.484499000,4.299142000,0,19
1658137044.424809933,1785561594.620469570,59,5219,5313,289,0,72000,1993,1384,0.000000000,2.349517000,2.794330000,0.444739000,0.000612000,0.445351000,4.382008000,0,14
1658137044.524908304,1785561594.719443560,60,5313,5346,199,0,72000,1407,1002,0.000000000,1.601572999,2.128267000,0.346666000,0.000637000,0.347303000,3.285643000,0,26
1658137044.624745369,1785561594.820392847,61,5346,5485,260,0,72000,2139,1475,0.000000000,2.177755000,2.670506000,0.322386000,0.000674000,0.323060000,4.295463000,0,15
1658137044.724828005,1785561594.918257713,62,5485,5464,96,0,72000,901,593,0.000000000,1.025038000,1.259393000,0.172527000,0.000658000,0.173185000,2.132514000,0,15
1658137044.824914217,1785561595.020468235,63,5464,5503,279,0,72000,2095,1369,0.000000000,2.224116000,2.686834000,0.442720000,0.000623000,0.443343000,4.365226000,0,15
1658137044.924751520,1785561595.119423628,64,5503,5611,179,0,72000,1623,1098,0.000000000,1.752627000,2.139918000,0.247143000,0.000617000,0.247760000,3.333989000,0,11
1658137045.024842262,1785561595.220548391,65,5611,5645,179,0,72000,2163,1352,0.000000000,2.380715000,2.846337000,0.316124000,0.000676000,0.316800000,4.426159000,0,18
1658137045.124812603,1785561595.321502924,66,5645,5703,285,0,72000,2639,1837,0.000000000,2.786208001,3.362615000,0.440598000,0.000608000,0.441206000,5.359765000,0,16
1658137045.224906206,1785561595.421289682,67,5703,5684,271,0,72000,2408,1538,0.000000000,2.526977000,3.019090000,0.488095000,0.000679000,0.488774000,5.003139000,0,9
1658137045.324811935,1785561595.520498276,68,5684,5751,222,0,72000,2310,1477,0.000000000,2.321965000,2.835961000,0.350910000,0.000607000,0.351517000,4.347512000,0,20
1658137045.424908876,1785561595.622074604,69,5751,5848,293,0,72000,2924,1865,0.000000000,2.950843000,3.531319000,0.589923000,0.000712000,0.590635000,5.877006000,0,11
1658137045.524744749,1785561595.721740723,70,5848,5951,286,0,72000,2922,2007,0.000000000,2.912467000,3.528897000,0.381828000,0.000800000,0.382628000,5.566347000,0,21
1658137045.624825001,1785561595.822748899,71,5951,6015,320,0,72000,3242,2156,0.000000000,3.291668000,3.937901000,0.462791000,0.000859000,0.463650000,6.491607000,0,13
1658137045.724925041,1785561595.919935942,72,6015,6072,150,0,72000,1785,1225,0.000000000,2.009249000,2.424444000,0.208337000,0.000861000,0.209198000,3.695797000,0,16
1658137045.824766636,1785561596.021512508,73,6072,6027,192,0,72000,2664,1770,0.000000000,2.757843000,3.300832000,0.486365000,0.000603000,0.486968000,5.320416000,0,17
1658137045.924854279,1785561596.119488955,74,6027,6089,126,0,72000,1778,1044,0.000000000,1.858222000,2.207849000,0.190179000,0.000669000,0.190848000,3.394194000,0,12
1658137046.024812460,1785561596.219876051,75,6089,6163,139,0,72000,1932,1301,0.000000000,2.099201000,2.516779000,0.203691000,0.000740000,0.204431000,3.773175000,0,18
1658137046.124892235,1785561596.320294619,76,6163,6213,171,0,72000,2027,1210,0.000000000,2.443734000,2.843675000,0.260765000,0.000773000,0.261537999,4.148995000,0,17
1658137046.224743366,1785561596.422060490,77,6213,6100,157,0,72000,2501,1670,0.000000000,3.360843000,3.908707000,0.430489000,0.000580000,0.431069000,5.858280000,0,18
1658137046.324901819,1785561596.520461321,78,6100,6161,127,0,72000,2102,1468,0.000000000,2.283138000,2.773163000,0.196200000,0.000561000,0.196761000,4.294519000,0,18
1658137046.424740314,1785561596.643956900,79,6161,6178,75,0,72000,1364,846,0.000000000,1.442853000,1.749428000,0.136988000,0.000722000,0.137710000,2.802756000,0,26
1658137046.524826288,1785561596.719479084,80,6178,6211,82,0,72000,1394,898,0.000000000,1.850341000,2.184676000,0.141684000,0.000830000,0.142514000,3.294007000,0,14
1658137046.624917030,1785561596.820153713,81,6211,6214,127,0,72000,2042,1279,0.000000000,2.149167000,2.594759000,0.213621000,0.000623000,0.214244000,3.996614000,0,11
1658137046.724752903,1785561596.919435024,82,6214,6223,77,0,72000,1497,1012,0.000000000,1.874348000,2.217685000,0.147942000,0.000719000,0.148661000,3.275517000,0,14
1658137046.824845552,1785561597.019255877,83,6223,6259,110,0,72000,1495,957,0.000000000,1.680539000,2.009491000,0.159298000,0.000642000,0.159940000,3.102655000,0,11
1658137046.924805880,1785561597.121869564,84,6259,6316,137,0,72000,2428,1692,0.000000000,3.387728000,3.921633000,0.208646000,0.000656000,0.209302000,5.629941000,0,19
1658137047.024887323,1785561597.220167398,85,6316,6333,106,0,72000,1894,1152,0.000000000,2.352374000,2.740570000,0.174145000,0.000678000,0.174823000,3.953900000,0,16
1658137047.124741316,1785561597.320479393,86,6333,6383,107,0,72000,2118,1370,0.000000000,2.363410000,2.863711000,0.197707000,0.000637000,0.198344000,4.240044000,0,14
1658137047.224823236,1785561597.418973207,87,6383,6419,68,0,72000,1306,861,0.000000000,1.583778000,1.893080000,0.109061000,0.000579000,0.109640000,2.847994000,0,16
1658137047.324852467,1785561597.519981861,88,6419,6451,87,0,72000,1778,1131,0.000000000,2.167567000,2.578738000,0.147852000,0.000741000,0.148593000,3.782887000,0,11
1658137047.424826384,1785561597.619510412,89,6451,6499,99,0,72000,1712,1046,0.000000000,1.852779000,2.220203000,0.175977000,0.000603000,0.176580000,3.339694000,0,18
1658137047.524920464,1785561597.718715429,90,6499,6503,57,0,72000,1164,780,0.000000000,1.345624000,1.656640000,0.104024000,0.000590000,0.104614000,2.541139000,0,16
1658137047.624768496,1785561597.820043564,91,6503,6533,103,0,72000,1775,1189,0.000000000,2.099839000,2.571415000,0.175007000,0.000663000,0.175670000,3.790330000,0,11
1658137047.724868298,1785561597.920848608,92,6533,6534,96,0,72000,2322,1608,0.000000000,2.597844000,3.098124000,0.169670000,0.000805000,0.170475000,4.576017000,0,16
1658137047.824702024,1785561598.019849539,93,6534,6574,91,0,72000,1862,1170,0.000000000,2.065356000,2.473234000,0.147821000,0.000854000,0.148675000,3.625655000,0,16
1658137047.924908876,1785561598.120922089,94,6574,6575,106,0,72000,2395,1548,0.000000000,2.617300000,3.104200000,0.177850000,0.000561000,0.178411000,4.646791000,0,10
1658137048.024775028,1785561598.221057892,95,6575,6580,120,0,72000,2449,1540,0.000000000,2.632941000,3.118370000,0.186970000,0.000806000,0.187776000,4.729310000,0,16
1658137048.124862194,1785561598.320380211,96,6580,6637,100,0,72000,2071,1312,0.000000000,2.268317000,2.722504000,0.141165000,0.000741000,0.141906000,4.072176000,0,17
1658137048.224830151,1785561598.420128345,97,6637,6673,92,0,72000,1883,1185,0.000000000,2.238328000,2.654262000,0.135995000,0.000742000,0.136737000,3.871210000,0,14
1658137048.324729681,1785561598.518786907,98,6673,6684,70,0,72000,1131,694,0.000000000,1.435413000,1.695872000,0.121226000,0.000629000,0.121855000,2.577729000,0,17
1658137048.424820662,1785561598.620146990,99,6684,6597,99,0,72000,1750,983,0.000000000,2.138569000,2.494446000,0.382892000,0.000747000,0.383639001,3.909903000,0,19
1658137048.524917364,1785561598.719292641,100,6432,6414,45,0,72000,924,576,0.000000000,1.065599999,1.298959000,0.096761000,0.000680000,0.097441000,2.100764000,0,17
1658137048.624762058,1785561598.819742680,101,6414,6407,102,0,72000,1705,1046,0.000000000,1.965561001,2.330082000,0.185947000,0.000757000,0.186704000,3.461246000,0,14
1658137048.724851370,1785561598.920793533,102,6407,6236,117,0,72000,2147,1310,0.000000000,2.217410000,2.686173000,0.515792000,0.000622000,0.516414000,4.416192000,0,19
1658137048.824818611,1785561599.020940065,103,6236,6096,108,0,72000,2385,1538,0.000000000,2.652559000,3.145282000,0.153399000,0.000638000,0.154037000,4.591118000,0,17
1658137048.924902916,1785561599.120930672,104,6096,6156,85,0,72000,2422,1551,0.000000000,2.611213000,3.096821000,0.114366000,0.000886000,0.115252000,4.560067000,0,12
1658137049.024749041,1785561599.220087051,105,6156,6180,54,0,72000,1839,1178,0.000000000,2.040374000,2.553452000,0.095260000,0.000593000,0.095853000,3.785135000,0,11
1658137049.124849081,1785561599.321183681,106,6180,6213,88,0,72000,2519,1619,0.000000000,2.567144000,3.078126000,0.149708000,0.000812000,0.150520000,4.800915000,0,17
1658137049.224814177,1785561599.419846058,107,6213,6237,64,0,72000,1837,1138,0.000000000,1.947381000,2.345882000,0.111999000,0.000565000,0.112564001,3.524061000,0,15
1658137049.324838400,1785561599.519598007,108,6237,6259,54,0,72000,1752,1079,0.000000000,1.799476000,2.167873000,0.089068000,0.000790000,0.089858000,3.265202000,0,19
1658137049.424927711,1785561599.620647192,109,6259,6305,81,0,72000,2315,1430,0.000000000,2.330902000,2.783915000,0.128235000,0.000595000,0.128830000,4.276119000,0,19
1658137049.524772406,1785561599.721217632,110,6305,6326,69,0,72000,2535,1619,0.000000000,2.733007000,3.236882000,0.116684000,0.000701000,0.117385000,4.847089000,0,18
1658137049.624854803,1785561599.819432497,111,6326,6344,69,0,72000,1602,1018,0.000000000,1.804858000,2.151481000,0.118783000,0.000670000,0.119453000,3.145485000,0,18
1658137049.724809885,1785561599.921757936,112,6344,6351,99,0,72000,2819,1907,0.000000000,3.029295000,3.608549000,0.179208000,0.000685000,0.179893000,5.338474000,0,13
1658137049.824880838,1785561600.020524502,113,6351,6394,65,0,72000,2222,1422,0.000000000,2.330132000,2.781135000,0.103990000,0.000581000,0.104571000,4.154651000,0,14
1658137049.924723387,1785561600.120184660,114,6394,6435,59,0,72000,1829,1218,0.000000000,2.127458000,2.679570000,0.095957000,0.000562000,0.096519000,3.849689000,0,17
1658137050.024925232,1785561600.220466137,115,6435,6477,69,0,72000,2128,1313,0.000000000,2.399116000,2.835636000,0.122197000,0.000744000,0.122941000,4.076488000,0,3
1658137050.124774218,1785561600.321993589,116,6477,6488,86,0,72000,2848,1874,0.000000000,3.010355001,3.583304000,0.151164000,0.000555000,0.151719000,5.550603000,0,12
1658137050.224860668,1785561600.419226408,117,6488,6497,43,0,72000,1438,878,0.000000000,1.718725000,2.019637000,0.081910000,0.000543000,0.082453000,2.934618000,0,17
1658137050.324713469,1785561600.521412611,118,6497,6560,116,0,72000,2496,1662,0.000000000,2.739161000,3.268470000,0.182416000,0.000617000,0.183033000,4.962366000,0,24
1658137050.424923897,1785561600.619669437,119,6560,6594,60,0,72000,1659,1074,0.000000000,1.902415000,2.258901000,0.100972000,0.000686000,0.101658000,3.345174000,0,18
1658137050.524768591,1785561600.718704224,120,6594,6604,29,0,72000,1148,717,0.000000000,1.254190000,1.541183000,0.054094000,0.000681000,0.054775000,2.401899000,0,16
1658137050.624852180,1785561600.818510294,121,6604,6600,22,0,72000,891,568,0.000000000,1.205154001,1.433367000,0.089202000,0.000740000,0.089942000,2.208619000,0,18
1658137050.724802017,1785561600.920450449,122,6600,6626,59,0,72000,2106,1389,0.000000000,2.239436000,2.711242000,0.098312000,0.000867000,0.099179000,4.051676000,0,18
1658137050.824887276,1785561601.018965483,123,6626,6656,38,0,72000,1310,799,0.000000000,1.436440000,1.726331000,0.062450000,0.000603000,0.063053000,2.614329000,0,14
1658137050.924723625,1785561601.120168447,124,6656,6597,57,0,72000,1966,1270,0.000000000,2.107012999,2.536196000,0.119836000,0.000735000,0.120571000,3.762750000,0,12
1658137051.024813890,1785561601.218752623,125,6597,6606,38,0,72000,1199,667,0.000000000,1.347262000,1.632094000,0.078001000,0.000560000,0.078561000,2.427742000,0,11
1658137051.124901772,1785561601.318677187,126,6606,6630,41,0,72000,1128,686,0.000000000,1.254217999,1.510671000,0.069643000,0.000652000,0.070295000,2.307720000,0,20
1658137051.224734068,1785561601.420164824,127,6630,6657,57,0,72000,2010,1226,0.000000000,2.130548000,2.535388000,0.089778000,0.000674000,0.090452000,3.717078000,0,25
1658137051.324870586,1785561601.519289970,128,6657,6665,34,0,72000,1550,931,0.000000000,1.645690999,1.980375000,0.072787000,0.000629000,0.073416000,2.915547000,0,16
1658137051.424714804,1785561601.621302605,129,6665,6686,68,0,72000,2481,1571,0.000000000,2.728624000,3.226542000,0.129408000,0.000562000,0.129970000,4.817704000,0,17
1658137051.524930954,1785561601.721331596,130,6686,6698,70,0,72000,2509,1680,0.000000000,2.672224000,3.206450000,0.121443000,0.000586000,0.122029000,4.862184000,0,19
1658137051.624763727,1785561601.819897175,131,6698,6717,45,0,72000,1589,1027,0.000000000,2.017408000,2.376985000,0.071163000,0.000643000,0.071806000,3.479640000,0,18
1658137051.724847555,1785561601.919993877,132,6717,6714,42,0,72000,1785,1166,0.000000000,2.051249000,2.441276000,0.088405000,0.000721000,0.089126000,3.575869000,0,18
1658137051.824814320,1785561602.044487476,133,6714,6717,34,0,72000,1576,1050,0.000000000,1.750564000,2.119332000,0.070608000,0.000676000,0.071284000,3.074034000,0,19
1658137051.924902678,1785561602.120884895,134,6717,6733,53,0,72000,2317,1479,0.000000000,2.426194001,2.893096000,0.092787000,0.000564000,0.093351000,4.395571000,0,13
1658137052.024753571,1785561602.269483089,135,6733,6765,47,0,72000,1560,1028,0.000000000,1.765034001,2.113708000,0.078346000,0.000715000,0.079061000,3.035418000,0,27
1658137052.124845743,1785561602.318618774,136,6765,6781,24,0,72000,994,585,0.000000000,1.240852000,1.480645000,0.042431000,0.000575000,0.043006000,2.246587000,0,21
1658137052.224801302,1785561602.420608282,137,6781,6781,31,0,72000,1990,1354,0.000000000,2.389232000,2.834895000,0.061081000,0.000616000,0.061697000,4.140604000,0,24
1658137052.324819088,1785561602.520640850,138,6781,6798,58,0,72000,2022,1266,0.000000000,2.417604000,2.831999000,0.104607000,0.000620000,0.105227000,4.125204000,0,17
1658137052.424905539,1785561602.620620012,139,6798,6831,34,0,72000,2069,1280,0.000000000,2.464101000,2.908938000,0.052990000,0.000577000,0.053567000,4.107354000,0,14
1658137052.524747610,1785561602.719819784,140,6831,6832,45,0,72000,1671,1083,0.000000000,1.895469000,2.270368000,0.085628000,0.000821000,0.086449000,3.331411000,0,17
1658137052.624815702,1785561602.818810463,141,6832,6840,34,0,72000,1029,607,0.000000000,1.325390000,1.607813000,0.079965000,0.000570000,0.080535000,2.326213000,0,13
1658137052.724907875,1785561602.919779301,142,6840,6852,46,0,72000,1758,1143,0.000000000,1.874509000,2.261718000,0.080710000,0.000650000,0.081360000,3.328157000,0,19
1658137052.824737072,1785561603.019299269,143,6852,6793,35,0,72000,1321,827,0.000000000,1.541214000,1.853475000,0.116672000,0.000779000,0.117451000,2.828282000,0,17
1658137052.924828529,1785561603.119708300,144,6793,6804,45,0,72000,1564,978,0.000000000,1.904339001,2.268636000,0.082286000,0.000550000,0.082836000,3.237615000,0,13
1658137053.024919033,1785561603.220906496,145,6804,6804,61,0,72000,2020,1259,0.000000000,2.506821000,3.048712000,0.113729000,0.000757000,0.114486000,4.366492000,0,16
1658137053.124773026,1785561603.318850040,146,6804,6805,19,0,72000,1088,756,0.000000000,1.285152000,1.678242000,0.041528000,0.000738000,0.042266000,2.423735000,0,14
1658137053.224861145,1785561603.418846607,147,6805,6781,16,0,72000,1112,691,0.000000000,1.273426000,1.549994000,0.053461000,0.000579000,0.054040001,2.407929000,0,15
1658137053.324820518,1785561603.520215511,148,6781,6784,41,0,72000,1751,1169,0.000000000,2.199570000,2.607607000,0.083511000,0.000821000,0.084332000,3.707207000,0,17
1658137053.424914360,1785561603.620408535,149,6784,6814,57,0,72000,1964,1169,0.000000000,2.259057001,2.665881000,0.102871000,0.000635000,0.103506000,3.871043000,0,15
1658137053.524769068,1785561603.719256878,150,6814,6841,59,0,72000,1287,769,0.000000000,1.610082000,1.899596000,0.089402000,0.000790000,0.090192000,2.763908000,0,17
1658137053.624865532,1785561603.820780754,151,6841,6894,70,0,72000,2055,1300,0.000000000,2.426681001,2.871948000,0.100626000,0.000767000,0.101393000,4.219364000,0,16
1658137053.724712849,1785561603.921118498,152,6894,6866,86,0,72000,2385,1573,0.000000000,2.497105000,2.996861000,0.165876000,0.000561000,0.166437000,4.502809000,0,13
1658137053.824924469,1785561604.019190311,153,6866,6885,43,0,72000,1201,750,0.000000000,1.596227000,1.886049000,0.077983000,0.000604000,0.078587000,2.722079000,0,11
1658137053.924747467,1785561604.119113445,154,6885,6898,50,0,72000,1159,697,0.000000000,1.608543000,1.901778000,0.081554000,0.000590000,0.082144000,2.661352000,0,16
1658137054.024848700,1785561604.221266985,155,6898,6758,71,0,72000,2195,1337,0.000000000,2.556377000,3.047585000,0.289217000,0.000609000,0.289826000,4.633927000,0,19
1658137054.124700069,1785561604.321167469,156,6758,6787,51,0,72000,2312,1515,0.000000000,2.566759000,3.050177000,0.087363000,0.000628000,0.087990999,4.602911000,0,20
1658137054.224913836,1785561604.421530724,157,6787,6794,58,0,72000,2399,1578,0.000000000,2.917527000,3.426597000,0.116111000,0.001004000,0.117115000,4.916440000,0,16
1658137054.324745655,1785561604.518568993,158,6794,6809,18,0,72000,883,518,0.000000000,1.180247000,1.389221000,0.032360000,0.000665000,0.033025000,2.103533000,0,17
1658137054.424837351,1785561604.619359255,159,6809,6825,42,0,72000,1236,783,0.000000000,1.618709000,1.919633000,0.073823000,0.000680000,0.074503000,2.826838000,0,16
1658137054.524818897,1785561604.719872236,160,6825,6856,52,0,72000,1681,1107,0.000000000,1.821779001,2.232893000,0.088165000,0.000687000,0.088852000,3.305246000,0,11
1658137054.624910116,1785561604.818929672,161,6856,6880,50,0,72000,1128,673,0.000000000,1.383318000,1.652674000,0.082930000,0.000546000,0.083475999,2.430771000,0,11
1658137054.724743366,1785561604.921228647,162,6880,6901,72,0,72000,2503,1544,0.000000000,2.671018000,3.171409000,0.120019000,0.000788000,0.120807000,4.608780000,0,15
1658137054.824832201,1785561605.020625353,163,6901,6973,151,0,72000,2112,1322,0.000000000,2.267395999,2.697695000,0.211123000,0.000778000,0.211901000,4.028645000,0,11
1658137054.924925089,1785561605.121379614,164,6973,7079,159,0,72000,2422,1572,0.000000000,2.760032000,3.260948000,0.214042000,0.000591000,0.214633000,4.735696000,0,11
1658137055.024769068,1785561605.219563246,165,7079,7110,113,0,72000,1533,933,0.000000000,1.671038000,1.994930000,0.192318000,0.000759000,0.193077000,3.025505000,0,22
1658137055.124868631,1785561605.320665359,166,7110,7149,185,0,72000,2059,1372,0.000000000,2.247142000,2.695004000,0.257129000,0.000647000,0.257776000,4.087491000,0,24
1658137055.224709272,1785561605.421646118,167,7149,7243,204,0,72000,2599,1736,0.000000000,2.801729000,3.224709000,0.276129000,0.000850000,0.276979000,4.986471000,0,13
1658137055.324908972,1785561605.521272898,168,7243,7307,205,0,72000,2263,1493,0.000000000,2.613795000,3.084902000,0.325252000,0.000753000,0.326005000,4.621073000,0,15
1658137055.424731731,1785561605.621427298,169,7307,7368,236,0,72000,2569,1631,0.000000000,2.663327000,3.175894000,0.352503000,0.000577000,0.353080000,4.757445000,0,12
1658137055.524831057,1785561605.721639395,170,7368,7303,231,0,72000,2413,1629,0.000000000,2.742281000,3.260771000,0.546562000,0.000631000,0.547193000,4.871119000,0,10
1658137055.624917030,1785561605.822187424,171,7303,7370,282,0,72000,2796,1898,0.000000000,3.046445001,3.645387000,0.436061000,0.001007000,0.437067999,5.528637000,0,14
1658137055.724752426,1785561605.921797276,172,7370,7436,294,0,72000,2357,1528,0.000000000,3.009796000,3.592159000,0.481819000,0.000536000,0.482355000,5.182829000,0,12
1658137055.824841022,1785561606.020712376,173,7436,7588,277,0,72000,2041,1322,0.000000000,2.283576000,2.738147000,0.376750000,0.000597000,0.377347000,4.049088000,0,16
1658137055.924920559,1785561606.121392727,174,7588,7759,354,0,72000,2444,1513,0.000000000,2.564687000,3.044419000,0.516298000,0.000761000,0.517059000,4.626825000,0,16
1658137056.024767399,1785561606.221826553,175,7759,7881,452,0,72000,2443,1501,0.000000000,2.711391000,3.201603000,0.878868000,0.000716000,0.879584000,5.174991000,0,22
1658137056.124871016,1785561606.321652651,176,7881,8099,445,0,72000,2327,1432,0.000000000,2.642972000,3.107754000,0.759415000,0.000662000,0.760077000,4.954990000,0,20
1658137056.224819183,1785561606.421515942,177,8003,8134,371,0,72000,2495,1495,0.000000000,2.592092000,3.077983000,0.705192000,0.000734000,0.705926000,4.788920000,0,18
1658137056.324915886,1785561606.521603584,178,8134,8296,409,0,72000,2375,1415,0.000000000,2.488610000,3.018590000,0.832763000,0.000749000,0.833512000,4.803116000,0,16
1658137056.424752951,1785561606.622824430,179,8296,8591,622,0,72000,3034,1848,0.000000000,3.273059000,3.874861000,0.976090000,0.000863000,0.976953000,6.025762000,0,15
1658137056.524831533,1785561606.724170446,180,8591,8798,468,0,72000,3446,2112,0.000000000,4.024877000,4.669795000,1.059320000,0.000843000,1.060163000,7.377391000,0,13
1658137056.624923468,1785561606.822064400,181,8798,8948,448,0,72000,2584,1582,0.000000000,2.840045001,3.358160000,0.850399000,0.001000000,0.851399000,5.286240000,0,15
1658137056.724765301,1785561606.922844172,182,8948,9188,496,0,72000,2943,1790,0.000000000,3.334019000,3.911360000,0.888215000,0.000717000,0.888932000,6.058846000,0,18
1658137056.824853420,1785561607.022303343,183,9188,9327,432,0,72000,2904,1683,0.000000000,3.074287000,3.595195000,0.850321000,0.000705000,0.851026000,5.533658000,0,10
1658137056.924820900,1785561607.122566938,184,9327,9661,554,0,72000,2967,1885,0.000000000,3.326147000,3.924327000,0.748898000,0.000652000,0.749550000,5.798428000,0,11
1658137057.024913311,1785561607.223317146,185,9661,9837,472,0,72000,3231,1906,0.000000000,3.322723000,3.954407000,0.814494000,0.000651000,0.815145000,5.989188000,0,23
1658137057.124753952,1785561607.322765350,186,9623,9790,563,0,72000,3079,1833,0.000000000,3.122297000,3.681027000,1.149497000,0.000620000,1.150117000,5.948747000,0,18
1658137057.224855661,1785561607.422243118,187,9790,10038,511,0,72000,2848,1666,0.000000000,2.875794999,3.403794000,0.902309000,0.000683000,0.902991999,5.426481000,0,15
1658137057.324819803,1785561607.521363020,188,9895,10265,483,0,72000,2472,1345,0.000000000,2.610118000,3.053025000,0.601911000,0.000563000,0.602474000,4.540439000,0,13
1658137057.424906731,1785561607.622784615,189,10265,10544,567,0,72000,3048,1759,0.000000000,3.406587000,3.951550000,0.860465000,0.000760000,0.861224999,5.907733000,0,17
1658137057.524746656,1785561607.724200964,190,10544,10897,629,0,72000,3765,2225,0.000000000,3.864249000,4.539358000,1.066703000,0.000638000,1.067341000,6.993730000,0,15
1658137057.624840736,1785561607.823027134,191,10897,11234,536,0,72000,3289,1954,0.000000000,3.643716000,4.239458000,0.806842000,0.000566000,0.807408000,6.194619000,0,16
1658137057.724925280,1785561607.922511101,192,11126,11520,647,0,72000,3000,1647,0.000000000,3.236300000,3.783264000,0.855489000,0.000548000,0.856037000,5.630570000,0,15
1658137057.824762821,1785561608.022865295,193,11520,11811,529,0,72000,2884,1673,0.000000000,3.332652000,3.849094000,1.062390000,0.000842000,1.063232000,5.904580000,0,16
1658137057.924852371,1785561608.124187708,194,11416,11693,571,0,72000,3661,2095,0.000000000,4.068512000,4.700672000,1.222715000,0.000588000,1.223303000,7.160077000,0,13
1658137058.024819851,1785561608.223364830,195,11693,11929,613,0,72000,3471,2023,0.000000000,3.677581999,4.291099000,1.104780000,0.000616000,1.105396000,6.459835000,0,19
1658137058.124909401,1785561608.324301243,196,11929,12424,728,0,72000,3927,2307,0.000000000,4.401320000,5.092718000,1.010190000,0.000585000,1.010775000,7.351825000,0,19
1658137058.224747658,1785561608.423449039,197,12424,12884,709,0,72000,3133,1581,0.000000000,3.648181999,4.157519000,1.181819000,0.000623000,1.182442000,6.450526000,0,18
1658137058.324818611,1785561608.523570776,198,12884,13440,864,0,72000,3091,1421,0.000000000,3.402890000,3.894316000,1.478403000,0.000765000,1.479168000,6.382623000,0,18
1658137058.424897909,1785561608.625151396,199,13316,13928,889,0,72000,4108,2182,0.000000000,4.716193000,5.392882000,1.479754000,0.000880000,1.480634000,8.119836000,0,11
1658137058.524742842,1785561608.725049257,200,13838,14479,874,0,72000,3748,1987,0.000000000,4.320449000,4.967645000,1.600401000,0.000778000,1.601179000,7.694890000,0,17
1658137058.624822378,1785561608.824159145,201,14332,14841,697,0,72000,3554,1737,0.000000000,3.759759999,4.297512000,1.800668000,0.000969000,1.801637000,7.207933000,0,18
1658137058.724912405,1785561608.924040556,202,14349,14881,746,0,72000,3907,1978,0.000000000,4.021011000,4.628124000,1.040888000,0.000967000,1.041855000,6.901230000,0,16
1658137058.824750423,1785561609.025929689,203,14881,15422,674,0,72000,4233,2357,0.000000000,4.915388000,5.635853000,1.264109000,0.000653000,1.264762000,8.324703000,0,18
1658137058.924854755,1785561609.123785019,204,14742,15304,620,0,72000,3894,2049,0.000000000,4.036608000,4.676002000,0.722493000,0.000622000,0.723115000,6.657062000,0,8
1658137059.024829149,1785561609.223053455,205,15304,15713,605,0,72000,3324,1644,0.000000000,3.553704000,4.092817000,0.867605000,0.000668000,0.868272999,5.992379000,0,12
1658137059.124907494,1785561609.324485064,206,15713,16108,601,0,72000,3851,2183,0.000000000,4.587824999,5.254245000,0.862120000,0.000620000,0.862740000,7.360315000,0,16
1658137059.224739790,1785561609.422252893,207,16108,16392,426,0,72000,2856,1398,0.000000000,3.336942000,3.803549000,0.598997000,0.000611000,0.599608000,5.333985000,0,17
1658137059.324834585,1785561609.522620678,208,16392,16628,499,0,72000,2935,1486,0.000000000,3.459485000,3.928703000,0.724933000,0.000660000,0.725593000,5.690402000,0,17
1658137059.424921751,1785561609.623565674,209,16628,16811,433,0,72000,3532,1912,0.000000000,4.137165001,4.728684000,0.674553000,0.000704000,0.675257000,6.511325000,0,11
1658137059.524773836,1785561609.722590923,210,16811,16991,349,0,72000,3037,1649,0.000000000,3.620409000,4.136389000,0.547178000,0.000745000,0.547923000,5.608164000,0,16
1658137059.624879360,1785561609.823720694,211,16991,17198,388,0,72000,3487,2080,0.000000000,4.252029000,4.919274000,0.618545000,0.000840000,0.619384999,6.638284000,0,12
1658137059.724719048,1785561609.924333096,212,17198,17437,490,0,72000,3864,2180,0.000000000,4.145168000,4.780062000,0.909164000,0.000584000,0.909748001,7.153762000,0,11
1658137059.824823141,1785561610.024199486,213,17437,17596,419,0,72000,4032,2358,0.000000000,4.545957000,5.272331000,0.697042000,0.000729000,0.697771000,7.148591000,0,18
1658137059.924920797,1785561610.122512341,214,17596,17771,218,0,72000,2961,1479,0.000000000,3.527144001,4.078108000,0.310762000,0.000671000,0.311433000,5.382719000,0,18
1658137060.024753809,1785561610.225181580,215,17771,18003,516,0,72000,4291,2523,0.000000000,4.983670000,5.748934000,0.789448000,0.000735000,0.790183000,8.039474000,0,10
1658137060.124844074,1785561610.324008226,216,18003,18210,497,0,72000,3797,2177,0.000000000,4.358907000,5.016602000,0.796085000,0.000609000,0.796694000,6.909795000,0,14
1658137060.224811554,1785561610.423077583,217,18210,18406,320,0,72000,3404,1858,0.000000000,3.860187000,4.428495000,0.480208000,0.000651000,0.480859000,6.059536000,0,19
1658137060.324868441,1785561610.524333477,218,18406,18491,287,0,72000,3957,2004,0.000000000,4.765362000,5.377320000,0.516816000,0.000698000,0.517514000,7.139982000,0,18
1658137060.424717665,1785561610.623188019,219,18491,18627,304,0,72000,3495,1944,0.000000000,3.984664000,4.580344000,0.505817000,0.001026000,0.506843000,6.163735000,0,19
1658137060.524796963,1785561610.724895954,220,18627,18660,404,0,72000,4203,2345,0.000000000,4.648412000,5.356741000,0.939530000,0.000660000,0.940190000,7.728706000,0,16
1658137060.624887228,1785561610.824205160,221,18660,18794,336,0,72000,3881,2089,0.000000000,4.614497000,5.260237000,0.572909000,0.000829000,0.573738000,7.058942000,0,15
1658137060.724725485,1785561610.924679756,222,18794,18721,334,0,72000,3900,2270,0.000000000,4.457076000,5.306541000,1.029828000,0.000673000,1.030501000,7.536094000,0,18
1658137060.824807882,1785561611.024435520,223,18721,18818,314,0,72000,4217,2502,0.000000000,4.696595000,5.446297000,0.547415000,0.000753000,0.548168000,7.323981000,0,21
1658137060.924912453,1785561611.122838974,224,18818,18922,240,0,72000,3241,1716,0.000000000,3.717970000,4.255610000,0.422301000,0.000645000,0.422946000,5.766998000,0,20
1658137061.024758816,1785561611.223006964,225,18922,19036,280,0,72000,3220,1695,0.000000000,3.923934999,4.459149000,0.452926000,0.000709000,0.453635000,5.939128000,0,18
1658137061.124855757,1785561611.324600220,226,19036,19148,371,0,72000,3957,2230,0.000000000,4.986912000,5.679656000,0.659011000,0.000658000,0.659669000,7.480432000,0,19
1658137061.224816799,1785561611.425239563,227,19148,19318,360,0,72000,4414,2591,0.000000000,5.197862000,5.976514000,0.603606000,0.000717000,0.604323000,8.010978000,0,14
1658137061.324893713,1785561611.525721550,228,19318,19449,325,0,72000,4835,2866,0.000000000,5.383484000,6.242020000,0.598243000,0.000690000,0.598933000,8.482246000,0,19
1658137061.424739838,1785561611.625188589,229,19449,19553,298,0,72000,4462,2550,0.000000000,5.057652000,5.874090000,0.596606000,0.000720000,0.597326000,7.963380000,0,12
1658137061.524831533,1785561611.724042416,230,19553,19532,300,0,72000,3673,2020,0.000000000,4.485848000,5.132535000,0.637461000,0.000772000,0.638233000,6.908020000,0,18
1658137061.624917984,1785561611.823323727,231,19532,19627,252,0,72000,3545,1942,0.000000000,4.024189999,4.636468000,0.443808000,0.000643000,0.444451000,6.161510000,0,17
1658137061.724760056,1785561611.923146248,232,19627,19659,219,0,72000,3242,1776,0.000000000,4.001642999,4.557030000,0.440572000,0.000604000,0.441176001,5.990395000,0,11
1658137061.824866772,1785561612.023828030,233,19659,19698,243,0,72000,3586,1888,0.000000000,4.383912000,4.975587000,0.514135000,0.000552000,0.514686999,6.591782000,0,14
1658137061.924732924,1785561612.122838020,234,19698,19742,209,0,72000,3085,1594,0.000000000,3.789474001,4.287464000,0.383855000,0.000706000,0.384561000,5.781612000,0,17
1658137062.024819374,1785561612.221652031,235,19742,19747,198,0,72000,2478,1076,0.000000000,3.073262000,3.446781000,0.410116000,0.000849000,0.410965000,4.645840000,0,17
1658137062.124917746,1785561612.323902607,236,19747,19851,230,0,72000,3661,2009,0.000000000,4.393991000,5.004633000,0.592631000,0.000636000,0.593267000,6.696506000,0,19
1658137062.224748850,1785561612.425004482,237,19851,19920,310,0,72000,4282,2495,0.000000000,5.056960999,5.811901000,0.607457000,0.000787000,0.608244000,7.665363000,0,15
1658137062.324859619,1785561612.525308371,238,19920,20039,273,0,72000,4400,2516,0.000000000,5.328123000,6.101205000,0.509771000,0.000651000,0.510422000,8.064846000,0,11
1658137062.424827337,1785561612.624959230,239,20039,20123,252,0,72000,4139,2369,0.000000000,5.039778000,5.759145000,0.511502000,0.000647000,0.512149000,7.661967000,0,17
1658137062.524910927,1785561612.722427368,240,20123,20272,208,0,72000,3021,1458,0.000000000,3.542070000,4.020155000,0.320938000,0.000779000,0.321717000,5.275397000,0,10
1658137062.624742031,1785561612.825235128,241,20272,20331,245,0,72000,4393,2497,0.000000000,5.252567000,6.018941000,0.517185000,0.000903000,0.518088000,7.990827000,0,18
1658137062.724824429,1785561612.922970295,242,20331,20373,232,0,72000,3197,1722,0.000000000,3.832372000,4.383917000,0.453053000,0.000613000,0.453666000,5.784969000,0,14
1658137062.824910402,1785561613.023866177,243,20373,20469,194,0,72000,3781,2005,0.000000000,4.478940000,5.089148000,0.334890000,0.000599000,0.335489000,6.646539000,0,19
1658137062.924767256,1785561613.123364210,244,20469,20550,196,0,72000,3278,1605,0.000000000,4.160055000,4.686632000,0.342974000,0.000781000,0.343755000,6.057867000,0,17
1658137063.024855852,1785561613.221652031,245,20550,20517,160,0,72000,2307,1036,0.000000000,3.013541000,3.374061000,0.352581000,0.000798000,0.353379000,4.552952000,0,10
1658137063.124813318,1785561613.322307110,246,20517,20570,213,0,72000,2973,1496,0.000000000,3.479019000,3.962960000,0.392077000,0.000821000,0.392898000,5.173302000,0,13
1658137063.224892139,1785561613.424806356,247,20570,20658,232,0,72000,4303,2532,0.000000000,4.987420001,5.752233000,0.417262000,0.000646000,0.417908000,7.522014000,0,17
1658137063.324811459,1785561613.523294687,248,20658,20646,160,0,72000,3362,1688,0.000000000,3.972281000,4.515127000,0.375959000,0.000679000,0.376638000,5.978855000,0,12
1658137063.424893618,1785561613.625384808,249,20646,20652,186,0,72000,3794,2039,0.000000000,4.742226000,5.428446000,0.615254000,0.000880000,0.616134000,7.435365000,0,10
1658137063.524723530,1785561613.725416183,250,20652,20657,179,0,72000,3887,2092,0.000000000,5.326119001,6.171971000,0.434422000,0.001003000,0.435425000,8.007556000,0,17
1658137063.624817848,1785561613.826196671,251,20657,20763,254,0,72000,4852,2751,0.000000000,5.877138000,6.811670000,0.480991000,0.000651000,0.481642001,8.805038000,0,14
1658137063.724911928,1785561613.927034616,252,20763,20757,235,0,72000,4690,2684,0.000000000,6.430926000,7.283761000,0.618450000,0.000639000,0.619089000,9.527668000,0,16
1658137063.824761868,1785561614.024691105,253,20757,20867,192,0,72000,3890,2083,0.000000000,4.782136000,5.568412000,0.358533000,0.000650000,0.359183000,7.290615000,0,19
1658137063.924862146,1785561614.123939991,254,20867,20890,161,0,72000,3693,1993,0.000000000,4.585330000,5.203242000,0.315602000,0.000783000,0.316385001,6.634262000,0,12
1658137064.024714470,1785561614.224306345,255,20890,20821,200,0,72000,3855,2140,0.000000000,4.482470000,5.270240000,0.518098000,0.000578000,0.518676000,6.876450000,0,17
1658137064.124918461,1785561614.325656652,256,20821,20863,191,0,72000,4259,2433,0.000000000,5.392905000,6.199368000,0.488899000,0.000810000,0.489709000,8.213255000,0,13
1658137064.224746466,1785561614.424089193,257,20863,20855,141,0,72000,3711,1959,0.000000000,4.328750000,5.060840000,0.333165000,0.000705000,0.333870000,6.594166000,0,16
1658137064.324879885,1785561614.523901701,258,20855,20675,167,0,72000,3691,2131,0.000000000,4.233170001,4.882358000,0.572430000,0.000633000,0.573063000,6.585935000,0,17
1658137064.424725771,1785561614.623152018,259,20675,20775,154,0,72000,3059,1604,0.000000000,3.958701000,4.528617000,0.272081000,0.000647000,0.272728000,5.819898000,0,13
1658137064.524806261,1785561614.723648310,260,20775,20854,133,0,72000,3479,1949,0.000000000,4.096881000,4.745167000,0.314350000,0.000569000,0.314919000,6.188071000,0,12
1658137064.624886990,1785561614.824950218,261,20854,20767,194,0,72000,4011,2177,0.000000000,4.855806999,5.680574000,0.537879000,0.000610000,0.538489000,7.426948000,0,13
1658137064.724721432,1785561614.925865412,262,20767,20829,192,0,72000,4104,2393,0.000000000,5.769645000,6.544926000,0.409638000,0.000799000,0.410437000,8.398686000,0,14
1658137064.824811220,1785561615.024715662,263,20829,20879,151,0,72000,3656,1918,0.000000000,4.870571000,5.594437000,0.344074000,0.000844000,0.344918000,7.174323000,0,13
1658137064.924901485,1785561615.123369217,264,20879,20924,156,0,72000,3268,1780,0.000000000,4.189858000,4.751995000,0.299581000,0.000715000,0.300296000,6.084224000,0,15
1658137065.024745226,1785561615.224163294,265,20924,20949,122,0,72000,3736,1870,0.000000000,4.492528000,5.165962000,0.242771000,0.000585000,0.243356000,6.754681000,0,17
1658137065.124840736,1785561615.323379993,266,20949,21034,138,0,72000,3369,1721,0.000000000,4.179426001,4.713782000,0.247355000,0.000934000,0.248289000,6.045588000,0,18
1658137065.224938393,1785561615.423867226,267,21034,21013,153,0,72000,3646,1816,0.000000000,4.223347000,4.905043000,0.361788000,0.000730000,0.362518000,6.393513000,0,16
1658137065.324915648,1785561615.524403811,268,21013,21065,147,0,72000,3767,2091,0.000000000,4.982020000,5.637686000,0.301899000,0.000864000,0.302763000,6.979879000,0,11
1658137065.424759150,1785561615.624215841,269,21065,21107,147,0,72000,3543,1925,0.000000000,4.346765999,5.068834000,0.299312000,0.000638000,0.299950000,6.557879000,0,18
1658137065.524856091,1785561615.724449635,270,21107,21027,133,0,72000,3969,2266,0.000000000,4.754993000,5.436826000,0.339691000,0.000815000,0.340506000,7.049476000,0,10
1658137065.624709129,1785561615.823919535,271,21027,21081,151,0,72000,3826,2069,0.000000000,4.408528000,5.037515000,0.289417000,0.000726000,0.290143000,6.481281000,0,17
1658137065.724806309,1785561615.924745321,272,21081,21138,121,0,72000,4032,2258,0.000000000,4.909910000,5.626109000,0.250687000,0.000737000,0.251424000,7.316202000,0,10
1658137065.824901342,1785561616.026791573,273,21138,21226,189,0,72000,4973,2897,0.000000000,6.380090000,7.282799000,0.403468000,0.000684000,0.404152000,9.260310000,0,14
1658137065.924726725,1785561616.125879288,274,21226,21294,200,0,72000,4627,2702,0.000000000,5.569930000,6.453516000,0.433885000,0.000680000,0.434565000,8.426166000,0,11
1658137066.024820566,1785561616.222741365,275,21294,21340,140,0,72000,3089,1508,0.000000000,3.593424000,4.095860000,0.278360000,0.000561000,0.278921000,5.419261000,0,17
1658137066.124922991,1785561616.323766947,276,21340,21380,149,0,72000,3477,1912,0.000000000,4.314273000,4.914327000,0.294366000,0.000621000,0.294987000,6.370930000,0,14
1658137066.224759579,1785561616.423657417,277,21380,21428,143,0,72000,3621,1902,0.000000000,4.266325000,4.878565000,0.248480000,0.000640000,0.249120000,6.227790000,0,17
1658137066.324908733,1785561616.523277521,278,21428,21478,141,0,72000,3538,1990,0.000000000,4.028261000,4.517077000,0.254916000,0.000601000,0.255517000,5.899398000,0,16
1658137066.424746513,1785561616.622529984,279,21478,21512,117,0,72000,2822,1384,0.000000000,3.619083000,4.067371000,0.232013000,0.000721000,0.232733999,5.236726000,0,11
1658137066.524848700,1785561616.724140406,280,21512,21580,138,0,72000,3523,1922,0.000000000,4.519037001,5.164200000,0.295871000,0.000749000,0.296620000,6.668882000,0,20
1658137066.624821663,1785561616.823621273,281,21580,21643,142,0,72000,3592,1960,0.000000000,4.168887000,4.784609000,0.271142000,0.000660000,0.271802000,6.199975000,0,15
1658137066.724913359,1785561616.924069166,282,21643,21693,154,0,72000,3696,1999,0.000000000,4.642414000,5.260806000,0.301609000,0.000822000,0.302431000,6.697376000,0,13
1658137066.824770927,1785561617.022236347,283,21693,21744,115,0,72000,2800,1430,0.000000000,3.371070000,3.841198000,0.214242000,0.000755000,0.214997000,5.014651000,0,17
1658137066.924856663,1785561617.124783754,284,21744,21785,122,0,72000,4080,2362,0.000000000,5.129420000,5.851170000,0.247154000,0.000768000,0.247922000,7.340479000,0,14
1658137067.024813414,1785561617.223502874,285,21785,21844,143,0,72000,3404,1849,0.000000000,4.009126999,4.662776000,0.272732000,0.000810000,0.273542000,6.016127000,0,12
1658137067.124904871,1785561617.325033426,286,21844,21853,169,0,72000,4277,2367,0.000000000,4.893105001,5.625457000,0.346193000,0.000857000,0.347050000,7.536204000,0,13
1658137067.224748135,1785561617.423681259,287,21853,21918,124,0,72000,3573,1899,0.000000000,4.159090000,4.746509000,0.223754000,0.000789000,0.224543000,6.134065000,0,18
1658137067.324879885,1785561617.548354864,288,21918,21980,158,0,72000,3481,1767,0.000000000,3.954230000,4.506529000,0.298543000,0.000772000,0.299315000,5.942421000,0,11
1658137067.424710035,1785561617.624703407,289,21980,22002,138,0,72000,3848,1973,0.000000000,4.902693000,5.545406000,0.337258000,0.000708000,0.337966000,7.119722000,0,17
1658137067.524814367,1785561617.724157095,290,22002,22044,128,0,72000,3576,1982,0.000000000,4.617283999,5.237475000,0.258868000,0.000692000,0.259560000,6.709631000,0,19
1658137067.624906778,1785561617.825205088,291,22044,22006,154,0,72000,4031,2220,0.000000000,5.191878000,6.037038000,0.382843000,0.000621000,0.383464000,7.748487000,0,14
1658137067.724751711,1785561617.925124884,292,22006,22031,141,0,72000,3821,2247,0.000000000,5.213359000,5.910796000,0.306684000,0.000596000,0.307280000,7.640283000,0,15
1658137067.824855089,1785561618.023689508,293,22031,22025,109,0,72000,3440,1941,0.000000000,4.216258000,4.832165000,0.250328000,0.000746000,0.251074000,6.156698000,0,16
1658137067.924820423,1785561618.123098373,294,22025,22078,100,0,72000,3149,1643,0.000000000,3.984078000,4.497756000,0.198643000,0.000651000,0.199294000,5.684894000,0,18
1658137068.024923325,1785561618.223365307,295,22078,22094,139,0,72000,3381,1895,0.000000000,4.007823999,4.600538000,0.258576000,0.000857000,0.259433000,5.884894000,0,12
1658137068.124764681,1785561618.323232174,296,22094,22113,148,0,72000,3246,1704,0.000000000,3.913646000,4.455459000,0.306794000,0.000663000,0.307457000,5.788396000,0,14
1658137068.224862576,1785561618.424220324,297,22113,22182,149,0,72000,3708,1937,0.000000000,4.675511000,5.286038000,0.309259000,0.000725000,0.309984000,6.700204000,0,16
1658137068.324897051,1785561618.525487661,298,22182,22214,152,0,72000,4159,2257,0.000000000,5.518218000,6.216862000,0.301340000,0.000562000,0.301902000,7.962853000,0,10
1658137068.424742699,1785561618.624421835,299,22214,22161,132,0,72000,3755,1970,0.000000000,4.748756000,5.365013000,0.344298000,0.000567000,0.344865000,6.827907000,0,11
1658137068.524836779,1785561618.724792004,300,22161,22234,151,0,72000,3935,2015,0.000000000,4.894163000,5.533889000,0.298362000,0.000607000,0.298969000,7.035178000,0,18
1658137068.624927521,1785561618.825069666,301,22234,22210,118,0,72000,4065,2098,0.000000000,5.012512000,5.803223000,0.294420000,0.000639000,0.295059000,7.539232000,0,14
1658137068.724768400,1785561618.924365282,302,22210,22213,113,0,72000,3853,1994,0.000000000,4.525771000,5.144196000,0.251706000,0.000610000,0.252316000,6.731248000,0,11
1658137068.824859619,1785561619.023681641,303,22213,22236,112,0,72000,3221,1554,0.000000000,4.151594000,4.743119000,0.227469000,0.000614000,0.228083000,6.010914000,0,12
1658137068.924817562,1785561619.124188185,304,22236,22201,107,0,72000,3611,1869,0.000000000,4.536903000,5.139100000,0.260338000,0.000743000,0.261081000,6.574172000,0,14
1658137069.024899244,1785561619.225003481,305,22201,22265,124,0,72000,3868,2090,0.000000000,4.920726000,5.694850000,0.246136000,0.000606000,0.246742000,7.298192000,0,16
1658137069.124737978,1785561619.323334932,306,22265,22295,106,0,72000,3384,1713,0.000000000,3.969568999,4.532951000,0.218682000,0.000651000,0.219333000,5.821224000,0,17
1658137069.224836349,1785561619.424695730,307,22295,22292,133,0,72000,3605,1965,0.000000000,5.129158000,5.849729000,0.286379000,0.000736000,0.287115000,7.233438000,0,15
1658137069.324825287,1785561619.523667097,308,22292,22314,83,0,72000,3480,1772,0.000000000,4.202934999,4.792726000,0.165178000,0.000832000,0.166010000,6.068710000,0,16
1658137069.424926519,1785561619.625987768,309,22314,22313,119,0,72000,4282,2482,0.000000000,5.936221000,6.688818000,0.250338000,0.000671000,0.251009000,8.347688000,0,20
1658137069.524762154,1785561619.725093603,310,22313,22320,126,0,72000,4068,2249,0.000000000,4.937310000,5.773494000,0.321384000,0.000742000,0.322126000,7.463770000,0,18
1658137069.624831438,1785561619.823494196,311,22320,22378,129,0,72000,3157,1671,0.000000000,4.033437000,4.654745000,0.228142000,0.000692000,0.228834001,5.888793000,0,10
1658137069.724925756,1785561619.924518347,312,22378,22414,138,0,72000,3766,2046,0.000000000,4.763998000,5.399438000,0.274429000,0.000617000,0.275046000,6.883251000,0,15
1658137069.824770927,1785561620.025501966,313,22414,22419,124,0,72000,4219,2302,0.000000000,5.352056000,6.058409000,0.280042000,0.000589000,0.280631000,7.805613000,0,18
1658137069.924851179,1785561620.125771523,314,22419,21931,135,0,72000,4114,2264,0.000000000,5.555050000,6.245530000,0.480603000,0.000757000,0.481360000,8.141224000,0,8
1658137070.024931669,1785561620.225080729,315,21931,21957,115,0,72000,3901,2086,0.000000000,4.579879999,5.259728000,0.689590000,0.000635000,0.690225000,7.193386000,0,10
1658137070.124789953,1785561620.323808670,316,21957,21971,104,0,72000,3373,1884,0.000000000,4.179878000,4.776952000,0.226082000,0.000580000,0.226662000,6.155699000,0,18
1658137070.224873066,1785561620.425236702,317,21971,22038,111,0,72000,4247,2348,0.000000000,5.046805000,5.888207000,0.215811000,0.000787000,0.216598000,7.506331000,0,15
1658137070.324820518,1785561620.524970531,318,22038,22067,121,0,72000,4093,2184,0.000000000,5.113871000,5.790706000,0.257443000,0.000889000,0.258332000,7.294985000,0,16
1658137070.424909115,1785561620.624062300,319,22067,22031,104,0,72000,3713,2080,0.000000000,4.413426000,5.046692000,0.237864000,0.000664000,0.238528000,6.433828000,0,25
1658137070.524751902,1785561620.724075794,320,22031,22046,86,0,72000,3389,1764,0.000000000,4.329694000,4.908581000,0.208020000,0.000849000,0.208869000,6.241991000,0,20
1658137070.624844313,1785561620.822741985,321,22046,22115,97,0,72000,2808,1469,0.000000000,3.372117999,3.955816000,0.172291000,0.000724000,0.173015000,5.109199000,0,17
1658137070.724927425,1785561620.924877882,322,22115,22169,115,0,72000,4118,2333,0.000000000,4.945401000,5.653461000,0.234155000,0.000774000,0.234929000,7.185973000,0,15
1658137070.824764967,1785561621.024683952,323,22169,22175,124,0,72000,4033,2247,0.000000000,4.736001000,5.413178000,0.322357000,0.000609000,0.322966000,7.069603000,0,15
1658137070.924855471,1785561621.125819445,324,22175,22233,111,0,72000,3876,2243,0.000000000,5.645783001,6.397891000,0.246219000,0.000675000,0.246894000,8.038352000,0,12
1658137071.024806261,1785561621.223054886,325,22233,22259,79,0,72000,3155,1681,0.000000000,3.743522000,4.275377000,0.161389000,0.000804000,0.162193000,5.475777000,0,16
1658137071.124889612,1785561621.324737787,326,22259,22283,89,0,72000,3616,1986,0.000000000,4.604507000,5.228451000,0.218258000,0.000724000,0.218982000,6.820157000,0,12
1658137071.224732399,1785561621.424622774,327,22283,22295,108,0,72000,3563,1854,0.000000000,4.984950000,5.574885000,0.237810000,0.000564000,0.238374000,6.964211000,0,10
1658137071.324868679,1785561621.523568869,328,22295,22307,115,0,72000,3236,1614,0.000000000,4.150194000,4.671119000,0.252560000,0.000729000,0.253289000,5.948901000,0,18
1658137071.424714088,1785561621.624497414,329,22307,22337,105,0,72000,3759,2071,0.000000000,4.751128000,5.395018000,0.229294000,0.000759000,0.230053000,6.825843000,0,13
1658137071.524803400,1785561621.724092722,330,22337,22363,113,0,72000,3743,2100,0.000000000,4.315433000,4.974390000,0.249287000,0.000868000,0.250155000,6.390290000,0,15
1658137071.624900341,1785561621.824306726,331,22363,22398,79,0,72000,3853,2167,0.000000000,4.549418000,5.212690000,0.173622000,0.000683000,0.174305000,6.681060000,0,16
1658137071.724744797,1785561621.924587250,332,22398,22430,84,0,72000,3360,1773,0.000000000,4.247963000,4.818697000,0.199078000,0.000926000,0.200003999,6.230214000,0,8
1658137071.824838400,1785561622.024911642,333,22430,22439,92,0,72000,4046,2235,0.000000000,4.992946000,5.831164000,0.192463000,0.000617000,0.193080000,7.300535000,0,17
1658137071.924928427,1785561622.125359774,334,22439,22482,84,0,72000,4147,2247,0.000000000,5.277264000,5.973209000,0.179880000,0.000578000,0.180458000,7.675601000,0,19
1658137072.024756908,1785561622.223752975,335,22482,22504,89,0,72000,3403,1873,0.000000000,4.250507000,4.823832000,0.180880000,0.000555000,0.181435000,6.028298000,0,12
1658137072.124855518,1785561622.323036194,336,22504,22534,101,0,72000,3378,1871,0.000000000,3.847385000,4.293071000,0.186953000,0.000810000,0.187763000,5.490431000,0,18
1658137072.224715233,1785561622.423758268,337,22534,22564,103,0,72000,3392,1821,0.000000000,4.307091001,4.873004000,0.187196000,0.000596000,0.187792000,6.122281000,0,18
1658137072.324717522,1785561622.523303509,338,22564,22547,96,0,72000,3219,1715,0.000000000,3.893184000,4.431226000,0.212513000,0.000529000,0.213042001,5.693951000,0,12
1658137072.424810171,1785561622.623596907,339,22547,22569,76,0,72000,3342,1700,0.000000000,3.994061000,4.535160000,0.166855000,0.000579000,0.167434000,5.864096000,0,16
1658137072.524909258,1785561622.725112438,340,22569,22580,107,0,72000,3777,2186,0.000000000,4.708705000,5.483578000,0.260752000,0.000585000,0.261337000,7.330657000,0,10
1658137072.624742031,1785561622.825487852,341,22580,22573,118,0,72000,4002,2113,0.000000000,5.343633000,6.020874000,0.274373000,0.000758000,0.275131000,7.757094000,0,15
1658137072.724823236,1785561622.924566746,342,22573,22471,99,0,72000,3659,2058,0.000000000,4.689143000,5.334977000,0.285314000,0.000751000,0.286065000,6.815595000,0,13
1658137072.824915648,1785561623.024003983,343,22471,22494,110,0,72000,3693,2044,0.000000000,4.256114000,4.889384000,0.213318000,0.000755000,0.214073000,6.235542000,0,17
1658137072.924747467,1785561623.124862432,344,22494,22504,104,0,72000,3951,2127,0.000000000,4.704168000,5.353079000,0.233392000,0.000829000,0.234221000,7.066816000,0,14
1658137073.024852514,1785561623.224241734,345,22504,22556,98,0,72000,3704,2004,0.000000000,4.587416000,5.208235000,0.180798000,0.000747000,0.181545000,6.553411000,0,10
1658137073.124809742,1785561623.323881388,346,22556,22070,90,0,72000,3059,1475,0.000000000,4.274680000,4.850544000,0.193768000,0.000602000,0.194370000,5.965510000,0,16
1658137073.224896193,1785561623.424568653,347,22070,22060,87,0,72000,3933,2182,0.000000000,4.598425000,5.271919000,0.235318000,0.000848000,0.236166000,6.724457000,0,18
1658137073.324827194,1785561623.522547007,348,22060,22034,87,0,72000,2616,1233,0.000000000,3.268952000,3.764652000,0.208615000,0.000989000,0.209604000,4.807110000,0,14
1658137073.424917459,1785561623.623524904,349,22034,22059,87,0,72000,3309,1825,0.000000000,3.936697000,4.515850000,0.179325000,0.000660000,0.179985000,5.790791000,0,15
1658137073.524765968,1785561623.722925425,350,22059,22092,79,0,72000,2983,1508,0.000000000,3.560917999,4.051482000,0.164772000,0.000803000,0.165575000,5.236179000,0,16
1658137073.624850035,1785561623.825752974,351,22092,22084,106,0,72000,4332,2492,0.000000000,5.510535999,6.266360000,0.253142000,0.000590000,0.253732000,7.932759000,0,17
1658137073.724819660,1785561623.923834562,352,22084,22137,95,0,72000,3356,1789,0.000000000,4.235910000,4.803645000,0.174693000,0.000624000,0.175317000,6.076183000,0,17
1658137073.824895382,1785561624.024801493,353,22137,22176,135,0,72000,3792,2002,0.000000000,4.871002001,5.510015000,0.274619000,0.000690000,0.275309000,6.932997000,0,17
1658137073.924736738,1785561624.124109745,354,22176,22198,117,0,72000,3474,1698,0.000000000,4.380426000,4.920025000,0.266178000,0.000643000,0.266821000,6.279922000,0,17
1658137074.024819613,1785561624.225700378,355,22198,22270,135,0,72000,3662,1970,0.000000000,5.235885000,6.132572000,0.351836000,0.000722000,0.352558000,7.716329000,0,17
1658137074.124906778,1785561624.324339867,356,22270,22290,103,0,72000,3877,1945,0.000000000,4.446060001,5.044844000,0.206767000,0.000766000,0.207532999,6.501644000,0,17
1658137074.224747419,1785561624.424656630,357,22290,22280,108,0,72000,4009,2334,0.000000000,4.642146000,5.345871000,0.252994000,0.000637000,0.253631000,6.813958000,0,23
1658137074.324881077,1785561624.522989988,358,22280,22277,76,0,72000,3500,1867,0.000000000,4.420458999,4.993408000,0.168403000,0.000621000,0.169024000,6.268280000,0,11
1658137074.424724579,1785561624.623365641,359,22277,22328,91,0,72000,3830,2120,0.000000000,4.799266000,5.449875000,0.172584000,0.000661000,0.173245000,6.803255000,0,15
1658137074.524814844,1785561624.722173929,360,22328,22330,109,0,72000,3245,1909,0.000000000,3.839499000,4.425966000,0.217083000,0.000574000,0.217657000,5.782641000,0,11
1658137074.624903679,1785561624.822427988,361,22330,22344,86,0,72000,3224,1751,0.000000000,4.151184001,4.699533000,0.169798000,0.000780000,0.170578000,5.906939000,0,11
1658137074.724736214,1785561624.923442364,362,22344,22383,127,0,72000,4028,2351,0.000000000,4.730874000,5.463500000,0.230795000,0.000717000,0.231512000,6.850706000,0,17
1658137074.824935913,1785561625.022454500,363,22383,22441,90,0,72000,3416,1775,0.000000000,4.126430000,4.702230000,0.154049000,0.000586000,0.154635000,5.963350000,0,10
1658137074.924767733,1785561625.123367071,364,22441,22473,109,0,72000,3485,1897,0.000000000,4.784179001,5.370688000,0.259873000,0.000661000,0.260534001,6.918157000,0,11
1658137075.024861097,1785561625.223051071,365,22473,22572,182,0,72000,3704,2101,0.000000000,4.409460000,5.067394000,0.291390000,0.001028000,0.292418000,6.497461000,0,11
1658137075.124724388,1785561625.324662685,366,22572,22675,190,0,72000,4402,2575,0.000000000,5.431116000,6.261076000,0.344727000,0.000625000,0.345352000,8.035892000,0,13
1658137075.224820375,1785561625.423528194,367,22675,22770,184,0,72000,3713,2201,0.000000000,4.797307000,5.512937000,0.320571000,0.000675000,0.321246000,6.961542000,0,21
1658137075.324909925,1785561625.523946047,368,22770,22881,194,0,72000,4001,2367,0.000000000,4.910798000,5.624481000,0.399026000,0.000598000,0.399624000,7.287300000,0,15
1658137075.424756289,1785561625.624262333,369,22617,22581,226,0,72000,4097,2368,0.000000000,4.796167000,5.816118000,0.568830000,0.000851000,0.569681000,7.625848000,0,17
1658137075.524840355,1785561625.725144863,370,22581,22695,293,0,72000,4742,2878,0.000000000,5.626238000,6.485344000,0.548062000,0.000729000,0.548791000,8.539602000,0,12
1658137075.624810219,1785561625.824740410,371,22695,22765,191,0,72000,4266,2426,0.000000000,5.491609000,6.238868000,0.311961000,0.000637000,0.312598000,8.138463000,0,17
1658137075.724896193,1785561625.923777342,372,22765,22822,233,0,72000,4107,2392,0.000000000,4.712208000,5.428471000,0.468203000,0.000683000,0.468886000,7.214371000,0,15
1658137075.824759483,1785561626.023967266,373,22822,22915,227,0,72000,4037,2320,0.000000000,4.820946000,5.520331000,0.444667000,0.000766000,0.445433000,7.241329000,0,15
1658137075.924853563,1785561626.122544527,374,22915,22994,187,0,72000,3138,1694,0.000000000,3.951472000,4.595469000,0.345780000,0.000702000,0.346482001,5.912251000,0,10
1658137076.024821758,1785561626.222813129,375,22994,23079,175,0,72000,3492,1901,0.000000000,4.250622000,4.836043000,0.303973000,0.000904000,0.304877000,6.120529000,0,18
1658137076.124909163,1785561626.323477030,376,22809,22893,282,0,72000,3692,2282,0.000000000,4.466246000,5.167555000,0.539835000,0.000727000,0.540562000,6.895188000,0,12
1658137076.224745512,1785561626.424312592,377,22893,22990,263,0,72000,4461,2464,0.000000000,4.994198000,5.787347000,0.522486000,0.000803000,0.523289000,7.604366000,0,22
1658137076.324845076,1785561626.523794889,378,22990,23129,277,0,72000,3934,2123,0.000000000,4.499849000,5.163100000,0.727125000,0.000775000,0.727900000,7.130136000,0,17
1658137076.424820185,1785561626.623170853,379,23129,23316,297,0,72000,3613,1868,0.000000000,4.330948000,4.914953000,0.540747000,0.000683000,0.541430000,6.543870000,0,14
1658137076.524913311,1785561626.723517179,380,23316,23492,316,0,72000,3667,1782,0.000000000,4.549016000,5.112852000,0.667604000,0.000557000,0.668161000,6.881949000,0,17
1658137076.624750376,1785561626.824904203,381,23224,23504,424,0,72000,4315,2445,0.000000000,5.158268999,6.090213000,0.710871000,0.000620000,0.711490999,8.237026000,0,12
1658137076.724843740,1785561626.925647020,382,23504,23579,414,0,72000,4692,2579,0.000000000,5.606008001,6.444552000,0.938317000,0.000808000,0.939125000,8.884909000,0,14
1658137076.824931145,1785561627.026328087,383,23579,23908,503,0,72000,5109,3038,0.000000000,6.119092000,7.030152000,0.845077000,0.000861000,0.845938000,9.436372000,0,17
1658137076.924777746,1785561627.126593828,384,23908,24133,526,0,72000,4615,2561,0.000000000,5.689423000,6.513015000,0.942050000,0.000689000,0.942739000,8.833556000,0,11
1658137077.024857521,1785561627.225892305,385,24133,23903,529,0,72000,4539,2583,0.000000000,5.134324000,5.919175000,1.274881000,0.000676000,1.275557000,8.652253000,0,10
1658137077.124813795,1785561627.324505091,386,23903,24161,498,0,72000,4308,2140,0.000000000,5.034679999,5.809698000,0.856687000,0.000653000,0.857340000,7.884450000,0,19
1658137077.224892139,1785561627.423372507,387,24161,24372,426,0,72000,3593,1898,0.000000000,4.234741000,4.890443000,0.786632000,0.000844000,0.787476000,6.699837000,0,18
1658137077.324913502,1785561627.528390408,388,24372,24534,673,0,72000,5924,3394,0.000000000,6.742456000,7.803420000,1.374550000,0.000795000,1.375345000,11.061243000,0,16
1658137077.424747705,1785561627.625152588,389,24534,24897,589,0,72000,4732,2575,0.000000000,5.294284000,6.079329000,0.952529000,0.000673000,0.953202000,8.430545000,0,14
1658137077.524838209,1785561627.723769426,390,24897,25111,527,0,72000,3488,1608,0.000000000,4.364979000,4.961868000,1.128555000,0.000738000,1.129293000,7.080307000,0,17
1658137077.624918699,1785561627.824816704,391,25111,25253,650,0,72000,4186,2195,0.000000000,4.885002000,5.539981000,1.562047000,0.000654000,1.562701000,8.184594000,0,10
1658137077.724752903,1785561627.924020052,392,25253,25531,551,0,72000,3936,2051,0.000000000,4.776202000,5.402383000,0.936847000,0.000764000,0.937611000,7.326240000,0,10
1658137077.824851513,1785561628.025820017,393,25531,25992,653,0,72000,4725,2560,0.000000000,5.810918999,6.614574000,1.075669000,0.000622000,1.076291000,8.937779000,0,16
1658137077.924811363,1785561628.125586033,394,25479,25814,646,0,72000,4257,2259,0.000000000,5.477309000,6.173008000,1.445877000,0.000632000,1.446509000,8.741762000,0,13
1658137078.024876118,1785561628.226305723,395,25658,26136,878,0,72000,4765,2604,0.000000000,5.375596000,6.160805000,1.586824000,0.000689000,1.587513000,8.956682000,0,18
1658137078.124736786,1785561628.326191187,396,25872,26359,659,0,72000,4803,2534,0.000000000,5.990188000,6.781482000,1.225709000,0.000824000,1.226533001,9.407102000,0,19
1658137078.224831581,1785561628.424901009,397,26122,26476,635,0,72000,4471,2385,0.000000000,4.938619000,5.663763000,1.086090000,0.000694000,1.086784000,7.918456000,0,13
1658137078.324882507,1785561628.525974512,398,26125,26495,826,0,72000,4465,2388,0.000000000,5.149323000,5.886417000,2.017347000,0.000871000,2.018218000,9.013581000,0,11
1658137078.424730301,1785561628.626102448,399,26223,26804,796,0,72000,4650,2530,0.000000000,5.737547000,6.506395000,1.614760000,0.000698000,1.615458000,9.281033000,0,14
1658137078.524822712,1785561628.726168871,400,26210,26717,721,0,72000,4960,2749,0.000000000,5.638383000,6.462100000,1.204286000,0.000709000,1.204995000,9.076228000,0,12
1658137078.624900341,1785561628.828475237,401,26717,27327,991,0,72000,6169,3681,0.000000000,7.112194000,8.275146000,1.564953000,0.000579000,1.565532000,11.433311000,0,13
1658137078.724735260,1785561628.927019596,402,27327,27909,878,0,72000,5551,3136,0.000000000,6.206829001,7.235489000,1.398425000,0.000658000,1.399083000,10.083174000,0,16
1658137078.824827194,1785561629.026453018,403,27909,28340,789,0,72000,4855,2706,0.000000000,6.091347000,6.925454000,1.443798000,0.000721000,1.444519000,9.566546000,0,15
1658137078.924912214,1785561629.124513865,404,28340,28785,816,0,72000,3971,1832,0.000000000,4.729130000,5.297626000,1.462736000,0.000711000,1.463447000,7.776129000,0,12
1658137079.024743319,1785561629.225240231,405,28785,28986,699,0,72000,4514,2243,0.000000000,5.010499999,5.695027000,1.605019000,0.000839000,1.605858000,8.415934000,0,20
1658137079.124834061,1785561629.325515985,406,28986,29360,756,0,72000,4425,2171,0.000000000,5.354737000,6.021198000,1.500428000,0.000585000,1.501013001,8.706348000,0,13
1658137079.224809885,1785561629.425628662,407,29360,29771,728,0,72000,4476,2301,0.000000000,5.581484000,6.286021000,1.484512000,0.000697000,1.485209000,8.877440000,0,15
1658137079.324869394,1785561629.526484966,408,29771,30233,872,0,72000,5047,2722,0.000000000,5.573525000,6.384859000,1.682543000,0.000666000,1.683209000,9.303163000,0,13
1658137079.424824238,1785561629.626513958,409,30171,30447,819,0,72000,5136,2954,0.000000000,5.667546000,6.552163000,1.898021000,0.000562000,1.898583000,9.591603000,0,14
1658137079.524906635,1785561629.725698709,410,30106,30754,773,0,72000,4096,2013,0.000000000,5.029903000,5.742605000,1.633498000,0.000674000,1.634172000,8.379182000,0,18
1658137079.624745131,1785561629.829801798,411,30754,31331,1078,0,72000,6287,3761,0.000000000,7.906108000,9.004798000,2.254912000,0.000599000,2.255511000,12.774714000,0,12
1658137079.724845409,1785561629.929013491,412,31331,31605,899,0,72000,5980,3313,0.000000000,7.152003000,8.162412000,2.331164000,0.000665000,2.331829000,11.946774000,0,14
1658137079.824822187,1785561630.027069807,413,31605,32313,977,0,72000,5130,2744,0.000000000,6.047834999,6.891567000,1.667466000,0.000637000,1.668103000,9.734202000,0,16
1658137079.924921036,1785561630.128021479,414,32181,32915,979,0,72000,5775,3167,0.000000000,6.562257000,7.553766000,1.818009000,0.000692000,1.818701000,10.820510000,0,10
1658137080.024763823,1785561630.227260351,415,32626,33146,937,0,72000,5335,2783,0.000000000,6.247711000,7.092060000,1.872917000,0.000567000,1.873484000,10.212232000,0,24
1658137080.124858618,1785561630.328500032,416,33146,33596,888,0,72000,5104,2580,0.000000000,6.319617000,7.156885000,2.114820000,0.000687000,2.115507000,10.738308000,0,15
1658137080.224817514,1785561630.425856352,417,33596,34006,880,0,72000,4738,2258,0.000000000,5.218420000,5.917717000,1.831646000,0.000640000,1.832286000,8.916855000,0,18
1658137080.324759007,1785561630.529771090,418,34006,34611,969,0,72000,6385,3458,0.000000000,7.284465000,8.339312000,2.209567000,0.000792000,2.210358999,12.124857000,0,17
1658137080.424849749,1785561630.626267195,419,34338,34923,773,0,72000,5222,2752,0.000000000,5.846314999,6.677548000,1.186965000,0.000601000,1.187566000,9.289675000,0,16
1658137080.524818420,1785561630.727492094,420,34923,35255,943,0,72000,5081,2569,0.000000000,5.995611000,6.776925000,1.817811000,0.000558000,1.818369000,9.855328000,0,12
1658137080.624908209,1785561630.827171803,421,35255,35765,1102,0,72000,5012,2543,0.000000000,5.840755000,6.669848000,2.242260000,0.000717000,2.242977000,10.213814000,0,11
1658137080.724747419,1785561630.929244518,422,35765,36434,1110,0,72000,6097,3385,0.000000000,7.324217000,8.328316000,1.888181000,0.000703000,1.888884000,11.649421000,0,14
1658137080.824847221,1785561631.027758121,423,36276,36859,890,0,72000,5563,3062,0.000000000,6.523970000,7.490116000,1.721316000,0.000631000,1.721947000,10.540189000,0,11
1658137080.924810410,1785561631.127664328,424,36859,37230,959,0,72000,5220,2614,0.000000000,6.576268000,7.442861000,1.947627000,0.000593000,1.948220000,10.484114000,0,14
1658137081.024899244,1785561631.226324797,425,37230,37813,858,0,72000,5194,2661,0.000000000,5.881275000,6.717587000,1.357928000,0.000727000,1.358655000,9.282045000,0,16
1658137081.124731541,1785561631.327173710,426,37813,38400,959,0,72000,5402,2898,0.000000000,6.128882000,6.997398000,1.679692000,0.000650000,1.680342000,9.977587000,0,17
1658137081.224839687,1785561631.429991961,427,38267,38760,1061,0,72000,6327,3473,0.000000000,8.053980000,9.095927000,2.177254000,0.000773000,2.178027000,12.792526000,0,10
1658137081.324909210,1785561631.529346466,428,38760,39116,1028,0,72000,6138,3368,0.000000000,7.099436000,8.100317000,2.406933000,0.000611000,2.407544000,11.870814000,0,12
1658137081.424733877,1785561631.627537489,429,38975,39519,1101,0,72000,5285,2784,0.000000000,6.221679001,7.069608000,2.086732000,0.000589000,2.087321001,10.315104000,0,18
1658137081.524811745,1785561631.728915215,430,39519,40488,1076,0,72000,6128,3298,0.000000000,7.004671000,7.996495000,2.392569000,0.000694000,2.393263000,11.686008000,0,17
1658137081.624908447,1785561631.829347610,431,39318,40110,979,0,72000,6346,3420,0.000000000,7.225255000,8.280413000,1.734155000,0.000758000,1.734912999,11.779135000,0,17
1658137081.724735260,1785561631.926680803,432,40110,40741,967,0,72000,4978,2536,0.000000000,5.867248000,6.641932000,1.792528000,0.000587000,1.793115000,9.654200000,0,18
1658137081.824832678,1785561632.026333332,433,40741,41448,1001,0,72000,5026,2427,0.000000000,5.835576000,6.574873000,1.617411000,0.000607000,1.618018000,9.259603000,0,12
1658137081.924919367,1785561632.180979490,434,41448,42161,1188,0,72000,6231,3298,0.000000000,7.846046000,9.011758000,2.998743000,0.000728000,2.999471000,13.292762000,0,11
1658137082.024763584,1785561632.254345894,435,41743,42608,1213,0,72000,5920,3110,0.000000000,7.245765000,8.175446000,2.479315000,0.000764000,2.480079000,12.088561000,0,24
1658137082.124833584,1785561632.330501318,436,42118,42844,1064,0,72000,6201,3380,0.000000000,7.876254001,8.898915000,2.373802000,0.000608000,2.374410000,12.661846000,0,17
1658137082.224925041,1785561632.427703857,437,42650,43216,913,0,72000,5596,2818,0.000000000,6.324871000,7.253291000,1.761023000,0.000719000,1.761742000,10.281881000,0,17
1658137082.324779987,1785561632.529061794,438,43216,43758,991,0,72000,6045,3154,0.000000000,7.211726000,8.169773000,1.994161000,0.000631000,1.994792000,11.596685000,0,16
1658137082.424867392,1785561632.628687620,439,43758,44438,1007,0,72000,5839,2963,0.000000000,7.414425000,8.322627000,1.705023000,0.000732000,1.705755000,11.217120000,0,15
1658137082.524712563,1785561632.731673241,440,44438,45093,1104,0,72000,5291,2664,0.000000000,6.526522000,7.347342000,2.145750000,0.000807000,2.146557000,10.726315000,0,16
1658137082.624928474,1785561632.829346657,441,44969,45693,1125,0,72000,6294,3267,0.000000000,7.610622000,8.619273000,2.030484000,0.000757000,2.031241000,12.106581000,0,14
1658137082.724761963,1785561632.927804232,442,45693,46094,980,0,72000,5546,2837,0.000000000,6.562070000,7.436190000,1.940485000,0.000839000,1.941324000,10.548489000,0,17
1658137082.824846506,1785561633.031197786,443,46094,46867,1150,0,72000,7030,4003,0.000000000,8.447450999,9.765731000,2.043426000,0.000721000,2.044147000,13.841803000,0,14
1658137082.924818993,1785561633.127695322,444,46867,47367,972,0,72000,5296,2729,0.000000000,6.271254000,7.269724000,1.820928000,0.000677000,1.821604999,10.416987000,0,21
1658137083.024910450,1785561633.231166124,445,47367,48036,1174,0,72000,7060,3999,0.000000000,8.685826000,9.865091000,2.236199000,0.000641000,2.236840000,13.751386000,0,11
1658137083.124746561,1785561633.330260992,446,48036,48426,1064,0,72000,6122,3217,0.000000000,7.844305000,8.825861000,2.798299000,0.000651000,2.798950000,12.956098000,0,17
1658137083.224844456,1785561633.428513527,447,48426,48967,1055,0,72000,5564,2860,0.000000000,6.841738000,7.740656000,1.926027000,0.000773000,1.926800000,10.864483000,0,12
1658137083.324917793,1785561633.529370308,448,48967,49581,1169,0,72000,6120,3077,0.000000000,7.167142000,8.123480000,2.664957000,0.000698000,2.665655000,12.072131000,0,11
1658137083.424769878,1785561633.629293919,449,49581,50233,1182,0,72000,5695,2917,0.000000000,6.807891000,7.804615000,2.572863000,0.000699000,2.573562000,11.593683000,0,10
1658137083.524865866,1785561633.730901480,450,50233,50848,1035,0,72000,6200,3305,0.000000000,7.959303000,9.293937000,2.124035000,0.000810000,2.124845000,12.710272000,0,17
1658137083.624713421,1785561633.829583645,451,50657,51196,1106,0,72000,5551,2665,0.000000000,7.220463001,8.056375000,2.893625000,0.000649000,2.894274000,12.280077000,0,17
1658137083.724925041,1785561633.929926395,452,51196,51876,1240,0,72000,5822,2924,0.000000000,7.444368000,8.390258000,2.557974000,0.000607000,2.558581000,12.162970000,0,17
1658137083.824763536,1785561634.029009819,453,51352,51643,997,0,72000,5913,3053,0.000000000,7.182947000,8.108142000,2.285504000,0.000754000,2.286257999,11.609835000,0,18
1658137083.924876213,1785561634.128987789,454,51643,52360,1072,0,72000,5913,2932,0.000000000,7.536383000,8.429470000,1.876709000,0.000752000,1.877461000,11.504473000,0,18
1658137084.024830818,1785561634.240415812,455,52360,52587,1423,0,72000,7410,4077,0.000000000,11.445933000,13.271770000,7.264203000,0.000910000,7.265113000,22.626511000,0,17
1658137084.124914169,1785561634.328882694,456,51728,52805,1254,0,72000,6090,3152,0.000000000,6.944094000,7.947435000,2.045172000,0.000642000,2.045814000,11.248662000,0,18
1658137084.224746943,1785561634.429477692,457,52526,53401,1106,0,72000,5973,2945,0.000000000,7.124700000,8.030401000,2.376348000,0.000697000,2.377045000,11.838755000,0,15
1658137084.324932098,1785561634.530864716,458,53176,53973,1177,0,72000,6399,3411,0.000000000,8.158392000,9.301052000,2.617666000,0.000575000,2.618241000,13.365534000,0,10
1658137084.424779177,1785561634.628794193,459,53973,54839,1293,0,72000,5732,2812,0.000000000,6.795655000,7.778416000,2.284838000,0.000657000,2.285495000,11.342561000,0,16
1658137084.524882078,1785561634.731666803,460,54839,55804,1233,0,72000,7078,3812,0.000000000,8.320867000,9.469096000,2.417340000,0.000789000,2.418129000,13.324989000,0,12
1658137084.624730587,1785561634.833323956,461,55589,56435,1266,0,72000,7280,3930,0.000000000,9.349151001,10.668457000,2.911213000,0.000662000,2.911875000,15.253741000,0,14
1658137084.724822760,1785561634.929201126,462,55980,56845,1302,0,72000,5407,2478,0.000000000,6.211914000,6.967982000,3.004719000,0.000675000,3.005394000,11.155359000,0,13
1658137084.824913263,1785561635.031131744,463,56418,57341,1290,0,72000,6453,3344,0.000000000,8.376640000,9.502179000,2.509103000,0.000832000,2.509935000,13.540073000,0,15
1658137084.924752951,1785561635.130191088,464,57341,58313,1235,0,72000,6798,3545,0.000000000,8.106035999,9.194747000,1.858182000,0.000638000,1.858820000,12.548608000,0,18
1658137085.024825335,1785561635.230287552,465,58313,58448,1142,0,72000,6073,3001,0.000000000,7.177848000,8.090169000,3.333276000,0.000649000,3.333925000,12.696123000,0,15
1658137085.124908209,1785561635.329264402,466,58448,58710,1055,0,72000,5544,2661,0.000000000,6.856610000,7.692267000,2.695458000,0.000598000,2.696056000,11.513267000,0,18
1658137085.224742174,1785561635.430142879,467,58420,59353,1231,0,72000,6442,3285,0.000000000,8.103399000,9.117974000,2.330796000,0.000580000,2.331376000,12.685875000,0,16
1658137085.324807405,1785561635.529855251,468,59353,60038,1151,0,72000,5941,2857,0.000000000,7.943053000,8.871262000,2.169535000,0.000913000,2.170448000,12.257845000,0,10
1658137085.424886465,1785561635.630878210,469,60038,61070,1273,0,72000,5731,2744,0.000000000,7.297459999,8.379569000,3.397880000,0.000658000,3.398538001,13.116988000,0,13
1658137085.524713993,1785561635.730197906,470,60310,61272,1274,0,72000,6215,3154,0.000000000,7.901030001,8.845420000,2.395872000,0.000820000,2.396692000,12.605765000,0,18
1658137085.624926567,1785561635.833081245,471,61272,62195,1327,0,72000,6817,3590,0.000000000,8.301702001,9.547307000,2.957741000,0.000552000,2.958293000,14.723864000,0,17
1658137085.724763632,1785561635.929550409,472,61809,62635,1203,0,72000,5580,2698,0.000000000,6.823061000,7.928350000,2.540710000,0.000665000,2.541375000,11.850453000,0,16
1658137085.824854374,1785561636.030597925,473,62635,63384,1160,0,72000,6197,3111,0.000000000,8.113734999,9.119949000,2.325716000,0.000568000,2.326284000,12.949724000,0,11
1658137085.924812794,1785561636.130300522,474,63384,64138,1298,0,72000,6177,3079,0.000000000,7.983458000,8.899819000,2.366412000,0.000813000,2.367225000,12.744963000,0,18
1658137086.024916172,1785561636.231589079,475,64138,64926,1313,0,72000,6515,3298,0.000000000,8.242435001,9.441373000,2.765357000,0.000724000,2.766081000,13.837885000,0,19
1658137086.124765635,1785561636.333090067,476,64926,65451,1326,0,72000,6867,3507,0.000000000,8.998750000,10.071265000,3.448474000,0.000749000,3.449223000,14.955934000,0,17
1658137086.224844217,1785561636.429105759,477,65262,65905,1042,0,72000,5282,2502,0.000000000,6.865759000,7.783703000,2.113797000,0.000718000,2.114515000,11.150970000,0,15
1658137086.324811935,1785561636.530916929,478,65905,66687,1242,0,72000,6707,3450,0.000000000,8.113529000,9.172345000,2.543893000,0.000992000,2.544885000,13.168946000,0,17
1658137086.424897432,1785561636.629912853,479,66687,67547,1324,0,72000,6348,3158,0.000000000,7.621209000,8.620849000,2.297427000,0.000618000,2.298045000,12.225360000,0,18
1658137086.524740458,1785561636.732826710,480,67547,68153,1401,0,72000,7243,3774,0.000000000,8.525345000,9.929808000,3.159166000,0.000564000,3.159730000,14.947499000,0,17
1658137086.624839067,1785561636.830573559,481,68153,68868,1266,0,72000,5803,2810,0.000000000,7.907782000,8.784456000,2.914843000,0.000754000,2.915597001,12.917434000,0,13
1658137086.724817038,1785561636.931637526,482,68868,69673,1356,0,72000,7029,3706,0.000000000,8.558916000,9.724522000,2.904486000,0.000688000,2.905174000,13.882035000,0,16
1658137086.824910402,1785561637.033417702,483,69673,70179,1441,0,72000,7100,3717,0.000000000,9.240986000,10.403574000,3.687256000,0.000675000,3.687931000,15.425729000,0,19
1658137086.924762011,1785561637.130901098,484,70179,70633,1221,0,72000,6256,3241,0.000000000,7.570470000,8.593479000,3.186170000,0.000887000,3.187057001,13.088904000,0,14
1658137087.024851799,1785561637.230951071,485,70633,71473,1280,0,72000,6053,2827,0.000000000,7.549994000,8.432006000,2.591713000,0.000632000,2.592345000,12.273934000,0,13
1658137087.124824524,1785561637.331817150,486,71341,72304,1295,0,72000,7229,4003,0.000000000,8.564334000,9.775937000,2.307362000,0.000702000,2.308064000,13.561847000,0,18
1658137087.224905491,1785561637.433885336,487,72002,72467,1372,0,72000,7321,3794,0.000000000,9.129094000,10.315554000,3.087718000,0.000720000,3.088438000,15.024150000,0,15
1658137087.324883938,1785561637.533488274,488,72467,73011,1283,0,72000,7219,3810,0.000000000,8.827305000,10.113572000,3.021994000,0.000582000,3.022576000,14.917496000,0,14
1658137087.424716949,1785561637.632481337,489,72745,73060,1322,0,72000,6558,3320,0.000000000,8.309277001,9.331676000,3.392623000,0.000659000,3.393282000,14.178381000,0,14
1658137087.524923086,1785561637.731379032,490,73060,73682,1340,0,72000,6448,3127,0.000000000,7.781912000,8.719775000,2.870100000,0.000590000,2.870690000,12.821835000,0,14
1658137087.624775410,1785561637.831241369,491,73392,74319,1305,0,72000,6384,3300,0.000000000,7.934817000,8.954818000,3.183679000,0.000709000,3.184388000,13.380392000,0,17
1658137087.724866390,1785561637.936160564,492,74169,74904,1583,0,72000,8330,4531,0.000000000,10.751916000,12.183348000,3.871083000,0.000714000,3.871797000,17.836878000,0,18
1658137087.824826956,1785561638.031033278,493,74904,75635,1310,0,72000,5832,2781,0.000000000,7.532178000,8.656948000,2.993729000,0.000642000,2.994371000,13.127297000,0,14
1658137087.924928665,1785561638.130743504,494,75635,76401,1298,0,72000,6364,3070,0.000000000,8.155850000,9.147092000,2.528643000,0.000650000,2.529293000,12.920182000,0,14
1658137088.024751425,1785561638.231775045,495,76401,77207,1174,0,72000,6385,3290,0.000000000,8.394765001,9.598682000,2.276329000,0.000914000,2.277243000,13.223368000,0,12
1658137088.124830246,1785561638.333804846,496,77124,77525,1099,0,72000,6683,3409,0.000000000,9.123554000,10.369932000,2.503524000,0.014350000,2.517874000,14.657754000,0,13
1658137088.224810600,1785561638.431243420,497,77525,78478,1387,0,72000,6507,3124,0.000000000,7.863447000,8.806725000,2.762333000,0.000707000,2.763040000,12.832815000,0,16
1658137088.324824095,1785561638.530691624,498,78305,79083,1180,0,72000,6215,3066,0.000000000,7.479694000,8.485038000,3.094012000,0.005033000,3.099045000,12.836907000,0,17
1658137088.424913168,1785561638.631235361,499,79083,79573,982,0,72000,6792,3494,0.000000000,8.427286000,9.499900000,2.225700000,0.000824000,2.226524000,13.148563000,0,17
1658137088.524745703,1785561638.731314182,500,79573,80352,1214,0,72000,6134,3092,0.000000000,7.919932000,8.908060000,2.723902000,0.004994000,2.728896000,12.896529000,0,17
1658137088.624839306,1785561638.833420277,501,79979,80970,1260,0,72000,6237,3120,0.000000000,8.117687999,9.056602000,4.822110000,0.000596000,4.822706000,15.102433000,0,14
1658137088.724819899,1785561638.929449797,502,78047,78972,1210,0,72000,5602,2675,0.000000000,7.380713000,8.234611000,2.192815000,0.000670000,2.193485000,11.557782000,0,17
1658137088.824911833,1785561639.034811020,503,78972,80078,1441,0,72000,6810,3355,0.000000000,9.436095000,10.736453000,3.237929000,0.000792000,3.238721000,15.690961000,0,14
1658137088.924744129,1785561639.132134438,504,80078,81087,1277,0,72000,7312,3998,0.000000000,8.815877000,10.014475000,2.359033000,0.000726000,2.359759000,13.870211000,0,15
1658137089.024832249,1785561639.233689070,505,81087,82058,1443,0,72000,6996,3450,0.000000000,9.030744000,10.641924000,3.021730000,0.000591000,3.022321000,15.313039000,0,10
1658137089.124917984,1785561639.334210396,506,82058,82779,1206,0,72000,6864,3436,0.000000000,9.619887001,11.122921000,2.521225000,0.000998000,2.522223000,15.266598000,0,10
1658137089.224752426,1785561639.433945656,507,82779,83008,1270,0,72000,6969,3676,0.000000000,8.776147000,9.915651000,4.032649000,0.000555000,4.033204000,15.372106000,0,15
1658137089.324856520,1785561639.530610800,508,82342,83267,1182,0,72000,6220,3122,0.000000000,7.562760000,8.584333000,2.638884000,0.000604000,2.639488000,12.444035000,0,13
1658137089.424708366,1785561639.632238388,509,83267,84032,1390,0,72000,6646,3349,0.000000000,8.446444000,9.518008000,3.004070000,0.000647000,3.004717000,13.769417000,0,10
1658137089.524801970,1785561639.734145880,510,83343,84441,1533,0,72000,8039,4219,0.000000000,9.809722001,11.159784000,2.913956000,0.000587000,2.914543000,15.659217000,0,17
1658137089.624886036,1785561639.829318285,511,84441,85156,865,0,72000,5611,2676,0.000000000,7.068702001,7.959031000,1.640870000,0.000582000,1.641452001,10.951304000,0,15
1658137089.724714279,1785561639.931152105,512,85156,85786,1166,0,72000,6316,3163,0.000000000,7.999128000,8.955395000,2.729615000,0.000641000,2.730256000,13.105654000,0,16
1658137089.824929953,1785561640.031307459,513,85786,86622,1201,0,72000,6581,3290,0.000000000,8.086749000,9.074618000,2.754990000,0.000668000,2.755658000,13.222224000,0,17
1658137089.924778938,1785561640.132572651,514,86622,87533,1372,0,72000,6902,3203,0.000000000,8.559869000,9.538667000,3.057526000,0.000702000,3.058228000,14.003657000,0,18
1658137090.024863958,1785561640.228566647,515,87435,88080,1021,0,72000,5086,2341,0.000000000,6.505139000,7.311634000,2.118303000,0.000924000,2.119227000,10.599829000,0,13
1658137090.124706030,1785561640.335986137,516,88080,88158,1372,0,72000,7185,3416,0.000000000,9.710445000,10.958953000,5.074669000,0.000694000,5.075363000,17.578939000,0,18
1658137090.224924564,1785561640.433668613,517,87016,87771,1505,0,72000,7071,3398,0.000000000,8.632135000,9.660525000,4.002145000,0.000624000,4.002769000,15.137099000,0,18
1658137090.324844360,1785561640.533632278,518,87771,89010,1693,0,72000,7001,3255,0.000000000,8.305490000,9.293746000,3.793437000,0.000728000,3.794165000,14.393516000,0,16
1658137090.424924612,1785561640.633751154,519,88938,89913,1302,0,72000,6834,3093,0.000000000,8.692846000,9.755922000,3.397995000,0.001110000,3.399105000,14.602408000,0,14
1658137090.524747849,1785561640.745249271,520,89049,90397,1641,0,72000,7939,3647,0.000000000,9.351038000,10.597448000,4.088892000,0.000728000,4.089620000,16.462386000,0,17
1658137090.624826670,1785561640.832198143,521,90249,91145,1471,0,72000,6625,2898,0.000000000,8.180932001,9.119843000,3.616056000,0.000759000,3.616815000,14.070874000,0,19
1658137090.724904537,1785561640.932590485,522,91145,92138,1452,0,72000,6866,2976,0.000000000,8.332764000,9.270767000,3.608854000,0.000749000,3.609603000,14.197899000,0,15
1658137090.824755907,1785561641.031094074,523,92048,93155,1421,0,72000,6452,2829,0.000000000,8.108584000,8.971656000,2.735341000,0.000653000,2.735994000,12.934931000,0,17
1658137090.924858570,1785561641.136004448,524,93155,94344,1629,0,72000,7685,3495,0.000000000,10.682362000,11.859010000,3.620792000,0.000681000,3.621473000,16.854387000,0,15
1658137091.024707079,1785561641.233869791,525,94122,95124,1450,0,72000,7366,3242,0.000000000,9.051075000,10.079700000,3.106744000,0.000777000,3.107521000,15.043593000,0,15
1658137091.124913931,1785561641.332499743,526,95124,96229,1343,0,72000,6777,2915,0.000000000,8.625824000,9.504589000,2.677242000,0.000570000,2.677812000,13.850358000,0,12
1658137091.224760532,1785561641.431955814,527,95933,97166,1609,0,72000,6769,2929,0.000000000,8.071875000,8.975306000,3.106875000,0.000559000,3.107434000,13.369359000,0,18
1658137091.324913263,1785561641.530223131,528,96811,97539,958,0,72000,6236,2803,0.000000000,8.121760000,8.978455000,1.770843000,0.000908000,1.771751000,12.014120000,0,18
1658137091.424757242,1785561641.632944345,529,97539,98481,1234,0,72000,7220,3322,0.000000000,8.846370000,9.826843000,3.116154000,0.000653000,3.116807000,14.554178000,0,17
1658137091.524853468,1785561641.730787992,530,96769,97628,1066,0,72000,6221,2838,0.000000000,7.719824000,8.689184000,2.252532000,0.000821000,2.253353000,12.535063000,0,20
1658137091.624808073,1785561641.834441662,531,97628,98781,1410,0,72000,7275,3472,0.000000000,9.604227000,10.784258000,2.918606000,0.000702000,2.919307999,15.265879000,0,22
1658137091.724906445,1785561641.935518980,532,98029,99288,1591,0,72000,8177,3959,0.000000000,10.616693000,11.962829000,3.210652000,0.000572000,3.211224000,16.872524000,0,14
1658137091.824748039,1785561642.032342196,533,99288,100230,1200,0,72000,7139,3210,0.000000000,9.498972000,10.471460000,2.076158000,0.000845000,2.077003000,13.999092000,0,10
1658137091.924831629,1785561642.131232977,534,100230,101129,1233,0,72000,6596,2925,0.000000000,8.238600000,9.159342000,2.385468000,0.000773000,2.386241000,12.801335000,0,18
1658137092.024922848,1785561642.233600616,535,101129,102058,1181,0,72000,7020,3361,0.000000000,9.387982000,10.409647000,2.361029000,0.000775000,2.361804000,14.284955000,0,15
1658137092.124774218,1785561642.333520889,536,101621,102136,1279,0,72000,6861,3356,0.000000000,8.301599000,9.337844000,3.985334000,0.000843000,3.986177000,14.622536000,0,16
1658137092.224879026,1785561642.432248354,537,101741,102750,1255,0,72000,7175,3444,0.000000000,8.641023000,9.695476000,2.945136000,0.000582000,2.945718000,13.878461000,0,17
1658137092.324762344,1785561642.531635284,538,102316,103160,1134,0,72000,6354,3004,0.000000000,8.776843000,9.713869000,2.310396000,0.000707000,2.311103000,13.250966000,0,16
1658137092.424836397,1785561642.631232500,539,103160,103872,986,0,72000,5727,2481,0.000000000,7.865471000,8.638001000,2.840911000,0.000920000,2.841831000,12.644810000,0,18
1658137092.524913073,1785561642.734161377,540,103872,104909,1627,0,72000,6917,3215,0.000000000,8.769854001,9.875074000,3.934658000,0.000717000,3.935375000,15.135112000,0,16
1658137092.624743462,1785561642.833901167,541,104909,105866,1458,0,72000,7133,3351,0.000000000,8.737516000,9.748152000,3.594175000,0.000706000,3.594881000,14.772836000,0,17
1658137092.724826336,1785561642.932091475,542,105866,106781,1338,0,72000,6685,3262,0.000000000,8.287203000,9.259773000,2.876210000,0.000782000,2.876992000,13.504178000,0,14
1658137092.824920177,1785561643.031873465,543,106692,107507,1058,0,72000,7042,3512,0.000000000,8.794859000,9.833274000,2.316015000,0.000821000,2.316836000,13.583617000,0,8
1658137092.924759865,1785561643.131119967,544,107507,108374,1313,0,72000,5736,2741,0.000000000,7.577291000,8.473204000,3.330381000,0.000729000,3.331110000,12.953418000,0,12
1658137093.024845362,1785561643.234893799,545,108374,109638,1827,0,72000,6745,3103,0.000000000,8.087069000,9.029912000,5.730507000,0.000693000,5.731200000,16.109175000,0,17
1658137093.124808073,1785561643.334534407,546,109425,110786,2008,0,72000,6592,3070,0.000000000,7.810461000,8.737597000,5.309775000,0.000940000,5.310715000,15.301869000,0,17
1658137093.224894285,1785561643.432668447,547,110758,112054,1556,0,72000,6966,3672,0.000000000,9.043213000,10.198461000,2.901059000,0.000669000,2.901728000,14.424724000,0,13
1658137093.324839830,1785561643.533579350,548,111837,113506,2057,0,72000,6595,3656,0.000000000,8.187425000,9.294047000,4.114750000,0.000560000,4.115310000,14.788093000,0,18
1658137093.424813032,1785561643.636747837,549,113122,115793,4798,0,72000,6676,3146,0.000000000,9.637024000,10.613184000,5.463619000,0.000808000,5.464426999,17.545394000,0,15
1658137093.524898529,1785561643.736236095,550,115504,117355,2756,0,72000,7601,3053,0.000000000,10.740472000,11.774665000,4.235851000,0.000598000,4.236449000,17.639076000,0,20
1658137093.624742985,1785561643.836584091,551,117355,120473,3997,0,72000,6225,1677,0.000000000,7.830884999,8.384004000,8.206816000,0.000733000,8.207549000,17.940892000,0,16
1658137093.724836349,1785561643.939198971,552,119108,122383,4492,0,72000,6959,1994,0.000000000,9.082989000,9.720814000,8.819076000,0.000780000,8.819856000,19.798573000,0,15
1658137093.824942112,1785561644.033047438,553,121036,123013,2725,0,72000,5091,1299,0.000000000,8.375471999,8.821125000,4.538605000,0.000650000,4.539255000,14.520974000,0,10
1658137093.924788237,1785561644.134004831,554,123013,124340,1772,0,72000,6653,2106,0.000000000,9.500720000,10.221651000,3.605604000,0.000592000,3.606196000,15.534186000,0,17
1658137094.024878025,1785561644.236659288,555,124340,125173,1126,0,72000,6677,2295,0.000000000,10.721925000,11.834702000,3.719005000,0.000679000,3.719684000,17.327532000,0,17
1658137094.124725342,1785561644.329240799,556,125025,125673,838,0,72000,5593,1898,0.000000000,7.213086000,7.840398000,1.863873000,0.000754000,1.864627000,10.901637000,0,14
1658137094.224812031,1785561644.427562952,557,124610,125094,761,0,72000,4752,1584,0.000000000,6.249012999,6.795243000,1.706765000,0.001020000,1.707785000,9.532683000,0,15
1658137094.324873209,1785561644.531218290,558,125094,125845,991,0,72000,6738,2423,0.000000000,8.752709000,9.499385000,1.850227000,0.000588000,1.850815000,12.767292000,0,14
1658137094.424714327,1785561644.631701231,559,125845,126668,1019,0,72000,6672,2338,0.000000000,8.935767000,10.008490000,1.980570000,0.000781000,1.981351000,13.401981000,0,17
1658137094.524916649,1785561644.730054140,560,126668,127427,967,0,72000,5836,2123,0.000000000,8.259364000,8.942126000,1.691951000,0.000622000,1.692573000,11.760705000,0,21
1658137094.624755144,1785561644.835553885,561,127427,128328,1393,0,72000,8225,2878,0.000000000,10.995269000,12.080672000,3.169054000,0.000829000,3.169883000,16.842326000,0,17
1658137094.724845886,1785561644.932583570,562,128328,129231,1128,0,72000,6946,2349,0.000000000,9.103164000,9.839094000,2.488492000,0.000682000,2.489174000,14.138077000,0,11
1658137094.824810743,1785561645.032782078,563,129231,130125,1143,0,72000,7068,2478,0.000000000,8.997986000,9.773356000,2.897495000,0.000781000,2.898276000,14.171868000,0,16
1658137094.924896240,1785561645.133791447,564,130125,130600,1150,0,72000,7337,2631,0.000000000,10.068150000,11.071727000,2.317929000,0.000915000,2.318844000,14.783457000,0,14
1658137095.024729252,1785561645.233696938,565,130600,131485,1209,0,72000,7327,2619,0.000000000,9.796137000,10.875380000,2.265222000,0.000751000,2.265973000,14.732546000,0,17
1658137095.124821663,1785561645.330545664,566,131485,131989,771,0,72000,6236,2241,0.000000000,8.110845000,8.811634000,2.036695000,0.000570000,2.037265000,12.185071000,0,16
1658137095.224918365,1785561645.432710409,567,131989,132596,998,0,72000,7431,2878,0.000000000,9.797788000,10.698883000,2.026374000,0.000654000,2.027028000,14.123245000,0,17
1658137095.324758053,1785561645.533676147,568,132596,133270,930,0,72000,7058,2765,0.000000000,9.699798000,10.740363000,2.111027000,0.000670000,2.111697000,14.403170000,0,17
1658137095.424846411,1785561645.629981279,569,133270,133700,709,0,72000,5900,1974,0.000000000,8.116599999,8.742516000,1.558352000,0.000576000,1.558928000,11.643692000,0,20
1658137095.524821281,1785561645.734542370,570,133700,134211,939,0,72000,8174,3115,0.000000000,11.108235000,12.090445000,1.979124000,0.000699000,1.979823000,15.541055000,0,15
1658137095.624913931,1785561645.829381704,571,134211,134673,716,0,72000,5635,1712,0.000000000,7.848544000,8.414622000,1.391354000,0.000981000,1.392335000,11.070292000,0,11
1658137095.724748135,1785561645.930373669,572,134673,135130,714,0,72000,6383,2295,0.000000000,8.406006000,9.117127000,1.637855000,0.000932000,1.638787001,11.950603000,0,18
1658137095.824834347,1785561646.030731440,573,135130,135551,736,0,72000,6680,2403,0.000000000,8.661238000,9.404523000,1.590067000,0.000839000,1.590906000,12.281229000,0,18
1658137095.924929142,1785561646.131570578,574,135551,136041,856,0,72000,6808,2553,0.000000000,8.907299000,9.702826000,1.842152000,0.000739000,1.842891000,12.894600000,0,17
1658137096.024767160,1785561646.232223988,575,136041,136507,703,0,72000,7015,2756,0.000000000,9.842087000,10.831744000,1.564227000,0.000575000,1.564802000,13.787643000,0,17
1658137096.124859095,1785561646.331914425,576,136507,137011,813,0,72000,6572,2418,0.000000000,9.209283000,10.033146000,1.835212000,0.000704000,1.835916000,13.398321000,0,18
1658137096.224810600,1785561646.431724310,577,137011,137383,812,0,72000,6478,2377,0.000000000,8.580519000,9.315909000,2.533625000,0.000768000,2.534393000,13.315164000,0,15
1658137096.324923754,1785561646.533912659,578,137383,137300,885,0,72000,6743,2452,0.000000000,9.194659000,10.423833000,2.542877000,0.000585000,2.543462000,14.570927000,0,20
1658137096.424771070,1785561646.633215904,579,137300,137762,808,0,72000,7642,2956,0.000000000,10.071362000,11.038026000,1.741317000,0.000762000,1.742079000,14.300089000,0,15
1658137096.524874926,1785561646.732207775,580,137762,138235,798,0,72000,6279,2322,0.000000000,9.079710000,9.868755000,2.367185000,0.000640000,2.367825000,13.549151000,0,12
1658137096.624707699,1785561646.832072735,581,138235,138286,700,0,72000,6578,2389,0.000000000,9.144531000,9.911340000,2.049819000,0.000947000,2.050766000,13.255189000,0,16
1658137096.724938393,1785561646.933920622,582,137993,138421,749,0,72000,7218,2694,0.000000000,10.596291000,11.703636000,1.866993000,0.000580000,1.867573000,15.033312000,0,13
1658137096.824778557,1785561647.031595469,583,138421,138808,692,0,72000,6465,2210,0.000000000,8.918576000,9.655900000,1.758731000,0.000569000,1.759300000,12.904965000,0,13
1658137096.924873590,1785561647.133532047,584,138808,139355,821,0,72000,7305,2823,0.000000000,10.424620000,11.411162000,1.666034000,0.000593000,1.666627000,14.642523000,0,14
1658137097.024720430,1785561647.229456186,585,139355,139695,628,0,72000,5595,2040,0.000000000,7.536858000,8.186227000,1.314206000,0.000738000,1.314944000,10.682948000,0,18
1658137097.124918461,1785561647.333982229,586,139695,139993,722,0,72000,7111,2712,0.000000000,10.724603000,11.745989000,1.794635000,0.000599000,1.795234000,14.901750000,0,15
1658137097.224770546,1785561647.430239677,587,139993,140383,616,0,72000,6047,2054,0.000000000,8.494677000,9.195876000,1.281569000,0.000561000,1.282130000,11.765805000,0,18
1658137097.324896097,1785561647.532788038,588,140383,140711,681,0,72000,7211,2833,0.000000000,10.129875000,11.087566000,1.539357000,0.000797000,1.540154000,14.089642000,0,22
1658137097.424734116,1785561647.629946947,589,140711,141046,632,0,72000,5979,2138,0.000000000,7.947967000,8.618768000,1.326678000,0.000717000,1.327395000,11.356723000,0,20
1658137097.524811745,1785561647.731929779,590,141046,141452,649,0,72000,6491,2517,0.000000000,8.763410000,9.576213000,2.374047000,0.000666000,2.374713000,13.423121000,0,17
1658137097.624899387,1785561647.833286047,591,140132,140553,720,0,72000,6814,2473,0.000000000,9.698176000,10.564149000,1.901684000,0.000597000,1.902281000,14.263614000,0,13
1658137097.724745989,1785561647.930156469,592,140553,140871,626,0,72000,6057,2119,0.000000000,8.180107000,8.851203000,1.503479000,0.000720000,1.504199000,11.507419000,0,13
1658137097.824845791,1785561648.030396461,593,140871,141167,569,0,72000,6004,2296,0.000000000,8.295383000,9.041938000,1.420502000,0.000614000,1.421116000,11.878607000,0,18
1658137097.924801826,1785561648.132247925,594,141167,141512,690,0,72000,7327,2913,0.000000000,9.716687000,10.459783000,1.620159000,0.000727000,1.620886000,13.459479000,0,17
1658137098.024879217,1785561648.233123779,595,141512,141921,740,0,72000,6785,2463,0.000000000,9.687551000,10.517106000,1.724497000,0.000888000,1.725385000,13.900068000,0,14
1658137098.124703884,1785561648.333166122,596,141921,142305,667,0,72000,6958,2627,0.000000000,10.566513999,11.451778000,1.521874000,0.000733000,1.522607000,14.271527000,0,17
1658137098.224916935,1785561648.431839466,597,142305,142194,578,0,72000,6206,2232,0.000000000,8.772100000,9.514654000,2.361878000,0.000788000,2.362665999,13.289534000,0,17
1658137098.324763536,1785561648.530088186,598,142194,142482,548,0,72000,5979,2033,0.000000000,8.160984999,8.812275000,1.269520000,0.000622000,1.270142000,11.324255000,0,19
1658137098.424864292,1785561648.632234573,599,142482,142828,632,0,72000,6364,2351,0.000000000,8.942404000,9.807018000,1.822931000,0.000739000,1.823670000,13.330155000,0,10
1658137098.524833441,1785561648.731231213,600,142828,143169,581,0,72000,6370,2383,0.000000000,8.906545000,9.643820000,1.393902000,0.000861000,1.394763000,12.386965000,0,19
1658137098.624920130,1785561649.260027170,601,143169,143463,563,0,72000,6196,2319,0.000000000,9.078352000,9.792605000,1.242333000,0.000658000,1.242991000,12.192959000,0,18
1658137098.724755526,1785561649.294656038,602,143463,143753,603,0,72000,6758,2559,0.000000000,9.322830000,14.337518000,1.629792000,0.000616000,1.630408000,19.458621000,0,1
1658137098.824843168,1785561649.310007811,603,143753,143803,305,0,72000,6758,2562,0.000000000,9.568823000,10.424939000,0.870928000,0.000564000,0.871492000,11.919936000,0,2
1658137098.924813747,1785561649.330197096,604,143803,143804,299,0,72000,6758,2561,0.000000000,9.085947000,9.717564000,0.922549000,0.000578000,0.923127000,11.418150000,2,11
1658137099.024913073,1785561649.355931044,605,143804,143570,293,0,72000,6758,2560,0.000000000,8.826035999,9.453858000,1.604844000,0.000673000,1.605516999,12.174028000,1,11
1658137099.124756813,1785561649.379371166,606,143570,142094,290,0,72000,6758,2558,0.000000000,8.599923000,9.055005000,0.836617000,0.000646000,0.837263000,10.665654000,0,18
1658137099.224839926,1785561649.434205770,607,142094,142674,1063,0,72000,6894,2672,0.000000000,9.921327000,11.106110000,2.115357000,0.000750000,2.116107000,14.684592000,0,15
1658137099.324838161,1785561649.529621363,608,142674,142997,572,0,72000,5256,1881,0.000000000,7.516151000,8.128942000,1.174049000,0.000659000,1.174708000,10.351977000,0,17
1658137099.424929619,1785561649.631885767,609,142997,143395,646,0,72000,6531,2400,0.000000000,9.056381000,9.811275000,1.725934000,0.000580000,1.726514000,12.724678000,0,15
1658137099.524773359,1785561649.730408192,610,143395,143661,557,0,72000,5735,2027,0.000000000,8.399675999,9.054753000,1.315530000,0.000743000,1.316273000,11.449039000,0,16
1658137099.624851465,1785561649.832205296,611,143661,143943,528,0,72000,6252,2430,0.000000000,8.948943000,9.718566000,1.429103000,0.000583000,1.429686000,12.626945000,0,16
1658137099.724806547,1785561649.934314728,612,143943,144256,701,0,72000,7263,2629,0.000000000,10.742643000,11.669470000,1.741223000,0.000723000,1.741946000,14.771943000,0,14
1658137099.824889183,1785561650.033355236,613,144256,144621,599,0,72000,6890,2471,0.000000000,9.748589000,10.555998000,2.114422000,0.000636000,2.115058000,14.000139000,0,14
1658137099.924718618,1785561650.132497072,614,142389,142676,525,0,72000,6474,2503,0.000000000,9.773571000,10.635329000,1.309822000,0.000641000,1.310463000,13.359714000,0,17
1658137100.024801970,1785561650.231565237,615,142676,143008,650,0,72000,6233,2160,0.000000000,8.559934000,9.247743000,1.809796000,0.000609000,1.810405000,12.413475000,0,11
1658137100.124898911,1785561650.335971355,616,143008,143368,715,0,72000,7686,2860,0.000000000,11.561002999,12.583278000,1.980561000,0.000684000,1.981245000,15.986739000,0,11
1658137100.224740028,1785561650.430302382,617,143368,143550,447,0,72000,6013,2126,0.000000000,8.312446000,8.989907000,1.064367000,0.000667000,1.065034000,11.378812000,0,12
1658137100.324908257,1785561650.532280684,618,143550,143800,588,0,72000,6758,2489,0.000000000,9.509490000,10.295158000,1.422384000,0.000590000,1.422974000,13.293683000,0,18
1658137100.424737930,1785561650.634466887,619,143800,144175,598,0,72000,7502,2956,0.000000000,10.700133000,11.678815000,1.506606000,0.000866000,1.507472000,14.693778000,0,17
1658137100.524813652,1785561650.733929634,620,144175,144445,715,0,72000,7241,2624,0.000000000,10.208666000,11.372496000,1.739621000,0.000757000,1.740378000,14.453628000,0,16
1658137100.624907970,1785561650.832540751,621,144445,144658,516,0,72000,6919,2679,0.000000000,9.792241000,10.756679000,1.323065000,0.000571000,1.323636000,13.465225000,0,14
1658137100.724737167,1785561650.932945967,622,144658,145019,545,0,72000,6751,2698,0.000000000,9.784106000,10.911419000,1.347323000,0.000825000,1.348148000,13.802112000,0,16
1658137100.824820280,1785561651.032552719,623,145019,145364,588,0,72000,6672,2630,0.000000000,9.640012000,10.603992000,1.388808000,0.000701000,1.389509000,13.362859000,0,16
1658137100.924904108,1785561651.134675980,624,145364,145661,565,0,72000,7661,2965,0.000000000,10.817270000,11.759682000,1.299939000,0.000643000,1.300582000,14.649533000,0,19
1658137101.024742842,1785561651.233828068,625,145661,145895,676,0,72000,6979,2753,0.000000000,10.058340000,11.132055000,1.860110000,0.000757000,1.860867000,14.344414000,0,18
1658137101.124830008,1785561651.332482576,626,145895,146147,613,0,72000,6266,2236,0.000000000,8.828419000,9.661947000,1.924955000,0.000741000,1.925696000,13.217682000,0,16
1658137101.224916697,1785561651.433935642,627,146147,146448,605,0,72000,7570,2861,0.000000000,10.493618001,11.462325000,1.438962000,0.000574000,1.439536000,14.353421000,0,24
1658137101.324810505,1785561651.532845736,628,146448,146692,580,0,72000,7067,2685,0.000000000,9.906334000,10.791287000,1.452359000,0.000543000,1.452902000,13.650325000,0,16
1658137101.424907207,1785561651.630858660,629,146692,147002,518,0,72000,6335,2385,0.000000000,8.678878000,9.414095000,1.160207000,0.000666000,1.160873000,11.776270000,0,14
1658137101.524749756,1785561651.729312181,630,147002,147171,417,0,72000,5432,1874,0.000000000,7.616345000,8.210982000,0.962594000,0.000787000,0.963381000,10.270326000,0,17
1658137101.624838114,1785561651.834135532,631,147171,147468,581,0,72000,7388,2843,0.000000000,10.769417000,11.730368000,1.371064000,0.000687000,1.371751000,14.728090000,0,15
1658137101.724922419,1785561651.933169842,632,147468,147658,534,0,72000,6845,2558,0.000000000,9.960213000,10.931859000,1.644171000,0.000793000,1.644964000,13.908805000,0,14
1658137101.824765444,1785561652.031521559,633,147658,147964,530,0,72000,6590,2635,0.000000000,9.048753000,9.854790000,1.290953000,0.000778000,1.291731000,12.425333000,0,15
1658137101.924869537,1785561652.131038189,634,147964,148230,480,0,72000,6179,2198,0.000000000,8.869589000,9.597114000,1.232928000,0.000647000,1.233575000,12.091276000,0,14
1658137102.024815798,1785561652.232354641,635,148230,148452,492,0,72000,6775,2360,0.000000000,9.668169000,10.512886000,1.225053000,0.000847000,1.225900000,13.275831000,0,15
1658137102.124899864,1785561652.333579540,636,148452,148730,604,0,72000,7074,2760,0.000000000,10.113036000,10.996641000,1.478253000,0.000832000,1.479085000,14.369053000,0,20
1658137102.224739790,1785561652.429912806,637,148730,148912,483,0,72000,5790,1975,0.000000000,8.148394000,8.777749000,1.147769000,0.000664000,1.148433000,11.052997000,0,19
1658137102.324826002,1785561652.530517578,638,148912,149059,507,0,72000,5950,2026,0.000000000,8.322061000,9.006031000,1.444668000,0.000565000,1.445233000,11.562669000,0,16
1658137102.424918413,1785561652.635855198,639,149059,149256,534,0,72000,7341,2733,0.000000000,12.476042000,13.524868000,1.722840000,0.000620000,1.723460000,16.646997000,0,14
1658137102.524758577,1785561652.732514143,640,149256,149541,526,0,72000,6566,2437,0.000000000,9.849999999,10.660635000,1.369087000,0.000773000,1.369860000,13.365435000,0,14
1658137102.624846935,1785561652.830823421,641,149541,149639,471,0,72000,6062,2009,0.000000000,8.350620000,8.999096000,1.493993000,0.000771000,1.494764000,11.879940000,0,12
1658137102.724813223,1785561652.932512760,642,149639,149857,431,0,72000,6496,2376,0.000000000,9.602104000,10.495980000,1.158971000,0.000790000,1.159761000,13.551893000,0,16
1658137102.824891090,1785561653.033523083,643,149857,149931,563,0,72000,7173,2766,0.000000000,10.277069000,11.162370000,1.506005000,0.000735000,1.506740000,14.080484000,0,14
1658137102.924718380,1785561653.133661270,644,149931,150131,498,0,72000,7243,2663,0.000000000,10.580540000,11.455958000,1.249066000,0.000921000,1.249987000,14.117069000,0,16
1658137103.024931908,1785561653.233776093,645,150131,150245,552,0,72000,7047,2709,0.000000000,10.437810000,11.307059000,1.488745000,0.000791000,1.489536000,14.226099000,0,14
1658137103.124770164,1785561653.332421303,646,150245,150486,483,0,72000,7060,2686,0.000000000,9.872554000,10.748710000,1.193435000,0.000672000,1.194107000,13.274194000,0,14
1658137103.224866390,1785561653.433191538,647,150486,150704,519,0,72000,7165,2704,0.000000000,9.910771001,10.885733000,1.415902000,0.000625000,1.416527000,13.624665000,0,11
1658137103.324712276,1785561653.531782389,648,150704,150912,511,0,72000,6468,2275,0.000000000,9.269981000,10.006043000,1.512642000,0.000667000,1.513309000,12.731680000,0,14
1658137103.424909353,1785561653.634311438,649,150912,151142,536,0,72000,7224,2756,0.000000000,10.913697000,11.887317000,1.352397000,0.000994000,1.353391000,14.930484000,0,14
1658137103.524746418,1785561653.730967999,650,151142,151251,485,0,72000,5979,1917,0.000000000,8.963491000,9.596388000,1.297383000,0.000920000,1.298303000,11.991648000,0,14
1658137103.624836683,1785561653.831429958,651,151251,151435,431,0,72000,5939,2181,0.000000000,9.420153000,10.104536000,1.342011000,0.000769000,1.342780000,12.553416000,0,12
1658137103.724813938,1785561653.931848049,652,151435,151591,530,0,72000,6453,2413,0.000000000,9.334597001,10.085443000,1.429519000,0.000763000,1.430282000,12.794186000,0,14
1658137103.824905157,1785561654.031725407,653,151591,151715,443,0,72000,6453,2251,0.000000000,8.956364000,9.730153000,1.214601000,0.000721000,1.215322000,12.641034000,0,14
1658137103.924734831,1785561654.131711245,654,151715,151910,429,0,72000,6442,2399,0.000000000,9.328075000,10.061697000,1.103401000,0.000734000,1.104135000,12.515763000,0,12
1658137104.024835587,1785561654.236902475,655,151910,152070,484,0,72000,6469,2318,0.000000000,11.869759001,12.796577000,2.529065000,0.000819000,2.529884000,17.118084000,0,16
1658137104.124917269,1785561654.334028959,656,152070,152210,527,0,72000,7204,2668,0.000000000,11.084922000,11.953680000,1.385033000,0.000740000,1.385773000,14.694968000,0,13
1658137104.224755526,1785561654.432735443,657,152210,152459,496,0,72000,6871,2539,0.000000000,9.998790000,10.856522000,1.219942000,0.000701000,1.220643000,13.419813000,0,17
1658137104.324854374,1785561654.533303022,658,152459,152573,526,0,72000,7409,2812,0.000000000,11.166200999,12.191643000,1.319646000,0.000553000,1.320199000,14.889829000,0,12
1658137104.424806356,1785561654.631462336,659,152573,152760,518,0,72000,6752,2571,0.000000000,10.095089000,11.057379000,1.379047000,0.000649000,1.379696000,13.862183000,0,11
1658137104.524892092,1785561654.730359554,660,152760,152931,437,0,72000,6092,2044,0.000000000,9.242885000,9.911402000,1.279279000,0.000938000,1.280216999,12.491240000,0,12
1658137104.624728680,1785561654.834310055,661,152931,153031,499,0,72000,7194,2669,0.000000000,11.446563000,12.379591000,2.163973000,0.000673000,2.164646000,16.246427000,0,14
1658137104.724810600,1785561654.938721895,662,153031,152171,540,0,72000,8606,3286,0.000000000,13.183619000,14.271152000,2.999547000,0.000874000,3.000421000,19.173089000,0,16
1658137104.824904919,1785561655.033858299,663,152171,152425,446,0,72000,6620,2351,0.000000000,11.308533000,12.132400000,1.385334000,0.000936000,1.386270000,15.246737000,0,16
1658137104.924740791,1785561655.128329754,664,152425,152485,354,0,72000,4799,1386,0.000000000,8.030705000,8.511560000,1.100191000,0.000724000,1.100915000,10.903562000,0,16
1658137105.024833202,1785561655.232502222,665,152485,152644,470,0,72000,6674,2443,0.000000000,10.363145999,11.533833000,1.398605000,0.000639000,1.399243999,14.194289000,0,11
1658137105.124920130,1785561655.332144499,666,152644,152811,414,0,72000,6695,2534,0.000000000,10.823896000,11.844498000,1.126984000,0.000798000,1.127782000,14.289080000,0,10
1658137105.224755526,1785561655.431496859,667,152811,152955,448,0,72000,6447,2155,0.000000000,10.284465000,11.086111000,1.278480000,0.000617000,1.279097000,13.699712000,0,17
1658137105.324852467,1785561655.530707121,668,152955,153143,413,0,72000,6061,2163,0.000000000,9.121620000,9.876011000,1.208582000,0.000702000,1.209284000,13.077113000,0,14
1658137105.424833059,1785561655.630863667,669,153143,153292,418,0,72000,6227,2303,0.000000000,9.671783001,10.493827000,1.195664000,0.000617000,1.196280999,13.111122000,0,13
1658137105.524914980,1785561655.731309652,670,153292,152846,503,0,72000,6510,2298,0.000000000,9.558134000,10.304993000,2.055483000,0.000563000,2.056046000,13.579874000,0,13
1658137105.624766350,1785561655.835784435,671,151095,151337,458,0,72000,6584,2467,0.000000000,9.865226000,10.896710000,5.454627000,0.000772000,5.455399000,17.893952000,0,11
1658137105.724849701,1785561655.935209036,672,143736,144092,510,0,72000,6988,2537,0.000000000,13.413782000,14.346472000,1.607571000,0.000667000,1.608238000,17.286377000,0,15
1658137105.824836254,1785561656.033449888,673,144092,144291,476,0,72000,7410,2898,0.000000000,11.104640001,12.204390000,1.293366000,0.000638000,1.294004000,15.143331000,0,18
1658137105.924932957,1785561656.131209373,674,144291,144538,402,0,72000,6248,2310,0.000000000,9.448709000,10.512722000,1.316555000,0.000731000,1.317286000,13.499500000,0,11
1658137106.024775743,1785561656.234001160,675,144538,144847,433,0,72000,7250,2507,0.000000000,10.755192000,11.880948000,1.541700000,0.000680000,1.542380000,14.911519000,0,24
1658137106.124875069,1785561656.332000494,676,144847,145149,438,0,72000,6641,2469,0.000000000,10.172092999,11.407861000,1.250611000,0.000636000,1.251247000,14.162986000,0,19
1658137106.224709034,1785561656.430522442,677,145149,145412,393,0,72000,6574,2541,0.000000000,9.178340000,10.107965000,1.231742000,0.000558000,1.232300000,12.650836000,0,18
1658137106.324870825,1785561656.530191898,678,145412,145749,467,0,72000,6390,2291,0.000000000,9.454586000,10.233937000,1.042737000,0.000726000,1.043463000,12.609424000,0,14
1658137106.424709320,1785561656.630978346,679,145749,145888,460,0,72000,6409,2336,0.000000000,9.149445000,9.876529000,1.751730000,0.000818000,1.752548000,13.246831000,0,18
1658137106.524914265,1785561656.731034994,680,145888,146054,464,0,72000,6923,2525,0.000000000,9.495966000,10.323155000,1.435710000,0.000730000,1.436440000,13.178665000,0,14
1658137106.624753714,1785561656.830729246,681,146054,146305,465,0,72000,6614,2384,0.000000000,9.127730000,10.044276000,1.187365000,0.000633000,1.187998000,13.022121000,0,17
1658137106.724850655,1785561656.930384636,682,146305,146553,427,0,72000,6698,2686,0.000000000,9.145148000,10.239030000,1.089266000,0.000765000,1.090031000,12.709172000,0,15
1658137106.824807167,1785561657.030297279,683,146553,146808,426,0,72000,6710,2430,0.000000000,9.478597000,10.235784000,1.159986000,0.000803000,1.160789000,12.629481000,0,16
1658137106.924902678,1785561657.132079601,684,146808,147042,401,0,72000,6357,2378,0.000000000,10.614841000,11.431751000,0.990094000,0.000922000,0.991016000,13.780209000,0,7
1658137107.024734735,1785561657.229577303,685,147042,147311,434,0,72000,6362,2205,0.000000000,8.992932000,9.704161000,1.024097000,0.000570000,1.024667000,11.982128000,0,24
1658137107.124830961,1785561657.331110477,686,147311,147612,494,0,72000,7173,2490,0.000000000,9.829880999,10.666128000,1.152826000,0.000649000,1.153475000,13.212050000,0,12
1658137107.224920511,1785561657.430275440,687,147612,147883,374,0,72000,6250,2247,0.000000000,9.113772000,9.841793000,1.151485000,0.000650000,1.152135000,12.422322000,0,16
1658137107.324929237,1785561657.532761812,688,147883,148123,504,0,72000,7677,2720,0.000000000,10.692207000,11.765325000,1.224625000,0.000620000,1.225245000,14.540464000,0,10
1658137107.424768209,1785561657.632318974,689,148123,148363,548,0,72000,7308,2686,0.000000000,10.454969000,11.520878000,1.433494000,0.000809000,1.434303000,14.284299000,0,13
1658137107.524865389,1785561657.732632637,690,148363,148623,429,0,72000,7469,2690,0.000000000,11.145892000,12.122167000,0.994909000,0.001184000,0.996093000,14.576618000,0,13
1658137107.624712467,1785561657.829082012,691,148623,148838,320,0,72000,5713,2029,0.000000000,8.591491000,9.252546000,0.869099000,0.000828000,0.869927000,11.390770000,0,17
1658137107.724926233,1785561657.933151722,692,148838,149093,442,0,72000,7028,2614,0.000000000,10.141496000,11.108107000,1.347959000,0.000720000,1.348679000,13.839329000,0,15
1658137107.824764729,1785561658.033174038,693,149093,149306,449,0,72000,7048,2624,0.000000000,11.012179999,11.874799000,1.132760000,0.000662000,1.133422000,14.680685000,0,11
1658137107.924860477,1785561658.129194498,694,149306,149570,371,0,72000,6212,2185,0.000000000,8.671835000,9.400940000,0.848757000,0.000648000,0.849405000,11.510951000,0,15
1658137108.024830103,1785561658.232497215,695,149570,149766,389,0,72000,6626,2381,0.000000000,9.774082000,10.796784000,2.063588000,0.000720000,2.064308000,14.168130000,0,21
1658137108.124933958,1785561658.331541061,696,149766,150047,468,0,72000,7016,2389,0.000000000,9.897916000,10.715141000,1.193475000,0.000836000,1.194311000,13.484216000,0,12
1658137108.224786282,1785561658.429805517,697,150047,150244,407,0,72000,6200,2113,0.000000000,8.959365000,9.623094000,1.144039000,0.000746000,1.144785000,12.116372000,0,14
1658137108.324835777,1785561658.532295465,698,150244,150551,448,0,72000,6802,2389,0.000000000,10.514739000,11.412345000,1.176780000,0.000687000,1.177467000,13.890029000,0,18
1658137108.424917221,1785561658.634566545,699,150551,150749,485,0,72000,7787,2855,0.000000000,11.349044000,12.270986000,1.939799000,0.000734000,1.940533000,15.652599000,0,13
1658137108.524766445,1785561658.730272293,700,150486,150666,389,0,72000,6072,2010,0.000000000,8.696121000,9.499635000,1.102488000,0.000691000,1.103179000,12.071746000,0,15
1658137108.624848843,1785561658.831952333,701,150666,150802,449,0,72000,7152,2674,0.000000000,10.124227001,11.034607000,1.318913000,0.000759000,1.319672000,13.839601000,0,17
1658137108.724810839,1785561658.931141615,702,150802,150943,398,0,72000,6308,2245,0.000000000,9.229938000,10.273546000,1.198138000,0.000713000,1.198851000,13.057183000,0,16
1658137108.824912071,1785561659.030504942,703,150943,151159,346,0,72000,6087,1996,0.000000000,8.955274000,9.861393000,1.234188000,0.000723000,1.234911000,12.584655000,0,14
1658137108.924760103,1785561659.131911755,704,151159,151412,388,0,72000,7327,2626,0.000000000,10.586221000,11.674226000,0.888592000,0.000699000,0.889291000,13.939036000,0,18
1658137109.024843693,1785561659.229385614,705,151412,151640,381,0,72000,6353,2209,0.000000000,8.788295000,9.480775000,0.890346000,0.000738000,0.891084000,11.669548000,0,15
1658137109.124815702,1785561659.328232288,706,151640,151876,362,0,72000,5436,1723,0.000000000,7.825083000,8.389019000,0.806973000,0.000687000,0.807660000,10.530399000,0,16
1658137109.224911213,1785561659.430833817,707,151876,152125,416,0,72000,6596,2232,0.000000000,9.478233000,10.264897000,1.061348000,0.000752000,1.062100000,12.999409000,0,13
1658137109.324773312,1785561659.530809164,708,152125,152362,390,0,72000,6383,2298,0.000000000,9.627041000,10.390859000,1.087523000,0.000630000,1.088153000,12.902773000,0,16
1658137109.424868345,1785561659.634412050,709,152362,152621,459,0,72000,6996,2498,0.000000000,12.623770000,13.617202000,1.224391000,0.000828000,1.225219000,16.228990000,0,16
1658137109.524713755,1785561659.731256008,710,152621,152834,400,0,72000,6452,2204,0.000000000,9.441648000,10.177743000,1.421263000,0.000857000,1.422120000,13.266039000,0,12
1658137109.624803782,1785561659.831816196,711,152834,153013,426,0,72000,7217,2515,0.000000000,10.291031000,11.322888000,1.102585000,0.000980000,1.103565000,13.764938000,0,17
1658137109.724895477,1785561659.928377867,712,153013,153172,311,0,72000,5154,1584,0.000000000,7.821878000,8.350048000,0.710751000,0.000877000,0.711628000,10.291440000,0,14
1658137109.824734688,1785561660.033602476,713,153172,153335,418,0,72000,7480,2793,0.000000000,11.524406001,12.448662000,1.110970000,0.000844000,1.111814000,14.972351000,0,12
1658137109.924830914,1785561660.130246401,714,153335,153488,413,0,72000,5837,1989,0.000000000,8.955723000,9.755106000,1.312284000,0.000639000,1.312923000,12.466202000,0,13
1658137110.024935246,1785561660.229409695,715,153488,153584,296,0,72000,5316,1659,0.000000000,8.379519000,9.117400000,1.044267000,0.000763000,1.045030000,11.497317000,0,14
1658137110.124781847,1785561660.331246138,716,153584,153753,329,0,72000,6371,2334,0.000000000,9.939775000,10.746450000,0.917903000,0.000802000,0.918705000,12.974587000,0,17
1658137110.224873066,1785561660.434300900,717,153753,154014,490,0,72000,8117,2948,0.000000000,12.085385000,13.057482000,1.192403000,0.000637000,1.193040000,15.792570000,0,9
1658137110.324849844,1785561660.529788017,718,154014,154240,370,0,72000,5868,1986,0.000000000,8.910245000,9.565867000,1.123044000,0.000741000,1.123785000,11.994749000,0,10
1658137110.424815655,1785561660.631948471,719,154240,154426,423,0,72000,6860,2403,0.000000000,10.510604001,11.343186000,1.113699000,0.000835000,1.114534000,13.794291000,0,10
1658137110.524906397,1785561660.730280161,720,154426,154538,336,0,72000,6564,2302,0.000000000,9.509185999,10.281197000,0.903184000,0.000689000,0.903873000,12.451912000,0,13
1658137110.624731064,1785561660.830760717,721,154538,154785,430,0,72000,6734,2372,0.000000000,9.356328001,10.260429000,1.066290000,0.000660000,1.066950000,12.864100000,0,14
1658137110.724828005,1785561660.932320833,722,154785,154917,354,0,72000,7106,2466,0.000000000,10.850194000,11.656426000,0.922587000,0.000725000,0.923312000,14.044557000,0,17
1658137110.824916840,1785561661.031263590,723,154917,155172,406,0,72000,6575,2253,0.000000000,10.180759000,10.940263000,0.925057000,0.000776000,0.925833000,13.216817000,0,14
1658137110.924765348,1785561661.130888224,724,155172,155275,384,0,72000,5834,1960,0.000000000,9.556324000,10.432779000,1.272349000,0.000576000,1.272925000,13.090750000,0,15
1658137111.024846792,1785561661.229716539,725,155275,155429,307,0,72000,6193,1849,0.000000000,8.914636001,9.389621000,1.125362000,0.000769000,1.126131000,11.815394000,0,14
1658137111.124810696,1785561661.331470013,726,155429,155557,351,0,72000,6712,2241,0.000000000,10.260498000,11.208037000,0.937212000,0.000673000,0.937885000,13.499235000,0,16
1658137111.224896431,1785561661.428961039,727,155557,155719,329,0,72000,5450,1722,0.000000000,8.275333000,8.905836000,0.962931000,0.000643000,0.963574000,11.049924000,0,14
1658137111.324809074,1785561661.532547474,728,155719,155823,411,0,72000,7162,2518,0.000000000,10.467120000,11.308426000,1.105498000,0.000682000,1.106180000,13.778853000,0,12
1658137111.424909115,1785561661.634604692,729,155823,155969,463,0,72000,7951,2852,0.000000000,11.339540000,12.271326000,1.192296000,0.000678000,1.192974000,15.127867000,0,13
1658137111.524747849,1785561661.732382298,730,155969,156031,424,0,72000,7037,2473,0.000000000,10.563812000,11.461186000,1.238436000,0.000803000,1.239239000,14.044525000,0,14
1658137111.624843597,1785561661.832488537,731,156031,156282,435,0,72000,7875,2735,0.000000000,10.857412000,11.711545000,0.964846000,0.000765000,0.965611000,14.278935000,0,14
1658137111.724815607,1785561661.930397749,732,156282,156482,383,0,72000,6562,2111,0.000000000,9.447866000,10.133140000,0.916482000,0.000710000,0.917192000,12.489685000,0,11
1658137111.824910164,1785561662.033527374,733,156482,156668,406,0,72000,7979,2886,0.000000000,11.218498000,12.316134000,1.106746000,0.000704000,1.107450000,14.870829000,0,18
1658137111.924755812,1785561662.129904985,734,156668,156858,323,0,72000,6140,1991,0.000000000,9.068250000,9.712969000,1.080976000,0.000666000,1.081642000,12.059823000,0,16
1658137112.024850130,1785561662.232826710,735,156858,157101,459,0,72000,7097,2553,0.000000000,10.740872000,11.610395000,1.085391000,0.000660000,1.086051000,14.070764000,0,14
1658137112.124802828,1785561662.330311775,736,157101,157292,350,0,72000,6153,2018,0.000000000,9.421477000,10.126054000,0.878748000,0.000782000,0.879530000,12.568324000,0,13
1658137112.224880457,1785561662.433970690,737,157292,157317,418,0,72000,7756,2919,0.000000000,11.331263000,12.288533000,1.234741000,0.000597000,1.235338000,15.029042000,0,15
1658137112.324770212,1785561662.533396721,738,157317,157375,378,0,72000,7291,2509,0.000000000,11.405155000,12.376529000,1.044430000,0.000601000,1.045031000,14.895385000,0,14
1658137112.424852848,1785561662.632235527,739,157375,157535,420,0,72000,7322,2544,0.000000000,10.516393000,11.360784000,1.079395000,0.000627000,1.080022000,13.876441000,0,10
1658137112.524814844,1785561662.729353428,740,157535,157687,350,0,72000,5978,1947,0.000000000,8.757147999,9.402654000,0.869410000,0.000582000,0.869992000,11.391499000,0,11
1658137112.624912024,1785561662.831442118,741,157687,157826,349,0,72000,6562,2211,0.000000000,10.284788000,11.176085000,1.038615000,0.000598000,1.039213000,13.400204000,0,10
1658137112.724744081,1785561662.931128263,742,157826,157890,310,0,72000,6660,2426,0.000000000,9.886555000,10.913374000,0.853678000,0.000636000,0.854314000,13.073154000,0,11
1658137112.824844837,1785561663.031838417,743,157890,158095,366,0,72000,6824,2370,0.000000000,10.109828000,11.172530000,1.077581000,0.000730000,1.078311000,13.723851000,0,18
1658137112.924938440,1785561663.130835533,744,158095,158231,357,0,72000,6890,2458,0.000000000,9.579380001,10.549830000,0.887226000,0.000663000,0.887889000,12.805886000,0,14
1658137113.024787426,1785561663.230153322,745,158231,158400,347,0,72000,6574,2316,0.000000000,9.209826000,9.937617000,0.918597000,0.000642000,0.919239000,12.215394000,0,17
1658137113.124884844,1785561663.331824780,746,158400,158526,341,0,72000,6643,2434,0.000000000,10.026570000,11.361516000,0.940400000,0.000646000,0.941046000,13.623381000,0,13
1658137113.224728346,1785561663.431142807,747,158526,158683,354,0,72000,6684,2491,0.000000000,10.077056000,10.886069000,0.895943000,0.000639000,0.896582000,13.145131000,0,16
1658137113.324924231,1785561663.529611111,748,158683,158858,320,0,72000,6301,2402,0.000000000,8.700957000,9.461847000,0.892122000,0.000657000,0.892779000,11.738773000,0,10
1658137113.424768209,1785561663.633352995,749,158858,158986,405,0,72000,7337,2641,0.000000000,10.605173000,11.604209000,1.180072000,0.000641000,1.180713000,14.425870000,0,14
1658137113.524846792,1785561663.732087612,750,158986,159085,361,0,72000,7213,2552,0.000000000,10.582351001,11.490175000,0.967395000,0.000690000,0.968085001,13.853379000,0,10
1658137113.624822617,1785561663.831952095,751,159085,159211,371,0,72000,7130,2698,0.000000000,10.499203000,11.372232000,0.905987000,0.000688000,0.906675000,13.666520000,0,16
1658137113.724918842,1785561663.933088779,752,159211,159342,365,0,72000,7388,2497,0.000000000,11.334346000,12.152555000,0.893616000,0.000715000,0.894331000,14.517335000,0,16
1658137113.824750185,1785561664.031135321,753,159342,159487,351,0,72000,6245,2189,0.000000000,9.916531000,10.821771000,0.940900000,0.000798000,0.941698000,13.172921000,0,13
1658137113.924835920,1785561664.132154465,754,159487,159679,360,0,72000,6946,2418,0.000000000,10.903747000,11.711601000,0.877600000,0.000721000,0.878321000,13.917489000,0,16
1658137114.024918079,1785561664.235871315,755,159679,159770,347,0,72000,6659,2361,0.000000000,13.743411000,14.971108000,1.192942000,0.000761000,1.193703000,17.439424000,0,16
1658137114.124758005,1785561664.333973646,756,159770,159891,337,0,72000,7324,2690,0.000000000,11.947745999,12.869951000,1.019827000,0.000937000,1.020764000,15.311080000,0,12
1658137114.224837780,1785561664.430687666,757,159891,159858,331,0,72000,6155,2119,0.000000000,9.208974000,9.943222000,1.133834000,0.000654000,1.134488000,12.626281000,0,17
1658137114.324818850,1785561664.530600786,758,159858,160013,346,0,72000,6489,2050,0.000000000,9.514457000,10.288203000,0.833369000,0.000958000,0.834327000,12.629492000,0,15
1658137114.424919844,1785561664.632688999,759,160013,160161,381,0,72000,7311,2692,0.000000000,10.736965000,11.629771000,1.028830000,0.000755000,1.029585000,14.156337000,0,14
1658137114.524762154,1785561664.731610298,760,160161,160196,326,0,72000,6693,2564,0.000000000,10.082095000,11.207099000,0.933730000,0.000710000,0.934440000,13.478431000,0,14
1658137114.624864340,1785561664.831851721,761,160196,160387,359,0,72000,6539,2401,0.000000000,10.155329000,11.221423000,0.993613000,0.000706000,0.994319000,13.736677000,0,16
1658137114.724714041,1785561664.936105013,762,160387,160502,362,0,72000,7069,2477,0.000000000,13.109867000,14.258781000,1.266099000,0.000685000,1.266784000,17.724817000,0,13
1658137114.824918032,1785561665.030063629,763,160502,160561,304,0,72000,6042,2041,0.000000000,9.074436000,9.760823000,0.898042000,0.000652000,0.898694000,12.030130000,0,11
1658137114.924754858,1785561665.130611658,764,160561,160517,335,0,72000,6372,2301,0.000000000,9.470986000,10.191309000,1.045226000,0.000862000,1.046088000,12.569868000,0,17
1658137115.024847507,1785561665.229808807,765,160517,160676,324,0,72000,6166,2039,0.000000000,8.760952000,9.423867000,1.188745000,0.000690000,1.189435000,11.788703000,0,14
1658137115.124930143,1785561665.331159592,766,160676,160740,294,0,72000,6405,2240,0.000000000,9.338490000,10.509997000,0.903696000,0.000692000,0.904388000,12.808921000,0,14
1658137115.224748611,1785561665.434272289,767,160740,160908,353,0,72000,7471,2649,0.000000000,11.563984000,12.606575000,0.957266000,0.000893000,0.958159000,15.160188000,0,18
1658137115.324874163,1785561665.531605482,768,160908,161008,325,0,72000,6645,2322,0.000000000,10.163227000,11.159439000,0.982668000,0.000783000,0.983451000,13.463145000,0,11
1658137115.424718618,1785561665.630856991,769,161008,161179,330,0,72000,6403,2141,0.000000000,9.651640000,10.711257000,0.867913000,0.000627000,0.868540000,12.850670000,0,15
1658137115.524809837,1785561665.732411623,770,161179,161360,397,0,72000,7120,2282,0.000000000,10.758603000,11.688348000,1.016543000,0.000562000,1.017105000,14.213483000,0,10
1658137115.624893904,1785561665.830875397,771,161360,161419,301,0,72000,6186,2068,0.000000000,9.889725000,10.955474000,0.786074000,0.000559000,0.786633000,12.883475000,0,14
1658137115.724752426,1785561665.931195498,772,161419,161596,346,0,72000,6680,2388,0.000000000,9.698339999,10.859945000,0.881565000,0.000964000,0.882529000,13.190622000,0,19
1658137115.824837208,1785561666.031887293,773,161596,161676,323,0,72000,5929,1964,0.000000000,10.014197000,10.910643000,1.151101000,0.000714000,1.151815000,13.512417000,0,14
1658137115.924817562,1785561666.134758234,774,161676,161837,434,0,72000,7841,2807,0.000000000,12.217258999,13.176726000,1.258248000,0.000727000,1.258975000,16.107140000,0,16
1658137116.024899721,1785561666.231222630,775,161837,161963,244,0,72000,6205,2164,0.000000000,9.884984000,11.026274000,0.686182000,0.000698000,0.686880001,12.996043000,0,18
1658137116.124744892,1785561666.332303524,776,161963,162119,363,0,72000,6623,2270,0.000000000,10.232555001,11.341238000,0.941695000,0.000575000,0.942270000,13.680252000,0,16
1658137116.224845886,1785561666.431112766,777,162119,162216,316,0,72000,6201,2256,0.000000000,9.666781000,10.579251000,0.997630000,0.000724000,0.998354000,12.860822000,0,16
1658137116.324861765,1785561666.531281948,778,162216,162322,303,0,72000,6280,2223,0.000000000,10.032177000,10.998032000,0.821100000,0.000585000,0.821685000,13.202896000,0,11
1658137116.424818516,1785561666.631669521,779,162322,162460,307,0,72000,6982,2307,0.000000000,10.283838001,11.221266000,0.823917000,0.008533000,0.832450000,13.424990000,0,18
1658137116.524907351,1785561666.729955912,780,162460,162490,286,0,72000,6173,1985,0.000000000,9.276631000,9.962616000,0.807745000,0.000684000,0.808429000,11.959805000,0,12
1658137116.624744415,1785561666.832651854,781,162490,162601,379,0,72000,7227,2563,0.000000000,10.994732000,11.876547000,0.932113000,0.000668000,0.932781000,14.164342000,0,15
1658137116.724846363,1785561666.931613684,782,162601,162736,343,0,72000,6657,2309,0.000000000,10.262472000,11.180794000,0.917959000,0.000575000,0.918534000,13.478349000,0,20
1658137116.824822903,1785561667.033287287,783,162736,162817,366,0,72000,7156,2514,0.000000000,10.986680000,12.371965000,1.042233000,0.000787000,1.043020000,14.891395000,0,15
1658137116.924915791,1785561667.129766703,784,162817,162909,292,0,72000,5978,2074,0.000000000,8.730488000,9.532436000,1.010354000,0.000623000,1.010977000,11.728845000,0,14
1658137117.024760485,1785561667.232319117,785,162909,163079,370,0,72000,6784,2382,0.000000000,10.471893000,11.568265000,0.992935000,0.000692000,0.993627000,14.135671000,0,16
1658137117.124852896,1785561667.332099676,786,163079,163250,316,0,72000,6795,2465,0.000000000,10.536096000,11.500001000,0.825604000,0.000725000,0.826329000,13.873643000,0,17
1658137117.224818468,1785561667.430430889,787,163250,163409,335,0,72000,6192,1988,0.000000000,9.139305000,9.913324000,1.073601000,0.000676000,1.074277000,12.151842000,0,16
1658137117.324821234,1785561667.531457424,788,163409,163463,304,0,72000,6799,2208,0.000000000,9.901522000,10.882862000,0.780758000,0.000603000,0.781361000,13.087071000,0,11
1658137117.424910307,1785561667.629693031,789,163463,163503,291,0,72000,5852,1747,0.000000000,8.590152000,9.278579000,1.133165000,0.000802000,1.133967000,11.571911000,0,15
1658137117.524751663,1785561667.733452797,790,163503,163627,366,0,72000,7569,2752,0.000000000,11.230760001,12.107823000,0.941343000,0.000625000,0.941968000,14.649236000,0,14
1658137117.624837160,1785561667.833151340,791,163627,163655,330,0,72000,7618,2753,0.000000000,10.983575000,11.976545000,0.872733000,0.000763000,0.873496000,14.383095000,0,24
1658137117.724922180,1785561667.933303833,792,163655,163767,356,0,72000,7630,2767,0.000000000,10.962876000,11.984275000,0.901634000,0.000838000,0.902472000,14.347632000,0,20
1658137117.824761868,1785561668.030587196,793,163767,163849,292,0,72000,6205,2095,0.000000000,9.304948000,10.279458000,0.769624000,0.000847000,0.770471000,12.498619000,0,18
1658137117.924844742,1785561668.129486322,794,163849,164025,281,0,72000,6337,2132,0.000000000,8.880823000,9.681901000,0.696795000,0.000683000,0.697478000,11.516385000,0,16
1658137118.024803638,1785561668.232575178,795,164025,164150,365,0,72000,7405,2744,0.000000000,10.765846000,11.767223000,0.899392000,0.000635000,0.900027000,14.137843000,0,13
1658137118.124889612,1785561668.332076550,796,164150,164292,290,0,72000,5784,1961,0.000000000,11.281081000,12.040914000,0.755017000,0.000785000,0.755802000,13.925970000,0,15
1658137118.224741459,1785561668.430981874,797,164292,164414,327,0,72000,6624,2455,0.000000000,9.741788000,10.521326000,0.890055000,0.000706000,0.890761000,12.873147000,0,13
1658137118.324861288,1785561668.532593966,798,164414,164510,267,0,72000,6263,2241,0.000000000,10.369754000,11.304648000,1.088318000,0.000863000,1.089181000,13.795812000,0,16
1658137118.424714804,1785561668.633039713,799,164510,164616,344,0,72000,7332,2738,0.000000000,10.823714000,11.845530000,0.864387000,0.000616000,0.865003000,14.233594000,0,14
1658137118.524804354,1785561668.731060743,800,164616,164676,294,0,72000,6400,2274,0.000000000,9.438246000,10.443956000,0.816331000,0.000697000,0.817028000,12.739744000,0,19
1658137118.624883890,1785561668.830325603,801,164676,164799,343,0,72000,6229,2019,0.000000000,9.031884000,10.101231000,0.851504000,0.000709000,0.852213000,12.294098000,0,15
1658137118.724745750,1785561668.931915998,802,164799,164850,283,0,72000,6503,2128,0.000000000,10.314369000,11.549406000,0.806528000,0.000613000,0.807141001,13.673964000,0,16
1658137118.824834585,1785561669.034525871,803,164850,164948,446,0,72000,7105,2560,0.000000000,11.179979000,12.284320000,1.518845000,0.000568000,1.519413001,15.246621000,0,17
1658137118.924906731,1785561669.133324146,804,164948,165104,459,0,72000,7597,2709,0.000000000,10.901183000,11.923420000,1.209397000,0.000671000,1.210068001,14.613563000,0,14
1658137119.024756193,1785561669.232880831,805,165104,165262,328,0,72000,6771,2539,0.000000000,11.014395001,12.044871000,0.879602000,0.000832000,0.880434000,14.480910000,0,11
1658137119.124841452,1785561669.329933643,806,165262,165357,277,0,72000,5229,1652,0.000000000,8.452209000,9.085179000,1.476646000,0.001005000,1.477651000,11.869160000,0,14
1658137119.224929571,1785561669.431072950,807,165357,165368,313,0,72000,6386,2244,0.000000000,9.469110000,10.353621000,1.033251000,0.000866000,1.034117000,12.671190000,0,14
1658137119.324890375,1785561669.530759573,808,165368,165347,341,0,72000,6723,2136,0.000000000,9.533637000,10.211762000,0.987289000,0.000868000,0.988157000,12.524258000,0,15
1658137119.424742937,1785561669.632041454,809,165347,165442,325,0,72000,6588,2269,0.000000000,10.119973001,11.109262000,1.098681000,0.000731000,1.099412000,13.584901000,0,15
1658137119.524820566,1785561669.731017590,810,165442,165530,267,0,72000,6355,2145,0.000000000,9.324797000,10.598455000,0.758363000,0.000831000,0.759194000,12.720999000,0,14
1658137119.624915123,1785561669.834540367,811,165530,165777,429,0,72000,7349,2738,0.000000000,11.540840000,12.598238000,1.133179000,0.000765000,1.133944000,15.385945000,0,12
1658137119.724757433,1785561669.931058884,812,165777,165919,298,0,72000,6713,2481,0.000000000,9.735912000,10.761572000,0.831202000,0.000945000,0.832147000,12.826982000,0,17
1658137119.824849129,1785561670.031987429,813,165919,165967,340,0,72000,6863,2365,0.000000000,10.358555000,11.421374000,0.855093000,0.000783000,0.855876000,13.639512000,0,13
1658137119.924806118,1785561670.132460117,814,165967,166127,349,0,72000,7070,2299,0.000000000,10.881187000,11.768726000,0.871927000,0.000851000,0.872778000,14.056548000,0,14
1658137120.024909973,1785561670.233893156,815,166127,166247,354,0,72000,6885,2367,0.000000000,11.152009000,12.189640000,0.955455000,0.000802000,0.956257000,14.781195000,0,18
1658137120.124747992,1785561670.333725691,816,166247,166293,335,0,72000,7490,2615,0.000000000,11.441980000,12.420362000,0.920480000,0.000606000,0.921086000,14.836784000,0,16
1658137120.224835873,1785561670.428979635,817,166293,166404,252,0,72000,5172,1628,0.000000000,8.599664000,9.169627000,0.617084000,0.000684000,0.617768000,10.866358000,0,17
1658137120.324910402,1785561670.529629469,818,166404,166430,300,0,72000,5753,1844,0.000000000,8.739916000,9.330246000,0.945174000,0.000738000,0.945912000,11.413930000,0,14
1658137120.424753666,1785561670.632020712,819,166430,166582,429,0,72000,6955,2683,0.000000000,10.303423999,11.332514000,0.976899000,0.000756000,0.977655000,13.680173000,0,14
1658137120.524831057,1785561670.730006456,820,166582,166675,312,0,72000,6043,2103,0.000000000,9.060692999,9.721410000,0.918509000,0.000604000,0.919113000,11.801938000,0,17
1658137120.624813080,1785561670.830614090,821,166675,166879,408,0,72000,6571,2252,0.000000000,9.310040000,10.020414000,0.957665000,0.000696000,0.958361000,12.406494000,0,20
1658137120.724900723,1785561670.932090998,822,166879,166928,253,0,72000,6602,2332,0.000000000,10.147674000,11.286300000,0.839629000,0.000865000,0.840494000,13.475862000,0,17
1658137120.824747562,1785561671.030739307,823,166928,167062,345,0,72000,6491,2351,0.000000000,9.273448000,10.122232000,1.032752000,0.000885000,1.033637000,12.359617000,0,14
1658137120.924850225,1785561671.131686926,824,167062,167197,396,0,72000,6839,2551,0.000000000,9.748898000,10.953240000,1.024964000,0.000731000,1.025695000,13.388231000,0,11
1658137121.024814844,1785561671.238815546,825,167197,168931,3466,0,72000,7114,2576,0.000000000,11.133405000,12.196040000,6.098186000,0.001023000,6.099209000,19.727045000,0,12
1658137121.124907732,1785561671.342812777,826,168931,171858,4662,0,72000,8427,2967,0.000000000,12.301961000,13.432340000,7.881990000,0.000595000,7.882585001,22.940351000,0,16
1658137121.224748850,1785561671.435463190,827,171858,172995,3672,0,72000,6624,2099,0.000000000,9.783138999,10.469708000,5.030748000,0.000749000,5.031497000,16.975553000,0,18
1658137121.324863434,1785561671.536600828,828,172995,174011,2628,0,72000,7057,2194,0.000000000,10.924790000,11.764034000,4.784276000,0.000859000,4.785135000,17.966800000,0,18
1658137121.424712181,1785561671.634679317,829,174011,174352,841,0,72000,7904,2424,0.000000000,11.157018000,12.033778000,1.834231000,0.000779000,1.835010000,15.428575000,0,17
1658137121.524919033,1785561671.731872559,830,174352,174830,1211,0,72000,6364,1502,0.000000000,9.249936999,9.751274000,2.490440000,0.000670000,2.491110000,13.591074000,0,22
1658137121.624755144,1785561671.832725048,831,174830,174913,686,0,72000,6740,1747,0.000000000,10.417664000,11.118119000,1.576097000,0.000656000,1.576753000,14.216194000,0,17
1658137121.724846840,1785561671.932444096,832,174913,175077,431,0,72000,6536,1920,0.000000000,10.786604000,11.534249000,1.055368000,0.000623000,1.055991000,13.962708000,0,18
1658137121.824929953,1785561672.031692982,833,175077,175211,448,0,72000,6320,1830,0.000000000,10.033145999,10.844728000,1.132866000,0.000594000,1.133460000,13.429263000,0,11
1658137121.924767017,1785561672.132052660,834,175211,175486,548,0,72000,6703,1906,0.000000000,10.240921000,10.890761000,1.318707000,0.000617000,1.319324000,13.608366000,0,17
1658137122.024864197,1785561672.231412649,835,175486,176040,953,0,72000,5643,1617,0.000000000,8.200953000,8.859847000,2.981719000,0.000769000,2.982488000,13.067179000,0,17
1658137122.124825001,1785561672.331051826,836,176040,176565,713,0,72000,6301,1898,0.000000000,9.336980000,10.071454000,1.470308000,0.000588000,1.470896000,12.715573000,0,13
1658137122.224908829,1785561672.435576677,837,176565,177675,1443,0,72000,7936,2447,0.000000000,11.167065000,12.093547000,2.560607000,0.000812000,2.561419000,16.372241000,0,18
1658137122.324903965,1785561672.535453081,838,177675,178352,1066,0,72000,7817,2274,0.000000000,11.586309000,12.340889000,2.318299000,0.000848000,2.319147000,16.180129000,0,15
1658137122.424725056,1785561672.633913755,839,178071,178889,1145,0,72000,6854,1925,0.000000000,9.573517000,10.324328000,2.370140000,0.000826000,2.370966000,14.209575000,0,18
1658137122.524822474,1785561672.732828140,840,178889,179250,780,0,72000,6474,1938,0.000000000,10.027058000,10.771527000,1.846345000,0.000710000,1.847055000,14.022247000,0,22
1658137122.624924421,1785561672.836956978,841,179250,180433,2272,0,72000,7359,2262,0.000000000,10.871406001,11.647578000,4.679129000,0.000629000,4.679758000,17.953759000,0,12
1658137122.724778652,1785561672.932944536,842,180433,180919,1024,0,72000,6624,1786,0.000000000,9.940264999,10.727369000,2.193621000,0.000691000,2.194312000,14.294759000,0,15
1658137122.824876547,1785561673.035665751,843,180919,181241,1161,0,72000,7693,2235,0.000000000,11.620245000,12.515999000,2.670861000,0.000774000,2.671635000,16.922461000,0,16
1658137122.924826860,1785561673.132014751,844,181241,181437,575,0,72000,6512,1886,0.000000000,10.066024000,10.762603000,1.325455000,0.000723000,1.326178000,13.478227000,0,17
1658137123.024900913,1785561673.231881142,845,181437,181503,422,0,72000,6448,1975,0.000000000,9.743340000,10.690416000,1.156279000,0.000679000,1.156958000,13.319878000,0,14
1658137123.124735832,1785561673.333868980,846,181503,181680,511,0,72000,7260,2272,0.000000000,11.025592000,11.850253000,1.369452000,0.000727000,1.370179000,14.606070000,0,11
1658137123.224828482,1785561673.431357145,847,181680,181825,486,0,72000,6494,1832,0.000000000,9.760964000,10.372059000,1.293738000,0.000836000,1.294574000,12.898668000,0,17
1658137123.324868202,1785561673.531593800,848,181825,182179,622,0,72000,6233,1854,0.000000000,9.340352000,10.220890000,1.337087000,0.000752000,1.337839000,13.081691000,0,15
1658137123.424826384,1785561673.631464720,849,182179,182257,371,0,72000,6546,1733,0.000000000,9.547208000,10.482139000,1.025172000,0.000786000,1.025958000,12.890707000,0,20
1658137123.524923563,1785561673.731226444,850,182257,182375,437,0,72000,6426,1741,0.000000000,9.522615000,10.091322000,1.340569000,0.000861000,1.341430000,12.674515000,0,16
1658137123.624751091,1785561673.831781149,851,182375,182583,424,0,72000,6645,1904,0.000000000,9.452392000,10.368520000,1.096536000,0.000887000,1.097423000,12.889107000,0,16
1658137123.724833012,1785561673.933290482,852,182583,182698,493,0,72000,7168,2146,0.000000000,10.723905999,11.457076000,1.308500000,0.000755000,1.309255000,14.258726000,0,15
1658137123.824930191,1785561674.032569647,853,182698,182827,392,0,72000,7006,1909,0.000000000,10.811593000,11.462671000,0.998295000,0.000655000,0.998949999,14.044772000,0,11
1658137123.924753666,1785561674.132346392,854,182827,182994,379,0,72000,6910,2001,0.000000000,10.571208000,11.298108000,0.974295000,0.000903000,0.975198000,13.729332000,0,18
1658137124.024830103,1785561674.235565901,855,182994,183134,384,0,72000,6196,1760,0.000000000,11.300907000,12.363181000,1.973945000,0.000610000,1.974555000,16.563653000,0,16
1658137124.124906540,1785561674.331911087,856,183134,183273,448,0,72000,6289,1771,0.000000000,10.329966000,10.976299000,1.183944000,0.000939000,1.184882999,13.431519000,0,14
1658137124.224727154,1785561674.433686018,857,183273,183383,489,0,72000,6893,2016,0.000000000,11.401735000,12.100169000,1.339365000,0.000741000,1.340106000,14.831333000,0,14
1658137124.324910164,1785561674.531713963,858,183383,183443,418,0,72000,6180,1728,0.000000000,9.873940000,10.690770000,1.212170000,0.000669000,1.212839000,13.204471000,0,14
1658137124.424753428,1785561674.634233713,859,183443,183494,433,0,72000,7586,2066,0.000000000,11.927689000,12.620469000,1.192251000,0.000661000,1.192912000,15.226971000,0,26
1658137124.524851084,1785561674.734478235,860,183494,183428,490,0,72000,7628,2026,0.000000000,11.614894001,12.321821000,1.677147000,0.000701000,1.677848000,15.531059000,0,16
1658137124.624816656,1785561674.830841780,861,183428,183598,419,0,72000,6395,1837,0.000000000,9.409714000,9.997808000,1.055605000,0.000720000,1.056325000,12.283074000,0,14
1658137124.724913120,1785561674.931774139,862,183598,183668,414,0,72000,6379,1770,0.000000000,9.777120000,10.619700000,1.218827000,0.000823000,1.219650000,13.209686000,0,14
1658137124.824750423,1785561675.031939745,863,183668,183776,420,0,72000,6513,1909,0.000000000,10.007026000,10.647071000,1.146393000,0.000944000,1.147337000,13.102121000,0,15
1658137124.924850225,1785561675.132886887,864,183776,183858,441,0,72000,7053,2020,0.000000000,10.863028000,11.544259000,1.125068000,0.000785000,1.125853000,13.941578000,0,14
1658137125.024820328,1785561675.232047319,865,183858,183962,417,0,72000,6495,1718,0.000000000,10.315240000,10.944782000,1.126381000,0.000620000,1.127001000,13.336772000,0,16
1658137125.124908686,1785561675.333439589,866,183962,184102,393,0,72000,6191,1644,0.000000000,11.248112001,11.941217000,1.189876000,0.000920000,1.190796000,14.489014000,0,18
1658137125.224746466,1785561675.434178114,867,184102,184240,539,0,72000,7624,2153,0.000000000,11.226164000,11.962318000,1.482877000,0.000815000,1.483692000,15.015569000,0,13
1658137125.324833393,1785561675.531503916,868,184240,184421,427,0,72000,6443,1935,0.000000000,9.667658000,10.396387000,1.066230000,0.000979000,1.067209000,12.797172000,0,17
1658137125.424931288,1785561675.631854057,869,184421,184512,434,0,72000,6488,1824,0.000000000,9.915317999,10.760296000,1.100574000,0.000749000,1.101323000,13.203970000,0,14
1658137125.524770021,1785561675.732622623,870,184512,184585,461,0,72000,7020,1872,0.000000000,10.497355000,11.128919000,1.301780000,0.000587000,1.302367000,13.826656000,0,15
1658137125.624868631,1785561675.832031488,871,184585,184736,462,0,72000,6297,1746,0.000000000,10.158541000,10.816182000,1.261756000,0.000577000,1.262333000,13.400481000,0,17
1658137125.724699497,1785561675.933467150,872,184736,184828,473,0,72000,6401,1658,0.000000000,10.923183000,11.504408000,1.354514000,0.000812000,1.355326000,14.192803000,0,17
1658137125.824903011,1785561676.035351038,873,184828,185106,726,0,72000,8237,2358,0.000000000,12.123636000,12.896597000,1.771914000,0.000919000,1.772833000,16.178801000,0,12
1658137125.924735069,1785561676.132725477,874,185106,185331,863,0,72000,6635,1535,0.000000000,9.778773000,10.310049000,2.225796000,0.000762000,2.226558000,13.887286000,0,15
1658137126.024818659,1785561676.234031200,875,185331,185573,884,0,72000,7066,1681,0.000000000,10.865609000,11.498330000,2.320770000,0.000650000,2.321420000,15.251490000,0,14
1658137126.124903202,1785561676.334164619,876,185573,185795,808,0,72000,7129,1732,0.000000000,11.170381000,11.772286000,2.079242000,0.000743000,2.079985000,15.200329000,0,10
1658137126.224733591,1785561676.432290077,877,185795,185991,713,0,72000,6354,1602,0.000000000,10.095031000,10.695077000,1.829576000,0.000658000,1.830234000,13.726616000,0,19
1658137126.324883461,1785561676.533336878,878,185991,186109,504,0,72000,7220,1820,0.000000000,11.177162000,11.821405000,1.264645000,0.000673000,1.265318000,14.485539000,0,19
1658137126.424735546,1785561676.633024216,879,186109,186346,577,0,72000,6999,1720,0.000000000,10.828512000,11.411218000,1.385353000,0.000828000,1.386181000,14.033242000,0,24
1658137126.524825573,1785561676.734259605,880,186346,186655,698,0,72000,7315,1715,0.000000000,11.414137000,12.066550000,1.694610000,0.000661000,1.695271000,15.275653000,0,12
1658137126.624921560,1785561676.833350420,881,186655,186811,719,0,72000,6479,1513,0.000000000,10.444735000,11.052528000,1.972337000,0.000664000,1.973001000,14.494986000,0,17
1658137126.724763393,1785561676.935431004,882,186811,187110,811,0,72000,7421,1770,0.000000000,11.707121000,12.347709000,2.302630000,0.001035000,2.303665000,16.074955000,0,18
1658137126.824850798,1785561677.034038305,883,187110,187289,619,0,72000,7599,1715,0.000000000,10.990757000,11.608069000,1.621743000,0.000866000,1.622609000,14.775379000,0,17
1658137126.924922228,1785561677.134053707,884,187289,187765,908,0,72000,6963,1611,0.000000000,10.814351000,11.564609000,2.058727000,0.000820000,2.059547000,15.088222000,0,18
1658137127.024765491,1785561677.234372139,885,187765,188084,837,0,72000,7228,1693,0.000000000,11.465332000,12.068533000,1.927191000,0.000612000,1.927803000,15.425991000,0,13
1658137127.124851465,1785561677.334326267,886,188084,188438,747,0,72000,7510,1783,0.000000000,11.794769001,12.396590000,1.658488000,0.000949000,1.659437000,15.407575000,0,11
1658137127.224807978,1785561677.432048559,887,188438,188784,907,0,72000,6430,1527,0.000000000,9.397161999,9.912452000,2.104058000,0.000706000,2.104764000,13.347769000,0,15
1658137127.324914694,1785561677.532829762,888,188784,189141,804,0,72000,6740,1534,0.000000000,10.268384000,10.803235000,1.971222000,0.000581000,1.971802999,14.060517000,0,21
1658137127.424753428,1785561677.636626959,889,189141,189637,1129,0,72000,8020,2097,0.000000000,12.240493000,12.928098000,2.950471000,0.000586000,2.951057000,17.604583000,0,20
1658137127.524840593,1785561677.734284878,890,189637,189921,834,0,72000,7145,1744,0.000000000,10.603213000,11.352924000,2.091887000,0.000728000,2.092615000,14.852641000,0,15
1658137127.624926805,1785561677.834403992,891,189921,190390,863,0,72000,7060,1699,0.000000000,11.247565999,11.867931000,2.025803000,0.000686000,2.026489000,15.261605000,0,15
1658137127.724764109,1785561677.936398506,892,190390,190930,1096,0,72000,7638,1694,0.000000000,12.429551000,13.011952000,2.694112000,0.000798000,2.694910000,17.213997000,0,17
1658137127.824835539,1785561678.035423279,893,190930,191423,912,0,72000,6484,1459,0.000000000,10.552328000,11.078415000,2.686471000,0.000914000,2.687385000,15.188374000,0,12
1658137127.924803257,1785561678.136978865,894,190361,190763,1004,0,72000,6746,1573,0.000000000,11.005580000,11.623682000,3.919753000,0.000862000,3.920615000,17.170960000,0,10
1658137128.024895668,1785561678.234146118,895,190090,190637,960,0,72000,6593,1615,0.000000000,10.310432000,10.937199000,2.598360000,0.000737000,2.599097000,14.884875000,0,15
1658137128.124723434,1785561678.336006880,896,190637,191169,1050,0,72000,7461,1738,0.000000000,11.187678999,11.816337000,3.179331000,0.000679000,3.180010000,16.571452000,0,17
1658137128.224823236,1785561678.434617043,897,191169,191547,903,0,72000,7190,1689,0.000000000,11.116422000,11.883966000,2.112985000,0.000919000,2.113904000,15.418254000,0,14
1658137128.324872017,1785561678.532603025,898,191547,191940,816,0,72000,6220,1342,0.000000000,9.833970000,10.509901000,1.863350000,0.000881000,1.864231001,13.801349000,0,13
1658137128.424700260,1785561678.634018660,899,191940,192533,997,0,72000,6677,1528,0.000000000,10.046433000,10.600483000,2.218968000,0.000972000,2.219940000,14.468643000,0,18
1658137128.524919748,1785561678.736218691,900,192533,192970,1141,0,72000,7353,1889,0.000000000,11.520513000,12.144332000,3.348118000,0.000592000,3.348709999,16.863300000,0,17
1658137128.624769211,1785561678.832499266,901,192970,193413,806,0,72000,6194,1373,0.000000000,9.947045000,10.511095000,1.886231000,0.000597000,1.886828000,13.712878000,0,14
1658137128.724861622,1785561678.936745405,902,193413,193911,1147,0,72000,7729,1806,0.000000000,11.977572000,12.604863000,3.431235000,0.000781000,3.432016000,17.570272000,0,14
1658137128.824818134,1785561679.034996033,903,193911,194559,1353,0,72000,6864,1710,0.000000000,10.556951000,11.223263000,3.259068000,0.000747000,3.259815000,15.937776000,0,17
1658137128.924906254,1785561679.131787062,904,194559,195021,890,0,72000,6092,1414,0.000000000,9.185641000,9.709100000,2.093147000,0.000624000,2.093771000,13.198206000,0,16
1658137129.024749517,1785561679.232541800,905,195021,195426,975,0,72000,5934,1272,0.000000000,9.004714999,9.453605000,2.763510000,0.000696000,2.764206000,13.764740000,0,18
1658137129.124841213,1785561679.337395906,906,195426,195864,1223,0,72000,7752,1770,0.000000000,12.091633999,12.701522000,3.781986000,0.000630000,3.782616000,18.149770000,0,15
1658137129.224810839,1785561679.435754776,907,195864,196121,1058,0,72000,7121,1836,0.000000000,10.798245000,11.501779000,3.020946000,0.000846000,3.021792000,15.981698000,0,18
1658137129.324850082,1785561679.534025669,908,196121,196523,952,0,72000,6642,1608,0.000000000,10.063942999,10.890087000,2.407456000,0.000590000,2.408046000,14.599219000,0,22
1658137129.424816847,1785561679.634029627,909,196523,196909,894,0,72000,6891,1527,0.000000000,10.944906000,11.498604000,2.167814000,0.000661000,2.168475000,15.000252000,0,14
1658137129.524898767,1785561679.736698627,910,196909,197446,1131,0,72000,7491,1959,0.000000000,11.997133000,12.663568000,3.035067000,0.000711000,3.035778000,17.271798000,0,11
1658137129.624734879,1785561679.834136009,911,197212,197763,992,0,72000,6050,1472,0.000000000,8.970308000,9.471881000,3.074243000,0.000895000,3.075138000,13.794397000,0,12
1658137129.724833488,1785561679.936496019,912,196950,197627,1012,0,72000,7026,1596,0.000000000,11.124724000,11.678491000,3.880987000,0.000779000,3.881766000,17.008412000,0,15
1658137129.824925900,1785561680.033913136,913,195744,196415,1010,0,72000,6636,1549,0.000000000,10.385735000,10.963635000,2.080862000,0.000583000,2.081445000,14.366107000,0,15
1658137129.924761772,1785561680.136315823,914,196415,197054,1191,0,72000,7561,1975,0.000000000,11.409249000,12.119684000,3.151362000,0.000816000,3.152178000,16.827021000,0,14
1658137130.024853230,1785561680.235695124,915,197054,197699,1010,0,72000,7519,1850,0.000000000,11.705045000,12.358206000,2.336180000,0.000593000,2.336773000,16.088376000,0,16
1658137130.124929190,1785561680.335348368,916,197699,198526,1225,0,72000,6494,1538,0.000000000,9.570193000,10.260933000,3.153156000,0.000872000,3.154028000,15.050268000,0,12
1658137130.224779844,1785561680.435242653,917,198170,198866,1086,0,72000,7396,1823,0.000000000,11.131060000,11.775750000,2.431804000,0.000702000,2.432506000,15.707268000,0,13
1658137130.324867010,1785561680.535646200,918,198866,199493,1130,0,72000,6985,1777,0.000000000,10.772049000,11.454393000,3.145288000,0.000629000,3.145917000,16.134912000,0,15
1658137130.424716473,1785561680.636259556,919,199493,200250,1201,0,72000,7391,1823,0.000000000,11.470254000,12.205217000,3.332108000,0.001001000,3.333109000,16.955979000,0,16
1658137130.524924755,1785561680.735097647,920,200250,200766,1155,0,72000,7201,1759,0.000000000,10.753761000,11.434882000,2.823313000,0.000624000,2.823937000,15.734312000,0,11
1658137130.624761105,1785561680.834513187,921,200766,201262,1091,0,72000,6915,1599,0.000000000,10.808535000,11.485391000,2.592125000,0.000721000,2.592846000,15.351722000,0,14
1658137130.724860668,1785561680.936887264,922,201262,202081,1427,0,72000,7357,1837,0.000000000,11.776541000,12.437031000,3.555118000,0.000661000,3.555779000,17.397784000,0,14
1658137130.824815989,1785561681.035703659,923,202081,202501,1075,0,72000,7092,1743,0.000000000,10.440715000,11.057433000,3.903547000,0.000996000,3.904543000,16.223311000,0,17
1658137130.924914837,1785561681.136238098,924,200915,201330,1049,0,72000,7186,1744,0.000000000,11.349424999,11.931623000,3.333600000,0.000630000,3.334230000,16.806884000,0,17
1658137131.024762154,1785561681.234701157,925,201330,202227,1290,0,72000,6767,1655,0.000000000,10.450467000,11.060202000,2.856034000,0.000782000,2.856816001,15.418326000,0,16
1658137131.124834061,1785561681.347025156,926,202227,202877,1166,0,72000,6473,1726,0.000000000,9.999609000,10.584608000,2.673815000,0.000684000,2.674499000,14.658041000,0,18
1658137131.224909067,1785561681.436171532,927,202877,203658,1258,0,72000,6938,1623,0.000000000,10.659527000,11.234247000,4.308589000,0.000842000,4.309431000,17.050240000,0,23
1658137131.324772120,1785561681.537471294,928,200379,201264,1217,0,72000,6924,1796,0.000000000,10.381046000,11.028641000,5.810987000,0.000751000,5.811738000,18.290678000,0,16
1658137131.424851894,1785561681.635372639,929,197362,198399,1387,0,72000,7597,1948,0.000000000,10.497900000,11.170609000,3.320857000,0.000696000,3.321553000,15.943623000,0,15
1658137131.524812222,1785561681.732938528,930,198399,199240,1155,0,72000,6484,1687,0.000000000,9.084062001,9.680829000,2.597402000,0.000630000,2.598032000,13.788930000,0,17
1658137131.624900103,1785561681.834992409,931,199240,200171,1314,0,72000,7135,1796,0.000000000,10.167640000,10.811429000,3.074180000,0.000717000,3.074897000,15.350319000,0,16
1658137131.724740267,1785561681.934468031,932,200171,201116,1286,0,72000,6758,1718,0.000000000,9.980032999,10.634961000,2.806670000,0.000928000,2.807598000,14.918113000,0,16
1658137131.824823618,1785561682.032579899,933,201116,201913,1146,0,72000,6346,1620,0.000000000,8.992748000,9.542911000,2.674068000,0.000919000,2.674987000,13.608192000,0,16
1658137131.924907923,1785561682.133784294,934,201913,202832,1232,0,72000,6542,1732,0.000000000,9.839379000,10.569821000,2.685903000,0.000809000,2.686712000,14.666462000,0,13
1658137132.024756670,1785561682.235262394,935,202832,203462,1206,0,72000,7283,1874,0.000000000,10.518528000,11.203525000,3.183779000,0.000618000,3.184397000,15.836227000,0,15
1658137132.124838114,1785561682.334272146,936,203462,204377,1336,0,72000,6700,1617,0.000000000,10.164309000,10.795241000,3.050513000,0.000652000,3.051165000,15.192916000,0,14
1658137132.224802256,1785561682.437442780,937,204377,205209,1257,0,72000,8010,2250,0.000000000,12.425844000,13.301611000,3.016212000,0.000625000,3.016837000,18.046733000,0,12
1658137132.324891806,1785561682.533963203,938,205209,205893,1063,0,72000,6508,1585,0.000000000,9.518305000,10.147953000,2.814867000,0.000694000,2.815561000,14.243574000,0,14
1658137132.424734354,1785561682.635228634,939,205893,206563,1288,0,72000,7165,1888,0.000000000,10.486675001,11.170732000,2.896835000,0.000815000,2.897650000,15.573076000,0,16
1658137132.524831772,1785561682.736402750,940,206563,207411,1565,0,72000,7373,2025,0.000000000,11.157815000,11.921942000,3.868477000,0.000692000,3.869169000,17.217098000,0,17
1658137132.624920368,1785561682.835645199,941,207411,208298,1341,0,72000,7148,1950,0.000000000,10.435813000,11.153072000,3.269086000,0.000777000,3.269863000,15.945808000,0,16
1658137132.724757195,1785561682.936131239,942,208298,209217,1280,0,72000,6515,1658,0.000000000,10.561110000,11.313723000,4.359858000,0.000773000,4.360631000,17.095036000,0,11
1658137132.824847221,1785561683.035039663,943,206042,207053,1322,0,72000,7303,1912,0.000000000,10.508005000,11.178806000,2.867835000,0.000633000,2.868468000,15.448934000,0,11
1658137132.924799204,1785561683.135310173,944,207053,207929,1367,0,72000,7626,2057,0.000000000,10.458893999,11.127585000,3.064580000,0.000710000,3.065290000,15.625340000,0,16
1658137133.024900436,1785561683.234717131,945,207929,208906,1311,0,72000,6712,1665,0.000000000,9.772799000,10.398146000,3.248353000,0.000737000,3.249090000,15.007168000,0,13
1658137133.124739647,1785561683.333411694,946,208653,209409,1124,0,72000,6465,1592,0.000000000,9.365946000,10.030804000,2.573414000,0.000779000,2.574193000,14.317858000,0,12
1658137133.224826097,1785561683.435584545,947,209409,209571,1247,0,72000,7244,1977,0.000000000,10.327430000,11.219289000,3.271466000,0.000716000,3.272182000,15.864533000,0,24
1658137133.324900866,1785561683.536601543,948,209571,210337,1469,0,72000,8054,2321,0.000000000,11.176437999,11.945981000,3.601848000,0.001075000,3.602923000,17.071593000,0,14
1658137133.424736977,1785561683.635925531,949,210337,211102,1280,0,72000,7670,2028,0.000000000,11.092358000,11.834942000,3.175687000,0.000726000,3.176413000,16.546984000,0,17
1658137133.524820805,1785561683.735054016,950,211102,211890,1280,0,72000,7192,1993,0.000000000,10.369353000,11.096998000,2.901476000,0.000672000,2.902148000,15.505431000,0,18
1658137133.624907255,1785561683.834706068,951,211890,212659,1509,0,72000,6929,1855,0.000000000,9.585717000,10.253264000,3.527480000,0.000713000,3.528193000,15.165551000,0,11
1658137133.724751711,1785561683.934911966,952,212659,213553,1372,0,72000,6642,1773,0.000000000,10.118812000,10.767595000,3.212662000,0.000783000,3.213445000,15.470433000,0,17
1658137133.824841738,1785561684.036534786,953,213553,214401,1387,0,72000,7424,2096,0.000000000,10.893510000,11.739114000,3.557469000,0.000592000,3.558061000,16.619817000,0,14
1658137133.924813032,1785561684.134771824,954,214143,214923,1226,0,72000,6455,1603,0.000000000,10.166893000,10.778947000,3.135354000,0.000924000,3.136278000,15.275213000,0,15
1658137134.024899244,1785561684.238808393,955,214923,215689,1125,0,72000,6785,1758,0.000000000,11.498464000,12.178230000,5.326342000,0.000703000,5.327045000,18.983671000,0,14
1658137134.124739885,1785561684.334989548,956,215689,216580,1285,0,72000,7082,2036,0.000000000,10.669133000,11.394137000,2.644592000,0.000650000,2.645242000,15.402951000,0,16
1658137134.224838495,1785561684.432532072,957,216580,217089,1023,0,72000,6446,1654,0.000000000,9.055522999,9.607825000,2.460421000,0.000732000,2.461153000,13.435660000,0,12
1658137134.324927568,1785561684.530586720,958,217089,217645,1122,0,72000,5843,1566,0.000000000,8.598254000,9.109974000,2.602954000,0.000695000,2.603649000,12.926732000,0,10
1658137134.424766302,1785561684.632944584,959,217645,218063,1313,0,72000,6305,1685,0.000000000,9.093061000,9.787566000,3.485825000,0.000796000,3.486621000,14.620693000,0,15
1658137134.524855137,1785561684.737422228,960,218063,219040,1273,0,72000,6321,1702,0.000000000,9.165483001,9.738667000,8.113845000,0.000690000,8.114535000,19.342174000,0,14
1658137134.624816895,1785561684.833073854,961,206318,207331,1214,0,72000,6949,1845,0.000000000,10.261000000,10.910951000,2.428631000,0.001093000,2.429724000,14.668862000,0,12
1658137134.724903584,1785561684.931671381,962,207331,208472,1315,0,72000,6515,1840,0.000000000,9.071897000,9.674434000,2.589145000,0.000642000,2.589787000,13.634718000,0,10
1658137134.824739695,1785561685.029992819,963,208472,209248,1073,0,72000,5920,1467,0.000000000,8.198868000,8.696571000,2.462943000,0.000692000,2.463635000,12.328572000,0,12
1658137134.924841404,1785561685.130485535,964,209248,210197,1255,0,72000,6044,1592,0.000000000,8.578634001,9.099855000,2.463979000,0.000726000,2.464705000,12.727975000,0,10
1658137135.024926186,1785561685.233575583,965,210197,211281,1384,0,72000,7242,2005,0.000000000,10.530105000,11.209909000,2.639664000,0.000811000,2.640475000,15.242543000,0,17
1658137135.124760389,1785561685.337979078,966,211281,212314,1431,0,72000,6744,1899,0.000000000,9.468305000,10.142898000,5.460480000,0.000770000,5.461250000,16.969376000,0,14
1658137135.224855900,1785561685.446344852,967,211744,212666,1325,0,72000,7217,2016,0.000000000,10.116657000,10.807948000,3.214064000,0.000674000,3.214738000,15.334167000,0,19
1658137135.324817419,1785561685.532196045,968,212666,213499,1137,0,72000,6582,1558,0.000000000,9.840185000,10.420179000,2.445250000,0.000721000,2.445971000,14.254047000,0,15
1658137135.424915791,1785561685.633099079,969,213499,214459,1329,0,72000,6653,1993,0.000000000,9.736946000,10.410871000,3.130675000,0.000751000,3.131426000,14.888996000,0,14
1658137135.524757385,1785561685.733681202,970,214459,215461,1343,0,72000,7408,2058,0.000000000,10.469137000,11.183007000,2.719961000,0.000600000,2.720561000,15.333441000,0,13
1658137135.624850750,1785561685.832583427,971,215461,216443,1300,0,72000,6941,2078,0.000000000,9.739776001,10.478173000,2.532554000,0.000712000,2.533266000,14.404792000,0,13
1658137135.724813461,1785561685.932748079,972,216443,217233,1289,0,72000,6638,1873,0.000000000,9.359517000,10.008229000,3.084161000,0.000827000,3.084988000,14.542948000,0,18
1658137135.824910879,1785561686.033543587,973,217233,218382,1538,0,72000,6682,1943,0.000000000,9.545429000,10.288655000,3.490194000,0.000738000,3.490932000,15.248043000,0,16
1658137135.924766779,1785561686.133977175,974,218249,218921,1305,0,72000,7181,1995,0.000000000,10.869640000,11.508826000,3.054449000,0.000676000,3.055125000,15.948744000,0,10
1658137136.024845123,1785561686.230856419,975,218921,219551,995,0,72000,5948,1577,0.000000000,8.741507000,9.407156000,2.449570000,0.000693000,2.450263000,13.251758000,0,10
1658137136.124832630,1785561686.334437609,976,219551,220424,1562,0,72000,7329,2219,0.000000000,10.751549000,11.504219000,3.554149000,0.000743000,3.554892000,16.419458000,0,15
1658137136.224804163,1785561686.433735847,977,220424,221554,1646,0,72000,7045,1948,0.000000000,10.091787000,10.737905000,3.541494000,0.000793000,3.542287000,15.611174000,0,16
1658137136.324847937,1785561686.537332296,978,221554,222564,1393,0,72000,6939,1936,0.000000000,10.524533000,11.191752000,6.654182000,0.000627000,6.654809000,19.186190000,0,16
1658137136.424823284,1785561686.633092642,979,215686,216805,1455,0,72000,6926,1890,0.000000000,9.461004001,10.081341000,3.039963000,0.000609000,3.040572000,14.637309000,0,10
1658137136.524910688,1785561686.733942270,980,216805,217803,1498,0,72000,7217,2152,0.000000000,9.732858000,10.726701000,3.643373000,0.000739000,3.644112000,15.672487000,0,15
1658137136.624745369,1785561686.832923889,981,217803,218909,1526,0,72000,6760,1999,0.000000000,9.619589000,10.356892000,3.166944000,0.000686000,3.167630000,14.777432000,0,17
1658137136.724827051,1785561686.935481548,982,218909,220030,1531,0,72000,7162,2139,0.000000000,10.314186000,11.134261000,4.174073000,0.000791000,4.174864000,16.745143000,0,10
1658137136.824919224,1785561687.034436941,983,219617,220841,1677,0,72000,7563,2405,0.000000000,10.410072000,11.175286000,3.510091000,0.000739000,3.510830000,16.188610000,0,16
1658137136.924769163,1785561687.131650925,984,220841,221607,1136,0,72000,6596,1820,0.000000000,8.955725000,9.641363000,2.724704000,0.000814000,2.725518000,13.793209000,0,18
1658137137.024855614,1785561687.236305952,985,221607,222771,1823,0,72000,8119,2753,0.000000000,11.380635000,12.340317000,4.050684000,0.000744000,4.051428000,17.957066000,0,15
1658137137.124817610,1785561687.332319498,986,222771,223467,1248,0,72000,6375,1788,0.000000000,8.782997000,9.448444000,3.285598000,0.000591000,3.286189000,14.293222000,0,14
1658137137.224907637,1785561687.433073521,987,223467,223894,1113,0,72000,6603,1780,0.000000000,9.096821000,9.738181000,2.785396000,0.000576000,2.785972000,13.916635000,0,17
1658137137.324922323,1785561687.532856464,988,223894,224882,1355,0,72000,6675,1852,0.000000000,9.003310000,9.604474000,3.098142000,0.000916000,3.099058000,14.020731000,0,14
1658137137.424776077,1785561687.633115530,989,224641,225592,1341,0,72000,6830,2110,0.000000000,9.536402000,10.244026000,2.791585000,0.000754000,2.792339000,14.485588000,0,17
1658137137.524870157,1785561687.734629869,990,225592,226605,1456,0,72000,7117,2038,0.000000000,9.797898000,10.506913000,3.508922000,0.000664000,3.509586000,15.478504000,0,14
1658137137.624709368,1785561687.834071636,991,225842,226910,1451,0,72000,7188,2106,0.000000000,10.482589000,11.208553000,2.935984000,0.000778000,2.936762000,15.500151000,0,14
1658137137.724800825,1785561687.934098959,992,226910,227747,1373,0,72000,7277,2178,0.000000000,9.956591000,10.741832000,3.250450000,0.000934000,3.251384000,15.497001000,0,16
1658137137.824880123,1785561688.032016754,993,227747,228513,1176,0,72000,6729,1981,0.000000000,9.523415000,10.180483000,2.552953000,0.000681000,2.553634000,14.116829000,0,10
1658137137.924733639,1785561688.134608746,994,228513,229513,1536,0,72000,6971,2070,0.000000000,9.601552001,10.587712000,3.825348000,0.000690000,3.826038000,15.739953000,0,11
1658137138.024818420,1785561688.235754728,995,228872,230042,1564,0,72000,7172,2339,0.000000000,10.617916000,11.510297000,4.429391000,0.000708000,4.430099000,17.371033000,0,17
1658137138.124913216,1785561688.333806038,996,229235,230183,1440,0,72000,6626,1986,0.000000000,9.486320000,10.121577000,3.797378000,0.000602000,3.797980000,15.362971000,0,14
1658137138.224762678,1785561688.433936357,997,229611,230337,1273,0,72000,6814,2122,0.000000000,10.312549000,11.192104000,3.131164000,0.000702000,3.131866000,15.699409000,0,16
1658137138.324914455,1785561688.534199715,998,230337,231276,1335,0,72000,6805,2093,0.000000000,10.024575001,11.083101000,3.273644000,0.000782000,3.274426000,15.790776000,0,14
1658137138.424767256,1785561688.634444952,999,231276,232132,1461,0,72000,6884,2032,0.000000000,9.539545000,10.230460000,3.681351000,0.000681000,3.682032000,15.311614000,0,16
1658137138.524850130,1785561688.733542204,1000,232132,232997,1415,0,72000,6960,2161,0.000000000,9.641438000,10.494365000,3.161720000,0.000625000,3.162345000,15.056577000,0,14
1658137138.624817371,1785561688.833921432,1001,232997,233616,1159,0,72000,6622,2021,0.000000000,9.498236000,10.225660000,3.473108000,0.000709000,3.473817000,15.248266000,0,14
1658137138.724905968,1785561688.937760592,1002,233616,234810,1668,0,72000,7469,2413,0.000000000,11.188359999,11.983467000,5.042835000,0.000663000,5.043498000,18.433293000,0,14
1658137138.824742079,1785561689.033771992,1003,233407,234478,1548,0,72000,7233,2281,0.000000000,9.705765000,10.552566000,3.446673000,0.000772000,3.447445000,15.349220000,0,11
1658137138.924829245,1785561689.133041620,1004,234478,235392,1351,0,72000,6984,2158,0.000000000,9.669057000,10.492462000,2.891911000,0.000831000,2.892742000,14.731818000,0,14
1658137139.024903774,1785561689.232409239,1005,235392,236343,1287,0,72000,6758,2040,0.000000000,9.422532000,10.088043000,2.741965000,0.000723000,2.742688000,14.216749000,0,13
1658137139.124739408,1785561689.333344460,1006,236343,237070,1277,0,72000,6904,1999,0.000000000,9.885978000,10.594239000,3.018711000,0.000806000,3.019517000,15.017946000,0,12
1658137139.224826336,1785561689.432403564,1007,237070,237870,1069,0,72000,6209,1834,0.000000000,8.658712000,9.407243000,2.811250000,0.000738000,2.811988000,13.823423000,0,14
1658137139.324813843,1785561689.535665512,1008,237678,238814,1435,0,72000,6676,2147,0.000000000,9.466533000,10.153190000,6.077071000,0.000771000,6.077842000,17.513260000,0,15
1658137139.424892664,1785561689.632393837,1009,231397,232532,1377,0,72000,6841,2097,0.000000000,8.931387001,9.614412000,2.840824000,0.000674000,2.841498000,13.911040000,0,13
1658137139.524724245,1785561689.735605001,1010,232532,233653,1585,0,72000,7493,2315,0.000000000,10.607767000,11.470398000,4.260026000,0.000667000,4.260693000,17.233201000,0,16
1658137139.624929428,1785561689.835320950,1011,233653,234981,1610,0,72000,8121,2525,0.000000000,11.331788000,12.197117000,3.132296000,0.000663000,3.132959000,16.828186000,0,11
1658137139.724776745,1785561689.931064129,1012,234981,235945,1184,0,72000,5749,1781,0.000000000,8.338549000,8.942503000,2.925517000,0.000754000,2.926271000,13.250586000,0,14
1658137139.824872017,1785561690.031008482,1013,235945,236787,1099,0,72000,6254,1799,0.000000000,8.633424000,9.224731000,2.476726000,0.001002000,2.477728000,12.974831000,0,11
1658137139.924714565,1785561690.133852243,1014,236787,237828,1483,0,72000,6921,2125,0.000000000,9.815400000,10.589336000,3.188672000,0.000640000,3.189312000,15.140447000,0,17
1658137140.024920940,1785561690.234757900,1015,237828,238910,1553,0,72000,7019,2354,0.000000000,10.354227000,11.175739000,3.366565000,0.000673000,3.367238000,15.957842000,0,13
1658137140.124773026,1785561690.333792210,1016,238910,239992,1386,0,72000,6914,2384,0.000000000,10.076610000,10.918578000,2.890088000,0.000742000,2.890830000,15.192696000,0,16
1658137140.224868536,1785561690.432361841,1017,239992,240562,1355,0,72000,6338,1950,0.000000000,8.748235000,9.427627000,3.584623000,0.000953000,3.585576000,14.334410000,0,13
1658137140.324820518,1785561690.529338121,1018,240562,241231,872,0,72000,5290,1525,0.000000000,8.116869001,8.645709000,1.892015000,0.000699000,1.892714000,11.744853000,0,10
1658137140.424922705,1785561690.634789467,1019,241231,242278,1605,0,72000,7738,2534,0.000000000,10.455458000,11.288356000,3.489781000,0.000754000,3.490534999,16.392160000,0,17
1658137140.524755955,1785561690.732439041,1020,242278,243128,1292,0,72000,6699,2165,0.000000000,9.278335000,10.007903000,2.752128000,0.000804000,2.752932000,14.195348000,0,12
1658137140.624838114,1785561690.830411196,1021,243128,243803,1101,0,72000,6006,1735,0.000000000,8.104274000,8.673619000,2.347614000,0.000766000,2.348380000,12.283334000,0,13
1658137140.724926472,1785561690.929726124,1022,243680,244360,967,0,72000,5574,1752,0.000000000,7.546063000,8.107525000,2.652901000,0.000640000,2.653541000,11.923160000,0,11
1658137140.824759722,1785561691.032070398,1023,243080,243786,1335,0,72000,6149,1933,0.000000000,8.163813000,8.779870000,3.633712000,0.000856000,3.634568000,13.777333000,0,16
1658137140.924839735,1785561691.133192778,1024,243644,244490,1462,0,72000,6758,2019,0.000000000,8.931144000,9.591607000,3.730297000,0.000600000,3.730897000,14.646811000,0,12
1658137141.024929285,1785561691.231712580,1025,244490,245318,1317,0,72000,6366,1973,0.000000000,8.762912001,9.426799000,3.075196000,0.000725000,3.075921000,13.703477000,0,16
1658137141.124773264,1785561691.339114904,1026,245318,246269,1287,0,72000,6352,2035,0.000000000,9.665308000,10.422015000,9.089920000,0.000698000,9.090618000,20.931097000,0,17
1658137141.224857569,1785561691.435816526,1027,238708,239818,1340,0,72000,6423,2164,0.000000000,8.795904000,9.560178000,4.012659000,0.000661000,4.013320000,15.318377000,0,5
1658137141.324760914,1785561691.533753395,1028,239818,241297,1753,0,72000,7278,2450,0.000000000,9.370998000,10.572465000,3.228077000,0.000643000,3.228720000,15.219881000,0,13
1658137141.424844027,1785561691.632887602,1029,241297,242623,1590,0,72000,6927,2296,0.000000000,9.271856000,10.062376000,2.977637000,0.000579000,2.978216000,14.447016000,0,17
1658137141.524816990,1785561691.731553555,1030,242623,243668,1310,0,72000,6226,2112,0.000000000,8.476385000,9.227882000,2.923035000,0.000865000,2.923900000,13.505270000,0,16
1658137141.624921560,1785561691.834793329,1031,243668,244888,1585,0,72000,7443,2590,0.000000000,9.835827000,10.912153000,3.727166000,0.000716000,3.727882000,16.141227000,0,3
1658137141.724754572,1785561691.935915470,1032,244888,246315,1928,0,72000,7850,2806,0.000000000,10.712789000,11.646745000,4.026027000,0.000689000,4.026716000,17.267295000,0,18
1658137141.824850321,1785561692.034457922,1033,246315,247062,1368,0,72000,7234,2292,0.000000000,10.002255000,10.797828000,3.614211000,0.000617000,3.614828000,15.843871000,0,10
1658137141.924818277,1785561692.131458998,1034,247062,248157,1384,0,72000,6671,2224,0.000000000,8.757702000,9.457085000,2.449873000,0.000639000,2.450512000,13.223513000,0,22
1658137142.024897099,1785561692.231100321,1035,248157,249017,1117,0,72000,6548,2181,0.000000000,8.718837000,9.442855000,2.159384000,0.000722000,2.160106000,13.002725000,0,16
1658137142.124737740,1785561692.335721016,1036,249017,250002,1548,0,72000,7283,2498,0.000000000,10.456131000,11.289140000,4.619486000,0.000685000,4.620171000,17.418191000,0,13
1658137142.224822760,1785561692.436153889,1037,250002,250973,1325,0,72000,7579,2615,0.000000000,10.705984000,11.637374000,4.280463000,0.000607000,4.281070000,17.323755000,0,18
1658137142.324879646,1785561692.533953905,1038,248689,249240,1307,0,72000,7036,2324,0.000000000,9.326182000,10.088249000,3.758030000,0.000794000,3.758824000,15.393255000,0,15
1658137142.424718618,1785561692.631527901,1039,249240,250187,1162,0,72000,6458,2292,0.000000000,8.416179000,9.171004000,2.575363000,0.000877000,2.576240000,13.174259000,0,14
1658137142.524815798,1785561692.733110666,1040,250187,251297,1475,0,72000,6570,2258,0.000000000,9.171227000,9.900022000,3.159999000,0.000733000,3.160732000,14.347929000,0,17
1658137142.624905109,1785561692.832968712,1041,251297,252507,1602,0,72000,6742,2444,0.000000000,8.958825000,9.778977000,3.440575000,0.000623000,3.441198000,14.610191000,0,14
1658137142.724749327,1785561692.936503410,1042,252507,253716,1799,0,72000,7534,2714,0.000000000,11.031521000,11.960127000,4.362847000,0.000602000,4.363449000,17.888234000,0,17
1658137142.824842215,1785561693.030551434,1043,253716,254490,1097,0,72000,6020,1984,0.000000000,8.202902000,8.860295000,2.403438000,0.000687000,2.404125000,12.589678000,0,15
1658137142.924820185,1785561693.132074594,1044,254490,255326,1187,0,72000,6214,2200,0.000000000,8.863306000,9.647454000,2.753240000,0.000750000,2.753990000,13.759504000,0,20
1658137143.024885178,1785561693.235053301,1045,255152,256088,1676,0,72000,7300,2625,0.000000000,9.849487000,10.793595000,3.551158000,0.000834000,3.551992000,15.844702000,0,17
1658137143.124720812,1785561693.333214521,1046,255750,256437,1278,0,72000,6818,2440,0.000000000,9.048210000,9.812372000,3.299566000,0.000666000,3.300232000,14.454608000,0,17
1658137143.224820137,1785561693.433864594,1047,256437,257295,1259,0,72000,7059,2522,0.000000000,9.587255000,10.481485000,2.707507000,0.000715000,2.708221999,14.583473000,0,15
1658137143.324721336,1785561693.537566900,1048,257295,258279,1386,0,72000,7617,2668,0.000000000,11.015446000,11.910299000,5.303326000,0.000607000,5.303933000,18.711702000,0,17
1658137143.424808502,1785561693.631406784,1049,255052,255917,1173,0,72000,6580,2289,0.000000000,8.498723000,9.213690000,2.528470000,0.000736000,2.529206000,13.105751000,0,17
1658137143.524893045,1785561693.732857943,1050,255917,256812,1306,0,72000,6769,2508,0.000000000,8.987521000,9.815863000,2.933937000,0.000752000,2.934689000,14.173555000,0,15
1658137143.624732494,1785561693.835685015,1051,256812,257802,1617,0,72000,7692,2719,0.000000000,10.807611000,11.703919000,3.844886000,0.000636000,3.845522000,17.070112000,0,15
1658137143.724845409,1785561693.931750774,1052,257802,258550,1240,0,72000,6416,2357,0.000000000,8.507542000,9.291515000,2.826390000,0.000660000,2.827050000,13.461886000,0,17
1658137143.824811459,1785561694.033593416,1053,258550,259758,1741,0,72000,6518,2466,0.000000000,8.645090000,9.404065000,4.451646000,0.000612000,4.452258000,15.193231000,0,16
1658137143.924903393,1785561694.137438774,1054,259118,260232,1673,0,72000,7818,2985,0.000000000,11.143092000,12.148817000,4.928902000,0.000669000,4.929571001,18.611596000,0,17
1658137144.024752855,1785561694.236520767,1055,259392,260169,1096,0,72000,5846,1997,0.000000000,11.725404000,12.735496000,3.821993000,0.000634000,3.822626999,18.321321000,0,15
1658137144.124839783,1785561694.335578680,1056,260169,261184,1506,0,72000,7502,2915,0.000000000,10.819870000,11.815087000,3.351857000,0.000562000,3.352419001,16.672495000,0,16
1658137144.224910498,1785561694.433344364,1057,261184,262041,1391,0,72000,6749,2427,0.000000000,9.498100999,10.284567000,3.102390000,0.000912000,3.103302000,14.768575000,0,17
1658137144.324814081,1785561694.533146143,1058,262041,262694,1213,0,72000,6509,2313,0.000000000,8.877039000,9.625452000,3.251335000,0.000570000,3.251905001,14.170513000,0,16
1658137144.424896240,1785561694.634640217,1059,262694,263494,1397,0,72000,7239,2694,0.000000000,10.080681000,11.008202000,3.110105000,0.000816000,3.110921000,15.507773000,0,11
1658137144.524738312,1785561694.734327316,1060,263331,264096,1339,0,72000,7382,2854,0.000000000,10.410537000,11.303945000,2.948030000,0.000611000,2.948641000,15.758773000,0,17
1658137144.624833584,1785561694.831030130,1061,264096,264800,1034,0,72000,6131,2089,0.000000000,8.235775000,8.908662000,2.466153000,0.000776000,2.466929000,12.778046000,0,11
1658137144.724930525,1785561694.933396816,1062,264800,265593,1250,0,72000,6556,2574,0.000000000,9.034896999,9.975100000,3.036877000,0.001020000,3.037897000,14.755187000,0,14
1658137144.824782610,1785561695.032719374,1063,265593,266398,1236,0,72000,6852,2465,0.000000000,9.356609000,10.185117000,2.716631000,0.000807000,2.717438000,14.221913000,0,18
1658137144.924874306,1785561695.132824659,1064,266398,267288,1341,0,72000,6523,2547,0.000000000,8.832421000,9.625338000,2.950314000,0.000737000,2.951051000,13.970369000,0,21
1658137145.024728298,1785561695.236110687,1065,267288,268171,1475,0,72000,7613,2807,0.000000000,10.275617000,11.174727000,4.185348000,0.000853000,4.186201000,17.001408000,0,17
1658137145.124808073,1785561695.333514214,1066,266156,267124,1387,0,72000,6696,2524,0.000000000,9.146202000,10.003050000,3.431277000,0.000598000,3.431875000,14.800769000,0,17
1658137145.224893808,1785561695.435267925,1067,267124,267958,1610,0,72000,7709,3005,0.000000000,10.243344001,11.209066000,3.935238000,0.000628000,3.935866000,16.522270000,0,14
1658137145.324898481,1785561695.534683943,1068,267958,268532,1500,0,72000,6531,2555,0.000000000,9.655674000,10.605203000,4.224739000,0.000633000,4.225371999,16.168899000,0,15
1658137145.424747705,1785561695.634623528,1069,268532,269705,1472,0,72000,7052,2588,0.000000000,9.517531000,10.489151000,4.034715000,0.000709000,4.035424000,15.914496000,0,16
1658137145.524834633,1785561695.734960318,1070,266496,267607,1627,0,72000,7462,2730,0.000000000,9.801216001,10.880848000,3.867676000,0.000671000,3.868347000,16.192363000,0,18
1658137145.624913692,1785561695.833181143,1071,267607,268667,1344,0,72000,6438,2506,0.000000000,9.027068000,10.139829000,2.782472000,0.000688000,2.783160000,14.483716000,0,15
1658137145.724752426,1785561695.935474396,1072,268667,269795,1580,0,72000,7260,2931,0.000000000,10.573433000,11.642995000,3.752014000,0.000685000,3.752699000,16.898180000,0,17
1658137145.824849129,1785561696.036071539,1073,269795,270838,1472,0,72000,7924,3153,0.000000000,11.450238000,12.507610000,3.345877000,0.000606000,3.346483000,17.364253000,0,20
1658137145.924926758,1785561696.130650282,1074,270838,271572,1077,0,72000,5968,2273,0.000000000,8.030103001,8.811592000,2.227927000,0.000583000,2.228510000,12.485204000,0,12
1658137146.024765015,1785561696.237810850,1075,271572,272576,1364,0,72000,6998,2931,0.000000000,10.469009000,11.536496000,6.174688000,0.000701000,6.175389000,19.148501000,0,19
1658137146.124849319,1785561696.334925890,1076,268123,269164,1386,0,72000,6802,2659,0.000000000,9.586194000,10.680277000,3.755623000,0.000722000,3.756345001,15.938296000,0,11
1658137146.224818468,1785561696.436125278,1077,269164,270241,1709,0,72000,7252,2867,0.000000000,10.397677000,11.406127000,4.315229000,0.000821000,4.316050000,17.266467000,0,16
1658137146.324918509,1785561696.544525862,1078,270241,271073,1220,0,72000,6559,2549,0.000000000,14.816696000,16.078641000,4.912627000,0.000883000,4.913510000,22.500973000,0,14
1658137146.424777746,1785561696.637710810,1079,271073,272192,1819,0,72000,7345,2998,0.000000000,10.904971001,11.956483000,4.957780000,0.001054000,4.958834000,18.582464000,0,14
1658137146.524879932,1785561696.733656168,1080,272192,273049,1190,0,72000,6624,2536,0.000000000,9.708863000,10.591088000,2.800189000,0.000785000,2.800974000,14.734574000,0,16
1658137146.624727726,1785561696.838370562,1081,273049,274196,1207,0,72000,6902,2675,0.000000000,9.733057000,10.640250000,7.402213000,0.000754000,7.402967000,19.558937000,0,16
1658137146.724842548,1785561696.932157755,1082,264861,266102,1399,0,72000,6933,2655,0.000000000,8.579479000,9.432710000,2.638736000,0.000798000,2.639534001,13.405274000,0,15
1658137146.824928761,1785561697.034767151,1083,266102,267305,1428,0,72000,6974,2831,0.000000000,10.190622000,11.244163000,3.209456000,0.000667000,3.210123000,15.836522000,0,15
1658137146.924774885,1785561697.135377169,1084,267305,268742,1676,0,72000,7863,3338,0.000000000,9.552182000,11.049162000,3.552308000,0.000766000,3.553074000,16.255263000,0,14
1658137147.024864912,1785561697.258772373,1085,268742,269714,1216,0,72000,7411,2961,0.000000000,10.026568000,11.134211000,2.451709000,0.000815000,2.452524000,15.034187000,0,15
1658137147.124816656,1785561697.337378025,1086,269714,271108,1771,0,72000,8193,3474,0.000000000,10.508241000,11.665348000,5.071745000,0.000904000,5.072649000,18.315054000,0,18
1658137147.224887371,1785561697.437742710,1087,271108,272269,1628,0,72000,7493,3033,0.000000000,11.125941000,12.555419000,4.509466000,0.000679000,4.510145000,18.629963000,0,13
1658137147.324727774,1785561697.534785032,1088,272269,273254,1251,0,72000,6135,2465,0.000000000,11.021989000,11.852118000,2.588957000,0.000641000,2.589598000,15.835724000,0,15
1658137147.424822330,1785561697.635662556,1089,273254,274299,1474,0,72000,6804,2881,0.000000000,10.868275000,12.281467000,3.083641000,0.000587000,3.084228000,16.689324000,0,15
1658137147.524907827,1785561697.738149405,1090,274299,275247,1463,0,72000,7331,2904,0.000000000,11.954383000,13.051490000,3.838948000,0.000827000,3.839775000,18.482589000,0,12
1658137147.624749422,1785561697.833553076,1091,275247,275899,1054,0,72000,6416,2591,0.000000000,8.459084000,9.320029000,3.327844000,0.000746000,3.328590000,14.393770000,0,17
1658137147.724851370,1785561697.937619925,1092,275899,277032,1882,0,72000,8609,3567,0.000000000,11.420781000,12.595185000,4.070830000,0.000970000,4.071800000,18.398643000,0,16
1658137147.824839115,1785561698.034291983,1093,277032,277742,1384,0,72000,6985,2844,0.000000000,9.191863001,10.044612000,4.098023000,0.000716000,4.098739000,15.597887000,0,20
1658137147.924925327,1785561698.133810282,1094,277742,278681,1359,0,72000,7427,2950,0.000000000,9.540799000,10.511869000,2.865317000,0.000725000,2.866042000,14.763211000,0,17
1658137148.024780750,1785561698.243440390,1095,278681,279870,1527,0,72000,7453,3108,0.000000000,9.705956000,10.691283000,12.443965000,0.000604000,12.444569000,24.534524000,0,11
1658137148.124876261,1785561698.331926107,1096,272958,273743,1085,0,72000,6441,2470,0.000000000,7.850318000,8.609992000,3.503226000,0.000785000,3.504011000,13.450916000,0,15
1658137148.224722385,1785561698.434720755,1097,273743,275121,1620,0,72000,7774,3274,0.000000000,9.597841000,10.643352000,3.037848000,0.000735000,3.038583000,15.280310000,0,17
1658137148.324868679,1785561698.532270670,1098,275121,276281,1335,0,72000,6678,2853,0.000000000,8.623513000,9.517662000,2.661321000,0.000834000,2.662155000,13.647408000,0,12
1658137148.424716473,1785561698.637554407,1099,276281,277176,1166,0,72000,6284,2516,0.000000000,12.534125000,13.603552000,3.154965000,0.000865000,3.155830000,18.236306000,0,17
1658137148.524811983,1785561698.737670898,1100,277176,278211,1340,0,72000,6746,2838,0.000000000,11.280316000,12.780009000,3.462004000,0.000927000,3.462931000,17.941548000,0,16
1658137148.624914885,1785561698.836272478,1101,278211,279241,1398,0,72000,7518,3194,0.000000000,11.230805000,12.428378000,2.920373000,0.001175000,2.921548000,17.005609000,0,11
1658137148.724745750,1785561698.935770512,1102,279241,280289,1471,0,72000,7579,3213,0.000000000,10.692513000,11.824047000,3.371605000,0.001295000,3.372900000,16.839898000,0,17
1658137148.824839830,1785561699.039999723,1103,280289,281078,1451,0,72000,7602,3260,0.000000000,12.558624000,13.768395000,5.184706000,0.000840000,5.185546000,20.447344000,0,20
1658137148.924926758,1785561699.132283449,1104,281078,281801,1059,0,72000,6023,2495,0.000000000,8.358057000,9.158937000,3.041241000,0.000778000,3.042019000,13.577209000,0,15
1658137149.024763584,1785561699.235266447,1105,281801,282753,1329,0,72000,6801,2697,0.000000000,9.930898000,11.070006000,2.862443000,0.000810000,2.863253000,15.440763000,0,17
1658137149.124843836,1785561699.349658251,1106,282753,283745,1392,0,72000,6929,2783,0.000000000,13.660911000,14.775365000,12.431189000,0.001134000,12.432323000,29.388174000,0,3
1658137149.224809408,1785561699.443882465,1107,273801,274856,1764,0,72000,7664,3440,0.000000000,11.543028000,12.736142000,8.189958000,0.000829000,8.190787000,22.647586000,0,14
1658137149.324903727,1785561699.538874388,1108,274856,275671,1284,0,72000,6295,2652,0.000000000,11.965649000,13.328416000,4.171252000,0.001054000,4.172306000,19.094171000,0,14
1658137149.424732208,1785561699.639138460,1109,275671,276534,1302,0,72000,6758,2995,0.000000000,12.050996000,13.201723000,3.739376000,0.000978000,3.740354000,18.661706000,0,15
1658137149.524829865,1785561699.737590790,1110,276534,277523,1235,0,72000,6644,2764,0.000000000,10.652343999,11.918922000,4.233985000,0.000937000,4.234921999,17.848066000,0,12
1658137149.624921560,1785561699.840072870,1111,277523,278355,1514,0,72000,7831,3346,0.000000000,11.942625000,13.374437000,4.592625000,0.000671000,4.593296000,19.563115000,0,17
1658137149.724774361,1785561699.942948818,1112,278355,279268,1422,0,72000,7210,3058,0.000000000,15.318007000,17.056805000,4.003136000,0.001412000,4.004548000,22.677519000,0,14
1658137149.824851751,1785561700.044054508,1113,279268,279598,959,0,72000,5975,2305,0.000000000,13.845393000,15.490513000,4.369084000,0.000830000,4.369914001,22.138039000,0,16
1658137149.924814701,1785561700.146493673,1114,279598,280564,1448,0,72000,7624,3485,0.000000000,15.566608000,16.997034000,5.525102000,0.000988000,5.526090000,24.237082000,0,11
1658137150.024916172,1785561700.238205910,1115,280407,281298,1251,0,72000,6624,2643,0.000000000,11.848669000,12.856262000,3.839534000,0.001064000,3.840598000,18.530522000,0,12
1658137150.124753237,1785561700.346406221,1116,281298,282306,1495,0,72000,7098,3099,0.000000000,15.743110000,17.664241000,5.237464000,0.027275000,5.264739000,24.993880000,0,10
1658137150.224841356,1785561700.436477184,1117,282306,283142,1534,0,72000,7541,3068,0.000000000,10.725630000,11.819031000,3.889712000,0.000669000,3.890381000,17.204001000,0,15
1658137150.324781418,1785561700.535486698,1118,283142,283379,1015,0,72000,6364,2478,0.000000000,10.617059000,11.530846000,3.803802000,0.000812000,3.804614000,16.736293000,0,16
1658137150.424898386,1785561700.643865347,1119,283379,283894,1353,0,72000,7210,3114,0.000000000,11.351957000,12.836967000,7.610022000,0.000863000,7.610885000,22.021918000,0,13
1658137150.524739265,1785561700.739971876,1120,283894,284956,1072,0,72000,6606,2794,0.000000000,14.188868000,15.683835000,2.635632000,0.000999000,2.636631000,20.544907000,0,10
1658137150.624831676,1785561700.835200310,1121,275739,276909,1250,0,72000,6884,2916,0.000000000,8.803092001,9.962243000,2.815515000,0.001047000,2.816562000,14.540792000,0,11
1658137150.724922895,1785561700.939803839,1122,276909,278013,1235,0,72000,7214,3064,0.000000000,11.680097000,13.195669000,4.117046000,0.001063000,4.118109000,18.874160000,0,15
1658137150.824763060,1785561701.031585217,1123,278013,278906,1000,0,72000,6232,2434,0.000000000,7.939456000,8.868145000,2.203345000,0.001103000,2.204448000,12.611700000,0,20
1658137150.924830675,1785561701.133663893,1124,278906,279976,1230,0,72000,7011,2962,0.000000000,9.292766999,10.458536000,2.352873000,0.001141000,2.354014000,14.353413000,0,18
1658137151.024918795,1785561701.238486052,1125,279976,280976,1253,0,72000,6826,2844,0.000000000,12.871508000,14.261218000,3.082068000,0.001314000,3.083382000,19.170583000,0,4
1658137151.124753714,1785561701.337678432,1126,280976,282009,1382,0,72000,6793,2676,0.000000000,11.851129000,13.153905000,3.579674000,0.001096000,3.580770000,18.285773000,0,14
1658137151.224844217,1785561701.433889866,1127,282009,282854,1041,0,72000,5797,2292,0.000000000,9.223662000,10.500020000,2.697657000,0.001027000,2.698684000,14.635084000,0,17
1658137151.324840784,1785561701.535123825,1128,282854,283914,1451,0,72000,7013,2938,0.000000000,8.946762000,10.072361000,3.288145000,0.001293000,3.289438000,14.822858000,0,16
1658137151.424927950,1785561701.634680271,1129,283914,284958,1272,0,72000,6780,3072,0.000000000,9.376283000,10.730127000,2.773089000,0.001266000,2.774355000,15.214335000,0,18
1658137151.524779558,1785561701.737544775,1130,284958,285943,1367,0,72000,7199,2999,0.000000000,11.580414999,12.751402000,3.458735000,0.002445000,3.461180000,18.136833000,0,16
1658137151.624876499,1785561701.832959414,1131,285943,286459,1065,0,72000,5809,2497,0.000000000,7.574839000,8.504251000,4.298423000,0.000953000,4.299376000,14.075543000,0,16
1658137151.724717379,1785561701.934283018,1132,286459,287390,1287,0,72000,6809,2850,0.000000000,9.235241000,10.269350000,2.869402000,0.000993000,2.870395000,14.762403000,0,18
1658137151.824928522,1785561702.032266855,1133,287390,288230,1250,0,72000,6554,3034,0.000000000,8.660370000,9.631872000,2.690186000,0.000911000,2.691097000,13.616228000,0,13
1658137151.924766064,1785561702.133405447,1134,288230,289212,1349,0,72000,7074,2865,0.000000000,9.144277000,10.128154000,2.632106000,0.000993000,2.633099000,14.145923000,0,10
1658137152.024859905,1785561702.282048702,1135,289212,290047,1290,0,72000,5943,2478,0.000000000,8.154095000,9.013397000,2.968095000,0.001105000,2.969200000,13.216794000,0,16
1658137152.124828815,1785561702.336398602,1136,289894,291226,2057,0,72000,7378,3349,0.000000000,10.189035000,11.343508000,4.362173000,0.001127000,4.363300000,17.203978000,0,18
1658137152.224904299,1785561702.432166338,1137,291226,292108,1432,0,72000,6097,2541,0.000000000,8.316407000,9.227152000,3.121669000,0.001023000,3.122692000,13.725927000,0,12
1658137152.324738264,1785561702.532328367,1138,292108,292827,1034,0,72000,5935,2708,0.000000000,8.409586000,9.414009000,2.456119000,0.001186000,2.457305000,13.279721000,0,18
1658137152.424809694,1785561702.634575605,1139,292666,293402,1405,0,72000,7503,3293,0.000000000,9.377921000,10.428928000,3.294075000,0.001061000,3.295136000,15.212433000,0,15
1658137152.524897337,1785561702.738220453,1140,293402,294446,1523,0,72000,7080,2902,0.000000000,12.084438999,13.083353000,4.204436000,0.001324000,4.205760000,18.964857000,0,14
1658137152.624726772,1785561702.831715822,1141,294446,295349,1288,0,72000,6575,2762,0.000000000,8.356963000,9.197851000,2.527399000,0.001019000,2.528418000,13.002943000,0,17
1658137152.724819422,1785561702.933630228,1142,295349,295773,1174,0,72000,6105,2504,0.000000000,8.225852000,9.042795000,3.658927000,0.001133000,3.660060000,14.086843000,0,18
1658137152.824903250,1785561703.031876564,1143,295773,296565,1309,0,72000,6233,2536,0.000000000,8.418717999,9.190280000,2.812204000,0.000903000,2.813107000,13.269174000,0,16
1658137152.924744844,1785561703.140318155,1144,296565,297437,1556,0,72000,8310,3454,0.000000000,13.874357000,15.227468000,3.800188000,0.001408000,3.801596000,20.679346000,0,17
1658137153.024831057,1785561703.239269495,1145,297437,298397,1472,0,72000,7139,3028,0.000000000,11.304616000,12.866744000,4.327220000,0.001169000,4.328389000,18.700325000,0,7
1658137153.124910831,1785561703.334023237,1146,297625,298549,1284,0,72000,6670,2865,0.000000000,8.882842000,9.930601000,3.357783000,0.001108000,3.358891000,14.888357000,0,14
1658137153.224750042,1785561703.433606148,1147,298202,299004,1070,0,72000,6471,2750,0.000000000,8.803220000,9.713502000,2.982724000,0.001099000,2.983823000,14.309893000,0,11
1658137153.324926138,1785561703.530460358,1148,298340,299022,1009,0,72000,5676,2379,0.000000000,7.494548000,8.313590000,2.413400000,0.001040000,2.414440000,11.986199000,0,14
1658137153.424761534,1785561703.634573221,1149,299022,299883,1386,0,72000,7429,3151,0.000000000,9.612263000,10.654315000,3.025819000,0.000938000,3.026757000,15.057135000,0,17
1658137153.524853468,1785561703.732933521,1150,299883,300754,1264,0,72000,6563,3023,0.000000000,8.673763000,9.668990000,2.781423000,0.001577000,2.783000000,13.871869000,0,12
1658137153.624820471,1785561703.832078695,1151,300754,300971,1218,0,72000,5738,2581,0.000000000,7.696371000,8.566390000,3.911370000,0.001059000,3.912429000,13.677426000,0,15
1658137153.724921703,1785561703.930828333,1152,300971,301712,1042,0,72000,5627,2516,0.000000000,7.955258000,8.824066000,2.303716000,0.001078000,2.304794000,12.390336000,0,12
1658137153.824761152,1785561704.033590794,1153,301712,302615,1315,0,72000,6776,2906,0.000000000,9.138082000,10.359573000,2.831314000,0.001124000,2.832438000,14.833366000,0,16
1658137153.924847364,1785561704.130835772,1154,302615,303328,1099,0,72000,6042,2523,0.000000000,7.812398000,8.604575000,2.444030000,0.001139000,2.445169000,12.305565000,0,15
1658137154.024809837,1785561704.240051985,1155,303328,303878,1362,0,72000,6904,2924,0.000000000,10.267079000,11.448199000,6.777350000,0.000967000,6.778317000,19.836433000,0,14
1658137154.124902964,1785561704.333908081,1156,303050,303685,1255,0,72000,6352,2918,0.000000000,9.110460000,10.028109000,3.313064000,0.001209000,3.314273000,14.712522000,0,12
1658137154.224735022,1785561704.433111906,1157,303685,304498,1240,0,72000,6718,3027,0.000000000,9.365779000,10.315167000,2.672849000,0.001132000,2.673981000,14.282566000,0,17
1658137154.324847698,1785561704.533750296,1158,304498,305403,1384,0,72000,6961,3173,0.000000000,9.217002000,10.244830000,2.890008000,0.000912000,2.890920000,14.551170000,0,12
1658137154.424814701,1785561704.636146784,1159,305403,306306,1410,0,72000,7021,2897,0.000000000,9.580628000,10.834371000,4.873242000,0.000945000,4.874187000,17.200977000,0,16
1658137154.524909258,1785561704.731631517,1160,306306,307071,1085,0,72000,6210,2681,0.000000000,8.481628000,9.369321000,2.460173000,0.001287000,2.461460000,13.168986000,0,15
1658137154.624738932,1785561704.833578348,1161,307071,307705,1090,0,72000,6456,2898,0.000000000,8.585483999,9.489286000,4.062610000,0.000902000,4.063512000,14.824361000,0,17
1658137154.724838972,1785561704.937617064,1162,304979,306307,1712,0,72000,8163,3768,0.000000000,11.182419000,12.412994000,4.171409000,0.001104000,4.172513000,18.225884000,0,13
1658137154.824814558,1785561705.036662817,1163,306307,307043,1664,0,72000,7404,3145,0.000000000,10.438672000,11.518162000,4.647647000,0.001232000,4.648879000,17.615319000,0,14
1658137154.924904346,1785561705.135535002,1164,307043,308110,1525,0,72000,7094,3320,0.000000000,10.170002000,11.331327000,3.866225000,0.001214000,3.867439000,16.553233000,0,14
1658137155.024755239,1785561705.238420010,1165,308110,309104,1523,0,72000,7912,3729,0.000000000,11.026854999,12.232699000,4.510027000,0.001134000,4.511161000,18.286070000,0,16
1658137155.124831200,1785561705.333010197,1166,307304,308266,1366,0,72000,6344,3003,0.000000000,8.220471000,9.183918000,3.578836000,0.000849000,3.579685000,14.211544000,0,18
1658137155.224910736,1785561705.432970285,1167,308266,309162,1149,0,72000,7112,3238,0.000000000,9.318695000,10.355343000,2.312917000,0.000958000,2.313875000,14.076669000,0,16
1658137155.324764013,1785561705.532649994,1168,309162,310142,1314,0,72000,6675,3039,0.000000000,8.755586000,9.682322000,2.749549000,0.001125000,2.750674000,13.732280000,0,17
1658137155.424856663,1785561705.633917093,1169,310142,311100,1337,0,72000,6697,3203,0.000000000,9.061480000,10.155878000,2.906126000,0.001255000,2.907381000,14.733664000,0,18
1658137155.524814606,1785561705.732263565,1170,311100,311472,1178,0,72000,5862,2802,0.000000000,8.078877000,9.122744000,3.477693000,0.000899000,3.478592000,13.833284000,0,17
1658137155.624901295,1785561705.836340189,1171,311472,312468,1353,0,72000,7150,3171,0.000000000,11.223817000,12.459136000,3.568624000,0.001058000,3.569682000,17.424770000,0,15
1658137155.724749804,1785561705.936815262,1172,312468,313225,1417,0,72000,7411,3342,0.000000000,10.112707000,11.238134000,4.355419000,0.001178000,4.356597000,17.001484000,0,17
1658137155.824840546,1785561706.035114288,1173,313096,313918,1392,0,72000,7140,3018,0.000000000,9.527356000,10.844056000,3.394798000,0.001040000,3.395838000,15.695235000,0,15
1658137155.924930573,1785561706.139711380,1174,313918,314869,1193,0,72000,6824,3020,0.000000000,9.404230000,10.751659000,7.900009000,0.001031000,7.901040000,20.161321000,0,18
1658137156.024754763,1785561706.234985590,1175,306819,308036,1435,0,72000,7498,3482,0.000000000,9.921723000,11.130945000,2.827565000,0.001193000,2.828758000,15.431839000,0,16
1658137156.124841690,1785561706.333686352,1176,308036,309191,1356,0,72000,6361,2885,0.000000000,9.072269000,10.389762000,2.598007000,0.001432000,2.599439000,14.476645000,0,15
1658137156.224916458,1785561706.435784340,1177,309191,310361,1348,0,72000,6972,3131,0.000000000,9.423295000,10.406116000,4.929004000,0.001098000,4.930101999,16.887323000,0,18
1658137156.324870348,1785561706.534803391,1178,307256,308748,1748,0,72000,7660,3595,0.000000000,9.475459999,10.810528000,3.151600000,0.001085000,3.152685000,15.561733000,0,15
1658137156.424699068,1785561706.634786844,1179,308748,309853,1393,0,72000,6877,3271,0.000000000,9.247339000,10.583856000,3.345785000,0.001005000,3.346790000,15.255566000,0,16
1658137156.524905443,1785561706.732620478,1180,309853,311166,1538,0,72000,6660,2972,0.000000000,8.147367001,9.154491000,3.038555000,0.001002000,3.039557000,13.469550000,0,14
1658137156.624747992,1785561706.833146811,1181,311166,312199,1365,0,72000,6689,3031,0.000000000,8.945269000,10.013479000,2.821403000,0.001111000,2.822514000,14.123964000,0,17
1658137156.724840879,1785561706.932822943,1182,312199,313047,1119,0,72000,6280,3022,0.000000000,8.875290000,9.876258000,2.367632000,0.001194000,2.368826000,13.968171000,0,15
1658137156.824928522,1785561707.034622192,1183,313047,313852,1262,0,72000,7238,3323,0.000000000,9.023974999,10.102910000,3.411505000,0.001312000,3.412817000,14.949875000,0,14
1658137156.924776554,1785561707.132222891,1184,313852,314804,1268,0,72000,6528,3030,0.000000000,8.446398000,9.362195000,2.563360000,0.001130000,2.564490000,13.374873000,0,17
1658137157.024876595,1785561707.233526945,1185,314804,315748,1214,0,72000,6769,2919,0.000000000,8.608557000,9.515633000,2.565209000,0.000964000,2.566173001,13.359184000,0,14
1658137157.124722242,1785561707.338193893,1186,315748,316731,1527,0,72000,8055,3837,0.000000000,11.613661999,12.846043000,3.956057000,0.001492000,3.957549000,18.452192000,0,13
1658137157.224817038,1785561707.433660507,1187,316731,317744,1419,0,72000,7166,3268,0.000000000,8.895323000,9.918847000,2.995342000,0.001167000,2.996509000,14.517526000,0,14
1658137157.324796677,1785561707.531622887,1188,317744,318309,1106,0,72000,6158,2689,0.000000000,8.049785000,8.889787000,2.785102000,0.001035000,2.786137000,12.932147000,0,17
1658137157.424892426,1785561707.635450840,1189,318309,319358,1534,0,72000,7625,3428,0.000000000,10.245102000,11.399129000,3.281682000,0.001010000,3.282692000,16.256953000,0,15
1658137157.524721861,1785561707.731065035,1190,319358,320143,1113,0,72000,6196,2748,0.000000000,8.190805000,9.058983000,2.159200000,0.001146000,2.160346000,12.434494000,0,14
1658137157.624818087,1785561707.834015131,1191,320143,320777,1272,0,72000,6550,2943,0.000000000,9.046342000,10.051577000,3.206200000,0.001050000,3.207250000,14.985844000,0,22
1658137157.724912405,1785561707.933617830,1192,320777,321497,1424,0,72000,6758,3290,0.000000000,8.544268001,9.531589000,3.352575000,0.001472000,3.354047000,14.487879000,0,13
1658137157.824742794,1785561708.031319857,1193,321497,322047,1054,0,72000,5754,2757,0.000000000,7.954293000,8.974096000,2.692907000,0.001216000,2.694123000,12.960422000,0,12
1658137157.924844742,1785561708.136337757,1194,322047,322933,1259,0,72000,6877,3222,0.000000000,8.978811000,10.826265000,5.248277000,0.001204000,5.249481000,17.512025000,0,17
1658137158.024927855,1785561708.234054327,1195,319126,320158,1630,0,72000,6576,3142,0.000000000,8.203521000,9.147067000,4.342306000,0.000971000,4.343277000,14.727457000,0,14
1658137158.124753714,1785561708.334528208,1196,319992,320710,1309,0,72000,7102,3224,0.000000000,9.332940000,10.406313000,3.363117000,0.000997000,3.364114000,15.148428000,0,18
1658137158.224840403,1785561708.434873104,1197,320710,321578,1248,0,72000,7438,3476,0.000000000,9.348612999,10.450250000,3.118077000,0.001264000,3.119341000,15.042474000,0,13
1658137158.324817181,1785561708.534829140,1198,321209,322488,1598,0,72000,7014,3181,0.000000000,8.915281001,9.878594000,3.455460000,0.001052000,3.456512000,14.727388000,0,14
1658137158.424911976,1785561708.634144306,1199,322488,323488,1455,0,72000,6839,3165,0.000000000,9.216756000,10.213499000,3.321448000,0.000869000,3.322317000,14.970938000,0,14
1658137158.524747849,1785561708.735115767,1200,323488,324584,1407,0,72000,7122,3166,0.000000000,9.230123000,10.705138000,3.336032000,0.000996000,3.337028000,15.417971000,0,13
1658137158.624830246,1785561708.835730076,1201,323819,324822,1341,0,72000,7186,3349,0.000000000,9.457368000,10.569359000,3.651384000,0.001134000,3.652518000,15.523631000,0,13
1658137158.724910021,1785561709.936791658,1202,324822,324886,1373,0,72000,6488,2990,0.000000000,8.218735000,9.147057000,3.052431000,0.000949000,3.053380000,13.928572000,0,12
1658137158.824758530,1785561709.999610662,1203,324886,325848,1440,0,72000,7297,3385,0.000000000,9.672982000,21.051176000,8.867636000,0.001039000,8.868675000,34.867274000,0,1
1658137158.924835443,1785561710.016414881,1204,325848,326109,755,0,72000,7297,3412,0.000000000,9.055827000,9.840469000,2.286959000,0.000763000,2.287722000,12.963501000,0,2
1658137159.024932146,1785561710.033863068,1205,326109,326105,737,0,72000,7297,3415,0.000000000,9.081762000,9.872693000,2.079761000,0.000738000,2.080499000,12.760515000,0,3
1658137159.124777317,1785561710.057974815,1206,326105,326000,726,0,72000,7297,3409,0.000000000,9.683752000,10.526121000,1.941097000,0.001206000,1.942303000,13.261048000,5,9
1658137159.224871397,1785561710.081983328,1207,326000,325927,727,0,72000,7297,3404,0.000000000,9.398451000,10.209488000,1.924404000,0.001050000,1.925454000,12.951374000,6,19
1658137159.324849129,1785561710.107825994,1208,325927,325946,712,0,72000,7297,3401,0.000000000,9.077782001,9.987952000,1.871116000,0.001048000,1.872163999,13.630985000,5,19
1658137159.424818039,1785561710.132083416,1209,325946,325959,718,0,72000,7297,3404,0.000000000,9.408103001,10.248201000,1.912602000,0.001079000,1.913681000,13.040411000,5,22
1658137159.524909973,1785561710.158748150,1210,325959,325901,715,0,72000,7297,3403,0.000000000,10.036367000,10.916685000,1.892567000,0.000867000,1.893434000,14.265221000,4,22
1658137159.624748230,1785561710.182697773,1211,325901,325966,715,0,72000,7297,3402,0.000000000,9.496847000,10.356123000,1.853878000,0.000892000,1.854770000,13.678058000,3,22
1658137159.724836588,1785561710.207926512,1212,325966,325924,710,0,72000,7297,3402,0.000000000,9.994165000,10.853816000,1.883322000,0.001024000,1.884346000,13.831299000,2,29
1658137159.824921370,1785561710.238208532,1213,325924,329191,4371,0,72000,6252,2557,0.000000000,9.341482000,10.177227000,6.391105000,0.001140000,6.392245000,18.148238000,2,41
1658137159.924769878,1785561710.272794724,1214,329191,334528,6888,0,72000,7985,2294,0.000000000,12.907767000,13.581419000,10.918872000,0.001077000,10.919949000,26.541263000,1,33
1658137160.024845123,1785561710.297319174,1215,334528,338613,5045,0,72000,6388,1955,0.000000000,10.067841999,10.674852000,8.903281000,0.000658000,8.903939000,21.226363000,0,17
1658137160.124826431,1785561710.345479488,1216,338613,343349,5109,0,72000,6785,1795,0.000000000,11.637277000,12.346214000,10.047145000,0.002022000,10.049167000,23.872154000,0,14
1658137160.224910736,1785561710.444625378,1217,339124,343512,4854,0,72000,6486,1653,0.000000000,9.761411000,10.402042000,12.391901000,0.001042000,12.392943000,24.157188000,0,18
1658137160.324822187,1785561710.540668488,1218,341525,345847,4478,0,72000,6077,1443,0.000000000,8.732657999,9.217039000,10.047230000,0.001346000,10.048576000,20.657347000,0,16
1658137160.424913883,1785561710.663577795,1219,343645,349607,6056,0,72000,8840,2228,0.000000000,13.002064000,13.746667000,25.984539000,0.001239000,25.985778000,41.440152000,0,17
1658137160.524758339,1785561710.740304470,1220,349607,354353,4834,0,72000,6774,1509,0.000000000,11.374963000,11.907820000,6.696837000,0.000915000,6.697752000,20.035220000,0,20
1658137160.624847174,1785561710.852533579,1221,354353,357612,5194,0,72000,7175,1623,0.000000000,11.477748000,12.188151000,18.429757000,0.000619000,18.430376000,32.138230000,0,18
1658137160.724931240,1785561710.973966360,1222,357612,362075,5149,0,72000,7486,1830,0.000000000,11.202171001,11.801788000,10.513284000,0.001013000,10.514297000,23.980618000,0,18
1658137160.824764490,1785561711.044437647,1223,362075,366434,5072,0,72000,6972,1727,0.000000000,10.180367000,10.774634000,11.544081000,0.000869000,11.544950000,23.733635000,0,10
1658137160.924863815,1785561711.140253782,1224,366434,370252,4482,0,72000,6451,1417,0.000000000,9.407969000,9.967823000,9.116793000,0.000950000,9.117743000,20.430205000,0,16
1658137161.024831772,1785561711.240323782,1225,370252,373969,4384,0,72000,6271,1407,0.000000000,9.560129000,10.057356000,9.146806000,0.001092000,9.147898000,20.503902000,0,15
1658137161.124921083,1785561711.348000288,1226,373969,378422,5409,0,72000,8066,1833,0.000000000,12.363217000,12.944662000,12.490698000,0.001334000,12.492032000,27.169828000,0,17
1658137161.224767923,1785561711.440883636,1227,378422,382256,4442,0,72000,6599,1432,0.000000000,9.492110999,9.995440000,9.567988000,0.001067000,9.569055000,20.945805000,0,17
1658137161.324908257,1785561711.545019150,1228,382256,386578,5248,0,72000,7576,1520,0.000000000,10.881886000,11.422218000,11.624721000,0.001083000,11.625804000,24.550799000,0,18
1658137161.424736738,1785561711.644514084,1229,386578,390760,5059,0,72000,7356,1534,0.000000000,11.679651000,12.191339000,10.672921000,0.000968000,10.673889000,24.276485000,0,18
1658137161.524825096,1785561711.748291492,1230,390760,394619,4714,0,72000,7113,1358,0.000000000,11.205639000,11.691096000,15.132210000,0.001080000,15.133290000,28.242856000,0,21
1658137161.624918938,1785561711.838972569,1231,392498,396578,4392,0,72000,6577,1289,0.000000000,9.710576000,10.177689000,7.478680000,0.001012000,7.479692000,19.096284000,0,19
1658137161.724752426,1785561711.940423965,1232,396578,400339,4358,0,72000,6681,1319,0.000000000,10.567812000,11.021292000,8.090187000,0.001000000,8.091187000,20.563826000,0,18
1658137161.824846506,1785561712.038194180,1233,400339,403855,4041,0,72000,6006,1111,0.000000000,9.390729000,9.819787000,7.382335000,0.001319000,7.383654000,18.681736000,0,16
1658137161.924810648,1785561712.142471313,1234,403855,407982,4763,0,72000,7373,1483,0.000000000,11.414104000,11.924398000,8.814740000,0.000913000,8.815653000,22.241299000,0,17
1658137162.024891615,1785561712.244341612,1235,407982,411695,4688,0,72000,7135,1427,0.000000000,11.174509000,11.677479000,11.060497000,0.001415000,11.061912000,24.143700000,0,15
1658137162.124732018,1785561712.342344761,1236,411695,415470,4593,0,72000,7215,1482,0.000000000,10.766584000,11.269915000,9.623844000,0.001046000,9.624890000,22.386063000,0,13
1658137162.224825382,1785561712.441094398,1237,415470,418720,4110,0,72000,6801,1277,0.000000000,10.504490000,10.968435000,9.107439000,0.001143000,9.108582000,21.447274000,0,17
1658137162.324760914,1785561712.543271780,1238,418720,422260,4689,0,72000,7604,1448,0.000000000,11.619114000,12.158854000,9.451508000,0.000987000,9.452495000,23.048284000,0,18
1658137162.424865007,1785561712.643736601,1239,422260,425386,4229,0,72000,6987,1321,0.000000000,11.557686001,12.012465000,10.126666000,0.001238000,10.127904000,23.840732000,0,18
1658137162.524827480,1785561712.764508247,1240,425386,428763,4418,0,72000,7397,1526,0.000000000,11.454447001,11.960683000,30.601656000,0.001154000,30.602810000,44.241618000,0,21
1658137162.624925613,1785561712.838902473,1241,428763,432582,3897,0,72000,6723,1299,0.000000000,10.831064000,11.309053000,6.097092000,0.001169000,6.098261000,18.889779000,0,17
1658137162.724771261,1785561712.937579155,1242,425796,429057,3777,0,72000,6631,1289,0.000000000,8.830318000,9.332271000,6.809947000,0.001261000,6.811208000,17.533064000,0,12
1658137162.824856043,1785561713.037911415,1243,429057,432287,3769,0,72000,6843,1383,0.000000000,9.344679000,9.869891000,6.801090000,0.000858000,6.801948000,18.250373000,0,18
1658137162.924822092,1785561713.137710333,1244,432287,435303,3649,0,72000,6795,1276,0.000000000,9.700701000,10.192918000,6.424924000,0.001131000,6.426055000,18.178907000,0,15
1658137163.024914980,1785561713.234762430,1245,435303,437689,3048,0,72000,5931,1169,0.000000000,8.171932000,8.608889000,5.635871000,0.000952000,5.636823000,15.537593000,0,18
1658137163.124752522,1785561713.340601921,1246,437689,440589,3756,0,72000,7087,1436,0.000000000,11.061945000,11.593283000,7.248495000,0.000926000,7.249421000,20.286936000,0,18
1658137163.224835396,1785561713.439615726,1247,440589,443384,3548,0,72000,7213,1425,0.000000000,10.992762000,11.480957000,6.807828000,0.001639000,6.809467000,19.775276000,0,18
1658137163.324913740,1785561713.537943840,1248,443384,445626,3103,0,72000,6575,1267,0.000000000,9.489869999,9.996978000,7.050603000,0.001010000,7.051613000,18.528837000,0,12
1658137163.424746513,1785561713.638958454,1249,445626,447850,3213,0,72000,7114,1380,0.000000000,10.384126000,10.879669000,6.840856000,0.001095000,6.841951000,19.126041000,0,18
1658137163.524827719,1785561713.738926172,1250,447850,449805,2954,0,72000,6754,1348,0.000000000,9.747756000,10.316930000,7.283531000,0.001047000,7.284578000,19.375157000,0,22
1658137163.624922991,1785561713.839668274,1251,449805,451988,3166,0,72000,7653,1500,0.000000000,11.051099000,11.624420000,6.665017000,0.001073000,6.666090000,19.767516000,0,17
1658137163.724766254,1785561713.936069727,1252,451988,453748,2621,0,72000,6069,1221,0.000000000,8.809113000,9.234645000,6.224469000,0.001109000,6.225578000,16.787032000,0,16
1658137163.824862003,1785561714.039343119,1253,453748,455630,2788,0,72000,6520,1310,0.000000000,9.686531999,10.189854000,8.267418000,0.001050000,8.268468000,19.773773000,0,14
1658137163.924714088,1785561714.143242359,1254,455630,457632,3319,0,72000,7888,1447,0.000000000,12.584436000,13.082471000,8.181065000,0.000907000,8.181972000,22.758631000,0,17
1658137164.024811268,1785561714.240987539,1255,457569,459142,2754,0,72000,6292,1189,0.000000000,11.937864000,12.385045000,7.793244000,0.000843000,7.794087000,21.551666000,0,14
1658137164.124893904,1785561714.343073130,1256,459142,461358,3491,0,72000,7665,1514,0.000000000,11.940366000,12.549519000,8.852868000,0.001419000,8.854287000,22.995586000,0,10
1658137164.224722624,1785561714.437251329,1257,461358,462742,2562,0,72000,6249,1185,0.000000000,9.132176001,9.546768000,6.776356000,0.001074000,6.777430000,18.067192000,0,18
1658137164.324873447,1785561714.537610531,1258,462742,464532,2920,0,72000,6652,1318,0.000000000,10.153050001,10.645151000,7.091964000,0.001259000,7.093223000,19.352043000,0,13
1658137164.424727917,1785561714.640502453,1259,464532,466569,3157,0,72000,7858,1587,0.000000000,12.107176000,12.677874000,7.740287000,0.000905000,7.741192000,22.000599000,0,17
1658137164.524818897,1785561714.735680580,1260,466569,468089,2607,0,72000,6315,1311,0.000000000,9.590253000,10.098934000,6.127190000,0.001202000,6.128392000,17.723683000,0,25
1658137164.624917984,1785561714.837506056,1261,468089,469892,2833,0,72000,7041,1355,0.000000000,10.906051000,11.409915000,6.337914000,0.001043000,6.338957000,19.166213000,0,18
1658137164.724752665,1785561714.938704967,1262,469892,471748,3022,0,72000,7324,1338,0.000000000,10.947252000,11.407726000,7.229881000,0.000937000,7.230818000,20.195952000,0,18
1658137164.824841499,1785561715.040325165,1263,471748,472993,2510,0,72000,6400,1206,0.000000000,11.089031000,11.577795000,7.912455000,0.001086000,7.913541000,21.023018000,0,18
1658137164.924813747,1785561715.142575979,1264,472993,474703,3028,0,72000,7184,1369,0.000000000,12.411001999,12.912459000,8.917630000,0.001224000,8.918854000,23.288963000,0,17
1658137165.024904966,1785561715.239787579,1265,474703,475916,2513,0,72000,6264,1163,0.000000000,10.849269000,11.277013000,7.502964000,0.000882000,7.503846000,20.143973000,0,10
1658137165.124743462,1785561715.339366436,1266,475916,477506,2623,0,72000,6785,1359,0.000000000,11.800048001,12.313325000,6.450717000,0.001158000,6.451875000,20.084147000,0,13
1658137165.224835873,1785561715.439335585,1267,477506,478932,2491,0,72000,6331,1169,0.000000000,11.860295000,12.351564000,6.684179000,0.000989000,6.685168000,20.506673000,0,17
1658137165.324877262,1785561715.546306372,1268,478932,479984,2945,0,72000,7550,1485,0.000000000,13.978693000,14.718574000,9.904178000,0.001158000,9.905336000,26.443637000,0,14
1658137165.424716234,1785561715.637889385,1269,479984,481476,2474,0,72000,6307,1249,0.000000000,10.418135000,10.905530000,6.532381000,0.001052000,6.533433000,18.831791000,0,14
1658137165.524925709,1785561715.741155386,1270,481476,482881,2461,0,72000,6076,1173,0.000000000,12.139628000,12.602427000,7.789775000,0.014980000,7.804755000,21.893965000,0,21
1658137165.624772072,1785561715.839304209,1271,482881,484308,2260,0,72000,5898,1048,0.000000000,11.535519000,11.952747000,6.752174000,0.001120000,6.753294000,20.171037000,0,18
1658137165.724873304,1785561715.943979263,1272,484308,485914,2770,0,72000,7441,1451,0.000000000,14.125527000,14.655766000,7.538680000,0.001238000,7.539918000,24.055758000,0,16
1658137165.824720860,1785561716.037600994,1273,485914,487273,2288,0,72000,6477,1317,0.000000000,11.022776001,11.501263000,5.739464000,0.001220000,5.740684000,18.803595000,0,11
1658137165.924808979,1785561716.142807722,1274,487273,489020,3215,0,72000,8448,1609,0.000000000,13.431105000,13.997592000,7.777621000,0.001180000,7.778801000,23.542851000,0,17
1658137166.024884224,1785561716.237779617,1275,489020,490298,2313,0,72000,6677,1251,0.000000000,10.988212000,11.463512000,6.371712000,0.001329000,6.373041000,19.326322000,0,14
1658137166.124727726,1785561716.333994150,1276,490298,491464,2114,0,72000,5906,1163,0.000000000,9.018187000,9.428621000,5.350652000,0.000864000,5.351516000,16.017955000,0,16
1658137166.224808455,1785561716.437288761,1277,491464,492818,2449,0,72000,6433,1334,0.000000000,10.170600000,10.745785000,7.033581000,0.000989000,7.034570000,19.098745000,0,13
1658137166.324828625,1785561716.537202597,1278,492818,494351,2299,0,72000,6173,1240,0.000000000,9.753626000,10.252326000,6.697279000,0.001006000,6.698285000,18.197059000,0,16
1658137166.424923182,1785561716.634593964,1279,493381,494504,1921,0,72000,5562,1108,0.000000000,9.183851000,9.604780000,5.527483000,0.000846000,5.528329000,16.667227000,0,11
1658137166.524756432,1785561716.737702131,1280,494504,495853,2294,0,72000,6635,1360,0.000000000,10.807337000,11.305792000,6.247518000,0.001085000,6.248603000,18.971146000,0,11
1658137166.624843121,1785561716.841072559,1281,495853,497522,2629,0,72000,6770,1476,0.000000000,11.319660000,11.857295000,9.481264000,0.000968000,9.482232000,22.697849000,0,16
1658137166.724930286,1785561716.938796520,1282,494194,495644,2338,0,72000,6545,1390,0.000000000,10.470030999,11.007327000,7.648428000,0.001333000,7.649761000,20.110942000,0,14
1658137166.824771404,1785561717.035399675,1283,495563,497019,2058,0,72000,6155,1365,0.000000000,9.444974000,10.121830000,5.526092000,0.001270000,5.527362000,17.243821000,0,17
1658137166.924854994,1785561717.136773825,1284,497019,498577,2288,0,72000,6925,1530,0.000000000,10.655868000,11.183408000,5.628995000,0.000994000,5.629989000,18.352921000,0,11
1658137167.024816275,1785561717.239258289,1285,498577,500044,2375,0,72000,7656,1553,0.000000000,11.348386000,11.896957000,6.734341000,0.001125000,6.735466000,20.133892000,0,13
1658137167.124912500,1785561717.338761568,1286,500044,501224,2342,0,72000,7694,1566,0.000000000,11.570118999,12.092411000,6.223228000,0.001032000,6.224260000,19.792923000,0,14
1658137167.224744558,1785561717.436942577,1287,501224,502384,1874,0,72000,6900,1278,0.000000000,11.306565000,11.823592000,4.929635000,0.000829000,4.930464001,18.260258000,0,15
1658137167.324874401,1785561717.537465096,1288,502384,503455,1984,0,72000,6886,1474,0.000000000,10.495708000,10.994532000,6.084179000,0.001159000,6.085338000,18.596144000,0,16
1658137167.424716473,1785561717.635925055,1289,503455,504537,1819,0,72000,6330,1341,0.000000000,10.665057001,11.542124000,4.378621000,0.001160000,4.379781000,17.324516000,0,16
1658137167.524921894,1785561717.733130217,1290,504444,505329,1647,0,72000,5694,1112,0.000000000,8.674706000,9.075525000,4.538739000,0.000846000,4.539585000,14.858764000,0,23
1658137167.624757528,1785561717.838742256,1291,505329,506605,2137,0,72000,6994,1522,0.000000000,11.293556000,12.248790000,5.731867000,0.001104000,5.732971000,19.379275000,0,14
1658137167.724851131,1785561717.937512398,1292,506308,507541,2162,0,72000,7176,1571,0.000000000,10.926513000,11.463003000,5.681495000,0.001046000,5.682541000,18.471681000,0,11
1658137167.824825287,1785561718.036806822,1293,507541,508780,2005,0,72000,7036,1476,0.000000000,11.438987000,12.193233000,5.113423000,0.001198000,5.114621000,18.604622000,0,17
1658137167.924907923,1785561718.138887167,1294,508780,509880,2089,0,72000,6774,1516,0.000000000,12.234845000,12.939659000,6.137315000,0.001143000,6.138457999,20.450289000,0,17
1658137168.024754286,1785561718.241460323,1295,509880,511058,2073,0,72000,7319,1502,0.000000000,11.709017000,12.455382000,9.036861000,0.001081000,9.037942000,23.029408000,0,10
1658137168.124845505,1785561718.337120533,1296,507089,508346,1861,0,72000,6731,1421,0.000000000,10.539728000,11.236762000,6.188589000,0.000864000,6.189453000,18.766141000,0,14
1658137168.224821091,1785561718.433997393,1297,507822,508681,1618,0,72000,6049,1221,0.000000000,9.235618000,9.812922000,4.834386000,0.001180000,4.835566000,15.922088000,0,15
1658137168.324810982,1785561718.537261963,1298,508681,509754,1827,0,72000,6935,1467,0.000000000,11.337559000,12.031767000,5.319652000,0.001146000,5.320798000,18.874404000,0,17
1658137168.424916506,1785561718.640622616,1299,509754,510699,2243,0,72000,7857,1723,0.000000000,12.075326001,12.821209000,6.711744000,0.000889000,6.712633000,21.307654000,0,10
1658137168.524760485,1785561718.734512091,1300,510699,511790,1606,0,72000,6534,1412,0.000000000,10.451821001,10.950114000,3.880374000,0.001061000,3.881435000,16.160721000,0,15
1658137168.624842167,1785561718.834574699,1301,511790,512933,1728,0,72000,6557,1436,0.000000000,10.427409000,10.926637000,4.115939000,0.001122000,4.117061000,16.368843000,0,17
1658137168.724808455,1785561718.936197996,1302,512933,514144,1821,0,72000,7367,1623,0.000000000,11.082611000,11.746581000,4.586370000,0.001098000,4.587468000,17.754134000,0,16
1658137168.824890375,1785561719.040311575,1303,514144,514870,2179,0,72000,7731,1778,0.000000000,12.290249000,12.970230000,6.645725000,0.001240000,6.646965000,21.043979000,0,17
1658137168.924728394,1785561719.134013653,1304,514870,515961,1553,0,72000,6443,1340,0.000000000,10.224734001,10.718767000,3.674409000,0.001147000,3.675556000,15.723685000,0,15
1658137169.024804115,1785561719.249302864,1305,515961,517211,1753,0,72000,7404,1517,0.000000000,12.570288000,13.113189000,16.154514000,0.001448000,16.155962000,30.704773000,0,17
1658137169.124897003,1785561719.339274168,1306,507577,508884,1839,0,72000,7772,1581,0.000000000,12.422131001,13.167686000,5.199872000,0.001093000,5.200965000,20.504940000,0,10
1658137169.224746227,1785561719.435912132,1307,508884,510216,1709,0,72000,6989,1729,0.000000000,11.510057000,12.103593000,4.260935000,0.001168000,4.262103000,17.669788000,0,17
1658137169.324924707,1785561719.535506487,1308,510216,511334,1599,0,72000,6828,1434,0.000000000,10.389787000,10.930840000,4.996842000,0.001042000,4.997884000,17.266939000,0,17
1658137169.424770117,1785561719.634154797,1309,511334,512369,1487,0,72000,6150,1280,0.000000000,10.561051000,11.035478000,3.531681000,0.001199000,3.532880000,15.842067000,0,18
1658137169.524860144,1785561719.736053467,1310,512369,513604,1719,0,72000,6890,1501,0.000000000,11.277735000,11.805955000,4.407468000,0.001313000,4.408781000,17.618406000,0,20
1658137169.624824047,1785561719.839728117,1311,513604,515117,1858,0,72000,7317,1770,0.000000000,12.374378000,12.968139000,6.279562000,0.001070000,6.280632000,20.653013000,0,16
1658137169.724902630,1785561719.940797329,1312,513381,514666,1821,0,72000,7718,1707,0.000000000,12.862038000,13.462114000,5.827462000,0.001082000,5.828544000,20.900527000,0,15
1658137169.824739695,1785561720.035194635,1313,514666,515617,1376,0,72000,6469,1408,0.000000000,10.849066000,11.381413000,3.439446000,0.001086000,3.440532000,16.189267000,0,17
1658137169.924830675,1785561720.140563011,1314,515617,516978,1944,0,72000,7697,1878,0.000000000,13.016819000,13.658416000,5.695931000,0.001119000,5.697050000,21.078264000,0,12
1658137170.024925232,1785561720.240297794,1315,516978,518223,1967,0,72000,7825,1842,0.000000000,13.409271000,14.119937000,5.123934000,0.001237000,5.125171000,20.782454000,0,15
1658137170.124764204,1785561720.342667818,1316,518223,518908,1880,0,72000,7545,1919,0.000000000,13.339351000,14.080874000,7.022429000,0.001924000,7.024353000,22.959941000,0,12
1658137170.224846601,1785561720.435488462,1317,518908,519919,1537,0,72000,6539,1524,0.000000000,10.826385999,11.360379000,3.815040000,0.010038000,3.825078000,16.479947000,0,16
1658137170.324923754,1785561720.541953802,1318,519919,521216,1936,0,72000,8029,1933,0.000000000,13.899102000,14.663033000,5.389108000,0.001170000,5.390278000,22.073497000,0,11
1658137170.424769640,1785561720.636742592,1319,521216,522184,1602,0,72000,6527,1531,0.000000000,10.757112000,11.318523000,4.731551000,0.000974000,4.732525000,17.354742000,0,18
1658137170.524844885,1785561720.744883299,1320,522184,523116,1838,0,72000,7446,1796,0.000000000,15.437529000,16.149291000,6.117084000,0.001388000,6.118472000,23.817219000,0,22
1658137170.624804020,1785561720.841615915,1321,522816,523781,1682,0,72000,7878,1852,0.000000000,13.616611001,14.454939000,5.375937000,0.001036000,5.376973001,21.929783000,0,18
1658137170.724887371,1785561720.933712482,1322,523781,524460,1276,0,72000,6413,1324,0.000000000,9.935749000,10.489116000,3.396963000,0.001018000,3.397981000,15.231497000,0,18
1658137170.824730158,1785561721.034926176,1323,524460,525146,1589,0,72000,6366,1575,0.000000000,10.303500000,10.849761000,4.561206000,0.000939000,4.562145000,16.661823000,0,18
1658137170.924822092,1785561721.135027409,1324,525146,525977,1564,0,72000,6757,1804,0.000000000,10.295369000,10.915305000,4.313844000,0.001232000,4.315076000,16.652737000,0,18
1658137171.024913073,1785561721.234154940,1325,525977,526912,1395,0,72000,6360,1436,0.000000000,10.352240000,10.843992000,3.541537000,0.002073000,3.543610000,15.850893000,0,18
1658137171.124749899,1785561721.368178606,1326,526912,528154,1529,0,72000,7014,1652,0.000000000,11.497078000,12.084400000,35.097987000,0.001266000,35.099253000,48.719470000,0,17
1658137171.224848032,1785561721.433012962,1327,528154,529423,1298,0,72000,6081,1365,0.000000000,9.757974000,10.312169000,2.896782000,0.001167000,2.897949000,14.621107000,0,16
1658137171.324755192,1785561721.538391590,1328,513361,514987,1775,0,72000,6820,1546,0.000000000,9.220146000,10.831376000,5.457576000,0.000447000,5.458023000,17.670226000,0,12
1658137171.424848318,1785561721.633551598,1329,514987,516516,1708,0,72000,7201,1786,0.000000000,8.883190000,9.505243000,4.031218000,0.001070000,4.032288000,14.976388000,0,18
1658137171.524818897,1785561721.731144667,1330,516516,517771,1414,0,72000,6072,1505,0.000000000,8.057635000,8.567826000,2.967232000,0.000962000,2.968194000,12.923342000,0,18
1658137171.624892473,1785561721.832825422,1331,517771,519051,1451,0,72000,6356,1612,0.000000000,8.834086000,9.375236000,3.072691000,0.001123000,3.073814000,14.169183000,0,11
1658137171.724746943,1785561721.934121132,1332,519051,520301,1492,0,72000,7470,1800,0.000000000,9.809521001,10.437195000,3.270040000,0.001085000,3.271125000,15.154179000,0,14
1658137171.824834347,1785561722.034437418,1333,520301,521626,1675,0,72000,7281,1904,0.000000000,10.072743000,10.722638000,3.852547000,0.000945000,3.853492000,15.825732000,0,11
1658137171.924920797,1785561722.135266066,1334,521626,522964,1775,0,72000,7654,1890,0.000000000,10.574598999,11.229073000,3.934567000,0.000840000,3.935407000,16.569552000,0,17
1658137172.024764061,1785561722.234253168,1335,522964,524093,1498,0,72000,6817,1730,0.000000000,9.815239000,10.503610000,3.441919000,0.000966000,3.442885000,15.580703000,0,17
1658137172.124862194,1785561722.331967592,1336,524093,525173,1303,0,72000,6374,1594,0.000000000,9.059554000,9.602815000,2.479404000,0.000649000,2.480053000,13.459197000,0,18
1658137172.224827051,1785561722.434904337,1337,525173,526436,1668,0,72000,7742,1947,0.000000000,10.516819000,11.185804000,3.704781000,0.000906000,3.705687000,16.351683000,0,12
1658137172.324875832,1785561722.535076141,1338,526436,527661,1575,0,72000,7471,1810,0.000000000,10.540514000,11.229120000,3.418304000,0.000851000,3.419155000,16.361038000,0,18
1658137172.424718380,1785561722.634195805,1339,527661,528553,1380,0,72000,6556,1716,0.000000000,9.348455000,9.980827000,3.959529000,0.000771000,3.960300000,15.418920000,0,26
1658137172.524930239,1785561722.733795166,1340,528553,529771,1615,0,72000,6809,1637,0.000000000,9.904285000,10.638242000,3.233959000,0.001097000,3.235056000,15.308809000,0,17
1658137172.624780893,1785561722.835381508,1341,529771,530645,1355,0,72000,6796,1661,0.000000000,9.958686001,10.592561000,4.143878000,0.000825000,4.144703000,16.251246000,0,12
1658137172.724879265,1785561722.936337709,1342,530532,531527,1772,0,72000,7457,2055,0.000000000,10.689815000,11.398817000,4.880526000,0.001033000,4.881559000,17.709959000,0,12
1658137172.824718952,1785561723.032039404,1343,531527,532505,1391,0,72000,6086,1647,0.000000000,8.530810001,9.072368000,3.030234000,0.001105000,3.031339000,13.508204000,0,14
1658137172.924823523,1785561723.134834290,1344,532505,533407,1419,0,72000,7006,1654,0.000000000,10.164934000,10.706118000,3.316366000,0.000929000,3.317295000,15.667143000,0,15
1658137173.024924517,1785561723.231705666,1345,533132,534091,1287,0,72000,6243,1491,0.000000000,8.830702000,9.393139000,2.803918000,0.000834000,2.804752000,13.438209000,0,16
1658137173.124763250,1785561723.335314751,1346,534091,535237,1619,0,72000,7719,2036,0.000000000,11.040491001,11.695179000,3.555503000,0.000785000,3.556288000,16.702403000,0,17
1658137173.224858761,1785561723.435699701,1347,535237,536168,1289,0,72000,7296,1832,0.000000000,11.630540000,12.254471000,3.157345000,0.000917000,3.158262000,17.084715000,0,18
1658137173.324846029,1785561723.532425404,1348,536168,536937,1156,0,72000,6015,1518,0.000000000,9.229574000,9.949590000,2.487392000,0.000891000,2.488283000,14.036268000,0,17
1658137173.424808979,1785561723.638859510,1349,536937,537667,1660,0,72000,7643,2056,0.000000000,12.153502000,12.909669000,4.889084000,0.000846000,4.889930000,19.574086000,0,22
1658137173.524886370,1785561723.736191750,1350,537667,538520,1675,0,72000,7187,1935,0.000000000,10.876555001,11.569951000,4.443904000,0.000912000,4.444816000,17.481661000,0,16
1658137173.624737024,1785561723.837590694,1351,538520,539558,1799,0,72000,7654,2334,0.000000000,11.474906000,12.298492000,4.561799000,0.001049000,4.562848000,18.393537000,0,17
1658137173.724820852,1785561723.934192657,1352,539558,540396,1237,0,72000,6359,1638,0.000000000,9.870654000,10.584754000,3.241496000,0.000860000,3.242356000,15.349973000,0,18
1658137173.824905157,1785561724.034079552,1353,539049,540072,1477,0,72000,6177,1810,0.000000000,9.842282000,10.482399000,3.561619000,0.000847000,3.562466000,15.561018000,0,15
1658137173.924742460,1785561724.133159637,1354,540072,541055,1368,0,72000,6566,1763,0.000000000,9.324744000,9.964964000,3.092556000,0.000926000,3.093482000,14.350538000,0,18
1658137174.024831057,1785561724.242823124,1355,541055,542106,1651,0,72000,7508,2238,0.000000000,13.816917000,14.961582000,6.174196000,0.001084000,6.175280000,22.922070000,0,16
1658137174.124922991,1785561724.331718922,1356,541375,542197,1190,0,72000,6205,1557,0.000000000,9.050145999,9.592605000,2.673387000,0.000938000,2.674325000,13.560835000,0,17
1658137174.224756241,1785561724.435613394,1357,542197,543022,1523,0,72000,7051,1851,0.000000000,10.645435000,11.272330000,4.027141000,0.000792000,4.027933000,16.785202000,0,17
1658137174.324861765,1785561724.534360647,1358,543022,543845,1476,0,72000,6695,1831,0.000000000,9.838925000,10.524502000,3.917385000,0.000832000,3.918217000,15.882601000,0,13
1658137174.424823761,1785561724.634442806,1359,543845,544725,1394,0,72000,7128,2013,0.000000000,10.441311000,11.138597000,3.359789000,0.000968000,3.360757000,15.812683000,0,21
1658137174.524899721,1785561724.738260984,1360,544725,545348,1737,0,72000,7778,2253,0.000000000,11.809521000,12.534614000,5.007470000,0.000740000,5.008210000,19.223041000,0,17
1658137174.624749422,1785561724.834382772,1361,545348,546108,1416,0,72000,6858,2183,0.000000000,10.370161000,11.155299000,3.466258000,0.000936000,3.467194000,15.898969000,0,17
1658137174.724836826,1785561724.935033798,1362,546108,546856,1519,0,72000,6326,1895,0.000000000,9.996373000,10.705859000,4.672735000,0.001095000,4.673830000,16.680031000,0,11
1658137174.824802399,1785561725.036834717,1363,546856,547747,1386,0,72000,6970,1887,0.000000000,11.487238000,12.174058000,4.295032000,0.001170000,4.296202000,17.965192000,0,18
1658137174.924896002,1785561725.136627913,1364,547747,548083,1689,0,72000,7037,2228,0.000000000,10.174126000,10.953807000,5.736911000,0.000949000,5.737860000,18.019083000,0,14
1658137175.024717569,1785561725.233500004,1365,546841,547854,1409,0,72000,6617,2021,0.000000000,9.768617999,10.483943000,3.071010000,0.001144000,3.072154000,14.821622000,0,12
1658137175.124813557,1785561725.337197304,1366,547854,548083,1471,0,72000,6800,2028,0.000000000,11.016293000,11.795810000,5.164535000,0.000781000,5.165316000,18.292495000,0,13
1658137175.224904537,1785561725.435801029,1367,548083,549157,1513,0,72000,6933,1995,0.000000000,10.266654000,10.974508000,4.888661000,0.001036000,4.889697000,17.256656000,0,16
1658137175.324923038,1785561725.532712221,1368,547014,548052,1339,0,72000,6259,1864,0.000000000,8.814511000,9.451201000,3.316439000,0.000781000,3.317220001,14.074627000,0,14
1658137175.424754620,1785561725.633906126,1369,548052,549089,1375,0,72000,6718,2008,0.000000000,10.149990000,10.819325000,3.047121000,0.000794000,3.047915000,15.188602000,0,26
1658137175.524846315,1785561725.734088182,1370,549089,550105,1381,0,72000,6670,2036,0.000000000,10.244522000,10.993390000,3.047875000,0.001047000,3.048922000,15.470816000,0,17
1658137175.624812841,1785561725.835806131,1371,550105,551245,1633,0,72000,7492,2266,0.000000000,11.241536000,11.961733000,3.639400000,0.001060000,3.640460000,17.035006000,0,16
1658137175.724908113,1785561725.931841135,1372,551245,552025,1189,0,72000,6210,1806,0.000000000,8.812224000,9.403247000,2.636576000,0.001432000,2.638008000,13.444995000,0,18
1658137175.824762344,1785561726.031993628,1373,552025,552762,1046,0,72000,6202,1714,0.000000000,9.279007000,9.998310000,2.399023000,0.000929000,2.399952000,13.684710000,0,18
1658137175.924841881,1785561726.134459734,1374,552762,553678,1482,0,72000,6276,1854,0.000000000,9.332783000,10.027400000,3.737209000,0.001116000,3.738325000,15.829862000,0,17
1658137176.024820566,1785561726.235637665,1375,553678,554815,1661,0,72000,7425,2179,0.000000000,10.955117000,11.664513000,3.643338000,0.001221000,3.644559000,16.751314000,0,16
1658137176.124902964,1785561726.335995913,1376,554815,555711,1666,0,72000,6779,1977,0.000000000,10.694964000,11.384659000,4.519905000,0.001133000,4.521038000,17.302488000,0,18
1658137176.224726677,1785561726.434678793,1377,555711,556548,1483,0,72000,6572,2060,0.000000000,9.941058000,10.654891000,3.889751000,0.001031000,3.890782000,16.003197000,0,16
1658137176.324908733,1785561726.539093256,1378,556548,557548,1711,0,72000,7189,2179,0.000000000,11.699974000,12.418302000,6.037600000,0.000995000,6.038595000,20.049539000,0,20
1658137176.424746752,1785561726.635993242,1379,556111,557009,1385,0,72000,7317,2288,0.000000000,10.930608000,11.714601000,3.873807000,0.001254000,3.875061000,17.025904000,0,20
1658137176.524826527,1785561726.738370895,1380,557009,558429,1860,0,72000,7627,2362,0.000000000,11.152578000,11.961497000,5.607506000,0.001199000,5.608705000,19.056092000,0,19
1658137176.624808073,1785561726.834688187,1381,556032,557126,1359,0,72000,6328,1879,0.000000000,9.700398000,10.448244000,4.474883000,0.000839000,4.475722000,16.253808000,0,14
1658137176.724905729,1785561726.935636759,1382,554761,555912,1473,0,72000,7332,2170,0.000000000,11.161240000,11.879732000,3.496717000,0.000781000,3.497498000,16.805234000,0,15
1658137176.824764729,1785561727.030069351,1383,555912,556538,925,0,72000,5509,1622,0.000000000,7.927494999,8.471855000,2.274766000,0.000912000,2.275678000,11.967289000,0,18
1658137176.924875259,1785561727.134850502,1384,556538,557708,1662,0,72000,6936,2301,0.000000000,10.239317000,11.006712000,3.682194000,0.000783000,3.682977000,16.092831000,0,18
1658137177.024715424,1785561727.232890606,1385,557708,558647,1272,0,72000,6640,1931,0.000000000,9.305905999,9.979111000,2.770002000,0.000737000,2.770739000,14.226508000,0,18
1658137177.124923229,1785561727.334215164,1386,558647,559732,1433,0,72000,6978,2350,0.000000000,10.109760000,11.037868000,3.092565000,0.000957000,3.093522000,15.555627000,0,15
1658137177.224755764,1785561727.435670853,1387,559732,560753,1630,0,72000,6873,2185,0.000000000,9.921423999,10.649934000,4.478388000,0.001328000,4.479716000,16.557367000,0,17
1658137177.324913979,1785561727.537790060,1388,560268,561635,1974,0,72000,8022,2667,0.000000000,11.759826999,12.643593000,4.517196000,0.001121000,4.518317000,18.637565000,0,21
1658137177.424752712,1785561727.635726690,1389,561635,562716,1671,0,72000,7144,2236,0.000000000,10.452850000,11.244359000,4.057110000,0.000932000,4.058042000,16.943783000,0,16
1658137177.524852276,1785561727.734624863,1390,562716,563640,1366,0,72000,6275,2127,0.000000000,10.577461000,11.301420000,3.319787000,0.001398000,3.321185000,15.915470000,0,10
1658137177.624818325,1785561727.836637974,1391,563640,564651,1718,0,72000,7407,2352,0.000000000,11.026609001,11.778315000,4.434336000,0.000917000,4.435253000,17.670446000,0,17
1658137177.724886417,1785561727.939048052,1392,564651,565768,1642,0,72000,7562,2543,0.000000000,11.845956000,12.641642000,5.545920000,0.001106000,5.547026000,19.665188000,0,17
1658137177.824711084,1785561728.035040140,1393,563332,564510,1686,0,72000,6755,2268,0.000000000,9.655271000,10.398269000,4.685708000,0.000927000,4.686635000,16.422689000,0,16
1658137177.924927473,1785561728.133949280,1394,564510,565060,1215,0,72000,6444,2173,0.000000000,9.201963000,9.930767000,3.609680000,0.000762000,3.610442000,14.813774000,0,15
1658137178.024765491,1785561728.235305309,1395,565060,566300,1580,0,72000,7357,2541,0.000000000,10.837954000,11.645820000,3.376444000,0.001059000,3.377503000,16.517868000,0,17
1658137178.124858856,1785561728.341542482,1396,566300,567762,1728,0,72000,7575,2616,0.000000000,10.760065000,11.620099000,9.382747000,0.001104000,9.383851000,22.488667000,0,12
1658137178.224719286,1785561728.433473349,1397,560349,561557,1440,0,72000,6782,2291,0.000000000,9.158541999,9.903326000,3.362899000,0.000954000,3.363853000,14.648654000,0,18
1658137178.324901342,1785561728.535304546,1398,561557,562680,1598,0,72000,7466,2435,0.000000000,10.021612000,10.873963000,4.008697000,0.001157000,4.009853999,16.380834000,0,18
1658137178.424740791,1785561728.631684542,1399,562680,563739,1254,0,72000,5971,1947,0.000000000,8.348098001,9.136343000,2.644489000,0.001006000,2.645495000,13.366860000,0,20
1658137178.524832964,1785561728.734048605,1400,563739,564918,1576,0,72000,6648,2234,0.000000000,9.207213000,10.195954000,3.475892000,0.000828000,3.476720000,15.026162000,0,18
1658137178.624906540,1785561728.835024357,1401,564918,565999,1481,0,72000,7331,2528,0.000000000,10.607629999,11.530925000,3.144308000,0.001018000,3.145326000,16.153616000,0,15
1658137178.724739313,1785561728.936939955,1402,565999,567290,1762,0,72000,7508,2772,0.000000000,10.837918000,11.741449000,4.542290000,0.000991000,4.543281000,17.886305000,0,15
1658137178.824826717,1785561729.034459591,1403,567290,568186,1290,0,72000,6621,2152,0.000000000,10.175568999,10.981886000,3.001108000,0.000871000,3.001979000,15.571571000,0,13
1658137178.924913883,1785561729.134286165,1404,568186,568750,1146,0,72000,6263,2157,0.000000000,8.705061000,9.401136000,5.011932000,0.001201000,5.013133000,15.692556000,0,10
1658137179.024744272,1785561729.235769749,1405,568750,569254,1322,0,72000,6540,2191,0.000000000,9.319680000,10.204704000,5.243024000,0.000970000,5.243994000,16.919813000,0,13
1658137179.124824524,1785561729.335515022,1406,569254,570204,1532,0,72000,7048,2583,0.000000000,10.026343000,11.022271000,4.101939000,0.000934000,4.102872999,16.526915000,0,16
1658137179.224924088,1785561729.434829235,1407,570204,571434,1560,0,72000,6683,2440,0.000000000,9.423094000,10.244597000,4.023221000,0.001033000,4.024254000,15.595529000,0,14
1658137179.324854851,1785561729.536955118,1408,571226,572186,1681,0,72000,7743,2856,0.000000000,10.907515999,11.846200000,4.558856000,0.001004000,4.559860000,18.106155000,0,16
1658137179.424826145,1785561729.638422251,1409,572186,573472,1698,0,72000,6953,2644,0.000000000,9.436715000,10.311206000,7.878326000,0.000872000,7.879198000,19.571499000,0,20
1658137179.524917841,1785561729.733826160,1410,566003,566722,1250,0,72000,6196,2191,0.000000000,8.338901000,9.022510000,4.308342000,0.000925000,4.309267000,14.880941000,0,12
1658137179.624742031,1785561729.834553003,1411,566722,567615,1240,0,72000,6572,2316,0.000000000,9.371403999,10.203839000,3.585277000,0.000948000,3.586225000,15.133377000,0,15
1658137179.724828720,1785561729.931521893,1412,567615,568550,1178,0,72000,5960,2044,0.000000000,8.157088000,8.806571000,2.977058000,0.001104000,2.978162000,13.074472000,0,13
1658137179.824911594,1785561730.031282425,1413,568550,569438,1109,0,72000,5891,2138,0.000000000,8.453443999,9.137236000,2.376509000,0.001242000,2.377751000,12.863596000,0,17
1658137179.924759388,1785561730.135711432,1414,569438,570953,1849,0,72000,7128,2583,0.000000000,9.757614000,10.752710000,4.612985000,0.000927000,4.613912000,16.742280000,0,11
1658137180.024847269,1785561730.236427546,1415,570635,571522,1716,0,72000,6761,2708,0.000000000,9.365905999,10.311931000,5.040481000,0.001143000,5.041624000,17.002391000,0,11
1658137180.124807358,1785561730.334592819,1416,571522,572661,1498,0,72000,6735,2511,0.000000000,9.475606000,10.706201000,3.579441000,0.000904000,3.580345000,15.635138000,0,11
1658137180.224888563,1785561730.431766033,1417,572661,573382,956,0,72000,5885,2095,0.000000000,8.228141000,8.924711000,2.637043000,0.001255000,2.638298000,13.035512000,0,14
1658137180.324880838,1785561730.534896135,1418,572932,573899,1403,0,72000,6801,2572,0.000000000,9.987564000,10.866738000,3.767933000,0.000863000,3.768796000,16.039609000,0,19
1658137180.424732447,1785561730.632849455,1419,573899,575016,1409,0,72000,6551,2224,0.000000000,8.983054999,9.702735000,2.906259000,0.001184000,2.907443000,14.030319000,0,24
1658137180.524819136,1785561730.735347748,1420,575016,576094,1583,0,72000,6614,2591,0.000000000,9.706793001,10.759800000,4.194494000,0.000949000,4.195443000,16.283381000,0,16
1658137180.624908447,1785561730.835927486,1421,576094,577101,1672,0,72000,7174,2793,0.000000000,10.206377000,11.115563000,4.288997000,0.000896000,4.289893000,16.913500000,0,18
1658137180.724757910,1785561730.933676481,1422,577101,578107,1453,0,72000,6471,2434,0.000000000,8.843100000,9.605114000,3.368454000,0.001009000,3.369463000,14.590170000,0,18
1658137180.824835300,1785561731.033907175,1423,578107,578975,1314,0,72000,6354,2442,0.000000000,9.691187000,10.479607000,3.010945000,0.000967000,3.011912000,15.005086000,0,18
1658137180.924922228,1785561731.135643244,1424,578975,579734,1513,0,72000,7043,2667,0.000000000,10.500223000,11.435175000,3.832570000,0.001025000,3.833595000,16.774482000,0,13
1658137181.024768829,1785561731.234736443,1425,579734,580768,1429,0,72000,6542,2474,0.000000000,9.162066000,10.026436000,4.154185000,0.000976000,4.155161000,15.480832000,0,19
1658137181.124845266,1785561731.340678692,1426,579210,580409,1869,0,72000,7761,3235,0.000000000,12.007837000,13.104772000,5.490216000,0.000734000,5.490950000,20.046921000,0,19
1658137181.224930763,1785561731.436077356,1427,579312,580748,1739,0,72000,7419,2922,0.000000000,10.928174000,11.903388000,3.633742000,0.000765000,3.634507000,17.040926000,0,18
1658137181.324808359,1785561731.534142494,1428,580748,581703,1389,0,72000,6657,2465,0.000000000,9.446536000,10.308085000,3.483601000,0.001126000,3.484727000,15.243621000,0,15
1658137181.424872160,1785561731.636493206,1429,581703,582943,1562,0,72000,7107,2753,0.000000000,10.415139000,11.337335000,4.005502000,0.001170000,4.006672000,16.702428000,0,19
1658137181.524711132,1785561731.745905161,1430,582562,584034,1596,0,72000,7387,2922,0.000000000,11.241384000,12.235100000,13.052114000,0.000762000,13.052876000,26.786108000,0,14
1658137181.624932766,1785561731.830904722,1431,575660,576542,1094,0,72000,5948,2253,0.000000000,7.954003001,8.723956000,2.440139000,0.000798000,2.440936999,12.404749000,0,16
1658137181.724778891,1785561731.930614948,1432,576542,577338,913,0,72000,5848,2072,0.000000000,7.745867000,8.406413000,2.456731000,0.000954000,2.457685000,12.135612000,0,18
1658137181.824870586,1785561732.034936905,1433,577338,578625,1672,0,72000,7311,3148,0.000000000,9.378750000,10.634766000,3.551548000,0.000921000,3.552469000,15.624500000,0,14
1658137181.924723625,1785561732.132870436,1434,578625,579676,1346,0,72000,6184,2292,0.000000000,8.306048000,9.041248000,2.977683000,0.001274000,2.978957000,13.677535000,0,11
1658137182.024809837,1785561732.235226154,1435,579676,581034,1692,0,72000,7422,3020,0.000000000,10.041449000,11.147982000,3.532935000,0.000761000,3.533696000,16.146530000,0,18
1658137182.124907494,1785561732.332991123,1436,581034,582153,1451,0,72000,6113,2334,0.000000000,8.270350999,9.040903000,3.458429000,0.000916000,3.459345000,14.049137000,0,18
1658137182.224744797,1785561732.432466269,1437,582153,583260,1524,0,72000,6289,2564,0.000000000,8.344396000,9.148460000,3.078880000,0.000957000,3.079837000,13.659530000,0,17
1658137182.324877739,1785561732.533685684,1438,583260,584229,1291,0,72000,6856,2583,0.000000000,9.068552000,10.142190000,2.818222000,0.000999000,2.819221000,14.357312000,0,20
1658137182.424725771,1785561732.633949041,1439,584229,585167,1406,0,72000,6546,2596,0.000000000,9.254492000,10.132213000,3.206708000,0.001459000,3.208167000,14.882412000,0,18
1658137182.524809361,1785561732.732966423,1440,585167,586002,1503,0,72000,6545,2534,0.000000000,8.524527999,9.306262000,3.609009000,0.000794000,3.609803000,14.203630000,0,17
1658137182.624914646,1785561732.838214874,1441,586002,586211,1656,0,72000,7028,2763,0.000000000,9.226602000,10.183442000,5.776124000,0.000827000,5.776950999,17.525313000,0,13
1658137182.724775791,1785561732.936334610,1442,586211,587168,1694,0,72000,7534,2880,0.000000000,9.867199001,10.804421000,4.737708000,0.000837000,4.738545000,17.021658000,0,18
1658137182.824869633,1785561733.032860518,1443,587168,587927,1126,0,72000,6460,2409,0.000000000,8.589096000,9.341419000,3.051249000,0.000800000,3.052049000,13.750581000,0,12
1658137182.924711227,1785561733.136037350,1444,587927,589192,1876,0,72000,7275,3056,0.000000000,10.148772000,11.120248000,4.162413000,0.001028000,4.163441000,16.934467000,0,15
1658137183.024915934,1785561733.237679005,1445,589192,590137,1598,0,72000,7725,3062,0.000000000,10.681596000,11.647752000,4.886147000,0.000797000,4.886944001,17.931142000,0,18
1658137183.124757767,1785561733.333449841,1446,589968,591012,1432,0,72000,6510,2736,0.000000000,8.901786000,9.775090000,3.132824000,0.000838000,3.133662000,14.475440000,0,11
1658137183.224844217,1785561733.438445568,1447,591012,592502,1820,0,72000,7212,2912,0.000000000,11.443349000,12.440186000,4.783857000,0.001063000,4.784920000,18.923836000,0,14
1658137183.324738741,1785561733.534963369,1448,592064,592898,1523,0,72000,6635,2771,0.000000000,9.214386001,10.128304000,4.058264000,0.000947000,4.059211000,15.679042000,0,19
1658137183.424826622,1785561733.637606621,1449,592898,594011,1640,0,72000,7163,2990,0.000000000,11.364862999,12.282632000,4.648544000,0.000943000,4.649487000,18.599175000,0,19
1658137183.524906397,1785561733.740284681,1450,594011,595437,2292,0,72000,8594,3739,0.000000000,11.998207000,13.180717000,5.726652000,0.000731000,5.727383000,20.540601000,0,18
1658137183.624739647,1785561733.830548525,1451,595437,595457,887,0,72000,5525,1996,0.000000000,7.883327000,8.539901000,2.212871000,0.000962000,2.213833000,12.027454000,0,14
1658137183.724817514,1785561733.938149929,1452,595457,597090,2067,0,72000,7548,3282,0.000000000,10.725597001,11.790792000,5.490026000,0.000902000,5.490928000,18.703028000,0,17
1658137183.824938059,1785561734.035976887,1453,595668,596650,1539,0,72000,6786,2714,0.000000000,9.842574000,10.697800000,4.563884000,0.000900000,4.564784000,16.611442000,0,15
1658137183.924767017,1785561734.135237694,1454,596482,597382,1524,0,72000,7199,2899,0.000000000,9.986943999,10.912618000,3.831373000,0.001048000,3.832421000,16.229274000,0,15
1658137184.024846792,1785561734.236781836,1455,597382,598127,1041,0,72000,6134,2480,0.000000000,10.296283000,11.596760000,3.563406000,0.000967000,3.564373000,16.754144000,0,18
1658137184.124922276,1785561734.338901281,1456,598127,598793,1911,0,72000,7796,3280,0.000000000,11.773856000,12.828999000,5.113009000,0.000867000,5.113876000,19.446922000,0,15
1658137184.224758387,1785561734.435703993,1457,598793,599924,1567,0,72000,7305,3031,0.000000000,10.216392999,11.386827000,3.714680000,0.001007000,3.715687000,16.536250000,0,18
1658137184.324842453,1785561734.534676790,1458,599924,600796,1316,0,72000,6751,2905,0.000000000,9.653999000,10.715005000,3.022584000,0.000942000,3.023526000,15.313874000,0,19
1658137184.424932718,1785561734.636425018,1459,600796,602106,1801,0,72000,7479,3297,0.000000000,10.865347000,11.913427000,3.992837000,0.000766000,3.993603000,17.282301000,0,15
1658137184.524777889,1785561734.737834454,1460,602106,603162,1628,0,72000,7386,3063,0.000000000,11.158193000,12.155784000,4.448401000,0.001254000,4.449655000,18.033019000,0,15
1658137184.624865294,1785561734.833976984,1461,602717,603404,1244,0,72000,6254,2390,0.000000000,8.990887000,9.896934000,3.273487000,0.000924000,3.274411000,14.800634000,0,13
1658137184.724816561,1785561734.939522028,1462,603404,604565,1561,0,72000,7145,3297,0.000000000,11.310058001,12.367939000,5.330025000,0.000758000,5.330783000,19.415719000,0,17
1658137184.824918270,1785561735.036008596,1463,603350,604394,1611,0,72000,6844,2815,0.000000000,9.774578000,10.753228000,4.688280000,0.000711000,4.688991000,16.954408000,0,17
1658137184.924751282,1785561735.137032509,1464,604394,605681,1820,0,72000,7529,3406,0.000000000,11.009526000,12.161307000,3.921800000,0.000852000,3.922652000,17.853294000,0,17
1658137185.024833441,1785561735.238195181,1465,605681,606605,1678,0,72000,7235,3127,0.000000000,11.149188000,12.187836000,4.826452000,0.000987000,4.827439000,18.738406000,0,13
1658137185.124913454,1785561735.342616558,1466,606605,608333,1961,0,72000,7758,3390,0.000000000,13.085726000,14.292636000,6.595936000,0.001016000,6.596952000,23.020554000,0,12
1658137185.224748373,1785561735.437459707,1467,601763,603399,1849,0,72000,8267,3624,0.000000000,11.124925000,12.247357000,3.786727000,0.001487000,3.788214000,17.781341000,0,14
1658137185.324818850,1785561735.530545950,1468,603399,604299,1074,0,72000,5690,2332,0.000000000,7.751102000,8.462952000,2.168514000,0.000851000,2.169365000,11.895060000,0,23
1658137185.424896717,1785561735.634324074,1469,604299,605338,1353,0,72000,6965,2929,0.000000000,9.680106999,10.681662000,2.782704000,0.000693000,2.783397000,15.124946000,0,10
1658137185.524721146,1785561735.736541271,1470,605338,606492,1530,0,72000,7562,3375,0.000000000,10.792177000,11.972480000,3.839634000,0.000790000,3.840423999,17.204476000,0,13
1658137185.624814510,1785561735.835467815,1471,606492,607666,1578,0,72000,7081,3082,0.000000000,10.069856000,11.072469000,3.618003000,0.001159000,3.619162000,16.112053000,0,17
1658137185.724906445,1785561735.932512760,1472,607666,608585,1247,0,72000,6049,2603,0.000000000,8.276882000,9.086032000,3.040323000,0.001084000,3.041407000,13.676847000,0,18
1658137185.824739695,1785561736.030403376,1473,608585,609218,856,0,72000,5655,2380,0.000000000,7.825272000,8.602068000,1.940122000,0.000954000,1.941076000,11.835968000,0,11
1658137185.924811602,1785561736.138486624,1474,609218,610489,1507,0,72000,7091,3076,0.000000000,9.965679000,10.984935000,6.682659000,0.001013000,6.683672000,19.102140000,0,18
1658137186.024890900,1785561736.235407829,1475,604119,605321,1581,0,72000,7055,3092,0.000000000,9.272888999,10.463977000,3.967327000,0.000827000,3.968154000,15.835025000,0,14
1658137186.124728680,1785561736.332978725,1476,605321,606460,1383,0,72000,6656,2891,0.000000000,8.955701000,9.843518000,2.773420000,0.001115000,2.774535000,13.922908000,0,17
1658137186.224922657,1785561736.438617945,1477,606460,607580,1315,0,72000,6487,2704,0.000000000,9.217537000,10.168228000,7.742024000,0.000799000,7.742823000,19.496029000,0,15
1658137186.324783564,1785561736.531488180,1478,598452,599446,1201,0,72000,5913,2504,0.000000000,7.619718000,8.392273000,2.921414000,0.000785000,2.922199000,12.841250000,0,21
1658137186.424870968,1785561736.631852150,1479,599446,600477,1200,0,72000,6088,2748,0.000000000,7.965042001,8.867770000,2.827159000,0.001368000,2.828527000,12.990094000,0,18
1658137186.524720430,1785561736.732996702,1480,600477,601531,1269,0,72000,6380,2840,0.000000000,8.374729000,9.378468000,2.705677000,0.000706000,2.706383000,13.748207000,0,14
1658137186.624822855,1785561736.835181475,1481,601531,602812,1684,0,72000,6948,3121,0.000000000,9.382233000,10.375650000,3.895238000,0.000761000,3.895999000,15.908186000,0,11
1658137186.724911690,1785561736.934660435,1482,602812,603887,1352,0,72000,7008,2937,0.000000000,9.562014000,10.672783000,2.970337000,0.000942000,2.971279000,15.117680000,0,12
1658137186.824757099,1785561737.034263134,1483,603887,605099,1573,0,72000,6908,2997,0.000000000,9.254053000,10.267345000,3.133462000,0.000923000,3.134385000,14.753418000,0,17
1658137186.924849749,1785561737.135148764,1484,605099,606242,1585,0,72000,7200,3096,0.000000000,9.907604000,11.059597000,3.384470000,0.001020000,3.385490000,15.811154000,0,10
1658137187.024817228,1785561737.232109070,1485,606242,607293,1352,0,72000,5976,2533,0.000000000,8.262163000,9.115346000,2.942736000,0.000986000,2.943722000,13.253439000,0,17
1658137187.124908447,1785561737.336952925,1486,607293,608114,1363,0,72000,7286,3149,0.000000000,10.434769000,11.420584000,4.824788000,0.000755000,4.825543000,17.699186000,0,17
1658137187.224756479,1785561737.435776711,1487,608114,609011,1421,0,72000,7052,3105,0.000000000,10.029209001,11.244482000,3.993194000,0.000925000,3.994119000,16.740330000,0,13
1658137187.324915886,1785561737.535460949,1488,609011,609871,1633,0,72000,6959,3223,0.000000000,9.645101000,10.807622000,3.883108000,0.000708000,3.883816000,16.290697000,0,13
1658137187.424753189,1785561737.634685755,1489,609871,611025,1568,0,72000,6510,2857,0.000000000,9.173598000,10.458174000,3.461157000,0.000832000,3.461989000,15.473598000,0,19
1658137187.524848461,1785561737.739683151,1490,611025,612168,1892,0,72000,7743,3646,0.000000000,11.335331000,12.437154000,5.081444000,0.000965000,5.082409000,19.259220000,0,17
1658137187.624815702,1785561737.834061861,1491,612168,613259,1407,0,72000,7200,3302,0.000000000,9.469754000,10.517822000,3.022889000,0.000927000,3.023816000,14.908552000,0,18
1658137187.724898577,1785561737.935903788,1492,613259,614215,1728,0,72000,6869,3177,0.000000000,9.682737000,10.789738000,4.523174000,0.000604000,4.523778000,16.777154000,0,17
1658137187.824732304,1785561738.039592266,1493,614215,615141,1513,0,72000,6386,2774,0.000000000,9.045242001,9.916151000,9.198579000,0.001212000,9.199791000,20.421436000,0,15
1658137187.924817324,1785561738.129694939,1494,606928,607804,941,0,72000,5725,2456,0.000000000,7.382111000,8.145189000,1.612082000,0.000875000,1.612957000,10.943917000,0,17
1658137188.024903774,1785561738.230452299,1495,607804,608753,1076,0,72000,5777,2536,0.000000000,7.383852000,8.182623000,2.301570000,0.000830000,2.302400000,11.719574000,0,10
1658137188.124750614,1785561738.331868172,1496,608753,609813,1218,0,72000,6108,2608,0.000000000,8.248756000,9.034690000,2.480108000,0.000898000,2.481006000,12.824365000,0,17
1658137188.224834204,1785561738.436155558,1497,609813,611342,1746,0,72000,7865,3490,0.000000000,10.225100000,11.368433000,3.328846000,0.001156000,3.330002000,16.528648000,0,15
1658137188.324899673,1785561738.535499334,1498,611342,612802,1781,0,72000,7277,3264,0.000000000,9.405308000,10.685233000,3.798136000,0.000971000,3.799107000,16.015873000,0,21
1658137188.424747229,1785561738.636015177,1499,612802,614196,1672,0,72000,7606,3326,0.000000000,10.211174000,11.276443000,3.461231000,0.000941000,3.462172000,16.522249000,0,13
1658137188.524825335,1785561738.733490229,1500,614196,615309,1364,0,72000,6825,3022,0.000000000,8.866297001,9.845777000,2.674250000,0.000768000,2.675018000,14.055597000,0,10
1658137188.624901295,1785561738.833746195,1501,615309,616276,1247,0,72000,6659,2835,0.000000000,9.516142999,10.710096000,2.571617000,0.000761000,2.572378000,14.512845000,0,14
1658137188.724737644,1785561738.932359695,1502,616276,617183,1278,0,72000,6314,2868,0.000000000,8.344343999,9.246368000,2.861788000,0.000957000,2.862745000,13.363340000,0,13
1658137188.824828386,1785561739.033715725,1503,617183,618074,1323,0,72000,6552,3015,0.000000000,8.474778000,9.395034000,3.295195000,0.000710000,3.295905000,13.979721000,0,15
1658137188.924811602,1785561739.129012823,1504,618074,618673,929,0,72000,4895,2020,0.000000000,6.464717000,7.170081000,2.011347000,0.000727000,2.012074000,10.441219000,0,17
1658137189.024902344,1785561739.234117985,1505,618673,619626,1340,0,72000,6619,2738,0.000000000,8.899639000,9.900956000,3.046106000,0.000778000,3.046884000,14.666700000,0,17
1658137189.124736786,1785561739.335946560,1506,619626,620765,1461,0,72000,7427,2999,0.000000000,10.812660000,11.856423000,3.172015000,0.000761000,3.172776000,16.496398000,0,15
1658137189.224826813,1785561739.436591387,1507,620765,621624,1390,0,72000,6684,2922,0.000000000,9.090732000,10.162283000,5.657591000,0.001226000,5.658817000,17.273120000,0,17
1658137189.324814558,1785561739.534584761,1508,621624,622307,1353,0,72000,6709,3028,0.000000000,9.161075000,10.343332000,3.557631000,0.000752000,3.558382999,15.193608000,0,17
1658137189.424911261,1785561739.634325027,1509,622307,623232,1424,0,72000,6490,2753,0.000000000,8.957748000,9.806572000,3.444758000,0.001107000,3.445865000,14.509860000,0,15
1658137189.524740934,1785561739.732560396,1510,623232,624110,1317,0,72000,5897,2489,0.000000000,8.147767000,8.949918000,3.173369000,0.000993000,3.174362000,13.367808000,0,11
1658137189.624825239,1785561739.836489201,1511,624110,624600,1392,0,72000,6661,2619,0.000000000,9.523420000,10.423411000,4.696523000,0.001164000,4.697687000,16.555664000,0,16
1658137189.724926949,1785561739.937917471,1512,624445,625755,1689,0,72000,6906,2940,0.000000000,9.748152000,10.843700000,4.397495000,0.001057000,4.398552000,16.740646000,0,14
1658137189.824767351,1785561740.038614273,1513,625755,626612,1202,0,72000,6306,2653,0.000000000,12.419883999,13.799741000,3.630657000,0.000857000,3.631514000,18.905178000,0,17
1658137189.924854755,1785561740.140200615,1514,626492,627096,1481,0,72000,6706,3070,0.000000000,10.869527000,11.921305000,6.802161000,0.001025000,6.803186000,20.153795000,0,15
1658137190.024815083,1785561740.239007950,1515,627096,628156,1634,0,72000,7803,3380,0.000000000,11.630448000,12.727662000,4.632833000,0.000728000,4.633561000,18.857409000,0,13
1658137190.124904156,1785561740.338466406,1516,628156,629110,1426,0,72000,6921,2971,0.000000000,10.617073000,11.597163000,4.990727000,0.000829000,4.991556000,18.025483000,0,16
1658137190.224748373,1785561740.436834812,1517,628701,629618,1544,0,72000,6779,3075,0.000000000,10.333900000,11.385974000,4.588204000,0.001176000,4.589380000,17.395527000,0,15
1658137190.324921608,1785561740.534567118,1518,629618,630398,1184,0,72000,6357,2612,0.000000000,9.322503000,10.267353000,3.269664000,0.000887000,3.270551000,14.939757000,0,16
1658137190.424761057,1785561740.635142088,1519,630321,631032,1076,0,72000,6519,2770,0.000000000,9.585709000,10.509635000,3.834244000,0.000813000,3.835056999,15.808162000,0,13
1658137190.524856091,1785561740.739516735,1520,629909,631293,1852,0,72000,8038,3475,0.000000000,11.847296000,12.984958000,4.425153000,0.000969000,4.426122000,19.082496000,0,16
1658137190.624817133,1785561740.836609364,1521,631293,632315,1447,0,72000,7519,3228,0.000000000,11.078767000,12.099084000,3.421955000,0.000998000,3.422953000,16.963573000,0,15
1658137190.724910021,1785561740.938015461,1522,632315,633290,1469,0,72000,7139,3094,0.000000000,10.635438000,11.646586000,5.207044000,0.000986000,5.208030000,18.482085000,0,10
1658137190.824746847,1785561741.036407948,1523,631968,632906,1207,0,72000,6905,2944,0.000000000,10.656363000,11.696090000,3.230490000,0.001366000,3.231856000,16.562711000,0,16
1658137190.924839020,1785561741.135225058,1524,632906,633789,1190,0,72000,6193,2519,0.000000000,9.094614000,10.016116000,3.235204000,0.000996000,3.236200000,14.907505000,0,11
1658137191.024926424,1785561741.239058495,1525,633789,634656,1211,0,72000,7376,3061,0.000000000,11.811271000,13.115089000,3.935226000,0.001294000,3.936520000,18.698495000,0,12
1658137191.124768734,1785561741.337623596,1526,634656,635531,1310,0,72000,6880,2744,0.000000000,9.865010000,11.186424000,4.778113000,0.001137000,4.779250000,17.676055000,0,19
1658137191.224870443,1785561741.436503887,1527,635531,636438,1381,0,72000,6520,2599,0.000000000,9.492697000,10.500472000,4.438270000,0.000887000,4.439157000,16.531776000,0,18
1658137191.324821711,1785561741.536314726,1528,636438,637574,1732,0,72000,7051,2892,0.000000000,9.750220000,10.909347000,4.304353000,0.005971000,4.310324000,16.606140000,0,25
1658137191.424919128,1785561741.637098074,1529,637574,638521,1594,0,72000,7647,3375,0.000000000,11.266234000,12.344649000,3.718301000,0.000806000,3.719107000,17.544974000,0,18
1658137191.524749994,1785561741.731559753,1530,638521,639135,1070,0,72000,5760,2402,0.000000000,8.206497000,8.941585000,2.476108000,0.000900000,2.477008000,12.591082000,0,17
1658137191.624852180,1785561741.871754646,1531,639135,640226,1159,0,72000,6579,2528,0.000000000,9.371167000,10.358719000,40.532837000,0.000891000,40.533728000,52.177264000,0,18
1658137191.724815130,1785561741.934525967,1532,640226,641371,1165,0,72000,6252,2519,0.000000000,9.879965000,11.023069000,2.313233000,0.001265000,2.314498000,14.851223000,0,10
1658137191.824906826,1785561742.032720089,1533,641371,642448,1100,0,72000,6212,2542,0.000000000,9.253853000,10.130560000,2.094316000,0.000835000,2.095151000,13.567333000,0,18
1658137191.924756765,1785561742.131620407,1534,627463,628400,1162,0,72000,5946,2462,0.000000000,7.896149000,8.683285000,2.547542000,0.001002000,2.548544001,12.457815000,0,19
1658137192.024838686,1785561742.235241652,1535,628400,629552,1478,0,72000,7520,3094,0.000000000,9.712239000,10.851173000,3.174864000,0.001404000,3.176268001,15.430987000,0,13
1658137192.124814510,1785561742.334862947,1536,629552,630527,1129,0,72000,6903,2764,0.000000000,9.200529000,10.159957000,2.364412000,0.001433000,2.365845000,14.333263000,0,16
1658137192.224910021,1785561742.434967995,1537,630527,631511,1240,0,72000,6913,2896,0.000000000,9.968013000,10.926788000,2.482173000,0.001865000,2.484038000,15.255869000,0,11
1658137192.324818850,1785561742.534406662,1538,631511,632618,1323,0,72000,7064,2964,0.000000000,9.047841000,9.983607000,3.154802000,0.001099000,3.155901000,14.439088000,0,21
1658137192.424918890,1785561742.668576956,1539,632618,633866,1558,0,72000,7796,3124,0.000000000,10.565515999,11.598845000,3.872114000,0.001301000,3.873415001,17.060779000,0,15
1658137192.524762392,1785561742.735727549,1540,633866,634889,1539,0,72000,7227,3139,0.000000000,9.644868000,10.770453000,3.786599000,0.001087000,3.787686000,16.043411000,0,17
1658137192.624843597,1785561742.836580276,1541,634889,635923,1520,0,72000,7287,2998,0.000000000,10.280161000,11.357027000,4.061743000,0.001158000,4.062901000,16.782353000,0,13
1658137192.724816561,1785561742.935262442,1542,635923,637102,1551,0,72000,6895,2862,0.000000000,9.384791000,10.535740000,3.293715000,0.001043000,3.294758000,15.247064000,0,10
1658137192.824916124,1785561743.039505720,1543,637102,638285,1728,0,72000,8421,3421,0.000000000,12.259759001,13.487312000,4.126096000,0.001014000,4.127110000,19.247222000,0,18
1658137192.924749374,1785561743.136688471,1544,638285,639109,1227,0,72000,6771,2778,0.000000000,10.330212000,11.346570000,3.402884000,0.000914000,3.403798000,16.244700000,0,15
1658137193.024833679,1785561743.239757061,1545,639109,640032,1442,0,72000,7754,3149,0.000000000,10.904277000,11.953903000,5.674672000,0.001141000,5.675812999,19.190236000,0,18
1658137193.124915361,1785561743.336735010,1546,639902,640505,1249,0,72000,7638,2803,0.000000000,10.755338000,11.666028000,3.350290000,0.001169000,3.351459000,16.586094000,0,15
1658137193.224756718,1785561743.434528112,1547,640505,641338,1210,0,72000,6729,2629,0.000000000,9.251604000,10.517874000,2.891830000,0.001012000,2.892842000,14.837435000,0,10
1658137193.324817657,1785561743.535713911,1548,641338,642154,1298,0,72000,7383,3107,0.000000000,10.506465000,11.528875000,3.025255000,0.001277000,3.026532000,15.922428000,0,15
1658137193.424909592,1785561743.635163069,1549,642154,643047,1257,0,72000,6762,2616,0.000000000,9.694980001,10.552363000,2.894922000,0.001159000,2.896081000,14.801195000,0,17
1658137193.524746656,1785561743.736755133,1550,642593,643616,1686,0,72000,7165,2846,0.000000000,9.996730000,11.031075000,4.253914000,0.000993000,4.254907000,16.904150000,0,17
1658137193.624844074,1785561743.832761765,1551,643616,644174,847,0,72000,6036,2423,0.000000000,8.468616000,9.248748000,2.193039000,0.001075000,2.194114000,12.793634000,0,15
1658137193.724928617,1785561743.939282894,1552,644174,645320,1537,0,72000,7109,2790,0.000000000,11.664158000,12.613414000,4.500581000,0.000969000,4.501550000,18.503212000,0,17
1658137193.824774981,1785561744.034799099,1553,644817,645657,1381,0,72000,6253,2459,0.000000000,9.496640000,10.604883000,3.251885000,0.001155000,3.253040000,15.242239000,0,17
1658137193.924872875,1785561744.136418104,1554,645657,646462,1564,0,72000,6974,2933,0.000000000,9.541429000,10.534287000,4.752672000,0.001149000,4.753821000,16.734895000,0,18
1658137194.024705648,1785561744.243228197,1555,646462,647602,1608,0,72000,8095,3255,0.000000000,13.620303999,15.337062000,4.770851000,0.001229000,4.772080000,21.737117000,0,11
1658137194.124921799,1785561744.339059830,1556,647056,647861,1510,0,72000,7924,3226,0.000000000,11.641484000,12.691512000,4.190126000,0.001135000,4.191261000,18.325278000,0,13
1658137194.224756002,1785561744.435582638,1557,647467,648608,1491,0,72000,6994,2812,0.000000000,9.827393000,10.729514000,3.754072000,0.001275000,3.755347000,15.883328000,0,14
1658137194.324805737,1785561744.532081366,1558,647771,648491,1238,0,72000,6682,2668,0.000000000,8.823384000,10.203782000,2.750227000,0.000855000,2.751082000,14.275071000,0,16
1658137194.424891949,1785561744.636139631,1559,648491,649580,1443,0,72000,7786,3209,0.000000000,11.788279000,12.835223000,3.767593000,0.000974000,3.768567000,18.055941000,0,11
1658137194.524719000,1785561744.733327866,1560,649580,650248,1288,0,72000,6792,2852,0.000000000,9.615712000,10.575174000,3.330822000,0.001168000,3.331990000,15.261956000,0,11
1658137194.624814272,1785561744.834900141,1561,650248,651454,1693,0,72000,7447,3013,0.000000000,10.289199000,11.270067000,3.990121000,0.000955000,3.991076000,16.712958000,0,15
1658137194.724893093,1785561744.931439161,1562,651454,652180,1061,0,72000,6087,2431,0.000000000,8.592215000,9.378833000,2.806177000,0.001122000,2.807299000,13.620165000,0,18
1658137194.824729204,1785561745.035804987,1563,652180,653374,1727,0,72000,7881,3194,0.000000000,10.830136001,11.806743000,3.626885000,0.001536000,3.628421000,16.871513000,0,13
1658137194.924827099,1785561745.132948399,1564,653163,654014,1312,0,72000,7138,2821,0.000000000,9.799476001,10.706908000,2.941784000,0.001159000,2.942943000,15.014505000,0,18
1658137195.024912834,1785561745.230149984,1565,654014,654760,1240,0,72000,5673,2298,0.000000000,8.033934000,8.760470000,2.884027000,0.000962000,2.884989000,12.916108000,0,17
1658137195.124752045,1785561745.336390495,1566,654760,655574,1375,0,72000,7189,2731,0.000000000,11.549749000,12.501727000,4.236671000,0.001434000,4.238105000,18.363024000,0,15
1658137195.224823952,1785561745.434594154,1567,655574,655723,1401,0,72000,6673,2323,0.000000000,9.002120000,9.744605000,5.772853000,0.000961000,5.773814000,16.856893000,0,15
1658137195.324883461,1785561745.535579681,1568,654868,655615,1309,0,72000,6929,2849,0.000000000,10.831621000,11.784195000,4.220590000,0.001105000,4.221695000,17.458104000,0,14
1658137195.424726009,1785561745.631188154,1569,655615,656120,1215,0,72000,6173,2466,0.000000000,8.485968000,9.260759000,3.115913000,0.000963000,3.116876000,13.622245000,0,16
1658137195.524821997,1785561745.732544184,1570,656120,656894,1301,0,72000,6270,2364,0.000000000,8.964912000,9.984352000,3.108494000,0.001161000,3.109655000,14.528551000,0,15
1658137195.624906540,1785561745.832990170,1571,656894,657638,1200,0,72000,6549,2610,0.000000000,9.377827000,10.552859000,3.014432000,0.001677000,3.016109000,15.062992000,0,17
1658137195.724738121,1785561745.933771372,1572,657638,658372,1067,0,72000,6171,2275,0.000000000,9.742479000,10.721657000,3.327598000,0.001254000,3.328852000,15.436683000,0,13
1658137195.824831486,1785561746.036639214,1573,658372,659241,1634,0,72000,7481,3060,0.000000000,10.220450000,11.213825000,5.894243000,0.001138000,5.895381000,18.508094000,0,13
1658137195.924929857,1785561746.131969213,1574,655098,656400,1517,0,72000,6395,2388,0.000000000,8.619495000,9.352811000,3.087273000,0.000962000,3.088235000,13.750381000,0,12
1658137196.024771214,1785561746.233564615,1575,656400,657599,1612,0,72000,6943,2849,0.000000000,9.698168000,10.618844000,3.680378000,0.000919000,3.681297000,15.617139000,0,18
1658137196.124852896,1785561746.333243608,1576,657599,658600,1299,0,72000,6763,2640,0.000000000,10.010185000,10.966643000,2.991103000,0.001324000,2.992427000,15.218231000,0,17
1658137196.224827051,1785561746.435362816,1577,658600,658453,1273,0,72000,7007,2883,0.000000000,9.946842000,10.939384000,4.339102000,0.000962000,4.340064000,16.625399000,0,17
1658137196.324827671,1785561746.537253618,1578,658453,659400,1211,0,72000,7351,2933,0.000000000,13.273331000,14.471363000,2.841742000,0.001033000,2.842775000,19.021495000,0,20
1658137196.424932003,1785561746.633228302,1579,659400,660394,1238,0,72000,6667,2447,0.000000000,10.013187000,10.852593000,2.604207000,0.000906000,2.605113000,15.040119000,0,11
1658137196.524787664,1785561746.732929468,1580,660394,661230,1097,0,72000,6807,2683,0.000000000,9.339699000,10.192001000,2.866172000,0.001046000,2.867218000,14.398599000,0,15
1658137196.624875546,1785561746.842484713,1581,661014,661977,1649,0,72000,8185,3269,0.000000000,13.256918000,14.693809000,6.244588000,0.001226000,6.245814001,23.434794000,0,14
1658137196.724730015,1785561746.935623407,1582,661836,663123,1675,0,72000,7546,2908,0.000000000,10.836378000,11.776394000,4.058288000,0.001047000,4.059335000,17.272526000,0,14
1658137196.824809313,1785561747.032501936,1583,663123,663896,1071,0,72000,6101,2503,0.000000000,9.293015000,10.408867000,2.561941000,0.001126000,2.563067000,14.425076000,0,16
1658137196.924886227,1785561747.134443283,1584,663896,664753,1297,0,72000,7512,2895,0.000000000,10.721754001,11.626482000,3.086768000,0.000933000,3.087700999,16.169911000,0,15
1658137197.024734497,1785561747.235245228,1585,664753,665905,1617,0,72000,7407,2957,0.000000000,10.508332000,11.476581000,4.086238000,0.000972000,4.087210000,16.922721000,0,13
1658137197.124824524,1785561747.332046032,1586,665601,666479,1300,0,72000,5939,2329,0.000000000,8.671236000,9.448975000,3.057330000,0.001004000,3.058334000,13.980520000,0,16
1658137197.224925518,1785561747.438619614,1587,666479,667712,1587,0,72000,7880,3203,0.000000000,11.384620000,12.376351000,6.401496000,0.000964000,6.402460000,20.283869000,0,17
1658137197.324865580,1785561747.534726858,1588,662124,663307,1539,0,72000,7467,3007,0.000000000,9.917425999,10.859995000,4.146536000,0.000970000,4.147506000,16.393469000,0,12
1658137197.424704075,1785561747.610314131,1589,663054,664030,1334,0,72000,7260,2937,0.000000000,9.819203000,10.699987000,3.594221000,0.001085000,3.595306000,15.668359000,0,9
1658137197.524915218,1785561747.734731436,1590,664030,664984,1383,0,72000,6834,2745,0.000000000,10.216297000,11.248467000,3.975719000,0.001126000,3.976845000,16.583456000,0,17
1658137197.624743223,1785561747.834227085,1591,664984,666190,1648,0,72000,6507,2499,0.000000000,9.504417999,10.425651000,4.253396000,0.001119000,4.254515000,16.067654000,0,15
1658137197.724837065,1785561747.935014963,1592,665997,666979,1366,0,72000,6762,2591,0.000000000,10.102671000,10.937560000,3.856284000,0.001278000,3.857562000,16.151310000,0,17
1658137197.824815273,1785561748.009768486,1593,666979,667721,1030,0,72000,6733,2708,0.000000000,11.055807001,11.930856000,2.470172000,0.001135000,2.471307001,15.743794000,0,11
1658137197.924913168,1785561748.135036707,1594,667721,668820,1416,0,72000,7081,2759,0.000000000,9.625528000,10.505236000,5.015713000,0.001051000,5.016764000,16.877452000,0,15
1658137198.024742603,1785561748.232610703,1595,666950,668029,1405,0,72000,6719,2586,0.000000000,9.152251000,10.104238000,3.162424000,0.001142000,3.163566000,14.664984000,0,14
1658137198.124837160,1785561748.334012985,1596,668029,668890,1094,0,72000,6337,2388,0.000000000,9.052299000,9.967615000,3.855634000,0.001034000,3.856668000,15.141146000,0,17
1658137198.224922180,1785561748.434240103,1597,666970,667944,1483,0,72000,7348,2765,0.000000000,10.140677000,11.020966000,3.677017000,0.001257000,3.678274000,16.392862000,0,14
1658137198.324912786,1785561748.534584045,1598,667944,669052,1318,0,72000,6760,2671,0.000000000,9.255607000,10.120006000,4.485133000,0.001015000,4.486148000,15.937753000,0,15
1658137198.424761772,1785561748.632769108,1599,668060,669047,1345,0,72000,7004,2760,0.000000000,9.536669001,10.404947000,2.833612000,0.001369000,2.834981000,14.770292000,0,15
1658137198.524867058,1785561748.731859207,1600,669047,669805,1209,0,72000,6332,2309,0.000000000,8.606779000,9.348863000,3.018815000,0.000911000,3.019726000,13.600382000,0,13
1658137198.624829292,1785561748.833886623,1601,669805,670600,1287,0,72000,6967,2747,0.000000000,10.377170001,11.330546000,3.265707000,0.000855000,3.266562000,15.919500000,0,17
1658137198.724912405,1785561748.935027122,1602,670600,671789,1555,0,72000,7658,2938,0.000000000,10.719304001,11.640593000,3.697709000,0.001048000,3.698757000,16.757098000,0,10
1658137198.824751377,1785561749.033756733,1603,671789,672668,1436,0,72000,7024,2694,0.000000000,9.977507000,10.863318000,3.679560000,0.001251000,3.680811000,15.804018000,0,14
1658137198.924853325,1785561749.134016275,1604,672668,673674,1392,0,72000,6875,2746,0.000000000,10.291866000,11.202661000,3.471953000,0.001379000,3.473332000,16.214175000,0,18
1658137199.024824381,1785561749.235094547,1605,673674,674426,1146,0,72000,6571,2457,0.000000000,10.580247000,11.397551000,4.054702000,0.001394000,4.056096000,16.877137000,0,18
1658137199.124912500,1785561749.336954355,1606,674426,675518,1595,0,72000,6931,2712,0.000000000,9.831316000,10.853656000,5.879664000,0.001003000,5.880667000,18.117483000,0,18
1658137199.224759817,1785561749.433769226,1607,673473,674444,1406,0,72000,7019,2702,0.000000000,9.901232999,10.835283000,3.272787000,0.001072000,3.273859000,15.718228000,0,17
1658137199.324841738,1785561749.537628889,1608,674444,675499,1395,0,72000,7014,2760,0.000000000,10.068048000,11.132314000,6.128555000,0.001010000,6.129565000,18.959058000,0,14
1658137199.424920559,1785561749.633725166,1609,675499,676304,1331,0,72000,6784,2555,0.000000000,10.052006000,10.889124000,3.301005000,0.001102000,3.302107000,15.635827000,0,14
1658137199.524765730,1785561749.731982231,1610,676304,677099,1151,0,72000,6689,2761,0.000000000,9.225306000,10.096862000,2.716729000,0.001062000,2.717791000,14.069790000,0,12
1658137199.624852896,1785561749.834991932,1611,677099,678130,1530,0,72000,7579,3054,0.000000000,10.719547000,11.738918000,3.839172000,0.001161000,3.840333000,16.983937000,0,17
1658137199.724820375,1785561749.934758186,1612,678130,679102,1460,0,72000,7735,3149,0.000000000,10.597176000,11.576217000,3.537443000,0.000884000,3.538327001,16.545751000,0,15
1658137199.824918032,1785561750.028849125,1613,679102,679702,979,0,72000,5097,1891,0.000000000,7.308164000,7.907389000,2.467183000,0.001100000,2.468283000,11.506247000,0,17
1658137199.924744129,1785561750.137377977,1614,679702,680700,1538,0,72000,7530,3111,0.000000000,11.926193000,12.950726000,3.988062000,0.001290000,3.989352000,18.389977000,0,17
1658137200.024822712,1785561750.235790730,1615,680700,680961,1551,0,72000,6371,2498,0.000000000,9.560830000,10.482446000,5.117662000,0.001090000,5.118752000,17.009004000,0,16
1658137200.124916792,1785561750.334102631,1616,680961,681827,1355,0,72000,6941,2744,0.000000000,9.855613000,10.790658000,3.847741000,0.000914000,3.848655000,15.956393000,0,14
1658137200.224752188,1785561750.436977863,1617,681827,682634,1672,0,72000,7839,3094,0.000000000,11.535222000,12.545507000,4.574744000,0.000939000,4.575683000,18.499627000,0,16
1658137200.324854374,1785561750.533365250,1618,682634,683515,1272,0,72000,6459,2708,0.000000000,9.997060000,10.870897000,3.109683000,0.000999000,3.110682000,15.396303000,0,18
1658137200.424818277,1785561750.637318134,1619,683515,684303,1373,0,72000,7364,2964,0.000000000,11.770564000,13.089092000,4.079041000,0.001055000,4.080096000,19.101610000,0,17
1658137200.524907827,1785561750.734047413,1620,684303,685167,1186,0,72000,6087,2468,0.000000000,8.734151999,9.504685000,5.451106000,0.001193000,5.452299000,16.206676000,0,14
1658137200.624750853,1785561750.834020376,1621,679180,679895,1042,0,72000,6140,2510,0.000000000,9.149755000,10.006444000,3.946397000,0.001086000,3.947483000,15.356224000,0,16
1658137200.724828959,1785561750.937476397,1622,679267,680456,1704,0,72000,7704,3113,0.000000000,11.267359000,12.285514000,4.583907000,0.001183000,4.585090000,18.312430000,0,16
1658137200.824916840,1785561751.031449556,1623,680288,681253,1215,0,72000,6418,2542,0.000000000,8.832241000,9.638528000,2.617375000,0.001454000,2.618829000,13.524235000,0,14
1658137200.924759388,1785561751.134178400,1624,681253,682144,1313,0,72000,7290,2839,0.000000000,10.447133000,11.324138000,3.090122000,0.000929000,3.091051000,15.765371000,0,10
1658137201.024845123,1785561751.231928110,1625,682144,682991,1255,0,72000,6298,2413,0.000000000,9.060960000,9.892924000,2.878039000,0.001191000,2.879230000,14.125180000,0,16
1658137201.124818087,1785561751.335704327,1626,682991,684332,1925,0,72000,7340,2910,0.000000000,10.631030000,11.598742000,4.304746000,0.001439000,4.306185000,17.373666000,0,17
1658137201.224908829,1785561751.433121681,1627,684332,685143,1251,0,72000,6397,2479,0.000000000,9.570268000,10.509763000,3.247574000,0.000923000,3.248497000,15.081529000,0,17
1658137201.324820042,1785561751.532686949,1628,685143,685780,1073,0,72000,6289,2480,0.000000000,9.327578000,10.439348000,2.780419000,0.001114000,2.781533000,14.472910000,0,24
1658137201.424898386,1785561751.633614302,1629,685780,686610,1210,0,72000,6825,2793,0.000000000,10.005475001,10.947797000,2.936773000,0.001071000,2.937844000,15.287569000,0,18
1658137201.524733067,1785561751.735113382,1630,686610,687641,1356,0,72000,7262,2933,0.000000000,11.229947000,12.191805000,3.271259000,0.001163000,3.272422000,16.803287000,0,17
1658137201.624814987,1785561751.839376688,1631,687641,688326,2103,0,72000,8436,3321,0.000000000,11.698310000,12.756286000,6.597745000,0.000918000,6.598663000,20.803372000,0,16
1658137201.724903107,1785561751.934934616,1632,688326,689367,1432,0,72000,6734,2684,0.000000000,10.538085000,11.577396000,3.980338000,0.001169000,3.981507000,16.906506000,0,17
1658137201.824733734,1785561752.032466412,1633,689367,690149,1239,0,72000,6151,2319,0.000000000,9.033619000,9.939966000,3.004550000,0.001266000,3.005816000,14.289746000,0,17
1658137201.924823284,1785561752.137248755,1634,690149,690704,1397,0,72000,7190,2899,0.000000000,10.356687000,11.324304000,4.986540000,0.000903000,4.987443000,18.057486000,0,17
1658137202.024900198,1785561752.233696938,1635,690223,691120,1372,0,72000,6447,2534,0.000000000,9.001221000,9.789363000,4.337482000,0.000919000,4.338401000,15.653335000,0,14
1658137202.124733925,1785561752.335725307,1636,688522,689580,1623,0,72000,7201,2865,0.000000000,10.701449000,11.604850000,4.314098000,0.001018000,4.315116000,17.271066000,0,17
1658137202.224817038,1785561752.433808804,1637,689580,690728,1388,0,72000,7010,2912,0.000000000,10.209153000,11.145572000,2.769874000,0.001039000,2.770913000,15.266035000,0,14
1658137202.324709892,1785561752.536743164,1638,690728,691670,1458,0,72000,7125,2861,0.000000000,10.882260000,11.812968000,5.226187000,0.001052000,5.227239000,18.474142000,0,17
1658137202.424933910,1785561752.632681370,1639,691670,692563,1171,0,72000,6593,2567,0.000000000,9.318756000,10.331232000,2.522373000,0.000849000,2.523222000,14.254180000,0,16
1658137202.524768353,1785561752.731353521,1640,692563,693381,1056,0,72000,5932,2379,0.000000000,8.834336001,9.682153000,2.357837000,0.000934000,2.358771000,13.569752000,0,18
1658137202.624858141,1785561752.832768679,1641,693381,694060,1204,0,72000,6104,2277,0.000000000,8.752917000,10.060170000,3.269985000,0.001052000,3.271037000,14.702797000,0,12
1658137202.724813461,1785561752.933671713,1642,694060,694974,1241,0,72000,6643,2629,0.000000000,9.837022000,10.733146000,3.004626000,0.001115000,3.005741000,15.065538000,0,17
1658137202.824903965,1785561753.035500765,1643,694974,695964,1656,0,72000,7604,3129,0.000000000,10.796166000,11.775924000,4.299021000,0.001168000,4.300189000,17.494965000,0,15
1658137202.924750328,1785561753.134140730,1644,695964,696666,1137,0,72000,6207,2593,0.000000000,9.363197000,10.192274000,4.889281000,0.000922000,4.890203000,16.365281000,0,17
1658137203.024836302,1785561753.233131409,1645,694107,695106,1306,0,72000,6677,2637,0.000000000,9.618197000,10.595614000,3.050222000,0.000927000,3.051149000,14.980766000,0,10
1658137203.124806166,1785561753.335515022,1646,695106,696453,1686,0,72000,7516,2913,0.000000000,10.924576000,11.983277000,3.653325000,0.001316000,3.654641001,17.142435000,0,18
1658137203.224903584,1785561753.436886549,1647,696453,697718,1723,0,72000,8097,3323,0.000000000,11.751337000,12.884364000,3.826300000,0.001006000,3.827306000,18.254782000,0,12
1658137203.324815273,1785561753.533742428,1648,697718,698595,1092,0,72000,5862,2250,0.000000000,8.274349000,9.028989000,5.361681000,0.001052000,5.362733000,15.649645000,0,17
1658137203.424898863,1785561753.630258799,1649,690885,691976,1231,0,72000,6177,2508,0.000000000,7.882720000,8.655622000,2.469353000,0.000871000,2.470224000,12.414135000,0,15
1658137203.524724007,1785561753.735922575,1650,691976,693558,1984,0,72000,7677,3023,0.000000000,10.121776999,11.075781000,4.617932000,0.000976000,4.618908000,17.352314000,0,18
1658137203.624804497,1785561753.833734989,1651,693558,694436,1367,0,72000,6671,2560,0.000000000,8.972737000,9.965615000,4.323331000,0.001210000,4.324541000,15.653924000,0,15
1658137203.724897385,1785561753.930846453,1652,694436,695409,1237,0,72000,6136,2475,0.000000000,7.948406000,8.740841000,3.067667000,0.001024000,3.068691000,13.038080000,0,12
1658137203.824748516,1785561754.037476540,1653,695409,696754,1735,0,72000,8493,3453,0.000000000,11.904988000,13.024590000,3.789149000,0.001339000,3.790488000,18.420324000,0,17
1658137203.924844742,1785561754.132531404,1654,696754,697020,1267,0,72000,6604,2608,0.000000000,8.855225000,9.706342000,2.921166000,0.001075000,2.922241000,14.017317000,0,10
1658137204.024808884,1785561754.247886419,1655,697020,698483,1853,0,72000,8170,3332,0.000000000,15.017741001,16.764341000,9.744051000,0.001237000,9.745288000,28.013577000,0,13
1658137204.124907255,1785561754.332725048,1656,695938,696511,1280,0,72000,6070,2429,0.000000000,7.987025000,8.741288000,4.847640000,0.000983000,4.848623000,14.831689000,0,11
1658137204.224746704,1785561754.432439566,1657,696511,697676,1406,0,72000,6558,2773,0.000000000,8.470717000,9.341662000,3.029322000,0.001103000,3.030425000,13.929509000,0,15
1658137204.324905396,1785561754.531557083,1658,697676,698680,1261,0,72000,6211,2526,0.000000000,8.321861000,9.110350000,3.161413000,0.001084000,3.162497000,13.667513000,0,16
1658137204.424738884,1785561754.636528969,1659,698680,699948,1904,0,72000,7539,2855,0.000000000,10.380138001,11.291522000,4.701890000,0.001061000,4.702951000,17.655562000,0,15
1658137204.524826765,1785561754.729601860,1660,699948,700779,1025,0,72000,5754,2181,0.000000000,7.807889001,8.514137000,2.146345000,0.000882000,2.147227000,11.912249000,0,18
1658137204.624921560,1785561754.831773520,1661,700779,701774,1317,0,72000,5995,2336,0.000000000,8.469768000,9.201756000,3.064872000,0.000796000,3.065668000,13.569037000,0,16
1658137204.724767208,1785561754.935570478,1662,701774,703024,1773,0,72000,7684,3108,0.000000000,10.188497000,11.171370000,4.313587000,0.001101000,4.314688000,16.969914000,0,17
1658137204.824851513,1785561755.033959866,1663,703024,703836,1197,0,72000,6805,2783,0.000000000,9.666006000,10.747828000,3.217019000,0.001056000,3.218074999,15.423831000,0,14
1658137204.924804688,1785561755.130367756,1664,703836,705323,1794,0,72000,6975,2794,0.000000000,9.389752000,10.272887000,23.675671000,0.000887000,23.676558000,35.220142000,0,18
1658137205.024898767,1785561755.234291792,1665,705323,695597,1375,0,72000,6765,2772,0.000000000,9.520044000,10.621068000,3.179957000,0.000218000,3.180175000,15.197540000,0,16
1658137205.124739647,1785561755.333119392,1666,695597,697024,1554,0,72000,6941,2811,0.000000000,8.554821999,9.547792000,3.330723000,0.000973000,3.331696000,14.598392000,0,17
1658137205.224819899,1785561755.432509422,1667,697024,698210,1342,0,72000,6674,2647,0.000000000,8.070650000,8.874134000,2.965464000,0.000914000,2.966378000,13.460670000,0,17
1658137205.324840307,1785561755.532270193,1668,698210,699393,1438,0,72000,6684,2648,0.000000000,8.390745000,9.248567000,2.910371000,0.001403000,2.911774000,13.495483000,0,21
1658137205.424806118,1785561755.634299994,1669,699393,700678,1539,0,72000,7376,3061,0.000000000,10.298107999,11.270941000,3.019309000,0.001093000,3.020402000,15.850629000,0,17
1658137205.524910927,1785561755.733142853,1670,700678,701731,1344,0,72000,6896,2773,0.000000000,9.271159000,10.227951000,2.761547000,0.001012000,2.762559000,14.461234000,0,15
1658137205.624750137,1785561755.832241058,1671,701731,702729,1203,0,72000,6975,2652,0.000000000,8.819724000,9.720949000,2.380557000,0.001552000,2.382109000,13.589475000,0,11
1658137205.724844456,1785561755.933327913,1672,702729,703731,1543,0,72000,6670,2697,0.000000000,8.300893001,9.160902000,4.049063000,0.000973000,4.050036001,14.535310000,0,14
1658137205.824923754,1785561756.032896519,1673,703731,704511,1249,0,72000,6612,2635,0.000000000,8.942132000,9.878732000,2.870900000,0.001096000,2.871996000,14.189925000,0,15
1658137205.924749136,1785561756.134625673,1674,704511,705539,1446,0,72000,7721,3136,0.000000000,10.738959000,11.737950000,3.135870000,0.000946000,3.136816000,16.299703000,0,16
1658137206.024842262,1785561756.234865665,1675,705539,706729,1526,0,72000,6917,2684,0.000000000,10.073225000,10.949226000,3.945201000,0.001180000,3.946381000,16.640237000,0,15
1658137206.124818325,1785561756.330743551,1676,706729,707741,1297,0,72000,6391,2454,0.000000000,8.212432001,8.990201000,2.536234000,0.000976000,2.537210000,12.773611000,0,15
1658137206.224901199,1785561756.430236578,1677,707741,708578,1120,0,72000,5947,2362,0.000000000,7.947611000,8.674415000,2.390576000,0.001132000,2.391708000,12.323714000,0,11
1658137206.324815512,1785561756.533072710,1678,708391,709124,1446,0,72000,6262,2558,0.000000000,8.080918000,8.981194000,3.889063000,0.001081000,3.890144000,14.471694000,0,23
1658137206.424907446,1785561756.632797718,1679,709049,710070,1367,0,72000,6302,2417,0.000000000,8.515574999,9.542359000,3.594245000,0.001065000,3.595310000,14.664505000,0,21
1658137206.524751663,1785561756.733963728,1680,710070,711010,1652,0,72000,7048,2647,0.000000000,9.452541000,10.323980000,3.707905000,0.001089000,3.708994000,15.401502000,0,16
1658137206.624855280,1785561756.832682133,1681,711010,711927,1271,0,72000,6736,2650,0.000000000,9.209091000,10.057197000,2.634719000,0.000955000,2.635674000,14.013403000,0,16
1658137206.724811792,1785561756.929092169,1682,711927,712576,904,0,72000,5062,1855,0.000000000,7.274140000,7.870909000,2.233099000,0.000874000,2.233973000,11.357400000,0,16
1658137206.824889660,1785561757.037906408,1683,712576,714155,2036,0,72000,8295,3282,0.000000000,11.592662000,12.601305000,4.476113000,0.001002000,4.477115001,18.597970000,0,18
1658137206.924738407,1785561757.133031368,1684,713693,714439,1067,0,72000,6931,2637,0.000000000,9.687976000,10.520776000,2.575185000,0.000972000,2.576157000,14.448806000,0,12
1658137207.024826050,1785561757.234401941,1685,714439,715396,1330,0,72000,7451,2865,0.000000000,10.433329000,11.328009000,3.359451000,0.000922000,3.360373000,16.013972000,0,17
1658137207.124907732,1785561757.332403898,1686,715396,716275,1267,0,72000,6560,2520,0.000000000,9.096086000,9.926522000,2.666125000,0.001348000,2.667473000,13.881542000,0,14
1658137207.224759817,1785561757.432528496,1687,716275,717029,1295,0,72000,6340,2504,0.000000000,8.690646000,9.537133000,3.355509000,0.001056000,3.356565000,14.364686000,0,18
1658137207.324925423,1785561757.533624887,1688,717029,717858,1406,0,72000,6916,2652,0.000000000,9.570930000,10.460496000,3.427402000,0.001072000,3.428474000,15.313315000,0,10
1658137207.424759626,1785561757.632349253,1689,717858,718424,1247,0,72000,6021,2227,0.000000000,8.422354000,9.198557000,3.551838000,0.001138000,3.552976000,14.192434000,0,20
1658137207.524851799,1785561757.738806963,1690,718424,719696,1978,0,72000,8730,3551,0.000000000,12.313119999,13.450794000,4.651786000,0.001056000,4.652842000,19.854325000,0,15
1658137207.624827862,1785561757.812393188,1691,719696,719614,1601,0,72000,6730,2668,0.000000000,9.285618000,10.124407000,4.730360000,0.000896000,4.731256000,16.228902000,0,4
1658137207.724922180,1785561757.933078289,1692,719614,720327,1267,0,72000,6040,2329,0.000000000,8.222581000,8.958598000,4.003049000,0.001054000,4.004103000,14.174913000,0,15
1658137207.824772835,1785561758.031670809,1693,719302,720134,1166,0,72000,6304,2356,0.000000000,8.759229000,9.533768000,2.722910000,0.001124000,2.724034000,13.504106000,0,15
1658137207.924855232,1785561758.131828547,1694,720134,720847,1112,0,72000,6353,2369,0.000000000,8.595130999,9.718285000,2.548306000,0.001019000,2.549325000,13.627728000,0,17
1658137208.024715662,1785561758.234959364,1695,720847,721763,1471,0,72000,7451,2918,0.000000000,10.151957000,11.121992000,3.821010000,0.001026000,3.822036000,16.357894000,0,18
1658137208.124808550,1785561758.334644794,1696,721763,722844,1456,0,72000,6662,2613,0.000000000,9.023439000,9.927215000,3.734334000,0.001026000,3.735360000,15.088935000,0,15
1658137208.224899530,1785561758.434717417,1697,722230,723156,1565,0,72000,7119,2879,0.000000000,9.941346000,10.824921000,3.953812000,0.001009000,3.954821000,16.431903000,0,14
1658137208.324873924,1785561758.534226894,1698,723156,723886,1228,0,72000,6995,2776,0.000000000,10.309850000,11.178428000,3.205468000,0.001240000,3.206708000,15.765602000,0,10
1658137208.424711943,1785561758.632063150,1699,723886,724765,1425,0,72000,6265,2443,0.000000000,8.487335000,9.229619000,3.065016000,0.001168000,3.066184000,13.587762000,0,21
1658137208.524926901,1785561758.732002735,1700,724765,725504,1144,0,72000,6374,2435,0.000000000,8.441660000,9.185738000,2.715117000,0.000977000,2.716093999,13.141002000,0,18
1658137208.624759436,1785561758.832463503,1701,725504,726260,1067,0,72000,6488,2464,0.000000000,9.665509000,10.496049000,2.314551000,0.000931000,2.315482000,14.335337000,0,19
1658137208.724845648,1785561758.935225248,1702,726260,727143,1498,0,72000,6531,2621,0.000000000,9.956276001,11.003163000,4.540612000,0.001252000,4.541864000,17.019550000,0,17
1658137208.824817419,1785561759.010862112,1703,727143,727991,1360,0,72000,5946,2448,0.000000000,9.309335000,10.176132000,3.780642000,0.001006000,3.781648000,15.191619000,0,12
1658137208.924904108,1785561759.135518551,1704,727991,728941,1515,0,72000,7399,2902,0.000000000,10.227543999,11.146126000,4.207572000,0.001267000,4.208839000,16.786954000,0,17
1658137209.024745226,1785561759.230525494,1705,728941,729368,902,0,72000,5787,2368,0.000000000,8.102022000,8.692519000,2.599141000,0.000970000,2.600111000,12.632632000,0,14
1658137209.124823570,1785561759.335471153,1706,729368,730048,1305,0,72000,6900,2691,0.000000000,10.246909000,11.223163000,4.322142000,0.001293000,4.323435001,16.953257000,0,18
1658137209.224907637,1785561759.432595253,1707,730048,730646,1055,0,72000,6244,2336,0.000000000,9.279614000,10.130519000,2.553361000,0.001001000,2.554362000,14.093157000,0,14
1658137209.324918747,1785561759.531112432,1708,730646,731277,1030,0,72000,5984,2230,0.000000000,8.463214000,9.213353000,2.495896000,0.001137000,2.497033000,13.018700000,0,13
1658137209.424754143,1785561759.636061668,1709,731277,732318,1484,0,72000,7147,2859,0.000000000,10.003580000,10.903625000,5.526695000,0.000939000,5.527633999,17.754425000,0,21
1658137209.524830103,1785561759.734790325,1710,726478,727489,1386,0,72000,6481,2385,0.000000000,8.787878000,9.641048000,5.279940000,0.000991000,5.280931000,16.501428000,0,10
1658137209.624919415,1785561759.835774422,1711,725311,726675,1856,0,72000,7300,2994,0.000000000,10.387651000,11.316746000,4.388895000,0.001126000,4.390021000,17.213602000,0,15
1658137209.724760532,1785561759.932361841,1712,726675,727432,1179,0,72000,6200,2425,0.000000000,8.387797000,9.180347000,3.429131000,0.001054000,3.430185000,14.032597000,0,13
1658137209.824846506,1785561760.034563541,1713,727432,728389,1658,0,72000,6944,2875,0.000000000,9.697587000,10.787821000,4.107445000,0.000910000,4.108355000,16.215809000,0,17
1658137209.924814224,1785561760.134574413,1714,728389,729701,1698,0,72000,7033,2870,0.000000000,9.711216000,10.674816000,3.614329000,0.001106000,3.615435000,15.867104000,0,16
1658137210.024902105,1785561760.230524302,1715,729701,730656,1221,0,72000,5873,2362,0.000000000,7.897776000,8.642473000,2.571388000,0.000954000,2.572342000,12.654921000,0,18
1658137210.124755144,1785561760.398747683,1716,730656,731297,1531,0,72000,7170,2874,0.000000000,11.525184000,12.557309000,5.076067000,0.001197000,5.077264000,19.037984000,0,17
1658137210.224843979,1785561760.433037758,1717,731297,732152,1180,0,72000,5941,2386,0.000000000,8.972604000,10.051396000,2.860058000,0.001098000,2.861156000,14.422749000,0,10
1658137210.324892521,1785561760.535685539,1718,732152,733392,1808,0,72000,7546,3040,0.000000000,10.559534001,11.519745000,3.965920000,0.001011000,3.966931000,16.898675000,0,17
1658137210.424729824,1785561760.633218050,1719,733392,734077,1200,0,72000,6600,2615,0.000000000,9.395604000,10.274793000,3.182173000,0.000931000,3.183104000,14.763548000,0,15
1658137210.524800062,1785561760.735821009,1720,734077,735277,1376,0,72000,7340,2917,0.000000000,10.501577000,11.407658000,4.100701000,0.000836000,4.101537000,17.161860000,0,17
1658137210.624897003,1785561760.831333637,1721,730602,731566,1163,0,72000,6226,2520,0.000000000,8.499347000,9.261814000,2.594921000,0.000952000,2.595873000,13.109411000,0,14
1658137210.724739790,1785561760.935736656,1722,731566,732572,1528,0,72000,7221,2849,0.000000000,10.130685001,11.186065000,4.428241000,0.000960000,4.429201000,17.004437000,0,11
1658137210.824824572,1785561761.032384396,1723,732572,733448,1307,0,72000,6614,2607,0.000000000,8.457358000,9.357417000,3.260582000,0.000999000,3.261581001,13.907487000,0,17
1658137210.924926758,1785561761.132559776,1724,733448,734452,1334,0,72000,6399,2664,0.000000000,8.558993999,9.679847000,2.796279000,0.000907000,2.797186000,13.897864000,0,14
1658137211.024780512,1785561761.232677460,1725,734452,735335,1062,0,72000,6513,2628,0.000000000,9.635917000,10.486365000,2.196274000,0.000948000,2.197222000,14.202158000,0,18
1658137211.124877930,1785561761.330826044,1726,735335,736180,1107,0,72000,5912,2283,0.000000000,8.321120000,9.043009000,2.431732000,0.000820000,2.432552000,12.700532000,0,14
1658137211.224722862,1785561761.435763121,1727,736180,737391,1533,0,72000,6609,2706,0.000000000,10.090162001,11.243111000,4.669624000,0.001076000,4.670700000,17.312971000,0,19
1658137211.324812174,1785561761.534073353,1728,734481,735631,1439,0,72000,6705,2635,0.000000000,9.334346000,10.217175000,3.272762000,0.001120000,3.273882000,15.100769000,0,16
1658137211.424904346,1785561761.613367558,1729,735631,736791,1517,0,72000,7142,2980,0.000000000,9.908352999,10.867291000,4.568644000,0.000916000,4.569560000,16.770882000,0,12
1658137211.524724960,1785561761.734285355,1730,736667,737482,1173,0,72000,6278,2571,0.000000000,10.161842999,11.093490000,3.132705000,0.001124000,3.133829000,15.494261000,0,19
1658137211.624927521,1785561761.832794189,1731,737482,738476,1243,0,72000,6572,2747,0.000000000,9.333073000,10.258019000,2.635845000,0.001101000,2.636946000,14.248975000,0,18
1658137211.724757195,1785561761.937015772,1732,738476,739700,1677,0,72000,7725,3113,0.000000000,10.943064000,11.923499000,4.134463000,0.001073000,4.135536000,17.513556000,0,18
1658137211.824842215,1785561762.034744263,1733,739478,740608,1428,0,72000,7282,2951,0.000000000,10.718763001,11.663814000,3.017992000,0.000999000,3.018991000,16.053796000,0,11
1658137211.924813032,1785561762.135778189,1734,740608,741726,1543,0,72000,6882,2864,0.000000000,10.327363000,11.234916000,3.946436000,0.000914000,3.947350000,16.528539000,0,19
1658137212.024896145,1785561762.231303692,1735,741440,742120,1032,0,72000,5921,2245,0.000000000,8.448742000,9.185118000,2.703757000,0.001274000,2.705031000,13.136495000,0,18
1658137212.124715567,1785561762.335878372,1736,742120,743167,1208,0,72000,6173,2604,0.000000000,8.801646999,9.659573000,6.189982000,0.001190000,6.191172000,17.187481000,0,10
1658137212.224809170,1785561762.431297779,1737,737653,738654,1299,0,72000,6240,2652,0.000000000,8.025178000,8.852206000,2.905216000,0.000891000,2.906106999,12.931841000,0,11
1658137212.324769497,1785561762.533466578,1738,738654,739589,1292,0,72000,6647,2426,0.000000000,9.081326000,9.938150000,2.993792000,0.001104000,2.994896000,14.454054000,0,20
1658137212.424866676,1785561762.632738590,1739,739589,740724,1473,0,72000,6715,2684,0.000000000,8.566940999,9.476557000,2.999212000,0.001033000,3.000245000,14.026323000,0,11
1658137212.524834633,1785561762.733836174,1740,740724,741908,1612,0,72000,6536,2727,0.000000000,9.116378000,9.985499000,3.520703000,0.001648000,3.522351000,14.903096000,0,18
1658137212.624806881,1785561762.835365057,1741,741908,743311,1888,0,72000,7378,3194,0.000000000,9.846311000,10.843106000,4.261850000,0.001307000,4.263157000,16.504682000,0,18
1658137212.724885464,1785561762.934838295,1742,743311,744203,1450,0,72000,6674,2643,0.000000000,8.659085000,9.485686000,4.799941000,0.001082000,4.801023000,16.145417000,0,11
1658137212.824721813,1785561763.036423445,1743,744203,745447,1983,0,72000,7871,3314,0.000000000,10.396336000,11.414353000,4.676845000,0.001208000,4.678053000,17.553351000,0,18
1658137212.924811602,1785561763.137118578,1744,745447,746362,1165,0,72000,6780,2678,0.000000000,9.912864000,10.768711000,5.814157000,0.000941000,5.815098000,18.133546000,0,17
1658137213.024902105,1785561763.231057167,1745,738871,739800,1127,0,72000,6109,2495,0.000000000,7.676483000,8.484404000,2.875661000,0.000876000,2.876537000,12.694364000,0,14
1658137213.124737501,1785561763.336152077,1746,739800,741333,1737,0,72000,7799,3201,0.000000000,10.415493000,11.458372000,3.756526000,0.000929000,3.757455000,16.880163000,0,11
1658137213.224843264,1785561763.432401657,1747,741333,742522,1374,0,72000,6559,2671,0.000000000,8.275626000,9.129915000,2.453802000,0.000904000,2.454706000,13.388493000,0,17
1658137213.324863434,1785561763.535478830,1748,742522,743906,1624,0,72000,7693,3226,0.000000000,10.679407000,11.739351000,3.344030000,0.001057000,3.345087000,16.535572000,0,18
1658137213.424833536,1785561763.635430336,1749,743906,745253,1765,0,72000,6982,3099,0.000000000,9.342861000,10.401692000,4.673703000,0.000837000,4.674540000,16.470494000,0,15
1658137213.524928570,1785561763.709544659,1750,745124,746164,1249,0,72000,6105,2493,0.000000000,8.730173000,9.527443000,2.777499000,0.000993000,2.778492000,13.499851000,0,10
1658137213.624786377,1785561763.934462309,1751,746164,746845,1339,0,72000,6770,2674,0.000000000,9.330930000,10.548004000,3.570309000,0.001364000,3.571673000,15.446063000,1,36
1658137213.724873543,1785561763.958192587,1752,746845,747974,1342,0,72000,6480,2664,0.000000000,8.552906001,9.466192000,2.759331000,0.000980000,2.760311000,13.806711000,0,16
1658137213.824834824,1785561764.033285618,1753,747974,749042,1420,0,72000,6313,2792,0.000000000,8.589561000,9.504979000,3.148041000,0.001124000,3.149165000,14.357300000,0,18
1658137213.924813747,1785561764.132543802,1754,748822,749779,1310,0,72000,6361,2675,0.000000000,8.592719000,9.496938000,2.670026000,0.000935000,2.670961000,13.868296000,0,10
1658137214.024897814,1785561764.235486746,1755,749779,750813,1612,0,72000,6763,2814,0.000000000,8.904046000,9.936842000,5.241248000,0.000955000,5.242203000,16.539794000,0,16
1658137214.124734163,1785561764.332947493,1756,750813,751757,1289,0,72000,6881,2854,0.000000000,9.354787000,10.244725000,2.660650000,0.001130000,2.661780000,14.232827000,0,12
1658137214.224814415,1785561764.434667587,1757,751757,752782,1503,0,72000,7204,3031,0.000000000,9.808173000,10.779750000,3.368162000,0.001120000,3.369282000,15.666725000,0,15
1658137214.324841499,1785561764.535762548,1758,752782,753576,1477,0,72000,7004,3002,0.000000000,10.016889000,10.996776000,4.406196000,0.000985000,4.407180999,16.741752000,0,17
1658137214.424812078,1785561764.633889437,1759,753576,754428,1140,0,72000,6696,2671,0.000000000,9.619721000,10.504199000,2.598889000,0.001028000,2.599917000,14.738306000,0,14
1658137214.524901390,1785561764.734474659,1760,754428,755151,1473,0,72000,6045,2558,0.000000000,8.653994000,9.504145000,4.100776000,0.000838000,4.101614000,15.181154000,0,14
1658137214.624739170,1785561764.834099293,1761,754604,755464,1199,0,72000,6281,2580,0.000000000,9.053409001,10.073812000,3.284733000,0.000859000,3.285592000,14.707629000,0,17
1658137214.724818468,1785561764.935579300,1762,754730,756109,1766,0,72000,7265,3126,0.000000000,10.086635000,11.083555000,3.795200000,0.001206000,3.796406000,16.543459000,0,15
1658137214.824919224,1785561765.034985065,1763,756109,757090,1432,0,72000,7177,3064,0.000000000,10.363007999,11.376708000,3.335564000,0.000989000,3.336553000,16.140227000,0,10
1658137214.924751043,1785561765.111883163,1764,757090,758157,1573,0,72000,7231,3115,0.000000000,9.967610000,10.927987000,3.339030000,0.001113000,3.340143000,15.588053000,0,14
1658137215.024846077,1785561765.235194206,1765,758157,758909,1483,0,72000,7263,3048,0.000000000,10.144640000,11.088470000,3.856853000,0.002022000,3.858875000,16.375601000,0,13
1658137215.124826670,1785561765.335098267,1766,758909,759989,1668,0,72000,7028,3070,0.000000000,9.956133000,10.953645000,4.105783000,0.000956000,4.106739000,16.339859000,0,13
1658137215.224909544,1785561765.432017565,1767,759989,760777,1121,0,72000,6355,2681,0.000000000,8.435820000,9.240049000,2.914915000,0.000984000,2.915899000,13.435840000,0,10
1658137215.324845076,1785561765.515475035,1768,759341,760841,2147,0,72000,8071,3500,0.000000000,11.122719000,12.407066000,4.549699000,0.001032000,4.550731000,18.328062000,0,15
1658137215.424813986,1785561765.638318300,1769,760841,761776,1803,0,72000,8232,3598,0.000000000,11.372748000,12.503951000,5.006985000,0.000938000,5.007923000,18.971704000,0,11
1658137215.524906635,1785561765.732557297,1770,761776,762734,1407,0,72000,6320,2617,0.000000000,8.404681000,9.238186000,3.175883000,0.000949000,3.176832000,13.927535000,0,13
1658137215.624753714,1785561765.830123663,1771,762734,763492,1074,0,72000,5776,2364,0.000000000,7.723993000,8.473614000,2.248033000,0.001090000,2.249123000,11.788977000,0,18
1658137215.724843025,1785561765.938317537,1772,763492,764792,1942,0,72000,8111,3393,0.000000000,11.808555999,13.006018000,4.506204000,0.001313000,4.507517000,19.013253000,0,12
1658137215.824812889,1785561766.008254528,1773,764792,765474,1073,0,72000,6290,2556,0.000000000,8.647825000,9.449488000,2.334730000,0.001161000,2.335891000,13.038709000,0,11
1658137215.924895048,1785561766.134715319,1774,765474,766124,1323,0,72000,6985,2839,0.000000000,9.832797001,10.743171000,3.604024000,0.000945000,3.604969000,15.678529000,0,18
1658137216.024750233,1785561766.234073162,1775,766124,766836,1189,0,72000,6683,2805,0.000000000,9.573856000,10.727055000,2.992795000,0.001264000,2.994059000,15.124438000,0,17
1658137216.124831915,1785561766.339388609,1776,766836,767559,1896,0,72000,8129,3579,0.000000000,11.545111000,12.709832000,5.385214000,0.000897000,5.386111000,19.856870000,0,10
1658137216.224906921,1785561766.410822153,1777,767559,768361,1269,0,72000,6550,2740,0.000000000,9.720195000,10.692794000,3.131867000,0.001354000,3.133221000,15.137826000,0,3
1658137216.324812651,1785561766.539494753,1778,768361,769408,1925,0,72000,8382,3545,0.000000000,11.859511000,12.971218000,5.326837000,0.000892000,5.327729000,19.853493000,0,12
1658137216.424903393,1785561766.634860516,1779,769408,770168,1458,0,72000,7177,3194,0.000000000,10.094536000,11.066516000,3.462545000,0.000938000,3.463483000,16.114744000,0,17
1658137216.524739027,1785561766.732555866,1780,770168,770945,1300,0,72000,6184,2655,0.000000000,8.224244000,9.062737000,3.405491000,0.000884000,3.406375000,13.774222000,0,18
1658137216.624824762,1785561766.840210676,1781,770945,772116,1754,0,72000,7893,3339,0.000000000,11.113486000,12.195233000,6.756912000,0.000875000,6.757787000,20.650674000,0,16
1658137216.724911213,1785561766.932350397,1782,765011,765929,1203,0,72000,6020,2503,0.000000000,7.986504999,9.137829000,2.688386000,0.000943000,2.689329000,13.719062000,0,16
1658137216.824757338,1785561767.032628298,1783,765929,766775,1041,0,72000,6471,2731,0.000000000,9.203921999,10.153438000,2.292026000,0.001074000,2.293100000,13.683753000,0,16
1658137216.924847841,1785561767.133417845,1784,766775,767842,1312,0,72000,6238,2556,0.000000000,8.382326000,9.188236000,4.035444000,0.001083000,4.036527000,14.488969000,0,17
1658137217.024827957,1785561767.235222101,1785,766108,767388,1631,0,72000,7177,2958,0.000000000,10.107013000,11.026776000,3.639296000,0.000934000,3.640230000,16.229590000,0,15
1658137217.124922037,1785561767.334796190,1786,767388,768344,1425,0,72000,6977,3055,0.000000000,10.280887000,11.243195000,3.439918000,0.001096000,3.441014000,15.994624000,0,18
1658137217.224766493,1785561767.433150768,1787,768344,769011,904,0,72000,5802,2428,0.000000000,8.027910999,8.825304000,4.019298000,0.001172000,4.020470000,14.320493000,0,17
1658137217.324890852,1785561767.533111572,1788,769011,769392,1602,0,72000,6574,2886,0.000000000,8.512608000,9.410051000,3.492350000,0.000943000,3.493293000,14.230267000,0,15
1658137217.424726009,1785561767.630595446,1789,769392,770240,1233,0,72000,5573,2372,0.000000000,7.519221000,8.259784000,2.718993000,0.001063000,2.720056000,12.177728000,0,21
1658137217.524807215,1785561767.736332178,1790,770240,771323,1741,0,72000,7565,3241,0.000000000,10.713553000,11.756347000,4.079194000,0.000972000,4.080166000,17.337670000,0,20
1658137217.624895334,1785561767.836555243,1791,771323,771537,1506,0,72000,7764,3273,0.000000000,10.430975000,11.475553000,4.642097000,0.001245000,4.643341999,17.547603000,0,18
1658137217.724725008,1785561767.935155630,1792,771537,772608,1397,0,72000,7292,3061,0.000000000,10.257804000,11.233866000,3.240456000,0.001038000,3.241494000,15.893925000,0,14
1658137217.824827671,1785561768.034552574,1793,772608,773583,1393,0,72000,7140,2996,0.000000000,9.971414000,11.115988000,3.137721000,0.001061000,3.138782000,15.651743000,0,17
1658137217.924925089,1785561768.134471655,1794,773583,774544,1472,0,72000,7053,3029,0.000000000,9.920501000,11.063687000,3.061295000,0.001139000,3.062434000,15.526478000,0,18
1658137218.024762869,1785561768.235299826,1795,774544,775425,1446,0,72000,7292,3258,0.000000000,9.796942000,10.844099000,3.800343000,0.001809000,3.802152000,16.322403000,0,17
1658137218.124853611,1785561768.333267450,1796,775425,776057,1248,0,72000,6380,2702,0.000000000,8.844447999,9.751992000,3.182957000,0.001079000,3.184036000,14.301876000,0,17
1658137218.224816084,1785561768.432962656,1797,776057,776898,1267,0,72000,6406,2776,0.000000000,8.747083000,9.613904000,3.146539000,0.000931000,3.147470000,14.085934000,0,17
1658137218.324908495,1785561768.535767078,1798,776772,777567,1511,0,72000,7506,3235,0.000000000,10.047827000,11.101662000,3.985208000,0.001034000,3.986242000,16.586260000,0,18
1658137218.424740076,1785561768.636294127,1799,777567,778474,1640,0,72000,6977,2968,0.000000000,10.127194001,11.127367000,4.296468000,0.001052000,4.297519999,16.823387000,0,22
1658137218.524840117,1785561768.738157034,1800,778345,779661,1770,0,72000,7430,3356,0.000000000,10.244000999,11.312578000,5.521214000,0.001039000,5.522253000,18.233025000,0,16
1658137218.624915361,1785561768.834389210,1801,776582,777507,1252,0,72000,6622,2796,0.000000000,9.551473000,10.840281000,3.151023000,0.001213000,3.152236000,15.578851000,0,12
1658137218.724756956,1785561768.934257507,1802,777507,778587,1495,0,72000,6617,2916,0.000000000,8.481360000,9.395080000,3.450639000,0.001087000,3.451726000,14.407126000,0,18
1658137218.824848175,1785561770.829970360,1803,778587,779599,1376,0,72000,6985,3013,0.000000000,9.260969000,10.481330000,3.097526000,0.000876000,3.098402000,14.928220000,0,18
1658137218.924819231,1785561770.936057568,1804,779599,780488,1242,0,72000,6703,2699,0.000000000,9.579930000,21.677436000,67.853471000,0.000922000,67.854393000,95.362049000,0,1
1658137219.024904966,1785561770.953713179,1805,780488,781103,634,0,72000,6703,2699,0.000000000,10.140292999,10.841841000,1.477274000,0.001075000,1.478349000,13.217117000,0,2
1658137219.124753475,1785561770.970609426,1806,781103,781662,578,0,72000,6703,2712,0.000000000,9.210052000,9.869698000,1.798432000,0.000654000,1.799086000,12.428770000,0,3
1658137219.224830389,1785561770.988288879,1807,781662,782205,562,0,72000,6703,2709,0.000000000,9.619612000,10.282660000,1.391626000,0.000694000,1.392320000,12.406870000,0,4
1658137219.324821711,1785561771.008032322,1808,782205,782721,535,0,72000,6703,2710,0.000000000,9.869943000,10.559721000,1.468725000,0.001084000,1.469809000,13.180001000,1,6
1658137219.424916267,1785561771.032795191,1809,782721,783230,527,0,72000,6703,2706,0.000000000,9.954568000,10.779754000,1.445487000,0.001016000,1.446503000,13.210469000,6,12
1658137219.524755001,1785561771.057808399,1810,783230,783742,530,0,72000,6703,2708,0.000000000,10.055088000,10.982482000,1.465969000,0.001471000,1.467440000,13.424170000,11,13
1658137219.624850988,1785561771.084239721,1811,783742,784252,528,0,72000,6703,2706,0.000000000,11.412384000,12.203773000,1.553354000,0.001059000,1.554413000,14.688243000,12,23
1658137219.724823236,1785561771.108783007,1812,784252,784760,525,0,72000,6703,2709,0.000000000,9.985333000,10.696896000,1.674457000,0.000897000,1.675354000,13.743342000,11,25
1658137219.824922562,1785561771.132030010,1813,784760,785244,501,0,72000,6703,2712,0.000000000,9.847101001,10.799378000,1.395269000,0.000844000,1.396113000,12.972657000,11,25
1658137219.924762249,1785561771.158737898,1814,785244,785731,504,0,72000,6703,2711,0.000000000,9.627166000,10.324720000,2.279978000,0.000733000,2.280711000,13.785473000,10,25
1658137220.024853945,1785561771.184222698,1815,785731,786234,520,0,72000,6703,2713,0.000000000,10.097908000,10.776810000,2.126125000,0.000642000,2.126767000,14.078740000,9,25
1658137220.124809980,1785561771.208018780,1816,786234,786741,524,0,72000,6703,2713,0.000000000,10.493491000,11.196541000,2.023260000,0.000600000,2.023860000,13.965635000,8,35
1658137220.224898338,1785561771.233040571,1817,786741,787243,519,0,72000,6703,2712,0.000000000,9.799686000,10.389956000,2.192859000,0.000511000,2.193370000,13.454945000,8,35
1658137220.324867487,1785561771.260979652,1818,787243,768797,503,0,72000,6703,2715,0.000000000,9.490985000,10.071803000,5.029530000,0.000660000,5.030190000,16.505049000,7,35
1658137220.424827337,1785561771.281142235,1819,768797,769114,501,0,72000,6703,2714,0.000000000,7.630373000,8.451008000,1.862902000,0.000473000,1.863375000,11.982862000,6,35
1658137220.524907589,1785561771.305077076,1820,769114,768985,482,0,72000,6703,2714,0.000000000,7.251974000,7.763256000,1.426265000,0.000664000,1.426929000,11.118650000,5,45
1658137220.624755383,1785561771.329334021,1821,768985,768889,478,0,72000,6703,2712,0.000000000,7.585849000,8.060050000,1.359363000,0.000825000,1.360188000,10.199985000,5,45
1658137220.724837303,1785561771.364758968,1822,768889,772949,4458,0,72000,6691,2557,0.000000000,10.034875000,10.833360000,6.218313000,0.001068000,6.219381000,18.929977000,4,44
1658137220.824918270,1785561771.390439510,1823,772949,778129,5626,0,72000,6629,1625,0.000000000,9.665353000,10.181504000,8.195461000,0.000915000,8.196376000,19.810644000,3,52
1658137220.924757004,1785561771.418224096,1824,778129,782759,5137,0,72000,6904,2064,0.000000000,10.942043000,11.607859000,8.849913000,0.000999000,8.850912000,22.275481000,2,42
1658137221.024841070,1785561771.440293550,1825,782759,786344,4192,0,72000,6068,1821,0.000000000,9.563903000,10.182371000,7.264995000,0.001003000,7.265998000,19.185085000,1,30
1658137221.124922991,1785561771.467683077,1826,786344,790565,4841,0,72000,7302,2032,0.000000000,10.863677000,11.498532000,8.473949000,0.000753000,8.474702000,21.365547000,1,21
1658137221.224762678,1785561771.488142490,1827,790565,793709,3661,0,72000,5484,1369,0.000000000,8.741389000,9.208623000,6.838501000,0.000542000,6.839043001,17.573533000,0,12
1658137221.324819088,1785561771.516948462,1828,793709,797233,4071,0,72000,6025,1528,0.000000000,9.142916000,9.661030000,9.633054000,0.000885000,9.633939000,20.567207000,0,10
1658137221.424903154,1785561771.640419006,1829,797233,801028,4421,0,72000,6271,1506,0.000000000,10.041236000,10.704136000,8.444728000,0.000973000,8.445701000,20.557048000,0,17
1658137221.524731874,1785561771.740772247,1830,801028,805001,4548,0,72000,6498,1623,0.000000000,10.606386000,11.144179000,8.371200000,0.000921000,8.372121000,20.832333000,0,15
1658137221.624809980,1785561771.844532251,1831,805001,809257,5031,0,72000,7329,1801,0.000000000,11.680462000,12.251045000,10.354638000,0.000889000,10.355527000,24.061798000,0,12
1658137221.724907637,1785561771.941669703,1832,809257,813352,4716,0,72000,6986,1595,0.000000000,11.062466000,11.599130000,8.578882000,0.001034000,8.579916000,21.539502000,0,17
1658137221.824752331,1785561772.042377234,1833,813352,817353,4642,0,72000,6920,1470,0.000000000,11.435313000,11.991027000,8.995559000,0.000998000,8.996557000,22.342614000,0,17
1658137221.924831629,1785561772.149140596,1834,817353,822544,6181,0,72000,8558,1907,0.000000000,13.867503000,14.515718000,11.655183000,0.001268000,11.656451000,27.795396000,0,17
1658137222.024929047,1785561772.239479542,1835,822544,825687,3869,0,72000,5625,1190,0.000000000,8.539602000,8.999627000,9.399614000,0.000881000,9.400495000,19.736478000,0,12
1658137222.124789953,1785561772.340930462,1836,825687,829038,4068,0,72000,6309,1305,0.000000000,9.940135000,10.395085000,8.914083000,0.001233000,8.915316000,20.732806000,0,15
1658137222.224886417,1785561772.442354202,1837,829038,832655,4389,0,72000,6643,1347,0.000000000,10.605593000,11.074896000,9.941997000,0.001265000,9.943262000,22.402019000,0,11
1658137222.324861288,1785561772.544039488,1838,832655,836848,4935,0,72000,7323,1504,0.000000000,11.924896000,12.474777000,9.657306000,0.000971000,9.658277000,23.540336000,0,10
1658137222.424710989,1785561772.642311096,1839,836848,840805,4597,0,72000,6697,1302,0.000000000,11.330168000,11.792323000,8.901758000,0.001073000,8.902831000,22.093486000,0,19
1658137222.524911880,1785561772.747520685,1840,840805,845722,5671,0,72000,8203,1736,0.000000000,12.879134000,13.447140000,11.393395000,0.000835000,11.394230000,26.366511000,0,24
1658137222.624749660,1785561772.842870712,1841,845722,849412,4344,0,72000,6462,1124,0.000000000,10.462665000,10.868665000,9.854099000,0.001191000,9.855290000,22.476599000,0,15
1658137222.724843979,1785561772.922780275,1842,849412,853094,4495,0,72000,6651,1348,0.000000000,11.259700000,11.850515000,11.005870000,0.000808000,11.006678000,24.265449000,0,11
1658137222.824803352,1785561773.045628071,1843,853094,857676,5266,0,72000,7536,1572,0.000000000,12.191630000,12.718063000,10.681952000,0.000992000,10.682944000,24.835961000,0,11
1658137222.924897432,1785561773.142605782,1844,857676,861184,4161,0,72000,6273,1179,0.000000000,11.027730000,11.484303000,9.752596000,0.001322000,9.753918000,22.569404000,0,12
1658137223.024738550,1785561773.244173050,1845,861184,865633,4973,0,72000,7177,1311,0.000000000,11.522107000,11.964944000,10.028184000,0.001046000,10.029230000,23.402571000,0,19
1658137223.124830246,1785561773.370628595,1846,865633,869831,4300,0,72000,6522,1118,0.000000000,10.992123000,11.394672000,37.717107000,0.001219000,37.718326000,50.490291000,0,19
1658137223.224917173,1785561773.444852114,1847,869831,874706,4972,0,72000,7348,1253,0.000000000,15.379634000,15.841393000,6.406819000,0.000987000,6.407806000,23.911285000,0,10
1658137223.324897528,1785561773.544832230,1848,874706,879909,5282,0,72000,7686,1393,0.000000000,13.338869000,13.957347000,7.805961000,0.000327000,7.806288000,23.866786000,0,18
1658137223.424739122,1785561773.640493393,1849,873156,876555,4201,0,72000,6584,1227,0.000000000,11.267389000,13.037087000,26.606261000,0.000913000,26.607174000,41.139186000,0,17
1658137223.524824858,1785561773.747058630,1850,876551,881094,5149,0,72000,8165,1414,0.000000000,12.548856001,13.047416000,11.109626000,0.000920000,11.110546000,25.746553000,0,20
1658137223.624916315,1785561773.842087746,1851,881094,884861,4304,0,72000,6715,1217,0.000000000,10.791686999,11.252671000,9.105473000,0.001045000,9.106518000,21.792591000,0,15
1658137223.724768400,1785561773.943312883,1852,884858,888551,4219,0,72000,6662,1177,0.000000000,11.057650000,11.583911000,9.862553000,0.001051000,9.863604000,22.901842000,0,18
1658137223.824860573,1785561774.044899702,1853,888542,892495,4625,0,72000,6955,1304,0.000000000,11.437071001,11.913084000,10.554058000,0.000871000,10.554929000,24.163292000,0,11
1658137223.924824715,1785561774.141834497,1854,892495,896257,4297,0,72000,6758,1232,0.000000000,11.470312000,11.932213000,8.255892000,0.001162000,8.257054000,21.564344000,0,18
1658137224.024916887,1785561774.242836714,1855,896257,899527,3784,0,72000,5813,1104,0.000000000,9.144604001,9.604336000,10.876023000,0.001064000,10.877087000,21.757172000,0,18
1658137224.124768496,1785561774.346564293,1856,899527,903845,5155,0,72000,8348,1555,0.000000000,12.774079999,13.314676000,10.413227000,0.001079000,10.414306000,25.229968000,0,15
1658137224.224853039,1785561774.440328598,1857,903845,907336,4037,0,72000,6053,1068,0.000000000,10.519258000,10.923813000,8.018125000,0.001436000,8.019561000,20.431953000,0,18
1658137224.324813843,1785561774.540325165,1858,907336,911014,4252,0,72000,6279,1103,0.000000000,10.180596000,10.661434000,9.187659000,0.001029000,9.188688000,21.206005000,0,17
1658137224.424897194,1785561774.642457247,1859,911014,914798,4632,0,72000,7063,1234,0.000000000,10.870526000,11.370083000,9.980162000,0.001116000,9.981278000,22.723282000,0,18
1658137224.524732113,1785561774.737506151,1860,914798,917789,3529,0,72000,5534,886,0.000000000,8.871306999,9.210305000,8.104486000,0.000933000,8.105419000,18.578280000,0,25
1658137224.624825954,1785561774.844784021,1861,917789,922286,5264,0,72000,7776,1338,0.000000000,12.730284000,13.220296000,9.969942000,0.000863000,9.970805000,24.790023000,0,11
1658137224.724922419,1785561774.946168900,1862,922286,926716,5317,0,72000,7997,1402,0.000000000,13.323549000,13.823146000,10.948817000,0.001116000,10.949933000,26.308374000,0,12
1658137224.824769974,1785561775.044735670,1863,926716,930565,4648,0,72000,6867,1173,0.000000000,11.183065000,11.633359000,11.814040000,0.000975000,11.815015000,24.787754000,0,17
1658137224.924862862,1785561775.145005226,1864,930565,934896,5274,0,72000,8009,1385,0.000000000,12.724532000,13.201961000,10.493055000,0.001087000,10.494142000,25.291887000,0,18
1658137225.024823666,1785561775.251367569,1865,934896,940337,6491,0,72000,9382,1762,0.000000000,14.911161000,15.515799000,13.015510000,0.000814000,13.016324000,30.488088000,0,13
1658137225.124918222,1785561775.343035221,1866,940337,943612,4198,0,72000,6375,947,0.000000000,10.801817000,11.193708000,10.937708000,0.000875000,10.938583000,23.506265000,0,14
1658137225.224763155,1785561775.442170382,1867,943612,947203,4458,0,72000,6705,1182,0.000000000,11.035567000,11.476795000,9.938559000,0.001019000,9.939578000,22.823260000,0,18
1658137225.324831963,1785561775.544303179,1868,947203,951276,4997,0,72000,7675,1302,0.000000000,11.991572000,12.494302000,10.342869000,0.001897000,10.344766000,24.444604000,0,10
1658137225.424926519,1785561775.624572754,1869,951276,955825,5524,0,72000,7994,1498,0.000000000,13.665766000,14.181747000,10.958469000,0.001017000,10.959486000,26.679799000,0,10
1658137225.524765730,1785561775.743238211,1870,955825,959425,4493,0,72000,6972,1199,0.000000000,11.175155000,11.658532000,10.642946000,0.001080000,10.644026000,23.564016000,0,22
1658137225.624856234,1785561775.899560452,1871,959425,963719,4934,0,72000,7232,1233,0.000000000,13.291184000,13.792742000,63.600815000,0.001075000,63.601890000,78.982226000,0,17
1658137225.724806070,1785561775.940906525,1872,963719,968052,4395,0,72000,6769,1088,0.000000000,11.466492999,11.872863000,7.541987000,0.001089000,7.543076000,21.407496000,0,10
1658137225.824879169,1785561776.041133165,1873,968052,972532,4537,0,72000,6945,1159,0.000000000,12.414644000,12.825748000,7.121475000,0.001612000,7.123087000,21.395219000,0,15
1658137225.924712658,1785561776.118504524,1874,972532,977082,4643,0,72000,7142,1148,0.000000000,12.777146000,13.179851000,6.734176000,0.000923000,6.735099000,21.491543000,0,17
1658137226.024929285,1785561776.241188288,1875,977082,981600,4604,0,72000,6712,1090,0.000000000,12.190960000,12.573854000,8.102416000,0.000722000,8.103138000,22.026934000,0,18
1658137226.124763727,1785561776.353205442,1876,971786,975138,4530,0,72000,6998,1182,0.000000000,10.810261999,12.501404000,18.764966000,0.000824000,18.765790000,33.406080000,0,18
1658137226.224848270,1785561776.439262867,1877,975138,978491,4080,0,72000,6181,1007,0.000000000,9.799797000,10.232322000,8.137396000,0.000989000,8.138385000,19.773627000,0,17
1658137226.324832916,1785561776.535944223,1878,978491,981035,3231,0,72000,5488,818,0.000000000,8.354018000,8.822450000,6.748591000,0.000808000,6.749399000,17.303187000,0,18
1658137226.424921751,1785561776.618892431,1879,981035,985253,4896,0,72000,7551,1302,0.000000000,11.100232000,11.575710000,8.665439000,0.000733000,8.666172000,21.816417000,0,15
1658137226.524767160,1785561776.745682240,1880,985253,989710,5385,0,72000,7824,1235,0.000000000,12.409383000,12.864718000,10.903169000,0.001098000,10.904267000,25.450328000,0,23
1658137226.624843597,1785561776.841675758,1881,989710,993910,4930,0,72000,7049,1200,0.000000000,10.591851001,11.110128000,9.590341000,0.000864000,9.591205001,22.151425000,0,17
1658137226.724808216,1785561776.944135904,1882,993910,998017,4939,0,72000,7348,1218,0.000000000,11.557582000,12.018873000,10.407884000,0.000804000,10.408688000,24.017314000,0,18
1658137226.824886322,1785561777.045986891,1883,998017,1002059,4826,0,72000,7051,1114,0.000000000,10.946800001,11.432938000,13.429150000,0.000883000,13.430033000,26.235254000,0,14
1658137226.924728394,1785561777.143262148,1884,1002059,1005717,4517,0,72000,6677,1159,0.000000000,11.277729000,11.716986000,10.496404000,0.000784000,10.497188000,23.745688000,0,14
1658137227.024819136,1785561777.243190050,1885,1005717,1009684,4853,0,72000,6826,1179,0.000000000,11.273869000,11.709943000,10.444362000,0.000717000,10.445079000,23.601121000,0,17
1658137227.124918222,1785561777.343569517,1886,1009684,1013144,4488,0,72000,6787,1247,0.000000000,10.501280000,10.980514000,11.621063000,0.000799000,11.621862000,24.017166000,0,18
1658137227.224760532,1785561777.439610004,1887,1013144,1016158,3667,0,72000,5679,808,0.000000000,11.142023000,11.561719000,7.960837000,0.000791000,7.961628000,20.868779000,0,17
1658137227.324924469,1785561777.543441296,1888,1016158,1020046,4807,0,72000,6764,1054,0.000000000,10.750490001,11.136034000,10.810051000,0.000845000,10.810896000,23.316928000,0,15
1658137227.424761057,1785561777.646169186,1889,1020046,1024407,5147,0,72000,7082,1238,0.000000000,11.346596001,11.777777000,11.802196000,0.000763000,11.802959000,25.005278000,0,18
1658137227.524842739,1785561777.742872477,1890,1024269,1028047,4523,0,72000,6536,1107,0.000000000,10.299600000,10.732086000,10.698470000,0.000751000,10.699221000,22.828874000,0,14
1658137227.624817848,1785561777.842700958,1891,1028047,1031955,4853,0,72000,6929,1054,0.000000000,10.704865000,11.084476000,10.812642000,0.000827000,10.813469000,23.275899000,0,18
1658137227.724897861,1785561777.950344801,1892,1031955,1036033,4529,0,72000,7005,969,0.000000000,11.372772000,11.751007000,17.255751000,0.000897000,17.256648000,30.527189000,0,14
1658137227.824743986,1785561778.043685436,1893,1031456,1035837,4876,0,72000,7104,1131,0.000000000,10.735843000,11.153559000,10.038121000,0.000785000,10.038906000,23.338218000,0,17
1658137227.924842834,1785561778.122566223,1894,1035837,1040860,5597,0,72000,7754,1192,0.000000000,11.352843000,11.791321000,12.832819000,0.000726000,12.833545000,26.023961000,0,14
1658137228.024933338,1785561778.234375238,1895,1040860,1043778,3263,0,72000,4795,781,0.000000000,7.355270000,7.691847000,6.723772000,0.001030000,6.724802000,15.793259000,0,16
1658137228.124762774,1785561778.340663433,1896,1043778,1047423,4357,0,72000,6283,943,0.000000000,9.483252999,9.908100000,10.273540000,0.000893000,10.274433000,21.585474000,0,11
1658137228.224855900,1785561778.443482399,1897,1047423,1051492,4798,0,72000,6650,1167,0.000000000,10.184329000,10.644457000,10.981699000,0.001189000,10.982888000,23.026477000,0,18
1658137228.324835300,1785561778.551167250,1898,1051417,1056903,6229,0,72000,8532,1455,0.000000000,13.453143000,14.059381000,13.737888000,0.001111000,13.738999000,29.906971000,0,12
1658137228.424814224,1785561778.639588594,1899,1056903,1060750,4364,0,72000,6007,986,0.000000000,9.065568000,9.435061000,9.543303000,0.000750000,9.544053000,20.368631000,0,12
1658137228.524919033,1785561778.748742580,1900,1060535,1065627,5780,0,72000,7643,1395,0.000000000,12.044121000,12.537437000,13.918888000,0.000756000,13.919644000,27.984113000,0,24
1658137228.624759912,1785561778.848538399,1901,1065137,1070202,5720,0,72000,7757,1390,0.000000000,11.902686999,12.383661000,13.479696000,0.000880000,13.480576000,27.480000000,0,17
1658137228.724857092,1785561778.946929932,1902,1069737,1074685,5570,0,72000,7724,1324,0.000000000,11.750216001,12.214948000,12.556907000,0.000767000,12.557674000,26.236169000,0,18
1658137228.824826002,1785561779.081872940,1903,1074632,1078982,4738,0,72000,6698,1145,0.000000000,10.545247000,11.033735000,49.382135000,0.000815000,49.382950000,61.806404000,0,17
1658137228.924911499,1785561779.141016245,1904,1078982,1084157,5265,0,72000,7279,1188,0.000000000,11.888794000,12.310539000,7.077352000,0.000933000,7.078285000,20.844768000,0,10
1658137229.024765491,1785561779.243919849,1905,1084157,1089733,5657,0,72000,7796,1447,0.000000000,12.492965000,12.983205000,9.052550000,0.000308000,9.052858000,23.722641000,0,19
1658137229.124861002,1785561779.319180489,1906,1089733,1094510,4857,0,72000,6840,1199,0.000000000,12.043746000,12.503051000,7.877201000,0.000262000,7.877463000,21.776339000,0,11
1658137229.224833488,1785561779.428454161,1907,1086820,1090101,4870,0,72000,6864,1192,0.000000000,10.835006000,11.430567000,17.411275000,0.001056000,17.412331000,30.353944000,0,10
1658137229.324802876,1785561779.528332472,1908,1090101,1094563,5660,0,72000,8043,1473,0.000000000,13.012479000,14.731541000,13.884471000,0.000772000,13.885243000,30.030796000,0,15
1658137229.424877644,1785561779.627125740,1909,1094563,1098662,5038,0,72000,7292,1193,0.000000000,14.192530001,14.859864000,13.458787000,0.000723000,13.459509999,29.744420000,0,10
1658137229.524720669,1785561779.718704700,1910,1098662,1102257,4389,0,72000,6471,1040,0.000000000,10.691356000,11.495035000,9.488319000,0.000787000,9.489106000,22.330221000,0,5
1658137229.624928474,1785561779.843981743,1911,1102257,1105964,4448,0,72000,6273,1151,0.000000000,10.032133000,10.957800000,12.043476000,0.000940000,12.044416000,24.263167000,0,14
1658137229.724765539,1785561779.921549559,1912,1105341,1109698,5062,0,72000,7238,1289,0.000000000,11.513097000,12.467578000,11.436412000,0.000737000,11.437149000,25.325906000,0,15
1658137229.824869871,1785561780.024352551,1913,1109640,1114189,5285,0,72000,7368,1151,0.000000000,12.382360000,13.453459000,10.879951000,0.000676000,10.880627000,25.879395000,0,13
1658137229.924717426,1785561780.146275759,1914,1114059,1118203,5061,0,72000,7388,1282,0.000000000,11.295118000,12.270742000,12.739281000,0.000735000,12.740016000,26.398886000,0,17
1658137230.024933577,1785561780.251036644,1915,1118203,1123350,6055,0,72000,8283,1542,0.000000000,12.285981000,13.372530000,13.028612000,0.000916000,13.029528000,28.027863000,0,11
1658137230.124783516,1785561780.347715616,1916,1122448,1127185,5125,0,72000,7254,1229,0.000000000,11.587265000,12.027648000,13.668546000,0.000803000,13.669349000,27.388701000,0,14
1658137230.224872589,1785561780.424818754,1917,1124556,1128285,4212,0,72000,6221,1007,0.000000000,14.396461000,15.220442000,10.397384000,0.000766000,10.398150000,27.010197000,0,11
1658137230.324909925,1785561780.525569201,1918,1128139,1133170,5706,0,72000,8340,1529,0.000000000,13.111836000,13.774949000,11.919896000,0.000719000,11.920615000,27.278942000,0,4
1658137230.424737453,1785561780.642730951,1919,1133170,1137088,4575,0,72000,6884,1218,0.000000000,10.391723001,10.938048000,10.777286000,0.000885000,10.778171000,23.093200000,0,13
1658137230.524831057,1785561780.744713306,1920,1137088,1141191,4875,0,72000,7494,1213,0.000000000,11.883857000,12.401526000,10.930830000,0.000742000,10.931572000,24.746785000,0,24
1658137230.624909401,1785561780.823117495,1921,1140654,1144226,4487,0,72000,6917,1156,0.000000000,11.439997999,12.096220000,11.711434000,0.000846000,11.712280000,25.203040000,0,14
1658137230.724748135,1785561780.946498156,1922,1144226,1148447,5299,0,72000,7881,1231,0.000000000,12.204737000,12.709065000,12.165095000,0.000840000,12.165935000,26.443012000,0,18
1658137230.824830770,1785561781.027151108,1923,1148447,1151961,3960,0,72000,6151,997,0.000000000,9.602510000,10.082018000,18.532842000,0.000901000,18.533743000,30.104537000,0,13
1658137230.924922228,1785561781.118292332,1924,1151961,1156190,4297,0,72000,6765,1150,0.000000000,11.535815000,12.066303000,7.490152000,0.001168000,7.491320000,20.895835000,0,11
1658137231.024755478,1785561781.218502760,1925,1150467,1154435,4640,0,72000,6930,1261,0.000000000,10.236471001,10.843787000,9.828249000,0.000742000,9.828991000,22.032129000,0,10
1658137231.124829292,1785561781.317435741,1926,1154435,1158204,4378,0,72000,6759,1107,0.000000000,9.948268000,10.561346000,8.516016000,0.000947000,8.516963000,20.397978000,0,17
1658137231.224919558,1785561781.420985937,1927,1158204,1162098,4741,0,72000,7513,1167,0.000000000,11.823752000,12.290563000,10.060670000,0.000695000,10.061365000,23.906784000,0,17
1658137231.324827909,1785561781.539080381,1928,1162098,1164975,3695,0,72000,6215,1001,0.000000000,9.563622000,9.996447000,8.459745000,0.001001000,8.460746000,19.815539000,0,18
1658137231.424916983,1785561781.688846588,1929,1118036,1058886,4316,467525,72000,6899,1092,0.000000000,11.473601000,12.007005000,41.625958000,13.596685000,55.222643000,68.613875000,0,14
1658137231.524749279,1785561781.734539747,1930,1058886,1063327,4509,0,72000,7419,1317,0.000000000,12.304488000,12.832129000,6.736114000,0.001394000,6.737508000,36.928148000,0,10
1658137231.624845982,1785561781.834873915,1931,1063327,1066527,3245,0,72000,5478,855,0.000000000,9.563743000,9.921831000,5.115168000,0.000809000,5.115977000,16.260406000,0,21
1658137231.724813223,1785561781.915794134,1932,1066527,1070053,3599,0,72000,6102,1042,0.000000000,10.410004000,10.814419000,7.114106000,0.000480000,7.114586000,19.193889000,0,10
1658137231.824890375,1785561782.044153452,1933,708686,711005,3901,0,72000,6807,1067,0.000000000,10.236985000,10.723032000,11.407007000,0.000833000,11.407840000,24.675826000,0,17
1658137231.924719810,1785561782.113854170,1934,711005,713326,3362,0,72000,6002,953,0.000000000,9.027335000,9.421595000,6.749181000,0.000952000,6.750133000,17.475845000,0,14
1658137232.024801254,1785561782.216022253,1935,713326,715873,3573,0,72000,6317,942,0.000000000,9.633819000,10.006873000,8.801944000,0.000983000,8.802927000,20.013457000,0,6
1658137232.124880552,1785561782.342646122,1936,715873,719333,4451,0,72000,7609,1267,0.000000000,11.708549000,12.192661000,9.459349000,0.001105000,9.460454000,23.084216000,0,16
1658137232.224717855,1785561782.445548296,1937,719333,722941,4797,0,72000,8457,1342,0.000000000,12.508617000,12.986468000,10.336875000,0.001091000,10.337966000,24.897438000,0,14
1658137232.324831486,1785561782.540298700,1938,722941,725580,3547,0,72000,6571,972,0.000000000,10.175592000,10.665398000,8.972986000,0.001038000,8.974024000,21.104722000,0,16
1658137232.424907684,1785561782.642958403,1939,725580,728151,3593,0,72000,6615,1008,0.000000000,10.270666000,10.682373000,11.455882000,0.001238000,11.457120000,23.555543000,0,17
1658137232.524739981,1785561782.738596439,1940,728151,730612,3448,0,72000,6590,1033,0.000000000,9.594434999,10.028029000,7.855339000,0.001282000,7.856621000,19.240804000,0,18
1658137232.624828815,1785561782.847050905,1941,730612,733011,4083,0,72000,7829,1290,0.000000000,11.630484000,12.121155000,12.174742000,0.001067000,12.175809000,26.267676000,0,19
1658137232.724923611,1785561782.944616795,1942,733011,735454,3376,0,72000,6828,1064,0.000000000,12.621528000,13.029563000,9.918829000,0.001393000,9.920221999,25.257712000,0,11
1658137232.824770927,1785561783.038078308,1943,735454,737418,2871,0,72000,5823,935,0.000000000,9.159908000,9.570956000,7.456275000,0.001215000,7.457490000,18.544509000,0,11
1658137232.924866676,1785561783.113924026,1944,737418,739195,2562,0,72000,5978,893,0.000000000,9.188954000,9.576858000,6.406683000,0.001154000,6.407837000,17.224771000,0,18
1658137233.024717331,1785561783.221638203,1945,739195,740847,3186,0,72000,7055,1065,0.000000000,11.396158000,12.041553000,10.567861000,0.001160000,10.569021000,24.019952000,0,18
1658137233.124917746,1785561783.336919308,1946,740847,742543,2541,0,72000,6029,909,0.000000000,9.675032000,10.049922000,6.646602000,0.000883000,6.647485000,18.031567000,0,11
1658137233.224753857,1785561783.412999868,1947,742543,744197,2544,0,72000,6299,916,0.000000000,9.890730000,10.331067000,6.119619000,0.001272000,6.120891000,17.614002000,0,8
1658137233.324828625,1785561783.517430544,1948,744197,745805,2651,0,72000,6648,985,0.000000000,10.395549000,10.832968000,8.412220000,0.001068000,8.413288000,20.715166000,0,8
1658137233.424921036,1785561783.644856691,1949,745805,747657,2901,0,72000,7271,1079,0.000000000,14.565014000,15.150748000,8.306755000,0.001278000,8.308033000,25.322734000,0,18
1658137233.524763346,1785561783.743891954,1950,747657,749369,2969,0,72000,7729,1309,0.000000000,13.894313000,14.631070000,7.760703000,0.001310000,7.762013000,24.356389000,0,17
1658137233.624847889,1785561783.839353800,1951,749369,750523,2330,0,72000,6130,941,0.000000000,10.288478000,10.749875000,8.263944000,0.001364000,8.265308000,20.403791000,0,20
1658137233.724928856,1785561783.938564539,1952,750523,752007,2327,0,72000,6421,935,0.000000000,10.075047000,10.446801000,6.846949000,0.001062000,6.848011000,19.169104000,0,13
1658137233.824769497,1785561784.045449495,1953,752007,753661,2919,0,72000,7545,1271,0.000000000,15.338228000,16.017366000,8.362249000,0.001345000,8.363594000,26.083496000,0,12
1658137233.924849033,1785561784.116467714,1954,753661,754950,2273,0,72000,6443,1021,0.000000000,10.006684000,10.381035000,8.047954000,0.000945000,8.048899000,19.810068000,0,10
1658137234.024809122,1785561784.241845846,1955,754950,756281,2457,0,72000,6644,1064,0.000000000,12.420294000,12.916246000,7.924851000,0.001061000,7.925912000,22.346239000,0,17
1658137234.124896765,1785561784.336146832,1956,756281,757508,2163,0,72000,6234,992,0.000000000,9.648053000,10.198241000,5.950910000,0.001023000,5.951933000,17.456868000,0,11
1658137234.224735022,1785561784.413948774,1957,757508,758747,2203,0,72000,6246,871,0.000000000,10.609928999,10.942289000,5.757138000,0.001141000,5.758279000,17.931970000,0,2
1658137234.324810505,1785561784.536408663,1958,758747,759754,2081,0,72000,6235,938,0.000000000,10.136789000,10.585184000,5.775814000,0.001185000,5.776999000,17.667461000,0,18
1658137234.424909592,1785561784.635792732,1959,759754,761041,2211,0,72000,6376,945,0.000000000,9.721776000,10.171572000,5.469397000,0.000999000,5.470396000,16.997001000,0,11
1658137234.524741411,1785561784.740383148,1960,761041,762268,2324,0,72000,7035,1022,0.000000000,10.764272000,11.172087000,7.474093000,0.001164000,7.475257000,20.003934000,0,17
1658137234.624813318,1785561784.840145111,1961,761867,763265,2666,0,72000,7367,1133,0.000000000,11.654549000,12.057952000,7.477686000,0.001414000,7.479100000,21.005180000,0,16
1658137234.724895716,1785561784.943158388,1962,763265,764451,2424,0,72000,7508,1093,0.000000000,15.102449000,15.644966000,6.741125000,0.001266000,6.742391000,23.949488000,0,11
1658137234.824749231,1785561785.018604755,1963,764451,765759,2435,0,72000,7466,1165,0.000000000,11.862742000,12.311085000,6.997044000,0.001026000,6.998070000,20.736268000,0,13
1658137234.924845219,1785561785.139986277,1964,765646,766692,2204,0,72000,6822,934,0.000000000,11.470716000,11.830050000,7.554439000,0.001267000,7.555705999,20.742447000,0,14
1658137235.024920464,1785561785.221194267,1965,766692,767922,2697,0,72000,8786,1349,0.000000000,15.054866999,15.774886000,7.441757000,0.000995000,7.442752000,24.847979000,0,10
1658137235.124757290,1785561785.317637682,1966,767922,768955,2459,0,72000,7536,1128,0.000000000,12.113158999,12.548700000,8.079242000,0.001074000,8.080316000,22.051399000,0,12
1658137235.224844456,1785561785.437708378,1967,768955,769958,2056,0,72000,7023,1027,0.000000000,10.694583000,11.069814000,6.033054000,0.000883000,6.033937000,18.428454000,0,14
1658137235.324820757,1785561785.537492752,1968,769958,770970,1986,0,72000,7287,1087,0.000000000,11.255268999,11.649564000,5.463606000,0.000990000,5.464596000,18.508865000,0,17
1658137235.424915791,1785561785.636473179,1969,770970,771609,1723,0,72000,6500,898,0.000000000,10.586241000,10.936685000,5.342568000,0.000962000,5.343530000,17.625097000,0,13
1658137235.524761438,1785561785.740251064,1970,771609,772433,2013,0,72000,7104,1118,0.000000000,12.394841000,12.817883000,6.547800000,0.001388000,6.549188000,20.738894000,0,18
1658137235.624840498,1785561785.837376833,1971,772433,773447,1975,0,72000,7019,1023,0.000000000,11.273347000,11.655296000,5.377967000,0.001003000,5.378970000,18.399329000,0,16
1658137235.724928617,1785561785.940498114,1972,773447,774416,2163,0,72000,7984,1209,0.000000000,12.548828000,13.018841000,6.670654000,0.001272000,6.671926000,21.158350000,0,21
1658137235.824764013,1785561786.038520813,1973,774416,775090,1540,0,72000,6092,898,0.000000000,11.640191000,12.011348000,5.221406000,0.001233000,5.222639000,18.542593000,0,13
1658137235.924868822,1785561786.134037733,1974,775090,775841,1509,0,72000,5854,875,0.000000000,9.647102000,10.000870000,4.164540000,0.000913000,4.165453000,15.443974000,0,15
1658137236.024707556,1785561786.238872766,1975,775841,776525,1763,0,72000,6921,933,0.000000000,12.120912000,12.481438000,5.717090000,0.001049000,5.718139000,19.584891000,0,17
1658137236.124918938,1785561786.335397959,1976,776525,777397,1615,0,72000,6396,906,0.000000000,10.773277000,11.116078000,4.304935000,0.000924000,4.305859000,16.758100000,0,17
1658137236.224753618,1785561786.438449621,1977,777397,777902,1839,0,72000,6845,999,0.000000000,11.212715000,11.595217000,5.913166000,0.001029000,5.914195000,18.945920000,0,18
1658137236.324822903,1785561786.537940025,1978,777902,778909,1825,0,72000,6971,1016,0.000000000,11.491820000,11.876352000,5.425990000,0.001130000,5.427120001,18.746823000,0,12
1658137236.424906731,1785561786.635679245,1979,778909,779615,1310,0,72000,5840,823,0.000000000,10.533287000,10.857518000,4.405450000,0.001700000,4.407150000,16.520896000,0,17
1658137236.524762392,1785561786.742533445,1980,779615,780391,1950,0,72000,7483,1166,0.000000000,13.357295001,13.971913000,6.892088000,0.001139000,6.893227000,23.015139000,0,17
1658137236.624854803,1785561786.838004827,1981,780391,781156,1536,0,72000,6563,931,0.000000000,12.025593000,12.414517000,5.189154000,0.001294000,5.190448000,18.959066000,0,23
1658137236.724826097,1785561786.940414190,1982,781156,781913,1815,0,72000,7079,1047,0.000000000,13.081508000,13.477229000,5.852710000,0.001670000,5.854380000,21.046346000,0,18
1658137236.824928999,1785561787.038033247,1983,781913,782744,1764,0,72000,7168,1049,0.000000000,11.663250000,12.056516000,5.293833000,0.001742000,5.295575000,18.916663000,0,11
1658137236.924747467,1785561787.114290237,1984,782744,783432,1647,0,72000,7670,1240,0.000000000,12.198654000,12.644863000,4.987889000,0.000943000,4.988832000,19.013387000,0,16
1658137237.024846792,1785561787.236595154,1985,783432,784197,1599,0,72000,6467,968,0.000000000,11.067443000,11.433794000,4.742583000,0.001008000,4.743591000,17.715489000,0,17
1658137237.124798536,1785561787.334576368,1986,784197,784663,1282,0,72000,6057,880,0.000000000,10.294402001,10.640465000,3.963591000,0.001109000,3.964700000,15.924949000,0,17
1658137237.224882603,1785561787.414586306,1987,784663,785239,1265,0,72000,6078,799,0.000000000,10.163579000,10.486425000,5.395418000,0.001110000,5.396528000,17.120286000,0,16
1658137237.324839354,1785561787.541175842,1988,785239,785835,1809,0,72000,7701,1159,0.000000000,14.220146999,14.677674000,5.928293000,0.001036000,5.929329000,22.088206000,0,18
1658137237.424931765,1785561787.636771441,1989,785835,786480,1543,0,72000,6363,1006,0.000000000,10.809563000,11.182619000,5.160111000,0.001050000,5.161161000,17.786452000,0,11
1658137237.524767399,1785561787.739761829,1990,786480,787153,1850,0,72000,7903,1141,0.000000000,13.032822000,13.492930000,5.663784000,0.000925000,5.664709000,20.604946000,0,13
1658137237.624852419,1785561787.838399887,1991,787153,787862,1673,0,72000,7713,1192,0.000000000,12.515430000,12.954763000,4.819749000,0.001008000,4.820757000,19.176201000,0,20
1658137237.724815845,1785561787.945276260,1992,787862,788457,2063,0,72000,8937,1351,0.000000000,15.455926000,16.002845000,7.285964000,0.001323000,7.287287000,25.115654000,0,21
1658137237.824905396,1785561788.015178204,1993,788457,788919,1468,0,72000,7117,1007,0.000000000,11.815356000,12.235327000,5.641234000,0.001039000,5.642273000,19.579152000,0,14
1658137237.924750090,1785561788.137549639,1994,788919,789515,1299,0,72000,6011,835,0.000000000,11.374748000,11.827413000,5.311461000,0.001111000,5.312572000,18.627177000,0,16
1658137238.024840117,1785561788.216418982,1995,789515,790262,1700,0,72000,7652,1124,0.000000000,13.056223001,13.482715000,4.733174000,0.001069000,4.734243000,19.692894000,0,10
1658137238.124934196,1785561788.316186428,1996,790262,790969,1634,0,72000,7828,1206,0.000000000,13.136366000,13.560617000,5.188631000,0.001116000,5.189747000,20.196641000,0,11
1658137238.224782228,1785561788.441543818,1997,790969,791420,1464,0,72000,7081,1037,0.000000000,14.414793000,14.849878000,5.329972000,0.001093000,5.331065000,21.911788000,0,18
1658137238.324721098,1785561788.537913799,1998,791420,791742,1092,0,72000,5761,816,0.000000000,11.333950000,11.691416000,4.603172000,0.001143000,4.604315000,17.673766000,0,12
1658137238.424808502,1785561788.613949776,1999,791742,792029,1175,0,72000,5613,793,0.000000000,11.357867001,11.743288000,4.548172000,0.002134000,4.550306000,17.504591000,0,14
1658137238.524906635,1785561788.716913462,2000,792029,792805,1658,0,72000,7136,994,0.000000000,13.644130000,14.088599000,5.110864000,0.001089000,5.111953000,20.678377000,0,10
1658137238.624745369,1785561788.819001913,2001,792805,793458,1414,0,72000,7329,1026,0.000000000,14.622520001,15.258288000,4.519173000,0.001997000,4.521170000,21.192296000,0,17
1658137238.724846601,1785561788.920487642,2002,793458,793892,1350,0,72000,6725,1042,0.000000000,15.020847000,15.427735000,5.010980000,0.001746000,5.012726001,21.930478000,0,12
1658137238.824810505,1785561789.043365002,2003,793892,794528,1340,0,72000,6233,874,0.000000000,13.533501000,13.905393000,5.650764000,0.001276000,5.652040000,21.216437000,0,13
1658137238.924903870,1785561789.145731688,2004,794528,795272,1670,0,72000,7841,1182,0.000000000,15.643940000,16.095684000,5.457729000,0.001562000,5.459291000,23.176417000,0,17
1658137239.024740934,1785561789.220534325,2005,795272,795722,1224,0,72000,5955,816,0.000000000,15.195441000,15.557306000,5.950966000,0.001184000,5.952150000,22.840794000,0,17
1658137239.124830723,1785561789.345898151,2006,795722,796275,1397,0,72000,6316,896,0.000000000,15.132195000,15.539960000,6.943582000,0.021844000,6.965426000,24.550435000,0,11
1658137239.224917173,1785561789.415360928,2007,796275,796629,1215,0,72000,6388,921,0.000000000,13.048755000,13.430537000,4.590826000,0.001238000,4.592064000,19.378453000,0,14
1658137239.324739218,1785561789.544267178,2008,796629,797220,1290,0,72000,6605,934,0.000000000,15.451796000,15.872121000,4.756501000,0.001119000,4.757620000,22.607827000,0,14
1658137239.424832344,1785561789.616894484,2009,797220,797626,1162,0,72000,6305,887,0.000000000,12.870627000,13.234697000,4.302850000,0.001168000,4.304018000,18.852082000,0,5
1658137239.524925232,1785561789.740932465,2010,797626,797663,1293,0,72000,6148,979,0.000000000,12.699760000,13.102296000,6.048915000,0.001007000,6.049921999,20.515460000,0,11
1658137239.624763250,1785561789.823618412,2011,797663,798433,1793,0,72000,8889,1356,0.000000000,17.567150000,18.297578000,6.223749000,0.001320000,6.225069000,26.200215000,0,12
1658137239.724857330,1785561789.917862892,2012,798433,799174,1403,0,72000,6804,984,0.000000000,14.566005000,14.995022000,4.531794000,0.000937000,4.532731000,20.950831000,0,13
1658137239.824802876,1785561790.036855698,2013,799174,799706,1225,0,72000,6234,891,0.000000000,11.203938000,11.557072000,3.792123000,0.001252000,3.793375000,17.118029000,0,12
1658137239.924892902,1785561790.115073442,2014,799706,800051,1359,0,72000,6455,1004,0.000000000,12.017026000,12.725166000,4.746056000,0.000985000,4.747041000,18.876329000,0,17
1658137240.024734735,1785561790.211172581,2015,800051,800181,1066,0,72000,5836,835,0.000000000,9.966512000,10.301782000,4.197762000,0.001037000,4.198799000,15.729702000,0,11
1658137240.124829292,1785561790.310975075,2016,800181,800656,1054,0,72000,5751,807,0.000000000,10.349773999,10.721967000,4.046771000,0.000976000,4.047747000,15.840303000,0,12
1658137240.224908590,1785561790.446433783,2017,800656,801185,1506,0,72000,8346,1246,0.000000000,17.910783000,18.418988000,5.314805000,0.001383000,5.316188000,26.280391000,0,16
1658137240.324875355,1785561790.535607100,2018,801185,801753,1274,0,72000,6320,977,0.000000000,11.039309000,11.405875000,3.834814000,0.001206000,3.836020000,16.530414000,0,11
1658137240.424711704,1785561790.613996267,2019,801753,802278,1132,0,72000,6149,838,0.000000000,12.154036000,12.519671000,3.836239000,0.000924000,3.837163000,17.661732000,0,17
1658137240.524810076,1785561790.711394548,2020,802278,802525,1080,0,72000,6283,898,0.000000000,11.057931000,11.405568000,3.752666000,0.001049000,3.753715000,16.398777000,0,10
1658137240.624907255,1785561790.814989328,2021,802525,803009,1251,0,72000,6874,1000,0.000000000,13.309167000,13.708869000,4.175350000,0.001143000,4.176493000,19.198903000,0,10
1658137240.724745750,1785561790.938578367,2022,803009,803528,1377,0,72000,7619,1177,0.000000000,12.992849000,13.429082000,4.181681000,0.001094000,4.182775000,19.010622000,0,19
1658137240.824844122,1785561791.014942408,2023,803528,804079,1281,0,72000,7294,985,0.000000000,12.338856000,12.767922000,3.783429000,0.000890000,3.784319000,17.934886000,0,17
1658137240.924820900,1785561791.145061493,2024,804079,804815,1786,0,72000,8987,1351,0.000000000,16.439034000,16.993716000,5.871558000,0.000995000,5.872553000,24.533702000,0,12
1658137241.024908543,1785561791.214528561,2025,804815,805163,1374,0,72000,7532,1054,0.000000000,12.847824000,13.233889000,4.154210000,0.001079000,4.155289000,18.951300000,0,14
1658137241.124758959,1785561791.310841084,2026,805163,805681,1099,0,72000,6038,803,0.000000000,10.841480001,11.169362000,3.686841000,0.001046000,3.687887000,16.039465000,0,11
1658137241.224841833,1785561791.415892363,2027,805681,806421,1589,0,72000,7096,1097,0.000000000,13.164347999,13.568740000,4.472462000,0.001000000,4.473462000,19.337920000,0,2
1658137241.324825525,1785561791.514797211,2028,806421,806956,1499,0,72000,7267,1052,0.000000000,12.315384000,12.713874000,4.768361000,0.001018000,4.769379000,19.125173000,0,11
1658137241.424920797,1785561791.614344120,2029,806956,807593,1415,0,72000,7092,1051,0.000000000,12.289745000,12.789144000,4.075859000,0.001056000,4.076915000,18.102729000,0,14
1658137241.524766445,1785561791.714789629,2030,807593,808230,1247,0,72000,6638,960,0.000000000,12.008559001,12.653647000,3.629424000,0.000947000,3.630371000,17.614331000,0,17
1658137241.624850512,1785561791.809571981,2031,808230,808657,1011,0,72000,6201,872,0.000000000,10.657056000,10.984385000,3.134193000,0.001264000,3.135457000,15.389094000,0,14
1658137241.724822760,1785561791.910616636,2032,808657,809052,962,0,72000,5646,752,0.000000000,10.142800000,10.508902000,3.136812000,0.000912000,3.137724000,14.869461000,0,12
1658137241.824900389,1785561792.045762300,2033,809052,809815,1608,0,72000,7534,1068,0.000000000,16.549328000,17.017859000,6.844285000,0.001026000,6.845311000,25.909086000,0,14
1658137241.924750328,1785561792.113287210,2034,809815,810412,1192,0,72000,6348,908,0.000000000,11.092800999,11.447160000,3.831059000,0.000916000,3.831975000,16.646060000,0,17
1658137242.024833202,1785561792.214828730,2035,810412,810652,1101,0,72000,6682,835,0.000000000,13.466046000,13.797169000,3.965147000,0.001004000,3.966151000,19.041660000,0,16
1658137242.124807596,1785561792.321194649,2036,810652,811514,1736,0,72000,8610,1385,0.000000000,16.609051000,17.148484000,5.026013000,0.001001000,5.027014000,23.780954000,0,17
1658137242.224890947,1785561792.412437677,2037,811514,812195,1315,0,72000,6150,914,0.000000000,11.322271000,11.690242000,4.207027000,0.001396000,4.208423000,17.173371000,0,10
1658137242.324810505,1785561792.515928984,2038,812195,812717,1345,0,72000,7145,1053,0.000000000,13.515859001,14.115221000,4.713609000,0.001038000,4.714647000,20.222777000,0,11
1658137242.424883604,1785561792.615364313,2039,812717,813141,1384,0,72000,6778,969,0.000000000,12.104761000,12.579632000,5.444114000,0.001255000,5.445369000,19.312130000,0,12
1658137242.524728298,1785561792.710366488,2040,813141,812287,962,0,72000,5899,751,0.000000000,11.371318000,11.673995000,3.660991000,0.000997000,3.661988000,16.513829000,0,14
1658137242.624815941,1785561792.812870502,2041,812287,812835,1304,0,72000,6587,946,0.000000000,11.865911999,12.243138000,4.837654000,0.001159000,4.838813000,18.474308000,0,12
1658137242.724908829,1785561792.913053036,2042,812835,813250,1076,0,72000,6056,886,0.000000000,11.819899000,12.161448000,3.849992000,0.001183000,3.851174999,17.213696000,0,16
1658137242.824754238,1785561793.013862848,2043,813250,813582,1166,0,72000,6456,969,0.000000000,11.805248000,12.164365000,5.018218000,0.000932000,5.019150000,18.452542000,0,13
1658137242.924823284,1785561793.140851259,2044,813582,814470,1808,0,72000,7859,1270,0.000000000,13.712123000,14.224544000,5.027485000,0.001159000,5.028644000,21.031753000,0,11
1658137243.024923801,1785561793.212635756,2045,814470,814863,1059,0,72000,6518,881,0.000000000,11.778226000,12.142193000,3.524872000,0.001075000,3.525947000,16.947183000,0,10
1658137243.124777794,1785561793.338454008,2046,814863,815289,1211,0,72000,6505,976,0.000000000,12.562339999,13.005941000,4.754639000,0.001225000,4.755864000,19.138760000,0,17
1658137243.224875689,1785561793.412633896,2047,815289,815760,1073,0,72000,6004,885,0.000000000,11.030248000,11.365611000,3.440444000,0.000909000,3.441353000,16.329162000,0,13
1658137243.324929237,1785561793.542607307,2048,815760,815894,1503,0,72000,7478,1073,0.000000000,14.307312999,14.742964000,5.823983000,0.000945000,5.824928000,22.624872000,0,17
1658137243.424774170,1785561793.637205601,2049,815894,816461,1474,0,72000,6704,985,0.000000000,11.431798000,11.809825000,4.925495000,0.000928000,4.926423001,18.072326000,0,14
1658137243.524864912,1785561793.734389067,2050,816461,816960,1025,0,72000,6024,812,0.000000000,10.500094000,10.823941000,3.272857000,0.001138000,3.273995000,15.383808000,0,10
1658137243.624830246,1785561793.840391397,2051,816960,817685,1554,0,72000,7627,1202,0.000000000,13.562083000,14.008488000,4.791003000,0.001129000,4.792132000,20.800936000,0,16
1658137243.724920988,1785561793.935826063,2052,817685,818243,1105,0,72000,6366,882,0.000000000,11.089743000,11.428242000,3.797846000,0.000852000,3.798698000,16.509017000,0,14
1658137243.824759483,1785561794.039764881,2053,818243,818892,1547,0,72000,7410,1160,0.000000000,13.675930000,14.142095000,4.669885000,0.001322000,4.671207000,20.274006000,0,16
1658137243.924848318,1785561794.136918545,2054,818892,819533,1394,0,72000,6846,1073,0.000000000,11.846290000,12.231426000,4.011803000,0.000902000,4.012705000,17.611113000,0,12
1658137244.024827242,1785561794.217073679,2055,819533,819400,1335,0,72000,7333,1129,0.000000000,13.380041000,13.810131000,5.494675000,0.000863000,5.495538000,20.671301000,0,3
1658137244.124935627,1785561794.339534283,2056,819400,820227,1512,0,72000,7630,1175,0.000000000,13.475090000,13.944796000,4.175657000,0.000901000,4.176558000,19.733889000,0,18
1658137244.224779844,1785561794.413070440,2057,820227,820814,1170,0,72000,6547,953,0.000000000,11.657764999,12.009061000,3.919367000,0.000878000,3.920245000,17.239476000,0,15
1658137244.324815989,1785561794.545451403,2058,820814,821810,1921,0,72000,8356,1416,0.000000000,17.730039000,18.241707000,5.143008000,0.001168000,5.144176000,25.334694000,0,18
1658137244.424911261,1785561794.637595177,2059,821810,822226,1141,0,72000,6842,1018,0.000000000,12.266799999,12.650922000,4.201802000,0.000987000,4.202789000,18.255118000,0,19
1658137244.524749994,1785561794.741577148,2060,822226,822903,1516,0,72000,7670,1140,0.000000000,14.959903000,15.376054000,4.849066000,0.001000000,4.850066000,21.753810000,0,12
1658137244.624827385,1785561794.838078022,2061,822903,823425,1206,0,72000,7116,1035,0.000000000,13.041795999,13.441877000,3.530365000,0.001011000,3.531376000,18.348370000,0,17
1658137244.724910021,1785561794.943218708,2062,823425,823791,1091,0,72000,6184,856,0.000000000,15.967413000,16.511820000,4.341504000,0.001388000,4.342892000,23.395469000,0,17
1658137244.824749470,1785561795.040797949,2063,823791,824447,1433,0,72000,8187,1226,0.000000000,14.423651000,14.873845000,4.450742000,0.000899000,4.451641000,20.800709000,0,12
1658137244.924827099,1785561795.140539646,2064,824447,824981,1465,0,72000,7534,1253,0.000000000,13.411716000,13.894990000,4.844700000,0.001075000,4.845775000,20.742681000,0,16
1658137245.024924755,1785561795.211238146,2065,824981,825368,981,0,72000,5982,896,0.000000000,10.869510000,11.214422000,3.129807000,0.000882000,3.130689000,15.562200000,0,14
1658137245.124757767,1785561795.344292879,2066,825368,826150,1402,0,72000,8540,1293,0.000000000,16.550040000,17.102994000,3.986070000,0.001097000,3.987167000,22.685409000,0,18
1658137245.224864244,1785561795.438439131,2067,826150,826948,1673,0,72000,6958,1142,0.000000000,11.703318999,12.130890000,4.945863000,0.001228000,4.947091000,18.959803000,0,18
1658137245.324878454,1785561795.517951727,2068,826948,827749,1494,0,72000,7616,1170,0.000000000,14.792650000,15.490227000,4.744424000,0.001040000,4.745464000,21.566765000,0,11
1658137245.424718618,1785561795.637120724,2069,827749,828346,1205,0,72000,6363,1056,0.000000000,11.601571000,12.013861000,4.419885000,0.000887000,4.420772000,17.689504000,0,14
1658137245.524923325,1785561795.738177299,2070,828346,828902,1605,0,72000,6829,1236,0.000000000,12.328536000,12.755680000,4.199661000,0.000868000,4.200529000,18.395881000,0,17
1658137245.624768734,1785561795.840371609,2071,828902,829708,1714,0,72000,7450,1323,0.000000000,13.248507000,13.714188000,5.332295000,0.000869000,5.333164000,20.365594000,0,18
1658137245.724868774,1785561795.935081482,2072,829708,829880,947,0,72000,6064,847,0.000000000,11.097183000,11.420158000,3.218542000,0.001248000,3.219790000,15.825416000,0,22
1658137245.824836493,1785561796.037913322,2073,829880,830434,1182,0,72000,6688,1058,0.000000000,11.996585999,12.398871000,4.180046000,0.001112000,4.181158000,18.009266000,0,16
1658137245.924805880,1785561796.116038561,2074,830434,830945,1491,0,72000,7418,1274,0.000000000,13.758051000,14.229420000,4.569543000,0.000851000,4.570394000,20.140951000,0,16
1658137246.024898767,1785561796.243367434,2075,830945,831645,1594,0,72000,8077,1343,0.000000000,15.535061000,15.996701000,5.324287000,0.000940000,5.325227000,22.857093000,0,16
1658137246.124738216,1785561796.344395638,2076,831645,832529,2108,0,72000,7852,1608,0.000000000,14.082082001,14.632066000,6.729337000,0.001043000,6.730380000,23.474817000,0,17
1658137246.224823952,1785561796.411193371,2077,832360,832821,1184,0,72000,5896,968,0.000000000,10.575558000,10.931894000,3.752663000,0.000874000,3.753537000,15.932036000,0,14
1658137246.324814081,1785561796.511197090,2078,832821,833328,1072,0,72000,5525,891,0.000000000,9.783994000,10.121700000,3.334316000,0.000928000,3.335244000,14.559645000,0,14
1658137246.424897194,1785561796.639997005,2079,833328,833496,1163,0,72000,7047,1108,0.000000000,12.958018000,13.356076000,4.483939000,0.001224000,4.485163000,20.092065000,0,14
1658137246.524725437,1785561796.715269327,2080,833496,834162,1376,0,72000,7002,1163,0.000000000,13.677246000,14.091469000,4.015657000,0.001008000,4.016665000,19.403672000,0,11
1658137246.624826431,1785561796.891088724,2081,834162,834783,1546,0,72000,7527,1295,0.000000000,13.977124001,14.497547000,5.093301000,0.001158000,5.094459000,21.201534000,0,22
1658137246.724910259,1785561796.939587593,2082,834783,835352,1323,0,72000,7190,1278,0.000000000,12.918565000,13.369985000,4.875130000,0.001111000,4.876241000,19.830774000,0,19
1658137246.824757338,1785561797.038720608,2083,835352,836099,1473,0,72000,6889,1308,0.000000000,12.842012999,13.295097000,4.399329000,0.000977000,4.400306000,19.017432000,0,16
1658137246.924849987,1785561797.141971111,2084,836099,836900,1621,0,72000,7635,1317,0.000000000,13.971362000,14.480334000,5.286796000,0.000838000,5.287634000,21.278870000,0,13
1658137247.024819851,1785561797.238226891,2085,836791,837494,1370,0,72000,6873,1224,0.000000000,12.084615000,12.513964000,4.163695000,0.001073000,4.164768000,18.480409000,0,14
1658137247.124916553,1785561797.333918810,2086,837494,837967,924,0,72000,5438,810,0.000000000,10.293151000,10.625025000,2.598522000,0.000906000,2.599428000,14.658317000,0,17
1658137247.224751949,1785561797.438175440,2087,837967,838444,1464,0,72000,6466,1283,0.000000000,11.589230000,12.039385000,4.791515000,0.000982000,4.792497000,18.295995000,0,17
1658137247.324825287,1785561797.539359808,2088,838444,839079,1489,0,72000,7152,1375,0.000000000,12.731564000,13.262568000,4.691067000,0.000943000,4.692010000,19.464238000,0,17
1658137247.424921036,1785561797.644622087,2089,839079,839485,1918,0,72000,8287,1668,0.000000000,14.686286000,15.300272000,7.102551000,0.000997000,7.103548000,24.004642000,0,16
1658137247.524764299,1785561797.740775824,2090,839485,840212,1477,0,72000,7171,1273,0.000000000,13.366501000,14.066882000,5.017505000,0.001108000,5.018613000,20.966780000,0,12
1658137247.624850273,1785561797.836716175,2091,840212,840869,1329,0,72000,6760,1241,0.000000000,11.879669000,12.347304000,3.709484000,0.001003000,3.710487000,17.357103000,0,14
1658137247.724830151,1785561797.940709591,2092,840869,841866,1763,0,72000,7944,1658,0.000000000,13.473552000,14.050662000,5.169154000,0.001098000,5.170252000,20.721960000,0,16
1658137247.824919462,1785561798.036102772,2093,841866,842455,1052,0,72000,6462,990,0.000000000,12.073402000,12.456071000,3.197049000,0.000901000,3.197950000,16.918109000,0,24
1658137247.924753428,1785561798.138610363,2094,842455,843043,1253,0,72000,6941,1019,0.000000000,12.528798999,12.905000000,4.126692000,0.001158000,4.127850000,18.456024000,0,10
1658137248.024839163,1785561798.243668079,2095,843043,843695,1863,0,72000,8507,1878,0.000000000,14.705487000,15.327789000,6.033864000,0.000968000,6.034832000,22.930393000,0,14
1658137248.124922037,1785561798.335476637,2096,843695,844191,1178,0,72000,6081,1085,0.000000000,11.022940001,11.419082000,3.485723000,0.001005000,3.486728000,16.179234000,0,15
1658137248.224760532,1785561798.437672853,2097,844191,844928,1594,0,72000,6680,1554,0.000000000,11.342106001,11.867603000,4.476258000,0.000855000,4.477113000,17.756304000,0,16
1658137248.324836016,1785561798.538872242,2098,844928,845250,1580,0,72000,6405,1452,0.000000000,10.998624000,11.528854000,5.370648000,0.001210000,5.371858000,18.655448000,0,18
1658137248.424925327,1785561798.644752741,2099,845250,845887,1889,0,72000,8786,1643,0.000000000,16.057047001,16.650985000,5.926288000,0.001026000,5.927314000,24.120034000,0,11
1658137248.524771214,1785561798.716179609,2100,845887,846623,1691,0,72000,7255,1570,0.000000000,13.248168000,13.943023000,5.262630000,0.000956000,5.263586000,20.601436000,0,14
1658137248.624861479,1785561798.815454245,2101,846623,847319,1640,0,72000,7194,1426,0.000000000,13.664781000,14.187245000,4.473610000,0.001093000,4.474703001,20.098160000,0,17
1658137248.724821091,1785561798.941129923,2102,847319,847981,1609,0,72000,7082,1391,0.000000000,13.102302000,13.590157000,5.938013000,0.001016000,5.939029000,21.036744000,0,18
1658137248.824915886,1785561799.038048506,2103,847981,848157,1034,0,72000,6459,1095,0.000000000,11.476020000,11.888071000,4.313888000,0.001183000,4.315071000,18.041126000,0,13
1658137248.924764395,1785561799.139476538,2104,848157,849022,1725,0,72000,7070,1563,0.000000000,12.216083000,12.731585000,5.072225000,0.001138000,5.073363000,19.657322000,0,15
1658137249.024864197,1785561799.219674349,2105,849022,849958,2131,0,72000,7650,1918,0.000000000,14.010650999,14.664309000,6.411112000,0.001318000,6.412430000,22.527357000,0,15
1658137249.124702930,1785561799.315874577,2106,849958,850518,1576,0,72000,6411,1334,0.000000000,11.260498000,11.709392000,5.764038000,0.000922000,5.764960000,19.045105000,0,17
1658137249.224922180,1785561799.415751219,2107,850518,851131,1342,0,72000,7239,1276,0.000000000,13.686641000,14.190237000,3.762362000,0.000926000,3.763288000,19.275987000,0,15
1658137249.324884415,1785561799.541614532,2108,851131,851977,1630,0,72000,7932,1618,0.000000000,13.948483999,14.484301000,5.294321000,0.000941000,5.295262000,21.330088000,0,14
1658137249.424714804,1785561799.635880709,2109,851977,852669,1119,0,72000,6060,1066,0.000000000,11.169694000,11.607518000,3.203059000,0.001062000,3.204121000,16.192652000,0,15
1658137249.524814129,1785561799.737098694,2110,852669,853196,1150,0,72000,6401,1176,0.000000000,12.032797000,12.489197000,3.668234000,0.001092000,3.669326000,17.479463000,0,17
1658137249.624915361,1785561799.837269783,2111,853196,853825,1188,0,72000,6152,1019,0.000000000,11.155670000,11.559843000,4.846088000,0.000955000,4.847043000,17.653170000,0,11
1658137249.724740028,1785561799.939002275,2112,852720,853136,1264,0,72000,6383,1225,0.000000000,11.561400000,12.018074000,5.407109000,0.001000000,5.408109000,18.944596000,0,15
1658137249.824827671,1785561800.039346218,2113,853136,853758,1448,0,72000,6764,1451,0.000000000,12.329776000,12.845421000,4.802668000,0.001018000,4.803686000,18.918667000,0,15
1658137249.924932241,1785561800.110343218,2114,853417,853881,1045,0,72000,6217,1008,0.000000000,10.878365000,11.253135000,3.188564000,0.001062000,3.189626000,15.887262000,0,13
1658137250.024773359,1785561800.239148140,2115,853881,854191,1289,0,72000,6576,1173,0.000000000,12.690356000,13.114750000,4.606250000,0.000983000,4.607233000,19.157544000,0,18
1658137250.124852419,1785561800.336628675,2116,854191,854739,1084,0,72000,6034,1073,0.000000000,11.554272000,11.961224000,3.412140000,0.001155000,3.413295000,17.072007000,0,15
1658137250.224817514,1785561800.439336538,2117,854739,855215,1611,0,72000,6784,1414,0.000000000,11.944274000,12.467505000,5.157667000,0.001012000,5.158679000,19.480885000,0,15
1658137250.324820042,1785561800.535725355,2118,855215,855811,1138,0,72000,5840,1127,0.000000000,10.984914999,11.400392000,3.655360000,0.001188000,3.656548000,16.414875000,0,15
1658137250.424900293,1785561800.620044947,2119,855811,856168,1702,0,72000,8036,1821,0.000000000,15.089687000,15.866516000,5.962727000,0.000972000,5.963698999,23.295169000,0,10
1658137250.524747372,1785561800.741576910,2120,856168,857054,1981,0,72000,7808,1798,0.000000000,12.972817000,13.575195000,6.172113000,0.000869000,6.172982000,21.412927000,0,18
1658137250.624838829,1785561800.837618113,2121,857054,857763,1283,0,72000,6438,1261,0.000000000,12.672296001,13.120016000,3.570385000,0.001256000,3.571641000,18.159118000,0,15
1658137250.724919796,1785561800.914721012,2122,857763,858195,1399,0,72000,5746,1238,0.000000000,10.917566000,11.349817000,4.836187000,0.000879000,4.837066000,17.362754000,0,15
1658137250.824757099,1785561801.014568329,2123,858117,858845,1529,0,72000,7396,1589,0.000000000,12.772363000,13.420681000,4.594287000,0.001020000,4.595307000,19.395339000,0,10
1658137250.924852848,1785561801.137798071,2124,858845,859273,1202,0,72000,6226,1021,0.000000000,12.052842000,12.495496000,4.098983000,0.001364000,4.100347000,17.887438000,0,15
1658137251.024801731,1785561801.239201069,2125,859273,859415,1280,0,72000,6696,1463,0.000000000,11.895700000,12.467464000,4.893999000,0.000949000,4.894948000,18.809773000,0,17
1658137251.124897718,1785561801.314143181,2126,859415,859848,1365,0,72000,6264,1440,0.000000000,11.774319000,12.289695000,4.186662000,0.001279000,4.187941000,17.767219000,0,15
1658137251.224732637,1785561801.418261290,2127,859848,861020,2011,0,72000,8298,1926,0.000000000,14.234953000,14.868074000,5.668665000,0.001055000,5.669720000,22.218747000,0,5
1658137251.324906349,1785561801.540014267,2128,861020,861856,1553,0,72000,7698,1686,0.000000000,13.388068000,13.980487000,4.547212000,0.001082000,4.548294000,19.921807000,0,11
1658137251.424758673,1785561801.642693281,2129,861856,862737,1865,0,72000,8473,1926,0.000000000,14.853418001,15.488465000,5.054804000,0.001046000,5.055850000,22.130106000,0,17
1658137251.524863243,1785561801.718546629,2130,862737,862807,1486,0,72000,7413,1723,0.000000000,13.046306000,13.620346000,5.923639000,0.001245000,5.924884000,20.922466000,0,4
1658137251.624821901,1785561801.818409920,2131,862623,863187,1409,0,72000,8228,1622,0.000000000,15.218839000,15.771383000,5.141048000,0.001127000,5.142175000,22.477343000,0,16
1658137251.724909306,1785561801.919164658,2132,863187,863192,1728,0,72000,7538,1799,0.000000000,13.011570000,13.791190000,6.723408000,0.000901000,6.724309000,22.026537000,0,14
1658137251.824754953,1785561802.068738699,2133,863192,863608,1729,0,72000,7374,1844,0.000000000,13.747524000,14.763891000,7.083185000,0.001213000,7.084398000,23.406407000,0,14
1658137251.924841166,1785561802.140354872,2134,863608,864710,1682,0,72000,7521,1912,0.000000000,12.695243000,13.309328000,4.824452000,0.000908000,4.825360000,19.508876000,0,16
1658137252.024807215,1785561802.216500759,2135,864597,865600,1704,0,72000,7011,1819,0.000000000,12.737026000,13.351438000,4.791334000,0.001131000,4.792465000,19.516726000,0,14
1658137252.124885321,1785561802.312779188,2136,865600,866244,1287,0,72000,6218,1490,0.000000000,11.040435000,11.601330000,3.921393000,0.001078000,3.922471000,16.733108000,0,10
1658137252.224737644,1785561802.500045776,2137,866244,867607,1584,0,72000,6901,1847,0.000000000,12.162386000,12.764323000,65.566220000,0.001260000,65.567480000,79.642372000,0,16
1658137252.324810266,1785561802.539340258,2138,867607,869092,1532,0,72000,7173,1765,0.000000000,12.562859999,13.151607000,3.951348000,0.001044000,3.952392000,18.591078000,0,10
1658137252.424894810,1785561802.636833429,2139,869092,870422,1366,0,72000,6398,1478,0.000000000,11.866067999,12.377246000,3.291656000,0.001005000,3.292661000,17.041460000,0,14
1658137252.524729967,1785561802.741863966,2140,870422,872238,1868,0,72000,7532,1874,0.000000000,14.089601000,14.940998000,5.081428000,0.000628000,5.082056000,21.493508000,0,14
1658137252.624816895,1785561802.845260859,2141,835512,836581,1599,0,72000,7485,1765,0.000000000,11.236758000,13.599232000,5.792003000,0.000757000,5.792760000,22.989742000,0,10
1658137252.724912167,1785561802.934944868,2142,836581,837499,1136,0,72000,6887,1364,0.000000000,9.979705000,10.545655000,2.819662000,0.001015000,2.820677000,14.811046000,0,18
1658137252.824743509,1785561803.035106659,2143,837499,838303,1246,0,72000,6441,1593,0.000000000,9.215246000,9.810081000,3.618796000,0.001119000,3.619915000,14.797324000,0,25
1658137252.924836159,1785561803.135435581,2144,838303,839286,1350,0,72000,7039,1692,0.000000000,9.978689000,10.608436000,3.489206000,0.001097000,3.490303000,15.684345000,0,20
1658137253.024910450,1785561803.236385107,2145,839286,840131,1191,0,72000,7502,1407,0.000000000,11.306147000,11.811175000,3.133362000,0.001262000,3.134624000,16.405533000,0,17
1658137253.124750137,1785561803.340440750,2146,840131,841352,1652,0,72000,8341,2034,0.000000000,12.606100000,13.354526000,4.282697000,0.001266000,4.283963000,19.618643000,0,17
1658137253.224844456,1785561803.438852549,2147,841352,842456,1693,0,72000,8056,2113,0.000000000,11.630695000,12.395969000,4.437896000,0.001053000,4.438949000,18.332696000,0,14
1658137253.324898005,1785561803.510472775,2148,842456,843509,1553,0,72000,6673,1721,0.000000000,10.005571999,10.614246000,3.695000000,0.001565000,3.696565000,15.736444000,0,15
1658137253.424730778,1785561803.611656904,2149,843509,844481,1395,0,72000,6688,1574,0.000000000,10.119561000,10.665582000,3.373754000,0.001088000,3.374842000,15.359163000,0,10
1658137253.524817944,1785561803.736190557,2150,844481,845434,1451,0,72000,7085,1596,0.000000000,10.296089000,10.866188000,4.093543000,0.001142000,4.094685000,16.325086000,0,11
1658137253.624918938,1785561803.835830927,2151,845434,846521,1525,0,72000,6508,1646,0.000000000,9.848184000,10.443965000,3.711011000,0.000983000,3.711994000,15.796562000,0,14
1658137253.724766731,1785561803.938889742,2152,846521,847498,1673,0,72000,7437,1988,0.000000000,11.266321999,12.041570000,4.900419000,0.001206000,4.901625000,18.421730000,0,18
1658137253.824860334,1785561804.013753176,2153,847498,848246,1374,0,72000,6391,1784,0.000000000,9.703268001,10.308936000,5.738747000,0.001021000,5.739768000,17.360584000,0,11
1658137253.924822092,1785561804.138797283,2154,848232,848862,1367,0,72000,7103,1810,0.000000000,10.902622000,11.550486000,4.593857000,0.001265000,4.595122000,17.759151000,0,16
1658137254.024921656,1785561804.234516144,2155,848862,849620,1036,0,72000,5394,1065,0.000000000,8.798249000,9.466023000,2.962514000,0.001009000,2.963522999,13.754371000,0,18
1658137254.124770164,1785561804.329131603,2156,849528,850031,669,0,72000,4381,770,0.000000000,6.895315000,7.225753000,1.650959000,0.001115000,1.652074000,10.144674000,0,18
1658137254.224846363,1785561804.436467648,2157,850031,850863,1271,0,72000,6354,1484,0.000000000,10.053259000,10.572846000,4.100721000,0.001107000,4.101828000,16.149964000,0,16
1658137254.324861288,1785561804.533524752,2158,850249,850630,1181,0,72000,6451,1394,0.000000000,9.545777999,10.080987000,3.692269000,0.001119000,3.693388000,15.189330000,0,17
1658137254.424830198,1785561804.637131214,2159,850630,851632,1416,0,72000,7911,1916,0.000000000,11.917588000,12.685208000,3.797513000,0.001097000,3.798610001,17.953870000,0,12
1658137254.524922609,1785561804.707299232,2160,851632,852297,1022,0,72000,5723,1530,0.000000000,9.368050000,9.964820000,2.763327000,0.001275000,2.764602000,13.993980000,0,11
1658137254.624757051,1785561804.838487148,2161,852297,853011,1480,0,72000,7524,2201,0.000000000,12.283398000,13.029941000,4.626179000,0.001149000,4.627328000,19.056950000,0,17
1658137254.724847555,1785561804.931975603,2162,853011,853808,1074,0,72000,5926,1575,0.000000000,9.111980000,9.670765000,2.478814000,0.000924000,2.479738001,13.396280000,0,12
1658137254.824809313,1785561805.035122395,2163,853808,854695,1241,0,72000,7139,1987,0.000000000,10.959745000,11.639086000,3.468865000,0.001264000,3.470129001,16.627044000,0,17
1658137254.924879313,1785561805.109694004,2164,854695,855474,1418,0,72000,6651,1732,0.000000000,10.307199000,10.887700000,3.786340000,0.001330000,3.787670000,15.996737000,0,12
1658137255.024713278,1785561805.215353251,2165,855474,856475,1327,0,72000,7640,2164,0.000000000,11.679529000,12.500411000,3.564478000,0.001375000,3.565853000,17.449297000,0,12
1658137255.124813795,1785561805.336492062,2166,855897,856927,1552,0,72000,7310,2041,0.000000000,11.441981000,12.106939000,3.679498000,0.001089000,3.680587000,17.728731000,0,18
1658137255.224905252,1785561805.436924696,2167,856927,857571,1593,0,72000,7385,1955,0.000000000,11.373896000,12.020696000,4.728400000,0.000957000,4.729357000,18.188078000,0,18
1658137255.324909210,1785561805.533487320,2168,857571,858267,1111,0,72000,6251,1653,0.000000000,10.463935000,11.107381000,2.847882000,0.001199000,2.849081000,15.213240000,0,13
1658137255.424744368,1785561805.641267061,2169,858267,859241,1662,0,72000,8862,2354,0.000000000,14.872171000,15.633719000,4.286639000,0.001080000,4.287719000,21.728652000,0,18
1658137255.524845123,1785561805.735355377,2170,859241,859802,1325,0,72000,6614,1738,0.000000000,10.733039000,11.340743000,4.175153000,0.001016000,4.176169000,16.878358000,0,15
1658137255.624808550,1785561805.834621191,2171,859802,860625,1263,0,72000,6873,1919,0.000000000,10.977975000,11.628871000,3.105170000,0.001181000,3.106351000,16.138021000,0,18
1658137255.724904537,1785561805.935580969,2172,860625,860988,1164,0,72000,6923,1801,0.000000000,10.711091000,11.321603000,3.945040000,0.001034000,3.946074000,16.745975000,0,19
1658137255.824747086,1785561806.033743382,2173,860988,861765,1250,0,72000,6412,1832,0.000000000,10.131220000,10.742501000,3.295388000,0.001012000,3.296400000,15.374040000,0,14
1658137255.924834251,1785561806.137722254,2174,861765,862858,1522,0,72000,7314,2232,0.000000000,11.735543000,12.472665000,4.843142000,0.000889000,4.844031000,19.004285000,0,26
1658137256.024917841,1785561806.239153385,2175,861017,861448,1503,0,72000,7567,2381,0.000000000,12.087124000,12.862209000,4.863616000,0.001068000,4.864684000,19.444237000,0,13
1658137256.124758005,1785561806.333011627,2176,861326,862090,1116,0,72000,6193,1600,0.000000000,10.080748000,10.647841000,2.748809000,0.001255000,2.750064000,14.667499000,0,18
1658137256.224857807,1785561806.439118385,2177,862090,863082,1313,0,72000,8072,2549,0.000000000,12.521368000,13.478774000,4.171960000,0.001089000,4.173049000,19.362324000,0,15
1658137256.324711323,1785561806.530525923,2178,862137,862616,958,0,72000,5145,1425,0.000000000,7.914705000,8.406977000,2.889507000,0.001036000,2.890543000,12.413765000,0,15
1658137256.424934387,1785561806.608544111,2179,862374,863229,1120,0,72000,6149,1454,0.000000000,10.089197000,10.597146000,2.870408000,0.001007000,2.871415000,14.570828000,0,16
1658137256.524781942,1785561806.733640194,2180,863229,864283,1486,0,72000,5979,1873,0.000000000,9.646158000,10.265257000,3.657051000,0.000937000,3.657988000,15.215134000,0,17
1658137256.624878883,1785561806.810718060,2181,864283,864963,1030,0,72000,6601,1824,0.000000000,11.191699000,11.841481000,3.090494000,0.001046000,3.091540000,16.231908000,0,12
1658137256.724836826,1785561806.907389641,2182,864963,865577,883,0,72000,5383,1199,0.000000000,9.546495000,9.984043000,2.404461000,0.000958000,2.405419000,13.566354000,0,3
1658137256.824918985,1785561807.037912130,2183,865577,866748,1741,0,72000,7160,2220,0.000000000,11.524815000,12.327724000,4.689384000,0.001156000,4.690540000,18.468477000,0,17
1658137256.924756527,1785561807.135165930,2184,866174,867135,1417,0,72000,7001,2165,0.000000000,10.469225000,11.178780000,3.658248000,0.001364000,3.659611999,16.293052000,0,23
1658137257.024851561,1785561807.212143183,2185,867135,867979,1439,0,72000,7407,2295,0.000000000,10.988423000,11.750870000,4.056585000,0.001216000,4.057801000,17.289444000,0,11
1658137257.124825954,1785561807.314316750,2186,867979,869142,1742,0,72000,7508,2197,0.000000000,12.035797999,12.797836000,4.459351000,0.001312000,4.460663000,18.650416000,0,16
1658137257.224915028,1785561807.413123131,2187,868736,869441,1358,0,72000,7387,2351,0.000000000,12.694712000,13.467903000,4.162293000,0.000986000,4.163279000,19.299301000,0,17
1658137257.324859619,1785561807.512848139,2188,869441,870273,1191,0,72000,6404,1940,0.000000000,10.476289000,11.133028000,4.832993000,0.001030000,4.834023000,17.235046000,0,10
1658137257.424825907,1785561807.612736225,2189,867700,869005,1840,0,72000,6578,2167,0.000000000,9.844892000,10.589978000,4.379334000,0.001158000,4.380492000,16.398879000,0,10
1658137257.524903536,1785561807.741074800,2190,869005,870327,1759,0,72000,7960,2311,0.000000000,12.689654000,13.498737000,5.938793000,0.000953000,5.939746000,21.159355000,0,16
1658137257.624747276,1785561807.807465553,2191,868784,869440,910,0,72000,5590,1653,0.000000000,9.015906001,9.611938000,2.364830000,0.001069000,2.365899000,13.272446000,0,13
1658137257.724833488,1785561807.911572933,2192,869440,870414,1425,0,72000,6856,2003,0.000000000,10.580504001,11.227970000,4.112035000,0.001089000,4.113124000,16.647978000,0,2
1658137257.824934721,1785561808.033520222,2193,870414,871337,1326,0,72000,6041,2036,0.000000000,9.497119000,10.178197000,3.386749000,0.001030000,3.387779000,14.843652000,0,19
1658137257.924779177,1785561808.114263058,2194,871337,872413,1728,0,72000,7686,2622,0.000000000,12.063618999,12.923881000,4.168724000,0.001000000,4.169724000,18.785155000,0,22
1658137258.024877548,1785561808.208744526,2195,872413,873021,1123,0,72000,6195,1917,0.000000000,9.584049000,10.246606000,3.242405000,0.001309000,3.243714000,14.869857000,0,12
1658137258.124716759,1785561808.317029715,2196,873021,873940,1827,0,72000,7619,2750,0.000000000,12.064906999,13.099552000,5.674254000,0.001037000,5.675291000,20.139868000,0,11
1658137258.224921227,1785561808.410984993,2197,873940,874835,1307,0,72000,7039,2614,0.000000000,10.723953000,11.537433000,3.045006000,0.001141000,3.046147000,15.919793000,0,17
1658137258.324816227,1785561808.517506361,2198,874835,876353,2074,0,72000,8549,3075,0.000000000,13.462477000,14.461732000,5.144658000,0.001144000,5.145802000,21.161954000,0,14
1658137258.424892426,1785561808.611857176,2199,876025,876987,1501,0,72000,7647,2534,0.000000000,11.306649000,12.144249000,3.704256000,0.001381000,3.705637000,17.623168000,0,6
1658137258.524726868,1785561808.715442181,2200,876987,878108,1606,0,72000,7537,2658,0.000000000,11.939322000,12.903889000,6.244375000,0.001172000,6.245547001,20.690036000,0,13
1658137258.624823332,1785561808.833879709,2201,874891,875597,1058,0,72000,5813,1816,0.000000000,9.162678000,9.814095000,3.903312000,0.001055000,3.904367000,15.271688000,0,16
1658137258.724900723,1785561808.933249950,2202,875597,876199,1157,0,72000,6394,2003,0.000000000,9.428804000,10.106062000,3.141188000,0.001134000,3.142322000,14.546997000,0,12
1658137258.824726343,1785561809.014526606,2203,876199,877198,1378,0,72000,8278,2999,0.000000000,13.000849000,13.983898000,3.305933000,0.001161000,3.307094000,18.741471000,0,17
1658137258.924818516,1785561809.110471249,2204,877198,877877,1075,0,72000,7530,2304,0.000000000,11.468913000,12.222035000,2.647431000,0.001081000,2.648512000,16.509459000,0,14
1658137259.024906158,1785561809.213581562,2205,877877,878780,1637,0,72000,7670,2558,0.000000000,12.066291000,12.959065000,4.408428000,0.001124000,4.409552000,18.869689000,0,13
1658137259.124750853,1785561809.332503319,2206,878780,879566,1237,0,72000,5825,1852,0.000000000,9.078347000,9.723895000,2.992748000,0.001034000,2.993782000,14.054939000,0,15
1658137259.224848270,1785561809.414362669,2207,879566,880596,1490,0,72000,7742,2491,0.000000000,12.019599000,12.908008000,4.210793000,0.001204000,4.211997000,18.675456000,0,10
1658137259.324714661,1785561809.511172771,2208,879990,880831,1266,0,72000,7177,2382,0.000000000,11.102717000,11.903375000,3.402271000,0.001058000,3.403329000,16.799650000,0,14
1658137259.424922466,1785561809.610177517,2209,880831,881443,1154,0,72000,6797,2391,0.000000000,10.234147000,11.061549000,3.628280000,0.001058000,3.629338000,15.984847000,0,17
1658137259.524768829,1785561809.713166237,2210,881443,882434,1435,0,72000,8086,2766,0.000000000,12.038238000,12.915590000,3.225230000,0.001494000,3.226724000,17.907333000,0,13
1658137259.624861956,1785561809.812768936,2211,882434,883146,1104,0,72000,6823,2389,0.000000000,12.486918999,13.261781000,4.018864000,0.001020000,4.019884000,18.725806000,0,12
1658137259.724711895,1785561809.910134554,2212,882203,882909,1092,0,72000,6006,2131,0.000000000,9.815287000,10.533594000,3.118768000,0.001083000,3.119851000,14.837923000,0,10
1658137259.824930191,1785561810.012473345,2213,882909,883812,1336,0,72000,7410,2585,0.000000000,11.335061999,12.199444000,2.975157000,0.001201000,2.976358000,16.604161000,0,3
1658137259.924777031,1785561810.118215322,2214,883812,884849,1793,0,72000,8144,3157,0.000000000,12.235192000,13.239276000,5.589963000,0.000998000,5.590961000,20.262202000,0,15
1658137260.024867773,1785561810.214700937,2215,884000,884948,1560,0,72000,8411,3052,0.000000000,12.796557000,13.766814000,4.183685000,0.001242000,4.184927000,19.503693000,0,11
1658137260.124710798,1785561810.310314178,2216,884948,885317,1184,0,72000,6272,2239,0.000000000,9.506354000,10.434964000,3.753312000,0.000992000,3.754304000,15.470480000,0,5
1658137260.224804640,1785561810.413519621,2217,885317,886229,1463,0,72000,7353,2557,0.000000000,10.962662999,11.939730000,3.668060000,0.001026000,3.669086000,17.333014000,0,12
1658137260.324815273,1785561810.533872843,2218,886229,886949,1228,0,72000,5949,1999,0.000000000,9.503688000,10.166994000,3.536992000,0.001106000,3.538098000,15.083089000,0,18
1658137260.424892902,1785561810.613335371,2219,886949,887951,1642,0,72000,8106,3039,0.000000000,11.819996000,12.838632000,3.640891000,0.000964000,3.641855000,18.030371000,0,11
1658137260.524737597,1785561810.711040497,2220,887951,888655,1104,0,72000,6956,2535,0.000000000,11.347326000,12.167883000,3.273171000,0.001079000,3.274250000,16.989411000,0,5
1658137260.624833107,1785561810.808896303,2221,888515,889107,903,0,72000,5713,1909,0.000000000,9.526019001,10.175129000,2.384915000,0.001164000,2.386079000,13.780057000,0,12
1658137260.724917412,1785561810.934110641,2222,889107,889928,1290,0,72000,6685,2312,0.000000000,9.649340000,10.401161000,3.391139000,0.001040000,3.392179000,15.065320000,0,10
1658137260.824751854,1785561811.016432047,2223,889928,890920,1378,0,72000,7072,2549,0.000000000,12.512230000,13.660870000,5.883027000,0.001382000,5.884409000,20.787836000,0,16
1658137260.924837112,1785561811.139553785,2224,885260,885750,1657,0,72000,7667,2927,0.000000000,10.930103001,11.933999000,5.540874000,0.001129000,5.542003000,19.202073000,0,16
1658137261.024915457,1785561811.207937717,2225,885750,886599,1156,0,72000,5850,2029,0.000000000,8.381581000,9.046469000,2.642582000,0.000970000,2.643552000,12.901506000,0,15
1658137261.124763250,1785561811.310687304,2226,886599,887413,1047,0,72000,6785,2267,0.000000000,11.102418001,11.859493000,2.573970000,0.001153000,2.575123000,15.722254000,0,14
1658137261.224847078,1785561811.410703182,2227,887413,888272,1159,0,72000,6051,2043,0.000000000,9.219346999,9.940807000,3.484490000,0.001161000,3.485651000,14.651096000,0,12
1658137261.324816465,1785561811.509012938,2228,887996,889007,1358,0,72000,5665,1969,0.000000000,8.728858999,9.395017000,3.134724000,0.001030000,3.135754000,13.657609000,0,4
1658137261.424900532,1785561811.611179113,2229,889007,889761,1091,0,72000,7201,2474,0.000000000,10.570001000,11.436414000,2.837065000,0.001143000,2.838208000,15.619550000,0,10
1658137261.524746656,1785561811.733668327,2230,889761,890626,1251,0,72000,6662,2555,0.000000000,9.518806000,10.398365000,3.156667000,0.001158000,3.157825000,15.054724000,0,17
1658137261.624835014,1785561811.835078239,2231,890626,891632,1365,0,72000,6301,2242,0.000000000,8.852951000,9.698540000,5.545438000,0.001295000,5.546733000,16.571229000,0,10
1658137261.724805832,1785561811.910773277,2232,888835,889534,854,0,72000,5679,2027,0.000000000,9.107133000,9.771398000,3.682935000,0.001187000,3.684122000,14.609651000,0,17
1658137261.824903727,1785561812.014262676,2233,889133,890196,1580,0,72000,7628,2768,0.000000000,11.092025000,12.207369000,3.840557000,0.001041000,3.841598000,17.482924000,0,15
1658137261.924749136,1785561812.113207102,2234,890196,891092,1578,0,72000,7731,2914,0.000000000,10.961853000,11.972189000,4.383984000,0.001307000,4.385291000,17.785330000,0,11
1658137262.024855852,1785561812.209793568,2235,891092,891915,1099,0,72000,6719,2544,0.000000000,10.710425000,11.598730000,2.916396000,0.001500000,2.917896000,15.846689000,0,11
1658137262.124825239,1785561812.316175938,2236,891915,892903,1502,0,72000,7831,3155,0.000000000,12.281776000,13.511971000,5.055131000,0.001074000,5.056205000,19.957771000,0,16
1658137262.224908590,1785561812.414470196,2237,892199,892579,1817,0,72000,7188,2624,0.000000000,10.443437001,11.300879000,6.319041000,0.001027000,6.320068000,19.042119000,0,11
1658137262.324765444,1785561812.528820276,2238,892579,893251,855,0,72000,4646,1585,0.000000000,7.232428999,7.837606000,1.950469000,0.001178000,1.951647000,10.840466000,0,15
1658137262.424853563,1785561812.611902475,2239,893251,894268,1386,0,72000,7117,2595,0.000000000,10.433415001,11.254546000,3.492865000,0.000994000,3.493859000,16.117237000,0,17
1658137262.524826765,1785561812.736616373,2240,894268,895224,1425,0,72000,7488,2824,0.000000000,11.382084000,12.276495000,3.345640000,0.001100000,3.346740000,17.174939000,0,16
1658137262.624913692,1785561812.828903675,2241,895224,895728,702,0,72000,4669,1722,0.000000000,7.044143000,7.609256000,1.921009000,0.001204000,1.922213000,10.640299000,0,13
1658137262.724747658,1785561812.935797453,2242,895728,896663,1605,0,72000,6781,2676,0.000000000,9.497991000,10.361509000,4.792260000,0.001439000,4.793699000,16.693965000,0,18
1658137262.824833632,1785561813.035209417,2243,896663,897730,1616,0,72000,6776,2784,0.000000000,10.141135000,11.008604000,3.874974000,0.001187000,3.876161000,16.243008000,0,17
1658137262.924909592,1785561813.117707253,2244,897730,898584,2031,0,72000,8540,3549,0.000000000,12.206982000,13.290497000,5.762878000,0.001116000,5.763994000,20.568400000,0,17
1658137263.024751902,1785561813.235316515,2245,898584,899378,1234,0,72000,7152,2742,0.000000000,10.771904000,11.643612000,3.426044000,0.001121000,3.427165000,16.548812000,0,18
1658137263.124837875,1785561813.336408615,2246,899378,900329,1414,0,72000,7215,2696,0.000000000,10.619792000,11.546270000,4.100485000,0.001210000,4.101695000,17.190181000,0,14
1658137263.224916935,1785561813.435856819,2247,900329,901099,1205,0,72000,6605,2577,0.000000000,9.934676000,10.788661000,3.984985000,0.001164000,3.986149000,16.203207000,0,16
1658137263.324852705,1785561813.539450884,2248,900418,901395,1484,0,72000,8463,3282,0.000000000,12.470577000,13.494436000,3.804851000,0.000951000,3.805802000,19.398075000,0,17
1658137263.424814224,1785561813.634633780,2249,901395,901911,1036,0,72000,7411,2861,0.000000000,10.434875001,11.350553000,2.772023000,0.001011000,2.773034000,15.848830000,0,14
1658137263.524898052,1785561813.737565041,2250,901911,902840,1368,0,72000,7857,2949,0.000000000,11.344870000,12.273371000,3.832388000,0.001129000,3.833517000,17.562500000,0,16
1658137263.624745131,1785561813.813031435,2251,902840,903481,1406,0,72000,7387,3052,0.000000000,11.149909000,12.155934000,4.275230000,0.001013000,4.276243000,17.891704000,0,8
1658137263.724838734,1785561813.933512688,2252,903481,904307,1145,0,72000,5979,2083,0.000000000,9.135521000,9.972257000,2.818719000,0.001019000,2.819738000,14.225379000,0,17
1658137263.824923038,1785561814.037773609,2253,904163,905113,1484,0,72000,8196,3428,0.000000000,11.677691000,12.741994000,3.747378000,0.001212000,3.748590000,18.159729000,0,12
1658137263.924765348,1785561814.109794140,2254,905113,905681,905,0,72000,6082,2067,0.000000000,9.191229000,9.872078000,3.187439000,0.001103000,3.188542000,14.264882000,0,15
1658137264.024864674,1785561814.243737698,2255,904846,905759,1464,0,72000,7163,2833,0.000000000,12.412205000,13.772650000,6.776167000,0.001085000,6.777252000,22.220365000,0,11
1658137264.124718189,1785561814.313229561,2256,903959,905069,1519,0,72000,7569,3039,0.000000000,10.407201999,11.342683000,3.506171000,0.001204000,3.507375000,16.230917000,0,18
1658137264.224916935,1785561814.432975054,2257,905069,905793,1307,0,72000,6076,2414,0.000000000,8.391130000,9.191240000,3.401857000,0.001092000,3.402949000,14.086967000,0,15
1658137264.324758291,1785561814.530029058,2258,905793,906424,863,0,72000,5524,2066,0.000000000,7.944023000,8.641385000,1.862995000,0.001032000,1.864027000,11.680679000,0,13
1658137264.424846888,1785561814.637431383,2259,906424,907151,1451,0,72000,7354,3192,0.000000000,10.457094999,11.579348000,4.833625000,0.001096000,4.834720999,18.157533000,0,18
1658137264.524819136,1785561814.733389378,2260,907151,907849,1086,0,72000,6016,2275,0.000000000,9.477120000,10.300466000,2.709467000,0.000962000,2.710429000,14.426406000,0,17
1658137264.624925613,1785561814.833745718,2261,907849,908633,1074,0,72000,6154,2472,0.000000000,8.718112001,9.735670000,3.522584000,0.000890000,3.523474000,14.648470000,0,10
1658137264.724771023,1785561814.934488058,2262,907641,908578,1373,0,72000,7120,3230,0.000000000,9.779114000,10.832041000,3.296276000,0.001081000,3.297357000,15.579166000,0,14
1658137264.824862480,1785561815.033138275,2263,908578,909417,1178,0,72000,6394,2419,0.000000000,9.007732000,9.799660000,2.690557000,0.001117000,2.691674000,13.727233000,0,18
1658137264.924825191,1785561815.131879091,2264,909417,909800,948,0,72000,5337,2150,0.000000000,7.784925000,8.641103000,2.667993000,0.001164000,2.669157000,12.618648000,0,17
1658137265.024905682,1785561815.238329172,2265,909800,910765,1523,0,72000,8303,3630,0.000000000,11.651387000,12.775711000,4.171307000,0.000967000,4.172274000,18.798748000,0,19
1658137265.124742508,1785561815.335014582,2266,910765,910467,1028,0,72000,6134,2616,0.000000000,8.548625000,9.490906000,3.920730000,0.001242000,3.921972000,14.963549000,0,15
1658137265.224842548,1785561815.435931921,2267,910467,911385,1123,0,72000,6866,2816,0.000000000,10.393159000,11.280922000,4.296322000,0.000965000,4.297287000,17.005514000,0,19
1658137265.324814320,1785561815.535344124,2268,908076,909159,1404,0,72000,6775,2626,0.000000000,10.535005000,11.396355000,3.530370000,0.000968000,3.531338000,16.439958000,0,19
1658137265.424897432,1785561815.612191916,2269,909159,909999,1392,0,72000,7181,2896,0.000000000,10.487233999,11.384181000,4.364580000,0.001121000,4.365701000,17.135419000,0,10
1658137265.524738312,1785561815.735580444,2270,909999,911120,1551,0,72000,7306,3141,0.000000000,10.021509000,11.098989000,4.013713000,0.001141000,4.014854000,16.514204000,0,12
1658137265.624830723,1785561815.839600563,2271,911120,912319,1662,0,72000,8528,3764,0.000000000,11.967778000,13.154766000,3.921767000,0.001235000,3.923002000,19.319721000,0,12
1658137265.724922895,1785561815.935327768,2272,912319,913236,1222,0,72000,6066,2709,0.000000000,8.736070000,10.019887000,5.048835000,0.001230000,5.050065000,16.567372000,0,15
1658137265.824775219,1785561816.014867544,2273,912318,913661,1694,0,72000,7604,3430,0.000000000,10.589763000,11.706216000,6.072604000,0.001082000,6.073686000,19.189960000,0,15
1658137265.924860954,1785561816.110704184,2274,911075,912278,1586,0,72000,7511,3337,0.000000000,10.002400999,11.017588000,3.655054000,0.001090000,3.656144000,16.283136000,0,14
1658137266.024830103,1785561816.231757879,2275,912278,913108,1136,0,72000,5901,2563,0.000000000,7.943051000,9.023468000,2.694234000,0.001019000,2.695253000,13.031483000,0,15
1658137266.124909163,1785561816.309390068,2276,913108,914153,1458,0,72000,6115,2475,0.000000000,8.338984000,9.501245000,3.824191000,0.001043000,3.825234000,14.565912000,0,13
1658137266.224747658,1785561816.412553787,2277,914153,915396,1473,0,72000,7307,3153,0.000000000,10.025043000,11.003841000,4.889222000,0.001086000,4.890308000,17.249992000,0,12
1658137266.324911356,1785561816.514092684,2278,911711,911246,1478,0,72000,7318,3050,0.000000000,10.899220000,11.939088000,4.155686000,0.001291000,4.156977000,17.404012000,0,14
1658137266.424754143,1785561816.607861519,2279,911246,911849,842,0,72000,5868,2141,0.000000000,9.176550001,9.885348000,2.161107000,0.001026000,2.162133000,13.269521000,0,10
1658137266.524842978,1785561816.712875843,2280,911849,912982,1496,0,72000,8421,3753,0.000000000,11.541208000,12.709514000,3.371611000,0.001452000,3.373063000,17.774422000,0,15
1658137266.624922037,1785561816.808791876,2281,912982,913725,1133,0,72000,6466,2570,0.000000000,9.243295000,10.278632000,2.950739000,0.001053000,2.951792000,14.665216000,0,11
1658137266.724756956,1785561816.911551237,2282,913725,914588,1130,0,72000,7116,3108,0.000000000,9.536200001,10.537551000,2.609423000,0.001394000,2.610817000,14.679274000,0,11
1658137266.824853659,1785561817.008997917,2283,914588,915410,1164,0,72000,6558,2814,0.000000000,9.529353000,10.440994000,2.730852000,0.001517000,2.732369000,14.510022000,0,16
1658137266.924826384,1785561817.110055447,2284,915410,916115,1102,0,72000,6340,2637,0.000000000,10.761640000,11.610518000,3.162280000,0.001798000,3.164078000,16.026052000,0,16
1658137267.024912596,1785561817.210003376,2285,916115,916976,1183,0,72000,6888,2964,0.000000000,10.030943000,11.015102000,2.651035000,0.001325000,2.652360000,15.054079000,0,11
1658137267.124748468,1785561817.313216448,2286,916976,917866,1322,0,72000,7476,3011,0.000000000,10.350400000,11.454933000,3.196878000,0.001103000,3.197981000,16.530935000,0,12
1658137267.224833250,1785561817.410531759,2287,917866,918608,1058,0,72000,6455,2768,0.000000000,9.826601000,10.809892000,3.234318000,0.001134000,3.235452000,15.293095000,0,2
1658137267.324848175,1785561817.510441303,2288,918423,919359,1454,0,72000,7458,3354,0.000000000,10.011337000,11.044112000,3.560881000,0.001321000,3.562202000,16.118449000,0,10
1658137267.424826622,1785561817.612716913,2289,919359,920219,1216,0,72000,6757,2765,0.000000000,9.472853999,10.347618000,5.551811000,0.001220000,5.553031000,17.212575000,0,11
1658137267.524921179,1785561817.708287716,2290,917548,918413,1261,0,72000,6223,2686,0.000000000,8.732377000,9.619256000,3.040317000,0.001283000,3.041600000,14.030066000,0,8
1658137267.624760151,1785561817.809703112,2291,918413,919184,1143,0,72000,7190,3119,0.000000000,9.728003000,10.699673000,2.812184000,0.001220000,2.813404000,14.872600000,0,9
1658137267.724857569,1785561817.917398214,2292,919184,920403,1659,0,72000,8790,3741,0.000000000,12.183226001,13.502763000,5.467953000,0.001191000,5.469144000,20.542149000,0,12
1658137267.824826956,1785561818.011187315,2293,920024,920984,1379,0,72000,6985,3006,0.000000000,10.139172000,11.220939000,3.844329000,0.001109000,3.845438000,16.408736000,0,9
1658137267.924910784,1785561818.108937502,2294,920507,921289,1123,0,72000,6760,2937,0.000000000,9.223147999,10.140665000,2.860749000,0.001193000,2.861942000,14.300753000,0,14
1658137268.024754286,1785561818.243241787,2295,921289,921904,1238,0,72000,7886,3517,0.000000000,11.544487000,12.815142000,8.923942000,0.001502000,8.925444000,23.171797000,0,20
1658137268.124859571,1785561818.310472727,2296,913196,914398,1473,0,72000,6935,3035,0.000000000,9.595863000,10.560876000,3.542913000,0.001092000,3.544005001,15.483337000,0,11
1658137268.224812031,1785561818.437086105,2297,914398,915548,1442,0,72000,7593,3336,0.000000000,10.480649000,11.569407000,3.578990000,0.001020000,3.580010000,16.850552000,0,14
1658137268.324924231,1785561818.507473946,2298,915548,916435,1075,0,72000,5869,2586,0.000000000,7.633065000,8.427519000,2.248766000,0.001089000,2.249855000,11.847363000,0,17
1658137268.424762726,1785561818.618080854,2299,916435,917497,1574,0,72000,7677,3227,0.000000000,10.425033000,11.512427000,9.403558000,0.001066000,9.404624000,22.369835000,0,11
1658137268.524860382,1785561818.738682032,2300,910599,911583,1223,0,72000,7311,2801,0.000000000,9.407351000,10.372994000,6.601730000,0.001038000,6.602768000,18.419083000,0,16
1658137268.624823570,1785561818.812219143,2301,909591,910899,1513,0,72000,8266,3862,0.000000000,9.969287000,11.197115000,3.310125000,0.000898000,3.311023000,16.019966000,0,10
1658137268.724905014,1785561818.908500433,2302,910899,911974,1385,0,72000,6924,3055,0.000000000,8.524656000,9.559335000,3.177588000,0.001260000,3.178848000,14.204225000,0,11
1658137268.824743748,1785561819.007015944,2303,911974,912786,942,0,72000,5139,2158,0.000000000,7.443488001,8.370007000,2.311146000,0.001279000,2.312425000,11.854992000,0,12
1658137268.924836159,1785561819.133050919,2304,912786,913698,1194,0,72000,6564,2864,0.000000000,8.436150000,9.407879000,2.710549000,0.000932000,2.711481000,13.644212000,0,13
1658137269.024924517,1785561819.209560633,2305,913698,914672,1227,0,72000,7071,3043,0.000000000,9.878844000,10.909030000,2.845714000,0.001119000,2.846833000,15.249217000,0,10
1658137269.124752283,1785561819.310080528,2306,914672,915507,1033,0,72000,7097,3017,0.000000000,9.263574001,10.376033000,3.002559000,0.001032000,3.003591000,14.873692000,0,19
1658137269.224849701,1785561819.433797598,2307,915507,916402,1111,0,72000,6358,2733,0.000000000,9.291855000,10.406417000,2.490942000,0.001190000,2.492132000,14.302993000,0,10
1658137269.324874401,1785561819.513911247,2308,916402,917391,1556,0,72000,8169,3683,0.000000000,11.191296000,12.437977000,4.002473000,0.001636000,4.004109000,17.998384000,0,17
1658137269.424828529,1785561819.611732960,2309,917391,918148,1269,0,72000,7735,3527,0.000000000,10.084732000,11.159061000,4.231978000,0.001079000,4.233057000,16.982035000,0,14
1658137269.524917603,1785561819.710498333,2310,918148,919020,1467,0,72000,6747,3045,0.000000000,9.072108000,10.068233000,3.842445000,0.001146000,3.843591000,15.188808000,0,15
1658137269.624767780,1785561819.836900711,2311,919020,919828,1425,0,72000,7321,3258,0.000000000,10.179439000,11.272125000,4.280665000,0.001081000,4.281746000,17.121682000,0,17
1658137269.724853992,1785561819.909822941,2312,919828,920743,1365,0,72000,6494,3006,0.000000000,9.003919000,10.092503000,3.435055000,0.001203000,3.436258000,14.820561000,0,16
1658137269.824815273,1785561820.012331247,2313,920743,921888,1833,0,72000,7826,3648,0.000000000,10.478385000,11.580056000,4.580560000,0.001157000,4.581717000,17.889589000,0,10
1658137269.924896479,1785561820.110566378,2314,921888,922337,1405,0,72000,6824,2983,0.000000000,9.502251000,10.465695000,4.811147000,0.001101000,4.812248000,16.601447000,0,13
1658137270.024729013,1785561820.205367804,2315,922337,922758,733,0,72000,5951,2688,0.000000000,7.495812000,8.357573000,2.052702000,0.001024000,2.053726000,11.640921000,0,16
1658137270.124812126,1785561820.331473589,2316,922758,923331,877,0,72000,5896,2485,0.000000000,8.114532000,8.926951000,2.188902000,0.001231000,2.190133000,12.540635000,0,14
1658137270.224920511,1785561820.411025763,2317,923331,924248,1421,0,72000,6955,3404,0.000000000,9.915218000,11.036279000,3.950145000,0.001172000,3.951317000,16.298238000,0,15
1658137270.324709654,1785561820.507008076,2318,923571,924202,919,0,72000,5704,2441,0.000000000,8.174791001,9.155426000,2.608385000,0.001196000,2.609581000,13.100137000,0,5
1658137270.424921274,1785561820.613562107,2319,924026,925035,1429,0,72000,7976,3842,0.000000000,10.917498000,12.205268000,3.944146000,0.001170000,3.945316000,17.650556000,0,10
1658137270.524760008,1785561820.709908724,2320,924709,925661,1238,0,72000,6229,2778,0.000000000,10.164894000,11.088990000,3.535135000,0.001310000,3.536445000,15.996237000,0,11
1658137270.624849319,1785561820.833839655,2321,925661,926384,1113,0,72000,6930,2835,0.000000000,9.364460000,10.311496000,2.588519000,0.001112000,2.589631000,14.155112000,0,10
1658137270.724827766,1785561820.911737680,2322,926384,927207,1342,0,72000,7416,3448,0.000000000,10.298749000,11.439478000,3.748002000,0.007818000,3.755820000,16.708193000,0,12
1658137270.824913979,1785561821.014902830,2323,927207,928192,1355,0,72000,7672,3417,0.000000000,11.260161000,12.604263000,3.413214000,0.001118000,3.414332000,17.438806000,0,6
1658137270.924763680,1785561821.107048035,2324,927866,928577,1093,0,72000,5420,2299,0.000000000,7.412584000,8.165491000,3.423326000,0.000957000,3.424283000,12.950467000,0,7
1658137271.024857998,1785561821.209800959,2325,928577,929370,1249,0,72000,6925,3240,0.000000000,10.446864000,11.483710000,2.877160000,0.001185000,2.878345000,15.744778000,0,14
1658137271.124819279,1785561821.310029507,2326,929370,930160,1254,0,72000,7059,3177,0.000000000,9.940013000,10.975308000,2.903754000,0.001033000,2.904787000,15.431373000,0,22
1658137271.224902391,1785561821.410540342,2327,930160,930910,1488,0,72000,7072,3241,0.000000000,9.936157000,10.959417000,3.878553000,0.001015000,3.879568000,16.433065000,0,17
1658137271.324813843,1785561821.510417461,2328,930910,931761,1329,0,72000,6824,3139,0.000000000,9.793941000,10.895247000,3.974405000,0.000967000,3.975372000,16.292099000,0,11
1658137271.424894810,1785561821.614412546,2329,931148,931889,1186,0,72000,7689,3556,0.000000000,10.159399000,11.271914000,3.796480000,0.001127000,3.797607000,16.679876000,0,14
1658137271.524731159,1785561821.715220690,2330,931075,932019,1532,0,72000,8696,4228,0.000000000,12.189892000,13.709457000,3.910224000,0.001296000,3.911520000,19.234420000,0,15
1658137271.624809980,1785561821.810611010,2331,932019,932902,1132,0,72000,6716,3116,0.000000000,9.623619000,10.655041000,3.172024000,0.001051000,3.173075000,15.106325000,0,17
1658137271.724892378,1785561821.941521645,2332,932657,933726,1458,0,72000,8426,4136,0.000000000,11.697724000,13.006674000,4.521519000,0.001045000,4.522564000,19.705952000,0,15
1658137271.824731827,1785561822.034156561,2333,932783,933585,1260,0,72000,6536,3094,0.000000000,8.828336000,10.087681000,3.103773000,0.001025000,3.104798000,14.507142000,0,15
1658137271.924819946,1785561822.117737293,2334,933585,934522,1576,0,72000,8112,3928,0.000000000,11.702826001,12.974189000,5.520717000,0.000970000,5.521687000,19.995913000,0,4
1658137272.024926662,1785561822.210450649,2335,932875,933917,1357,0,72000,6545,2900,0.000000000,9.162371000,10.075171000,3.775607000,0.001131000,3.776738000,15.161842000,0,17
1658137272.124770641,1785561822.382514000,2336,933647,934977,1833,0,72000,8002,3814,0.000000000,12.051499001,13.217058000,4.204643000,0.001034000,4.205677000,18.919879000,0,2
1658137272.224867582,1785561822.410213470,2337,934977,935773,1132,0,72000,5650,2457,0.000000000,8.836913001,9.645955000,3.795377000,0.001145000,3.796522000,14.650122000,0,10
1658137272.324828625,1785561822.513834000,2338,934867,935980,1731,0,72000,7777,3608,0.000000000,11.348067999,12.481687000,4.138859000,0.001638000,4.140497000,18.227011000,0,6
1658137272.424914598,1785561822.640157461,2339,935980,937064,1835,0,72000,8717,4150,0.000000000,12.091232000,13.341308000,5.011248000,0.001221000,5.012469000,19.960532000,0,16
1658137272.524755955,1785561822.739704132,2340,937064,938026,1666,0,72000,8104,3775,0.000000000,11.874937000,13.052064000,5.299902000,0.001165000,5.301067000,19.865960000,0,10
1658137272.624834061,1785561822.834551573,2341,934591,935515,1230,0,72000,6733,3243,0.000000000,9.346107000,10.411292000,3.248492000,0.001010000,3.249502000,15.030862000,0,14
1658137272.724928856,1785561822.932911634,2342,935515,936315,999,0,72000,6304,2669,0.000000000,8.901390000,9.862344000,2.186541000,0.001055000,2.187596000,13.512915000,0,17
1658137272.824751854,1785561823.009200811,2343,936315,937143,1045,0,72000,6674,3068,0.000000000,9.340631000,10.290338000,2.289550000,0.001074000,2.290624000,13.833548000,0,12
1658137272.924844265,1785561823.135642529,2344,937143,937923,1152,0,72000,7440,3351,0.000000000,10.249882000,11.312860000,3.342262000,0.001052000,3.343314000,16.213611000,0,12
1658137273.024812698,1785561823.209397554,2345,937923,938760,1170,0,72000,6698,2919,0.000000000,9.726042000,10.656115000,2.844897000,0.002047000,2.846944000,14.844659000,0,15
1658137273.124907017,1785561823.333690882,2346,938760,939581,1151,0,72000,6048,2587,0.000000000,9.000670001,10.076934000,2.707920000,0.001078000,2.708998000,14.190154000,0,18
1658137273.224752188,1785561823.410795689,2347,939581,940328,1128,0,72000,6148,2879,0.000000000,8.162395000,9.038485000,3.510058000,0.001071000,3.511129000,13.914627000,0,17
1658137273.324904442,1785561823.509873152,2348,940328,941081,1061,0,72000,5670,2516,0.000000000,8.333501999,9.141224000,2.820330000,0.001136000,2.821466000,13.381920000,0,11
1658137273.424742460,1785561823.612423420,2349,941081,942132,1531,0,72000,7674,3495,0.000000000,10.962978000,12.079977000,3.532321000,0.000962000,3.533283000,17.210169000,0,11
1658137273.524829149,1785561823.708368778,2350,942132,942953,1306,0,72000,6302,2868,0.000000000,8.598188001,9.785863000,3.200831000,0.001305000,3.202136000,14.144959000,0,17
1658137273.624920130,1785561823.815568209,2351,942953,943941,1596,0,72000,7398,3582,0.000000000,11.229698000,12.563882000,4.658716000,0.001354000,4.660070000,18.662702000,0,14
1658137273.724761963,1785561823.932606220,2352,943661,943993,865,0,72000,5884,2763,0.000000000,8.957855000,9.879539000,2.528768000,0.001148000,2.529916000,13.672007000,0,14
1658137273.824858189,1785561824.036146402,2353,943993,944706,1086,0,72000,7236,3255,0.000000000,10.108344000,11.330841000,3.425589000,0.001064000,3.426653000,16.295299000,0,14
1658137273.924713373,1785561824.112194538,2354,944571,945246,1028,0,72000,6386,2846,0.000000000,9.978243001,10.889377000,4.595812000,0.001278000,4.597090000,16.776247000,0,17
1658137274.024935484,1785561824.245418787,2355,939625,940828,1384,0,72000,7264,3396,0.000000000,12.614951000,14.020715000,7.544915000,0.001444000,7.546359000,23.760575000,0,14
1658137274.124767065,1785561824.338665962,2356,937242,938432,1328,0,72000,8401,3984,0.000000000,10.909814001,12.230079000,3.304268000,0.001246000,3.305514000,17.637497000,0,11
1658137274.224848986,1785561824.411537647,2357,938432,939441,1252,0,72000,6099,2701,0.000000000,9.861279000,10.841658000,4.012966000,0.001331000,4.014297000,16.193076000,0,15
1658137274.324812889,1785561824.534331322,2358,939441,940124,864,0,72000,4859,2192,0.000000000,9.290858000,10.268344000,2.849284000,0.001924000,2.851208000,14.830279000,0,18
1658137274.424909115,1785561824.619548082,2359,940124,941160,1346,0,72000,7464,3482,0.000000000,13.263493000,14.681728000,4.857985000,0.001345000,4.859330000,21.182641000,0,11
1658137274.524760008,1785561824.709064960,2360,940844,941452,815,0,72000,5212,2457,0.000000000,7.785224000,8.644008000,2.166690000,0.001244000,2.167934000,11.953603000,0,14
1658137274.624833584,1785561824.815361500,2361,941452,942571,1434,0,72000,7307,3316,0.000000000,11.452762999,12.639913000,3.662111000,0.001291000,3.663402000,17.718354000,0,13
1658137274.724924564,1785561824.911246061,2362,941105,942078,1198,0,72000,6769,3026,0.000000000,9.189583000,10.210267000,2.989433000,0.001439000,2.990872000,14.534600000,0,10
1658137274.824749231,1785561825.010552168,2363,942078,942933,1113,0,72000,6569,3067,0.000000000,8.709529000,9.822343000,2.876559000,0.001041000,2.877600000,13.995963000,0,4
1658137274.924850225,1785561825.139075041,2364,942933,944074,1596,0,72000,8502,4133,0.000000000,11.687762001,12.988576000,4.111704000,0.000972000,4.112676000,18.723920000,0,18
1658137275.024826765,1785561825.213054657,2365,944074,945299,1649,0,72000,8392,4022,0.000000000,10.906314000,12.139359000,3.915671000,0.000981000,3.916652000,17.643040000,0,15
1658137275.124927998,1785561825.312986135,2366,945299,946133,1290,0,72000,7174,3501,0.000000000,9.949969000,11.013561000,3.043551000,0.001183000,3.044734000,15.624698000,0,16
1658137275.224785089,1785561825.415365934,2367,946133,947275,1274,0,72000,6040,2671,0.000000000,9.497978000,10.463725000,6.681378000,0.001316000,6.682694000,18.432901000,0,13
1658137275.324836493,1785561825.535986900,2368,943394,944257,1309,0,72000,6572,3148,0.000000000,9.662843000,10.974907000,4.121399000,0.001103000,4.122502000,16.526164000,0,15
1658137275.424925804,1785561825.640822887,2369,944257,945120,1086,0,72000,6771,3151,0.000000000,12.930860000,14.600436000,4.685376000,0.001269000,4.686645000,21.042546000,0,10
1658137275.524761677,1785561825.712923765,2370,945120,945962,1095,0,72000,6732,3169,0.000000000,10.331805000,11.634358000,3.203543000,0.001107000,3.204650000,16.182607000,0,18
1658137275.624845505,1785561825.833271027,2371,945962,946761,982,0,72000,6468,3042,0.000000000,8.902272000,10.241632000,2.130050000,0.001254000,2.131304000,13.726375000,0,15
1658137275.724817038,1785561825.912190676,2372,946761,947632,1372,0,72000,7433,3464,0.000000000,9.490583000,10.547201000,3.176855000,0.000998000,3.177853000,15.110760000,0,8
1658137275.824910164,1785561826.035026073,2373,947632,948555,1441,0,72000,6469,2953,0.000000000,8.905489000,9.973470000,4.013208000,0.000997000,4.014205000,15.425621000,0,16
1658137275.924756289,1785561826.108495712,2374,948555,949253,961,0,72000,5512,2422,0.000000000,8.009265001,8.806151000,2.082205000,0.001348000,2.083553000,12.055015000,0,11
1658137276.024860144,1785561826.208692074,2375,949253,949919,856,0,72000,5625,2699,0.000000000,7.679358000,8.584988000,2.985435000,0.001194000,2.986629000,12.729689000,0,10
1658137276.124713659,1785561826.340009928,2376,949790,950682,1882,0,72000,8859,4295,0.000000000,11.701357000,13.091024000,4.953697000,0.001074000,4.954771000,19.679526000,0,23
1658137276.224929333,1785561826.435161591,2377,950682,951747,1574,0,72000,6699,3287,0.000000000,9.132366000,10.155096000,4.060245000,0.001016000,4.061261000,15.807103000,0,17
1658137276.324825525,1785561826.515157461,2378,951747,952549,1363,0,72000,6661,3163,0.000000000,11.658017000,12.920502000,3.802753000,0.001311000,3.804064000,18.085535000,0,3
1658137276.424924612,1785561826.641309738,2379,952549,953390,1155,0,72000,6783,3264,0.000000000,9.986944000,11.078491000,6.930975000,0.002092000,6.933067000,19.400313000,0,17
1658137276.524758577,1785561826.740965128,2380,948835,950007,1529,0,72000,7167,3462,0.000000000,10.911840000,12.100841000,4.569208000,0.001151000,4.570359000,18.632291000,0,13
1658137276.624847174,1785561826.817739010,2381,950007,950841,1114,0,72000,6552,3084,0.000000000,11.443633999,13.232416000,4.256588000,0.001499000,4.258087000,19.061040000,0,11
1658137276.724823475,1785561826.921552181,2382,950686,951636,1223,0,72000,7267,3434,0.000000000,14.078987999,15.569464000,4.531711000,0.001645000,4.533356000,21.771702000,0,12
1658137276.824909925,1785561827.017731905,2383,951447,952253,1254,0,72000,6300,2824,0.000000000,10.986331001,11.978237000,4.483436000,0.001135000,4.484571000,17.839665000,0,11
1658137276.924745321,1785561827.139282227,2384,952253,952959,1347,0,72000,6607,3084,0.000000000,10.135543000,11.161637000,4.776589000,0.001116000,4.777705000,17.515597000,0,11
1658137277.024834156,1785561827.212812185,2385,952959,953579,1034,0,72000,5865,2662,0.000000000,9.111703000,10.085600000,3.322327000,0.002018000,3.324345000,14.729255000,0,10
1658137277.124801874,1785561827.333389044,2386,953579,954228,892,0,72000,4813,1970,0.000000000,7.961765999,8.719624000,2.341184000,0.001100000,2.342284000,12.408471000,0,22
1658137277.224889994,1785561827.439965010,2387,954228,954874,872,0,72000,5637,2549,0.000000000,10.582096000,11.675136000,4.169790000,0.001826000,4.171615999,17.386294000,0,13
1658137277.324832916,1785561827.519360065,2388,954136,955055,1348,0,72000,7461,3523,0.000000000,11.941715000,13.523981000,3.671180000,0.001223000,3.672403000,18.804149000,0,7
1658137277.424920797,1785561827.614829302,2389,955055,955838,1223,0,72000,6115,2981,0.000000000,9.648390000,10.659312000,3.137122000,0.002018000,3.139140000,15.637024000,0,9
1658137277.524770260,1785561827.735857010,2390,955838,956517,1011,0,72000,5679,2498,0.000000000,8.815268000,9.754476000,2.544874000,0.002181000,2.547055000,13.569599000,0,12
1658137277.624848604,1785561827.839091539,2391,956517,957248,1242,0,72000,6424,3078,0.000000000,11.062904000,12.165702000,3.368667000,0.001246000,3.369913000,17.062074000,0,14
1658137277.724820375,1785561827.937653542,2392,957248,957981,1154,0,72000,6239,2916,0.000000000,10.617150000,11.654585000,3.235828000,0.001246000,3.237074000,16.357477000,0,18
1658137277.824901581,1785561828.010297060,2393,957981,958754,1172,0,72000,5920,2728,0.000000000,8.725672000,9.626535000,3.324311000,0.001436000,3.325747000,14.255654000,0,10
1658137277.924754858,1785561828.119341850,2394,958754,959809,1718,0,72000,8109,3902,0.000000000,12.099358000,13.502258000,4.677129000,0.001119000,4.678248000,19.815337000,0,17
1658137278.024834633,1785561828.239038944,2395,959809,960736,1333,0,72000,7078,3358,0.000000000,10.048219000,11.237813000,5.072245000,0.001094000,5.073339000,17.709099000,0,14
1658137278.124910116,1785561828.314832211,2396,959042,960131,1419,0,72000,7085,3369,0.000000000,11.100506000,12.482754000,4.221510000,0.001311000,4.222821000,18.287932000,0,12
1658137278.224744081,1785561828.414810658,2397,959149,960298,1613,0,72000,8051,3839,0.000000000,11.119357000,12.339180000,4.173856000,0.001305000,4.175161000,18.226729000,0,22
1658137278.324901104,1785561828.510255575,2398,960298,960836,1331,0,72000,5757,2570,0.000000000,8.272420000,9.199895000,4.692577000,0.001295000,4.693872000,15.218622000,0,11
1658137278.424752474,1785561828.613475561,2399,960836,961618,1317,0,72000,7598,3673,0.000000000,10.172227000,11.356243000,3.267362000,0.001204000,3.268566000,16.082652000,0,10
1658137278.524829865,1785561828.737715721,2400,961618,962572,1337,0,72000,8275,4035,0.000000000,10.929594001,12.196763000,3.209389000,0.001153000,3.210542000,17.027275000,0,16
1658137278.624810696,1785561828.814492226,2401,962572,963405,1503,0,72000,7984,3855,0.000000000,10.508258000,11.720961000,3.794645000,0.001164000,3.795809000,16.981700000,0,9
1658137278.724908113,1785561828.908922195,2402,962519,963292,1145,0,72000,6722,3350,0.000000000,9.051423000,10.154904000,2.757300000,0.001212000,2.758512000,14.244714000,0,11
1658137278.824750185,1785561829.014393806,2403,963292,963977,1208,0,72000,7171,3490,0.000000000,10.336713000,11.588243000,4.952187000,0.001174000,4.953361000,17.911603000,0,13
1658137278.924849510,1785561832.086794853,2404,963977,964653,916,0,72000,4936,2197,0.000000000,7.426664000,8.264688000,2.331669000,0.027552000,2.359221000,12.051773000,0,10
1658137279.924921036,1785561832.286367178,2405,964653,968392,4939,0,72000,6698,3024,0.000000000,10.973569000,26.778215000,88.140274000,0.001255000,88.141529000,121.855111000,0,1
1658137280.124851704,1785561832.309742928,2406,968392,970109,1828,0,72000,6698,2431,0.000000000,12.119420001,13.012849000,4.507442000,0.000729000,4.508171000,18.381271000,0,2
1658137280.224820137,1785561832.334323168,2407,970109,971649,1736,0,72000,6698,2481,0.000000000,11.777003000,12.654859000,5.656315000,0.001023000,5.657338000,19.311227000,0,3
1658137280.324728012,1785561832.358237267,2408,971649,973055,1724,0,72000,6698,2507,0.000000000,12.188801000,13.047271000,5.332854000,0.000839000,5.333693000,19.253763000,0,4
1658137280.424809217,1785561832.380471945,2409,973055,974515,1694,0,72000,6698,2541,0.000000000,11.019111000,11.971516000,4.806188000,0.000606000,4.806794000,17.557268000,0,5
1658137280.524907351,1785561832.403692722,2410,974515,975977,1662,0,72000,6698,2542,0.000000000,11.976592000,12.636171000,4.809234000,0.001048000,4.810282000,18.270065000,0,6
1658137280.624747276,1785561832.426559687,2411,975977,977366,1649,0,72000,6698,2552,0.000000000,11.515681000,12.206785000,5.411496000,0.000761000,5.412257000,18.428720000,0,7
1658137280.724840403,1785561832.449883461,2412,977366,978777,1650,0,72000,6698,2556,0.000000000,12.019041000,12.684740000,5.352473000,0.000269000,5.352742000,18.971271000,0,8
1658137280.824808359,1785561832.473704100,2413,978777,980210,1654,0,72000,6698,2564,0.000000000,12.629128000,13.313553000,5.030815000,0.000287000,5.031102000,19.208864000,0,9
1658137280.924902201,1785561832.496201038,2414,980210,981605,1642,0,72000,6698,2565,0.000000000,11.457041000,12.121238000,5.251713000,0.000572000,5.252285001,18.143245000,0,10
1658137281.024731398,1785561832.518398046,2415,981605,983025,1651,0,72000,6698,2560,0.000000000,11.441830000,11.922717000,5.086396000,0.000312000,5.086708000,17.786104000,0,11
1658137281.124819517,1785561832.540710688,2416,983025,984421,1638,0,72000,6698,2567,0.000000000,11.656352000,12.137327000,5.181553000,0.000278000,5.181831000,18.070648000,0,12
1658137281.224927425,1785561832.563488960,2417,984421,985765,1590,0,72000,6698,2567,0.000000000,11.713932000,12.206708000,5.233751000,0.000271000,5.234022000,18.253642000,0,13
1658137281.324825764,1785561832.589397192,2418,985765,987162,1597,0,72000,6698,2573,0.000000000,11.904318000,12.364107000,4.967590000,0.000346000,4.967936000,18.080294000,2,16
1658137281.424925804,1785561832.613801003,2419,987162,988528,1602,0,72000,6698,2575,0.000000000,12.009911000,12.470821000,5.389905000,0.000323000,5.390228000,18.616304000,3,18
1658137281.524775505,1785561832.638405323,2420,988528,989873,1608,0,72000,6698,2574,0.000000000,11.984116000,12.438235000,5.112798000,0.000266000,5.113064000,18.408302000,4,20
1658137281.624869823,1785561832.665180683,2421,989873,991256,1601,0,72000,6698,2574,0.000000000,12.220237000,12.690040000,5.591095000,0.000263000,5.591358000,19.102508000,6,23
1658137281.724703074,1785561832.692044973,2422,991256,992665,1602,0,72000,6698,2574,0.000000000,13.230018000,14.162643000,6.188566000,0.000259000,6.188825000,22.193531000,6,24
1658137281.824923277,1785561832.715784788,2423,992665,993999,1606,0,72000,6698,2574,0.000000000,12.321085000,12.849345000,5.703108000,0.000258000,5.703366000,19.334396000,6,25
1658137281.924763680,1785561832.739288807,2424,993999,995334,1582,0,72000,6698,2574,0.000000000,11.975668000,12.438381000,5.701364000,0.000296000,5.701659999,18.926414000,6,27
1658137282.024865866,1785561832.775000334,2425,995334,1000671,5592,0,72000,8326,3236,0.000000000,14.706225000,15.735539000,8.997462000,0.000361000,8.997822999,26.555306000,5,33
1658137282.124823809,1785561832.803698063,2426,1000671,1002961,2715,0,72000,8326,3180,0.000000000,14.417599999,15.700541000,7.771746000,0.000425000,7.772171000,25.329397000,4,33
1658137282.224900007,1785561832.835517883,2427,1002961,1008608,5816,0,72000,6986,1796,0.000000000,14.837327000,15.813922000,9.179790000,0.000318000,9.180108000,26.710251000,3,30
1658137282.324830294,1785561832.863886595,2428,1008608,1013198,4754,0,72000,5869,1737,0.000000000,11.595782000,12.196744000,7.878793000,0.000289000,7.879082000,21.302222000,3,27
1658137282.424925804,1785561832.897263050,2429,1013198,1018365,5357,0,72000,7033,2357,0.000000000,15.017179000,15.878829000,10.908893000,0.000229000,10.909122000,28.635916000,2,22
1658137282.524770737,1785561832.931183815,2430,1018365,1023544,5380,0,72000,7338,2386,0.000000000,16.393696000,17.289739000,10.023122000,0.000339000,10.023461000,29.300967000,1,14
1658137282.624865294,1785561832.958818674,2431,1023544,1027777,4369,0,72000,6286,2038,0.000000000,12.465766001,13.193751000,8.890179000,0.000488000,8.890667000,23.717198000,0,5
1658137282.724707365,1785561832.989823580,2432,1027777,1032130,4514,0,72000,6680,2160,0.000000000,13.415991000,14.131340000,9.799628000,0.000380000,9.800008000,25.308941000,0,4
1658137282.824924469,1785561833.050596237,2433,1032130,1036632,4692,0,72000,7457,2098,0.000000000,15.143631999,15.991812000,10.572937000,0.000360000,10.573297001,27.984869000,0,22
1658137282.924761295,1785561833.140188456,2434,1036632,1039713,3229,0,72000,5347,1593,0.000000000,10.669080000,11.372945000,8.014466000,0.000244000,8.014710000,20.564156000,0,13
1658137283.024842262,1785561833.228506804,2435,1039713,1044453,4948,0,72000,8004,2422,0.000000000,16.141078001,17.088083000,11.146130000,0.000341000,11.146471000,29.791253000,0,13
1658137283.124936819,1785561833.324021578,2436,1044453,1048463,4196,0,72000,7009,1987,0.000000000,15.814850000,16.566886000,10.258178000,0.000324000,10.258501999,28.243825000,0,15
1658137283.224777699,1785561833.462794065,2437,1048463,1033533,4472,0,72000,7244,2055,0.000000000,13.556331000,16.107167000,41.761066000,0.000531000,41.761597000,64.420779000,0,21
1658137283.324833870,1785561833.545184851,2438,1033533,1037287,3914,0,72000,6168,1752,0.000000000,14.342315000,15.011162000,8.236606000,0.000906000,8.237512000,24.703909000,0,20
1658137283.424923182,1785561833.644571066,2439,1005694,1009001,4183,0,72000,6428,1937,0.000000000,9.818510000,10.512550000,11.454898000,0.001075000,11.455973000,23.943779000,0,13
1658137283.524764299,1785561833.743670702,2440,1008288,1011868,4455,0,72000,6839,1852,0.000000000,10.951570000,11.652669000,9.377099000,0.000952000,9.378051000,22.511810000,0,15
1658137283.624842644,1785561833.841492414,2441,1011868,1015077,4049,0,72000,6451,1580,0.000000000,9.151379000,9.737745000,9.848774000,0.001324000,9.850097999,20.907273000,0,18
1658137283.724931479,1785561833.940862894,2442,1015077,1018227,3867,0,72000,6631,1696,0.000000000,9.922721000,10.589370000,8.436778000,0.001063000,8.437841000,20.467627000,0,18
1658137283.824772358,1785561834.042043686,2443,1018227,1021559,4187,0,72000,6725,1701,0.000000000,10.167741000,10.767728000,8.992154000,0.001091000,8.993245000,21.209594000,0,18
1658137283.924844742,1785561834.140609503,2444,1021559,1024625,3851,0,72000,6291,1467,0.000000000,9.856869000,10.405785000,8.319325000,0.000998000,8.320323000,20.084809000,0,19
1658137284.024803638,1785561834.249745369,2445,1024625,1028177,4205,0,72000,7409,1641,0.000000000,12.351044000,12.994262000,13.119751000,0.001113000,13.120864000,27.778394000,0,18
1658137284.124904871,1785561834.343959093,2446,1028177,1031610,4058,0,72000,7382,1701,0.000000000,11.845172000,12.425102000,9.005740000,0.001039000,9.006779000,22.869355000,0,17
1658137284.224743366,1785561834.443423033,2447,1031610,1034535,3655,0,72000,7789,1887,0.000000000,11.901853000,12.549889000,7.876204000,0.001397000,7.877601000,21.966067000,0,23
1658137284.324923038,1785561834.673125982,2448,1034535,1037346,3783,0,72000,6591,1668,0.000000000,10.803512000,11.442054000,9.044612000,0.001296000,9.045908000,22.021156000,0,14
1658137284.424765110,1785561834.718165398,2449,1037346,1041041,4728,0,72000,7899,1808,0.000000000,12.310187999,13.016001000,8.987684000,0.001238000,8.988922000,23.616994000,0,10
1658137284.524851799,1785561834.765598536,2450,1041041,1041903,2187,0,72000,7899,1693,0.000000000,11.710744000,12.290620000,8.735484000,0.001223000,8.736707000,21.956552000,0,10
1658137284.624827147,1785561834.817313910,2451,1041903,1045430,4739,0,72000,6686,1314,0.000000000,11.271208000,11.771228000,9.292244000,0.001024000,9.293268000,22.371114000,0,10
1658137284.724920750,1785561834.922693968,2452,1044576,1049686,6134,0,72000,7807,1609,0.000000000,13.518358000,14.085176000,10.909750000,0.001097000,10.910847000,26.426459000,0,11
1658137284.824752092,1785561835.020151854,2453,1049686,1053989,5370,0,72000,7498,1628,0.000000000,12.260606000,12.829320000,10.993389000,0.001173000,10.994562000,25.315535000,0,15
1658137284.924844980,1785561835.142744064,2454,1053989,1058127,4950,0,72000,6241,1378,0.000000000,10.859198000,11.359316000,11.025563000,0.000996000,11.026559000,23.748154000,0,17
1658137285.024936199,1785561835.244087696,2455,1058127,1062430,5226,0,72000,6880,1408,0.000000000,11.605640000,12.098361000,10.910978000,0.001220000,10.912198000,24.384251000,0,15
1658137285.124771833,1785561835.356326103,2456,1062407,1066773,6047,0,72000,7998,1568,0.000000000,13.685329000,14.488874000,19.122588000,0.001115000,19.123703000,35.370139000,0,16
1658137285.224859953,1785561835.421849966,2457,1066773,1071393,5344,0,72000,6460,1502,0.000000000,11.764629000,12.278003000,12.498664000,0.001266000,12.499930000,26.100343000,0,6
1658137285.324886799,1785561835.544263363,2458,1066368,1071308,5295,0,72000,6592,1471,0.000000000,10.172301000,10.693812000,11.287219000,0.001185000,11.288404000,23.232856000,0,22
1658137285.424731255,1785561835.651172400,2459,1071241,1076955,6101,0,72000,7787,1512,0.000000000,11.992422000,12.563961000,16.893673000,0.000970000,16.894643000,31.079661000,0,18
1658137285.524821997,1785561835.720216751,2460,1076955,1082729,6131,0,72000,7603,1524,0.000000000,12.194704999,12.969605000,9.539151000,0.000891000,9.540042000,24.015501000,0,13
1658137285.624908686,1785561835.831477642,2461,1082206,1088293,7051,0,72000,9120,1677,0.000000000,14.618508000,15.206151000,16.354984000,0.001061000,16.356045000,33.224347000,0,15
1658137285.724737644,1785561835.916474342,2462,1088277,1092614,4920,0,72000,5942,1196,0.000000000,9.389243999,9.819914000,10.747667000,0.001510000,10.749177000,21.949529000,0,5
1658137285.824810982,1785561836.048992872,2463,1092570,1098114,6260,0,72000,7771,1407,0.000000000,13.020396000,13.508977000,12.905815000,0.000976000,12.906791000,27.927818000,0,14
1658137285.924904585,1785561836.123043776,2464,1098114,1103233,5920,0,72000,7458,1446,0.000000000,12.935225001,13.443546000,13.126819000,0.001040000,13.127859000,28.236080000,0,11
1658137286.024753571,1785561836.247072697,2465,1103231,1108411,5898,0,72000,7447,1476,0.000000000,12.185418000,12.698004000,12.493510000,0.001203000,12.494713000,26.677323000,0,13
1658137286.124848366,1785561836.340125084,2466,1108183,1112066,4379,0,72000,5384,1011,0.000000000,9.251122000,9.673411000,9.560738000,0.001333000,9.562071000,20.505484000,0,17
1658137286.224804401,1785561836.432415009,2467,1112064,1117553,6262,0,72000,7631,1459,0.000000000,14.611545000,15.243197000,16.022101000,0.001019000,16.023120000,32.762893000,0,10
1658137286.324787855,1785561836.532418013,2468,1117377,1122540,5994,0,72000,7466,1345,0.000000000,13.495588001,14.020576000,16.069628000,0.001034000,16.070662000,31.622967000,0,2
1658137286.424876690,1785561836.653108597,2469,1122540,1128049,5772,0,72000,7201,1271,0.000000000,13.027124000,13.546327000,14.175126000,0.001290000,14.176416000,29.319292000,0,18
1658137286.524713278,1785561836.732403040,2470,1104659,1110023,5596,130154,72000,7126,1349,0.000000000,13.648792999,14.212353000,9.595812000,9.406305000,19.002117000,34.662743000,0,10
1658137286.624927521,1785561836.836586714,2471,1108779,1114161,6451,0,72000,8094,1430,0.000000000,14.131869000,14.665375000,18.061098000,0.001014000,18.062112000,34.509683000,0,18
1658137286.724778891,1785561836.920435667,2472,1114155,1119349,5738,0,72000,6439,1326,0.000000000,10.127892000,10.612776000,11.361923000,0.001191000,11.363114000,23.382544000,0,13
1658137286.824875593,1785561837.100702286,2473,1119345,1124946,5713,0,72000,6634,1342,0.000000000,11.907053999,12.446076000,37.856241000,0.001166000,37.857407000,51.619586000,0,27
1658137286.924721003,1785561837.147813082,2474,1124946,1131098,6280,0,72000,7483,1464,0.000000000,13.528240000,14.081138000,8.113002000,0.000596000,8.113597999,23.716283000,0,17
1658137287.024818897,1785561837.221481800,2475,1131098,1136010,5052,0,72000,6132,1064,0.000000000,13.048366000,13.639609000,6.742859000,0.000902000,6.743761000,21.720571000,0,6
1658137287.124928713,1785561837.322645903,2476,1136010,1141850,5937,0,72000,6890,1146,0.000000000,13.489834000,13.932965000,8.145865000,0.000347000,8.146212000,23.511632000,0,16
1658137287.224756479,1785561837.442636013,2477,1141850,1144533,5376,0,72000,6087,1120,0.000000000,11.553341999,11.991350000,26.983499000,0.000539000,26.984038000,40.285194000,0,17
1658137287.324910164,1785561837.529143810,2478,1144533,1150431,6696,0,72000,7478,1566,0.000000000,10.703380000,11.272175000,17.792920000,0.001123000,17.794043000,30.530651000,0,12
1658137287.424742222,1785561837.648325920,2479,1150373,1155544,5960,0,72000,6989,1371,0.000000000,10.304731001,10.791364000,14.510890000,0.001306000,14.512196000,26.732959000,0,18
1658137287.524837017,1785561837.726268768,2480,1155544,1161673,6617,0,72000,7642,1354,0.000000000,11.789965999,12.335616000,15.570099000,0.001040000,15.571139000,29.365107000,0,12
1658137287.624812841,1785561837.846358776,2481,1161131,1167028,6298,0,72000,7118,1168,0.000000000,10.724720001,11.136500000,13.078118000,0.001048000,13.079166000,25.554937000,0,17
1658137287.724907637,1785561837.930916786,2482,1166898,1173684,7610,0,72000,8492,1869,0.000000000,13.704037000,14.400311000,17.875009000,0.001255000,17.876264000,34.018938000,0,14
1658137287.824747324,1785561838.029947758,2483,1173684,1179455,6848,0,72000,7649,1644,0.000000000,11.327759000,11.879233000,19.949009000,0.001066000,19.950075000,33.342977000,0,10
1658137287.924837351,1785561838.119607449,2484,1179007,1185642,6966,0,72000,7785,1409,0.000000000,11.075716001,11.564880000,10.641661000,0.001022000,10.642683000,23.708511000,0,12
1658137288.024812460,1785561838.222832441,2485,1185223,1191542,6562,0,72000,7460,1614,0.000000000,11.879789000,12.444851000,13.048114000,0.001094000,13.049208000,26.928903000,0,10
1658137288.124902725,1785561838.326636076,2486,1191359,1197730,7031,0,72000,7777,1460,0.000000000,12.231660000,12.897041000,13.636900000,0.001110000,13.638010000,28.011235000,0,4
1658137288.224732399,1785561838.445971251,2487,1197721,1203903,6691,0,72000,7418,1572,0.000000000,10.545943000,11.061171000,12.647253000,0.001127000,12.648380000,25.126905000,0,18
1658137288.324891090,1785561838.522047997,2488,1203889,1209984,6665,0,72000,7491,1327,0.000000000,11.609649000,12.093557000,12.369263000,0.000996000,12.370259000,25.949357000,0,16
1658137288.424728632,1785561838.626161337,2489,1209937,1216429,6901,0,72000,7583,1627,0.000000000,12.237483001,12.850078000,14.075006000,0.001065000,14.076071000,28.376703000,0,12
1658137288.524826765,1785561838.734032631,2490,1216116,1221972,6456,0,72000,7083,1573,0.000000000,11.039970999,11.560888000,24.495103000,0.001110000,24.496213000,37.409288000,0,13
1658137288.624915123,1785561838.818840265,2491,1221972,1229008,7126,0,72000,8031,1651,0.000000000,12.159282001,12.697305000,8.228328000,0.001178000,8.229506000,22.433637000,0,17
1658137288.724764109,1785561838.948932886,2492,1228441,1233859,6092,0,72000,6624,1419,0.000000000,9.843557999,10.359834000,15.788807000,0.001306000,15.790113000,27.619533000,0,11
1658137288.824859619,1785561839.024161100,2493,1233854,1239711,6498,0,72000,7325,1576,0.000000000,10.597056000,11.154657000,13.608614000,0.001533000,13.610147000,26.165921000,0,10
1658137288.924818754,1785561839.119169474,2494,1239582,1245593,6184,0,72000,6750,1316,0.000000000,9.715331001,10.172526000,10.713352000,0.000997000,10.714349000,22.156842000,0,12
1658137289.024909496,1785561839.217711687,2495,1245383,1250638,5749,0,72000,6197,1352,0.000000000,8.702187000,9.300029000,12.051187000,0.001374000,12.052561000,22.635604000,0,11
1658137289.124746323,1785561839.348209381,2496,1250636,1256924,6874,0,72000,7631,1555,0.000000000,12.005067000,12.610115000,13.357036000,0.001348000,13.358384000,27.444236000,0,17
1658137289.224841118,1785561839.426231861,2497,1256900,1262466,6352,0,72000,7063,1656,0.000000000,10.085547000,10.619437000,17.553324000,0.000950000,17.554274000,29.604259000,0,10
1658137289.324888945,1785561839.550992489,2498,1262466,1268734,6657,0,72000,7357,1803,0.000000000,11.603292000,12.259462000,14.278703000,0.001105000,14.279808000,27.871467000,0,14
1658137289.424733877,1785561839.642555714,2499,1268572,1274102,5833,0,72000,6387,1372,0.000000000,9.977559000,10.450695000,10.663946000,0.001233000,10.665179000,22.445745000,0,11
1658137289.524832249,1785561839.723075151,2500,1274067,1279561,6012,0,72000,6505,1308,0.000000000,9.821325001,10.328269000,14.204165000,0.001101000,14.205265999,25.764670000,0,18
1658137289.624911547,1785561839.849143267,2501,1279551,1286285,6957,0,72000,7673,1632,0.000000000,11.314076000,11.843367000,14.988479000,0.001212000,14.989691000,28.279044000,0,19
1658137289.724753618,1785561839.918802738,2502,1286285,1292451,6275,0,72000,6793,1418,0.000000000,11.994512000,12.513326000,7.484756000,0.000512000,7.485268000,21.391028000,0,18
1658137289.824827433,1785561840.027412176,2503,1291141,1296082,5888,0,72000,6465,1438,0.000000000,10.247904000,10.770630000,18.341678000,0.000931000,18.342608999,30.456475000,0,18
1658137289.924919367,1785561840.135336876,2504,1295979,1302523,6888,0,72000,7412,1705,0.000000000,10.970097000,11.569617000,24.913380000,0.001023000,24.914403000,37.952130000,0,11
1658137290.024755478,1785561840.216806650,2505,1302523,1308786,6336,0,72000,6909,1465,0.000000000,11.244087000,11.726117000,6.598570000,0.001326000,6.599896000,19.653275000,0,15
1658137290.124841690,1785561840.332947254,2506,1308163,1314362,6923,0,72000,7579,1749,0.000000000,11.129835000,12.140020000,19.495512000,0.000591000,19.496103000,33.112594000,0,13
1658137290.224921942,1785561840.418986082,2507,1314208,1319728,5752,0,72000,6358,1475,0.000000000,8.926317000,9.432599000,12.288382000,0.000970000,12.289352000,22.964857000,0,11
1658137290.324830532,1785561840.529813290,2508,1319585,1326784,7711,0,72000,8371,1692,0.000000000,12.999319000,13.579941000,16.938823000,0.001127000,16.939950000,31.897097000,0,11
1658137290.424924612,1785561840.615734339,2509,1326666,1332202,5699,0,72000,6230,1300,0.000000000,9.489062000,9.944070000,9.398729000,0.001123000,9.399852000,20.740889000,0,11
1658137290.524769545,1785561840.718011856,2510,1331662,1337252,5729,0,72000,6210,1313,0.000000000,9.147574000,9.605895000,11.336674000,0.001103000,11.337776999,22.206454000,0,11
1658137290.624856234,1785561840.844336748,2511,1336640,1341880,5294,0,72000,5699,1136,0.000000000,8.867730001,9.263774000,38.236462000,0.001119000,38.237581000,48.679850000,0,17
1658137290.724818707,1785561840.921335220,2512,1341880,1349278,7486,0,72000,8059,1817,0.000000000,13.221318000,13.802771000,7.692079000,0.000889000,7.692968000,23.019254000,0,4
1658137290.824909687,1785561841.018477201,2513,1349278,1356157,6981,0,72000,7630,1728,0.000000000,12.788868001,13.362329000,7.605842000,0.001047000,7.606889000,22.497674000,0,16
1658137290.924751520,1785561841.145584822,2514,1356157,1362673,6619,0,72000,7352,1810,0.000000000,12.950501000,13.583555000,8.995966000,0.000534000,8.996500001,24.332339000,0,15
1658137291.024829865,1785561841.222125292,2515,1362673,1369571,6966,0,72000,7603,1789,0.000000000,13.607541000,14.206732000,10.131107000,0.000339000,10.131446000,25.794081000,0,13
1658137291.124918222,1785561841.340641975,2516,1367964,1372954,6205,0,72000,6801,1581,0.000000000,12.278558000,13.152917000,27.879915000,0.000765000,27.880680000,42.460256000,0,18
1658137291.224769115,1785561841.531722784,2517,1351153,1357061,5980,993057,72000,6609,1490,0.000000000,10.649767000,11.196311000,91.379708000,6.936997000,98.316705000,110.833893000,0,18
1658137291.324923277,1785561841.631019592,2518,1357061,1362895,5900,0,72000,6427,1446,0.000000000,10.661041999,11.147971000,7.887780000,0.000893000,7.888673000,85.849062000,0,10
1658137291.424743176,1785561841.671267509,2519,1362895,1369934,7124,0,72000,7767,1852,0.000000000,13.219244001,13.883622000,9.546146000,0.000554000,9.546700000,24.985955000,0,10
1658137291.524831295,1785561841.725299358,2520,1351186,1376780,6924,0,72000,7536,1845,0.000000000,13.602406001,14.252215000,10.712794000,0.000533000,10.713327000,26.364488000,0,3
1658137291.624914408,1785561841.853344202,2521,293331,298478,6753,0,72000,7393,1883,0.000000000,13.115766999,14.189538000,34.891958000,0.000785000,34.892743000,50.883111000,0,18
1658137291.724742413,1785561841.943005800,2522,298478,303893,5565,0,72000,6068,1239,0.000000000,9.130220001,9.571593000,12.038167000,0.001251000,12.039418000,22.943440000,0,10
1658137291.824827909,1785561842.048055649,2523,302903,308252,5865,0,72000,6386,1340,0.000000000,9.528108999,9.981579000,14.999157000,0.000905000,15.000062000,26.256477000,0,18
1658137291.924926043,1785561842.130487442,2524,308128,315151,7627,0,72000,8332,1925,0.000000000,12.193662001,12.837490000,15.787454000,0.000945000,15.788399000,30.252830000,0,11
1658137292.024781466,1785561842.246155739,2525,315145,321494,6493,0,72000,7128,1753,0.000000000,10.229680000,10.795898000,13.348364000,0.000888000,13.349252000,25.447085000,0,18
1658137292.124879837,1785561842.330788851,2526,321494,326390,6088,0,72000,6689,1574,0.000000000,10.757344000,11.318041000,20.461839000,0.000366000,20.462205000,33.156148000,0,13
1658137292.224719048,1785561842.448641539,2527,326323,332032,6245,0,72000,6908,1564,0.000000000,10.287945000,10.814010000,15.770986000,0.000879000,15.771865000,27.897918000,0,18
1658137292.324868679,1785561842.553207874,2528,331826,338213,6844,0,72000,7527,1478,0.000000000,11.591329999,12.128612000,17.791453000,0.001054000,17.792507000,31.440846000,0,15
1658137292.424708843,1785561842.646595001,2529,338189,344860,6820,0,72000,7491,1645,0.000000000,11.514289000,12.091456000,11.613900000,0.000912000,11.614812000,25.253395000,0,13
1658137292.524915934,1785561842.746220827,2530,344425,350750,6460,0,72000,7107,1746,0.000000000,10.400321000,10.977262000,12.816437000,0.000931000,12.817368000,25.195628000,0,18
1658137292.624755383,1785561842.855203629,2531,350246,357447,8000,0,72000,8722,1820,0.000000000,12.818134000,13.410417000,16.564213000,0.001043000,16.565256000,31.601871000,0,11
1658137292.724836349,1785561842.944760561,2532,357424,363038,6054,0,72000,6651,1424,0.000000000,9.519679000,10.000634000,13.118586000,0.001000000,13.119586000,24.460334000,0,16
1658137292.824809790,1785561843.046571970,2533,362942,369185,6621,0,72000,7218,1401,0.000000000,10.496823000,10.991048000,12.938042000,0.001186000,12.939228000,25.337608000,0,13
1658137292.924892664,1785561843.142079830,2534,369024,374794,5914,0,72000,6426,1451,0.000000000,9.199540001,9.727727000,10.809047000,0.000941000,10.809988000,21.829605000,0,17
1658137293.024718761,1785561843.246352196,2535,374432,381142,6831,0,72000,7376,1585,0.000000000,10.617873000,11.158030000,12.602499000,0.000930000,12.603429000,25.309303000,0,18
1658137293.124802113,1785561843.349834442,2536,380635,386404,6303,0,72000,6908,1509,0.000000000,9.820352001,10.851659000,16.703802000,0.000507000,16.704309000,29.198622000,0,19
1658137293.224906683,1785561843.425183296,2537,386329,392186,6276,0,72000,6748,1369,0.000000000,11.075707000,11.608505000,14.869890000,0.000830000,14.870720000,27.796527000,0,13
1658137293.324892521,1785561843.520989180,2538,392052,398453,6588,0,72000,7163,1563,0.000000000,10.330726999,10.836327000,13.116358000,0.001108000,13.117466000,25.313456000,0,17
1658137293.424744844,1785561843.620335817,2539,398102,404055,6109,0,72000,6724,1538,0.000000000,10.201510001,10.779711000,11.779297000,0.000847000,11.780144000,24.006379000,0,16
1658137293.524839163,1785561843.720266342,2540,403556,409404,6382,0,72000,7049,1427,0.000000000,9.733506000,10.202401000,12.900329000,0.000858000,12.901187000,24.489421000,0,14
1658137293.624812365,1785561843.821624041,2541,409334,415403,6458,0,72000,7121,1449,0.000000000,10.750963999,11.278079000,12.929600000,0.001080000,12.930680000,25.567275000,0,11
1658137293.724898815,1785561843.920755863,2542,415243,421006,5917,0,72000,6425,1237,0.000000000,10.840893001,11.301166000,12.610894000,0.000967000,12.611861001,25.170730000,0,14
1658137293.824738264,1785561844.026718140,2543,420617,426655,6662,0,72000,7273,1476,0.000000000,10.906677000,11.393760000,17.122076000,0.001060000,17.123136000,29.934569000,0,13
1658137293.924808979,1785561844.113940954,2544,426567,430655,4407,0,72000,4804,886,0.000000000,7.002389001,7.355463000,10.752022000,0.001127000,10.753149000,19.165334000,0,10
1658137294.024887562,1785561844.249327898,2545,430622,436754,6391,0,72000,6868,1362,0.000000000,10.155242000,10.612434000,15.021282000,0.000857000,15.022139000,26.965350000,0,14
1658137294.124736547,1785561844.320065498,2546,436524,442790,6401,0,72000,6914,1430,0.000000000,9.923854000,10.402651000,10.273353000,0.001196000,10.274549000,21.990662000,0,11
1658137294.224830866,1785561844.423573732,2547,442523,449695,7340,0,72000,7937,1570,0.000000000,12.742428000,13.345715000,12.314851000,0.001031000,12.315882000,27.177005000,0,13
1658137294.324910164,1785561844.522879124,2548,449308,454230,5468,0,72000,6031,1382,0.000000000,9.372120000,10.234296000,16.032410000,0.001039000,16.033449001,27.482349000,0,17
1658137294.424740791,1785561844.628218412,2549,454112,461166,7267,0,72000,7796,1550,0.000000000,12.501400000,13.687301000,16.878104000,0.000967000,16.879071000,32.255296000,0,14
1658137294.524841547,1785561844.720869303,2550,461166,467597,6612,0,72000,7280,1453,0.000000000,12.488495000,13.508957000,10.136865000,0.000311000,10.137176000,25.127384000,0,10
1658137294.624940395,1785561844.823478699,2551,467245,472317,5984,0,72000,6542,1539,0.000000000,10.718061000,11.683152000,15.039437000,0.000894000,15.040331000,28.069224000,0,14
1658137294.724770308,1785561844.945202827,2552,472236,477953,6145,0,72000,6620,1111,0.000000000,10.532416000,11.477653000,11.912948000,0.000799000,11.913747000,24.583580000,0,17
1658137294.824856520,1785561845.027997017,2553,477851,485194,7593,0,72000,8203,1659,0.000000000,13.409939001,14.965711000,13.693190000,0.000900000,13.694090000,30.287853000,0,14
1658137294.924819708,1785561845.122033119,2554,484791,491232,6583,0,72000,7188,1568,0.000000000,11.052535000,11.904161000,12.034471000,0.001152000,12.035623000,25.343232000,0,10
1658137295.024911642,1785561845.250161886,2555,490851,496699,6415,0,72000,7005,1400,0.000000000,11.075888000,12.025642000,15.945388000,0.001111000,15.946499000,29.357788000,0,17
1658137295.124738455,1785561845.328682899,2556,496614,503839,7734,0,72000,8412,1694,0.000000000,13.358833000,14.596452000,15.384029000,0.000952000,15.384981000,31.539343000,0,12
1658137295.224820852,1785561845.423439980,2557,503806,509693,6368,0,72000,6947,1564,0.000000000,10.314211000,11.375440000,14.919242000,0.001036000,14.920278000,27.651250000,0,17
1658137295.324810743,1785561845.531751394,2558,492455,499123,6750,378717,72000,7335,1648,0.000000000,19.590314000,20.843601000,7.164032000,4.318228000,11.482259999,33.776961000,0,12
1658137295.424897432,1785561845.633229733,2559,137028,142855,6562,0,72000,7150,1575,0.000000000,11.059107000,12.172281000,14.886763000,0.000813000,14.887576000,37.338755000,0,14
1658137295.524726391,1785561845.749143362,2560,142855,149484,7142,0,72000,7722,1702,0.000000000,11.357967001,12.460371000,12.338692000,0.000874000,12.339566000,26.712666000,0,15
1658137295.624808788,1785561845.816969633,2561,149262,154305,5314,0,72000,5819,1185,0.000000000,8.887903000,9.769714000,10.997247000,0.001099000,10.998346000,22.073707000,0,15
1658137295.724887609,1785561845.947533131,2562,154160,160759,6844,0,72000,7464,1670,0.000000000,10.502297000,11.363128000,13.476902000,0.001121000,13.478023000,26.358559000,0,13
1658137295.824709415,1785561846.022829294,2563,160577,166913,6816,0,72000,7379,1399,0.000000000,10.670964999,11.402140000,13.483135000,0.000940000,13.484075000,26.208883000,0,16
1658137295.924922943,1785561846.117603540,2564,166753,172147,5445,0,72000,5899,1103,0.000000000,9.246010000,9.697918000,8.934401000,0.001200000,8.935601000,20.216016000,0,15
1658137296.024755716,1785561846.223777533,2565,171675,177637,6618,0,72000,7161,1391,0.000000000,9.510187000,9.955719000,14.229144000,0.000622000,14.229766000,25.563031000,0,15
1658137296.124840736,1785561846.350023270,2566,177637,182708,5506,0,72000,5906,1165,0.000000000,12.447495000,13.205643000,13.059614000,0.000994000,13.060608000,28.001976000,0,13
1658137296.224817038,1785561846.442727089,2567,182700,188999,6485,0,72000,7012,1238,0.000000000,10.203702000,10.659424000,9.554311000,0.000850000,9.555161000,21.585861000,0,18
1658137296.324863672,1785561846.517827034,2568,188813,195423,6702,0,72000,7266,1457,0.000000000,10.571962000,11.126764000,8.125394000,0.000975000,8.126369000,20.661061000,0,16
1658137296.424705029,1785561846.632704020,2569,194871,202546,8515,0,72000,9170,1569,0.000000000,12.952645000,13.674491000,17.216126000,0.000679000,17.216805000,32.547568000,0,15
1658137296.524912119,1785561846.722269535,2570,202544,209340,7290,0,72000,7923,1800,0.000000000,11.413864000,12.012230000,12.106619000,0.000823000,12.107442000,25.681353000,0,12
1658137296.624754429,1785561846.819697618,2571,209080,215948,6994,0,72000,7621,1811,0.000000000,10.832355000,11.393458000,10.106503000,0.001339000,10.107842000,22.999089000,0,17
1658137296.724842072,1785561846.933012962,2572,215948,221905,7103,0,72000,7817,1777,0.000000000,11.453946000,12.012083000,21.860937000,0.000569000,21.861506000,35.380961000,0,10
1658137296.824809074,1785561847.017868042,2573,221905,227858,6398,0,72000,6984,1496,0.000000000,9.862264000,10.421914000,10.504435000,0.000659000,10.505094000,22.327673000,0,10
1658137296.924899340,1785561847.118436098,2574,227597,234105,6673,0,72000,7331,1676,0.000000000,10.055869000,10.651611000,10.334771000,0.000913000,10.335684000,22.414866000,0,10
1658137297.024735212,1785561847.219775438,2575,233895,239158,5814,0,72000,6278,1328,0.000000000,9.239010000,9.696005000,13.573641000,0.000596000,13.574237000,24.501773000,0,14
1658137297.124837875,1785561847.317947865,2576,238985,245161,6237,0,72000,6809,1608,0.000000000,10.180103000,10.790051000,9.223203000,0.000719000,9.223921999,21.319003000,0,10
1658137297.224918604,1785561847.448545218,2577,244760,250745,6515,0,72000,6956,1282,0.000000000,9.507799000,10.023589000,14.517276000,0.000724000,14.518000000,25.890808000,0,13
1658137297.324930191,1785561847.516611814,2578,250656,256307,5879,0,72000,6278,1447,0.000000000,8.935719000,9.518284000,9.955338000,0.000681000,9.956019000,20.838033000,0,12
1658137297.424774885,1785561847.617881060,2579,256104,262237,6344,0,72000,6874,1249,0.000000000,9.955525000,10.399197000,9.645381000,0.000677000,9.646058000,21.396889000,0,17
1658137297.524871588,1785561847.718213558,2580,261934,268265,6406,0,72000,6901,1322,0.000000000,10.528464000,11.005076000,9.932372000,0.000718000,9.933090000,22.281343000,0,11
1658137297.624713659,1785561847.817905426,2581,268265,275552,7368,0,72000,7931,1652,0.000000000,11.450117000,11.977688000,7.813189000,0.000713000,7.813902000,21.258844000,0,12
1658137297.724814415,1785561847.946084499,2582,275074,281526,6668,0,72000,7262,1796,0.000000000,10.118944001,10.721776000,12.160965000,0.000564000,12.161529000,24.294347000,0,17
1658137297.824909925,1785561848.027593613,2583,280807,288268,8145,0,72000,9000,1830,0.000000000,12.158033999,12.758152000,15.408946000,0.000670000,15.409616000,29.951955000,0,14
1658137297.924747467,1785561848.148475885,2584,288186,294409,6675,0,72000,7315,1325,0.000000000,10.261379000,10.706533000,13.108594000,0.000979000,13.109573000,25.190750000,0,12
1658137298.024832487,1785561848.219554901,2585,294267,300825,6654,0,72000,7266,1436,0.000000000,10.495561000,11.065343000,9.210070000,0.000814000,9.210884000,21.823379000,0,10
1658137298.124925375,1785561848.328903437,2586,284682,288884,6834,251779,72000,7430,1290,0.000000000,9.324416000,9.792703000,10.418306000,8.718318000,19.136624000,30.348081000,0,5
1658137298.224778175,1785561848.428062439,2587,54556,59812,5902,0,72000,6446,1480,0.000000000,8.531854999,9.064924000,13.801752000,0.001205000,13.802957000,32.353582000,0,13
1658137298.324875593,1785561848.514321327,2588,59295,64697,5709,383,72000,6166,1226,0.000000000,7.252137000,7.689935000,9.728304000,0.322222000,10.050526000,18.951976000,0,16
1658137298.424714088,1785561848.632327795,2589,64390,72052,8307,0,72000,9114,1822,0.000000000,11.713651000,12.324098000,18.602903000,0.001000000,18.603903000,32.519595000,0,17
1658137298.524812460,1785561848.743937492,2590,72001,77782,6218,0,72000,6845,1250,0.000000000,9.202086000,9.675256000,11.439502000,0.001296000,11.440798000,22.517854000,0,15
1658137298.624913931,1785561848.813015461,2591,77699,82726,5170,0,72000,5598,941,0.000000000,7.463580000,8.046684000,8.262609000,0.000783000,8.263392000,17.669111000,0,14
1658137298.724748850,1785561848.920705080,2592,82488,89930,7536,0,72000,8230,1686,0.000000000,10.910675001,11.479793000,10.148446000,0.000993000,10.149439000,23.242888000,0,11
1658137298.824827433,1785561849.028214455,2593,89407,95657,6973,0,72000,7631,1400,0.000000000,10.248477000,10.771444000,15.520445000,0.000752000,15.521197000,28.016462000,0,15
1658137298.924908638,1785561849.115018845,2594,95534,101494,6153,0,72000,6623,1120,0.000000000,8.438611000,8.848235000,8.623021000,0.000907000,8.623928000,18.829318000,0,12
1658137299.024748564,1785561849.221083879,2595,101382,109067,7849,0,72000,8529,1825,0.000000000,11.380170000,12.196658000,9.318983000,0.001002000,9.319985000,23.127268000,0,4
1658137299.124855757,1785561849.316001892,2596,108612,114543,5983,0,72000,6675,1218,0.000000000,8.471897000,8.902222000,8.793982000,0.001028000,8.795010000,19.226003000,0,10
1658137299.224818707,1785561849.420695782,2597,113736,119637,6479,6,72000,7026,1332,0.000000000,8.827383000,9.297218000,13.248299000,0.004958000,13.253257000,23.909983000,0,13
1658137299.324736834,1785561849.526013374,2598,119637,126655,7623,0,72000,8371,1580,0.000000000,11.215424000,11.744161000,13.412066000,0.000713000,13.412779000,26.778130000,0,17
1658137299.424831390,1785561849.617466211,2599,126532,132768,6480,0,72000,7132,1704,0.000000000,9.470478000,10.026388000,9.703660000,0.000968000,9.704628000,21.228263000,0,14
1658137299.524923801,1785561849.713004827,2600,132661,138273,5702,0,72000,6370,1068,0.000000000,8.535268000,8.905889000,6.767664000,0.000901000,6.768565000,16.903187000,0,17
1658137299.624764442,1785561849.842182636,2601,137518,144099,6660,0,72000,7367,1409,0.000000000,9.552990001,10.038084000,8.574285000,0.000821000,8.575106000,20.043656000,0,15
1658137299.724846601,1785561849.920121431,2602,144099,151037,7037,0,72000,7831,1753,0.000000000,11.910672999,12.689352000,7.140313000,0.000524000,7.140837000,21.499827000,0,10
1658137299.824812174,1785561850.023026466,2603,150404,157336,7195,0,72000,7872,1603,0.000000000,10.904072999,11.433523000,11.841073000,0.000860000,11.841933000,24.645047000,0,15
1658137299.924895763,1785561850.117577076,2604,156490,162390,5979,0,72000,6606,1305,0.000000000,9.448852000,9.980400000,9.182057000,0.000725000,9.182782000,20.580341000,0,15
1658137300.024709225,1785561850.229341745,2605,161618,167872,6890,0,72000,7654,1573,0.000000000,10.972612000,11.531521000,16.166471000,0.001716000,16.168187000,29.226569000,0,16
1658137300.124811888,1785561850.327876329,2606,167199,172894,6093,0,72000,6907,1396,0.000000000,9.000128000,9.512696000,16.548573000,0.000887000,16.549460000,27.516299000,0,13
1658137300.224897861,1785561850.453524590,2607,172560,179658,7529,0,72000,8298,1530,0.000000000,10.004476999,10.527650000,14.513350000,0.000941000,14.514291000,26.708415000,0,18
1658137300.324846268,1785561850.521403551,2608,179658,185041,5816,0,72000,6503,1454,0.000000000,8.951811000,9.449413000,11.309854000,0.000910000,11.310764000,22.223978000,0,10
1658137300.424808979,1785561850.650834084,2609,184755,190732,6375,0,72000,7130,1642,0.000000000,9.217455000,9.783323000,13.511212000,0.001051000,13.512263000,24.811544000,0,14
1658137300.524890900,1785561850.751915693,2610,190244,195986,6198,0,72000,6757,1561,0.000000000,8.647020000,9.219828000,14.965391000,0.001063000,14.966453999,25.600176000,0,17
1658137300.624721050,1785561850.824847221,2611,195986,202193,6541,0,72000,7296,1776,0.000000000,10.495601000,11.116547000,10.529523000,0.001955000,10.531478000,23.122337000,0,10
1658137300.724802971,1785561850.923489809,2612,202174,207953,5919,0,72000,6631,1516,0.000000000,9.673064000,10.202199000,9.568723000,0.000956000,9.569679000,21.285019000,0,8
1658137300.824882984,1785561851.020662785,2613,207560,212859,5347,0,72000,5928,1238,0.000000000,8.339945000,8.797354000,8.559642000,0.001357000,8.560999001,18.647066000,0,10
1658137300.924710751,1785561851.132675171,2614,212193,218182,6499,0,72000,7216,1606,0.000000000,10.193772000,10.773228000,17.259465000,0.001175000,17.260640000,29.433628000,0,15
1658137301.024910450,1785561851.228073359,2615,217669,223834,6608,0,72000,7437,1635,0.000000000,10.123888000,11.562459000,13.193782000,0.000782000,13.194564001,26.362401000,0,10
1658137301.124742031,1785561851.329736710,2616,223821,230165,6724,0,72000,7447,1563,0.000000000,11.412625000,12.226405000,12.169096000,0.001054000,12.170150000,26.275310000,0,14
1658137301.224821806,1785561851.418147564,2617,230146,235968,5973,0,72000,6671,1607,0.000000000,9.015535000,9.528849000,7.795712000,0.000973000,7.796684999,18.657833000,0,11
1658137301.324773073,1785561851.517662764,2618,235517,241595,6141,0,72000,6870,1425,0.000000000,9.020343000,9.486275000,7.824018000,0.001075000,7.825093000,18.635345000,0,16
1658137301.424873829,1785561851.628362179,2619,240823,247560,7375,0,72000,8067,1753,0.000000000,10.127011999,10.731583000,15.423891000,0.001074000,15.424965000,27.710998000,0,12
1658137301.524722576,1785561851.745557785,2620,246951,252638,5993,0,72000,6629,1535,0.000000000,8.280773000,8.887609000,11.912719000,0.001179000,11.913898000,22.188349000,0,26
1658137301.624919415,1785561851.849081755,2621,252606,259546,7431,0,72000,8138,2110,0.000000000,10.624508000,11.338186000,12.577066000,0.001284000,12.578350000,25.567715000,0,14
1658137301.724755049,1785561851.925273418,2622,259174,265815,7069,0,72000,8050,1704,0.000000000,9.745960000,10.295847000,15.259552000,0.000982000,15.260534000,27.238787000,0,17
1658137301.824848413,1785561852.047428608,2623,265287,270854,5881,0,72000,6607,1638,0.000000000,8.123812000,8.673528000,14.874755000,0.001368000,14.876123000,25.005277000,0,14
1658137301.924807310,1785561852.112844706,2624,270854,276118,5316,0,72000,5839,1291,0.000000000,8.193330999,8.670641000,5.888603000,0.001247000,5.889850000,15.744069000,0,14
1658137302.024907351,1785561852.213838816,2625,275844,280504,4997,0,72000,5516,1330,0.000000000,6.966534000,7.409108000,9.644704000,0.001041000,9.645745000,18.177439000,0,11
1658137302.124750853,1785561852.323237658,2626,280416,287779,7565,0,72000,8287,1692,0.000000000,11.668303001,12.244365000,9.433924000,0.001097000,9.435021000,23.356821000,0,17
1658137302.224840403,1785561852.441068888,2627,287374,293429,6137,0,72000,6773,1750,0.000000000,9.002112000,9.578907000,8.108663000,0.000952000,8.109615000,19.218463000,0,17
1658137302.324842453,1785561852.545464039,2628,292774,298330,6228,0,72000,6929,1608,0.000000000,8.563808000,9.093379000,12.985512000,0.000898000,12.986410000,23.460845000,0,16
1658137302.424817085,1785561852.618325949,2629,298195,304240,6404,0,72000,7149,1582,0.000000000,9.263876999,9.803043000,9.515361000,0.000980000,9.516341000,20.809863000,0,17
1658137302.524908304,1785561852.719260216,2630,303877,310019,6214,0,72000,6971,1832,0.000000000,9.194177000,9.781902000,9.658491000,0.000970000,9.659461000,20.826301000,0,16
1658137302.624737501,1785561852.821674347,2631,309629,314753,5741,0,72000,6449,1556,0.000000000,8.069949000,8.613326000,13.436128000,0.000646000,13.436774000,23.445369000,0,16
1658137302.724826097,1785561852.922983170,2632,314748,321522,7298,0,72000,8005,2247,0.000000000,10.739571000,11.472784000,12.579241000,0.000912000,12.580153000,25.594165000,0,17
1658137302.824915171,1785561853.023789883,2633,321060,328305,7427,0,72000,8326,2248,0.000000000,11.854540000,12.575319000,9.602027000,0.000953000,9.602980000,23.797509000,0,14
1658137302.924745321,1785561853.115609407,2634,328069,333923,5921,0,72000,6800,1226,0.000000000,8.840019999,9.272656000,7.996790000,0.001019000,7.997809000,18.565585000,0,17
1658137303.024838209,1785561853.223660231,2635,333182,338598,5941,0,72000,6670,1902,0.000000000,9.086000000,9.697645000,15.535680000,0.000940000,15.536620000,26.530453000,0,16
1658137303.124916315,1785561853.318919182,2636,338598,345147,6648,0,72000,7375,2040,0.000000000,10.539656000,11.176297000,8.047413000,0.000637000,8.048050000,20.663288000,0,10
1658137303.224755764,1785561853.429780245,2637,344478,350993,7429,0,72000,8253,2192,0.000000000,11.436668000,12.200860000,15.486025000,0.000887000,15.486912000,29.365061000,0,11
1658137303.324832916,1785561853.514793634,2638,350956,356358,5536,0,72000,6194,1467,0.000000000,7.966051000,8.516926000,8.660792000,0.000952000,8.661744001,18.518195000,0,8
1658137303.424919128,1785561853.617473841,2639,355890,361990,6200,0,72000,6986,1816,0.000000000,9.340225000,9.938456000,8.349055000,0.000894000,8.349949000,19.714994000,0,11
1658137303.524761200,1785561853.725218058,2640,337491,343212,5803,203320,72000,6541,1571,0.000000000,14.465195000,15.023727000,5.248489000,4.823445000,10.071933999,26.479337000,0,4
1658137303.624834776,1785561853.829390764,2641,163192,168626,6026,0,72000,6635,1927,0.000000000,8.367249000,9.320385000,12.346634000,0.001423000,12.348057000,30.354347000,0,19
1658137303.724806309,1785561853.916906357,2642,168189,173147,5328,0,72000,6054,1397,0.000000000,7.908018999,8.404178000,9.361058000,0.001011000,9.362069000,18.942958000,0,16
1658137303.824890852,1785561854.019270182,2643,173147,180054,7082,0,72000,7943,2102,0.000000000,10.725002000,11.453892000,8.610096000,0.000931000,8.611027000,21.893503000,0,18
1658137303.924740553,1785561854.120677471,2644,179625,187348,7826,0,72000,8656,2033,0.000000000,10.586317000,11.274909000,8.851479000,0.000860000,8.852339000,21.687957000,0,10
1658137304.024838686,1785561854.224350452,2645,186686,192136,6360,0,72000,7085,1896,0.000000000,8.906380000,9.813521000,14.718318000,0.000644000,14.718962000,25.947174000,0,14
1658137304.124922514,1785561854.325358152,2646,192116,199352,7856,0,72000,8969,2398,0.000000000,11.746940001,12.606928000,11.533451000,0.000970000,11.534421000,25.862056000,0,10
1658137304.224752665,1785561854.416088581,2647,199123,204825,5771,0,72000,6466,1592,0.000000000,7.756802000,8.280593000,9.415968000,0.000990000,9.416958000,19.204792000,0,17
1658137304.324918985,1785561854.522825718,2648,204125,210109,6515,0,72000,7339,1813,0.000000000,9.490125999,10.317637000,12.358596000,0.000538000,12.359134000,24.227012000,0,15
1658137304.424758196,1785561854.615544081,2649,209985,214925,5107,0,72000,5839,1479,0.000000000,8.269079000,8.823231000,7.690471000,0.000679000,7.691150000,17.819840000,0,14
1658137304.524866819,1785561854.741928101,2650,214720,220506,5869,0,72000,6661,1830,0.000000000,9.319261999,10.045659000,8.312475000,0.000665000,8.313140000,20.003541000,0,20
1658137304.624706268,1785561854.815201998,2651,219787,225738,6006,0,72000,6536,1594,0.000000000,8.088554000,8.603549000,7.970306000,0.000651000,7.970957000,17.917044000,0,15
1658137304.724920034,1785561854.940182924,2652,225048,231041,6073,0,72000,6757,1475,0.000000000,8.083407000,8.594811000,8.207783000,0.000783000,8.208566000,18.435276000,0,10
1658137304.824775219,1785561855.028892756,2653,231041,236171,6157,0,72000,6795,2041,0.000000000,10.254341000,11.002414000,16.990558000,0.000404000,16.990962000,29.301229000,0,17
1658137304.924862385,1785561855.112826109,2654,236064,240193,4592,0,72000,5245,1558,0.000000000,6.582896000,7.222780000,9.035667000,0.000984000,9.036650999,17.366118000,0,11
1658137305.024817944,1785561855.224793434,2655,239707,246958,7706,0,72000,8486,2127,0.000000000,10.002228001,10.670957000,12.854111000,0.000669000,12.854780000,25.079839000,0,17
1658137305.124909163,1785561855.322379351,2656,246568,253534,7118,0,72000,8018,2297,0.000000000,10.201479000,10.931729000,11.618457000,0.000666000,11.619123000,24.083195000,0,14
1658137305.224744081,1785561855.430701017,2657,253534,259206,6665,0,72000,7413,2003,0.000000000,10.441366999,11.104428000,18.236340000,0.000499000,18.236839000,31.399614000,0,8
1658137305.324823141,1785561855.515404463,2658,259206,265263,6272,0,72000,7050,2021,0.000000000,8.667567000,9.363943000,7.974193000,0.001021000,7.975214000,18.727260000,0,16
1658137305.424894571,1785561855.622123957,2659,264821,270559,6544,0,72000,7438,2163,0.000000000,10.091786000,10.779969000,12.716749000,0.000945000,12.717694000,24.980160000,0,13
1658137305.524720192,1785561855.720232010,2660,270003,276005,6520,0,72000,7513,2212,0.000000000,9.022379000,9.717298000,11.427997000,0.001198000,11.429194999,22.580887000,0,14
1658137305.624804497,1785561855.825248241,2661,275998,282600,7059,0,72000,8057,2066,0.000000000,10.698089000,11.609673000,11.466411000,0.001084000,11.467495000,24.754349000,0,9
1658137305.724894047,1785561855.919925690,2662,281941,287502,6034,0,72000,6915,1964,0.000000000,8.728554000,9.352052000,11.549409000,0.000955000,11.550364000,22.291832000,0,15
1658137305.824735641,1785561856.018936396,2663,287494,292882,5822,0,72000,6875,2080,0.000000000,9.061833000,9.714156000,9.560565000,0.001040000,9.561605000,20.653200000,0,17
1658137305.924832106,1785561856.117129803,2664,292853,298637,5927,0,72000,6762,1738,0.000000000,8.914733001,9.481102000,8.445609000,0.001057000,8.446666000,19.267452000,0,10
1658137306.024921656,1785561856.237264872,2665,298223,303029,4866,0,72000,5373,1634,0.000000000,7.309026000,7.873502000,6.347692000,0.000969000,6.348661000,15.358000000,0,14
1658137306.124748468,1785561856.313673973,2666,302235,307698,5536,0,72000,6325,1729,0.000000000,7.698714000,8.305730000,7.316658000,0.001229000,7.317887000,16.913801000,0,16
1658137306.224836111,1785561856.425939560,2667,282896,288625,5784,244369,72000,6537,1786,0.000000000,13.568212000,14.150289000,5.172667000,7.592704000,12.765371001,28.202876000,0,12
1658137306.324913502,1785561856.528254747,2668,68021,73403,6184,0,72000,7059,2268,0.000000000,9.740702000,10.583864000,11.688213000,0.001121000,11.689334000,30.098094000,0,12
1658137306.424747944,1785561856.628294230,2669,73221,80311,7856,171,72000,8989,2845,0.000000000,11.993950000,13.002298000,11.897910000,0.090831000,11.988741000,26.732932000,0,17
1658137306.524842978,1785561856.719704390,2670,80282,87252,7065,0,72000,8245,2370,0.000000000,10.029678000,10.789772000,9.154154000,0.001058000,9.155212000,21.649198000,0,21
1658137306.624814034,1785561856.816913128,2671,86450,92545,6236,0,72000,7448,2407,0.000000000,8.922878000,9.682255000,7.143359000,0.000725000,7.144084000,18.397617000,0,18
1658137306.724912167,1785561856.922093630,2672,91723,96641,5932,0,72000,7061,2070,0.000000000,8.527732999,9.201451000,12.179638000,0.000745000,12.180383000,22.753265000,0,14
1658137306.824762821,1785561857.016445398,2673,96641,102009,5902,0,72000,6782,1825,0.000000000,8.119837000,8.849210000,9.015984000,0.000785000,9.016769000,19.387455000,0,11
1658137306.924857140,1785561857.115508318,2674,101980,108122,6215,0,72000,7038,2260,0.000000000,8.878014000,9.578256000,6.803927000,0.000905000,6.804832000,17.778344000,0,14
1658137307.024706125,1785561857.221606493,2675,107270,113913,6880,0,72000,7856,2261,0.000000000,10.312685000,11.062231000,9.197123000,0.000773000,9.197896000,21.738001000,0,14
1658137307.124925852,1785561857.328375101,2676,113218,119791,7552,0,72000,8861,2875,0.000000000,11.021506000,11.915195000,14.144396000,0.000646000,14.145042000,27.713607000,0,11
1658137307.224767208,1785561857.419267416,2677,119771,124904,5944,0,72000,7044,2193,0.000000000,9.078902000,9.777800000,11.187686000,0.000941000,11.188627000,22.399916000,0,12
1658137307.324859619,1785561857.510240078,2678,124240,128984,4833,0,72000,5571,1628,0.000000000,6.290836000,6.817136000,5.931558000,0.000793000,5.932351000,14.122080000,0,16
1658137307.424829006,1785561857.646134377,2679,128845,134357,6188,0,72000,6969,1801,0.000000000,8.270338000,8.920628000,12.949429000,0.000781000,12.950210000,23.373877000,0,17
1658137307.524922132,1785561857.712669849,2680,134319,138881,4619,0,72000,5365,1416,0.000000000,7.059801000,7.588205000,6.662425000,0.000620000,6.663045000,15.507154000,0,13
1658137307.624770164,1785561857.822537661,2681,138434,144209,6304,0,72000,6841,1704,0.000000000,8.400013000,9.307132000,12.656462000,0.000741000,12.657203000,23.350376000,0,20
1658137307.724865437,1785561857.914873362,2682,144157,149727,5831,0,72000,6536,1887,0.000000000,8.391310000,9.057741000,7.568787000,0.000788000,7.569575000,18.257181000,0,17
1658137307.824710846,1785561858.038808584,2683,149710,155259,5675,0,72000,6254,1764,0.000000000,7.968117000,8.598446000,6.949262000,0.000887000,6.950148999,16.789160000,0,17
1658137307.924927711,1785561858.139769077,2684,154674,160336,5731,0,72000,6452,2049,0.000000000,8.025806000,8.687247000,7.592310000,0.000704000,7.593014000,17.664875000,0,15
1658137308.024773121,1785561858.245290279,2685,159589,164325,5540,0,72000,6331,1853,0.000000000,7.827289000,8.491944000,12.522711000,0.000649000,12.523360000,22.384299000,0,15
1658137308.124854326,1785561858.320123434,2686,164209,169858,6074,0,72000,6841,1832,0.000000000,8.174693000,8.782694000,12.067479000,0.000842000,12.068321000,22.556516000,0,15
1658137308.224831820,1785561858.419525385,2687,166424,171316,5293,2889,72000,6143,1856,0.000000000,7.435732000,8.262423000,10.714029000,1.690526000,12.404555000,21.961230000,0,14
1658137308.324830294,1785561858.649050951,2688,171316,176340,5423,0,72000,6053,1859,0.000000000,7.242266001,7.846974000,9.937163000,0.000787000,9.937950000,18.972343000,0,10
1658137308.424920082,1785561858.691047668,2689,176246,182617,6549,0,72000,7425,2172,0.000000000,8.246103000,8.941029000,8.398912000,0.000793000,8.399705000,18.834338000,0,31
1658137308.524762392,1785561858.740830660,2690,182617,188207,5770,0,72000,6722,2169,0.000000000,9.303803000,10.353139000,7.159871000,0.000579000,7.160450000,18.896849000,0,21
1658137308.624859571,1785561858.817875624,2691,187271,193468,6319,0,72000,7522,2609,0.000000000,9.064978000,9.891485000,8.026069000,0.000689000,8.026758000,19.418129000,0,24
1658137308.724705696,1785561858.921663046,2692,192743,197736,6118,0,72000,7217,2052,0.000000000,8.566705000,9.198499000,13.940310000,0.000741000,13.941051000,24.587407000,0,16
1658137308.824926615,1785561859.046293259,2693,197736,202853,5771,0,72000,6737,2259,0.000000000,8.433440000,9.128581000,14.045387000,0.000899000,14.046286000,24.507386000,0,10
1658137308.924763203,1785561859.123146534,2694,201975,208908,7439,0,72000,8738,2476,0.000000000,9.939644000,10.704275000,11.060991000,0.000331000,11.061321999,23.545671000,0,10
1658137309.024861097,1785561859.219762087,2695,208908,214320,6154,0,72000,7357,2044,0.000000000,9.408302999,10.142827000,11.031297000,0.000701000,11.031997999,22.814587000,0,16
1658137309.124705553,1785561859.316131830,2696,214320,219450,5721,0,72000,6651,2104,0.000000000,7.660341000,8.409805000,9.479071000,0.000766000,9.479837000,19.452416000,0,17
1658137309.224911690,1785561859.413515091,2697,219260,224895,5709,0,72000,6566,1933,0.000000000,8.286100001,8.997467000,6.352059000,0.000721000,6.352780000,16.684082000,0,11
1658137309.324819565,1785561859.521984816,2698,224193,230032,6587,0,72000,7608,2066,0.000000000,9.329390000,9.989127000,13.274709000,0.000927000,13.275636000,24.664508000,0,14
1658137309.424909830,1785561859.623785019,2699,229285,235757,6860,0,72000,7879,2286,0.000000000,10.104550000,11.012593000,12.618398000,0.000737000,12.619135000,25.070592000,0,15
1658137309.524757862,1785561859.719511509,2700,235757,241231,6106,0,72000,7107,2381,0.000000000,9.236600999,10.101545000,10.393810000,0.000893000,10.394703000,22.079159000,0,15
1658137309.624855280,1785561859.845943451,2701,241177,247109,6513,0,72000,7217,2096,0.000000000,8.939122000,9.619903000,13.139153000,0.000783000,13.139936000,24.057915000,0,14
1658137309.724826336,1785561859.914119005,2702,246287,250843,4946,0,72000,5810,1566,0.000000000,6.598254000,7.134547000,8.719277000,0.000897000,8.720174000,17.136584000,0,10
1658137309.824911594,1785561860.022520304,2703,250843,257738,7044,0,72000,8191,2562,0.000000000,10.480919000,11.336699000,10.769638000,0.000774000,10.770412000,23.713669000,0,9
1658137309.924754143,1785561860.114242792,2704,257738,263460,5823,0,72000,6713,2363,0.000000000,9.449565001,10.319776000,6.062212000,0.000593000,6.062805000,17.903192000,0,4
1658137310.024847031,1785561860.218064308,2705,263019,268094,5350,0,72000,6377,2290,0.000000000,9.193838000,10.111044000,9.290442000,0.000950000,9.291392000,20.699136000,0,11
1658137310.124819279,1785561860.317445517,2706,267224,273444,6366,0,72000,7296,2257,0.000000000,9.408031999,10.124416000,8.013312000,0.000827000,8.014139000,19.514250000,0,12
1658137310.224909782,1785561860.414467812,2707,272381,277954,5645,0,72000,6556,1798,0.000000000,8.664706000,9.289867000,6.886158000,0.000993000,6.887151000,17.509203000,0,11
1658137310.324796915,1785561860.520158768,2708,277231,282347,5994,0,72000,7078,2155,0.000000000,8.483684001,9.258619000,12.745142000,0.000854000,12.745996000,23.349552000,0,16
1658137310.424883604,1785561860.647004128,2709,282347,288456,6588,0,72000,7691,2602,0.000000000,9.704355000,10.534347000,12.147030000,0.000915000,12.147945000,24.162226000,0,18
1658137310.524716139,1785561860.741378784,2710,287450,292084,5110,0,72000,6053,1896,0.000000000,7.526953000,8.297214000,10.311121000,0.000843000,10.311964000,20.104972000,0,18
1658137310.624812603,1785561860.819125414,2711,292078,296587,5015,0,72000,5630,1690,0.000000000,6.585323000,7.124136000,11.449559000,0.000897000,11.450456000,19.739359000,0,17
1658137310.724900961,1785561860.919197798,2712,296559,301860,5837,0,72000,6634,1812,0.000000000,9.365117000,10.036741000,10.577620000,0.000887000,10.578507000,21.934650000,0,11
1658137310.824735403,1785561861.016407967,2713,301551,306953,5471,0,72000,6211,1798,0.000000000,7.874299000,8.514199000,6.664171000,0.000840000,6.665011000,16.406209000,0,15
1658137310.924841642,1785561861.116434097,2714,306539,312210,5735,0,72000,6713,1915,0.000000000,8.886422000,9.484171000,8.040707000,0.001208000,8.041915000,18.929095000,0,15
1658137311.024803877,1785561861.230268717,2715,311626,317704,6936,0,72000,8208,2591,0.000000000,10.395310000,11.212273000,17.724822000,0.001001000,17.725823000,30.525179000,0,15
1658137311.124889374,1785561861.310530663,2716,317704,322430,4763,0,72000,5479,1398,0.000000000,7.554331000,8.007025000,5.229967000,0.000594000,5.230561000,14.388504000,0,13
1658137311.224742174,1785561861.448557615,2717,321634,327202,6495,0,72000,7422,2452,0.000000000,9.605053000,10.348215000,14.211566000,0.001065000,14.212631000,26.019376000,0,14
1658137311.324820518,1785561861.545104027,2718,326762,333197,6866,0,72000,7851,2312,0.000000000,9.407330000,10.150927000,10.534567000,0.000889000,10.535456000,22.257167000,0,16
1658137311.424902678,1785561861.625680685,2719,332534,339282,7144,0,72000,8439,2743,0.000000000,10.430662000,11.335320000,13.117506000,0.001033000,13.118539000,26.038244000,0,10
1658137311.524752617,1785561861.718186855,2720,338705,343953,5739,0,72000,6565,1446,0.000000000,7.794536000,8.293202000,11.228343000,0.000963000,11.229306000,20.938129000,0,6
1658137311.624840736,1785561862.107103586,2721,343907,349225,5709,0,72000,6501,1890,0.000000000,7.845607000,8.478088000,10.505735000,0.001046000,10.506781000,20.276591000,0,12
1658137311.724807501,1785561862.142527342,2722,349047,355360,6537,0,72000,7710,2303,0.000000000,9.690935000,10.487101000,8.418657000,0.000848000,8.419505000,20.415389000,2,10
1658137311.824908733,1785561862.165429592,2723,355360,358270,3157,0,72000,7710,2610,0.000000000,10.494651000,11.337193000,7.028926000,0.000410000,7.029336000,19.541742000,1,10
1658137311.924739122,1785561862.190736055,2724,358270,360758,3042,0,72000,7710,2626,0.000000000,11.084282999,11.765872000,8.053526000,0.000354000,8.053880000,20.711121000,0,20
1658137312.024813652,1785561862.217627048,2725,360758,366156,5661,0,72000,6493,1957,0.000000000,10.401174000,11.020619000,7.642315000,0.000505000,7.642820000,19.872569000,0,10
1658137312.124905586,1785561862.321393728,2726,366027,371678,5730,0,72000,6383,1694,0.000000000,10.098417000,10.983196000,10.840998000,0.000596000,10.841594000,23.049852000,0,16
1658137312.224748850,1785561862.430624485,2727,364628,370654,6796,0,72000,7401,2205,0.000000000,10.516460000,11.668838000,16.650442000,0.000853000,16.651295000,30.193069000,0,16
1658137312.324819803,1785561862.517817974,2728,370334,376289,6336,0,72000,7158,2290,0.000000000,8.441943000,9.146899000,9.746172000,0.001011000,9.747183000,20.281291000,0,14
1658137312.424904108,1785561862.626793623,2729,375935,382277,6864,0,72000,7722,2284,0.000000000,9.242905000,10.027064000,14.070309000,0.001042000,14.071351000,25.739624000,0,13
1658137312.524741650,1785561862.727786064,2730,382254,389106,7437,0,72000,8437,2799,0.000000000,10.656938999,11.558078000,12.920933000,0.000962000,12.921895000,26.089202000,0,16
1658137312.624816179,1785561862.817885399,2731,389060,395328,6337,0,72000,7297,2093,0.000000000,9.361383000,10.025949000,8.992591000,0.001056000,8.993647000,20.686972000,0,13
1658137312.724898815,1785561862.934698582,2732,394749,403175,8549,0,72000,9891,2862,0.000000000,12.636039000,13.561520000,18.114663000,0.001105000,18.115768000,33.420050000,0,20
1658137312.824739695,1785561863.042347193,2733,403175,409549,6475,0,72000,7678,2347,0.000000000,10.297699000,11.044565000,8.078826000,0.000707000,8.079533000,20.631001000,0,15
1658137312.924829721,1785561863.117832422,2734,409549,415075,5624,0,72000,6582,1714,0.000000000,9.634962000,10.205365000,8.702332000,0.000696000,8.703028000,20.263691000,0,17
1658137313.024907827,1785561863.216920614,2735,414276,419959,5803,0,72000,6717,1990,0.000000000,9.612041000,10.272158000,7.953953000,0.000728000,7.954681000,19.691269000,0,11
1658137313.124745846,1785561863.325484037,2736,417421,423275,6732,0,72000,7836,2062,0.000000000,9.855134000,10.689881000,15.945381000,0.001010000,15.946391000,28.129390000,0,14
1658137313.224845886,1785561863.446596146,2737,422300,429061,7299,0,72000,8539,2533,0.000000000,10.154211000,10.968812000,11.524007000,0.001114000,11.525121000,24.026902000,0,16
1658137313.324886084,1785561863.524177313,2738,429061,435023,6686,0,72000,8037,2361,0.000000000,10.029425999,10.775675000,13.334172000,0.001008000,13.335180000,25.798704000,0,15
1658137313.424720049,1785561863.640607834,2739,434956,439406,4906,0,72000,5782,1592,0.000000000,7.058267001,7.586925000,10.053169000,0.001153000,10.054322000,18.944296000,0,13
1658137313.524817944,1785561863.721858740,2740,439351,445801,6959,0,72000,8264,2498,0.000000000,10.428691000,11.234700000,10.887074000,0.001030000,10.888104000,23.802986000,0,9
1658137313.624906540,1785561863.823914289,2741,438434,414841,5815,35634,72000,6839,1952,0.000000000,8.867907000,9.601256000,13.556780000,1.733292000,15.290072000,26.587482000,0,10
1658137313.724748373,1785561863.940097332,2742,414841,420094,5321,0,72000,6517,1873,0.000000000,9.249570000,9.861409000,7.423233000,0.000929000,7.424162000,18.881249000,0,17
1658137313.824825287,1785561864.022677660,2743,419587,424167,6080,0,72000,7230,2099,0.000000000,9.430454000,10.443699000,13.975441000,0.000832000,13.976273000,25.887100000,0,5
1658137313.924910069,1785561864.116168022,2744,423839,429701,5983,0,72000,7145,2032,0.000000000,8.638576000,9.497220000,7.851733000,0.000913000,7.852646000,18.765921000,0,10
1658137314.024746180,1785561864.241607904,2745,429338,434296,5045,0,72000,5958,1814,0.000000000,8.013273000,8.767763000,7.231757000,0.001051000,7.232808000,17.409646000,0,14
1658137314.124848604,1785561864.321330786,2746,433269,438450,6049,0,72000,7128,2101,0.000000000,8.253735000,9.001453000,14.241478000,0.000515000,14.241993000,24.870163000,0,11
1658137314.224811316,1785561864.437633038,2747,437714,442227,4894,0,72000,5745,1588,0.000000000,6.626474001,7.135333000,8.449856000,0.001037000,8.450893000,16.752495000,0,13
1658137314.324863911,1785561864.518357754,2748,442227,447456,5798,0,72000,6880,1971,0.000000000,8.761150000,9.456682000,11.151307000,0.000884000,11.152190999,21.940810000,0,17
1658137314.424826384,1785561864.608602047,2749,447456,451925,4553,0,72000,5295,1448,0.000000000,6.360660000,6.837811000,5.894301000,0.001239000,5.895540000,13.959716000,0,17
1658137314.524925947,1785561864.712392092,2750,451620,456724,5183,0,72000,6226,1863,0.000000000,8.191981000,8.839183000,6.808905000,0.001013000,6.809918000,17.338753000,0,11
1658137314.624755859,1785561864.817072868,2751,456038,462457,6556,0,72000,7374,1957,0.000000000,9.451271000,10.071641000,9.139390000,0.001016000,9.140406000,20.657437000,0,11
1658137314.724852800,1785561864.916711569,2752,461521,466977,5514,0,72000,6581,2117,0.000000000,8.548372000,9.283128000,10.596357000,0.000919000,10.597276000,21.130090000,0,11
1658137314.824813128,1785561865.027009726,2753,466977,472217,6818,0,72000,8000,2716,0.000000000,11.365469000,12.231969000,16.847080000,0.000214000,16.847294000,30.621440000,0,15
1658137314.924892902,1785561865.116182804,2754,472211,476873,5248,0,72000,6443,2022,0.000000000,7.778715999,8.422160000,8.678036000,0.001012000,8.679048000,18.434715000,0,15
1658137315.024738789,1785561865.234311819,2755,476234,480452,4419,0,72000,5332,1543,0.000000000,6.590967000,7.080245000,6.695261000,0.001001000,6.696262000,14.890586000,0,15
1658137315.124821186,1785561865.313158035,2756,479850,484021,4670,0,72000,5713,1499,0.000000000,7.171988000,7.657206000,8.791979000,0.001007000,8.792986000,17.701677000,0,10
1658137315.224901199,1785561865.436059237,2757,483208,487781,4871,0,72000,5899,1472,0.000000000,6.828298000,7.323952000,7.582797000,0.000863000,7.583660000,16.077869000,0,18
1658137315.324815273,1785561865.524210453,2758,424963,430834,5939,233170,72000,7021,1919,0.000000000,15.188448000,15.803319000,6.382087000,4.775540000,11.157627000,28.492117000,0,11
1658137315.424905300,1785561865.632488012,2759,430834,264489,5182,0,72000,6105,1630,0.000000000,8.688265999,9.278200000,18.263825000,0.001248000,18.265073000,36.445268000,0,12
1658137315.524741888,1785561865.716063738,2760,264489,269473,5500,0,72000,6430,1859,0.000000000,7.791393000,9.091773000,9.999827000,0.001178000,10.001005001,20.512008000,0,17
1658137315.624835730,1785561865.814251423,2761,268916,274487,5683,0,72000,6698,1858,0.000000000,8.840632000,9.487011000,7.729745000,0.001096000,7.730841000,18.647226000,0,13
1658137315.724928617,1785561865.919703960,2762,274078,279052,5748,0,72000,6610,1936,0.000000000,8.007891999,8.640232000,13.240010000,0.000914000,13.240924000,23.228652000,0,13
1658137315.824767590,1785561866.017683029,2763,278223,283636,6029,0,72000,7393,2448,0.000000000,9.329733000,10.102264000,10.461684000,0.001152000,10.462836000,21.987146000,0,10
1658137315.924862146,1785561866.122187853,2764,283636,289826,6644,0,72000,7916,2290,0.000000000,9.359095000,10.123956000,11.897911000,0.001091000,11.899002000,23.512350000,0,9
1658137316.024710894,1785561866.242795944,2765,288935,293844,5419,0,72000,6684,1896,0.000000000,8.110129001,8.721277000,12.287739000,0.000960000,12.288699000,22.457279000,0,10
1658137316.124903440,1785561866.330112457,2766,262275,269592,7453,184197,72000,9353,2774,0.000000000,11.310152000,12.197148000,12.049958000,7.521136000,19.571094000,33.489592000,0,18
1658137316.224745989,1785561866.428374529,2767,269592,121776,6594,0,72000,7975,2181,0.000000000,10.817188000,11.697585000,16.785675000,0.002064000,16.787739000,32.651610000,0,16
1658137316.324834108,1785561866.512555122,2768,121678,125613,4500,122,72000,5615,1517,0.000000000,6.916265001,7.428311000,8.137120000,0.099214000,8.236334000,16.948187000,0,2
1658137316.424922943,1785561866.611011028,2769,125472,130274,5004,0,72000,6306,1784,0.000000000,7.483447999,8.080357000,6.513930000,0.001098000,6.515028000,15.987773000,0,10
1658137316.524767637,1785561866.740243435,2770,129772,135184,5480,0,72000,6984,1831,0.000000000,8.972244000,9.663145000,8.182330000,0.001316000,8.183646000,19.242119000,0,12
1658137316.624850273,1785561866.845213413,2771,133510,139166,6364,0,72000,7679,2367,0.000000000,9.086936000,9.833215000,12.426313000,0.000897000,12.427210000,23.725214000,0,13
1658137316.724819660,1785561866.919576406,2772,138152,143274,5697,0,72000,6846,1739,0.000000000,7.962543000,8.585240000,12.012354000,0.000625000,12.012979000,22.233113000,0,14
1658137316.824911118,1785561867.039639950,2773,143274,147777,5196,0,72000,6433,1827,0.000000000,7.355726999,7.949225000,10.512567000,0.000929000,10.513496000,19.744355000,0,17
1658137316.924740314,1785561867.119674921,2774,147777,153713,6437,0,72000,7765,2107,0.000000000,9.266948001,9.939247000,10.604840000,0.001156000,10.605996000,22.038205000,0,17
1658137317.024827957,1785561867.248518467,2775,153544,159362,5925,0,72000,7297,2308,0.000000000,14.325513000,15.220698000,9.541630000,0.001214000,9.542843999,26.986050000,0,15
1658137317.124933720,1785561867.342797279,2776,158521,164320,5876,0,72000,7279,2051,0.000000000,9.194026000,9.885451000,9.904670000,0.001309000,9.905979000,21.255950000,0,17
1658137317.224773645,1785561867.432223558,2777,164320,168526,6370,0,72000,7761,2020,0.000000000,11.539054000,12.280330000,20.808954000,0.000546000,20.809500000,34.641194000,0,4
1658137317.324853182,1785561867.525472164,2778,168526,174249,5933,0,72000,7452,1863,0.000000000,13.825419000,15.609049000,11.187289000,0.001197000,11.188486000,28.296213000,0,17
1658137317.424831390,1785561867.647478819,2779,173157,178207,6019,0,72000,7332,2201,0.000000000,9.929905000,10.631128000,13.434596000,0.001097000,13.435693000,26.448961000,0,13
1658137317.524928331,1785561867.721322060,2780,178207,183543,6091,0,72000,7502,2072,0.000000000,8.712850000,9.419712000,11.828840000,0.001150000,11.829990000,22.713580000,0,17
1658137317.624764681,1785561867.817206383,2781,183367,188686,5920,0,72000,7493,1886,0.000000000,9.636965999,10.415618000,9.646925000,0.000913000,9.647838000,21.539755000,0,11
1658137317.724871159,1785561867.916414976,2782,187765,192672,5402,0,72000,6655,2004,0.000000000,7.989916000,8.641427000,10.203789000,0.001225000,10.205014000,20.434896000,0,12
1658137317.824821234,1785561868.017478466,2783,191979,197690,5925,0,72000,7399,1930,0.000000000,9.086960000,9.762827000,9.522283000,0.000872000,9.523155000,20.743917000,0,5
1658137317.924916744,1785561868.142141342,2784,196750,201499,5402,0,72000,6866,1917,0.000000000,8.301100000,8.959900000,10.838075000,0.000922000,10.838997000,21.212843000,0,12
1658137318.024751186,1785561868.221807957,2785,201499,206615,5767,0,72000,7028,1813,0.000000000,8.015904000,8.671979000,11.813006000,0.001161000,11.814167000,21.950789000,0,17
1658137318.124857664,1785561868.352472544,2786,206493,211980,6032,0,72000,7335,2019,0.000000000,9.474762000,10.183049000,17.315709000,0.001175000,17.316884001,28.931160000,0,14
1658137318.224701405,1785561868.448366880,2787,210566,216358,6457,0,72000,8016,2480,0.000000000,10.791080000,11.719647000,11.008618000,0.000933000,11.009551000,24.530935000,0,13
1658137318.324904680,1785561868.519433022,2788,216358,221057,5600,0,72000,7205,1963,0.000000000,9.526976999,10.215485000,10.934080000,0.001074000,10.935154000,22.616707000,0,10
1658137318.424756527,1785561868.620541811,2789,221036,225649,5296,0,72000,6518,1816,0.000000000,10.444991000,11.220738000,10.940859000,0.000757000,10.941616000,23.426014000,0,11
1658137318.524864674,1785561868.746966600,2790,225638,232137,7106,0,72000,8758,2175,0.000000000,10.982531000,11.730818000,11.057044000,0.001402000,11.058446000,24.429741000,0,14
1658137318.624828339,1785561868.815758228,2791,231078,235365,4875,0,72000,6059,1393,0.000000000,7.479745000,7.993108000,10.872401000,0.000729000,10.873130000,20.181888000,0,13
1658137318.724907637,1785561868.922306061,2792,234527,241415,7195,0,72000,9058,2230,0.000000000,11.406884000,12.131900000,10.916811000,0.000918000,10.917729000,24.799032000,0,13
1658137318.824739695,1785561869.017290592,2793,240651,246132,5942,0,72000,7283,1742,0.000000000,8.844044000,9.417967000,10.463312000,0.000710000,10.464022000,21.338355000,0,17
1658137318.924836397,1785561869.117168188,2794,246105,251992,6305,0,72000,7601,2002,0.000000000,9.833227000,10.494317000,9.148837000,0.000905000,9.149742000,21.233342000,0,10
1658137319.024923086,1785561869.216786385,2795,251834,257565,6022,0,72000,7406,2113,0.000000000,9.614679000,10.326046000,8.142751000,0.000901000,8.143652000,19.862411000,0,12
1658137319.124762058,1785561869.338274956,2796,257104,261954,4923,0,72000,6378,1467,0.000000000,7.963341000,8.463681000,7.838427000,0.000882000,7.839309000,17.668374000,0,17
1658137319.224865198,1785561869.421482801,2797,260221,264904,5319,0,72000,6948,1523,0.000000000,8.671297000,9.202314000,12.973018000,0.000569000,12.973587000,23.557647000,0,15
1658137319.324827194,1785561869.516905546,2798,263672,269159,5941,0,72000,7173,1650,0.000000000,8.328447001,9.093353000,9.986948000,0.000685000,9.987633000,20.568178000,0,11
1658137319.424921274,1785561869.643685818,2799,269159,274568,6081,0,72000,7456,2014,0.000000000,8.880015000,9.568300000,11.414294000,0.001457000,11.415751000,22.415766000,0,18
1658137319.524757862,1785561869.747452021,2800,274151,279977,6395,0,72000,7744,1821,0.000000000,10.220097000,10.824566000,11.252334000,0.001126000,11.253460000,23.629644000,0,17
1658137319.624854565,1785561869.813202381,2801,279955,284375,4620,0,72000,5716,1352,0.000000000,7.134094999,7.747295000,8.080152000,0.001493000,8.081644999,17.072911000,0,15
1658137319.724828005,1785561869.922091722,2802,283421,289721,6377,0,72000,7857,2098,0.000000000,11.038897000,11.932613000,8.086519000,0.001100000,8.087619000,22.116681000,0,3
1658137319.824920416,1785561870.021284580,2803,288885,293719,5884,0,72000,6824,1499,0.000000000,8.635855000,9.168830000,14.297104000,0.001190000,14.298294000,24.909849000,0,11
1658137319.924756289,1785561870.120030165,2804,293719,298758,5612,0,72000,6684,1639,0.000000000,8.581205000,9.389110000,12.489134000,0.000922000,12.490056000,23.145267000,0,5
1658137320.024840355,1785561870.219671965,2805,297673,303360,6143,0,72000,7699,1679,0.000000000,8.618409000,9.174759000,11.517277000,0.001130000,11.518407000,22.142608000,0,10
1658137320.124808550,1785561870.317433119,2806,303360,308105,5454,0,72000,6562,1588,0.000000000,8.018578000,8.529203000,9.540289000,0.000945000,9.541234000,19.480606000,0,10
1658137320.224895716,1785561870.415015936,2807,308090,312854,5286,0,72000,6546,1429,0.000000000,8.361405001,8.904690000,9.077588000,0.001136000,9.078724000,19.333541000,0,15
1658137320.324921846,1785561870.525686264,2808,312542,318575,6893,0,72000,8181,2203,0.000000000,10.418785000,11.125663000,14.309326000,0.001094000,14.310420000,27.099167000,0,10
1658137320.424753428,1785561870.618501425,2809,317824,324449,6869,0,72000,8379,2353,0.000000000,9.931963000,10.668047000,9.115613000,0.001199000,9.116812000,21.315716000,0,7
1658137320.524841547,1785561870.713908911,2810,323702,329216,5585,0,72000,6608,1737,0.000000000,8.207257000,8.898934000,7.441285000,0.001174000,7.442459000,17.803096000,0,10
1658137320.624807119,1785561870.820370674,2811,328361,333763,5474,0,72000,6902,1652,0.000000000,9.156339000,9.808937000,12.279393000,0.000988000,12.280381000,23.493756000,0,10
1658137320.724909306,1785561870.927922010,2812,333763,341060,7400,0,72000,9141,2202,0.000000000,13.297626000,14.052006000,9.442307000,0.000607000,9.442914000,25.196966000,0,11
1658137320.824748278,1785561871.044849157,2813,340251,343546,4633,0,72000,5678,1503,0.000000000,7.533946000,8.119801000,13.170450000,0.000857000,13.171307000,22.659300000,0,14
1658137320.924835920,1785561871.151977062,2814,343505,349394,6573,0,72000,7985,1977,0.000000000,10.440409000,11.131041000,13.315546000,0.001052000,13.316598001,26.053541000,0,10
1658137321.024921179,1785561871.223273993,2815,348203,353085,5355,0,72000,6482,1481,0.000000000,8.944688999,9.464570000,13.276970000,0.000842000,13.277812000,24.078935000,0,14
1658137321.124764919,1785561871.315257311,2816,351786,355868,4461,0,72000,5558,1214,0.000000000,7.068549000,7.502386000,8.820531000,0.001039000,8.821570000,17.687244000,0,15
1658137321.224847317,1785561871.447732449,2817,355868,361054,5803,0,72000,6966,1936,0.000000000,9.103017000,9.773498000,10.966581000,0.000999000,10.967580000,22.290556000,0,15
1658137321.324881315,1785561871.548869848,2818,361054,365744,5492,0,72000,6859,1333,0.000000000,9.142150000,9.644207000,11.506971000,0.000964000,11.507935000,22.613746000,0,13
1658137321.424729109,1785561871.626794100,2819,365393,370869,6140,0,72000,7804,1813,0.000000000,10.487150000,11.133431000,11.487484000,0.001043000,11.488527000,24.233625000,0,12
1658137321.524821281,1785561871.724308014,2820,370572,375536,5033,0,72000,6323,1283,0.000000000,8.497271000,9.021115000,12.323235000,0.000811000,12.324046000,22.729262000,0,12
1658137321.624905825,1785561871.828016043,2821,375536,378916,5292,0,72000,6310,1476,0.000000000,9.408320000,10.154562000,15.763537000,0.000487000,15.764024000,27.278332000,0,15
1658137321.724752426,1785561871.950109720,2822,378916,384035,5799,0,72000,7088,1630,0.000000000,9.511696000,10.115600000,12.472574000,0.001033000,12.473607000,24.049384000,0,22
1658137321.824846029,1785561872.035965919,2823,383974,389524,6582,0,72000,8261,1831,0.000000000,12.111417000,12.816039000,14.670981000,0.000960000,14.671941000,29.293561000,0,16
1658137321.924809217,1785561872.127225161,2824,389524,395198,6145,0,72000,7845,1834,0.000000000,11.069299001,11.837981000,11.367716000,0.000825000,11.368541000,25.006362000,0,15
1658137322.024911404,1785561872.250456333,2825,393739,399032,5960,0,72000,7336,1646,0.000000000,11.154585000,12.040367000,11.717524000,0.001161000,11.718685000,25.329653000,0,10
1658137322.124747992,1785561872.322412014,2826,398835,404709,5973,0,72000,7547,1817,0.000000000,9.707792000,10.316379000,9.362661000,0.000928000,9.363589000,21.169775000,0,12
1658137322.224837065,1785561872.446399212,2827,403881,408836,5782,0,72000,7260,1677,0.000000000,8.734523000,9.318425000,11.516863000,0.000810000,11.517673000,22.326295000,0,17
1658137322.324897528,1785561872.529079437,2828,408816,414547,5914,0,72000,7312,1939,0.000000000,9.033295000,9.829512000,19.395977000,0.000797000,19.396774000,30.676555000,0,17
1658137322.424729347,1785561872.643682480,2829,414547,409613,5633,0,72000,6970,1484,0.000000000,10.244500000,10.778480000,8.526178000,0.000617000,8.526795000,20.794377000,0,17
1658137322.524815559,1785561872.747722864,2830,418813,422396,4883,0,72000,6323,1456,0.000000000,8.223473000,8.828122000,13.797798000,0.000796000,13.798594000,24.328620000,0,16
1658137322.624887228,1785561872.844125748,2831,422396,427242,5562,0,72000,6847,1619,0.000000000,8.428814000,8.998130000,10.544548000,0.000783000,10.545331000,20.987283000,0,11
1658137322.724724770,1785561872.945516348,2832,427189,432834,6029,0,72000,7663,1826,0.000000000,9.864743000,10.499027000,10.318102000,0.000822000,10.318924000,22.306163000,0,17
1658137322.824823380,1785561873.045963049,2833,432451,438016,5650,0,72000,7185,1702,0.000000000,9.553370000,10.140179000,10.539430000,0.000670000,10.540100000,22.135034000,0,16
1658137322.924915791,1785561873.124008179,2834,438016,441189,5785,0,72000,7181,1556,0.000000000,9.584356000,10.376803000,14.227827000,0.000938000,14.228765000,26.076674000,0,18
1658137323.024753332,1785561873.225236416,2835,324959,330362,5483,193081,72000,6732,1743,0.000000000,8.385683000,9.020227000,10.351328000,7.588760000,17.940087999,28.561953000,0,10
1658137323.124849558,1785561873.320614576,2836,330362,335584,5273,0,72000,6147,1516,0.000000000,8.214496000,8.736198000,5.689849000,0.000972000,5.690821000,23.871759000,0,11
1658137323.224822044,1785561873.423517942,2837,257392,262384,6206,0,72000,7541,1716,0.000000000,9.667359000,10.229737000,13.347095000,0.000993000,13.348088000,24.970591000,0,18
1658137323.324878931,1785561873.515971422,2838,262205,266902,5029,0,72000,6212,1363,0.000000000,8.326685000,8.955714000,9.328690000,0.001005000,9.329695000,19.973830000,0,11
1658137323.424709797,1785561873.624922276,2839,266140,272194,6778,0,72000,8294,2018,0.000000000,11.387691000,12.114115000,12.421351000,0.000916000,12.422267000,26.292132000,0,10
1658137323.524815321,1785561873.745290756,2840,271132,277064,6094,0,72000,7598,1852,0.000000000,9.963103000,10.570127000,9.164384000,0.000920000,9.165304000,21.259141000,0,17
1658137323.624901772,1785561873.822605848,2841,277064,282009,5961,0,72000,7336,1539,0.000000000,11.397389000,12.212174000,11.400634000,0.000537000,11.401171000,25.053107000,0,10
1658137323.724740028,1785561873.943844318,2842,280859,285296,4965,0,72000,6368,1266,0.000000000,8.294675000,8.857424000,11.311841000,0.001152000,11.312993000,21.819433000,0,18
1658137323.824822426,1785561874.022699356,2843,285296,290630,6152,0,72000,7903,1804,0.000000000,10.389825000,11.014050000,11.695357000,0.000904000,11.696261000,24.283700000,0,14
1658137323.924917698,1785561874.122279882,2844,290603,295502,5640,0,72000,7032,1348,0.000000000,10.703043000,11.231261000,10.811794000,0.001108000,10.812902000,23.590556000,0,10
1658137324.024748325,1785561874.249602795,2845,295371,300031,5271,0,72000,6654,1507,0.000000000,9.565678000,10.093763000,12.509771000,0.001165000,12.510936000,23.952476000,0,10
1658137324.124836683,1785561874.321234465,2846,299540,305642,6739,0,72000,8367,1811,0.000000000,10.422668000,11.025166000,10.782502000,0.000905000,10.783407000,23.368740000,0,13
1658137324.224919319,1785561874.413703442,2847,304703,309069,4450,0,72000,5715,1095,0.000000000,7.670668000,8.060487000,8.861487000,0.000993000,8.862480000,18.129545000,0,16
1658137324.324836493,1785561874.525224924,2848,307806,314182,6536,0,72000,8127,1972,0.000000000,9.846802000,10.485190000,15.589003000,0.001030000,15.590033000,27.593868000,0,10
1658137324.424909592,1785561874.620269299,2849,314182,320466,6385,0,72000,8100,1879,0.000000000,11.894117000,12.533131000,7.805918000,0.000600000,7.806518000,21.952716000,0,14
1658137324.524753809,1785561874.723584652,2850,319674,325206,6548,0,72000,8043,1965,0.000000000,11.034016000,11.686107000,12.952989000,0.000754000,12.953743000,26.362187000,0,18
1658137324.624839783,1785561874.816509724,2851,324712,329462,5376,0,72000,6927,1603,0.000000000,8.464300000,9.011503000,10.027669000,0.000923000,10.028592000,20.505293000,0,13
1658137324.724923611,1785561874.915278196,2852,328399,333064,5051,0,72000,6285,1393,0.000000000,7.816064000,8.313793000,9.354666000,0.000977000,9.355643000,19.418196000,0,16
1658137324.824766397,1785561875.045048714,2853,331875,337219,5846,0,72000,7518,1592,0.000000000,9.686269000,10.233893000,11.900430000,0.001033000,11.901463000,23.628165000,0,16
1658137324.924857855,1785561875.112573147,2854,337219,341670,4620,0,72000,6041,1064,0.000000000,7.322893000,7.735056000,7.659950000,0.001156000,7.661106000,16.899846000,0,15
1658137325.024814606,1785561875.220462084,2855,340262,345292,5858,0,72000,7474,1735,0.000000000,9.790942000,10.358877000,12.508547000,0.001123000,12.509670000,24.331211000,0,17
1658137325.124916315,1785561875.322302580,2856,345292,350939,5875,0,72000,7485,1358,0.000000000,9.504208999,9.970959000,11.853459000,0.001139000,11.854598000,23.442478000,0,6
1658137325.224765539,1785561875.418408155,2857,349816,354127,5003,0,72000,6177,1561,0.000000000,8.059778000,8.979605000,10.526523000,0.000627000,10.527150000,20.990239000,0,13
1658137325.324879169,1785561875.515315294,2858,354127,358154,4678,0,72000,5841,1155,0.000000000,7.158496000,7.558227000,10.224773000,0.001211000,10.225984000,19.005619000,0,17
1658137325.424722910,1785561875.625264645,2859,358141,364103,6892,0,72000,8403,2021,0.000000000,10.563185000,11.213252000,13.873342000,0.001009000,13.874351000,26.728723000,0,13
1658137325.524810791,1785561875.718115091,2860,364098,370203,6290,0,72000,7910,1868,0.000000000,10.340237000,10.962551000,8.850969000,0.001243000,8.852212000,21.334362000,0,17
1658137325.624906063,1785561875.843338013,2861,369130,373060,4710,0,72000,6020,1406,0.000000000,7.649026000,8.137569000,13.070040000,0.001120000,13.071160000,22.459591000,0,10
1658137325.724751711,1785561875.918259621,2862,373060,377322,5112,0,72000,6347,1336,0.000000000,8.167988000,8.659998000,10.874888000,0.001258000,10.876146000,20.925881000,0,13
1658137325.824846506,1785561876.018771172,2863,377158,382269,5748,0,72000,7139,1457,0.000000000,9.132190000,9.629652000,10.995148000,0.001019000,10.996167000,22.037118000,0,17
1658137325.924815893,1785561876.117192268,2864,381431,386883,5546,0,72000,6820,1687,0.000000000,9.221932000,9.773605000,9.603982000,0.001105000,9.605087000,20.826027000,0,8
1658137326.024922609,1785561876.219061852,2865,385911,391054,5216,0,72000,6491,1271,0.000000000,7.814887001,8.284065000,12.667629000,0.000918000,12.668547000,22.453668000,0,11
1658137326.124757290,1785561876.315680027,2866,391054,396554,5619,0,72000,7296,1512,0.000000000,9.994226000,10.527232000,7.000667000,0.001185000,7.001852000,19.020983000,0,12
1658137326.224836349,1785561876.424616098,2867,395672,400265,6100,0,72000,7727,1744,0.000000000,10.658594000,11.590306000,15.105748000,0.000756000,15.106504000,28.235562000,0,11
1658137326.324813843,1785561876.540607452,2868,400246,404309,4726,0,72000,6081,1193,0.000000000,7.888089001,8.576705000,9.590499000,0.000821000,9.591320000,19.820153000,0,15
1658137326.424897194,1785561876.644846439,2869,403643,408872,5741,0,72000,7203,1472,0.000000000,9.682016000,10.187660000,11.366277000,0.000937000,11.367214000,22.979449000,0,10
1658137326.524725914,1785561876.720148087,2870,407478,412791,5779,0,72000,7309,1789,0.000000000,9.526491000,10.111331000,11.764062000,0.000843000,11.764905000,23.280556000,0,10
1658137326.624806643,1785561876.829918385,2871,412791,418927,7018,0,72000,9118,2031,0.000000000,12.560205999,13.330905000,14.762289000,0.001003000,14.763292000,30.234086000,0,11
1658137326.724898577,1785561876.948799849,2872,418755,423696,5953,0,72000,7486,1834,0.000000000,9.621845000,10.216547000,15.178934000,0.001046000,15.179980000,26.857278000,0,10
1658137326.824747801,1785561877.014652252,2873,422032,427194,5434,0,72000,6873,1441,0.000000000,8.175361001,8.697311000,8.269242000,0.000943000,8.270185000,18.341802000,0,23
1658137326.924831390,1785561877.119354725,2874,427194,432589,6057,0,72000,7739,1703,0.000000000,9.899370999,10.473307000,9.961210000,0.000988000,9.962198000,21.868686000,0,19
1658137327.024918318,1785561877.228566885,2875,410252,413247,5212,335047,72000,7123,1629,0.000000000,9.848249999,10.386809000,15.188156000,5.755438000,20.943594000,32.762002000,0,11
1658137327.124768972,1785561877.355661154,2876,101210,105762,5490,0,72000,6877,1419,0.000000000,8.344970000,8.951102000,10.479156000,0.000988000,10.480144000,34.611906000,0,10
1658137327.224843502,1785561877.421171427,2877,105762,110337,5419,1,72000,6895,1422,0.000000000,9.121443000,9.665917000,11.977565000,0.005208000,11.982773000,23.124846000,0,15
1658137327.324826479,1785561877.518451214,2878,110337,114524,5113,0,72000,6707,1300,0.000000000,7.754258000,8.186813000,9.951056000,0.000843000,9.951899000,19.472617000,0,18
1658137327.424912691,1785561877.619451284,2879,114524,119666,5901,0,72000,7512,1537,0.000000000,9.424985999,10.023292000,11.131912000,0.001005000,11.132917000,22.745132000,0,15
1658137327.524743319,1785561877.719457388,2880,117994,123436,5845,0,72000,7453,1712,0.000000000,8.751905000,9.304307000,10.495807000,0.001000000,10.496807000,21.418301000,0,10
1658137327.624844790,1785561877.847631216,2881,123288,128692,6288,0,72000,8055,1974,0.000000000,10.232065999,10.870101000,11.949922000,0.000954000,11.950876000,24.459889000,0,14
1658137327.724805832,1785561877.941740274,2882,128692,132971,4742,0,72000,6168,1146,0.000000000,7.905371000,8.313374000,10.098272000,0.000905000,10.099177000,19.829845000,0,17
1658137327.824887276,1785561878.014400482,2883,132965,137278,4479,0,72000,6013,1112,0.000000000,7.830911000,8.286866000,8.817088000,0.001194000,8.818282000,18.341500000,0,10
1658137327.924727201,1785561878.118323565,2884,135401,140270,5500,0,72000,7384,1488,0.000000000,9.161071000,9.669288000,10.168628000,0.000858000,10.169486000,21.387160000,0,17
1658137328.024815083,1785561878.245744228,2885,140270,145507,6009,0,72000,8008,1697,0.000000000,9.974604000,10.535805000,10.847079000,0.000718000,10.847797000,22.885825000,0,17
1658137328.124905825,1785561878.338246584,2886,145507,149546,4627,0,72000,6088,1089,0.000000000,7.398960000,7.799222000,8.206546000,0.000843000,8.207389000,17.296936000,0,17
1658137328.224746943,1785561878.421748161,2887,149525,154538,5884,0,72000,8126,1597,0.000000000,10.047852999,10.585869000,11.109392000,0.000722000,11.110114000,23.298332000,0,12
1658137328.324919224,1785561878.518782616,2888,154446,159409,5874,0,72000,7626,1870,0.000000000,9.620991000,10.442161000,10.231993000,0.000942000,10.232935000,22.177215000,0,9
1658137328.424754858,1785561878.617861748,2889,158534,164041,5779,0,72000,7514,1779,0.000000000,9.918641000,10.510087000,9.373918000,0.000775000,9.374693000,21.470885000,0,10
1658137328.524850845,1785561878.744482994,2890,163074,168779,5890,0,72000,7865,1596,0.000000000,10.566726000,11.134676000,9.403262000,0.000739000,9.404001000,22.025041000,0,14
1658137328.624805689,1785561878.819373131,2891,167468,171669,4989,0,72000,7076,1327,0.000000000,9.091226001,9.738784000,10.243605000,0.000439000,10.244044000,21.595714000,0,15
1658137328.724893093,1785561878.915934801,2892,171559,175827,5041,0,72000,6733,1362,0.000000000,8.171625001,8.644272000,9.942137000,0.000726000,9.942863000,20.007200000,0,14
1658137328.824724674,1785561879.027859926,2893,175797,179857,5094,0,72000,7372,1286,0.000000000,12.296413000,12.970507000,10.742455000,0.000714000,10.743168999,25.360853000,0,25
1658137328.924811840,1785561879.114429235,2894,179664,183443,4293,0,72000,6032,1117,0.000000000,7.493374000,7.923500000,9.162663000,0.000691000,9.163354000,18.456921000,0,10
1658137329.024919033,1785561879.213407755,2895,183025,187068,4097,0,72000,5429,959,0.000000000,6.930960000,7.327605000,8.794955000,0.000898000,8.795853000,17.326047000,0,14
1658137329.124744177,1785561879.320089817,2896,184794,189355,5230,0,72000,7112,1265,0.000000000,10.276986000,10.747394000,10.090975000,0.000731000,10.091706000,22.469625000,0,18
1658137329.224832296,1785561879.420800686,2897,189355,194247,5715,0,72000,7898,1563,0.000000000,9.941446000,10.468346000,11.147140000,0.000716000,11.147856000,23.164963000,0,10
1658137329.324828863,1785561879.546086550,2898,194245,199513,6275,0,72000,8279,1862,0.000000000,10.322430001,10.916428000,11.911175000,0.000765000,11.911940000,24.417645000,0,15
1658137329.424919128,1785561879.624294281,2899,199513,204953,6444,0,72000,8842,2018,0.000000000,11.756465000,12.401906000,10.949878000,0.000917000,10.950795000,25.076331000,0,7
1658137329.524751663,1785561879.719016075,2900,204752,208309,5032,0,72000,6960,1502,0.000000000,9.299374001,9.878401000,10.640809000,0.000747000,10.641556000,21.823476000,0,14
1658137329.624831200,1785561879.816380739,2901,208245,211759,4064,0,72000,5757,1145,0.000000000,9.399996000,9.814088000,9.081638000,0.000727000,9.082365000,20.191969000,0,12
1658137329.724919558,1785561879.942435026,2902,210752,215254,5041,0,72000,7091,1331,0.000000000,8.897039000,9.379902000,10.457400000,0.000956000,10.458356001,21.255661000,0,13
1658137329.824755907,1785561880.014134884,2903,213459,217623,4515,0,72000,6594,1080,0.000000000,8.394089000,8.786032000,7.949454000,0.000895000,7.950349000,18.188144000,0,14
1658137329.924846411,1785561880.119300365,2904,217623,222215,5238,0,72000,7320,1631,0.000000000,10.050291000,10.763795000,9.933434000,0.000839000,9.934273000,22.146734000,0,16
1658137330.024826288,1785561880.217302799,2905,222215,225968,4415,0,72000,6477,1374,0.000000000,8.439056000,8.915320000,8.455358000,0.000861000,8.456219000,18.712986000,0,10
1658137330.124895334,1785561880.318024397,2906,225968,229894,4598,0,72000,6881,1336,0.000000000,9.641786000,10.182378000,9.414954000,0.000940000,9.415894000,20.948269000,0,15
1658137330.224746227,1785561880.444292545,2907,229425,233230,4838,0,72000,7222,1429,0.000000000,9.296090999,9.786704000,10.013857000,0.000959000,10.014816000,21.280413000,0,16
1658137330.324897289,1785561880.516782761,2908,232950,236601,4358,0,72000,6331,1018,0.000000000,8.451299001,8.824452000,9.738906000,0.000870000,9.739776001,20.008972000,0,14
1658137330.424760342,1785561880.614768028,2909,236370,240438,4919,0,72000,6953,1502,0.000000000,8.824748000,9.338134000,8.204051000,0.000872000,8.204923000,19.035116000,0,15
1658137330.524848461,1785561880.737555981,2910,240438,243830,4103,0,72000,5781,1120,0.000000000,7.567307000,7.993057000,8.059345000,0.000862000,8.060207001,17.296252000,0,10
1658137330.624815702,1785561880.817355871,2911,243830,248083,4979,0,72000,6880,1406,0.000000000,8.929645000,9.496879000,10.102122000,0.000850000,10.102972000,21.133269000,0,11
1658137330.724901915,1785561880.917196989,2912,246789,251430,4929,0,72000,7286,1459,0.000000000,9.483562000,9.959842000,9.744830000,0.000948000,9.745778000,21.123518000,0,13
1658137330.824739218,1785561881.020112753,2913,249573,254609,5242,0,72000,8237,1803,0.000000000,10.916867000,11.547638000,10.370785000,0.000829000,10.371614000,23.435893000,0,14
1658137330.924820900,1785561881.123092175,2914,253206,258857,5795,0,72000,9034,1890,0.000000000,11.886893000,12.511139000,11.824506000,0.001091000,11.825597000,26.002010000,0,3
1658137331.024918795,1785561881.217660427,2915,258857,263688,4939,0,72000,7956,1647,0.000000000,11.825933001,12.383139000,7.374698000,0.000570000,7.375268000,21.355596000,0,17
1658137331.124752522,1785561881.340141058,2916,262038,265137,4202,0,72000,6866,1214,0.000000000,8.999895000,9.448678000,8.876287000,0.000619000,8.876906000,19.676241000,0,15
1658137331.224848986,1785561881.413158894,2917,265137,268121,3796,0,72000,6091,1176,0.000000000,8.065192000,8.478587000,7.263463000,0.000984000,7.264447000,17.087316000,0,16
1658137331.324833870,1785561881.539876938,2918,268108,271214,4014,0,72000,6321,1233,0.000000000,8.924194000,9.424221000,8.566883000,0.001002000,8.567885000,19.560862000,0,17
1658137331.424929380,1785561881.642349482,2919,271214,274737,4559,0,72000,7433,1382,0.000000000,9.883012000,10.367201000,9.471531000,0.000727000,9.472258000,21.410737000,0,10
1658137331.524754763,1785561881.720868349,2920,274737,278129,4703,0,72000,8007,1878,0.000000000,10.674770000,11.293714000,10.740209000,0.000715000,10.740924000,23.638474000,0,17
1658137331.624840736,1785561881.817318678,2921,278063,281142,4267,0,72000,8008,1624,0.000000000,10.223189000,10.782719000,8.955534000,0.000824000,8.956358000,21.376299000,0,15
1658137331.724818707,1785561881.913503170,2922,281142,283867,3665,0,72000,6452,1528,0.000000000,8.991348000,9.534767000,7.421693000,0.000813000,7.422505999,18.417152000,0,9
1658137331.824908018,1785561882.015603781,2923,283867,286607,3776,0,72000,7263,1470,0.000000000,9.973929999,10.487937000,7.675525000,0.000650000,7.676175000,19.643070000,0,13
1658137331.924758673,1785561882.112798929,2924,285915,288359,3217,0,72000,6335,1188,0.000000000,8.731425999,9.164280000,6.548665000,0.000779000,6.549444000,17.291694000,0,7
1658137332.024837017,1785561882.222320318,2925,288335,291130,3922,0,72000,7999,1644,0.000000000,11.857396000,12.424426000,8.778781000,0.000763000,8.779544000,22.882320000,0,14
1658137332.124932051,1785561882.309221029,2926,290027,291640,2449,0,72000,5293,1017,0.000000000,7.386503000,7.779677000,4.967982000,0.000924000,4.968906000,13.951757000,0,7
1658137332.224774361,1785561882.412497044,2927,291396,293390,2942,0,72000,6308,1296,0.000000000,9.251310000,9.744394000,6.087558000,0.000806000,6.088364000,17.337141000,0,10
1658137332.324855566,1785561882.509696722,2928,293390,295464,2816,0,72000,5570,1149,0.000000000,8.149827000,8.564047000,5.492890000,0.000702000,5.493592000,15.278075000,0,14
1658137332.424823284,1785561882.644098043,2929,295464,298218,3849,0,72000,8320,1794,0.000000000,11.500731000,12.117763000,8.986090000,0.000765000,8.986855000,22.806727000,0,12
1658137332.524913311,1785561882.709528208,2930,298218,300197,2710,0,72000,5390,1132,0.000000000,7.793648000,8.357439000,5.435541000,0.000961000,5.436502001,15.140026000,0,10
1658137332.624763250,1785561882.813269854,2931,300197,302624,3189,0,72000,6317,1720,0.000000000,9.282377001,9.898802000,7.402117000,0.001183000,7.403300001,18.556993000,0,10
1658137332.724845886,1785561882.919448376,2932,301720,304543,2980,0,72000,6506,1619,0.000000000,9.611559000,10.348775000,10.908823000,0.000704000,10.909527000,23.090499000,0,14
1658137332.824796200,1785561883.015985966,2933,298807,301717,3369,0,72000,7470,1772,0.000000000,9.696763000,10.280045000,7.008481000,0.000650000,7.009131000,18.729793000,0,14
1658137332.924896479,1785561883.136898041,2934,301430,304028,3106,0,72000,6559,1473,0.000000000,8.820420000,9.394307000,5.706291000,0.000736000,5.707027000,16.436830000,0,17
1658137333.024731398,1785561883.239248276,2935,304028,306621,3330,0,72000,6660,1622,0.000000000,9.521951000,10.090202000,6.395043000,0.000694000,6.395737000,17.904210000,0,19
1658137333.124815941,1785561883.313368797,2936,306621,308978,2927,0,72000,6611,1145,0.000000000,8.964989000,9.407894000,7.326846000,0.000779000,7.327625000,18.155143000,0,14
1658137333.224919796,1785561883.416283607,2937,307988,310623,3372,0,72000,7930,1378,0.000000000,11.338791000,11.860954000,6.919074000,0.000751000,6.919825000,20.362745000,0,11
1658137333.324780703,1785561883.518121958,2938,310623,313522,3858,0,72000,8110,1680,0.000000000,11.768967000,12.425804000,7.619544000,0.000775000,7.620319000,21.689500000,0,10
1658137333.424879074,1785561883.612769842,2939,313522,315813,3005,0,72000,6831,1370,0.000000000,9.477350000,9.958716000,6.156548000,0.000826000,6.157374000,17.625072000,0,14
1658137333.524725914,1785561883.742446184,2940,315813,318290,3551,0,72000,7952,1728,0.000000000,11.838077000,12.491638000,7.176865000,0.000711000,7.177575999,21.553909000,0,17
1658137333.624931335,1785561883.818991184,2941,318290,320437,3259,0,72000,7404,1418,0.000000000,11.269909000,11.921463000,7.073334000,0.000741000,7.074075000,20.597727000,0,10
1658137333.724751711,1785561883.939687967,2942,320437,322646,3288,0,72000,6649,1343,0.000000000,9.297836000,9.803110000,8.048982000,0.000802000,8.049784000,19.304262000,0,16
1658137333.824835777,1785561884.015026569,2943,322646,324360,2835,0,72000,6790,1143,0.000000000,10.525341000,10.976896000,6.396586000,0.000836000,6.397422000,18.929495000,0,6
1658137333.924918413,1785561884.139522314,2944,324360,326481,3207,0,72000,7029,1422,0.000000000,9.666905000,10.164453000,7.152957000,0.000750000,7.153707000,18.697663000,0,25
1658137334.024757862,1785561884.213312626,2945,326481,328590,3117,0,72000,6476,1235,0.000000000,9.611318000,10.050228000,6.953034000,0.000655000,6.953689000,18.354687000,0,11
1658137334.124835253,1785561884.313899517,2946,328590,330764,3124,0,72000,6708,1097,0.000000000,10.277432000,10.697939000,6.557624000,0.000954000,6.558578000,18.553023000,0,12
1658137334.224932194,1785561884.415122986,2947,330764,333062,3391,0,72000,7614,1408,0.000000000,10.669307000,11.161014000,7.119383000,0.000705000,7.120088000,19.776455000,0,13
1658137334.324923277,1785561884.538101912,2948,333062,334905,3048,0,72000,6317,1141,0.000000000,9.150562000,9.578111000,6.983598000,0.000648000,6.984246000,17.909150000,0,19
1658137334.424768209,1785561884.623572826,2949,334905,337237,3986,0,72000,7978,1584,0.000000000,12.729782000,13.314733000,9.523224000,0.000942000,9.524166000,24.451934000,0,15
1658137334.524855852,1785561884.713113546,2950,337237,338887,2712,0,72000,5365,846,0.000000000,8.412546000,8.736387000,6.631158000,0.000839000,6.631997000,16.657716000,0,18
1658137334.624819517,1785561884.838101864,2951,338887,341001,3093,0,72000,6234,1238,0.000000000,9.447066000,9.947847000,6.774945000,0.000749000,6.775694000,17.988957000,0,18
1658137334.724921227,1785561884.939328671,2952,341001,342961,3139,0,72000,6080,1207,0.000000000,8.896861000,9.341517000,8.009898000,0.000874000,8.010772000,18.689478000,0,19
1658137334.824754953,1785561885.015992403,2953,342961,344540,3037,0,72000,6814,1095,0.000000000,10.166570000,10.573419000,8.163453000,0.000877000,8.164330000,20.085636000,0,18
1658137334.924840927,1785561885.117137909,2954,344491,346350,2883,0,72000,6544,1087,0.000000000,12.627018000,13.258696000,7.053364000,0.001016000,7.054380000,21.716481000,0,17
1658137335.024813652,1785561885.224835396,2955,346350,348829,3621,0,72000,7810,1334,0.000000000,13.027732999,13.741811000,11.383535000,0.000842000,11.384377000,26.873273000,0,18
1658137335.124898195,1785561885.344862938,2956,347724,349806,3432,0,72000,7378,1196,0.000000000,11.379264000,11.815380000,10.162083000,0.000703000,10.162786000,23.497709000,0,15
1658137335.224738598,1785561885.415651798,2957,349286,351681,3443,0,72000,6990,1230,0.000000000,10.212661000,10.660801000,7.974737000,0.000799000,7.975536000,20.037075000,0,4
1658137335.324879408,1785561885.518144846,2958,351681,353781,3250,0,72000,7197,1227,0.000000000,11.100484000,11.742360000,7.172447000,0.000758000,7.173205000,20.466826000,0,18
1658137335.424711704,1785561885.614614964,2959,353781,355984,3198,0,72000,6667,1143,0.000000000,10.076561000,10.498492000,7.598212000,0.000751000,7.598963000,19.557211000,0,10
1658137335.524916649,1785561885.710920811,2960,355984,357971,2850,0,72000,5746,879,0.000000000,8.706501000,9.040832000,5.756362000,0.000739000,5.757101000,16.244466000,0,14
1658137335.624747515,1785561885.823685646,2961,357971,361302,3459,0,72000,7094,1239,0.000000000,10.529363000,10.987137000,15.261119000,0.000810000,15.261929000,27.672953000,0,17
1658137335.724846840,1785561885.914184093,2962,358172,364213,3005,0,72000,6442,939,0.000000000,10.512193000,10.894856000,5.909516000,0.000979000,5.910495000,18.168771000,0,11
1658137335.824811697,1785561886.014226198,2963,354619,357388,3520,0,72000,7464,1166,0.000000000,9.862359999,10.300095000,6.692689000,0.000847000,6.693536001,18.562467000,0,12
1658137335.924900293,1785561886.133599997,2964,357388,359479,2547,0,72000,5026,849,0.000000000,7.088991000,7.469489000,5.019327000,0.000800000,5.020127000,13.735431000,0,22
1658137336.024729490,1785561886.244007111,2965,359479,362552,3909,0,72000,8085,1331,0.000000000,12.260138000,12.882208000,7.359261000,0.000724000,7.359985000,22.553486000,0,17
1658137336.124804497,1785561886.318879843,2966,362552,365359,3679,0,72000,8454,1387,0.000000000,12.447198000,12.992839000,7.183964000,0.000668000,7.184632000,21.847748000,0,11
1658137336.224882364,1785561886.418455362,2967,365359,368038,3519,0,72000,7237,1011,0.000000000,10.333775000,10.723406000,9.331376000,0.000773000,9.332149000,21.453966000,0,10
1658137336.324905634,1785561886.537985325,2968,368038,370121,2796,0,72000,6410,930,0.000000000,9.404977000,9.765012000,6.491045000,0.000713000,6.491758000,17.618305000,0,11
1658137336.424732208,1785561886.608215570,2969,370121,371969,2465,0,72000,4946,717,0.000000000,7.187015000,7.510804000,4.799193000,0.000759000,4.799951999,13.417134000,0,17
1658137336.524809122,1785561886.719717026,2970,371969,374711,3796,0,72000,8131,1156,0.000000000,12.646194001,13.193423000,8.183885000,0.000839000,8.184724000,23.457992000,0,15
1658137336.624897003,1785561886.815152168,2971,374711,377014,3247,0,72000,7018,1124,0.000000000,10.302701000,10.713165000,7.342636000,0.000840000,7.343476000,19.603688000,0,14
1658137336.724737644,1785561886.914412022,2972,377014,379298,3221,0,72000,6849,1015,0.000000000,10.244923000,10.659419000,6.954949000,0.000852000,6.955801000,19.024621000,0,17
1658137336.824831009,1785561887.014900446,2973,379298,381588,3144,0,72000,6637,908,0.000000000,10.291955000,10.674718000,7.606191000,0.000776000,7.606967000,19.730871000,0,4
1658137336.924923420,1785561887.115083218,2974,381588,383885,3379,0,72000,6710,902,0.000000000,10.586853000,10.932728000,7.498950000,0.000956000,7.499906001,19.771644000,0,20
1658137337.024764299,1785561887.215820551,2975,383885,386222,3390,0,72000,7573,1028,0.000000000,10.935278000,11.317982000,7.552882000,0.000884000,7.553766000,20.423697000,0,15
1658137337.124854326,1785561887.314521551,2976,386222,388301,3129,0,72000,7014,936,0.000000000,10.618932001,10.994795000,6.765221000,0.000635000,6.765856000,19.203262000,0,10
1658137337.224809408,1785561887.413853407,2977,388301,390395,3055,0,72000,6618,893,0.000000000,9.810528000,10.154147000,6.953743000,0.000595000,6.954338000,18.455712000,0,10
1658137337.324888229,1785561887.523730278,2978,390395,392821,3791,0,72000,7745,1080,0.000000000,13.863213999,14.316567000,8.586721000,0.000677000,8.587398000,24.343778000,0,10
1658137337.424722910,1785561887.614651918,2979,392821,395036,3282,0,72000,6654,1022,0.000000000,10.531169000,10.894330000,7.116441000,0.000734000,7.117175001,19.406875000,0,10
1658137337.524806261,1785561887.711849213,2980,395036,396899,2744,0,72000,5757,793,0.000000000,8.396200000,8.718903000,7.160951000,0.000729000,7.161680000,17.132052000,0,15
1658137337.624894381,1785561887.843024731,2981,396899,399071,3333,0,72000,7207,916,0.000000000,10.908007001,11.249191000,8.201737000,0.000859000,8.202596000,20.899919000,0,13
1658137337.724721670,1785561887.941036463,2982,398948,401105,3412,0,72000,7160,1020,0.000000000,10.859810000,11.257992000,8.082145000,0.000738000,8.082883000,20.730432000,0,10
1658137337.824799538,1785561888.019533157,2983,401105,403666,3837,0,72000,8121,996,0.000000000,12.664437000,13.050498000,8.388349000,0.000649000,8.388998000,23.031524000,0,12
1658137337.924896717,1785561888.143085718,2984,403666,405835,3174,0,72000,7244,978,0.000000000,11.951346000,12.354726000,7.691926000,0.000712000,7.692638000,21.471854000,0,15
1658137338.024746180,1785561888.216230392,2985,405721,407913,3216,0,72000,6984,933,0.000000000,10.873399000,11.234186000,7.429533000,0.000641000,7.430174000,20.027372000,0,17
1658137338.124855995,1785561888.346174479,2986,407913,410254,3865,0,72000,8258,1157,0.000000000,13.101735000,13.595961000,9.584411000,0.000838000,9.585249000,24.792683000,0,18
1658137338.224812984,1785561888.440369368,2987,410254,412238,3183,0,72000,6941,976,0.000000000,10.182885000,10.540886000,8.111656000,0.000955000,8.112611000,20.038587000,0,17
1658137338.324884176,1785561888.519610882,2988,412238,414027,3115,0,72000,6957,1027,0.000000000,12.389107999,12.793194000,8.383620000,0.000737000,8.384357000,22.562715000,0,12
1658137338.424724579,1785561888.617504597,2989,413892,416160,3422,0,72000,7549,1003,0.000000000,11.920732001,12.318298000,7.960815000,0.000907000,7.961722000,21.834597000,0,17
1658137338.524812460,1785561888.719790220,2990,416160,418298,3407,0,72000,7532,962,0.000000000,12.515134000,12.890870000,8.685839000,0.000749000,8.686588000,23.048129000,0,4
1658137338.624920130,1785561888.818010569,2991,418247,420302,3282,0,72000,7681,922,0.000000000,11.769832000,12.181307000,8.236134000,0.000903000,8.237037000,21.968133000,0,16
1658137338.724754333,1785561888.915497541,2992,420302,422115,2904,0,72000,6356,880,0.000000000,10.965136000,11.356478000,7.321755000,0.000797000,7.322552000,19.968454000,0,14
1658137338.824852228,1785561889.018980503,2993,422115,424075,3249,0,72000,7137,910,0.000000000,11.850082000,12.202655000,7.437051000,0.000876000,7.437927000,21.230787000,0,17
1658137338.924820900,1785561889.119081020,2994,424075,426459,3377,0,72000,7086,840,0.000000000,11.302835000,11.650855000,9.619443000,0.000923000,9.620366000,22.680035000,0,22
1658137339.024927139,1785561899.458687544,2995,424443,426786,3429,0,72000,7721,1043,0.000000000,11.580626000,11.970564000,8.896953000,0.000787000,8.897740000,22.336082000,0,14
1658137347.324879408,1785561899.730208874,2996,426786,434330,7546,0,72000,7546,0,0.000000000,0.000000000,23.239504000,224.838463000,0.000772000,224.839235000,254.951114000,1,2
1658137347.424732447,1785561899.768075705,2997,434330,436610,3664,1,72000,7546,4308,0.000000000,18.668429000,19.741997000,10.837277000,0.006159000,10.843436000,31.452117000,1,3
1658137347.624901056,1785561899.792743683,2998,436610,438181,2643,0,72000,7546,4298,0.000000000,10.434310000,11.140402000,6.505125000,0.000765000,6.505890000,18.556471000,1,4
1658137347.724732876,1785561899.818359375,2999,438181,440132,2614,1,72000,7546,4298,0.000000000,11.166713000,11.876171000,7.495553000,0.004583000,7.500136000,20.363163000,1,5
1658137347.824808121,1785561899.844630003,3000,440132,441916,2527,0,72000,7546,4301,0.000000000,12.268506000,12.977947000,6.899555000,0.000459000,6.900014000,20.902610000,1,6
1658137347.924900055,1785561899.870309591,3001,441916,443695,2444,1,72000,7546,4308,0.000000000,11.981204000,12.698160000,6.762288000,0.005262000,6.767550000,20.366903000,1,7
1658137348.024744272,1785561899.897785425,3002,443695,445522,2403,0,72000,7546,4313,0.000000000,12.457777000,13.647731000,7.239306000,0.000687000,7.239993000,21.948210000,1,8
1658137348.124827623,1785561899.924176455,3003,445522,447160,2349,1,72000,7546,4313,0.000000000,13.007899001,13.757520000,6.470892000,0.004530000,6.475422000,21.188972000,1,9
1658137348.224920750,1785561899.951182365,3004,447160,448827,2310,0,72000,7546,4319,0.000000000,13.081792000,13.840804000,7.005404000,0.000312000,7.005716000,21.751631000,1,10
1658137348.324820995,1785561899.977087736,3005,448827,450456,2188,1,72000,7546,4328,0.000000000,13.355361000,14.081319000,5.884103000,0.004766000,5.888869000,20.768962000,1,11
1658137348.424915791,1785561900.006078243,3006,450456,451961,2130,0,72000,7546,4328,0.000000000,14.964851000,15.707501000,6.834448000,0.000380000,6.834828000,23.377095000,1,12
1658137348.524761677,1785561900.033081770,3007,451961,453306,1970,1,72000,7546,4328,0.000000000,14.044861000,14.823692000,6.089641000,0.004928000,6.094569000,21.752359000,1,13
1658137348.624859333,1785561900.059251308,3008,453306,454546,1806,0,72000,7546,4328,0.000000000,13.923097000,14.655642000,5.212617000,0.000435000,5.213052000,20.748768000,1,14
1658137348.724816322,1785561900.085867167,3009,454546,455833,1875,1,72000,7546,4328,0.000000000,13.873147000,14.585964000,5.689355000,0.004894000,5.694249000,21.162526000,1,15
1658137348.824913502,1785561900.112442255,3010,455833,457234,1912,0,72000,7546,4328,0.000000000,14.149312000,14.892391000,5.654448000,0.000479000,5.654927000,21.326621000,1,16
1658137348.924754620,1785561900.138749123,3011,457234,458525,1949,1,72000,7546,4329,0.000000000,14.088449000,14.792801000,5.615161000,0.003592000,5.618753000,21.270884000,1,17
1658137349.024836540,1785561900.166837215,3012,458525,460063,1975,0,72000,7546,4330,0.000000000,14.895973000,15.623010000,5.807960000,0.000382000,5.808342000,22.333172000,1,18
1658137349.124814510,1785561900.195217133,3013,460063,461383,1980,1,72000,7546,4330,0.000000000,14.826619000,15.611970000,6.468474000,0.005602000,6.474076000,23.022431000,1,19
1658137349.224918365,1785561900.223362207,3014,461383,462853,1984,0,72000,7546,4330,0.000000000,14.735080000,15.496193000,6.362667000,0.000516000,6.363183000,22.750710000,1,20
1658137349.324872255,1785561900.251953125,3015,462853,464321,1946,1,72000,7546,4330,0.000000000,15.288344001,16.031344000,6.095434000,0.005903000,6.101337000,23.120673000,1,21
1658137349.424713135,1785561900.311987638,3016,464321,471277,7613,0,72000,7669,82,0.000000000,23.829067000,23.945190000,26.305317000,0.000489000,26.305806000,51.498052000,1,20
1658137349.524912596,1785561900.337890148,3017,471277,473684,3683,1,72000,7669,4637,0.000000000,8.760685000,9.826512000,9.453809000,0.005390000,9.459199000,20.197418000,1,21
1658137349.624744415,1785561900.366109371,3018,473684,477506,6651,0,72000,6708,353,0.000000000,11.419425000,11.584234000,7.308740000,0.000526000,7.309266000,20.161404000,1,20
1658137349.724840641,1785561900.395863295,3019,477506,475824,5779,0,72000,5818,251,0.000000000,12.136224001,12.297494000,8.643560000,0.000397000,8.643957000,22.104496000,1,18
1658137349.824798107,1785561900.434930801,3020,475824,482995,8399,0,72000,8503,583,0.000000000,17.120211000,17.303849000,11.659948000,0.000631000,11.660579000,30.394407000,1,14
1658137349.924894571,1785561900.478101492,3021,482995,482788,7696,0,72000,7831,1244,0.000000000,20.325574999,20.688571000,12.961711000,0.000774000,12.962485000,34.972933000,1,13
1658137350.024735212,1785561900.520759583,3022,482788,486246,7497,0,72000,7654,1360,0.000000000,19.146775000,19.531530000,13.344907000,0.000725000,13.345632000,34.207485000,1,10
1658137350.124831676,1785561900.563342333,3023,486246,493012,6926,0,72000,7191,1531,0.000000000,18.941462000,19.385900000,13.187897000,0.000537000,13.188434000,33.884221000,1,7
1658137350.224920511,1785561900.615168571,3024,493012,498322,8171,0,72000,8790,2533,0.000000000,22.570470000,23.339118000,16.604670000,0.000546000,16.605216000,41.872422000,1,6
1658137350.324752808,1785561900.649333715,3025,483772,488455,4791,34372,72000,5270,1215,0.000000000,12.683469000,13.110768000,10.960887000,4.444809000,15.405696000,29.685851000,0,4
1658137350.424852133,1785561900.694615126,3026,488455,495517,7251,0,72000,7873,2297,0.000000000,18.891954000,19.593167000,15.380100000,0.000424000,15.380524000,36.502626000,0,3
1658137350.524821043,1785561900.765020609,3027,495517,501430,7821,0,72000,8456,2375,0.000000000,21.617786000,22.352246000,16.951985000,0.000435000,16.952420000,40.836000000,0,10
1658137350.624911785,1785561900.831637144,3028,501430,506277,7175,0,72000,7523,1680,0.000000000,18.215892000,18.779222000,14.814983000,0.000680000,14.815663000,34.970666000,0,10
1658137350.724747181,1785561900.929927588,3029,506173,512453,6369,0,72000,6623,1209,0.000000000,14.960959000,15.377257000,16.827567000,0.000959000,16.828526000,33.512286000,0,13
1658137350.824828863,1785561901.027224302,3030,512453,519181,6788,0,72000,7102,1704,0.000000000,17.280072000,18.001753000,11.132182000,0.000208000,11.132390000,30.509998000,0,11
1658137350.924916029,1785561901.165033102,3031,511018,518209,7904,0,72000,8179,1667,0.000000000,13.226532000,13.839944000,26.014037000,0.000702000,26.014739000,41.445723000,0,14
1658137351.024751186,1785561901.221377850,3032,518209,523754,5730,0,72000,5860,1217,0.000000000,9.412651000,9.855586000,14.373554000,0.000762000,14.374316000,25.482865000,0,15
1658137351.124839306,1785561901.328341484,3033,523487,530444,7102,0,72000,7240,1109,0.000000000,10.668069000,11.066748000,18.659306000,0.000680000,18.659986000,30.999719000,0,11
1658137351.224922180,1785561901.430331707,3034,530444,536990,6757,0,72000,6945,674,0.000000000,13.026208000,13.309522000,17.067439000,0.001275000,17.068714000,32.209235000,0,9
1658137351.324843884,1785561901.544291735,3035,536988,546068,9379,0,72000,9784,674,0.000000000,16.197810000,16.547311000,25.462188000,0.000882000,25.463070000,43.778264000,0,10
1658137351.424928665,1785561901.616821766,3036,546068,552473,6480,0,72000,6879,704,0.000000000,12.238719000,12.531196000,5.943591000,0.001456000,5.945047000,20.008737000,0,11
1658137351.524775982,1785561901.716148138,3037,552473,558853,6422,0,72000,6780,673,0.000000000,11.350577000,11.621576000,6.641360000,0.000483000,6.641843001,19.542890000,0,16
1658137351.624857426,1785561901.841487646,3038,530305,538144,8282,0,72000,8516,500,0.000000000,20.461199000,22.148409000,19.116111000,0.000656000,19.116767000,42.905443000,0,11
1658137351.724834204,1785561901.928791046,3039,538140,545199,7209,0,72000,7252,489,0.000000000,11.513685999,11.732803000,18.735920000,0.000904000,18.736824000,31.823378000,0,17
1658137351.824917316,1785561902.029807806,3040,545199,552427,7344,0,72000,7377,266,0.000000000,11.060068000,11.261638000,20.320790000,0.000784000,20.321574000,32.957113000,0,11
1658137351.924747705,1785561902.128375530,3041,552427,559500,7222,0,72000,7249,276,0.000000000,8.939887000,9.129392000,19.849738000,0.000812000,19.850550000,30.214223000,0,17
1658137352.024852514,1785561902.237427235,3042,559500,567895,8502,0,72000,8530,375,0.000000000,11.104317000,11.302280000,25.776727000,0.000949000,25.777676000,38.697696000,0,10
1658137352.124815702,1785561902.322564363,3043,567885,574492,6667,0,72000,6692,182,0.000000000,9.113219000,9.268698000,15.745036000,0.000932000,15.745968000,26.217894000,0,13
1658137352.224901199,1785561902.428580761,3044,574463,582774,8354,0,72000,8369,158,0.000000000,11.644159000,11.805420000,16.948361000,0.000808000,16.949169000,30.156208000,0,10
1658137352.324817896,1785561902.530498028,3045,582663,588333,5780,0,72000,5808,212,0.000000000,8.893032001,9.141169000,24.399322000,0.000804000,24.400126000,34.670121000,0,14
1658137352.424908400,1785561902.629125118,3046,588318,595593,7335,0,72000,7355,133,0.000000000,8.967549000,9.217148000,20.927199000,0.000708000,20.927907000,31.517249000,0,13
1658137352.524745464,1785561902.745329857,3047,595543,603069,7556,0,72000,7599,411,0.000000000,9.213174000,9.431962000,12.408134000,0.000736000,12.408870000,23.166854000,0,14
1658137352.624836445,1785561902.822972775,3048,603060,608835,5837,0,72000,5856,73,0.000000000,10.311605000,10.445963000,15.184135000,0.000833000,15.184968000,26.805273000,0,13
1658137352.724925280,1785561902.925209284,3049,608827,618884,10071,0,72000,10078,87,0.000000000,14.215786000,14.350600000,10.011469000,0.000819000,10.012288000,25.973865000,0,11
1658137352.824752331,1785561903.023913145,3050,618882,626638,7787,0,72000,7810,270,0.000000000,14.382466000,14.582420000,10.031958000,0.000747000,10.032705000,26.002544000,0,13
1658137352.924850464,1785561903.139484644,3051,626601,633618,7114,0,72000,7133,102,0.000000000,12.295093000,12.436502000,27.675225000,0.000586000,27.675811000,41.388369000,0,15
1658137353.024921179,1785561903.247995138,3052,633616,639928,6351,0,72000,6367,148,0.000000000,6.751758999,6.895466000,18.360513000,0.000717000,18.361230000,26.422169000,0,19
1658137353.124751329,1785561903.329763174,3053,639928,645665,5771,0,72000,5782,136,0.000000000,7.345837000,7.610290000,24.251432000,0.000704000,24.252136000,33.104630000,0,23
1658137353.224848032,1785561903.418784618,3054,645665,653633,7980,0,72000,7990,152,0.000000000,13.508188001,13.650066000,5.335470000,0.000818000,5.336288000,20.424469000,0,16
1658137353.324851990,1785561903.542171240,3055,653633,660107,6491,0,72000,6523,243,0.000000000,13.351995000,13.501342000,5.836666000,0.000604000,5.837270000,20.587131000,0,19
1658137353.424825191,1785561903.657802343,3056,660107,667315,7427,0,72000,7446,138,0.000000000,16.289471001,16.418429000,43.000858000,0.000854000,43.001712000,60.692996000,0,11
1658137353.524915457,1785561903.743421555,3057,667315,676275,9010,0,72000,9021,103,0.000000000,13.029680000,13.921771000,26.152239000,0.000597000,26.152836000,41.546223000,0,4
1658137353.624749660,1785561903.825662613,3058,676274,685164,8930,0,72000,8941,153,0.000000000,9.787489000,9.924604000,14.980650000,0.000699000,14.981349000,26.349721000,0,13
1658137353.724833012,1785561903.913964510,3059,685160,691152,5998,0,72000,6015,112,0.000000000,8.058904000,8.195545000,8.506621000,0.000688000,8.507309000,17.793609000,0,14
1658137353.824936152,1785561904.029143810,3060,691152,696546,5463,0,72000,5477,145,0.000000000,8.781919001,9.121143000,20.445212000,0.000605000,20.445817000,30.745857000,0,17
1658137353.924778223,1785561904.128925323,3061,696544,706393,9888,0,72000,9903,155,0.000000000,11.455166000,11.611526000,16.300320000,0.000942000,16.301262000,29.515795000,0,17
1658137354.024868011,1785561904.209874868,3062,706379,710986,4623,0,72000,4637,157,0.000000000,6.974995000,7.097520000,6.053186000,0.000841000,6.054027000,14.190058000,0,10
1658137354.124828577,1785561904.340547085,3063,710986,717686,6719,0,72000,6731,86,0.000000000,10.099064999,10.227439000,7.388418000,0.001196000,7.389614000,18.808911000,0,13
1658137354.224905491,1785561904.439405203,3064,717686,725027,7424,0,72000,7449,151,0.000000000,15.488101000,15.630279000,22.825177000,0.000668000,22.825845000,39.790708000,0,10
1658137354.324820518,1785561904.519436121,3065,725022,731685,6683,0,72000,6693,205,0.000000000,8.612511000,8.739950000,12.646615000,0.000917000,12.647532000,22.667583000,0,10
1658137354.424907446,1785561904.648020029,3066,731685,739904,8234,0,72000,8262,176,0.000000000,14.731738000,14.861827000,8.727676000,0.000359000,8.728035000,24.951970000,0,17
1658137354.524746180,1785561904.752260923,3067,739904,748517,8798,0,72000,8836,483,0.000000000,18.063986000,18.269243000,33.205785000,0.000215000,33.206000000,53.070046000,0,15
1658137354.624829292,1785561904.820137739,3068,748490,756871,8424,0,72000,8492,754,0.000000000,10.577477000,10.824940000,8.854100000,0.000738000,8.854838000,21.133095000,0,9
1658137354.724920034,1785561904.939351797,3069,756848,762641,5818,0,72000,5882,639,0.000000000,8.414812000,8.636269000,8.152276000,0.001006000,8.153282000,17.971238000,0,13
1658137354.824764252,1785561905.035499334,3070,762641,770107,7790,0,72000,7876,568,0.000000000,12.230766000,12.789133000,23.239262000,0.000926000,23.240188000,37.395724000,0,11
1658137354.924855471,1785561905.127950907,3071,770107,778592,8656,0,72000,8820,1590,0.000000000,10.104405000,10.579753000,17.214059000,0.001064000,17.215123000,29.428546000,0,15
1658137355.024824619,1785561905.219056129,3072,778527,785257,6808,0,72000,7036,1794,0.000000000,9.226229000,9.782367000,10.683320000,0.000714000,10.684034000,21.814136000,0,15
1658137355.124907017,1785561905.359951258,3073,785211,792914,8334,0,72000,8654,2193,0.000000000,11.824974000,12.550384000,21.986551000,0.000521000,21.987072000,36.553778000,0,26
1658137355.224761963,1785561905.420179129,3074,792914,798912,6322,0,72000,6704,1849,0.000000000,9.087147000,9.671749000,12.509805000,0.001023000,12.510828000,23.533568000,0,14
1658137355.324824095,1785561905.545661926,3075,798801,805962,7247,0,72000,7553,1953,0.000000000,10.759674001,11.404178000,9.680535000,0.000852000,9.681387000,22.491846000,0,16
1658137355.424902916,1785561905.636461258,3076,805962,811048,5485,0,72000,5725,1472,0.000000000,9.302464000,9.816603000,28.861021000,0.000662000,28.861683000,39.899515000,0,16
1658137355.524757385,1785561905.722746134,3077,811048,819322,8346,0,72000,8606,2276,0.000000000,14.214103000,14.959459000,7.098449000,0.000630000,7.099079000,23.644941000,0,17
1658137355.624846697,1785561905.818134785,3078,819322,826544,7280,0,72000,7486,1341,0.000000000,12.258599000,12.734172000,6.556911000,0.000809000,6.557720000,20.687454000,0,11
1658137355.724819899,1785561905.940594912,3079,826544,832502,5988,0,72000,6112,1105,0.000000000,9.986127000,10.369461000,6.986078000,0.000526000,6.986604000,18.689113000,0,17
1658137355.824918032,1785561906.023776293,3080,832502,840649,8198,0,72000,8323,1540,0.000000000,13.731957000,14.232686000,8.449944000,0.000520000,8.450464000,24.179873000,0,16
1658137355.924759388,1785561906.126843452,3081,840397,847941,7614,0,72000,7691,953,0.000000000,13.057157999,13.781135000,13.308583000,0.000554000,13.309137000,28.488754000,0,15
1658137356.024855375,1785561906.229542971,3082,846996,853501,6724,0,72000,6791,586,0.000000000,9.865571000,10.344528000,20.306904000,0.000681000,20.307585000,32.099265000,0,10
1658137356.124811172,1785561906.355672836,3083,853501,860931,7522,0,72000,7554,290,0.000000000,9.087519999,9.240219000,18.783748000,0.001210000,18.784958000,29.369979000,0,21
1658137356.224892855,1785561906.414702892,3084,860929,865560,4657,0,72000,4682,96,0.000000000,6.014586999,6.132252000,10.540555000,0.000911000,10.541466000,17.677796000,0,10
1658137356.324853659,1785561906.550153255,3085,865553,871731,6260,0,72000,6303,189,0.000000000,8.343815000,8.479444000,18.693666000,0.000919000,18.694585001,28.324207000,0,17
1658137356.424819231,1785561906.658957720,3086,871731,879581,7906,0,72000,7928,114,0.000000000,9.837498001,9.954867000,20.758465000,0.001033000,20.759498000,32.342576000,0,14
1658137356.524903536,1785561906.761176109,3087,879580,889083,9561,0,72000,9582,128,0.000000000,12.607205000,12.725305000,22.212229000,0.001087000,22.213316000,36.493169000,0,17
1658137356.624729156,1785561906.833584070,3088,889079,896412,7376,0,72000,7385,80,0.000000000,9.424752001,9.535647000,22.592073000,0.001209000,22.593282000,33.364482000,0,13
1658137356.724807501,1785561906.918722868,3089,896412,904240,7853,0,72000,7866,90,0.000000000,10.048712000,10.154578000,8.957304000,0.001179000,8.958483000,20.497374000,0,10
1658137356.824901342,1785561907.050238132,3090,904240,912796,8621,0,72000,8640,124,0.000000000,15.046240000,15.484215000,33.285813000,0.000719000,33.286532000,50.148377000,0,17
1658137356.924736738,1785561907.111958027,3091,912796,919099,6316,0,72000,6327,102,0.000000000,9.276344000,9.386824000,4.384131000,0.000893000,4.385024000,14.985226000,0,10
1658137357.024814367,1785561907.217765093,3092,919099,926096,7011,0,72000,7021,60,0.000000000,12.598522001,12.694215000,6.542914000,0.000551000,6.543465000,20.414076000,0,17
1658137357.124889851,1785561907.334769726,3093,926093,933554,7511,0,72000,7513,57,0.000000000,15.968635999,16.076088000,19.812228000,0.001059000,19.813287000,37.144046000,0,16
1658137357.224742651,1785561907.450199842,3094,933541,940749,7240,0,72000,7254,94,0.000000000,11.351505001,11.454600000,13.958836000,0.001077000,13.959913000,26.795221000,0,15
1658137357.324902058,1785561907.560974121,3095,940744,949183,8497,0,72000,8529,141,0.000000000,12.729323000,12.855668000,22.318459000,0.001150000,22.319609000,36.768205000,0,11
1658137357.424743414,1785561907.645628929,3096,949158,955533,6416,0,72000,6434,135,0.000000000,7.985915000,8.102967000,14.350954000,0.000791000,14.351745000,23.970908000,0,10
1658137357.524827242,1785561907.749505758,3097,955533,963787,8283,0,72000,8294,110,0.000000000,12.264151000,12.380168000,12.251759000,0.001061000,12.252820000,26.043404000,0,14
1658137357.624913692,1785561907.847425461,3098,963759,969568,5835,0,72000,5850,83,0.000000000,9.108263000,9.213336000,15.713801000,0.001135000,15.714936000,26.075931000,0,11
1658137357.724759340,1785561907.914751053,3099,969560,975749,6199,0,72000,6217,152,0.000000000,9.648000000,9.762744000,7.261552000,0.001157000,7.262709000,18.133160000,0,10
1658137357.824848175,1785561908.038476944,3100,975734,983684,8006,0,72000,8014,80,0.000000000,12.065470000,12.172774000,26.173415000,0.001064000,26.174479000,39.630519000,0,16
1658137357.924823761,1785561908.151019096,3101,983684,989279,5619,0,72000,5633,76,0.000000000,7.624687000,7.851137000,20.786284000,0.000810000,20.787094000,29.825107000,0,17
1658137358.024913311,1785561908.246658564,3102,989279,995701,6456,0,72000,6475,91,0.000000000,7.479015000,7.577722000,16.120935000,0.001000000,16.121935000,24.843155000,0,17
1658137358.124741316,1785561908.334984303,3103,995695,1004274,8622,0,72000,8635,52,0.000000000,10.426168000,10.520914000,23.330978000,0.000895000,23.331873000,35.266368000,0,21
1658137358.224820137,1785561908.422791719,3104,1004274,1011678,7457,0,72000,7483,143,0.000000000,9.455959000,9.574788000,13.794824000,0.001045000,13.795869000,24.659511000,0,16
1658137358.324931383,1785561908.559277773,3105,1011670,1018572,6920,0,72000,6953,237,0.000000000,9.638581000,9.771080000,24.366596000,0.001002000,24.367598000,35.353581000,0,11
1658137358.424768925,1785561908.648411989,3106,1018572,1027123,8579,0,72000,8595,253,0.000000000,15.561435000,15.716745000,6.740920000,0.000933000,6.741853000,24.081641000,0,10
1658137358.524859428,1785561908.747324944,3107,1027123,1034906,7799,0,72000,7828,170,0.000000000,15.476996999,15.614087000,6.427616000,0.001156000,6.428772000,23.556041000,0,15
1658137358.624825001,1785561908.825548887,3108,1034906,1042260,7369,0,72000,7391,177,0.000000000,16.411895000,16.543492000,9.291850000,0.001026000,9.292876000,27.112672000,0,16
1658137358.724921703,1785561908.946817398,3109,1042260,1047878,5630,0,72000,5654,93,0.000000000,16.341220000,16.453431000,7.540936000,0.000920000,7.541856000,25.212851000,0,18
1658137358.824759245,1785561909.045280457,3110,1047878,1011683,8264,0,72000,8283,107,0.000000000,29.199326000,29.395280000,11.664849000,0.000798000,11.665647000,42.455905000,0,12
1658137358.924845457,1785561909.133568525,3111,1056124,1062714,6614,155468,72000,6649,288,0.000000000,24.197622000,24.358539000,10.007025000,0.283667000,10.290692000,35.881867000,0,10
1658137359.024815083,1785561909.229834080,3112,1062714,1068124,5442,0,72000,5478,221,0.000000000,21.883360000,22.038161000,10.505796000,0.001133000,10.506929000,33.723211000,0,14
1658137359.124903679,1785561909.369050980,3113,1068124,1075271,7177,0,72000,7211,358,0.000000000,25.582828000,25.878062000,16.714507000,0.000627000,16.715134000,44.733366000,0,19
1658137359.224742174,1785561909.461935282,3114,1075271,1081716,6475,0,72000,6549,488,0.000000000,24.684880000,24.888658000,13.486586000,0.000771000,13.487357000,39.628712000,0,10
1658137359.324755907,1785561909.536997557,3115,1081716,1089025,7687,0,72000,7753,630,0.000000000,21.341009000,21.957685000,14.720447000,0.000657000,14.721104000,38.645104000,0,18
1658137359.424857378,1785561909.616706610,3116,1089025,1094705,5720,0,72000,5791,578,0.000000000,11.757153000,12.011644000,6.989834000,0.001545000,6.991379000,20.259175000,0,12
1658137359.524704456,1785561909.729135513,3117,1094705,1102583,8129,0,72000,8198,497,0.000000000,14.735528001,15.433128000,13.848471000,0.000863000,13.849334000,30.665179000,0,10
1658137359.624924898,1785561909.823874712,3118,1102453,1110115,7726,0,72000,7829,1046,0.000000000,13.452913000,13.871088000,10.360203000,0.001311000,10.361514000,25.628863000,0,15
1658137359.724766493,1785561909.925686836,3119,1109970,1118064,8211,0,72000,8345,1546,0.000000000,12.519076000,13.007031000,12.005926000,0.000932000,12.006857999,26.525799000,0,18
1658137359.824867487,1785561910.021236420,3120,1117963,1125375,7544,0,72000,7699,1920,0.000000000,11.271869000,11.850491000,10.066740000,0.001141000,10.067881000,23.378184000,0,13
1658137359.924705267,1785561910.118960619,3121,1125237,1131720,6563,0,72000,6744,1801,0.000000000,9.862701000,10.435805000,9.868406000,0.001014000,9.869420000,21.572131000,0,12
1658137360.024923325,1785561910.225435972,3122,1131720,1138720,7429,0,72000,7674,1565,0.000000000,12.225843001,13.044161000,13.354893000,0.000811000,13.355704000,27.854671000,0,10
1658137360.124761343,1785561910.348663807,3123,1138613,1148552,10005,0,72000,10260,2315,0.000000000,15.380875000,16.271976000,29.462477000,0.000952000,29.463429000,47.479337000,0,15
1658137360.224855661,1785561910.424787045,3124,1148552,1156302,7805,0,72000,7979,1578,0.000000000,15.355949000,15.905180000,7.965751000,0.000934000,7.966685000,25.946757000,0,20
1658137360.324910402,1785561910.553338766,3125,1156302,1163830,7578,0,72000,7757,1725,0.000000000,18.816844000,19.360275000,9.725364000,0.000349000,9.725713000,30.493598000,0,17
1658137360.424740076,1785561910.630519390,3126,1163830,1171496,7704,0,72000,7802,1050,0.000000000,18.776716000,19.162902000,10.966885000,0.000542000,10.967427000,31.436696000,0,11
1658137360.524816275,1785561910.777560949,3127,1171496,1180447,9310,0,72000,9440,1380,0.000000000,24.244498000,24.881383000,26.124533000,0.000474000,26.125007000,52.615052000,0,19
1658137360.624918938,1785561910.838961601,3128,1180447,1185304,4873,0,72000,4922,519,0.000000000,10.164123000,10.402096000,6.701193000,0.000817000,6.702010000,18.187131000,0,10
1658137360.724767208,1785561910.920264959,3129,1184669,1191220,6569,0,72000,6601,386,0.000000000,11.266027000,11.467957000,9.723975000,0.000830000,9.724805000,22.409345000,0,18
1658137360.824857712,1785561911.032096863,3130,1191220,1200261,9294,0,72000,9360,1002,0.000000000,15.222877000,15.815524000,13.423817000,0.000882000,13.424699000,30.870240000,0,12
1658137360.924815655,1785561911.144937277,3131,1200232,1207027,6817,0,72000,6854,476,0.000000000,11.713553000,11.944363000,9.147810000,0.001163000,9.148973000,22.401916000,0,15
1658137361.024899483,1785561911.219991446,3132,1206949,1214381,7466,0,72000,7503,603,0.000000000,11.774017000,12.009486000,8.024102000,0.000998000,8.025100000,21.553443000,0,11
1658137361.124745369,1785561911.322450638,3133,1214325,1222255,7970,0,72000,8005,324,0.000000000,12.933854000,13.110167000,9.687995000,0.001004000,9.688999000,24.245654000,0,14
1658137361.224836588,1785561911.425368309,3134,1222192,1229672,7512,0,72000,7555,240,0.000000000,11.713510999,12.202281000,13.204016000,0.000945000,13.204961000,26.754129000,0,22
1658137361.324742794,1785561911.550501585,3135,1229672,1238151,8512,0,72000,8540,210,0.000000000,16.058987000,16.203886000,8.540132000,0.000875000,8.541007000,26.225841000,0,16
1658137361.424842358,1785561911.678649426,3136,1231535,1238946,7510,690833,72000,7530,141,0.000000000,15.177483000,15.382293000,36.831596000,1.874991000,38.706587000,55.395679000,0,10
1658137361.524816275,1785561911.778461695,3137,1238946,1244959,6031,0,72000,6057,170,0.000000000,13.469413000,13.600925000,7.577395000,0.001663000,7.579058000,81.697987000,0,10
1658137361.624877453,1785561911.820668459,3138,1244959,1250890,5937,0,72000,5948,106,0.000000000,15.511389000,15.627494000,6.870430000,0.000836000,6.871266000,23.564147000,0,10
1658137361.724718809,1785561911.948250532,3139,1250890,416807,5806,0,72000,5823,181,0.000000000,15.320464000,15.506685000,30.843859000,0.000724000,30.844583000,47.340380000,0,11
1658137361.824812651,1785561912.016882658,3140,416807,423232,6434,0,72000,6459,233,0.000000000,7.625169000,7.760637000,7.376104000,0.001171000,7.377275000,16.209322000,0,18
1658137361.924904346,1785561912.119325399,3141,423203,430005,6819,0,72000,6831,160,0.000000000,9.990424000,10.126330000,10.380039000,0.000913000,10.380952000,21.795794000,0,15
1658137362.024740458,1785561912.233526707,3142,362797,371583,8805,212579,72000,8819,136,0.000000000,19.337816000,19.456933000,6.179490000,6.310319000,12.489809000,33.521309000,0,15
1658137362.124845266,1785561912.355614185,3143,226164,235086,8948,0,72000,8987,320,0.000000000,16.360815000,16.536800000,10.542179000,0.001096000,10.543275000,30.912384000,0,17
1658137362.224820375,1785561912.431522131,3144,235086,245149,10105,0,72000,10118,290,0.000000000,19.912452000,20.324740000,9.042851000,0.000660000,9.043511000,30.948840000,0,16
1658137362.324845076,1785561912.547543049,3145,245102,251563,6487,0,72000,6507,300,0.000000000,14.702678999,14.883845000,8.611922000,0.000815000,8.612737000,24.896217000,0,12
1658137362.424805641,1785561912.634679317,3146,251563,258114,6610,0,72000,6617,107,0.000000000,19.297090000,19.474009000,16.853726000,0.000388000,16.854114000,37.522204000,0,12
1658137362.524881840,1785561912.714276314,3147,258092,264878,6798,0,72000,6807,121,0.000000000,9.472236000,9.604373000,5.763730000,0.000945000,5.764675000,16.548157000,0,14
1658137362.624709606,1785561912.822831392,3148,264855,272581,7744,0,72000,7760,182,0.000000000,13.732692999,13.874720000,7.861805000,0.000856000,7.862660999,23.032105000,0,13
1658137362.724926949,1785561912.915166140,3149,272555,277271,4724,0,72000,4733,70,0.000000000,8.503673000,8.609660000,9.078381000,0.000722000,9.079103000,18.745192000,0,5
1658137362.824762106,1785561913.033122778,3150,277271,284637,7448,0,72000,7462,125,0.000000000,13.171750000,13.672382000,18.876402000,0.000664000,18.877066000,33.904577000,0,10
1658137362.924853086,1785561913.119436741,3151,284631,290858,6244,0,72000,6250,113,0.000000000,7.312505999,7.424884000,11.755323000,0.001124000,11.756447000,20.429599000,0,10
1658137363.024821281,1785561913.214657068,3152,290858,297262,6418,0,72000,6436,244,0.000000000,9.297669000,9.438344000,6.484430000,0.001016000,6.485446000,16.978634000,0,15
1658137363.124909878,1785561913.329565287,3153,297239,305127,7920,0,72000,7932,91,0.000000000,13.917939999,14.054993000,15.698584000,0.000997000,15.699581000,31.115914000,0,12
1658137363.224741220,1785561913.415347338,3154,305112,311736,6639,0,72000,6644,96,0.000000000,9.227129000,9.335739000,6.637393000,0.001019000,6.638412000,17.116891000,0,25
1658137363.324841261,1785561913.548860073,3155,302222,288094,7187,40386,72000,7193,107,0.000000000,10.372216000,10.557340000,11.470743000,2.313879000,13.784622000,25.535467000,0,17
1658137363.424816608,1785561913.621959686,3156,288094,295157,7078,0,72000,7091,83,0.000000000,15.392349000,15.626659000,6.189189000,0.000990000,6.190179000,23.326250000,0,13
1658137363.524917603,1785561913.723597050,3157,295157,292532,7003,0,72000,7015,178,0.000000000,15.680169000,16.014564000,7.554299000,0.000858000,7.555157000,24.763091000,0,12
1658137363.624772549,1785561913.816313028,3158,292475,298951,6487,0,72000,6497,149,0.000000000,9.844450999,9.994342000,6.931936000,0.001016000,6.932952000,18.119621000,0,18
1658137363.724863291,1785561913.931746244,3159,298929,307739,8855,0,72000,8866,144,0.000000000,15.005213000,15.138431000,14.888023000,0.001113000,14.889136000,31.510399000,0,16
1658137363.824819803,1785561914.020526171,3160,307715,315443,7745,0,72000,7769,188,0.000000000,11.164689000,11.306792000,9.156171000,0.000968000,9.157139000,21.788932000,0,5
1658137363.924924135,1785561914.134742260,3161,315443,322681,7359,0,72000,7383,137,0.000000000,15.241379000,15.577215000,19.077675000,0.000462000,19.078137000,36.189927000,0,17
1658137364.024775505,1785561914.214965343,3162,322672,329716,7061,0,72000,7097,182,0.000000000,9.842808000,9.971256000,5.804144000,0.000888000,5.805031999,17.019017000,0,16
1658137364.124871492,1785561914.314761877,3163,329713,335697,5993,0,72000,6032,348,0.000000000,9.021232000,9.192267000,6.698580000,0.000953000,6.699533000,17.038575000,0,17
1658137364.224831820,1785561914.429015398,3164,335661,343162,7597,0,72000,7627,206,0.000000000,11.192960000,11.338764000,18.019709000,0.001011000,18.020720000,30.727985000,0,12
1658137364.324835777,1785561914.520029068,3165,343154,349807,6681,0,72000,6748,363,0.000000000,7.930303000,8.099015000,12.840617000,0.001148000,12.841765000,22.103561000,0,12
1658137364.424922228,1785561914.614546061,3166,349807,355709,5939,0,72000,6023,687,0.000000000,10.069996000,10.333064000,5.957966000,0.001173000,5.959139000,17.527583000,0,10
1658137364.524759531,1785561914.725395441,3167,355691,364040,8401,0,72000,8491,1043,0.000000000,14.260296000,14.651224000,9.535658000,0.001015000,9.536673000,25.800943000,0,11
1658137364.624852896,1785561914.825358152,3168,363882,370717,6994,0,72000,7114,1133,0.000000000,10.576218000,10.962578000,14.879456000,0.000932000,14.880388000,27.125260000,0,11
1658137364.724822998,1785561914.943963766,3169,370642,377715,7147,0,72000,7299,1546,0.000000000,10.498994000,11.002676000,8.334691000,0.001061000,8.335751999,20.602238000,0,18
1658137364.824912786,1785561915.030837774,3170,367377,373521,6506,140392,72000,6660,1647,0.000000000,11.782038000,12.335198000,17.858306000,1.692459000,19.550765000,33.222350000,0,10
1658137364.924752235,1785561915.118540287,3171,373469,381136,7735,0,72000,7875,1735,0.000000000,10.515664000,11.070177000,7.309454000,0.001131000,7.310585000,19.843606000,0,11
1658137365.024852514,1785561915.226457834,3172,381020,389313,8368,0,72000,8575,1856,0.000000000,11.914126000,12.493857000,12.458722000,0.001058000,12.459780000,26.513550000,0,11
1658137365.124821424,1785561915.319095135,3173,389313,396465,7213,0,72000,7410,1671,0.000000000,11.799316000,12.312347000,7.433899000,0.000529000,7.434428000,21.134177000,0,15
1658137365.224909544,1785561915.442967653,3174,396288,403160,6916,0,72000,7088,901,0.000000000,11.068366000,11.409733000,7.207502000,0.001403000,7.208905000,19.955912000,0,21
1658137365.324843884,1785561915.520948172,3175,403160,407758,5238,0,72000,5335,835,0.000000000,10.326046000,11.032636000,11.771983000,0.000921000,11.772904000,24.018076000,0,14
1658137365.424826145,1785561915.645617485,3176,407667,414001,6358,0,72000,6456,744,0.000000000,9.031286000,9.314865000,12.483214000,0.001082000,12.484296000,22.976641000,0,15
1658137365.524917364,1785561915.721933603,3177,414001,421460,7505,0,72000,7629,706,0.000000000,12.485405000,12.803301000,7.426985000,0.001143000,7.428128000,22.543015000,0,18
1658137365.624758959,1785561915.816547871,3178,291295,297517,6258,0,72000,6322,473,0.000000000,10.390301999,10.869116000,6.308302000,0.000788000,6.309090000,18.569378000,0,12
1658137365.724852324,1785561915.923094988,3179,297271,305858,8626,0,72000,8714,598,0.000000000,12.521832000,12.766294000,8.578778000,0.001016000,8.579794000,22.838665000,0,16
1658137365.824816942,1785561916.018189669,3180,305774,310439,4830,0,72000,4862,371,0.000000000,7.860303999,8.031589000,12.745694000,0.000758000,12.746452000,22.040294000,0,16
1658137365.924918413,1785561916.125685692,3181,310427,316654,6301,0,72000,6343,367,0.000000000,8.090982000,8.259887000,18.598338000,0.001009000,18.599347000,28.067935000,0,15
1658137366.024756908,1785561916.226020575,3182,316636,324044,7499,0,72000,7523,301,0.000000000,8.984224000,9.143267000,16.626241000,0.001362000,16.627603000,27.131610000,0,12
1658137366.124840736,1785561916.329692125,3183,324040,331739,7766,0,72000,7786,211,0.000000000,8.731966000,8.875201000,17.283937000,0.000918000,17.284855000,27.536100000,0,13
1658137366.224808931,1785561916.418069839,3184,331738,339198,7503,0,72000,7528,275,0.000000000,9.016561000,9.179198000,7.294102000,0.001117000,7.295219000,17.788123000,0,7
1658137366.324905634,1785561916.521840334,3185,339195,347042,7869,0,72000,7892,213,0.000000000,11.024746000,11.174487000,8.246506000,0.001042000,8.247548000,20.786211000,0,12
1658137366.424735069,1785561916.619970798,3186,346999,353349,6363,0,72000,6374,143,0.000000000,9.862148000,9.979251000,10.687722000,0.000786000,10.688508000,21.817893000,0,17
1658137366.524846315,1785561916.755469084,3187,353349,359853,6624,113142,72000,6640,227,0.000000000,12.200890000,12.333360000,18.862389000,0.058496000,18.920885000,32.500434000,0,10
1658137366.624813318,1785561916.850441217,3188,359845,366536,6741,0,72000,6765,195,0.000000000,8.005084999,8.129133000,17.871310000,0.001010000,17.872320000,27.211016000,0,17
1658137366.724902630,1785561916.919309616,3189,366536,374576,8102,0,72000,8132,159,0.000000000,8.922436999,9.036789000,9.498973000,0.000961000,9.499934000,19.919499000,0,10
1658137366.824740648,1785561917.048273325,3190,374569,381329,6798,0,72000,6812,122,0.000000000,8.766384000,8.878759000,15.197708000,0.000965000,15.198673000,25.222920000,0,14
1658137366.924834728,1785561917.117217302,3191,381325,388534,7235,0,72000,7250,135,0.000000000,9.263364000,9.379785000,8.304419000,0.001059000,8.305478000,18.880405000,0,11
1658137367.024920464,1785561917.252967834,3192,388530,396057,7573,0,72000,7613,323,0.000000000,13.011845000,13.162058000,14.980409000,0.001060000,14.981469000,29.412962000,0,15
1658137367.124762774,1785561917.351000309,3193,396052,404717,8689,0,72000,8706,143,0.000000000,13.505517000,13.625328000,10.469725000,0.001086000,10.470811000,25.553739000,0,14
1658137367.224862099,1785561917.418359280,3194,404717,411692,6994,0,72000,7020,168,0.000000000,11.865127000,11.989092000,7.048045000,0.000260000,7.048305000,20.376436000,0,20
1658137367.324891329,1785561917.546448231,3195,411661,418144,6530,0,72000,6549,145,0.000000000,11.159396000,11.285405000,10.759669000,0.000986000,10.760655000,23.248456000,0,16
1658137367.424729824,1785561917.613643408,3196,418087,423984,5918,0,72000,5935,132,0.000000000,9.278422000,9.399883000,5.560703000,0.001329000,5.562032000,16.094834000,0,16
1658137367.524824858,1785561917.720557928,3197,423951,431677,7744,0,72000,7749,51,0.000000000,11.579437000,11.705180000,8.679268000,0.000973000,8.680241000,21.703320000,0,12
1658137367.624904633,1785561917.824053526,3198,431648,439164,7556,0,72000,7578,285,0.000000000,12.156548000,12.324531000,11.798757000,0.000892000,11.799649000,25.549930000,0,16
1658137367.724755287,1785561917.917939186,3199,439147,444521,5389,0,72000,5397,100,0.000000000,8.264800000,8.397739000,11.246894000,0.000888000,11.247782000,20.975794000,0,10
1658137367.824852228,1785561918.021958113,3200,444521,451041,6552,0,72000,6564,132,0.000000000,14.398345999,14.521309000,6.104796000,0.001126000,6.105922001,23.932728000,0,10
1658137367.924827814,1785561918.144721508,3201,337854,343566,5751,0,72000,5767,129,0.000000000,11.116373000,11.233146000,10.170769000,0.000824000,10.171593000,22.539080000,0,17
1658137368.024907827,1785561918.216449499,3202,343530,349584,6079,0,72000,6106,164,0.000000000,9.156545000,9.295903000,5.841158000,0.000781000,5.841939000,16.248132000,0,8
1658137368.124749899,1785561918.319551945,3203,349557,356836,7295,0,72000,7309,122,0.000000000,11.333115000,11.452027000,8.155850000,0.000856000,8.156706000,20.906843000,0,17
1658137368.224829674,1785561918.430346727,3204,355970,242594,9075,123257,72000,9086,217,0.000000000,14.973846000,15.273037000,12.292890000,0.661091000,12.953981000,29.817242000,0,13
1658137368.324733973,1785561918.525154829,3205,242594,249478,6892,0,72000,6909,160,0.000000000,16.409373000,16.530162000,7.002023000,0.001095000,7.003118000,26.429130000,0,15
1658137368.424834251,1785561918.627185583,3206,249440,257550,8139,0,72000,8161,180,0.000000000,17.728535000,17.869840000,8.429222000,0.000816000,8.430038000,27.643432000,0,17
1658137368.524922848,1785561918.724030495,3207,257467,265194,7738,0,72000,7752,131,0.000000000,14.167930000,14.320740000,8.259199000,0.001020000,8.260219000,23.940572000,0,14
1658137368.624763966,1785561918.825126648,3208,265146,273456,8333,0,72000,8362,204,0.000000000,13.111264000,13.264065000,9.292094000,0.000945000,9.293039000,24.217951000,0,10
1658137368.724864244,1785561918.925952196,3209,261110,267813,6756,49150,72000,6768,162,0.000000000,12.655578000,12.893359000,9.291568000,3.500648000,12.792216000,26.945803000,0,16
1658137368.824826479,1785561919.033806086,3210,267813,238117,7269,0,72000,7300,252,0.000000000,15.946316000,16.102185000,17.708197000,0.001178000,17.709375000,35.419268000,0,13
1658137368.924925327,1785561919.143657684,3211,238108,245543,7458,0,72000,7481,122,0.000000000,10.424203000,10.530507000,7.706096000,0.001248000,7.707344000,19.520285000,0,17
1658137369.024760008,1785561919.241073847,3212,245540,252080,6570,0,72000,6604,291,0.000000000,9.994173000,10.166428000,6.868418000,0.001135000,6.869553000,18.298624000,0,17
1658137369.124847889,1785561919.315112591,3213,252057,257843,5830,0,72000,5858,140,0.000000000,9.009170000,9.138282000,7.183415000,0.000714000,7.184129000,17.740095000,0,13
1658137369.224808216,1785561919.438373804,3214,257800,263012,5231,0,72000,5242,207,0.000000000,7.957630000,8.081510000,6.969007000,0.001111000,6.970118000,16.090623000,0,19
1658137369.324863672,1785561919.527578831,3215,263012,271988,9044,0,72000,9062,177,0.000000000,13.975266000,14.249463000,10.982215000,0.000428000,10.982643000,26.757358000,0,12
1658137369.424824238,1785561919.618315220,3216,271969,279082,7138,0,72000,7175,350,0.000000000,11.138450000,11.309097000,6.926019000,0.000904000,6.926923000,19.619850000,0,14
1658137369.524916410,1785561919.717702389,3217,279045,285570,6558,0,72000,6609,499,0.000000000,10.101274000,10.312714000,7.569341000,0.000945000,7.570286000,19.092098000,0,10
1658137369.624761105,1785561919.820009470,3218,285517,292056,6568,0,72000,6587,334,0.000000000,9.602114999,9.757112000,10.469013000,0.001087000,10.470100000,21.356707000,0,10
1658137369.724857569,1785561919.920176983,3219,285636,298939,6917,80087,72000,6951,274,0.000000000,14.659345999,14.819802000,6.058339000,0.065466000,6.123805000,22.066947000,0,12
1658137369.824828625,1785561920.022113323,3220,298857,305395,6573,0,72000,6632,416,0.000000000,14.508051000,14.713681000,7.271351000,0.001015000,7.272366000,23.186565000,0,15
1658137369.924914122,1785561920.138988733,3221,305272,310871,5633,0,72000,5670,230,0.000000000,8.603836000,8.745783000,6.144788000,0.000982000,6.145770000,16.097295000,0,10
1658137370.024759293,1785561920.232875586,3222,310771,319337,8669,0,72000,8726,571,0.000000000,12.939710000,13.187495000,18.432885000,0.000900000,18.433785000,33.133048000,0,17
1658137370.124859810,1785561920.354019880,3223,280548,167172,8274,95901,72000,8349,595,0.000000000,12.541129000,12.981115000,9.917806000,3.280471000,13.198277000,27.958914000,0,10
1658137370.224717617,1785561920.432652712,3224,167172,175140,7993,0,72000,8050,603,0.000000000,14.355938000,14.608602000,8.037946000,0.001355000,8.039301000,33.464227000,0,12
1658137370.324851036,1785561920.545544147,3225,159433,165668,6286,0,72000,6386,1027,0.000000000,12.351175000,12.741694000,7.874063000,0.001146000,7.875209000,22.043998000,0,19
1658137370.424811840,1785561920.613796949,3226,165479,171678,6241,0,72000,6341,977,0.000000000,8.308815000,8.694218000,6.314617000,0.000869000,6.315486000,16.281737000,0,16
1658137370.524909496,1785561920.717823505,3227,171546,177258,5827,0,72000,5914,990,0.000000000,7.981898000,8.359624000,10.126537000,0.001074000,10.127611000,20.176010000,0,13
1658137370.624743700,1785561920.837569475,3228,177192,182643,5500,0,72000,5571,878,0.000000000,7.194639000,7.634550000,5.872824000,0.001252000,5.874076000,14.559380000,0,17
1658137370.724835157,1785561920.941829443,3229,182541,188825,6316,0,72000,6408,1063,0.000000000,8.984717001,9.372615000,8.132000000,0.001048000,8.133048000,18.803487000,0,15
1658137370.824917793,1785561921.020418644,3230,188825,196414,7621,0,72000,7697,907,0.000000000,11.946800999,12.296336000,7.702766000,0.000870000,7.703636000,21.410048000,0,15
1658137370.924761534,1785561921.149798393,3231,196303,203885,7646,0,72000,7756,1524,0.000000000,13.923658999,14.452998000,8.932520000,0.001089000,8.933609000,24.937275000,0,16
1658137371.024856091,1785561921.223154068,3232,203885,211345,7716,0,72000,7811,1360,0.000000000,13.971935000,14.884477000,6.950689000,0.000773000,6.951462000,23.260365000,0,9
1658137371.124829292,1785561921.323338032,3233,211221,219332,8161,0,72000,8242,1020,0.000000000,11.292676000,11.675264000,8.974633000,0.000962000,8.975595000,22.059460000,0,14
1658137371.224928856,1785561921.430531502,3234,213435,221885,8537,31463,72000,8657,1506,0.000000000,12.484269001,13.027551000,12.937767000,3.109111000,16.046878000,30.767548000,0,11
1658137371.324712276,1785561921.519290686,3235,221809,228478,6692,0,72000,6790,1214,0.000000000,9.139486000,9.545467000,8.643761000,0.001122000,8.644883000,19.507660000,0,16
1658137371.424817085,1785561921.621610403,3236,202679,209681,7079,0,72000,7164,929,0.000000000,10.230430000,10.645347000,10.502487000,0.000568000,10.503055000,22.720434000,0,18
1658137371.524902105,1785561921.740798473,3237,209607,215820,6241,0,72000,6292,476,0.000000000,8.817400000,9.041863000,7.396519000,0.001262000,7.397781000,17.716586000,0,13
1658137371.624734163,1785561921.824251413,3238,215726,222812,7198,0,72000,7247,668,0.000000000,10.166782000,10.486581000,12.934460000,0.001147000,12.935607000,24.660260000,0,18
1658137371.724840164,1785561921.941761255,3239,222793,228996,6233,0,72000,6255,298,0.000000000,9.207490000,9.406865000,6.733044000,0.001025000,6.734069000,17.393132000,0,10
1658137371.824796915,1785561922.054452896,3240,228962,237156,8228,0,72000,8252,327,0.000000000,11.532461001,11.718064000,10.024808000,0.000998000,10.025806000,23.388980000,0,19
1658137371.924894571,1785561922.132327080,3241,237156,244988,7917,0,72000,7957,749,0.000000000,18.830373001,19.335253000,10.238019000,0.000844000,10.238863000,31.540075000,0,14
1658137372.024746180,1785561922.225316525,3242,244923,251713,6826,0,72000,6859,298,0.000000000,11.760083000,11.994403000,9.586104000,0.000770000,9.586874000,23.008762000,0,18
1658137372.124837637,1785561922.330423594,3243,251659,260266,8642,0,72000,8673,311,0.000000000,12.280379000,12.470003000,12.520924000,0.001073000,12.521997000,26.516216000,0,15
1658137372.224930048,1785561922.433821201,3244,260266,269371,9136,0,72000,9155,373,0.000000000,17.776086000,18.109107000,11.911621000,0.000947000,11.912568000,31.534730000,0,15
1658137372.324786901,1785561922.537552834,3245,269371,275599,6386,0,72000,6405,385,0.000000000,17.394493001,17.705652000,19.632536000,0.000877000,19.633413001,38.722924000,0,21
1658137372.424867630,1785561922.627825499,3246,275522,282569,7106,0,72000,7124,271,0.000000000,9.511474000,9.680164000,17.224724000,0.000858000,17.225582000,28.191324000,0,11
1658137372.524712086,1785561922.743085146,3247,278119,277266,7037,104748,72000,7061,314,0.000000000,9.037952000,9.367148000,5.985621000,1.985686000,7.971307000,18.537197000,0,15
1658137372.624807835,1785561922.842730761,3248,277259,283671,6434,0,72000,6454,279,0.000000000,9.093938000,9.258583000,8.804355000,0.000957000,8.805312000,19.298554000,0,18
1658137372.724909067,1785561922.935343027,3249,283671,292337,8748,0,72000,8765,182,0.000000000,15.377175999,15.514725000,16.308182000,0.000427000,16.308609000,33.284489000,0,15
1658137372.824754238,1785561923.025001526,3250,292337,298672,6351,0,72000,6375,248,0.000000000,12.259865000,12.459153000,7.101929000,0.001232000,7.103161000,23.906569000,0,16
1658137372.924838066,1785561923.131257057,3251,206195,213963,7790,0,72000,7802,213,0.000000000,15.882546000,16.141707000,8.964308000,0.001056000,8.965364000,26.641934000,0,18
1658137373.024934769,1785561923.220212221,3252,213909,221238,7341,0,72000,7357,288,0.000000000,11.310207000,11.513855000,7.523066000,0.001189000,7.524255000,20.335108000,0,14
1658137373.124777317,1785561923.348211765,3253,221209,227559,6381,0,72000,6401,240,0.000000000,13.770132000,13.997221000,7.909549000,0.001112000,7.910661000,23.356920000,0,17
1658137373.224871397,1785561923.452967644,3254,227524,234408,6955,0,72000,6977,147,0.000000000,10.882065000,10.999865000,15.367966000,0.001056000,15.369022000,27.826747000,0,16
1658137373.324907541,1785561923.526320934,3255,234390,244761,10410,0,72000,10438,233,0.000000000,12.984812000,13.127367000,8.326472000,0.001238000,8.327710000,23.005679000,0,13
1658137373.424754620,1785561923.625546932,3256,244749,252850,8138,0,72000,8156,197,0.000000000,13.737662000,13.920431000,10.012275000,0.000638000,10.012913000,25.336374000,0,17
1658137373.524850607,1785561923.742011309,3257,252850,259411,6623,0,72000,6644,315,0.000000000,10.130780000,10.600325000,6.399879000,0.000658000,6.400537000,18.224778000,0,16
1658137373.624816179,1785561923.827050209,3258,228832,235392,6604,86572,72000,6626,424,0.000000000,9.928290001,10.159958000,11.729572000,4.202855000,15.932427000,27.662927000,0,15
1658137373.724903822,1785561923.929004908,3259,179312,186351,7081,0,72000,7108,353,0.000000000,10.240951000,10.619075000,14.447083000,0.000901000,14.447984000,29.088107000,0,12
1658137373.824748039,1785561924.023214340,3260,186337,196081,9784,0,72000,9832,794,0.000000000,11.633678001,11.882721000,8.155623000,0.000933000,8.156556000,21.643277000,0,14
1658137373.924833536,1785561924.115487814,3261,196054,201998,5967,0,72000,6035,460,0.000000000,8.948474000,9.175752000,6.967553000,0.000981000,6.968534000,17.422483000,0,14
1658137374.024923563,1785561924.223087072,3262,201889,208781,7003,0,72000,7058,595,0.000000000,9.336168000,9.608129000,12.302423000,0.000947000,12.303370001,23.136214000,0,13
1658137374.124766350,1785561924.315563917,3263,208746,215002,6279,0,72000,6331,461,0.000000000,9.495687001,9.731055000,6.073105000,0.001072000,6.074177000,17.027837000,0,10
1658137374.224860430,1785561924.424499750,3264,214955,223350,8449,0,72000,8523,671,0.000000000,11.183210000,11.481533000,9.562875000,0.001025000,9.563900000,22.624587000,0,18
1658137374.324843168,1785561924.528098822,3265,223284,231712,8461,0,72000,8567,1314,0.000000000,14.000068000,14.469737000,11.943608000,0.000994000,11.944602000,27.893238000,0,17
1658137374.424930573,1785561924.645853519,3266,231712,238816,7237,0,72000,7311,851,0.000000000,14.413000999,14.991419000,6.334663000,0.000669000,6.335332000,22.655140000,0,12
1658137374.524761915,1785561924.722285271,3267,238687,246712,8069,0,72000,8171,1125,0.000000000,10.690521000,11.083869000,8.333540000,0.000644000,8.334184000,20.891691000,0,15
1658137374.624843597,1785561924.822833061,3268,246632,253378,6898,0,72000,7010,1058,0.000000000,10.504664000,10.873817000,13.124981000,0.000911000,13.125892000,25.332153000,0,14
1658137374.724821568,1785561924.927984238,3269,235738,243872,8181,80363,72000,8340,1272,0.000000000,16.736898999,17.197232000,6.132097000,2.086314000,8.218411000,27.108111000,0,16
1658137374.824916363,1785561925.025065660,3270,180987,187910,7109,0,72000,7250,1410,0.000000000,9.755773000,10.445689000,12.563433000,0.001218000,12.564651000,26.207510000,0,15
1658137374.924758673,1785561925.110918045,3271,187789,193539,5793,0,72000,5896,786,0.000000000,6.966401000,7.248780000,5.392629000,0.001853000,5.394482000,13.885923000,0,14
1658137375.024831533,1785561925.219485044,3272,193418,200296,6973,0,72000,7066,713,0.000000000,9.126900000,9.400422000,11.612369000,0.000993000,11.613362000,22.286789000,0,10
1658137375.124926090,1785561925.315675735,3273,200230,206798,6617,0,72000,6729,779,0.000000000,8.745358000,9.029845000,7.318810000,0.001009000,7.319819000,17.540691000,0,8
1658137375.224763632,1785561925.418293476,3274,206695,214137,7500,0,72000,7629,816,0.000000000,10.420548000,10.734249000,8.413341000,0.001331000,8.414672000,20.619929000,0,11
1658137375.324809790,1785561925.520777225,3275,213984,221982,8050,0,72000,8135,721,0.000000000,12.055146000,12.317868000,8.151350000,0.001220000,8.152570000,21.858319000,0,19
1658137375.424891233,1785561925.619550467,3276,221856,228689,6870,0,72000,6939,955,0.000000000,10.328507000,10.674700000,10.115859000,0.001085000,10.116944000,22.166947000,0,6
1658137375.524735451,1785561925.728545427,3277,228689,236718,8280,0,72000,8385,1059,0.000000000,14.327727000,15.046938000,11.899022000,0.000886000,11.899908000,28.470022000,0,10
1658137375.624826431,1785561925.854774237,3278,236663,245905,9291,0,72000,9354,782,0.000000000,15.236613001,15.568358000,10.597209000,0.001220000,10.598429000,27.783282000,0,14
1658137375.724910736,1785561925.952604771,3279,245905,254177,8428,0,72000,8532,879,0.000000000,16.129263000,16.685079000,8.675103000,0.001018000,8.676121000,26.918585000,0,17
1658137375.824748039,1785561926.029792786,3280,245172,251660,6671,80094,72000,6739,945,0.000000000,14.169811000,14.820998000,14.322567000,1.445217000,15.767784000,31.831006000,0,10
1658137375.924837589,1785561926.129304647,3281,251660,259374,7957,0,72000,8015,592,0.000000000,12.949856000,13.510733000,15.251951000,0.000596000,15.252547000,30.310703000,0,17
1658137376.024925232,1785561926.254176617,3282,216557,223916,7406,109620,72000,7453,715,0.000000000,11.710001000,12.061764000,11.648468000,5.216465000,16.864933000,30.316745000,0,15
1658137376.124768734,1785561926.355289936,3283,85932,93870,8035,0,72000,8116,746,0.000000000,10.924460999,11.303602000,11.004172000,0.001045000,11.005217000,29.876341000,0,13
1658137376.224872589,1785561926.418065071,3284,93828,101610,7813,0,72000,7876,389,0.000000000,10.334948000,10.524660000,7.171115000,0.000677000,7.171792000,19.438809000,0,17
1658137376.324808121,1785561926.519782066,3285,101526,109606,8122,0,72000,8177,403,0.000000000,10.799802000,10.993902000,7.939636000,0.001008000,7.940644000,20.383861000,0,12
1658137376.424890995,1785561926.620937109,3286,109518,116772,7315,0,72000,7378,594,0.000000000,11.420794001,11.717991000,9.546144000,0.000959000,9.547103000,22.730355000,0,12
1658137376.524746180,1785561926.719417572,3287,116713,124124,7440,0,72000,7489,441,0.000000000,10.962765000,11.177492000,6.928869000,0.001274000,6.930143000,19.485975000,0,8
1658137376.624832630,1785561926.820067406,3288,124036,130209,6221,0,72000,6269,334,0.000000000,8.767505000,8.957453000,10.073641000,0.000874000,10.074515000,20.303692000,0,12
1658137376.724929571,1785561926.922049999,3289,129518,137283,7799,623,72000,7863,504,0.000000000,14.557928000,14.812135000,5.251494000,0.413422000,5.664916000,21.942093000,0,13
1658137376.824772120,1785561927.047508001,3290,137219,145356,8205,0,72000,8248,290,0.000000000,11.121437000,11.291782000,9.348987000,0.001244000,9.350231000,22.089834000,0,17
1658137376.924875259,1785561927.112834930,3291,145289,151133,5866,0,72000,5904,300,0.000000000,8.590444001,8.776177000,5.375447000,0.001001000,5.376448000,15.585011000,0,14
1658137377.024717093,1785561927.214105606,3292,151083,157396,6345,0,72000,6384,259,0.000000000,8.635738001,8.816861000,6.417519000,0.000986000,6.418505000,16.399723000,0,17
1658137377.124813557,1785561927.321910620,3293,157336,164329,7023,0,72000,7045,191,0.000000000,9.744115000,9.910278000,11.259212000,0.000927000,11.260139000,22.495112000,0,10
1658137377.224891424,1785561927.430473804,3294,164298,172986,8709,0,72000,8738,357,0.000000000,14.953608000,15.239634000,12.594785000,0.001647000,12.596432000,29.480668000,0,14
1658137377.324911356,1785561927.554247141,3295,172986,181026,8122,0,72000,8163,407,0.000000000,17.474734001,17.967790000,8.308751000,0.000948000,8.309699000,27.784041000,0,12
1658137377.424767494,1785561927.650105715,3296,180964,189098,8155,0,72000,8186,315,0.000000000,12.616995999,12.949735000,8.480177000,0.001357000,8.481534000,23.748747000,0,17
1658137377.524856567,1785561927.732106447,3297,189098,197911,8903,0,72000,8940,412,0.000000000,17.086566000,17.302630000,12.201801000,0.000750000,12.202551000,31.102536000,0,11
1658137377.624829531,1785561927.827105522,3298,197911,205055,7212,0,72000,7228,197,0.000000000,15.801618000,15.955612000,11.363977000,0.000541000,11.364518000,28.918052000,0,14
1658137377.724913120,1785561927.920178175,3299,205011,212581,7598,0,72000,7607,150,0.000000000,11.012022000,11.168203000,8.442790000,0.001741000,8.444531000,20.920541000,0,16
1658137377.824759960,1785561928.020447969,3300,212547,219198,6667,0,72000,6669,106,0.000000000,10.956355000,11.080636000,9.846811000,0.000992000,9.847803000,22.203442000,0,16
1658137377.924853563,1785561928.808681011,3301,219198,227504,8416,0,72000,8432,148,0.000000000,15.215089000,15.338023000,17.685771000,0.000926000,17.686697000,34.515128000,0,6
1658137378.024816751,1785561928.851432800,3302,226715,180349,6972,54071,72000,7018,458,0.000000000,10.362636000,10.549404000,12.902425000,0.670714000,13.573139000,25.393718000,4,5
1658137378.124894857,1785561928.880491495,3303,180349,183692,3344,0,72000,7018,3701,0.000000000,13.559731000,14.493401000,6.839553000,0.001408000,6.840960999,23.266082000,4,6
1658137378.224732161,1785561928.907341480,3304,183692,186602,2911,0,72000,7018,3705,0.000000000,11.157276000,12.081976000,8.302611000,0.000642000,8.303253000,21.606645000,4,7
1658137378.324931145,1785561928.931861877,3305,186602,188840,2239,0,72000,7018,3726,0.000000000,11.584758000,12.242475000,7.333017000,0.000698000,7.333715000,20.804664000,3,8
1658137378.424771309,1785561928.957116604,3306,188840,191123,2284,0,72000,7018,3728,0.000000000,11.589156000,12.272686000,6.924061000,0.000621000,6.924682000,19.986804000,3,9
1658137378.524857283,1785561928.979269743,3307,191123,192509,1387,0,72000,7018,3733,0.000000000,12.873584000,13.556874000,4.219747000,0.000802000,4.220549000,18.822863000,2,10
1658137378.624709368,1785561929.003295183,3308,192509,194368,1860,0,72000,7018,3733,0.000000000,12.855104000,13.549764000,5.974603000,0.001434000,5.976037000,20.725257000,1,11
1658137378.724914551,1785561929.033115149,3309,194368,201105,6745,0,72000,6761,152,0.000000000,12.913946000,13.045055000,8.660362000,0.000677000,8.661039000,23.176935000,0,6
1658137378.824744463,1785561929.081468344,3310,201105,208630,7537,0,72000,7546,78,0.000000000,27.352297000,27.469159000,10.764242000,0.000813000,10.765055000,39.478341000,0,3
1658137378.924839020,1785561929.139922619,3311,208630,216450,7834,0,72000,7850,78,0.000000000,28.290656000,28.394005000,11.156353000,0.000647000,11.157000000,40.829844000,0,10
1658137379.024811029,1785561929.228873253,3312,216450,222081,5638,0,72000,5643,73,0.000000000,22.225929000,22.329760000,9.118988000,0.000820000,9.119808000,32.481353000,0,16
1658137379.124896765,1785561929.333461285,3313,222081,228787,6721,89820,72000,6750,195,0.000000000,21.771917000,21.892859000,12.800629000,0.045285000,12.845914000,35.947167000,0,10
1658137379.224741936,1785561929.444391489,3314,228787,237221,8456,0,72000,8472,201,0.000000000,29.500698000,29.631143000,14.458884000,0.000739000,14.459623000,45.486018000,0,10
1658137379.324848175,1785561929.552994013,3315,237221,244990,7795,48094,72000,7834,405,0.000000000,33.428555001,33.614896000,18.766672000,0.111093000,18.877765000,53.838970000,0,14
1658137379.424825191,1785561929.653480053,3316,244990,251985,7044,0,72000,7062,113,0.000000000,34.853443000,35.554873000,15.937572000,0.000700000,15.938272000,52.803468000,0,15
1658137379.524921894,1785561929.738770962,3317,251985,106385,6669,0,72000,6683,195,0.000000000,20.160417000,20.351830000,10.974203000,0.001749000,10.975952000,38.714730000,0,14
1658137379.624752998,1785561929.823417902,3318,106354,113432,7091,0,72000,7104,63,0.000000000,9.781222999,9.897957000,8.579098000,0.000917000,8.580015000,19.919439000,0,16
1658137379.724859953,1785561929.924515247,3319,113414,119973,6576,0,72000,6584,153,0.000000000,9.603617000,9.788643000,11.685064000,0.001120000,11.686184000,22.768510000,0,10
1658137379.824827194,1785561930.020093441,3320,119945,126588,6659,0,72000,6667,96,0.000000000,9.936479000,10.053327000,7.568385000,0.000915000,7.569300000,18.836955000,0,18
1658137379.924918175,1785561930.158814430,3321,126564,134272,7751,0,72000,7765,104,0.000000000,12.183621000,12.310460000,15.256173000,0.001013000,15.257186000,29.043910000,0,15
1658137380.024770498,1785561930.226087332,3322,134254,141893,7663,0,72000,7670,88,0.000000000,12.659896001,12.782061000,7.880317000,0.001123000,7.881440000,22.112135000,0,18
1658137380.124858141,1785561930.322996378,3323,141864,148955,7109,0,72000,7130,148,0.000000000,11.613006000,11.747369000,7.473090000,0.000869000,7.473959000,20.575547000,0,10
1658137380.224821568,1785561930.432184458,3324,146207,154218,8047,40211,72000,8065,293,0.000000000,16.596945000,16.928728000,6.182268000,1.738864000,7.921132000,26.325852000,0,17
1658137380.324934959,1785561930.523273230,3325,116690,123320,6649,0,72000,6670,146,0.000000000,11.509432000,11.654740000,6.828229000,0.001085000,6.829314000,20.351157000,0,12
1658137380.424781799,1785561930.630159855,3326,123278,131028,7782,0,72000,7827,446,0.000000000,13.578741001,14.120079000,8.033448000,0.000869000,8.034317000,23.530758000,0,12
1658137380.524874449,1785561930.729812145,3327,130996,138868,7907,0,72000,7926,207,0.000000000,13.296681001,13.559095000,7.372281000,0.000651000,7.372932000,22.642680000,0,13
1658137380.624715567,1785561930.827186346,3328,138797,145623,6854,0,72000,6925,493,0.000000000,11.569651000,11.794828000,9.545242000,0.000831000,9.546073000,22.655273000,0,18
1658137380.724919319,1785561930.926916361,3329,145571,152672,7126,0,72000,7169,320,0.000000000,10.699030000,10.930808000,6.596782000,0.001603000,6.598385000,18.931779000,0,9
1658137380.824750185,1785561931.021149635,3330,152594,159001,6446,0,72000,6497,613,0.000000000,9.131578000,9.371667000,7.013052000,0.000902000,7.013954000,17.670054000,0,12
1658137380.924845219,1785561931.123507023,3331,158949,166713,7805,0,72000,7847,642,0.000000000,10.107614000,10.452230000,7.543913000,0.000897000,7.544810000,19.451053000,0,10
1658137381.024821043,1785561931.218287945,3332,166639,173085,6475,0,72000,6557,714,0.000000000,8.938493000,9.212564000,6.506426000,0.000979000,6.507405000,17.018624000,0,15
1658137381.124921322,1785561931.317301750,3333,173017,179267,6297,0,72000,6378,774,0.000000000,8.800008000,9.106548000,6.300498000,0.000952000,6.301450000,16.629514000,0,9
1658137381.224765301,1785561931.453100204,3334,179174,187081,7950,0,72000,8069,983,0.000000000,11.151498000,11.560017000,10.835926000,0.001101000,10.837027000,24.028416000,0,18
1658137381.324862480,1785561931.558618069,3335,187081,195208,8343,43580,72000,8482,1467,0.000000000,14.777661000,15.395804000,12.282657000,0.047655000,12.330312000,29.383775000,0,12
1658137381.424829721,1785561931.618788719,3336,195208,201801,6765,0,72000,6893,1228,0.000000000,9.646987000,10.157473000,7.448383000,0.000482000,7.448865000,18.939582000,0,12
1658137381.524907112,1785561931.723172665,3337,201674,209023,7403,0,72000,7503,1019,0.000000000,9.805220001,10.246828000,8.328439000,0.001182000,8.329621000,20.031919000,0,11
1658137381.624737024,1785561931.841728687,3338,208885,215736,6891,0,72000,6973,977,0.000000000,9.525667000,9.910361000,6.269253000,0.001280000,6.270533000,17.496202000,0,18
1658137381.724830627,1785561931.917221546,3339,215604,222761,7191,0,72000,7264,929,0.000000000,9.757025000,10.100481000,6.552029000,0.001228000,6.553257000,17.963461000,0,11
1658137381.824927807,1785561932.019684792,3340,222645,230461,7862,0,72000,7936,1227,0.000000000,10.167451000,10.652788000,8.225505000,0.001255000,8.226760000,20.266285000,0,12
1658137381.924777746,1785561932.121988773,3341,230341,237042,6735,0,72000,6786,918,0.000000000,9.857235000,10.202733000,9.200852000,0.000986000,9.201838000,20.619995000,0,16
1658137382.024865866,1785561932.222669601,3342,193361,201878,8562,0,72000,8600,638,0.000000000,11.014176001,11.305545000,7.493422000,0.000684000,7.494106000,20.737210000,0,16
1658137382.124823570,1785561932.344327927,3343,201786,208781,7039,0,72000,7104,830,0.000000000,9.560923000,9.881187000,8.373836000,0.000957000,8.374793000,19.614166000,0,18
1658137382.224911451,1785561932.425793171,3344,141295,147795,6536,82045,72000,6596,1012,0.000000000,10.974874000,11.326407000,4.860267000,8.986539000,13.846806000,26.547700000,0,18
1658137382.324885845,1785561932.517306089,3345,133056,140708,7674,0,72000,7703,444,0.000000000,9.919783000,10.137396000,5.614542000,0.001348000,5.615890000,18.565585000,0,17
1658137382.424708366,1785561932.644720554,3346,136713,143982,7306,11838,72000,7357,485,0.000000000,11.186922000,11.421609000,7.060822000,1.402017000,8.462839000,21.243966000,0,13
1658137382.524903774,1785561932.716325045,3347,143926,150719,6818,0,72000,6843,451,0.000000000,9.882976000,10.096566000,6.995132000,0.000764000,6.995895999,18.434066000,0,10
1658137382.624738932,1785561932.818746567,3348,150654,157636,7000,0,72000,7036,590,0.000000000,10.026867001,10.304951000,8.279888000,0.000817000,8.280705000,19.816739000,0,14
1658137382.724811316,1785561932.920525551,3349,149685,157884,8228,0,72000,8282,677,0.000000000,10.924764000,11.180061000,6.109875000,0.000995000,6.110870000,18.728546000,0,17
1658137382.824904680,1785561933.022958517,3350,157834,166628,8835,0,72000,8873,444,0.000000000,13.660177000,13.874142000,7.601473000,0.001194000,7.602667000,22.895665000,0,12
1658137382.924747467,1785561933.114503145,3351,166546,173081,6554,0,72000,6583,404,0.000000000,9.564365000,9.783793000,6.090942000,0.000927000,6.091869001,17.103737000,0,11
1658137383.024825573,1785561933.217060089,3352,173013,180635,7644,0,72000,7682,350,0.000000000,11.415573000,11.602490000,5.522418000,0.001135000,5.523553000,18.444305000,0,17
1658137383.124910593,1785561933.320845366,3353,180596,188451,7889,0,72000,7927,449,0.000000000,10.649056000,10.849485000,9.373139000,0.001071000,9.374210000,21.609537000,0,12
1658137383.224753380,1785561933.452854872,3354,188409,196337,7966,0,72000,7998,373,0.000000000,11.454955000,11.652613000,16.149149000,0.001107000,16.150256000,29.213416000,0,17
1658137383.324882984,1785561933.517321825,3355,190899,147580,6104,54792,72000,6149,525,0.000000000,9.040057001,9.298742000,8.131466000,0.951073000,9.082539000,19.720517000,0,8
1658137383.424712896,1785561933.612105131,3356,147530,153885,6383,0,72000,6403,253,0.000000000,7.685694000,7.846042000,4.989493000,0.001104000,4.990597000,14.833086000,0,9
1658137383.524804831,1785561933.717771053,3357,153840,161358,7544,0,72000,7570,298,0.000000000,11.043657001,11.211670000,6.042054000,0.000912000,6.042966000,18.613865000,0,17
1658137383.624898195,1785561933.815234900,3358,161321,167837,6540,0,72000,6574,532,0.000000000,9.727242000,9.946809000,6.589716000,0.000985000,6.590701000,17.766715000,0,11
1658137383.724737644,1785561933.915871382,3359,167798,175107,7330,0,72000,7388,438,0.000000000,10.037131000,10.254691000,5.793113000,0.000867000,5.793980001,17.260995000,0,16
1658137383.824822426,1785561934.013627529,3360,175056,181479,6453,0,72000,6492,501,0.000000000,8.450945000,8.662428000,6.092632000,0.001185000,6.093817000,16.140481000,0,4
1658137383.924918413,1785561934.116975069,3361,181401,188135,6760,0,72000,6808,556,0.000000000,9.301294000,9.597185000,8.300938000,0.001158000,8.302096000,19.133944000,0,10
1658137384.024759054,1785561934.242506504,3362,188078,194258,6211,0,72000,6286,450,0.000000000,9.832818000,10.062299000,7.320090000,0.000982000,7.321072000,18.589998000,0,14
1658137384.124871016,1785561934.323859930,3363,194188,203837,9682,0,72000,9752,805,0.000000000,13.062716000,13.407250000,8.483810000,0.000940000,8.484750000,23.561223000,0,17
1658137384.224724293,1785561934.419705629,3364,201304,201229,7057,63364,72000,7163,1205,0.000000000,12.129983000,12.601376000,6.271660000,1.214865000,7.486525000,21.483904000,0,11
1658137384.324864864,1785561934.517255068,3365,201134,208159,7082,0,72000,7197,985,0.000000000,10.122096000,10.535549000,6.832706000,0.001199000,6.833905000,18.795997000,0,15
1658137384.424720526,1785561934.622354984,3366,208005,216044,8091,0,72000,8168,714,0.000000000,10.883778000,11.204647000,10.186728000,0.000986000,10.187714000,22.806605000,0,21
1658137384.524829149,1785561934.722437620,3367,216044,169682,7652,0,72000,7714,656,0.000000000,13.703981000,14.058900000,7.400495000,0.001235000,7.401730000,23.687437000,0,12
1658137384.624910831,1785561934.818078995,3368,169583,176966,7442,0,72000,7531,987,0.000000000,9.921704000,10.267694000,7.234959000,0.000977000,7.235936000,18.888889000,0,10
1658137384.724731445,1785561934.917914629,3369,176881,184358,7568,0,72000,7680,1238,0.000000000,9.225039999,9.648651000,7.880349000,0.001181000,7.881530000,18.812073000,0,14
1658137384.824825764,1785561935.023657560,3370,184239,192946,8778,0,72000,8924,1397,0.000000000,12.934917000,13.470074000,8.163368000,0.000855000,8.164223000,23.200679000,0,18
1658137384.924919367,1785561935.118620396,3371,192749,199368,6673,0,72000,6809,1406,0.000000000,10.227974999,10.690826000,8.633553000,0.001173000,8.634726000,20.729706000,0,14
1658137385.024752855,1785561935.220788002,3372,199368,206796,7656,0,72000,7759,1136,0.000000000,11.635273000,12.048953000,8.647488000,0.001327000,8.648815000,22.029080000,0,11
1658137385.124830723,1785561935.313993931,3373,206679,212784,6164,0,72000,6301,1056,0.000000000,8.653138000,9.006227000,6.621803000,0.001199000,6.623002000,16.850114000,0,17
1658137385.224926233,1785561935.419839382,3374,212635,220779,8188,0,72000,8292,722,0.000000000,10.777576000,11.054306000,8.498204000,0.001213000,8.499417000,20.945458000,0,10
1658137385.324743986,1785561935.521629333,3375,214427,158877,6222,67959,72000,6278,666,0.000000000,12.435605000,12.951992000,8.422206000,1.763740000,10.185946000,24.456232000,0,15
1658137385.424827337,1785561935.648548841,3376,158758,167733,9052,0,72000,9135,879,0.000000000,11.866711000,12.200069000,8.086558000,0.000997000,8.087555000,23.882840000,0,18
1658137385.524911880,1785561935.715607643,3377,167733,173615,6018,0,72000,6096,1031,0.000000000,11.011675000,11.433492000,5.355650000,0.000720000,5.356370000,18.081338000,0,15
1658137385.624754906,1785561935.813905954,3378,173481,180043,6611,0,72000,6679,743,0.000000000,7.427168000,7.723331000,7.554994000,0.001256000,7.556250001,16.438659000,0,18
1658137385.724838734,1785561935.929693937,3379,166735,140379,8644,127444,72000,8780,1254,0.000000000,14.171631001,16.385909000,8.964352000,1.840512000,10.804864000,28.909871000,0,13
1658137385.824808598,1785561936.048746824,3380,60947,69139,8281,0,72000,8427,1325,0.000000000,11.718175000,12.708180000,8.118324000,0.001353000,8.119677000,24.251426000,0,18
1658137385.924910307,1785561936.120391130,3381,69139,76460,7560,0,72000,7713,1340,0.000000000,12.941347000,13.808080000,6.665162000,0.000490000,6.665652000,21.880369000,0,15
1658137386.024753332,1785561936.214674234,3382,76231,82856,6659,0,72000,6708,710,0.000000000,9.352741000,10.108120000,5.985406000,0.001335000,5.986741000,17.396823000,0,18
1658137386.124853611,1785561936.323758364,3383,82695,91770,9159,0,72000,9287,1581,0.000000000,12.057333000,13.647854000,7.755775000,0.001320000,7.757095000,23.063452000,0,11
1658137386.224810123,1785561936.420260191,3384,91657,99021,7422,0,72000,7612,1815,0.000000000,11.137086000,12.375962000,7.423967000,0.000894000,7.424861000,21.286260000,0,15
1658137386.324897289,1785561936.539600134,3385,98873,105771,6961,0,72000,7084,1231,0.000000000,9.102206000,10.045261000,5.801393000,0.001036000,5.802429000,17.303525000,0,17
1658137386.424734354,1785561936.645206451,3386,105516,113878,8436,0,72000,8594,1291,0.000000000,11.272199999,11.703823000,7.437706000,0.001158000,7.438864000,20.798734000,0,23
1658137386.524838209,1785561936.721104622,3387,113878,121750,8052,0,72000,8220,1328,0.000000000,12.857761999,13.827849000,6.626487000,0.000383000,6.626870000,21.922724000,0,12
1658137386.624813795,1785561936.815937042,3388,121576,128126,6597,0,72000,6714,1098,0.000000000,9.707086001,10.595024000,6.759247000,0.001046000,6.760293000,18.741316000,0,17
1658137386.724898815,1785561936.917402029,3389,127931,135438,7580,0,72000,7689,1116,0.000000000,9.781220000,10.699731000,7.098577000,0.000996000,7.099573000,19.306160000,0,18
1658137386.824748278,1785561937.064188719,3390,135296,141105,5862,0,72000,5976,1229,0.000000000,8.507859000,9.408668000,6.192016000,0.001067000,6.193083000,16.834263000,0,16
1658137386.924842834,1785561937.126372337,3391,141105,150594,9733,0,72000,9924,1496,0.000000000,13.138184000,14.525154000,8.976597000,0.000695000,8.977292001,25.070301000,0,16
1658137387.024933100,1785561937.213736534,3392,150594,156360,5960,0,72000,6062,1244,0.000000000,8.560670000,9.057453000,5.650874000,0.000485000,5.651359000,15.991006000,0,15
1658137387.124777794,1785561937.342992544,3393,156145,163357,7257,0,72000,7362,1154,0.000000000,9.167733001,9.901261000,8.836106000,0.000890000,8.836996000,20.136365000,0,17
1658137387.224866390,1785561937.413472652,3394,163357,169198,5873,0,72000,5946,743,0.000000000,9.419507000,9.716059000,5.574426000,0.000798000,5.575224000,16.576958000,0,16
1658137387.324835300,1785561937.552024126,3395,162340,159528,8221,17693,72000,8349,1038,0.000000000,12.738646000,13.146104000,10.908781000,1.222231000,12.131011999,26.916679000,0,10
1658137387.424923420,1785561937.619760752,3396,159528,166341,6848,0,72000,6966,1031,0.000000000,12.085524999,12.468155000,8.527440000,0.000826000,8.528266000,22.464480000,0,15
1658137387.524778843,1785561937.718025208,3397,166123,172831,6743,0,72000,6812,739,0.000000000,11.226009000,11.533790000,7.885487000,0.001043000,7.886530001,20.611308000,0,21
1658137387.624870539,1785561937.814045906,3398,168574,100475,5153,102061,72000,5230,714,0.000000000,7.761187000,8.082609000,6.309626000,0.881397000,7.191023000,16.543081000,0,12
1658137387.724820375,1785561937.912960768,3399,75481,81208,5766,0,72000,5825,594,0.000000000,7.915000000,8.161107000,4.923911000,0.001284000,4.925195000,16.469721000,0,13
1658137387.824926138,1785561938.015292168,3400,81141,87933,6833,0,72000,6941,967,0.000000000,9.238326999,9.586413000,6.614154000,0.001202000,6.615356000,17.560051000,0,10
1658137387.924766779,1785561938.146820068,3401,87822,95955,8157,0,72000,8243,998,0.000000000,11.933289000,12.293174000,8.246440000,0.001423000,8.247863000,22.088733000,0,15
1658137388.024854183,1785561938.215023756,3402,95955,101772,5970,0,72000,6069,886,0.000000000,10.866617000,11.351627000,5.911514000,0.000697000,5.912211000,18.488192000,0,4
1658137388.124823093,1785561938.314751148,3403,101663,108546,6940,6,72000,7056,883,0.000000000,9.211763000,9.541648000,6.029622000,0.004615000,6.034237000,16.814248000,0,13
1658137388.224903584,1785561938.457748890,3404,108296,119363,11133,170,72000,11199,741,0.000000000,16.574501999,16.886535000,11.258143000,0.176188000,11.434331000,30.349851000,0,12
1658137388.324766874,1785561938.523746967,3405,119363,126213,6881,0,72000,6953,1170,0.000000000,15.177442000,15.587981000,8.723393000,0.000442000,8.723835000,25.633196000,0,13
1658137388.424850941,1785561938.632878542,3406,126104,134778,8709,0,72000,8779,750,0.000000000,18.422672000,18.719091000,11.163230000,0.000916000,11.164146000,31.374427000,0,20
1658137388.524814367,1785561938.721208334,3407,134778,142390,7839,0,72000,7937,1031,0.000000000,13.359546000,13.955489000,7.259374000,0.000814000,7.260188000,22.679629000,0,18
1658137388.624896765,1785561938.816461325,3408,142302,149023,6745,0,72000,6856,1203,0.000000000,9.360164999,9.737683000,7.887059000,0.000808000,7.887867000,18.857170000,0,12
1658137388.724735975,1785561938.919440985,3409,148894,156241,7393,0,72000,7415,516,0.000000000,8.642739000,8.874810000,10.347703000,0.000883000,10.348586000,20.508717000,0,17
1658137388.824828625,1785561939.012508154,3410,156157,161871,5733,0,72000,5785,424,0.000000000,7.367570000,7.565970000,6.457386000,0.001209000,6.458595000,15.246597000,0,13
1658137388.924920797,1785561939.127397060,3411,161815,171338,9557,0,72000,9608,499,0.000000000,13.079462999,13.306697000,10.964607000,0.001076000,10.965683000,25.888748000,0,14
1658137389.024760008,1785561939.222921610,3412,171338,178620,7306,0,72000,7332,359,0.000000000,15.008283000,15.192621000,8.206664000,0.000744000,8.207408000,24.742550000,0,15
1658137389.124844074,1785561939.318056107,3413,178579,184656,6111,0,72000,6150,434,0.000000000,11.321939000,11.539455000,7.436995000,0.001053000,7.438048000,20.179969000,0,18
1658137389.224806070,1785561939.420538425,3414,184550,192309,7798,0,72000,7864,376,0.000000000,10.777517000,10.983167000,8.086479000,0.001159000,8.087638000,20.491944000,0,12
1658137389.324894190,1785561939.516503572,3415,106381,112565,6202,93987,72000,6249,379,0.000000000,8.759901999,8.967172000,6.827479000,2.230124000,9.057603000,19.390376000,0,15
1658137389.424741983,1785561939.635519743,3416,104380,113508,9161,0,72000,9192,361,0.000000000,13.596351000,13.818076000,14.750622000,0.001577000,14.752198999,35.276140000,0,21
1658137389.524838448,1785561939.741972923,3417,113447,120580,7147,0,72000,7182,361,0.000000000,10.016421000,10.203244000,7.058479000,0.001069000,7.059548000,18.664762000,0,17
1658137389.624813080,1785561939.812546968,3418,120527,126141,5647,0,72000,5661,142,0.000000000,8.099851000,8.351123000,5.505461000,0.000719000,5.506180000,15.388797000,0,14
1658137389.724900961,1785561939.916828156,3419,126081,132613,6550,0,72000,6565,182,0.000000000,8.860305000,8.999803000,7.001427000,0.001271000,7.002698000,17.186024000,0,11
1658137389.824722290,1785561940.015310526,3420,132579,139106,6557,0,72000,6593,385,0.000000000,10.398949999,10.573965000,6.095555000,0.000858000,6.096413000,17.833687000,0,15
1658137389.924811602,1785561940.118908644,3421,139070,147363,8319,0,72000,8338,165,0.000000000,11.392841000,11.530184000,6.192048000,0.000968000,6.193016000,19.101170000,0,14
1658137390.024903536,1785561940.216140509,3422,147312,154191,6898,0,72000,6916,308,0.000000000,9.921338000,10.096901000,6.435686000,0.000922000,6.436608000,17.736674000,0,12
1658137390.124746561,1785561940.320332766,3423,154156,162860,8732,0,72000,8747,211,0.000000000,12.509302000,12.685535000,6.828905000,0.000956000,6.829861000,21.000750000,0,16
1658137390.224846840,1785561940.415632725,3424,162209,168495,6305,32177,72000,6319,226,0.000000000,11.148466000,11.298329000,4.404396000,0.434082000,4.838478000,17.485932000,0,15
1658137390.324717522,1785561940.517911196,3425,136886,143863,6988,0,72000,7021,308,0.000000000,9.457434000,9.623943000,6.266240000,0.001145000,6.267385000,17.256793000,0,10
1658137390.424828768,1785561940.612433434,3426,143832,149707,5892,0,72000,5905,202,0.000000000,7.795252999,7.936713000,5.481532000,0.001272000,5.482804000,14.511799000,0,22
1658137390.524899483,1785561940.724565506,3427,149672,158661,9011,0,72000,9013,61,0.000000000,14.322832000,14.441197000,7.760136000,0.001299000,7.761435000,23.836761000,0,10
1658137390.624736786,1785561940.817207813,3428,158628,165010,6407,0,72000,6421,234,0.000000000,11.927988000,12.082060000,6.134069000,0.000812000,6.134881000,19.528646000,0,12
1658137390.724820137,1785561940.923479795,3429,164985,173073,8108,0,72000,8116,138,0.000000000,12.683672000,12.813449000,8.841558000,0.001079000,8.842637000,23.461854000,0,15
1658137390.824910641,1785561941.019703150,3430,173073,180857,7839,0,72000,7854,200,0.000000000,13.288283000,13.468891000,6.270088000,0.000711000,6.270799000,21.084408000,0,14
1658137390.924742222,1785561941.151065588,3431,169534,121698,8896,68023,72000,8900,71,0.000000000,14.224516000,14.355960000,8.225080000,1.350976000,9.576056000,25.517544000,0,11
1658137391.024837494,1785561941.227068186,3432,121698,129272,7585,0,72000,7596,122,0.000000000,15.593605000,15.717146000,8.394185000,0.000882000,8.395067000,29.041726000,0,12
1658137391.124923229,1785561941.328742981,3433,129239,136527,7295,0,72000,7296,65,0.000000000,20.712377000,20.866732000,8.489877000,0.001149000,8.491026000,30.577627000,0,2
1658137391.224771738,1785561941.440294743,3434,136482,142663,6198,0,72000,6209,161,0.000000000,10.260857000,10.387554000,6.398147000,0.001033000,6.399180000,17.816037000,0,18
1658137391.324823141,1785561941.517998934,3435,142658,149713,7064,0,72000,7068,72,0.000000000,10.592832000,10.692667000,7.634116000,0.001395000,7.635511000,19.548836000,0,7
1658137391.424909353,1785561941.622101307,3436,149698,157799,8109,0,72000,8109,42,0.000000000,13.757883000,14.017647000,6.694927000,0.000809000,6.695736000,22.045297000,0,10
1658137391.524749279,1785561941.750067711,3437,157789,166440,8675,0,72000,8684,117,0.000000000,15.984077000,16.110988000,8.058251000,0.000888000,8.059139000,25.717079000,0,21
1658137391.624836683,1785561941.819976091,3438,166440,172262,5849,0,72000,5855,75,0.000000000,12.451874000,12.558966000,8.877391000,0.000726000,8.878117000,22.737830000,0,16
1658137391.724807262,1785561941.916427374,3439,172234,179481,7259,0,72000,7265,102,0.000000000,9.977744999,10.079160000,5.754215000,0.000942000,5.755157000,17.104900000,0,19
1658137391.824895144,1785561942.020601511,3440,173745,180324,6598,59221,72000,6600,39,0.000000000,14.683281001,14.789551000,4.901880000,1.617504000,6.519384000,22.532640000,0,11
1658137391.924743176,1785561942.152101278,3441,126801,135856,9073,0,72000,9077,84,0.000000000,14.243417000,14.352940000,8.584076000,0.001181000,8.585257000,25.672330000,0,18
1658137392.024831057,1785561942.547982454,3442,135856,143058,7241,0,72000,7247,84,0.000000000,19.111375000,19.274962000,6.477955000,0.000740000,6.478695000,27.037427000,0,13
1658137392.124918222,1785561942.603074312,3443,143033,153957,10932,0,72000,10934,23,0.000000000,16.270954000,16.388720000,8.460887000,0.001216000,8.462103000,26.630454000,2,22
1658137392.224746943,1785561942.646868467,3444,153957,159260,5303,0,72000,10934,8820,0.000000000,18.817861999,20.941387000,16.016554000,0.000676000,16.017230000,38.039742000,1,22
1658137392.324818134,1785561942.692427874,3445,159260,163963,4703,0,72000,10934,8832,0.000000000,20.678573000,22.166450000,15.431529000,0.000859000,15.432388000,38.671743000,1,22
1658137392.424911261,1785561942.727095604,3446,158359,164710,6358,5635,72000,6384,263,0.000000000,15.658669000,15.793230000,9.382198000,2.184893000,11.567091000,28.634714000,0,10
1658137392.524753571,1785561942.766730070,3447,163555,169595,6051,48727,72000,6051,9,0.000000000,17.706265999,17.765752000,12.315393000,0.858522000,13.173915000,32.121847000,0,1
1658137392.624851704,1785561942.839534044,3448,169595,176465,6880,0,72000,6880,14,0.000000000,24.991114999,25.060487000,15.871328000,0.000454000,15.871782000,42.133046000,0,10
1658137392.724823952,1785561942.927922726,3449,176465,182614,6172,0,72000,6255,372,0.000000000,18.153698000,18.291013000,11.431552000,0.000691000,11.432243000,30.842492000,0,13
1658137392.824905634,1785561943.038653851,3450,182614,189772,7174,0,72000,7176,41,0.000000000,28.053735000,28.153634000,11.404157000,0.000795000,11.404952000,40.941594000,0,11
1658137392.924747467,1785561943.143438339,3451,189772,195576,5956,0,72000,5957,36,0.000000000,20.423982000,20.523031000,24.516072000,0.000676000,24.516748000,46.129612000,0,13
1658137393.024833441,1785561943.222903013,3452,195576,144997,7107,0,72000,7133,203,0.000000000,16.866273000,17.043861000,6.261471000,0.001296000,6.262767000,24.996341000,0,16
1658137393.124922037,1785561943.317738533,3453,144994,151882,6899,0,72000,6899,10,0.000000000,12.004799000,12.068822000,6.653109000,0.001146000,6.654254999,20.096995000,0,17
1658137393.224769354,1785561943.416315079,3454,144423,150061,5651,57051,72000,5672,251,0.000000000,10.730733000,10.888491000,5.853337000,1.351823000,7.205160000,19.348674000,0,17
1658137393.324895144,1785561943.517695904,3455,150045,156815,6785,0,72000,6811,200,0.000000000,10.908697999,11.054586000,7.912593000,0.001010000,7.913603000,20.229276000,0,12
1658137393.424736500,1785561943.612479210,3456,107146,112609,5477,0,72000,5497,231,0.000000000,10.086295000,10.225843000,4.364628000,0.001303000,4.365931000,16.043611000,0,19
1658137393.524825096,1785561943.718680143,3457,112562,120354,7801,0,72000,7805,87,0.000000000,11.886436000,11.998791000,7.029856000,0.001055000,7.030911000,20.331495000,0,24
1658137393.624924183,1785561943.853938103,3458,120321,129714,9405,0,72000,9406,41,0.000000000,16.889082000,17.031728000,9.943408000,0.000906000,9.944314000,28.613087000,0,17
1658137393.724764585,1785561943.920219898,3459,129714,136068,6362,0,72000,6364,35,0.000000000,15.252303000,15.346632000,6.682384000,0.000482000,6.682866001,23.212932000,0,17
1658137393.824857235,1785561944.055648804,3460,136058,145343,9299,0,72000,9299,30,0.000000000,15.133680000,15.237548000,11.157575000,0.001043000,11.158618000,27.874514000,0,17
1658137393.924833536,1785561944.152755499,3461,145343,154383,9079,46214,72000,9088,96,0.000000000,18.835159000,19.004650000,6.877675000,0.013261000,6.890936000,27.356656000,0,12
1658137394.024926662,1785561944.212335587,3462,154383,159655,5283,0,72000,5285,28,0.000000000,9.948335000,10.021307000,5.035017000,0.000962000,5.035979000,16.160522000,0,10
1658137394.124773264,1785561944.321823835,3463,159645,167212,7576,0,72000,7576,6,0.000000000,14.459901000,14.519415000,7.584227000,0.001117000,7.585344000,23.410962000,0,10
1658137394.224851608,1785561944.415228367,3464,167178,173546,6376,0,72000,6377,67,0.000000000,10.541035000,10.655122000,5.785667000,0.001078000,5.786745000,17.661582000,0,17
1658137394.324857235,1785561944.539064407,3465,173537,178682,5156,0,72000,5164,56,0.000000000,9.429174000,9.527560000,6.944776000,0.001014000,6.945790000,17.477627000,0,17
1658137394.424923658,1785561944.626921415,3466,132458,143118,10674,0,72000,10679,118,0.000000000,14.119215000,14.273938000,8.599754000,0.000800000,8.600554000,25.393556000,0,20
1658137394.524766922,1785561944.718750954,3467,143103,150056,6961,0,72000,6964,33,0.000000000,12.679208000,12.778694000,7.144589000,0.000965000,7.145554000,21.194619000,0,24
1658137394.624852180,1785561944.826985121,3468,141280,149369,8100,44594,72000,8100,5,0.000000000,17.876473999,17.962385000,7.114497000,1.668344000,8.782841000,28.470596000,0,10
1658137394.724817514,1785561944.911779165,3469,113521,118642,5126,0,72000,5127,36,0.000000000,9.163896000,9.260453000,4.737155000,0.001237000,4.738392000,15.598937000,0,15
1658137394.824898958,1785561945.019577503,3470,118633,125512,6883,0,72000,6883,10,0.000000000,12.515367001,12.581437000,7.667182000,0.001093000,7.668275000,21.456742000,0,18
1658137394.924732447,1785561945.116427422,3471,125505,132242,6743,0,72000,6745,15,0.000000000,11.650782000,11.724358000,5.518459000,0.001025000,5.519484000,18.435096000,0,17
1658137395.024830818,1785561945.217234612,3472,132235,138593,6367,0,72000,6368,17,0.000000000,10.667274000,10.753589000,7.725560000,0.001167000,7.726727000,19.557376000,0,15
1658137395.124919415,1785561945.323429585,3473,138586,147766,9195,0,72000,9195,16,0.000000000,14.329821001,14.412588000,7.435365000,0.001094000,7.436459000,23.313812000,0,17
1658137395.224759579,1785561945.423169136,3474,147758,154471,6722,0,72000,6727,114,0.000000000,15.601196000,15.710532000,7.029645000,0.000921000,7.030566000,24.223733000,0,16
1658137395.324840784,1785561945.532138586,3475,147173,148174,9285,52776,72000,9287,92,0.000000000,17.203501000,17.338429000,10.082028000,0.993302000,11.075330000,29.968095000,0,19
1658137395.424914122,1785561945.617238045,3476,148174,116932,5992,0,72000,5993,32,0.000000000,12.619101000,12.747925000,4.849844000,0.001545000,4.851389000,19.632604000,0,16
1658137395.524742126,1785561945.734125137,3477,116924,124613,7698,0,72000,7698,0,0.000000000,0.000000000,26.625263000,6.713851000,0.001056000,6.714907000,34.603111000,0,20
1658137395.624833584,1785561945.820019960,3478,124601,131721,7140,0,72000,7141,32,0.000000000,12.634802000,12.732078000,8.214730000,0.000760000,8.215490000,22.166100000,0,14
1658137395.724921703,1785561945.925261259,3479,131715,141526,9826,0,72000,9834,55,0.000000000,13.073948000,13.176970000,10.175430000,0.001035000,10.176465000,24.997939000,0,16
1658137395.824752331,1785561946.020721436,3480,141526,149363,7867,0,72000,7867,9,0.000000000,14.364612000,14.449851000,6.686681000,0.000656000,6.687337000,22.537254000,0,16
1658137395.924829483,1785561946.115631104,3481,149350,156235,6910,0,72000,6987,421,0.000000000,10.380933000,10.563876000,6.178199000,0.001245000,6.179444000,18.029211000,0,10
1658137396.024811745,1785561946.217709303,3482,154521,112080,7033,51166,72000,7035,54,0.000000000,9.975436000,10.087938000,7.134793000,1.011948000,8.146741000,19.490984000,0,19
1658137396.124894857,1785561946.315207005,3483,111991,118314,6333,0,72000,6334,21,0.000000000,8.929321000,9.029565000,5.057149000,0.001282000,5.058431000,16.025264000,0,20
1658137396.224726200,1785561946.420709372,3484,118300,126888,8608,0,72000,8623,177,0.000000000,11.573376000,11.689834000,7.782700000,0.001124000,7.783824000,21.033934000,0,17
1658137396.324858665,1785561946.525882483,3485,126876,137075,10252,0,72000,10295,502,0.000000000,13.969707000,14.147000000,9.095235000,0.001046000,9.096281000,24.865728000,0,15
1658137396.424817562,1785561946.616240501,3486,137029,142978,5975,0,72000,6048,1060,0.000000000,9.477577000,9.947517000,7.290608000,0.001183000,7.291791000,18.447129000,0,18
1658137396.524905920,1785561946.734680176,3487,105219,99595,11561,54836,72000,11577,241,0.000000000,16.831554000,17.051333000,9.899535000,3.086984000,12.986519000,32.133796000,0,22
1658137396.624761105,1785561946.824039459,3488,99595,106918,7363,0,72000,7400,466,0.000000000,13.301912000,13.474452000,9.467893000,0.000909000,9.468802000,25.298938000,0,14
1658137396.724861860,1785561946.914658785,3489,105308,107739,5214,4266,72000,5290,783,0.000000000,8.839708000,9.106144000,7.326454000,0.588171000,7.914625000,18.122769000,0,10
1658137396.824820042,1785561947.021778345,3490,107632,114602,7150,0,72000,7254,1171,0.000000000,9.169752000,9.543998000,12.704930000,0.001215000,12.706145000,23.653292000,0,14
1658137396.924897432,1785561947.117164850,3491,114602,122447,7888,0,72000,7963,618,0.000000000,9.255325000,9.464550000,7.634106000,0.001156000,7.635262000,18.472900000,0,11
1658137397.024731159,1785561947.220093012,3492,122387,129515,7186,0,72000,7456,2178,0.000000000,10.491114000,11.209318000,9.251556000,0.001176000,9.252732000,21.818094000,0,18
1658137397.124800205,1785561947.322507858,3493,129420,138009,8688,0,72000,8823,1518,0.000000000,9.761978000,10.271898000,10.271570000,0.001052000,10.272622000,22.200202000,0,7
1658137397.224895239,1785561947.418874741,3494,137716,144261,6622,0,72000,7024,1977,0.000000000,11.138988000,11.810019000,7.840864000,0.000788000,7.841652000,21.138065000,0,17
1658137397.324856520,1785561947.518276691,3495,144074,151501,7521,0,72000,7696,1254,0.000000000,11.277040000,11.667726000,6.976129000,0.000980000,6.977109000,20.049046000,0,16
1658137397.424835920,1785561947.614332676,3496,143245,148747,5558,48266,72000,5755,1486,0.000000000,7.720517000,8.207526000,7.281416000,0.965395000,8.246811000,17.657940000,0,11
1658137397.524923801,1785561947.714666843,3497,108168,114917,6800,0,72000,6970,1620,0.000000000,7.929093000,8.417185000,6.385540000,0.001243000,6.386783000,16.971378000,0,17
1658137397.624764442,1785561947.815447807,3498,114708,121996,7362,0,72000,7460,936,0.000000000,7.929826000,8.299884000,7.950973000,0.001029000,7.952002000,17.668754000,0,10
1658137397.724855661,1785561947.917557955,3499,121794,128500,6786,0,72000,7123,2365,0.000000000,9.315717000,9.986372000,7.794620000,0.000885000,7.795505000,19.037094000,0,17
1658137397.824923277,1785561948.011352777,3500,128347,133655,5357,0,72000,5468,769,0.000000000,7.098708000,7.484544000,5.680088000,0.001078000,5.681166000,14.452275000,0,11
1658137397.924762964,1785561948.113449335,3501,133295,138152,4886,0,72000,4997,898,0.000000000,6.852087000,7.162988000,8.163568000,0.000975000,8.164543000,16.355436000,0,17
1658137398.024868011,1785561948.207841873,3502,138024,142417,4420,0,72000,4448,512,0.000000000,6.152647999,6.341149000,4.561871000,0.001170000,4.563041000,11.809582000,0,17
1658137398.124709368,1785561948.311691523,3503,140439,137295,5226,58129,72000,5272,617,0.000000000,6.915623000,7.172419000,5.270694000,1.170611000,6.441305000,14.711503000,0,16
1658137398.224920988,1785561948.421776295,3504,61551,67878,6375,44527,72000,6457,1151,0.000000000,8.702876999,9.109440000,7.224768000,6.102089000,13.326857000,23.790095000,0,14
1658137398.324831247,1785561948.523178101,3505,51062,58788,7793,0,72000,7891,1159,0.000000000,10.717979999,11.137636000,9.006924000,0.001086000,9.008010000,24.628912000,0,17
1658137398.424921513,1785561948.617689848,3506,58691,65177,6574,0,72000,6889,1831,0.000000000,10.647174000,11.241165000,7.549238000,0.001036000,7.550274000,20.123703000,0,14
1658137398.524759054,1785561948.717845917,3507,65044,72457,7502,0,72000,7665,2001,0.000000000,9.254522000,9.848104000,7.883772000,0.000957000,7.884729000,19.188386000,0,24
1658137398.624834061,1785561948.843697548,3508,72089,79967,7951,0,72000,8188,2051,0.000000000,9.587162000,10.200372000,8.144017000,0.001151000,8.145167999,19.980731000,0,11
1658137398.724798918,1785561948.915522099,3509,79967,86059,6339,0,72000,6471,983,0.000000000,9.838496000,10.271114000,6.400000000,0.000586000,6.400586000,17.898478000,0,18
1658137398.824879646,1785561949.017961740,3510,85397,93672,8317,9962,72000,8432,1092,0.000000000,9.554593999,10.006798000,6.733902000,0.255521000,6.989423000,18.441191000,0,16
1658137398.924715996,1785561949.110377312,3511,93536,98797,5277,0,72000,5290,333,0.000000000,6.702849001,6.881918000,5.734450000,0.001229000,5.735679000,13.704520000,0,11
1658137399.024807692,1785561949.211296797,3512,98658,103893,5266,0,72000,5319,474,0.000000000,6.676116000,6.893244000,6.143631000,0.001019000,6.144650000,14.102698000,0,15
1658137399.124871016,1785561963.024519444,3513,94308,101036,6744,0,72000,6749,84,0.000000000,9.624638000,9.742680000,9.432441000,0.001018000,9.433458999,20.468079000,0,13
1658137410.924837589,1785561963.758622885,3514,100974,109050,8076,0,72000,8076,0,0.000000000,0.000000000,9.661671000,365.748111000,0.001181000,365.749292000,379.722135000,0,1
1658137411.624900103,1785561963.803877115,3515,109050,112701,3656,100951,72000,8076,5797,0.000000000,15.695101000,17.522240000,20.672540000,0.036227000,20.708767000,38.910317000,0,2
1658137411.724735022,1785561963.845344305,3516,112701,115431,2732,0,72000,8076,5782,0.000000000,17.813950000,19.889309000,15.125596000,0.000449000,15.126045000,35.890378000,0,3
1658137411.824841499,1785561963.886703014,3517,115431,117885,2457,0,72000,8076,5790,0.000000000,18.414770000,20.366072000,14.196535000,0.000252000,14.196787000,35.323910000,0,4
1658137411.924931526,1785561963.928513527,3518,117885,120283,2401,0,72000,8076,5793,0.000000000,19.014530001,20.943765000,14.558750000,0.000286000,14.559036000,36.276366000,0,5
1658137412.024765730,1785561963.968757153,3519,120283,122615,2334,0,72000,8076,5804,0.000000000,18.607636001,20.459966000,13.131029000,0.000260000,13.131289000,34.237328000,0,6
1658137412.124844551,1785561964.008026600,3520,122615,124892,2279,0,72000,8076,5799,0.000000000,18.285445000,19.812116000,13.242969000,0.000230000,13.243199000,33.781585000,0,7
1658137412.224805355,1785561964.048305035,3521,124892,127140,2250,0,72000,8076,5802,0.000000000,19.220237000,21.236132000,12.560152000,0.000285000,12.560437000,34.526075000,0,8
1658137412.324904680,1785561964.088896990,3522,127140,129338,2200,0,72000,8076,5801,0.000000000,19.492104000,21.356360000,12.876665000,0.000266000,12.876931000,34.925796000,0,9
1658137412.424756765,1785561964.129146338,3523,129338,131522,2186,0,72000,8076,5804,0.000000000,19.115391000,20.704079000,13.166480000,0.000306000,13.166786000,34.700369000,0,10
1658137412.524842501,1785561964.168948889,3524,131522,133680,2160,0,72000,8076,5803,0.000000000,19.053174000,20.007038000,12.935374000,0.000278000,12.935652001,33.741479000,0,11
1658137412.624818087,1785561964.211319208,3525,133680,135831,2153,0,72000,8076,5803,0.000000000,19.620486000,21.006958000,14.183261000,0.000268000,14.183529000,35.891907000,0,12
1658137412.724917650,1785561964.255612373,3526,135831,137986,2157,0,72000,8076,5803,0.000000000,21.494474000,22.685221000,14.344425000,0.000301000,14.344726000,37.842560000,0,13
1658137412.824739695,1785561964.302665472,3527,137986,140133,2149,0,72000,8076,5803,0.000000000,24.809341000,26.344161000,14.027210000,0.000298000,14.027508000,41.102850000,0,14
1658137412.924821615,1785561964.358294010,3528,140133,142256,2125,0,72000,8076,5805,0.000000000,24.304930000,25.575953000,22.897122000,0.000382000,22.897504000,49.307027000,0,15
1658137413.024918318,1785561964.403881550,3529,142256,144391,2137,0,72000,8076,5806,0.000000000,22.247669001,23.717153000,14.419205000,0.000284000,14.419489000,39.022236000,0,16
1658137413.124765635,1785561964.445739031,3530,144391,146535,2146,0,72000,8076,5808,0.000000000,20.013887000,20.999584000,13.718638000,0.000303000,13.718941000,35.418945000,0,17
1658137413.224853516,1785561964.487731934,3531,146535,148679,2146,0,72000,8076,5807,0.000000000,20.509544000,21.491873000,13.948448000,0.000306000,13.948754000,36.089623000,0,18
1658137413.324824333,1785561964.595642328,3532,148679,156494,7815,0,72000,7815,0,0.000000000,0.000000000,55.035835000,42.732645000,0.000259000,42.732904000,98.983496000,0,18
1658137413.424907684,1785561964.684468031,3533,156494,160210,3716,0,72000,7815,5660,0.000000000,30.407842000,32.312820000,49.352610000,0.000483000,49.353093001,82.518260000,0,19
1658137413.524732351,1785561964.772159338,3534,160210,163324,3114,0,72000,7815,5696,0.000000000,36.428352000,38.811452000,42.090597000,0.000252000,42.090849000,81.898181000,0,20
1658137413.624819994,1785561964.852483988,3535,163324,165671,2347,0,72000,7815,5701,0.000000000,37.008160000,38.420200000,33.647222000,0.000401000,33.647623000,73.193995000,0,21
1658137413.724891663,1785561964.989321470,3536,165671,173733,8062,0,72000,8062,0,0.000000000,0.000000000,81.917101000,40.889409000,0.000248000,40.889657000,124.168975000,0,19
1658137413.824727058,1785561965.173890352,3537,173733,182323,8592,0,72000,8592,0,0.000000000,0.000000000,135.642509000,34.480949000,0.000414000,34.481363000,171.526535000,0,18
1658137413.924931526,1785561965.231151342,3538,182323,189448,7129,0,72000,7129,17,0.000000000,27.562763000,27.639571000,18.525952000,0.000554000,18.526506000,47.370660000,0,16
1658137414.024765730,1785561965.282023430,3539,189448,194708,5261,0,72000,5262,3,0.000000000,25.599750000,25.678275000,13.699894000,0.000411000,13.700305000,40.741478000,0,15
1658137414.124835491,1785561965.369060755,3540,194708,201873,7174,0,72000,7174,8,0.000000000,53.605784000,53.691779000,21.376042000,0.000474000,21.376516000,76.553977000,0,13
1658137414.224924088,1785561965.503532887,3541,201873,208505,6635,0,72000,6635,0,0.000000000,0.000000000,104.605658000,18.463023000,0.000446000,18.463469000,124.186631000,0,13
1658137414.324728489,1785561965.622611046,3542,208505,216536,8032,0,72000,8032,0,0.000000000,0.000000000,77.790738000,26.460406000,0.000554000,26.460960000,105.862516000,0,12
1658137414.424932241,1785561965.754309416,3543,216536,225869,9335,0,72000,9335,0,0.000000000,0.000000000,77.857847000,38.503277000,0.000479000,38.503756000,117.930640000,0,11
1658137414.524779081,1785561965.867240667,3544,225869,232479,6610,0,72000,6613,26,0.000000000,73.378891000,73.472987000,28.444256000,0.000542000,28.444798000,103.140945000,0,11
1658137414.624868393,1785561965.937191963,3545,232479,239582,7107,0,72000,7107,0,0.000000000,13.547184999,26.425340000,32.580972000,0.000364000,32.581336000,60.288087000,0,11
1658137414.724821329,1785561966.105500221,3546,239582,246154,8043,0,72000,8043,0,0.000000000,0.000000000,101.260155000,54.546275000,0.000725000,54.547000000,157.172589000,0,11
1658137414.824915409,1785561966.201267481,3547,246154,105071,7577,0,72000,7577,0,0.000000000,0.000000000,68.938616000,9.817432000,0.000884000,9.818316000,83.764218000,0,10
1658137414.924754381,1785561966.243274689,3548,105071,108582,3633,0,72000,7577,5840,0.000000000,16.513659000,18.754579000,14.399205000,0.000535000,14.399740000,34.280297000,0,11
1658137415.024844885,1785561966.283660650,3549,108582,111260,2935,0,72000,7577,5849,0.000000000,17.998424000,19.838096000,12.301979000,0.000483000,12.302462000,33.170434000,0,12
1658137415.124922991,1785561966.332621336,3550,111260,116168,4912,0,72000,4917,69,0.000000000,34.097176001,34.254670000,5.082699000,0.000343000,5.083042000,40.426580000,0,11
1658137415.224771023,1785561966.404530287,3551,116168,123495,7330,0,72000,7330,0,0.000000000,0.000000000,43.414699000,15.089795000,0.000303000,15.090098000,59.951926000,0,11
1658137415.324899435,1785561966.471782923,3552,123495,130573,7084,0,72000,7087,15,0.000000000,39.444069000,39.540715000,14.061171000,0.000677000,14.061848000,54.905864000,0,11
1658137415.424732208,1785561966.524150848,3553,130573,137199,6631,0,72000,6632,4,0.000000000,25.570303999,25.630022000,13.535215000,0.000562000,13.535777000,40.671038000,0,11
1658137415.524830818,1785561966.587950945,3554,137199,145404,8212,0,72000,8213,6,0.000000000,16.743353000,16.804699000,30.765533000,0.000424000,30.765957000,48.910975000,0,11
1658137415.624915123,1785561966.644331217,3555,145404,150836,5436,0,72000,5436,0,0.000000000,0.000000000,26.499819000,18.729392000,0.000677000,18.730069000,46.364882000,0,11
1658137415.724753141,1785561966.724715233,3556,150836,159990,9164,0,72000,9172,16,0.000000000,25.973136999,26.050905000,36.180303000,0.000600000,36.180903000,63.791514000,0,11
1658137415.824836969,1785561966.796534538,3557,159990,167747,7764,0,72000,7766,20,0.000000000,21.925119000,22.003145000,35.573410000,0.000531000,35.573941000,58.854791000,0,11
1658137415.924797773,1785561966.873946667,3558,167747,171477,3730,0,72000,7766,5669,0.000000000,23.282747000,24.810696000,44.295600000,0.000351000,44.295951000,70.087229000,0,12
1658137416.024892569,1785561966.956569672,3559,171477,178280,6809,0,72000,6814,55,0.000000000,25.805257000,25.889741000,42.013680000,0.000426000,42.014106000,69.061733000,0,12
1658137416.124742746,1785561967.078197956,3560,178280,186120,7840,0,72000,7840,0,0.000000000,0.000000000,49.609511000,54.980368000,0.000445000,54.980813000,106.083582000,0,11
1658137416.224834204,1785561967.174990416,3561,186120,192991,6875,0,72000,6875,16,0.000000000,27.767606000,27.839807000,52.120829000,0.000506000,52.121335000,81.204411000,0,10
1658137416.324915171,1785561967.287995100,3562,192991,201002,8023,0,72000,8030,89,0.000000000,38.886467000,39.022669000,57.603932000,0.000465000,57.604397000,97.957745000,0,9
1658137416.424757004,1785561967.374903440,3563,201002,207037,6045,0,72000,6053,77,0.000000000,26.787010001,26.891077000,45.672950000,0.000292000,45.673242000,73.640859000,0,9
1658137416.524830580,1785561967.476263523,3564,207037,214728,7709,0,72000,7751,414,0.000000000,27.395191000,27.610935000,59.179202000,0.000292000,59.179494000,88.192632000,0,8
1658137416.624911785,1785561967.590969563,3565,214728,222720,8034,0,72000,8151,867,0.000000000,29.573828000,30.031858000,67.879228000,0.000635000,67.879863000,99.424625000,0,8
1658137416.724748135,1785561967.699305058,3566,222720,229845,7155,0,72000,7208,404,0.000000000,28.330073000,28.510482000,66.471755000,0.000799000,66.472554000,96.177106000,0,8
1658137416.824831009,1785561967.808083534,3567,229845,235768,5942,0,72000,5956,116,0.000000000,36.637432000,36.755705000,60.271014000,0.000349000,60.271363000,98.127181000,0,7
1658137416.924911261,1785561967.913037777,3568,235768,238648,2880,0,72000,5956,3606,0.000000000,29.455078000,30.742836000,67.877677000,0.000648000,67.878325000,99.380192000,0,8
1658137417.024756670,1785561968.065465689,3569,238648,247129,8509,0,72000,8564,526,0.000000000,42.071585000,42.288990000,96.307834000,0.000509000,96.308343000,140.057199000,0,8
1658137417.124838591,1785561968.202531815,3570,247129,253315,6189,0,72000,6189,0,0.000000000,0.000000000,50.635525000,75.117719000,0.000379000,75.118098000,126.774598000,0,8
1658137417.224931002,1785561968.341140509,3571,253315,260108,6811,0,72000,6813,25,0.000000000,40.934906000,41.028790000,86.300883000,0.000319000,86.301202000,128.540587000,0,8
1658137417.324898958,1785561968.478040695,3572,260108,266646,6549,0,72000,6559,57,0.000000000,40.604553000,40.711702000,84.835310000,0.000495000,84.835805000,126.649272000,0,8
1658137417.424731255,1785561968.652546644,3573,266646,275842,9199,0,72000,9199,0,0.000000000,29.504869000,29.665088000,129.861348000,0.000447000,129.861795000,161.168437000,0,8
1658137417.524814367,1785561968.823418617,3574,275842,283564,7733,0,72000,7733,17,0.000000000,48.555028000,48.622892000,110.093005000,0.000677000,110.093682000,159.966159000,0,8
1658137417.624918461,1785561968.959747314,3575,283564,289855,6296,0,72000,6297,2,0.000000000,37.187452000,37.284908000,86.722411000,0.000391000,86.722802000,125.076611000,0,8
1658137417.724767685,1785561969.192434788,3576,289855,297347,7501,0,72000,7501,0,0.000000000,0.000000000,111.818262000,106.207768000,0.000361000,106.208129000,219.254604000,0,8
1658137417.824853182,1785561969.401471138,3577,297347,304663,7329,0,72000,7329,0,0.000000000,0.000000000,100.285618000,94.994759000,0.000344000,94.995103000,196.624921000,0,8
1658137417.924814939,1785561969.571653605,3578,304663,308113,3450,0,72000,7329,5356,0.000000000,46.927370001,48.293103000,113.391544000,0.000379000,113.391923000,162.641547000,0,9
1658137418.024910927,1785561969.774924278,3579,308113,314675,6567,0,72000,6569,0,0.000000000,0.000000000,93.422320000,98.158951000,0.000460000,98.159411000,192.600976000,0,9
1658137418.124762297,1785561970.015097618,3580,314675,322934,8263,0,72000,8263,0,0.000000000,0.000000000,108.865473000,116.622529000,0.000686000,116.623215000,226.819702000,0,9
1658137418.224847317,1785561970.166408300,3581,322934,329030,6099,0,72000,6099,10,0.000000000,47.877992001,47.970148000,92.502788000,0.000508000,92.503296000,141.500885000,0,9
1658137418.324804306,1785561970.313994646,3582,329030,332086,3056,0,72000,6099,3953,0.000000000,38.729383999,39.657205000,101.876703000,0.000378000,101.877081000,142.292058000,0,10
1658137418.424878359,1785561970.553545475,3583,332086,338431,6349,0,72000,6349,0,0.000000000,0.000000000,131.820303000,97.551356000,0.000477000,97.551833000,230.374368000,0,10
1658137418.524708033,1785561970.879842281,3584,338431,345561,7130,0,72000,7130,0,0.000000000,0.000000000,197.663024000,114.925569000,0.000637000,114.926206000,313.710815000,0,10
1658137418.724776983,1785561971.329476833,3585,345561,353719,8159,0,72000,8159,0,0.000000000,0.000000000,301.954648000,133.918020000,0.000414000,133.918434000,437.338094000,0,10
1658137419.224822044,1785561971.726252794,3586,353719,360491,6772,0,72000,6772,0,0.000000000,0.000000000,274.460987000,110.853814000,0.000557000,110.854371000,386.379459000,0,9
1658137419.624898672,1785561972.008477211,3587,360491,369227,8736,0,72000,8736,0,0.000000000,0.000000000,119.812865000,147.277756000,0.000348000,147.278104001,268.706572000,0,8
1658137419.924917459,1785561972.308817863,3588,369227,376683,7456,0,72000,7456,0,0.000000000,0.000000000,159.808255000,128.083762000,0.000488000,128.084250000,289.153232000,0,7
1658137420.224817038,1785561972.551115990,3589,376683,384407,7724,0,72000,7724,0,0.000000000,0.000000000,93.923387000,135.769920000,0.000493000,135.770413001,230.884536000,0,6
1658137420.424776554,1785561972.875752926,3590,384407,392578,8173,0,72000,8173,0,0.000000000,0.000000000,171.828824000,140.330192000,0.000474000,140.330666000,313.402275000,0,6
1658137420.724885941,1785561973.106924772,3591,392578,396580,4002,0,72000,8173,5612,0.000000000,69.008992001,71.004802000,152.496539000,0.000502000,152.497041001,224.389824000,0,7
1658137421.024888515,1785561973.292935610,3592,396580,402522,5945,0,72000,5945,0,0.000000000,0.000000000,77.984755000,98.322626000,0.000465000,98.323091000,177.447873000,0,7
1658137421.224810123,1785561973.511494637,3593,402522,409305,6783,0,72000,6783,0,0.000000000,0.000000000,87.590823000,120.510143000,0.000305000,120.510448000,209.334721000,0,7
1658137421.424742222,1785561973.721103191,3594,409305,412598,3293,0,72000,6783,3840,0.000000000,63.871890000,64.794264000,137.866921000,0.000537000,137.867458000,203.517200000,0,8
1658137421.624911308,1785561973.898676634,3595,412598,419752,7163,0,72000,7163,0,0.000000000,0.000000000,96.030086000,68.889121000,0.000327000,68.889448000,166.036409000,0,8
1658137421.824852467,1785561973.948884726,3596,419752,423197,3445,0,72000,7163,3827,0.000000000,11.533900000,12.458565000,31.175470000,0.001027000,31.176497000,44.480722000,0,9
1658137421.924821615,1785561973.997046947,3597,423197,430565,7368,0,72000,7368,0,0.000000000,0.000000000,18.911800000,18.037194000,0.001095000,18.038288999,38.112124000,0,9
1658137422.024930477,1785561974.056898832,3598,430565,434152,3587,0,72000,7368,4143,0.000000000,23.501515001,24.864194000,28.351155000,0.000895000,28.352050000,54.078458000,0,10
1658137422.124773264,1785561974.133870363,3599,434152,437074,2922,0,72000,7368,4126,0.000000000,25.984681000,26.998201000,43.774801000,0.000686000,43.775487000,71.631040000,0,11
1658137422.224860191,1785561974.224946737,3600,437074,446407,9333,0,72000,9333,0,0.000000000,0.000000000,27.319512000,50.286126000,0.000754000,50.286880000,79.063456000,0,11
1658137422.324852467,1785561974.348381281,3601,446407,450964,4557,0,72000,9333,5342,0.000000000,41.204143999,43.901956000,71.602496000,0.000609000,71.603105000,116.977258000,0,12
1658137422.424820423,1785561974.447194576,3602,450964,454650,3686,0,72000,9333,5365,0.000000000,32.872969000,34.271176000,56.542511000,0.000830000,56.543341000,91.962327000,0,13
1658137422.524907827,1785561974.516649723,3603,419789,461669,7019,0,72000,7019,0,0.000000000,0.000000000,28.120442000,29.497259000,0.001030000,29.498289000,59.098717000,0,13
1658137422.624749422,1785561974.592440367,3604,461669,465115,3446,0,72000,7019,3641,0.000000000,23.450710000,24.719034000,43.749336000,0.000512000,43.749848000,69.293450000,0,14
1658137422.724838495,1785561974.657419205,3605,465115,472189,7074,0,72000,7074,0,0.000000000,0.000000000,24.788157000,29.169433000,0.011214000,29.180647000,55.115083000,0,14
1658137422.824928761,1785561974.728806734,3606,472189,475499,3310,0,72000,7074,3917,0.000000000,22.402331000,23.428400000,41.583410000,0.000787000,41.584197000,65.849702000,0,15
1658137422.924781799,1785561974.799374580,3607,475499,478217,2718,0,72000,7074,3935,0.000000000,25.347747000,26.923785000,36.250216000,0.000685000,36.250901000,64.069434000,0,16
1658137423.024873734,1785561974.883054495,3608,478217,486258,8041,0,72000,8041,0,0.000000000,0.000000000,36.664942000,34.282399000,0.000543000,34.282942000,72.205370000,0,16
1658137423.124710798,1785561974.972883224,3609,486258,490121,3865,0,72000,8041,4651,0.000000000,27.524591000,29.043328000,53.853816000,0.000779000,53.854595000,83.989444000,0,17
1658137423.224931002,1785561975.082100391,3610,490121,498514,8393,0,72000,8393,0,0.000000000,0.000000000,47.347940000,50.030054000,0.002508000,50.032562000,98.666395000,0,17
1658137423.324851751,1785561975.194631577,3611,498514,502558,4045,0,72000,8393,5191,0.000000000,36.020073000,37.714389000,67.909635000,0.000718000,67.910353000,106.667536000,0,18
1658137423.424826622,1785561975.344219685,3612,502558,510685,8127,0,72000,8127,0,0.000000000,0.000000000,95.734533000,41.920781000,0.000589000,41.921370000,138.873889000,0,18
1658137423.524926424,1785561975.435534477,3613,510685,514658,3974,0,72000,8127,4926,0.000000000,26.268751000,27.624291000,56.524328000,0.000584000,56.524912000,85.162261000,0,19
1658137423.624753237,1785561975.538804293,3614,514658,522585,7927,0,72000,7927,0,0.000000000,0.000000000,48.740938000,43.271344000,0.000990000,43.272334000,93.216576000,0,19
1658137423.724839449,1785561975.635119677,3615,522585,526443,3858,0,72000,7927,4474,0.000000000,26.445934001,27.961687000,60.843266000,0.000700000,60.843966000,89.709841000,0,20
1658137423.824925184,1785561975.739388227,3616,526443,533941,7498,0,72000,7498,0,0.000000000,0.000000000,44.777077000,48.957357000,0.002617000,48.959974000,94.922743000,0,19
1658137423.924770117,1785561975.832923651,3617,533941,540761,6825,0,72000,6825,10,0.000000000,38.881520000,38.996379000,44.458522000,0.000736000,44.459258000,84.580981000,0,18
1658137424.024863958,1785561975.953604698,3618,540761,548452,7699,0,72000,7699,0,0.000000000,0.000000000,58.109995000,51.662378000,0.000738000,51.663116000,111.069957000,0,18
1658137424.124819756,1785561976.039849997,3619,548452,555350,6900,0,72000,6900,11,0.000000000,29.344642000,29.410727000,45.981315000,0.000610000,45.981925000,76.558325000,0,18
1658137424.224903584,1785561976.128131866,3620,555350,558747,3400,0,72000,6900,3529,0.000000000,23.854107000,24.843126000,56.997348000,0.000593000,56.997941000,82.649560000,0,19
1658137424.324810266,1785561976.234137297,3621,558747,567350,8605,0,72000,8607,49,0.000000000,28.213387000,28.313833000,65.129646000,0.000889000,65.130535000,94.738304000,0,18
1658137424.424899101,1785561976.328255415,3622,567350,574199,6853,0,72000,6853,28,0.000000000,30.376658000,30.460537000,53.709969000,0.000667000,53.710635999,85.217626000,0,18
1658137424.524747372,1785561976.412271976,3623,574199,580579,6390,0,72000,6399,75,0.000000000,21.542361001,21.650278000,52.426528000,0.000754000,52.427282000,75.187226000,0,18
1658137424.624831200,1785561976.531326532,3624,580579,589216,8656,0,72000,8662,73,0.000000000,30.658740000,30.764223000,76.457992000,0.002388000,76.460380000,108.562899000,0,17
1658137424.724927664,1785561976.637454033,3625,589216,596008,6823,0,72000,6852,354,0.000000000,28.078595999,28.252186000,67.440566000,0.000614000,67.441180000,96.878774000,0,17
1658137424.824766874,1785561976.753120422,3626,596008,602919,6922,0,72000,6941,213,0.000000000,30.589515000,30.726674000,73.685256000,0.002343000,73.687599000,105.711817000,0,17
1658137424.924857378,1785561976.891575098,3627,602919,611109,8210,0,72000,8216,77,0.000000000,36.514067000,36.621652000,88.822638000,0.000765000,88.823403000,126.691021000,0,17
1658137425.024819136,1785561977.010369301,3628,611109,617716,6617,0,72000,6624,76,0.000000000,33.287765000,33.396508000,76.466602000,0.000750000,76.467352000,110.960735000,0,17
1658137425.124912500,1785561977.152823925,3629,617716,624926,7218,0,72000,7225,40,0.000000000,43.422854000,43.523733000,88.622390000,0.000623000,88.623013000,133.291629000,0,17
1658137425.224739075,1785561977.317474127,3630,624926,633134,8221,0,72000,8232,89,0.000000000,47.834914999,47.940908000,104.677082000,0.000861000,104.677943000,154.033198000,0,17
1658137425.324902773,1785561977.463954687,3631,633134,640190,7063,0,72000,7066,14,0.000000000,40.771470000,40.860013000,95.667740000,0.000695000,95.668435000,137.698699000,0,17
1658137425.424747944,1785561977.603205204,3632,640190,646771,6582,0,72000,6582,2,0.000000000,38.391205000,38.450693000,90.594151000,0.000712000,90.594863000,130.177751000,0,17
1658137425.524838924,1785561977.791417599,3633,646771,655329,8565,0,72000,8566,6,0.000000000,52.265071000,52.322932000,123.068676000,0.000630000,123.069306000,176.691359000,0,17
1658137425.724759579,1785561977.972849369,3634,655329,661838,6509,0,72000,6509,0,0.000000000,0.000000000,77.758887000,93.809194000,0.000602000,93.809796000,172.626865000,0,16
1658137425.824857950,1785561978.140700817,3635,661838,669540,7704,0,72000,7704,1,0.000000000,44.868433000,44.917809000,112.232630000,0.000597000,112.233227000,158.544484000,0,16
1658137426.024907589,1785561978.412859440,3636,669540,678077,8537,0,72000,8537,0,0.000000000,0.000000000,130.288191000,129.190047000,0.000543000,129.190590000,260.757965000,0,15
1658137426.324910402,1785561978.661474228,3637,678077,685369,7292,0,72000,7292,0,0.000000000,0.000000000,123.523353000,114.308947000,0.000871000,114.309818000,239.269902000,0,13
1658137426.524843931,1785561978.880719185,3638,685369,691946,6577,0,72000,6577,0,0.000000000,0.000000000,108.939093000,99.990665000,0.000635000,99.991300000,209.921813000,0,12
1658137426.724890947,1785561979.116944075,3639,691946,699725,7782,0,72000,7782,0,0.000000000,0.000000000,104.416646000,120.698614000,0.000779000,120.699393000,226.295156000,0,12
1658137427.024893761,1785561979.326845646,3640,699725,706952,7227,0,72000,7227,0,0.000000000,0.000000000,85.809159000,113.026956000,0.000828000,113.027784000,199.910503000,0,10
1658137427.224811792,1785561979.540111542,3641,706952,714694,7745,0,72000,7745,0,0.000000000,26.387680000,78.704794000,123.079008000,0.000656000,123.079664000,202.900593000,0,10
1658137427.424718380,1785561979.757546663,3642,714694,722168,7477,0,72000,7477,0,0.000000000,0.000000000,86.542308000,118.658330000,0.000751000,118.659081000,206.742652000,0,10
1658137427.624774694,1785561979.962419271,3643,722168,729214,7047,0,72000,7047,0,0.000000000,0.000000000,80.528500000,113.187829000,0.000932000,113.188760999,195.141379000,0,10
1658137427.824709415,1785561980.170089006,3644,729214,736495,7283,0,72000,7283,0,0.000000000,0.000000000,77.826235000,116.040032000,0.000993000,116.041025000,195.165701000,0,10
1658137428.024752617,1785561980.378048658,3645,736495,743921,7426,0,72000,7426,0,0.000000000,0.000000000,76.173063000,120.900001000,0.000928000,120.900929000,198.249311000,0,9
1658137428.224811792,1785561980.548743248,3646,743921,747514,3593,0,72000,7426,3619,0.000000000,52.006556000,52.876509000,110.604623000,0.000912000,110.605535000,164.428050000,0,10
1658137428.424721479,1785561980.736319542,3647,747514,754998,7494,0,72000,7497,11,0.000000000,54.719082000,54.784959000,122.682817000,0.000771000,122.683588000,178.612041000,0,10
1658137428.624890566,1785561980.986765862,3648,754998,763347,8349,0,72000,8349,0,0.000000000,0.000000000,88.488599000,148.513779000,0.000823000,148.514602000,238.237743000,0,10
1658137428.924910069,1785561981.179627180,3649,763347,771438,8096,0,72000,8096,0,0.000000000,23.756898000,45.597466000,135.098414000,0.000598000,135.099012000,181.934845000,0,10
1658137429.024739027,1785561981.398476601,3650,771438,778860,7422,0,72000,7422,0,0.000000000,0.000000000,82.399606000,124.678950000,0.000836000,124.679785999,208.283916000,0,10
1658137429.324777365,1785561981.589232922,3651,778860,786309,7457,0,72000,7465,137,0.000000000,52.245382999,52.404952000,124.981027000,0.000799000,124.981826000,178.620443000,0,10
1658137429.524725437,1785561981.805977106,3652,786309,793574,7265,0,72000,7265,0,0.000000000,0.000000000,85.396683000,119.384881000,0.000900000,119.385781000,206.000439000,0,10
1658137429.724913359,1785561982.038414240,3653,793574,801264,7691,0,72000,7691,0,0.000000000,0.000000000,87.815948000,131.714111000,0.000907000,131.715018000,220.692118000,0,10
1658137429.924830198,1785561982.262031317,3654,801264,808530,7266,0,72000,7266,0,0.000000000,0.000000000,85.967639000,126.360074000,0.000704000,126.360778000,213.424918000,0,10
1658137430.124753714,1785561982.518834114,3655,808530,816620,8090,0,72000,8090,0,0.000000000,0.000000000,102.151777000,141.284005000,0.000652000,141.284657000,244.691756000,0,10
1658137430.424736738,1785561982.752178192,3656,816620,823677,7057,0,72000,7057,0,0.000000000,0.000000000,96.613604000,126.405867000,0.000729000,126.406596000,224.068877000,0,9
1658137430.624909878,1785561982.948632479,3657,823677,830740,7065,0,72000,7066,10,0.000000000,61.659314000,61.720574000,124.471013000,0.000775000,124.471788000,187.248045000,0,9
1658137430.824845791,1785561983.130982637,3658,830740,834236,3496,0,72000,7066,3381,0.000000000,57.302712000,58.145724000,117.334995000,0.000924000,117.335919000,176.346899000,0,10
1658137431.024908304,1785561983.453540802,3659,834236,419789,7954,0,72000,7954,0,0.000000000,0.000000000,134.945056000,171.918914000,0.000480000,171.919394000,308.057934000,0,10
1658137431.324870110,1785561983.765793800,3660,842190,850004,7814,0,72000,7814,0,0.000000000,0.000000000,125.001841000,168.126429000,0.000699000,168.127128000,294.398055000,0,9
1658137431.624771118,1785561984.030053139,3661,850004,857213,7219,0,72000,7221,114,0.000000000,69.422857001,69.548074000,172.780814000,0.000576000,172.781390000,243.620996000,0,9
1658137431.924820423,1785561984.296999454,3662,857213,864022,6809,0,72000,6809,0,0.000000000,0.000000000,109.401584000,140.810416000,0.000988000,140.811404000,251.305925000,0,8
1658137432.224870920,1785561984.491788864,3663,864022,870204,6188,0,72000,6195,77,0.000000000,56.080064000,56.188231000,123.822053000,0.000821000,123.822874000,181.028237000,0,8
1658137432.424855232,1785561984.766327858,3664,870204,877441,7237,0,72000,7237,0,0.000000000,0.000000000,111.599796000,146.816357000,0.000837000,146.817194001,259.653220000,0,8
1658137432.624902487,1785561985.058861494,3665,877441,884628,7187,0,72000,7187,0,0.000000000,0.000000000,128.613088000,148.601371000,0.000654000,148.602025000,278.291838000,0,8
1658137432.924923658,1785561985.366822958,3666,884628,891790,7162,0,72000,7162,0,0.000000000,0.000000000,140.184470000,152.694102000,0.000725000,152.694827000,293.925618000,0,8
1658137433.224929810,1785561985.687768459,3667,891790,899350,7560,0,72000,7560,0,0.000000000,0.000000000,149.994548000,154.576914000,0.000703000,154.577617000,305.680089000,0,8
1658137433.624924898,1785561985.998493671,3668,899350,906623,7273,0,72000,7273,0,0.000000000,0.000000000,148.679567000,147.641968000,0.000678000,147.642646000,297.365189000,0,8
1658137433.924827099,1785561986.325395346,3669,906623,914711,8088,0,72000,8088,0,0.000000000,0.000000000,143.153952000,167.554577000,0.000561000,167.555138000,311.835582000,0,7
1658137434.224866629,1785561986.617892265,3670,914711,921989,7283,0,72000,7283,0,0.000000000,0.000000000,130.624573000,148.416788000,0.000629000,148.417417000,280.585067000,0,7
1658137434.524716377,1785561986.872626781,3671,921989,928458,6469,0,72000,6469,0,0.000000000,0.000000000,107.169802000,134.887855000,0.000596000,134.888451000,243.060627000,0,7
1658137434.724889517,1785561987.172099352,3672,928458,936193,7735,0,72000,7735,0,0.000000000,0.000000000,122.987416000,161.237619000,0.000911000,161.238530000,285.328131000,0,7
1658137435.024926901,1785561987.414438248,3673,936193,942470,6279,0,72000,6279,0,0.000000000,0.000000000,99.975598000,129.816929000,0.000788000,129.817717000,230.812437000,0,7
1658137435.324886084,1785561987.686380148,3674,942470,949338,6868,0,72000,6868,0,0.000000000,0.000000000,110.607675000,148.821854000,0.000626000,148.822480000,260.542164000,0,7
1658137435.624920368,1785561987.998712540,3675,949338,957044,7706,0,72000,7706,0,0.000000000,0.000000000,126.857169000,171.600872000,0.000855000,171.601727000,299.629153000,0,7
1658137435.924811125,1785561988.291216373,3676,957044,964463,7419,0,72000,7419,0,0.000000000,0.000000000,119.496002000,160.248760000,0.000790000,160.249550000,280.842006000,0,7
1658137436.224824905,1785561988.584753513,3677,964463,971912,7449,0,72000,7449,0,0.000000000,0.000000000,120.819478000,159.647124000,0.001269000,159.648393000,281.613769000,0,7
1658137436.524904251,1785561988.863878727,3678,971912,978951,7039,0,72000,7039,0,0.000000000,0.000000000,115.376100000,152.271943000,0.000632000,152.272575000,268.753295000,0,7
1658137436.724839211,1785561989.103043079,3679,978951,982386,3435,0,72000,7039,3871,0.000000000,76.566017000,77.510130000,154.802426000,0.000650000,154.803076000,233.122856000,0,8
1658137437.024736404,1785561989.426418543,3680,982386,990419,8033,0,72000,8033,0,0.000000000,0.000000000,138.711387000,172.010513000,0.000969000,172.011482000,311.910019000,0,8
1658137437.324856758,1785561989.743904352,3681,990419,998425,8006,0,72000,8006,0,0.000000000,0.000000000,131.981998000,171.904206000,0.000831000,171.905037000,305.138359000,0,7
1658137437.624762774,1785561990.006877422,3682,998425,1005978,7561,0,72000,7561,33,0.000000000,83.526161000,83.599890000,165.848757000,0.000734000,165.849491000,250.570532000,0,7
1658137437.924908876,1785561990.268510580,3683,1005978,1012445,6467,0,72000,6467,0,0.000000000,0.000000000,108.549037000,142.306279000,0.000795000,142.307074001,251.874981000,0,7
1658137438.124833584,1785561990.488127708,3684,1012445,1015576,3131,0,72000,6467,3574,0.000000000,72.489584000,73.376946000,139.793188000,0.000632000,139.793820000,213.968389000,0,8
1658137438.424846172,1785561990.813619375,3685,1015576,1022861,7285,0,72000,7285,0,0.000000000,0.000000000,152.929541000,161.572289000,0.000794000,161.573082999,315.592988000,0,8
1658137438.724718332,1785561991.140916824,3686,1022861,1030582,7721,0,72000,7721,0,0.000000000,0.000000000,141.433903000,173.352619000,0.000638000,173.353257000,315.902912000,0,8
1658137439.024757385,1785561991.451038122,3687,1030582,1037154,6572,0,72000,6572,0,0.000000000,0.000000000,146.270094000,152.237426000,0.000604000,152.238030000,300.315967000,0,7
1658137439.324825525,1785561991.745051622,3688,1037154,1044206,7062,0,72000,7062,34,0.000000000,86.548090000,86.642696000,191.718523000,0.000648000,191.719171000,279.559172000,0,7
1658137439.624742985,1785561992.116034269,3689,1044206,1051295,7089,0,72000,7089,0,0.000000000,0.000000000,157.301704000,193.189092000,0.000614000,193.189706000,351.626191000,0,7
1658137440.024856806,1785561992.552763224,3690,1051295,1059418,8123,0,72000,8123,0,0.000000000,0.000000000,203.185633000,211.686271000,0.000801000,211.687072000,416.202690000,0,7
1658137440.424821615,1785561992.939973354,3691,1059418,1067034,7616,0,72000,7616,0,0.000000000,0.000000000,186.117306000,180.985776000,0.000780000,180.986556000,368.340073000,0,6
1658137440.824927092,1785561993.158089399,3692,1067034,1073556,6526,0,72000,6526,0,0.000000000,44.609537000,44.733011000,157.396552000,0.000701000,157.397253000,203.114630000,0,6
1658137441.024844885,1785561993.554941893,3693,1073556,1081405,7849,0,72000,7849,0,0.000000000,0.000000000,187.059738000,191.589495000,0.000889000,191.590384000,379.970943000,0,6
1658137441.424754620,1785561993.878033161,3694,1081405,1088019,6614,0,72000,6614,0,0.000000000,0.000000000,139.343992000,168.572180000,0.000633000,168.572813000,309.066090000,0,6
1658137441.724898815,1785561994.227887392,3695,1088019,1095402,7383,0,72000,7383,0,0.000000000,0.000000000,154.322432000,179.304937000,0.000766000,179.305703000,334.749282000,0,6
1658137442.124774694,1785561994.594266415,3696,1095402,1102953,7551,0,72000,7551,0,0.000000000,0.000000000,162.770980000,187.908265000,0.000925000,187.909190000,351.826368000,0,6
1658137442.524710655,1785561994.942515850,3697,1102953,1110248,7295,0,72000,7295,0,0.000000000,0.000000000,147.561405000,186.362444000,0.000586000,186.363030000,334.983171000,0,6
1658137442.824843884,1785561995.283815145,3698,1110248,1117180,6932,0,72000,6932,0,0.000000000,0.000000000,143.287360000,181.679338000,0.000674000,181.680012000,326.032766000,0,6
1658137443.224845171,1785561995.638458729,3699,1117180,1124619,7441,0,72000,7441,0,0.000000000,0.000000000,152.189269000,186.959545000,0.000544000,186.960089000,340.257320000,0,6
1658137443.524839163,1785561996.046788931,3700,1124619,1133063,8444,0,72000,8444,0,0.000000000,0.000000000,177.103387000,214.753698000,0.000870000,214.754568000,393.015407000,0,6
1658137443.924823523,1785561996.366299152,3701,1133063,1139582,6519,0,72000,6519,0,0.000000000,0.000000000,138.693635000,168.516935000,0.000797000,168.517732000,308.406017000,0,6
1658137444.224845648,1785561996.769304752,3702,1139582,1148002,8420,0,72000,8420,0,0.000000000,0.000000000,178.556746000,210.041789000,0.000727000,210.042516000,390.001830000,0,6
1658137444.624834299,1785561997.065486431,3703,1148002,1153946,5944,0,72000,5944,0,0.000000000,0.000000000,136.734183000,148.446834000,0.000770000,148.447604000,286.218578000,0,6
1658137444.924853802,1785561997.446755409,3704,1153946,1161575,7629,0,72000,7629,0,0.000000000,0.000000000,178.213612000,190.082132000,0.000701000,190.082833000,369.447838000,0,6
1658137445.324844360,1785561997.810282230,3705,1161575,419789,6591,0,72000,6591,0,0.000000000,0.000000000,178.781024000,170.144256000,0.002723000,170.146979000,350.134506000,0,6
1658137445.724815369,1785561998.230907679,3706,1168166,1175633,7467,0,72000,7467,0,0.000000000,0.000000000,207.955096000,199.100959000,0.000628000,199.101586999,408.130997000,0,6
1658137446.124921322,1785561998.637492418,3707,1175633,1182178,6545,0,72000,6545,0,0.000000000,0.000000000,214.682459000,178.007642000,0.000834000,178.008476000,393.902063000,0,6
1658137446.524774551,1785561999.058401346,3708,1182178,1189236,7058,0,72000,7058,0,0.000000000,0.000000000,207.005408000,200.093708000,0.000951000,200.094659000,408.219409000,0,6
1658137446.924761057,1785561999.516635180,3709,1189236,1196391,7155,0,72000,7155,0,0.000000000,0.000000000,235.170433000,206.601785000,0.000884000,206.602669000,443.324779000,0,6
1658137447.424907923,1785561999.972980261,3710,1196391,1203142,6751,0,72000,6751,0,0.000000000,0.000000000,203.310102000,234.209195000,0.001193000,234.210388000,438.724086000,0,5
1658137447.824918270,1785562000.551774740,3711,1203142,1210546,7408,0,72000,7408,0,0.000000000,0.000000000,304.570390000,249.373433000,0.000583000,249.374016000,555.263434000,0,5
1658137448.424905539,1785562001.006757736,3712,1210546,1217679,7133,0,72000,7133,0,0.000000000,0.000000000,214.335950000,217.958948000,0.000837000,217.959785000,433.695341000,0,5
1658137448.924742222,1785562001.567957163,3713,1217679,1225499,7820,0,72000,7820,0,0.000000000,0.000000000,299.749536000,240.701011000,0.000840000,240.701851000,541.680888000,0,5
1658137449.424750090,1785562001.996480703,3714,1225499,1232555,7056,0,72000,7056,0,0.000000000,0.000000000,195.860617000,213.650712000,0.000808000,213.651520000,410.622608000,0,4
1658137449.924862862,1785562002.313362122,3715,1232555,1239107,6556,0,72000,6556,40,0.000000000,103.528747000,103.624952000,197.261426000,0.001181000,197.262607000,302.197365000,0,4
1658137450.224899292,1785562002.627105474,3716,1239107,1242232,3125,0,72000,6556,4345,0.000000000,101.668859000,102.740281000,202.740208000,0.000669000,202.740877000,306.317880000,0,5
1658137450.524846077,1785562003.083539009,3717,1242232,1249564,7332,0,72000,7332,0,0.000000000,0.000000000,210.254098000,231.303477000,0.000719000,231.304196000,442.837539000,0,5
1658137451.024918318,1785562003.539120436,3718,1249564,419789,7498,0,72000,7498,0,0.000000000,0.000000000,211.886643000,227.894386000,0.000727000,227.895113000,440.928177000,0,5
1658137451.424814939,1785562003.923752785,3719,1257062,1260824,3762,0,72000,7498,5198,0.000000000,124.404100001,125.704857000,250.395198000,0.000751000,250.395949000,376.992839000,0,6
1658137451.824897289,1785562004.369239092,3720,1260824,1267986,7162,0,72000,7162,0,0.000000000,0.000000000,208.828150000,222.376617000,0.000712000,222.377329000,432.649003000,0,6
1658137452.224765539,1785562004.864155293,3721,1267986,1275958,7972,0,72000,7972,0,0.000000000,0.000000000,231.456347000,247.365348000,0.000648000,247.365996000,480.025913000,0,5
1658137452.724858522,1785562005.251037598,3722,1275958,1283783,7831,0,72000,7831,6,0.000000000,131.750324000,131.806196000,240.656176000,0.000674000,240.656850001,373.598210000,0,5
1658137453.124858618,1785562005.732750654,3723,1283783,1290764,6981,0,72000,6981,0,0.000000000,0.000000000,239.838447000,228.656015000,0.000734000,228.656749000,469.554182000,0,5
1658137453.624833822,1785562006.250494957,3724,1290764,1298299,7535,0,72000,7535,0,0.000000000,0.000000000,253.336228000,249.057280000,0.000538000,249.057818000,503.546166000,0,5
1658137454.124925613,1785562006.796953678,3725,1298299,1305777,7478,0,72000,7478,0,0.000000000,0.000000000,279.792343000,252.375601000,0.000854000,252.376455000,533.531472000,0,5
1658137454.724727154,1785562007.406687260,3726,1305777,1313954,8177,0,72000,8177,0,0.000000000,0.000000000,290.685378000,303.702063000,0.002671000,303.704734000,595.618634000,0,5
1658137455.324763060,1785562007.997349262,3727,1313954,1321481,7527,0,72000,7527,0,0.000000000,0.000000000,301.856801000,275.423224000,0.000660000,275.423884001,578.533190000,0,4
1658137455.924921274,1785562008.670169353,3728,1321481,1329234,7755,0,72000,7755,0,0.000000000,0.000000000,344.063935000,310.542884000,0.001085000,310.543969000,655.889941000,0,4
1658137456.524853230,1785562009.191001892,3729,1329234,1335373,6139,0,72000,6139,0,0.000000000,0.000000000,246.439264000,253.609633000,0.000677000,253.610310000,501.122974000,0,4
1658137457.124754429,1785562009.548642159,3730,1335373,1343531,8158,0,72000,8158,0,0.000000000,0.000000000,304.111607000,30.941698000,0.000785000,30.942483000,336.356248000,0,4
1658137457.424904108,1785562009.604696751,3731,1343531,1351318,7787,0,72000,7787,0,0.000000000,0.000000000,10.329800000,26.035505000,0.000617000,26.036122000,37.667639000,0,4
1658137457.524736404,1785562009.675556183,3732,1351318,1355150,3832,0,72000,7787,4691,0.000000000,23.376214000,24.517902000,37.529124000,0.000723000,37.529847000,62.960792000,0,5
1658137457.624832153,1785562009.742566824,3733,1355150,1358386,3236,0,72000,7787,4678,0.000000000,24.491376000,25.614097000,33.286083000,0.001040000,33.287123000,59.709662000,0,6
1658137457.724920750,1785562009.805521965,3734,1358386,1361157,2772,0,72000,7787,4690,0.000000000,24.496097000,25.264866000,30.271837000,0.000673000,30.272510000,56.518121000,0,7
1658137457.824761629,1785562009.867575884,3735,1361157,1363747,2591,0,72000,7787,4672,0.000000000,25.619789000,26.389717000,27.875045000,0.000856000,27.875901000,55.141513000,0,8
1658137457.924850225,1785562009.920847178,3736,1363747,1371372,7625,0,72000,7625,0,0.000000000,0.000000000,16.071266000,20.130146000,0.000792000,20.130938000,37.451383000,0,8
1658137458.024819613,1785562009.982550621,3737,1371372,1375220,3849,0,72000,7625,4883,0.000000000,21.400017000,22.944420000,30.370111000,0.000681000,30.370792000,54.188555000,0,9
1658137458.124902964,1785562010.040110588,3738,1375220,1378326,3106,0,72000,7625,4868,0.000000000,23.515887000,24.720711000,25.447916000,0.000856000,25.448772000,51.176888000,0,10
1658137458.224748373,1785562010.096090794,3739,1378326,1380974,2648,0,72000,7625,4869,0.000000000,25.758713000,27.160933000,21.742147000,0.000667000,21.742814000,49.792548000,0,11
1658137458.324827909,1785562010.152568102,3740,1380974,1383574,2600,0,72000,7625,4869,0.000000000,26.377663999,27.578640000,22.163497000,0.000630000,22.164127000,50.582531000,0,12
1658137458.424922705,1785562010.210154772,3741,1383574,1386143,2569,0,72000,7625,4873,0.000000000,28.978550999,30.653708000,20.667830000,0.000723000,20.668553000,52.156272000,0,13
1658137458.524759769,1785562010.264857769,3742,1386143,1388663,2520,0,72000,7625,4873,0.000000000,26.124549000,27.314874000,20.391986000,0.000744000,20.392730000,48.848512000,0,14
1658137458.624854326,1785562010.315619946,3743,1388663,1396832,8169,0,72000,8169,0,0.000000000,0.000000000,15.986740000,18.674606000,0.000699000,18.675305000,35.867857000,0,14
1658137458.724810123,1785562010.375839710,3744,1396832,1400814,3984,0,72000,8169,5375,0.000000000,24.996151000,26.749889000,26.418349000,0.000696000,26.419045000,54.101381000,0,15
1658137458.824889660,1785562010.432398796,3745,1400814,1403969,3155,0,72000,8169,5427,0.000000000,26.976473000,28.264891000,21.090482000,0.000989000,21.091471000,50.267961000,0,16
1658137458.924742222,1785562010.487944603,3746,1403969,1406834,2865,0,72000,8169,5453,0.000000000,26.896548000,28.202905000,20.739885000,0.000762000,20.740647000,49.845831000,0,17
1658137459.024818182,1785562010.543432951,3747,1406834,1409616,2782,0,72000,8169,5452,0.000000000,27.669233000,28.985874000,19.540120000,0.000736000,19.540856000,49.451994000,0,18
1658137459.124915600,1785562015.883339405,3748,1409616,1416269,6653,0,72000,6653,0,0.000000000,0.000000000,20.058689000,24.658396000,0.000886000,24.659282000,45.977192000,0,18
1658137463.824854851,1785562016.710246801,3749,1388614,1395185,6857,0,72000,6857,0,0.000000000,0.000000000,324.541248000,353.500878000,0.000000000,353.500878000,681.677616000,0,1
1658137464.624858141,1785562016.917609215,3750,1339251,1342525,3328,0,72000,6857,3758,0.000000000,51.153883000,52.762432000,148.250350000,0.000000000,148.250350000,201.728929000,0,2
1658137464.824906349,1785562017.047316790,3751,1342525,1345463,2938,0,72000,6857,3746,0.000000000,46.486279000,47.487458000,74.980676000,0.000000000,74.980676000,123.353985000,0,3
1658137464.924745798,1785562017.172699213,3752,1345463,1348206,2743,0,72000,6857,3733,0.000000000,47.010906000,47.706813000,71.708928000,0.000000000,71.708928000,120.099333000,0,4
1658137465.024839401,1785562017.311524868,3753,1348206,1350833,2627,0,72000,6857,3732,0.000000000,47.474163001,48.256430000,84.451823000,0.000000000,84.451823000,133.433833000,0,5
1658137465.224888802,1785562017.447273254,3754,1350833,1353410,2577,0,72000,6857,3726,0.000000000,46.877058001,47.551834000,82.489674000,0.000000000,82.489674000,130.674662000,0,6
1658137465.324792147,1785562017.582526922,3755,1353410,1355962,2552,0,72000,6857,3726,0.000000000,46.964320000,47.652897000,81.842975000,0.000000000,81.842975000,130.205242000,0,7
1658137465.424897194,1785562017.716604471,3756,1355962,1358475,2513,0,72000,6857,3722,0.000000000,47.102368000,47.772282000,80.431286000,0.000000000,80.431286000,128.890654000,0,8
1658137465.624835014,1785562017.765378475,3757,1358475,1286079,2514,0,72000,6857,3723,0.000000000,28.749251000,29.496101000,12.876668000,0.000000000,12.876668000,43.069735000,0,9
1658137465.724931002,1785562017.784328938,3758,1286079,1285853,2482,0,72000,6857,3719,0.000000000,6.634388000,7.497920000,5.095596000,0.000000000,5.095596000,13.365246000,0,10
1658137465.824781895,1785562017.820127726,3759,1285853,1292989,7265,0,72000,7265,0,0.000000000,0.000000000,9.160386000,11.467667000,0.000000000,11.467667000,21.918819000,3,13
1658137465.924869537,1785562017.853022575,3760,1292989,1296706,3718,0,72000,7265,3849,0.000000000,13.530069000,14.832409000,11.996989000,0.000000000,11.996989000,27.703051000,3,14
1658137466.024718761,1785562017.886598110,3761,1296706,1299741,3035,0,72000,7265,3846,0.000000000,14.919699999,16.216394000,10.335790000,0.000000000,10.335790000,27.439149000,3,15
1658137466.124805450,1785562017.919866323,3762,1299741,1302264,2523,0,72000,7265,3848,0.000000000,16.600829000,17.932309000,8.946464000,0.000000000,8.946464000,27.804875000,3,16
1658137466.224904299,1785562017.954401731,3763,1302264,1304750,2486,0,72000,7265,3839,0.000000000,17.029558001,18.088017000,10.015792000,0.000000000,10.015792000,29.065902000,3,17
1658137466.324747324,1785562017.988619566,3764,1304750,1307161,2411,0,72000,7265,3848,0.000000000,18.042838000,19.087998000,8.757701000,0.000000000,8.757701000,28.733200000,3,18
1658137466.424843550,1785562018.023681164,3765,1307161,1309550,2389,0,72000,7265,3841,0.000000000,18.546088000,19.590666000,9.129159000,0.000000000,9.129159000,29.608331000,3,19
1658137466.524813414,1785562018.059278965,3766,1309550,1311915,2365,0,72000,7265,3851,0.000000000,18.839661000,19.899929000,9.021429000,0.000000000,9.021429000,29.810566000,3,20
1658137466.624909639,1785562018.104243279,3767,1311915,1319086,7171,0,72000,7171,0,0.000000000,0.000000000,14.830481000,18.779651000,0.000000000,18.779651000,34.826354000,3,20
1658137466.724753380,1785562018.165871143,3768,1319086,1322957,3871,0,72000,7171,4100,0.000000000,21.223459000,22.903126000,31.583490000,0.000000000,31.583490000,55.611106000,3,21
1658137466.824831963,1785562018.206501007,3769,1322957,1330112,7155,0,72000,7155,0,0.000000000,0.000000000,13.486615000,15.645260000,0.000000000,15.645260000,30.335809000,3,21
1658137466.924911261,1785562018.287855864,3770,1330112,1337354,7243,0,72000,7243,0,0.000000000,0.000000000,42.567862000,27.299494000,0.000000000,27.299494000,71.112630000,3,21
1658137467.024745226,1785562018.360920906,3771,1337354,1341090,3737,0,72000,7243,3759,0.000000000,25.431299001,26.441865000,39.247837000,0.000000000,39.247837000,66.676665000,3,22
1658137467.124836922,1785562018.433459520,3772,1341090,1347989,6906,0,72000,6913,102,0.000000000,30.057442000,30.185512000,31.177143000,0.000000000,31.177143000,62.469159000,3,22
1658137467.224807978,1785562018.532515764,3773,1347989,1355578,7589,0,72000,7589,0,0.000000000,0.000000000,42.657647000,44.109243000,0.000000000,44.109243000,88.336288000,3,22
1658137467.324804783,1785562018.625999451,3774,1355578,1362795,7235,0,72000,7251,281,0.000000000,35.216715999,35.391842000,45.393044000,0.000000000,45.393044000,81.991367000,3,22
1658137467.424893618,1785562018.713462591,3775,1362795,1366351,3556,0,72000,7251,3963,0.000000000,29.022574000,30.159196000,50.415121000,0.000000000,50.415121000,81.587785000,3,23
1658137467.524733543,1785562018.800355434,3776,1366351,1373449,7108,0,72000,7111,85,0.000000000,24.803060000,24.931867000,50.113523000,0.000000000,50.113523000,76.237065000,3,23
1658137467.624824047,1785562018.942902803,3777,1373449,1380035,6588,0,72000,6588,0,0.000000000,0.000000000,70.482626000,60.707463000,0.000000000,60.707463000,132.278865000,3,22
1658137467.724915504,1785562019.093535423,3778,1380035,1387966,7933,0,72000,7934,24,0.000000000,47.677105000,47.762201000,90.076918000,0.000000000,90.076918000,139.286665000,3,18
1658137467.824751854,1785562019.297500134,3779,1387966,1395376,7414,0,72000,7414,0,0.000000000,0.000000000,100.802377000,92.113403000,0.000000000,92.113403000,194.162368000,3,16
1658137467.924844027,1785562019.465007067,3780,1395376,1403412,8040,0,72000,8041,2,0.000000000,47.526326000,47.585182000,107.359291000,0.000000000,107.359291000,156.367190000,3,14
1658137468.024926901,1785562019.615751266,3781,1403412,1410434,7025,0,72000,7026,6,0.000000000,43.457231001,43.514680000,95.990553000,0.000000000,95.990553000,140.723751000,3,13
1658137468.124759197,1785562019.787313223,3782,1410434,1417828,7397,0,72000,7397,4,0.000000000,46.870595000,46.929553000,106.990956000,0.000000000,106.990956000,155.098606000,3,12
1658137468.224841833,1785562019.994795799,3783,1417828,1426813,8985,0,72000,8985,1,0.000000000,59.444639000,59.501548000,129.539725000,0.000000000,129.539725000,190.376126000,3,12
1658137468.324876785,1785562020.226668358,3784,1426813,1434017,7207,0,72000,7207,0,0.000000000,0.000000000,101.525341000,115.626762000,0.000000000,115.626762000,218.491768000,3,11
1658137468.424718857,1785562020.478495598,3785,1434017,1441777,7761,0,72000,7761,0,0.000000000,31.449153000,95.836181000,137.535641000,0.000000000,137.535641000,234.855752000,3,11
1658137468.524913549,1785562020.760566473,3786,1441777,1449633,7857,0,72000,7857,0,0.000000000,0.000000000,119.666896000,142.375743000,0.000000000,142.375743000,263.511139000,3,11
1658137468.624755144,1785562021.039932489,3787,1449633,1457069,7437,0,72000,7437,0,0.000000000,0.000000000,120.668605000,138.654664000,0.000000000,138.654664000,260.826999000,3,11
1658137468.724843979,1785562021.310553551,3788,1457069,1464371,7302,0,72000,7302,0,0.000000000,0.000000000,132.122111000,120.927655000,0.000000000,120.927655000,254.496527000,3,11
1658137468.824929714,1785562021.519974709,3789,1464371,1471239,6873,0,72000,6874,0,0.000000000,27.208906000,82.252096000,111.786580000,0.000000000,111.786580000,195.103152000,3,11
1658137468.924761772,1785562021.703278780,3790,1471239,1474839,3601,0,72000,6874,3910,0.000000000,50.361402999,51.785955000,123.787092000,0.000000000,123.787092000,176.646354000,3,12
1658137469.024859428,1785562021.969375849,3791,1474839,1482573,7734,0,72000,7734,0,0.000000000,0.000000000,117.983590000,132.019663000,0.000000000,132.019663000,251.324512000,3,12
1658137469.224910736,1785562022.318014622,3792,1482573,1491350,8777,0,72000,8777,0,0.000000000,0.000000000,179.138619000,150.830879000,0.000000000,150.830879000,331.374140000,3,12
1658137469.424871922,1785562022.598055840,3793,1491350,1499568,8218,0,72000,8218,0,0.000000000,0.000000000,119.537188000,144.043158000,0.000000000,144.043158000,264.956672000,3,12
1658137469.624915600,1785562022.837098598,3794,1499568,1506354,6786,0,72000,6786,0,0.000000000,0.000000000,104.767167000,120.674984000,0.000000000,120.674984000,226.509894000,3,12
1658137469.824842453,1785562023.141591311,3795,1506354,1515133,8779,0,72000,8779,0,0.000000000,0.000000000,129.846099000,157.567017000,0.000000000,157.567017000,288.752380000,3,12
1658137470.224837065,1785562023.405069113,3796,1515133,1522806,7673,0,72000,7673,0,0.000000000,0.000000000,113.919570000,135.569963000,0.000000000,135.569963000,250.740417000,3,11
1658137470.524926662,1785562023.691644192,3797,1522806,1531248,8445,0,72000,8445,0,0.000000000,0.000000000,127.592188000,144.018112000,0.000000000,144.018112000,272.916719000,3,11
1658137470.724849463,1785562023.921801329,3798,1531248,1538194,6946,0,72000,6946,0,0.000000000,0.000000000,89.312126000,127.971704000,0.000000000,127.971704000,218.309614000,3,11
1658137471.024734974,1785562024.207326651,3799,1538194,1546233,8039,0,72000,8039,0,0.000000000,0.000000000,110.645357000,161.071817000,0.000000000,161.071817000,273.096943000,3,11
1658137471.324792862,1785562024.403179407,3800,1546233,1551848,5615,0,72000,5615,0,0.000000000,0.000000000,85.119192000,100.026806000,0.000000000,100.026806000,186.191865000,3,11
1658137471.624826908,1785562024.677485943,3801,1551848,1560108,8260,0,72000,8260,0,0.000000000,0.000000000,109.844107000,149.463659000,0.000000000,149.463659000,260.554828000,3,10
1658137471.824761629,1785562024.883667946,3802,1560108,1567616,7512,0,72000,7512,22,0.000000000,56.626378000,56.703743000,136.096508000,0.000000000,136.096508000,194.319754000,3,10
1658137472.124924183,1785562025.102233887,3803,1567616,1571423,3807,0,72000,7512,4393,0.000000000,64.090635000,65.276264000,146.361874000,0.000000000,146.361874000,212.463950000,3,11
1658137472.324832916,1785562025.314476728,3804,1571423,1577613,6190,0,72000,6190,0,0.000000000,0.000000000,89.085738000,112.155011000,0.000000000,112.155011000,202.582348000,3,11
1658137472.524756193,1785562025.545253038,3805,1577613,1584278,6665,0,72000,6665,0,0.000000000,0.000000000,93.452952000,125.559424000,0.000000000,125.559424000,220.152060000,3,11
1658137472.824779272,1785562025.885379076,3806,1584278,1591929,7651,0,72000,7651,0,0.000000000,0.000000000,184.472067000,142.071350000,0.000000000,142.071350000,327.688207000,3,11
1658137473.024720669,1785562026.120717764,3807,1591929,1598200,6271,0,72000,6271,0,0.000000000,0.000000000,107.290009000,116.693279000,0.000000000,116.693279000,225.091079000,3,11
1658137473.224899769,1785562026.319147587,3808,1598200,1601321,3122,0,72000,6271,3038,0.000000000,58.951911000,60.019570000,132.134024000,0.000000000,132.134024000,192.938864000,3,12
1658137473.424823761,1785562026.631842852,3809,1601321,1608880,7559,0,72000,7559,0,0.000000000,0.000000000,155.784405000,143.997196000,0.000000000,143.997196000,301.032721000,3,12
1658137473.824803591,1785562026.918146372,3810,1608880,1615925,7045,0,72000,7045,0,0.000000000,0.000000000,136.037327000,138.644468000,0.000000000,138.644468000,275.939780000,3,11
1658137474.024726868,1785562027.169970989,3811,1615925,1619582,3657,0,72000,7045,3390,0.000000000,76.938467000,77.879509000,167.493020000,0.000000000,167.493020000,246.250867000,3,12
1658137474.224896908,1785562027.397846222,3812,1619582,1626790,7221,0,72000,7222,17,0.000000000,72.859808000,72.972969000,143.171597000,0.000000000,143.171597000,217.264208000,3,12
1658137474.524737835,1785562027.708465099,3813,1626790,1634419,7629,0,72000,7629,0,0.000000000,0.000000000,134.926056000,163.272973000,0.000000000,163.272973000,299.398066000,3,12
1658137474.824772596,1785562028.099674463,3814,1634419,1641555,7136,0,72000,7136,0,0.000000000,0.000000000,230.941876000,148.388209000,0.000000000,148.388209000,380.317312000,3,11
1658137475.024811506,1785562028.372715473,3815,1641555,1649510,7959,0,72000,7959,20,0.000000000,88.929899000,89.037752000,171.618194000,0.000000000,171.618194000,261.892251000,3,11
1658137475.324918985,1785562028.753875494,3816,1649510,1657701,8192,0,72000,8192,0,0.000000000,0.000000000,186.868308000,181.144228000,0.000000000,181.144228000,369.320397000,3,11
1658137475.624816418,1785562029.117602825,3817,1657701,1665331,7630,0,72000,7630,0,0.000000000,0.000000000,181.811424000,169.705295000,0.000000000,169.705295000,352.746919000,3,11
1658137476.024814129,1785562029.473725080,3818,1665331,1672854,7523,0,72000,7523,0,0.000000000,0.000000000,169.866150000,173.127202000,0.000000000,173.127202000,344.228962000,3,10
1658137476.224744081,1785562029.734593391,3819,1672854,1679603,6752,0,72000,6753,7,0.000000000,97.370081000,97.469592000,152.440319000,0.000000000,152.440319000,251.139166000,3,10
1658137476.624830484,1785562030.064468622,3820,1679603,1686832,7229,0,72000,7229,0,0.000000000,0.000000000,153.329686000,164.732804000,0.000000000,164.732804000,319.155390000,3,10
1658137477.024821520,1785562030.456319571,3821,1686832,1695172,8340,0,72000,8340,0,0.000000000,0.000000000,175.603583000,201.295718000,0.000000000,201.295718000,378.319383000,3,10
1658137477.324872971,1785562030.790890932,3822,1695172,1702394,7222,0,72000,7222,0,0.000000000,0.000000000,144.884916000,177.590569000,0.000000000,177.590569000,323.846866000,3,9
1658137477.624911785,1785562031.079492807,3823,1702394,1710561,8180,0,72000,8180,37,0.000000000,87.161634000,87.262635000,188.704267000,0.000000000,188.704267000,277.256642000,3,9
1658137477.924923420,1785562031.388007402,3824,1710561,1714453,3892,0,72000,8180,4205,0.000000000,95.958951000,97.099075000,204.134367000,0.000000000,204.134367000,302.200008000,3,10
1658137478.324872017,1785562031.682299614,3825,1714453,1720925,6472,0,72000,6472,0,0.000000000,0.000000000,133.330405000,150.164350000,0.000000000,150.164350000,284.601886000,3,9
1658137478.724837542,1785562031.965358496,3826,1720925,1728344,7422,0,72000,7422,7,0.000000000,90.643453000,90.730636000,180.061313000,0.000000000,180.061313000,272.113615000,3,9
1658137479.024836540,1785562032.280052423,3827,1728344,1735162,6818,0,72000,6818,0,0.000000000,0.000000000,141.447875000,161.581848000,0.000000000,161.581848000,304.148029000,3,9
1658137479.324906349,1785562032.560732365,3828,1735162,1738504,3343,0,72000,6818,3826,0.000000000,89.351147000,90.415746000,183.899836000,0.000000000,183.899836000,275.101601000,3,10
1658137479.624917746,1785562032.924536943,3829,1738504,1746179,7675,0,72000,7675,0,0.000000000,0.000000000,166.430732000,185.194590000,0.000000000,185.194590000,352.800497000,3,9
1658137479.824852467,1785562033.249246836,3830,1746179,1750104,3926,0,72000,7675,4338,0.000000000,98.177839000,99.315588000,217.441601000,0.000000000,217.441601000,317.655990000,3,10
1658137480.124761581,1785562033.624560356,3831,1750104,1757106,7003,0,72000,7003,0,0.000000000,0.000000000,196.824967000,167.972919000,0.000000000,167.972919000,365.794275000,3,10
1658137480.424855947,1785562033.940587997,3832,1757106,1763661,6555,0,72000,6555,0,0.000000000,0.000000000,145.313176000,159.895810000,0.000000000,159.895810000,306.307642000,3,10
1658137480.824850798,1785562034.347689629,3833,1763661,1771702,8041,0,72000,8041,0,0.000000000,0.000000000,181.707121000,213.225468000,0.000000000,213.225468000,396.343260000,3,10
1658137481.124746799,1785562034.765638113,3834,1771702,1779328,7626,0,72000,7626,0,0.000000000,0.000000000,206.015863000,198.645189000,0.000000000,198.645189000,405.849544000,3,10
1658137481.524907589,1785562035.152797699,3835,1779328,1786209,6881,0,72000,6881,0,0.000000000,0.000000000,196.234685000,179.498558000,0.000000000,179.498558000,377.132897000,3,10
1658137481.824804306,1785562035.537844181,3836,1786209,1793223,7014,0,72000,7014,0,0.000000000,0.000000000,182.287902000,191.931018000,0.000000000,191.931018000,375.408771000,3,10
1658137482.224909782,1785562035.962776423,3837,1793223,1800679,7456,0,72000,7456,0,0.000000000,0.000000000,204.192181000,208.224397000,0.000000000,208.224397000,413.786134000,3,9
1658137482.624803543,1785562036.228814363,3838,1800679,1807641,6962,0,72000,6962,0,0.000000000,62.467985000,62.602441000,192.362096000,0.000000000,192.362096000,256.095320000,3,9
1658137483.024925470,1785562036.709346533,3839,1807641,1814862,7221,0,72000,7221,0,0.000000000,0.000000000,220.263876000,244.401287000,0.000000000,244.401287000,465.792921000,3,9
1658137483.424827576,1785562037.231254101,3840,1814862,1822575,7713,0,72000,7713,0,0.000000000,0.000000000,234.780854000,264.719064000,0.000000000,264.719064000,500.783541000,3,9
1658137483.824811697,1785562037.717786789,3841,1822575,1830038,7463,0,72000,7463,0,0.000000000,0.000000000,240.283793000,224.496860000,0.000000000,224.496860000,466.156927000,3,8
1658137484.124831915,1785562038.107975245,3842,1830038,1833669,3631,0,72000,7463,3409,0.000000000,125.136488000,126.059086000,254.925838000,0.000000000,254.925838000,381.957587000,3,9
1658137484.624817371,1785562038.446007252,3843,1833669,1840931,7266,0,72000,7268,95,0.000000000,110.275463000,110.391497000,208.851743000,0.000000000,208.851743000,320.552064000,3,9
1658137485.124752045,1785562038.937057257,3844,1840931,1849378,8447,0,72000,8447,0,0.000000000,0.000000000,222.797643000,247.799219000,0.000000000,247.799219000,471.913037000,3,8
1658137485.624818087,1785562039.435657978,3845,1849378,1856763,7388,0,72000,7388,0,0.000000000,0.000000000,262.015239000,219.515639000,0.000000000,219.515639000,482.741465000,3,8
1658137486.024933100,1785562039.907240152,3846,1856763,1864734,7971,0,72000,7971,0,0.000000000,0.000000000,222.813147000,231.282319000,0.000000000,231.282319000,455.266095000,3,8
1658137486.324806690,1785562040.382570744,3847,1864734,1872394,7660,0,72000,7660,0,0.000000000,0.000000000,232.402967000,224.068458000,0.000000000,224.068458000,457.741652000,3,8
1658137486.824733496,1785562040.918112516,3848,1872394,1879876,7482,0,72000,7482,0,0.000000000,0.000000000,278.358677000,239.548736000,0.000000000,239.548736000,519.342204000,3,8
1658137487.324835062,1785562041.454598427,3849,1879876,1887271,7395,0,72000,7395,0,0.000000000,0.000000000,295.171503000,225.033005000,0.000000000,225.033005000,521.387709000,3,8
1658137487.824905396,1785562041.968422651,3850,1887271,1895084,7813,0,72000,7813,0,0.000000000,0.000000000,251.089578000,243.908274000,0.000000000,243.908274000,496.163519000,3,8
1658137488.324814320,1785562042.538926363,3851,1895084,1902574,7490,0,72000,7490,0,0.000000000,0.000000000,306.901536000,248.352908000,0.000000000,248.352908000,556.626307000,3,7
1658137488.824757814,1785562042.919535398,3852,1902574,1909601,7031,0,72000,7031,2,0.000000000,137.489209001,137.608681000,229.049694000,0.000000000,229.049694000,367.790499000,3,7
1658137489.324850321,1785562043.469250917,3853,1909601,1916964,7363,0,72000,7363,0,0.000000000,0.000000000,291.689746000,240.689673000,0.000000000,240.689673000,533.581532000,3,7
1658137489.824827909,1785562043.957752228,3854,1916964,1923856,6892,0,72000,6892,0,0.000000000,0.000000000,253.810285000,220.302316000,0.000000000,220.302316000,475.233351000,3,7
1658137490.424736261,1785562044.457330942,3855,1923856,1931248,7392,0,72000,7392,0,0.000000000,0.000000000,243.909096000,242.219153000,0.000000000,242.219153000,487.468008000,3,7
1658137490.824852228,1785562044.990588188,3856,1931248,1939070,7822,0,72000,7822,0,0.000000000,0.000000000,252.021090000,267.238179000,0.000000000,267.238179000,520.639069000,3,7
1658137491.324825764,1785562045.563560486,3857,1939070,1947157,8087,0,72000,8087,0,0.000000000,0.000000000,272.146060000,280.980961000,0.000000000,280.980961000,554.330645000,3,7
1658137491.824746847,1785562046.158761024,3858,1947157,1951628,4471,0,72000,8087,4401,0.000000000,182.278021000,183.903115000,398.466608000,0.000000000,398.466608000,583.340842000,3,8
1658137492.324738741,1785562046.638036728,3859,1951628,1958444,6816,0,72000,6816,0,0.000000000,0.000000000,229.773541000,230.847344000,0.000000000,230.847344000,461.765174000,3,8
1658137492.924915552,1785562047.185251236,3860,1958444,1966340,7896,0,72000,7896,0,0.000000000,0.000000000,266.374166000,259.509163000,0.000000000,259.509163000,527.256486000,3,7
1658137493.424870253,1785562047.618883848,3861,1966340,1973886,7547,0,72000,7547,6,0.000000000,158.544366000,158.676795000,255.317491000,0.000000000,255.317491000,415.320937000,3,7
1658137494.024745464,1785562048.166392803,3862,1973886,1981483,7597,0,72000,7597,0,0.000000000,0.000000000,274.352370000,254.681266000,0.000000000,254.681266000,530.148544000,3,7
1658137494.524743080,1785562048.748404264,3863,1981483,1989354,7871,0,72000,7871,0,0.000000000,0.000000000,289.496112000,274.268675000,0.000000000,274.268675000,564.987865000,3,7
1658137495.124904394,1785562049.534623861,3864,1989354,1997845,8621,0,72000,8621,0,0.000000000,0.000000000,399.816428000,367.436406000,0.000000000,367.436406000,768.555797000,3,7
1658137495.524757147,1785562050.075337887,3865,1997845,2005604,7759,0,72000,7759,0,0.000000000,0.000000000,289.006807000,235.966942000,0.000000000,235.966942000,526.239601000,3,7
1658137496.024837732,1785562050.282773733,3866,2005604,1942309,4276,0,72000,7759,3948,0.000000000,171.964538000,173.147495000,25.757360000,0.000000000,25.757360000,199.837463000,3,8
1658137496.624916553,1785562050.353478193,3867,1942309,1950164,7865,0,72000,7865,0,0.000000000,0.000000000,28.167784000,25.653277000,0.000000000,25.653277000,55.441700000,3,7
1658137497.424760818,1785562050.395757914,3868,1950164,1958198,8034,0,72000,8034,11,0.000000000,9.343081000,9.448272000,16.287961000,0.000000000,16.287961000,26.989562000,3,7
1658137497.924840450,1785562050.462563992,3869,1958198,1965867,7669,0,72000,7669,0,0.000000000,0.000000000,18.891850000,31.317461000,0.000000000,31.317461000,51.604042000,3,7
1658137498.124758720,1785562050.528665543,3870,1965867,1972941,7074,0,72000,7074,0,0.000000000,0.000000000,20.342691000,30.837802000,0.000000000,30.837802000,52.415012000,3,7
1658137498.224847078,1785562050.616890192,3871,1972941,1977340,4399,0,72000,7074,3011,0.000000000,31.986686000,32.820096000,48.121002000,0.000000000,48.121002000,81.867567000,3,8
1658137498.324832916,1785562050.706859112,3872,1977340,1981520,4180,0,72000,7074,3024,0.000000000,33.628567000,34.197979000,49.595104000,0.000000000,49.595104000,84.695703000,3,9
1658137498.424903631,1785562050.795990467,3873,1981520,1985543,4023,0,72000,7074,3038,0.000000000,34.133317000,34.741422000,47.287408000,0.000000000,47.287408000,82.921410000,3,10
1658137498.524743795,1785562050.883609533,3874,1985543,1989435,3892,0,72000,7074,3037,0.000000000,33.927688000,34.498617000,46.822422000,0.000000000,46.822422000,82.173424000,3,11
1658137498.624835014,1785562050.963801861,3875,1989435,1997459,8024,0,72000,8024,0,0.000000000,0.000000000,31.467682000,31.885526000,0.000000000,31.885526000,64.532348000,3,11
1658137498.724927902,1785562051.058054924,3876,1997459,2002864,5406,0,72000,8024,3921,0.000000000,27.850507000,29.181016000,57.743489000,0.000000000,57.743489000,87.869003000,3,12
1658137498.824765205,1785562051.150927305,3877,2002864,2007657,4794,0,72000,8024,3925,0.000000000,32.625523000,33.839218000,51.171262000,0.000000000,51.171262000,85.932475000,3,13
1658137498.924861670,1785562051.243119717,3878,2007657,2012168,4511,0,72000,8024,3931,0.000000000,33.775640000,34.946921000,49.840272000,0.000000000,49.840272000,85.908510000,3,14
1658137499.024818420,1785562051.334538221,3879,2012168,2016576,4408,0,72000,8024,3923,0.000000000,34.689492999,35.770153000,48.753925000,0.000000000,48.753925000,85.474293000,3,15
1658137499.124903679,1785562051.423155785,3880,2016576,2020918,4342,0,72000,8024,3931,0.000000000,33.430588000,34.480823000,47.415292000,0.000000000,47.415292000,82.801869000,3,16
1658137499.224744797,1785562051.517156839,3881,2020918,2025186,4268,0,72000,8024,3930,0.000000000,36.231728000,37.555135000,48.207882000,0.000000000,48.207882000,86.889678000,3,17
1658137499.324849129,1785562051.607903957,3882,2025186,2029383,4197,0,72000,8024,3929,0.000000000,35.197912001,36.235629000,46.545545000,0.000000000,46.545545000,83.734102000,3,18
1658137499.424819708,1785562051.685246706,3883,2029383,2037385,8002,0,72000,8002,0,0.000000000,0.000000000,29.871269000,32.642767000,0.000000000,32.642767000,63.701060000,3,18
1658137499.524891853,1785562051.781169653,3884,2037385,2042754,5369,0,72000,8002,3928,0.000000000,26.994248000,28.350849000,59.417926000,0.000000000,59.417926000,88.740855000,3,19
1658137499.624728918,1785562051.865719557,3885,2042754,2047078,4324,0,72000,8002,3950,0.000000000,26.950365000,28.009608000,48.961837000,0.000000000,48.961837000,78.021620000,3,20
1658137499.724830151,1785562051.951151371,3886,2047078,2051168,4090,0,72000,8002,3963,0.000000000,28.158567000,29.340966000,49.182546000,0.000000000,49.182546000,79.399899000,3,21
1658137499.824920654,1785562052.031678677,3887,2051168,2055163,3995,0,72000,8002,3967,0.000000000,28.024516000,29.039523000,44.986313000,0.000000000,44.986313000,74.917136000,3,22
1658137499.924760103,1785562052.112619638,3888,2055163,2059059,3896,0,72000,8002,3973,0.000000000,29.064930000,30.254652000,43.790677000,0.000000000,43.790677000,75.074343000,3,23
1658137500.024856806,1785562052.205224752,3889,2059059,2066737,7678,0,72000,7678,0,0.000000000,0.000000000,38.108226000,41.686224000,0.000000000,41.686224000,80.947551000,3,23
1658137500.124819517,1785562052.313998938,3890,2066737,2071320,4583,0,72000,7678,3435,0.000000000,31.771895000,33.028110000,67.488480000,0.000000000,67.488480000,101.477747000,3,24
1658137500.224902630,1785562052.420614243,3891,2071320,2078216,6896,0,72000,6896,0,0.000000000,0.000000000,34.458666000,57.118665000,0.000000000,57.118665000,92.763605000,3,24
1658137500.324808121,1785562052.537707567,3892,2078216,2085385,7170,0,72000,7170,0,0.000000000,0.000000000,40.628556000,60.972688000,0.000000000,60.972688000,102.903930000,3,23
1658137500.424907923,1785562052.665679693,3893,2085385,2093323,7943,0,72000,7943,12,0.000000000,38.180090000,38.246748000,70.865669000,0.000000000,70.865669000,110.421254000,3,22
1658137500.524753094,1785562052.795385361,3894,2093323,2100690,7372,0,72000,7374,11,0.000000000,38.972072000,39.040047000,72.550296000,0.000000000,72.550296000,112.875000000,3,22
1658137500.624844551,1785562052.994735718,3895,2100690,2107976,7292,0,72000,7292,0,0.000000000,0.000000000,86.243744000,93.419802000,0.000000000,93.419802000,181.166072000,3,22
1658137500.724811316,1785562053.162293911,3896,2107976,2115432,7457,0,72000,7457,1,0.000000000,47.706191000,47.804810000,101.989724000,0.000000000,101.989724000,151.066200000,3,22
1658137500.824905157,1785562053.377109051,3897,2115432,2123320,7889,0,72000,7889,0,0.000000000,0.000000000,89.834303000,104.613655000,0.000000000,104.613655000,195.710103000,3,22
1658137500.924753189,1785562053.593046188,3898,2123320,2130614,7296,0,72000,7296,0,0.000000000,0.000000000,102.742131000,94.730595000,0.000000000,94.730595000,198.813414000,3,22
1658137501.024839640,1785562053.722771883,3899,2130614,2137140,6527,0,72000,6527,0,0.000000000,26.225715000,26.350927000,87.040691000,0.000000000,87.040691000,114.566592000,3,21
1658137501.124810457,1785562053.916177750,3900,2137140,2145096,7956,0,72000,7956,1,0.000000000,62.245418000,62.338125000,113.761633000,0.000000000,113.761633000,177.617704000,3,21
1658137501.224905968,1785562054.114754677,3901,2145096,2152474,7378,0,72000,7378,0,0.000000000,77.997749000,78.175456000,104.925556000,0.000000000,104.925556000,184.262250000,3,21
1658137501.524822950,1785562054.321523905,3902,2152474,2159751,7277,0,72000,7277,0,0.000000000,0.000000000,82.451000000,108.241339000,0.000000000,108.241339000,191.821097000,3,19
1658137501.624918699,1785562054.546373844,3903,2159751,2167698,7948,0,72000,7948,0,0.000000000,0.000000000,95.767541000,113.584782000,0.000000000,113.584782000,210.589121000,3,19
1658137501.824855566,1785562054.748499870,3904,2167698,2174927,7229,0,72000,7229,0,0.000000000,0.000000000,80.913044000,106.731217000,0.000000000,106.731217000,188.987104000,3,17
1658137502.024930477,1785562054.942314863,3905,2174927,2182030,7103,0,72000,7103,0,0.000000000,0.000000000,74.626101000,102.774937000,0.000000000,102.774937000,179.004699000,3,16
1658137502.224867582,1785562055.170566082,3906,2182030,2190064,8034,0,72000,8034,0,0.000000000,0.000000000,92.704415000,116.504221000,0.000000000,116.504221000,210.610505000,3,15
1658137502.424915552,1785562055.397150517,3907,2190064,2197605,7542,0,72000,7542,0,0.000000000,0.000000000,93.065068000,118.608639000,0.000000000,118.608639000,212.985489000,3,14
1658137502.624856234,1785562055.616376400,3908,2197605,2205061,7461,0,72000,7461,0,0.000000000,0.000000000,92.601653000,112.319552000,0.000000000,112.319552000,206.117011000,3,14
1658137502.824934244,1785562055.849382639,3909,2205061,2213176,8116,0,72000,8116,0,0.000000000,0.000000000,82.417817000,135.892463000,0.000000000,135.892463000,219.757832000,3,14
1658137503.024871349,1785562056.066632509,3910,2213176,2220447,7271,0,72000,7271,0,0.000000000,0.000000000,75.690556000,126.818092000,0.000000000,126.818092000,204.015478000,3,14
1658137503.324918985,1785562056.335862875,3911,2220447,2228449,8002,0,72000,8002,0,0.000000000,0.000000000,103.024904000,146.133467000,0.000000000,146.133467000,250.537624000,3,13
1658137503.524845600,1785562056.560711861,3912,2228449,2236452,8008,0,72000,8009,55,0.000000000,62.871233000,62.989495000,139.245476000,0.000000000,139.245476000,203.993954000,3,13
1658137503.724900246,1785562056.810193300,3913,2236452,2244174,7722,0,72000,7722,0,0.000000000,0.000000000,93.899765000,135.831682000,0.000000000,135.831682000,231.242079000,3,13
1658137503.924843788,1785562057.041579247,3914,2244174,2251897,7723,0,72000,7723,0,0.000000000,0.000000000,88.221667000,124.925920000,0.000000000,124.925920000,214.458420000,3,13
1658137504.224841356,1785562057.265597105,3915,2251897,2259201,7304,0,72000,7304,0,0.000000000,0.000000000,84.633189000,121.980827000,0.000000000,121.980827000,207.880969000,3,12
1658137504.424903154,1785562057.507313013,3916,2259201,2266314,7113,0,72000,7113,0,0.000000000,0.000000000,114.240929000,111.435939000,0.000000000,111.435939000,226.876668000,3,12
1658137504.724936008,1785562057.757110119,3917,2266314,2274240,7926,0,72000,7926,0,0.000000000,0.000000000,101.675610000,130.950065000,0.000000000,130.950065000,233.995870000,3,12
1658137504.924862146,1785562058.014709473,3918,2274240,2282159,7919,0,72000,7919,0,0.000000000,0.000000000,107.422263000,134.704570000,0.000000000,134.704570000,243.304900000,3,12
1658137505.124907494,1785562058.268229961,3919,2282159,2289705,7547,0,72000,7547,0,0.000000000,0.000000000,110.795737000,128.158365000,0.000000000,128.158365000,240.136314000,3,12
1658137505.424814224,1785562058.572432995,3920,2289705,2298390,8685,0,72000,8685,0,0.000000000,0.000000000,139.298934000,148.576883000,0.000000000,148.576883000,289.299066000,3,12
1658137505.624751329,1785562058.838689804,3921,2298390,2306409,8019,0,72000,8019,0,0.000000000,0.000000000,107.411744000,144.042978000,0.000000000,144.042978000,252.774479000,3,12
1658137505.924777031,1785562059.121371508,3922,2306409,2313933,7524,0,72000,7524,0,0.000000000,0.000000000,134.783860000,132.418252000,0.000000000,132.418252000,268.467659000,3,11
1658137506.124713182,1785562059.383316994,3923,2313933,2317918,3986,0,72000,7524,3095,0.000000000,79.847472000,80.904474000,171.770283000,0.000000000,171.770283000,253.755112000,3,12
1658137506.424897432,1785562059.608273983,3924,2317918,2325400,7488,0,72000,7494,89,0.000000000,69.529837000,69.645125000,141.872285000,0.000000000,141.872285000,212.667997000,3,12
1658137506.724887371,1785562059.974916935,3925,2325400,2333143,7743,0,72000,7743,0,0.000000000,0.000000000,199.209213000,153.148719000,0.000000000,153.148719000,353.610474000,3,11
1658137507.024900913,1785562060.204621553,3926,2333143,2340159,7016,0,72000,7016,1,0.000000000,75.013065000,75.065541000,140.637383000,0.000000000,140.637383000,216.939987000,3,11
1658137507.324924469,1785562060.520631075,3927,2340159,2347262,7103,0,72000,7103,0,0.000000000,0.000000000,163.098618000,138.823441000,0.000000000,138.823441000,303.159286000,3,11
1658137507.524872780,1785562060.814440966,3928,2347262,2354181,6919,0,72000,6919,0,0.000000000,0.000000000,141.789262000,138.658947000,0.000000000,138.658947000,281.760404000,3,11
1658137507.824923992,1785562061.113999844,3929,2354181,2361403,7222,0,72000,7222,0,0.000000000,0.000000000,142.615485000,144.449596000,0.000000000,144.449596000,288.103454000,3,11
1658137508.124816895,1785562061.402350426,3930,2361403,2368542,7139,0,72000,7139,0,0.000000000,0.000000000,126.398565000,149.168962000,0.000000000,149.168962000,276.692534000,3,11
1658137508.424806833,1785562061.699263811,3931,2368542,2375618,7076,0,72000,7076,0,0.000000000,0.000000000,132.226052000,150.368821000,0.000000000,150.368821000,283.796382000,3,11
1658137508.724861622,1785562062.027061224,3932,2375618,2383347,7729,0,72000,7729,0,0.000000000,0.000000000,141.746758000,172.158406000,0.000000000,172.158406000,315.142500000,3,10
1658137509.024743319,1785562062.285174131,3933,2383347,2391282,7937,0,72000,7937,13,0.000000000,79.540886000,79.607447000,163.107137000,0.000000000,163.107137000,243.962168000,3,10
1658137509.324859619,1785562062.613325834,3934,2391282,2399151,7869,0,72000,7869,0,0.000000000,0.000000000,142.662204000,171.626395000,0.000000000,171.626395000,315.458569000,3,10
1658137509.624726534,1785562062.917213917,3935,2399151,2406571,7420,0,72000,7420,0,0.000000000,0.000000000,134.073260000,157.091894000,0.000000000,157.091894000,292.269638000,3,10
1658137509.924755573,1785562063.223284006,3936,2406571,2413938,7367,0,72000,7367,0,0.000000000,0.000000000,140.573106000,152.444493000,0.000000000,152.444493000,294.220672000,3,10
1658137510.224905729,1785562063.528749466,3937,2413938,2421364,7426,0,72000,7426,0,0.000000000,0.000000000,135.422808000,157.613806000,0.000000000,157.613806000,294.063396000,3,10
1658137510.524807930,1785562063.892807007,3938,2421364,2429286,7922,0,72000,7922,0,0.000000000,0.000000000,165.578987000,181.791701000,0.000000000,181.791701000,348.649578000,3,10
1658137510.824836493,1785562064.230770350,3939,2429286,2436590,7304,0,72000,7304,0,0.000000000,0.000000000,143.797890000,173.649601000,0.000000000,173.649601000,318.693044000,3,10
1658137511.124850035,1785562064.598408699,3940,2436590,2443942,7352,0,72000,7352,0,0.000000000,0.000000000,184.758670000,161.328718000,0.000000000,161.328718000,347.450435000,3,10
1658137511.424712181,1785562064.978758812,3941,2443942,2451376,7434,0,72000,7434,0,0.000000000,0.000000000,196.965099000,166.164653000,0.000000000,166.164653000,364.335764000,3,10
1658137511.824808121,1785562065.355804682,3942,2451376,2459106,7730,0,72000,7730,0,0.000000000,0.000000000,185.230605000,174.773580000,0.000000000,174.773580000,361.278285000,3,10
1658137512.124823093,1785562065.700118542,3943,2459106,2466437,7331,0,72000,7331,0,0.000000000,0.000000000,166.572092000,162.311240000,0.000000000,162.311240000,330.118616000,3,10
1658137512.524835825,1785562066.064753056,3944,2466437,2473992,7555,0,72000,7555,0,0.000000000,0.000000000,167.828569000,181.192818000,0.000000000,181.192818000,350.135522000,3,9
1658137512.824831963,1785562066.511883974,3945,2473992,2482123,8133,0,72000,8133,0,0.000000000,0.000000000,240.584936000,189.316781000,0.000000000,189.316781000,431.075917000,3,9
1658137513.224822998,1785562066.913433075,3946,2482123,2490228,8105,0,72000,8105,0,0.000000000,0.000000000,191.334438000,194.800697000,0.000000000,194.800697000,387.468353000,3,9
1658137513.624851704,1785562067.271189928,3947,2490228,2496745,6517,0,72000,6517,0,0.000000000,0.000000000,188.133072000,155.906166000,0.000000000,155.906166000,345.101776000,3,9
1658137513.924746037,1785562067.657861948,3948,2496745,2504235,7490,0,72000,7490,0,0.000000000,0.000000000,188.162022000,183.096129000,0.000000000,183.096129000,372.727607000,3,9
1658137514.424920082,1785562068.044574499,3949,2504235,2511824,7589,0,72000,7589,0,0.000000000,0.000000000,182.676681000,189.220890000,0.000000000,189.220890000,373.024226000,3,9
1658137514.824882507,1785562068.449190378,3950,2511824,2519956,8132,0,72000,8132,0,0.000000000,0.000000000,178.949144000,209.489881000,0.000000000,209.489881000,389.741121000,3,8
1658137515.124907970,1785562068.911865711,3951,2519956,2525334,5379,0,72000,8132,3225,0.000000000,122.646349001,123.778849000,330.557291000,0.000000000,330.557291000,455.282765000,3,9
1658137515.524921894,1785562069.206364393,3952,2525334,2532824,7494,0,72000,7505,109,0.000000000,94.538047000,94.741621000,185.278473000,0.000000000,185.278473000,281.590453000,3,9
1658137515.924911261,1785562069.589649200,3953,2532824,2540619,7795,0,72000,7795,0,0.000000000,0.000000000,175.185537000,194.050211000,0.000000000,194.050211000,370.488414000,3,9
1658137516.324708700,1785562069.947973490,3954,2540619,2547725,7106,0,72000,7106,0,0.000000000,0.000000000,169.255835000,174.296931000,0.000000000,174.296931000,344.748794000,3,9
1658137516.824815035,1785562070.358194828,3955,2547725,2555434,7709,0,72000,7709,0,0.000000000,0.000000000,207.144702000,188.989522000,0.000000000,188.989522000,397.344153000,3,8
1658137517.124843359,1785562070.728199959,3956,2555434,2559925,4492,0,72000,7709,3494,0.000000000,106.147225000,106.995166000,254.818983000,0.000000000,254.818983000,362.766018000,3,9
1658137517.524754763,1785562071.154456615,3957,2559925,2567828,7905,0,72000,7905,0,0.000000000,0.000000000,215.844301000,196.444825000,0.000000000,196.444825000,413.570894000,3,9
1658137517.824928522,1785562071.540290594,3958,2567828,2575107,7279,0,72000,7279,0,0.000000000,0.000000000,183.840073000,187.329529000,0.000000000,187.329529000,372.456880000,3,9
1658137518.224918365,1785562071.961671591,3959,2575107,2582777,7670,0,72000,7670,0,0.000000000,0.000000000,207.985472000,199.659139000,0.000000000,199.659139000,408.927515000,3,9
1658137518.624762297,1785562072.373571396,3960,2582777,2589959,7182,0,72000,7182,0,0.000000000,0.000000000,204.508776000,193.370538000,0.000000000,193.370538000,399.206184000,3,9
1658137519.024885654,1785562072.845397711,3961,2589959,2597068,7109,0,72000,7109,0,0.000000000,0.000000000,268.230744000,190.101739000,0.000000000,190.101739000,459.522833000,3,9
1658137519.424777746,1785562078.424476147,3962,2597068,2603754,6686,0,72000,6686,0,0.000000000,0.000000000,181.864592000,180.456592000,0.000000000,180.456592000,363.287894000,3,9
1658137519.824739695,1785562079.206799269,3963,2601658,2598927,7252,0,72000,7252,0,0.000000000,0.000000000,192.715521000,420.479876000,0.000000000,420.479876000,621.632790000,3,8
1658137520.224836349,1785562079.573412180,3964,2598927,2603749,4822,0,72000,7252,3195,0.000000000,128.144784000,129.467285000,228.183961000,0.000000000,228.183961000,358.897358000,3,9
1658137520.724808693,1785562079.976774454,3965,2603749,2611674,7925,0,72000,7925,0,0.000000000,0.000000000,230.347339000,159.086503000,0.000000000,159.086503000,390.840223000,3,8
1658137526.324899435,1785562080.360864401,3966,2611674,2619818,8144,0,72000,8144,0,0.000000000,0.000000000,183.183384000,187.604815000,0.000000000,187.604815000,372.362582000,3,4
1658137527.124752283,1785562080.691384077,3967,2619818,2624112,4294,0,72000,8144,3970,0.000000000,105.315105000,106.881170000,216.348459000,0.000000000,216.348459000,323.971703000,3,5
1658137527.424746037,1785562080.842030048,3968,2624112,2542838,4007,0,72000,8144,3960,0.000000000,113.906579000,115.353000000,25.995365000,0.000000000,25.995365000,142.274566000,3,6
1658137527.824856520,1785562080.887044430,3969,2542838,2542637,3884,0,72000,8144,3957,0.000000000,15.422693000,16.390281000,18.819713000,0.000000000,18.819713000,36.216348000,3,7
1658137528.224842548,1785562080.931727648,3970,2542637,2546423,3788,0,72000,8144,3964,0.000000000,13.740544000,14.685532000,21.202113000,0.000000000,21.202113000,36.725924000,3,8
1658137528.624844790,1785562081.004995108,3971,2546423,2554813,8390,0,72000,8390,0,0.000000000,0.000000000,21.159277000,35.302238000,0.000000000,35.302238000,57.883908000,3,8
1658137528.724920750,1785562081.106034279,3972,2554813,2560183,5372,0,72000,8390,4133,0.000000000,30.141031000,31.893674000,59.833021000,0.000000000,59.833021000,92.751586000,3,9
1658137528.824771643,1785562081.199604750,3973,2560183,2564618,4435,0,72000,8390,4134,0.000000000,32.867762000,34.497800000,49.941127000,0.000000000,49.941127000,85.476568000,3,10
1658137528.924859047,1785562081.293636322,3974,2564618,2568773,4155,0,72000,8390,4166,0.000000000,36.420426000,37.916879000,47.579552000,0.000000000,47.579552000,86.473488000,3,11
1658137529.024817228,1785562081.375038862,3975,2568773,2572759,3986,0,72000,8390,4167,0.000000000,30.421254000,31.942225000,41.919409000,0.000000000,41.919409000,74.871965000,3,12
1658137529.124910116,1785562081.459819078,3976,2572759,2579732,6973,0,72000,6973,0,0.000000000,0.000000000,33.243518000,37.914192000,0.000000000,37.914192000,72.353583000,3,12
1658137529.224754095,1785562081.541329145,3977,2579732,2584210,4478,0,72000,6973,3015,0.000000000,21.725685000,23.015178000,51.798842000,0.000000000,51.798842000,75.702498000,3,13
1658137529.324879169,1785562081.621139288,3978,2584210,2588210,4000,0,72000,6973,3032,0.000000000,23.183207000,24.023703000,48.959480000,0.000000000,48.959480000,74.093628000,3,14
1658137529.424729347,1785562081.696474791,3979,2588210,2592007,3797,0,72000,6973,3040,0.000000000,23.977702000,24.792069000,43.537024000,0.000000000,43.537024000,69.276664000,3,15
1658137529.524814129,1785562081.777332544,3980,2592007,2598901,6894,0,72000,6894,0,0.000000000,0.000000000,30.690488000,35.699956000,0.000000000,35.699956000,67.655441000,3,15
1658137529.624891996,1785562081.860565424,3981,2598901,2603038,4138,0,72000,6894,2793,0.000000000,24.943288000,25.999359000,49.956847000,0.000000000,49.956847000,76.737815000,3,16
1658137529.724724770,1785562081.941895247,3982,2603038,2606746,3708,0,72000,6894,2785,0.000000000,28.545143000,29.481014000,45.004395000,0.000000000,45.004395000,75.295136000,3,17
1658137529.824817896,1785562082.030597925,3983,2606746,2610387,3641,0,72000,6894,2813,0.000000000,33.426344000,34.713714000,45.584211000,0.000000000,45.584211000,81.360896000,3,18
1658137529.924927235,1785562082.130438805,3984,2610387,2617922,7535,0,72000,7535,0,0.000000000,0.000000000,35.084787000,48.845752000,0.000000000,48.845752000,85.093670000,3,18
1658137530.024761677,1785562082.229229450,3985,2617922,2622039,4117,0,72000,7535,2885,0.000000000,32.193026000,33.204160000,58.093139000,0.000000000,58.093139000,92.203895000,3,19
1658137530.124832630,1785562082.326285362,3986,2622039,2625739,3700,0,72000,7535,2915,0.000000000,33.385122000,34.749864000,55.156052000,0.000000000,55.156052000,90.872115000,3,20
1658137530.224913359,1785562082.420988321,3987,2625739,2629318,3579,0,72000,7535,2930,0.000000000,35.462964000,36.317423000,51.572927000,0.000000000,51.572927000,88.886142000,3,21
1658137530.324831009,1785562082.513750792,3988,2629318,2636451,7133,0,72000,7133,0,0.000000000,0.000000000,33.178953000,44.806211000,0.000000000,44.806211000,79.371205000,3,21
1658137530.424808025,1785562082.611577034,3989,2636451,2640254,3804,0,72000,7133,3251,0.000000000,31.767933000,33.184743000,56.670653000,0.000000000,56.670653000,90.751727000,3,22
1658137530.524895191,1785562082.701238632,3990,2640254,2643607,3354,0,72000,7133,3270,0.000000000,31.052794000,31.946911000,50.833439000,0.000000000,50.833439000,83.698274000,3,23
1658137530.624735117,1785562082.810220718,3991,2643607,2650868,7261,0,72000,7261,0,0.000000000,0.000000000,49.000559000,47.573933000,0.000000000,47.573933000,97.887299000,3,23
1658137530.724809885,1785562082.951227427,3992,2650868,2658771,7903,0,72000,7903,0,0.000000000,0.000000000,76.805534000,51.253580000,0.000000000,51.253580000,129.278015000,3,23
1658137530.824888229,1785562083.060518742,3993,2658771,2665777,7008,0,72000,7008,0,0.000000000,0.000000000,50.798940000,44.447682000,0.000000000,44.447682000,96.391803000,3,22
1658137530.924729586,1785562083.165525913,3994,2665777,2675044,9271,0,72000,9271,1,0.000000000,26.948502000,26.990617000,62.002999000,0.000000000,62.002999000,90.534777000,3,22
1658137531.024823189,1785562083.289504528,3995,2675044,2682453,7409,0,72000,7409,0,0.000000000,0.000000000,64.155720000,46.772928000,0.000000000,46.772928000,112.115260000,3,22
1658137531.124917746,1785562083.418324947,3996,2682453,2690498,8046,0,72000,8046,0,0.000000000,0.000000000,60.183287000,53.393136000,0.000000000,53.393136000,115.163701000,3,22
1658137531.224753380,1785562083.502654552,3997,2690498,2697917,7421,0,72000,7421,0,0.000000000,10.336419000,20.099792000,50.642401000,0.000000000,50.642401000,71.957449000,3,22
1658137531.324804783,1785562083.633735895,3998,2697917,2706118,8203,0,72000,8203,0,0.000000000,0.000000000,54.853745000,61.043493000,0.000000000,61.043493000,117.431047000,3,22
1658137531.424889803,1785562083.744700432,3999,2706118,2713280,7165,0,72000,7165,0,0.000000000,0.000000000,47.541901000,50.945654000,0.000000000,50.945654000,99.979376000,3,21
1658137531.524734974,1785562083.830217123,4000,2713280,2721093,7817,0,72000,7817,17,0.000000000,23.013830000,23.079182000,50.320952000,0.000000000,50.320952000,74.628514000,3,21
