timestamp_utc,timestamp_monotonic,elapsed_sec,pid,cpu_percent_raw,cpu_percent_normalized,rss_mb,vms_mb,shared_mb,num_threads,read_bytes_delta,write_bytes_delta,process_status
2026-08-01T05:19:29.236507+00:00,2226.984988723,0.001044,3377,0.000,0.000,143.125,879.500,42.188,13,0,0,S (sleeping)
2026-08-01T05:19:29.737446+00:00,2227.485845306,0.501901,3377,3.993,0.200,143.438,880.078,42.344,13,0,0,S (sleeping)
2026-08-01T05:19:30.238436+00:00,2227.986908007,1.002963,3377,3.992,0.200,143.438,880.078,42.344,13,0,0,S (sleeping)
2026-08-01T05:19:30.740202+00:00,2228.488662826,1.504718,3377,1.993,0.100,143.438,880.078,42.344,13,0,0,S (sleeping)
2026-08-01T05:19:31.241100+00:00,2228.989552568,2.005608,3377,3.993,0.200,143.438,880.078,42.344,13,0,0,S (sleeping)
2026-08-01T05:19:31.742050+00:00,2229.490496441,2.506552,3377,3.992,0.200,143.438,879.551,42.344,13,0,0,S (sleeping)
2026-08-01T05:19:32.243296+00:00,2229.991700661,3.007756,3377,3.990,0.200,143.438,879.551,42.344,13,0,0,S (sleeping)
2026-08-01T05:19:32.744196+00:00,2230.492665678,3.508721,3377,3.992,0.200,143.594,879.602,42.500,13,0,0,S (sleeping)
2026-08-01T05:19:33.245079+00:00,2230.993554936,4.009610,3377,5.989,0.299,143.594,879.602,42.500,13,0,0,S (sleeping)
2026-08-01T05:19:33.746019+00:00,2231.494498339,4.510554,3377,1.996,0.100,143.594,879.602,42.500,13,0,0,S (sleeping)
2026-08-01T05:19:34.246431+00:00,2231.994909559,5.010965,3377,3.997,0.200,143.594,879.602,42.500,13,0,0,S (sleeping)
2026-08-01T05:19:34.747353+00:00,2232.495805127,5.511860,3377,3.993,0.200,143.594,879.602,42.500,13,0,0,S (sleeping)
2026-08-01T05:19:35.248434+00:00,2232.996910389,6.012966,3377,5.987,0.299,143.594,879.602,42.500,13,0,0,S (sleeping)
2026-08-01T05:19:35.749343+00:00,2233.497822488,6.513878,3377,1.996,0.100,143.594,879.602,42.500,13,0,0,S (sleeping)
2026-08-01T05:19:36.250252+00:00,2233.998713708,7.014769,3377,3.993,0.200,143.594,879.602,42.500,13,0,0,S (sleeping)
2026-08-01T05:19:36.751249+00:00,2234.499710231,7.515766,3377,5.988,0.299,143.594,879.602,42.500,13,0,0,S (sleeping)
2026-08-01T05:19:37.252195+00:00,2235.000662066,8.016717,3377,3.992,0.200,143.594,879.602,42.500,13,0,0,S (sleeping)
2026-08-01T05:19:37.753112+00:00,2235.501549735,8.517605,3377,5.989,0.299,148.801,910.648,42.969,13,28672,0,S (sleeping)
2026-08-01T05:19:38.254201+00:00,2236.002675747,9.018731,3377,9.978,0.499,148.961,910.699,42.969,13,8192,0,S (sleeping)
2026-08-01T05:19:38.755111+00:00,2236.503585595,9.519641,3377,9.982,0.499,148.961,910.699,42.969,13,0,4096,S (sleeping)
2026-08-01T05:19:39.256020+00:00,2237.004488992,10.020544,3377,13.975,0.699,148.965,910.703,42.969,13,0,0,S (sleeping)
2026-08-01T05:19:39.756988+00:00,2237.505457720,10.521513,3377,11.977,0.599,148.965,910.703,42.969,13,0,0,S (sleeping)
2026-08-01T05:19:40.257902+00:00,2238.006377116,11.022432,3377,11.978,0.599,149.109,910.707,42.969,13,0,0,S (sleeping)
2026-08-01T05:19:40.758791+00:00,2238.507267334,11.523323,3377,7.986,0.399,149.105,910.703,42.969,13,0,0,S (sleeping)
2026-08-01T05:19:41.259710+00:00,2239.008174644,12.024230,3377,5.989,0.299,149.109,910.707,42.969,13,0,0,S (sleeping)
2026-08-01T05:19:41.760603+00:00,2239.509078944,12.525134,3377,7.986,0.399,149.109,910.707,42.969,13,0,0,S (sleeping)
2026-08-01T05:19:42.261524+00:00,2240.009985062,13.026040,3377,3.993,0.200,149.109,910.707,42.969,13,0,0,R (running)
2026-08-01T05:19:42.762392+00:00,2240.510868596,13.526924,3377,7.986,0.399,149.109,910.707,42.969,13,0,0,S (sleeping)
2026-08-01T05:19:43.263314+00:00,2241.011781349,14.027837,3377,5.989,0.299,149.113,910.711,42.969,13,0,0,S (sleeping)
2026-08-01T05:19:43.764313+00:00,2241.512765109,14.528820,3377,5.988,0.299,149.117,910.715,42.969,13,0,4096,S (sleeping)
2026-08-01T05:19:44.265187+00:00,2242.013666566,15.029722,3377,7.986,0.399,149.117,910.715,42.969,13,0,0,S (sleeping)
2026-08-01T05:19:44.766137+00:00,2242.514612537,15.530668,3377,5.989,0.299,149.117,910.715,42.969,13,0,0,S (sleeping)
2026-08-01T05:19:45.267027+00:00,2243.015504340,16.031560,3377,7.986,0.399,149.121,910.719,42.969,13,0,0,S (sleeping)
2026-08-01T05:19:45.767933+00:00,2243.516404370,16.532460,3377,5.989,0.299,149.121,910.719,42.969,13,0,0,S (sleeping)
2026-08-01T05:19:46.269202+00:00,2244.017600011,17.033655,3377,5.986,0.299,149.125,910.723,42.969,13,0,0,S (sleeping)
2026-08-01T05:19:46.770127+00:00,2244.518602048,17.534657,3377,5.988,0.299,149.125,910.723,42.969,13,0,0,S (sleeping)
2026-08-01T05:19:47.271044+00:00,2245.019524112,18.035579,3377,5.989,0.299,149.125,910.723,42.969,13,0,0,S (sleeping)
2026-08-01T05:19:47.772024+00:00,2245.520485646,18.536541,3377,5.988,0.299,149.125,910.723,42.969,13,0,0,S (sleeping)
2026-08-01T05:19:48.272955+00:00,2246.021431301,19.037487,3377,7.985,0.399,149.133,910.730,42.969,13,0,0,S (sleeping)
2026-08-01T05:19:48.773956+00:00,2246.522400492,19.538456,3377,7.985,0.399,152.254,913.629,43.281,13,4096,0,S (sleeping)
2026-08-01T05:19:49.274868+00:00,2247.023331301,20.039387,3377,27.948,1.397,154.426,1058.605,43.281,15,32768,0,S (sleeping)
2026-08-01T05:19:49.775717+00:00,2247.524197495,20.540253,3377,29.948,1.497,155.680,1059.980,43.281,15,0,0,S (sleeping)
2026-08-01T05:19:50.276622+00:00,2248.025097865,21.041153,3377,27.950,1.397,156.809,1061.109,43.281,15,0,0,S (sleeping)
2026-08-01T05:19:50.777519+00:00,2248.525998172,21.542053,3377,29.946,1.497,156.965,1061.125,43.281,15,0,0,S (sleeping)
2026-08-01T05:19:51.278439+00:00,2249.026908927,22.042964,3377,27.949,1.397,156.965,1061.125,43.281,15,0,0,S (sleeping)
2026-08-01T05:19:51.779502+00:00,2249.527915502,22.543971,3377,31.936,1.597,157.121,1061.152,43.281,15,0,0,S (sleeping)
2026-08-01T05:19:52.280431+00:00,2250.028903994,23.044959,3377,29.941,1.497,157.746,1061.652,43.281,15,0,0,S (sleeping)
2026-08-01T05:19:52.781360+00:00,2250.529838711,23.545894,3377,29.944,1.497,155.039,1058.703,43.281,15,0,0,S (sleeping)
2026-08-01T05:19:53.282256+00:00,2251.030734951,24.046790,3377,37.932,1.897,155.039,1058.703,43.281,15,0,0,S (sleeping)
2026-08-01T05:19:53.783167+00:00,2251.531634918,24.547690,3377,31.943,1.597,155.195,1058.914,43.281,15,0,4096,S (sleeping)
2026-08-01T05:19:54.283616+00:00,2252.032086798,25.048142,3377,35.967,1.798,159.102,1062.805,43.281,15,0,0,S (sleeping)
2026-08-01T05:19:54.783518+00:00,2252.533068114,25.549123,3377,35.929,1.796,155.410,1059.070,43.281,15,0,0,S (sleeping)
2026-08-01T05:19:55.284404+00:00,2253.033957996,26.050013,3377,33.940,1.697,159.113,1062.680,43.281,15,0,0,S (sleeping)
2026-08-01T05:19:55.785342+00:00,2253.534898517,26.550954,3377,37.929,1.896,160.133,1063.566,43.281,15,0,0,S (sleeping)
2026-08-01T05:19:56.286275+00:00,2254.035826084,27.051881,3377,35.933,1.797,159.426,1062.730,43.281,15,0,0,S (sleeping)
2026-08-01T05:19:56.787235+00:00,2254.536788908,27.552844,3377,35.931,1.797,159.426,1062.730,43.281,15,0,0,S (sleeping)
2026-08-01T05:19:57.288281+00:00,2255.037828030,28.053883,3377,33.929,1.696,159.582,1062.902,43.281,15,0,0,S (sleeping)
2026-08-01T05:19:57.789229+00:00,2255.538775509,28.554831,3377,31.939,1.597,159.582,1062.902,43.281,15,0,0,S (sleeping)
2026-08-01T05:19:58.290139+00:00,2256.039692983,29.055748,3377,35.934,1.797,160.051,1063.320,43.281,15,0,0,S (sleeping)
2026-08-01T05:19:58.791045+00:00,2256.540589721,29.556645,3377,33.939,1.697,160.363,1127.320,43.281,15,0,0,S (sleeping)
2026-08-01T05:19:59.291939+00:00,2257.041499712,30.057555,3377,35.935,1.797,160.676,1127.320,43.281,15,0,0,S (sleeping)
2026-08-01T05:19:59.792799+00:00,2257.542348991,30.558404,3377,33.942,1.697,160.676,1127.320,43.281,15,0,0,S (sleeping)
2026-08-01T05:20:00.293742+00:00,2258.043294019,31.059349,3377,35.932,1.797,160.676,1127.320,43.281,15,0,0,S (sleeping)
2026-08-01T05:20:00.794651+00:00,2258.544202330,31.560258,3377,35.935,1.797,160.676,1127.320,43.281,15,0,0,S (sleeping)
2026-08-01T05:20:01.295558+00:00,2259.045108645,32.061164,3377,29.946,1.497,160.676,1127.320,43.281,15,0,0,S (sleeping)
2026-08-01T05:20:01.796476+00:00,2259.546028416,32.562084,3377,35.934,1.797,160.676,1127.320,43.281,15,0,0,S (sleeping)
2026-08-01T05:20:02.297390+00:00,2260.046943682,33.062999,3377,33.938,1.697,160.676,1127.320,43.281,15,0,0,S (sleeping)
2026-08-01T05:20:02.798467+00:00,2260.547977988,33.564033,3377,33.930,1.696,160.676,1127.320,43.281,15,0,0,S (sleeping)
2026-08-01T05:20:03.299342+00:00,2261.048894882,34.064950,3377,31.941,1.597,160.676,1127.320,43.281,15,0,0,S (sleeping)
2026-08-01T05:20:03.800267+00:00,2261.549819828,34.565875,3377,33.937,1.697,160.676,1127.320,43.281,15,0,0,S (sleeping)
2026-08-01T05:20:04.301157+00:00,2262.050714505,35.066770,3377,33.939,1.697,160.676,1127.320,43.281,15,0,0,S (sleeping)
2026-08-01T05:20:04.802012+00:00,2262.551556248,35.567612,3377,35.939,1.797,160.676,1127.320,43.281,15,0,0,S (sleeping)
2026-08-01T05:20:05.302986+00:00,2263.052504919,36.068560,3377,33.936,1.697,160.676,1127.320,43.281,15,0,0,S (sleeping)
2026-08-01T05:20:05.804013+00:00,2263.553562627,36.569618,3377,35.924,1.796,160.102,1126.785,43.281,15,0,0,S (sleeping)
2026-08-01T05:20:06.304507+00:00,2264.054061646,37.070117,3377,37.962,1.898,158.457,1124.973,43.281,15,0,0,S (sleeping)
2026-08-01T05:20:06.805368+00:00,2264.554921745,37.570977,3377,37.935,1.897,161.195,1127.832,43.281,15,0,0,S (sleeping)
2026-08-01T05:20:07.306246+00:00,2265.055797343,38.071853,3377,37.934,1.897,159.562,1125.922,43.281,15,0,0,S (sleeping)
2026-08-01T05:20:07.807112+00:00,2265.556664731,38.572720,3377,39.931,1.997,162.375,1128.723,43.281,15,0,0,S (sleeping)
2026-08-01T05:20:08.308026+00:00,2266.057561821,39.073617,3377,39.928,1.996,163.781,1128.723,43.281,15,0,0,R (running)
2026-08-01T05:20:08.809014+00:00,2266.558567963,39.574623,3377,43.912,2.196,163.195,1127.996,43.281,15,0,0,S (sleeping)
2026-08-01T05:20:09.309936+00:00,2267.059483729,40.075539,3377,41.923,2.096,165.070,1128.395,43.281,15,0,0,S (sleeping)
2026-08-01T05:20:09.810903+00:00,2267.560451138,40.576506,3377,43.915,2.196,165.852,1129.086,43.281,15,0,0,S (sleeping)
2026-08-01T05:20:10.311837+00:00,2268.061382722,41.077438,3377,41.922,2.096,165.934,1129.000,43.281,15,0,0,S (sleeping)
2026-08-01T05:20:10.812732+00:00,2268.562286756,41.578342,3377,41.924,2.096,166.469,1129.527,43.281,15,0,0,S (sleeping)
2026-08-01T05:20:11.313671+00:00,2269.063213420,42.079269,3377,41.922,2.096,166.469,1129.527,43.281,15,0,0,S (sleeping)
2026-08-01T05:20:11.814526+00:00,2269.564068411,42.580124,3377,45.921,2.296,168.188,1131.199,43.281,15,0,0,S (sleeping)
2026-08-01T05:20:12.315409+00:00,2270.064958452,43.081014,3377,39.929,1.996,168.188,1131.199,43.281,15,0,0,S (sleeping)
2026-08-01T05:20:12.816287+00:00,2270.565833567,43.581889,3377,45.920,2.296,167.703,1130.613,43.281,15,0,0,S (sleeping)
2026-08-01T05:20:13.317129+00:00,2271.066678723,44.082734,3377,41.929,2.096,167.508,1130.414,43.281,15,0,0,R (running)
2026-08-01T05:20:13.818049+00:00,2271.567587183,44.583642,3377,43.920,2.196,166.359,1129.125,43.281,15,0,0,D (disk sleep)
2026-08-01T05:20:14.319058+00:00,2272.068533282,45.084589,3377,47.909,2.395,168.184,1131.195,43.281,15,0,0,R (running)
2026-08-01T05:20:14.819702+00:00,2272.569172128,45.585227,3377,41.946,2.097,165.215,1127.980,43.281,15,0,0,R (running)
2026-08-01T05:20:15.320666+00:00,2273.070220378,46.086276,3377,45.904,2.295,168.027,1131.062,43.281,15,0,0,R (running)
2026-08-01T05:20:15.821311+00:00,2273.570863298,46.586919,3377,43.943,2.197,168.496,1131.520,43.281,15,0,0,R (running)
2026-08-01T05:20:16.322215+00:00,2274.071758488,47.087814,3377,45.918,2.296,168.965,1131.953,43.281,15,0,0,R (running)
2026-08-01T05:20:16.823250+00:00,2274.572793992,47.588849,3377,43.909,2.195,168.965,1131.953,43.281,15,0,0,R (running)
2026-08-01T05:20:17.323826+00:00,2275.073298847,48.089354,3377,43.956,2.198,168.965,1131.953,43.281,15,0,0,R (running)
2026-08-01T05:20:17.824788+00:00,2275.574327743,48.590383,3377,41.914,2.096,168.965,1131.953,43.281,15,0,0,R (running)
2026-08-01T05:20:18.325724+00:00,2276.075276414,49.091332,3377,43.917,2.196,168.965,1131.953,43.281,15,0,0,S (sleeping)
2026-08-01T05:20:18.826649+00:00,2276.576192329,49.592248,3377,47.912,2.396,168.766,1131.734,43.281,15,0,0,S (sleeping)
2026-08-01T05:20:19.327090+00:00,2277.076627124,50.092682,3377,43.962,2.198,168.555,1131.582,43.281,15,0,0,S (sleeping)
2026-08-01T05:20:19.827982+00:00,2277.577534538,50.593590,3377,45.917,2.296,166.211,1129.109,43.281,15,0,0,S (sleeping)
2026-08-01T05:20:20.328694+00:00,2278.078148810,51.094204,3377,43.946,2.197,169.648,1132.543,43.281,15,0,0,S (sleeping)
2026-08-01T05:20:20.829686+00:00,2278.579243261,51.595299,3377,43.904,2.195,166.055,1129.035,43.281,15,0,0,S (sleeping)
2026-08-01T05:20:21.330623+00:00,2279.080169190,52.096224,3377,43.919,2.196,169.180,1132.129,43.281,15,0,0,S (sleeping)
2026-08-01T05:20:21.831592+00:00,2279.581143375,52.597199,3377,43.914,2.196,169.336,1132.312,43.281,15,0,0,S (sleeping)
2026-08-01T05:20:22.332476+00:00,2280.082031174,53.098086,3377,45.918,2.296,169.492,1132.488,43.281,15,0,0,S (sleeping)
2026-08-01T05:20:22.833340+00:00,2280.582881060,53.598936,3377,39.932,1.997,169.492,1132.488,43.281,15,0,0,S (sleeping)
2026-08-01T05:20:23.334305+00:00,2281.083849957,54.099905,3377,45.911,2.296,166.055,1129.039,43.281,15,0,0,S (sleeping)
2026-08-01T05:20:23.835245+00:00,2281.584787651,54.600843,3377,39.925,1.996,169.336,1132.285,43.281,15,0,0,S (sleeping)
2026-08-01T05:20:24.336198+00:00,2282.085748914,55.101804,3377,45.912,2.296,169.336,1132.285,43.281,15,0,0,S (sleeping)
2026-08-01T05:20:24.835773+00:00,2282.586648721,55.602704,3377,41.925,2.096,169.492,1132.285,43.281,15,0,0,S (sleeping)
2026-08-01T05:20:25.336646+00:00,2283.087519435,56.103575,3377,43.924,2.196,169.492,1132.285,43.281,15,0,0,S (sleeping)
2026-08-01T05:20:25.837590+00:00,2283.588440935,56.604496,3377,45.915,2.296,169.648,1132.555,43.281,15,0,0,S (sleeping)
2026-08-01T05:20:26.338528+00:00,2284.089397769,57.105453,3377,41.920,2.096,168.867,1131.887,43.281,15,0,0,S (sleeping)
2026-08-01T05:20:26.839441+00:00,2284.590311132,57.606366,3377,45.916,2.296,169.336,1132.312,43.281,15,0,0,S (sleeping)
2026-08-01T05:20:27.340309+00:00,2285.091184194,58.107239,3377,47.916,2.396,170.742,1133.520,43.281,15,0,0,S (sleeping)
2026-08-01T05:20:27.841220+00:00,2285.592084027,58.608139,3377,45.917,2.296,169.672,1132.207,43.281,15,0,0,S (sleeping)
2026-08-01T05:20:28.342133+00:00,2286.093002200,59.109057,3377,47.912,2.396,170.453,1132.910,43.281,15,0,0,S (sleeping)
2026-08-01T05:20:28.843155+00:00,2286.594028389,59.610084,3377,49.898,2.495,171.703,1133.121,43.281,15,0,0,S (sleeping)
2026-08-01T05:20:29.344045+00:00,2287.094919151,60.110974,3377,47.915,2.396,171.703,1133.121,43.281,15,0,0,S (sleeping)
2026-08-01T05:20:29.844931+00:00,2287.595809561,60.611865,3377,49.911,2.496,172.043,1132.945,43.281,15,0,0,S (sleeping)
2026-08-01T05:20:30.345823+00:00,2288.096692918,61.112748,3377,53.905,2.695,172.824,1133.598,43.281,15,0,0,S (sleeping)
2026-08-01T05:20:30.846739+00:00,2288.597609365,61.613665,3377,51.905,2.595,172.980,1133.598,43.281,15,0,0,S (sleeping)
2026-08-01T05:20:31.347629+00:00,2289.098501804,62.114557,3377,51.907,2.595,172.980,1133.598,43.281,15,0,0,S (sleeping)
2026-08-01T05:20:31.848622+00:00,2289.599493624,62.615549,3377,55.889,2.794,177.355,1136.223,43.281,15,0,0,S (sleeping)
2026-08-01T05:20:32.349538+00:00,2290.100410087,63.116465,3377,53.901,2.695,177.699,1135.383,43.281,15,0,0,S (sleeping)
2026-08-01T05:20:32.850443+00:00,2290.601321932,63.617377,3377,55.898,2.795,178.637,1136.227,43.281,15,0,0,S (sleeping)
2026-08-01T05:20:33.351336+00:00,2291.102202800,64.118258,3377,55.902,2.795,179.742,1137.055,43.281,15,0,0,S (sleeping)
2026-08-01T05:20:33.852292+00:00,2291.603165555,64.619221,3377,55.892,2.795,180.457,1137.840,43.281,15,0,0,S (sleeping)
2026-08-01T05:20:34.353264+00:00,2292.104135421,65.120191,3377,59.884,2.994,182.801,1138.832,43.281,15,0,0,S (sleeping)
2026-08-01T05:20:34.854177+00:00,2292.605039759,65.621095,3377,59.892,2.995,182.957,1138.832,43.281,15,0,0,S (sleeping)
2026-08-01T05:20:35.355077+00:00,2293.105949042,66.122004,3377,55.898,2.795,183.895,1138.832,43.281,15,0,0,S (sleeping)
2026-08-01T05:20:35.855974+00:00,2293.606848743,66.622904,3377,61.889,3.094,184.461,1138.844,43.281,15,0,0,S (sleeping)
2026-08-01T05:20:36.356875+00:00,2294.107728736,67.123784,3377,57.898,2.895,185.559,1139.867,43.281,15,0,0,S (sleeping)
2026-08-01T05:20:36.857872+00:00,2294.608741038,67.624796,3377,57.883,2.894,187.137,1141.492,43.281,15,0,0,S (sleeping)
2026-08-01T05:20:37.358855+00:00,2295.109721605,68.125777,3377,61.879,3.094,188.855,1143.262,43.281,15,0,0,S (sleeping)
2026-08-01T05:20:37.859737+00:00,2295.610596340,68.626652,3377,61.892,3.095,188.855,1143.262,43.281,15,0,0,S (sleeping)
2026-08-01T05:20:38.360692+00:00,2296.111556906,69.127612,3377,63.877,3.194,189.148,1143.117,43.281,15,0,0,S (sleeping)
2026-08-01T05:20:38.861204+00:00,2296.612077438,69.628133,3377,59.938,2.997,197.898,1147.449,43.281,15,0,0,S (sleeping)
2026-08-01T05:20:39.362106+00:00,2297.112972689,70.129028,3377,63.886,3.194,197.898,1147.449,43.281,15,0,0,S (sleeping)
2026-08-01T05:20:39.863073+00:00,2297.613933617,70.629989,3377,61.881,3.094,197.289,1144.445,43.281,15,0,0,S (sleeping)
2026-08-01T05:20:40.364030+00:00,2298.114911043,71.130966,3377,59.883,2.994,199.164,1145.406,43.281,15,0,0,S (sleeping)
2026-08-01T05:20:40.864899+00:00,2298.615772809,71.631828,3377,65.886,3.294,202.445,1148.582,43.281,15,0,0,S (sleeping)
2026-08-01T05:20:41.365821+00:00,2299.116695605,72.132751,3377,63.882,3.194,202.445,1148.582,43.281,15,0,0,S (sleeping)
2026-08-01T05:20:41.866670+00:00,2299.617538833,72.633594,3377,61.896,3.095,202.758,1148.582,43.281,15,0,0,S (sleeping)
2026-08-01T05:20:42.367534+00:00,2300.118409616,73.134465,3377,61.892,3.095,202.758,1148.582,43.281,15,0,0,S (sleeping)
2026-08-01T05:20:42.868440+00:00,2300.619312760,73.635368,3377,63.885,3.194,203.227,1149.039,43.281,15,0,0,S (sleeping)
2026-08-01T05:20:43.369393+00:00,2301.120268329,74.136324,3377,59.886,2.994,204.164,1150.012,43.281,15,0,0,S (sleeping)
2026-08-01T05:20:43.870305+00:00,2301.621178816,74.637234,3377,67.876,3.394,206.039,1151.730,43.281,15,0,0,S (sleeping)
2026-08-01T05:20:44.371206+00:00,2302.122076745,75.138132,3377,63.885,3.194,210.570,1155.301,43.281,15,0,0,S (sleeping)
2026-08-01T05:20:44.872175+00:00,2302.623032941,75.639088,3377,57.889,2.894,210.570,1155.301,43.281,15,0,0,S (sleeping)
2026-08-01T05:20:45.373215+00:00,2303.124078040,76.140133,3377,63.867,3.193,211.508,1156.289,43.281,15,0,0,S (sleeping)
2026-08-01T05:20:45.874204+00:00,2303.625077848,76.641133,3377,61.876,3.094,212.445,1157.203,43.281,15,0,0,S (sleeping)
2026-08-01T05:20:46.375080+00:00,2304.125947866,77.142003,3377,59.896,2.995,213.227,1158.078,43.281,15,0,0,S (sleeping)
2026-08-01T05:20:46.875978+00:00,2304.626852804,77.642908,3377,63.884,3.194,213.539,1158.395,43.281,15,0,0,S (sleeping)
2026-08-01T05:20:47.376891+00:00,2305.127764063,78.143819,3377,61.887,3.094,214.164,1159.031,43.281,15,0,0,S (sleeping)
2026-08-01T05:20:47.877781+00:00,2305.628644260,78.644700,3377,61.891,3.095,214.789,1159.582,43.281,15,0,0,S (sleeping)
2026-08-01T05:20:48.378699+00:00,2306.129562196,79.145617,3377,59.890,2.995,214.789,1159.582,43.281,15,0,0,S (sleeping)
2026-08-01T05:20:48.879608+00:00,2306.630486201,79.646541,3377,65.878,3.294,214.945,1159.582,43.281,15,0,0,D (disk sleep)
2026-08-01T05:20:49.380440+00:00,2307.131312568,80.147368,3377,107.822,5.391,219.320,1164.012,43.281,15,0,0,S (sleeping)
2026-08-01T05:20:49.881345+00:00,2307.632221797,80.648277,3377,63.884,3.194,219.320,1164.012,43.281,15,0,0,S (sleeping)
2026-08-01T05:20:50.382262+00:00,2308.133134777,81.149190,3377,63.883,3.194,219.320,1164.012,43.281,15,0,0,S (sleeping)
2026-08-01T05:20:50.883190+00:00,2308.634034322,81.650090,3377,61.889,3.094,219.320,1164.012,43.281,15,0,0,S (sleeping)
2026-08-01T05:20:51.384240+00:00,2309.135109799,82.151165,3377,63.863,3.193,219.320,1164.012,43.281,15,0,0,S (sleeping)
2026-08-01T05:20:51.885181+00:00,2309.636051114,82.652106,3377,63.880,3.194,220.414,1165.176,43.281,15,0,0,S (sleeping)
2026-08-01T05:20:52.386076+00:00,2310.136941615,83.152997,3377,61.890,3.094,220.883,1165.594,43.281,15,0,0,S (sleeping)
2026-08-01T05:20:52.886963+00:00,2310.637825977,83.653881,3377,59.894,2.995,220.883,1165.594,43.281,15,0,0,S (sleeping)
2026-08-01T05:20:53.387851+00:00,2311.138724611,84.154780,3377,63.885,3.194,222.133,1166.840,43.281,15,0,0,S (sleeping)
2026-08-01T05:20:53.888851+00:00,2311.639723433,84.655779,3377,63.872,3.194,222.133,1166.840,43.281,15,0,0,S (sleeping)
2026-08-01T05:20:54.389780+00:00,2312.140647264,85.156703,3377,61.886,3.094,222.602,1167.391,43.281,15,0,0,S (sleeping)
2026-08-01T05:20:54.889214+00:00,2312.641576320,85.657632,3377,65.878,3.294,222.914,1167.691,43.281,15,0,0,S (sleeping)
2026-08-01T05:20:55.390129+00:00,2313.142486334,86.158542,3377,69.873,3.494,223.227,1167.863,43.281,15,0,0,S (sleeping)
2026-08-01T05:20:55.891051+00:00,2313.643412914,86.659468,3377,65.878,3.294,231.195,1167.992,43.281,15,0,0,S (sleeping)
2026-08-01T05:20:56.392010+00:00,2314.144366201,87.160421,3377,69.867,3.493,231.195,1167.992,43.281,15,0,0,S (sleeping)
2026-08-01T05:20:56.892898+00:00,2314.645263338,87.661319,3377,61.889,3.094,231.195,1167.992,43.281,15,0,0,S (sleeping)
2026-08-01T05:20:57.393775+00:00,2315.146142530,88.162198,3377,63.888,3.194,231.195,1167.992,43.281,15,0,0,S (sleeping)
2026-08-01T05:20:57.894646+00:00,2315.646997173,88.663052,3377,63.891,3.195,231.195,1167.992,43.281,15,0,0,S (sleeping)
2026-08-01T05:20:58.395576+00:00,2316.147900401,89.163956,3377,63.885,3.194,231.195,1167.992,43.281,15,0,0,S (sleeping)
2026-08-01T05:20:58.896496+00:00,2316.648858116,89.664913,3377,63.878,3.194,231.195,1167.992,43.281,15,0,0,R (running)
2026-08-01T05:20:59.397412+00:00,2317.149761093,90.165816,3377,61.888,3.094,231.195,1167.992,43.281,15,0,0,S (sleeping)
2026-08-01T05:20:59.898317+00:00,2317.650668558,90.666724,3377,63.884,3.194,231.195,1167.992,43.281,15,0,0,S (sleeping)
2026-08-01T05:21:00.399219+00:00,2318.151572446,91.167628,3377,59.892,2.995,231.195,1167.992,43.281,15,0,0,S (sleeping)
2026-08-01T05:21:00.900256+00:00,2318.652613142,91.668668,3377,65.863,3.293,231.195,1167.992,43.281,15,0,0,S (sleeping)
2026-08-01T05:21:01.401036+00:00,2319.153402642,92.169458,3377,61.902,3.095,231.195,1167.992,43.281,15,0,0,S (sleeping)
2026-08-01T05:21:01.901497+00:00,2319.653860481,92.669916,3377,65.940,3.297,231.195,1167.992,43.281,15,0,0,S (sleeping)
2026-08-01T05:21:02.402436+00:00,2320.154792099,93.170847,3377,61.885,3.094,231.195,1167.992,43.281,15,0,0,S (sleeping)
2026-08-01T05:21:02.903342+00:00,2320.655700989,93.671756,3377,65.880,3.294,231.195,1167.992,43.281,15,0,0,S (sleeping)
2026-08-01T05:21:03.404262+00:00,2321.156622908,94.172678,3377,63.882,3.194,231.195,1167.992,43.281,15,0,0,S (sleeping)
2026-08-01T05:21:03.905175+00:00,2321.657542102,94.673597,3377,61.886,3.094,231.195,1167.992,43.281,15,0,0,S (sleeping)
2026-08-01T05:21:04.406065+00:00,2322.158423665,95.174479,3377,69.877,3.494,231.195,1168.121,43.281,15,0,0,S (sleeping)
2026-08-01T05:21:04.906973+00:00,2322.659323205,95.675378,3377,63.885,3.194,231.195,1168.121,43.281,15,0,0,S (sleeping)
2026-08-01T05:21:05.407967+00:00,2323.160324842,96.176380,3377,63.872,3.194,231.195,1168.121,43.281,15,0,0,S (sleeping)
2026-08-01T05:21:05.908813+00:00,2323.661175066,96.677230,3377,63.891,3.195,231.195,1168.121,43.281,15,0,0,S (sleeping)
2026-08-01T05:21:06.409824+00:00,2324.162135295,97.178191,3377,65.873,3.294,231.195,1168.121,43.281,15,0,0,S (sleeping)
2026-08-01T05:21:06.910883+00:00,2324.663171124,97.679226,3377,63.868,3.193,231.195,1168.121,43.281,15,0,0,S (sleeping)
2026-08-01T05:21:07.411767+00:00,2325.164128310,98.180184,3377,65.874,3.294,231.820,1168.801,43.281,15,0,0,S (sleeping)
2026-08-01T05:21:07.912704+00:00,2325.665064212,98.681119,3377,61.884,3.094,232.445,1169.371,43.281,15,0,0,S (sleeping)
2026-08-01T05:21:08.413641+00:00,2326.165997724,99.182053,3377,63.881,3.194,232.445,1169.371,43.281,15,0,0,S (sleeping)
2026-08-01T05:21:08.914548+00:00,2326.666908067,99.682963,3377,63.884,3.194,232.758,1169.719,43.281,15,0,0,S (sleeping)
2026-08-01T05:21:09.415471+00:00,2327.167831803,100.183887,3377,65.878,3.294,232.758,1169.719,43.281,15,0,0,S (sleeping)
2026-08-01T05:21:09.916403+00:00,2327.668758660,100.684814,3377,63.882,3.194,233.695,1170.730,43.281,15,0,0,S (sleeping)
2026-08-01T05:21:10.417331+00:00,2328.169688872,101.185744,3377,63.881,3.194,233.695,1170.730,43.281,15,0,0,R (running)
2026-08-01T05:21:10.918255+00:00,2328.670615966,101.686671,3377,61.885,3.094,234.477,1171.555,43.281,15,0,0,R (running)
2026-08-01T05:21:11.419161+00:00,2329.171525541,102.187581,3377,67.877,3.394,236.508,1173.480,43.281,15,0,0,R (running)
2026-08-01T05:21:11.920048+00:00,2329.672408234,102.688464,3377,67.880,3.394,238.695,1175.656,43.281,15,0,0,R (running)
2026-08-01T05:21:12.420955+00:00,2330.173316061,103.189371,3377,61.888,3.094,239.633,1176.680,43.281,15,0,0,R (running)
2026-08-01T05:21:12.921796+00:00,2330.674157578,103.690213,3377,69.882,3.494,240.727,1177.781,43.281,15,0,0,R (running)
2026-08-01T05:21:13.422823+00:00,2331.175109632,104.191165,3377,65.875,3.294,241.977,1179.027,43.281,15,0,0,R (running)
2026-08-01T05:21:13.923913+00:00,2331.676277736,104.692333,3377,61.855,3.093,241.977,1179.027,43.281,15,0,0,R (running)
2026-08-01T05:21:14.424945+00:00,2332.177208150,105.193263,3377,67.874,3.394,242.133,1179.027,43.281,15,0,0,R (running)
2026-08-01T05:21:14.925884+00:00,2332.678244886,105.694300,3377,65.863,3.293,242.758,1179.805,43.281,15,0,0,R (running)
2026-08-01T05:21:15.426799+00:00,2333.179148530,106.195204,3377,63.885,3.194,242.914,1179.805,43.281,15,0,0,R (running)
2026-08-01T05:21:15.927761+00:00,2333.680115671,106.696171,3377,67.869,3.393,242.914,1179.805,43.281,15,0,0,R (running)
2026-08-01T05:21:16.428687+00:00,2334.181051847,107.197107,3377,65.877,3.294,244.633,1181.547,43.281,15,0,0,R (running)
2026-08-01T05:21:16.929624+00:00,2334.681982316,107.698038,3377,67.874,3.394,244.633,1181.547,43.281,15,0,0,R (running)
2026-08-01T05:21:17.430546+00:00,2335.182899357,108.198955,3377,67.876,3.394,245.102,1181.965,43.281,15,0,0,R (running)
2026-08-01T05:21:17.931468+00:00,2335.683829708,108.699885,3377,65.877,3.294,247.289,1184.234,43.281,15,0,0,R (running)
2026-08-01T05:21:18.432390+00:00,2336.184753584,109.200809,3377,73.864,3.693,247.289,1184.234,43.281,15,0,0,R (running)
2026-08-01T05:21:18.933378+00:00,2336.685735566,109.701791,3377,63.875,3.194,247.289,1184.234,43.281,15,0,0,R (running)
2026-08-01T05:21:19.434307+00:00,2337.186655747,110.202711,3377,67.875,3.394,248.227,1185.051,43.281,15,0,0,R (running)
2026-08-01T05:21:19.935275+00:00,2337.687629698,110.703685,3377,67.868,3.393,248.227,1185.051,43.281,15,0,0,R (running)
2026-08-01T05:21:20.436255+00:00,2338.188619352,111.204675,3377,71.858,3.593,248.227,1185.051,43.281,15,0,0,S (sleeping)
2026-08-01T05:21:20.937167+00:00,2338.689523745,111.705579,3377,67.877,3.394,248.227,1185.051,43.281,15,0,0,S (sleeping)
2026-08-01T05:21:21.438092+00:00,2339.190449332,112.206505,3377,73.863,3.693,250.570,1187.391,43.281,15,0,0,S (sleeping)
2026-08-01T05:21:21.939162+00:00,2339.691521186,112.707576,3377,71.846,3.592,253.070,1187.391,43.281,15,0,0,S (sleeping)
2026-08-01T05:21:22.440028+00:00,2340.192389039,113.208444,3377,65.886,3.294,253.070,1187.391,43.281,15,0,0,S (sleeping)
2026-08-01T05:21:22.940940+00:00,2340.693300582,113.709356,3377,69.873,3.494,253.070,1187.391,43.281,15,0,0,S (sleeping)
2026-08-01T05:21:23.441778+00:00,2341.194141638,114.210197,3377,65.889,3.294,253.070,1187.391,43.281,15,0,0,S (sleeping)
2026-08-01T05:21:23.942645+00:00,2341.694999521,114.711055,3377,67.884,3.394,253.070,1187.391,43.281,15,0,0,S (sleeping)
2026-08-01T05:21:24.443624+00:00,2342.195969005,115.212024,3377,69.865,3.493,253.070,1187.391,43.281,15,0,0,S (sleeping)
2026-08-01T05:21:24.943312+00:00,2342.696898947,115.712954,3377,69.870,3.494,263.227,1193.395,43.281,15,0,0,S (sleeping)
2026-08-01T05:21:25.444184+00:00,2343.197765391,116.213821,3377,65.886,3.294,258.973,1187.391,43.281,15,0,0,R (running)
2026-08-01T05:21:25.945085+00:00,2343.698669653,116.714725,3377,65.881,3.294,259.441,1187.961,43.281,15,0,0,S (sleeping)
2026-08-01T05:21:26.446005+00:00,2344.199593803,117.215649,3377,67.875,3.394,259.441,1187.961,43.281,15,0,0,S (sleeping)
2026-08-01T05:21:26.946937+00:00,2344.700516654,117.716572,3377,67.875,3.394,264.129,1187.961,43.281,15,0,0,S (sleeping)
2026-08-01T05:21:27.447927+00:00,2345.201512023,118.217567,3377,67.865,3.393,264.129,1187.961,43.281,15,0,0,S (sleeping)
2026-08-01T05:21:27.948847+00:00,2345.702431894,118.718487,3377,65.879,3.294,264.129,1187.961,43.281,15,0,0,S (sleeping)
2026-08-01T05:21:28.449899+00:00,2346.203489167,119.219544,3377,67.857,3.393,264.129,1187.961,43.281,15,0,0,S (sleeping)
2026-08-01T05:21:28.950800+00:00,2346.704383477,119.720439,3377,69.875,3.494,264.129,1187.961,43.281,15,0,0,S (sleeping)
2026-08-01T05:21:29.451743+00:00,2347.205327099,120.221382,3377,63.879,3.194,264.129,1187.961,43.281,15,0,0,S (sleeping)
2026-08-01T05:21:29.952738+00:00,2347.706320611,120.722376,3377,69.861,3.493,268.035,1187.961,43.281,15,0,0,S (sleeping)
2026-08-01T05:21:30.453710+00:00,2348.207283379,121.223339,3377,65.873,3.294,268.035,1187.961,43.281,15,0,0,S (sleeping)
2026-08-01T05:21:30.954618+00:00,2348.708205588,121.724261,3377,63.882,3.194,268.035,1187.961,43.281,15,0,0,S (sleeping)
2026-08-01T05:21:31.455529+00:00,2349.209109007,122.225164,3377,73.867,3.693,284.129,1187.961,43.281,15,0,0,S (sleeping)
2026-08-01T05:21:31.956444+00:00,2349.710022953,122.726078,3377,65.880,3.294,284.129,1187.961,43.281,15,0,0,S (sleeping)
2026-08-01T05:21:32.457376+00:00,2350.210951459,123.227007,3377,69.870,3.494,284.129,1187.961,43.281,15,0,0,S (sleeping)
2026-08-01T05:21:32.958355+00:00,2350.711906213,123.727961,3377,67.870,3.394,284.129,1187.961,43.281,15,0,0,S (sleeping)
2026-08-01T05:21:33.459300+00:00,2351.212881484,124.228937,3377,63.875,3.194,284.129,1187.961,43.281,15,0,0,S (sleeping)
2026-08-01T05:21:33.960210+00:00,2351.713790925,124.729846,3377,63.884,3.194,284.129,1187.961,43.281,15,0,0,R (running)
2026-08-01T05:21:34.461158+00:00,2352.214741500,125.230797,3377,71.863,3.593,284.129,1187.961,43.281,15,0,0,S (sleeping)
2026-08-01T05:21:34.962117+00:00,2352.715672990,125.731728,3377,61.885,3.094,284.129,1187.961,43.281,15,0,0,S (sleeping)
2026-08-01T05:21:35.463167+00:00,2353.216745007,126.232800,3377,65.859,3.293,284.129,1187.961,43.281,15,0,0,S (sleeping)
2026-08-01T05:21:35.964092+00:00,2353.717664962,126.733720,3377,65.879,3.294,284.129,1187.961,43.281,15,0,0,S (sleeping)
2026-08-01T05:21:36.465063+00:00,2354.218605853,127.234661,3377,71.865,3.593,284.129,1187.961,43.281,15,0,0,S (sleeping)
2026-08-01T05:21:36.966047+00:00,2354.719616511,127.735672,3377,75.847,3.792,287.879,1251.961,43.281,15,0,0,R (running)
2026-08-01T05:21:37.467009+00:00,2355.220550575,128.236606,3377,67.873,3.394,287.879,1251.961,43.281,15,0,0,S (sleeping)
2026-08-01T05:21:37.967616+00:00,2355.721199566,128.737255,3377,71.907,3.595,287.879,1251.961,43.281,15,0,0,S (sleeping)
2026-08-01T05:21:38.468515+00:00,2356.222104628,129.238160,3377,71.870,3.593,290.402,1251.961,43.281,15,0,0,S (sleeping)
2026-08-01T05:21:38.969403+00:00,2356.722958105,129.739013,3377,73.874,3.694,290.402,1251.961,43.281,15,0,0,S (sleeping)
2026-08-01T05:21:39.470074+00:00,2357.223614133,130.239669,3377,83.890,4.194,299.934,1251.961,43.281,15,0,0,S (sleeping)
2026-08-01T05:21:39.971081+00:00,2357.724609067,130.740664,3377,79.841,3.992,299.934,1251.961,43.281,15,0,0,S (sleeping)
2026-08-01T05:21:40.472176+00:00,2358.225703769,131.241759,3377,85.812,4.291,299.934,1251.961,43.281,15,0,0,S (sleeping)
2026-08-01T05:21:40.973218+00:00,2358.726788564,131.742844,3377,99.784,4.989,332.434,1275.965,43.281,15,0,0,S (sleeping)
2026-08-01T05:21:41.474231+00:00,2359.227789734,132.243845,3377,69.860,3.493,332.434,1275.965,43.281,15,0,0,S (sleeping)
2026-08-01T05:21:41.975175+00:00,2359.728757366,132.744813,3377,67.869,3.393,319.863,1251.961,43.281,15,0,0,S (sleeping)
2026-08-01T05:21:42.476006+00:00,2360.229590660,133.245646,3377,61.897,3.095,319.863,1251.961,43.281,15,0,0,S (sleeping)
2026-08-01T05:21:42.976907+00:00,2360.730482949,133.746538,3377,65.882,3.294,319.863,1251.961,43.281,15,0,0,S (sleeping)
2026-08-01T05:21:43.477947+00:00,2361.231431580,134.247487,3377,69.867,3.493,319.863,1251.961,43.281,15,0,0,S (sleeping)
2026-08-01T05:21:43.978559+00:00,2361.732132185,134.748187,3377,59.916,2.996,319.863,1251.961,43.281,15,0,0,S (sleeping)
2026-08-01T05:21:44.479500+00:00,2362.233069491,135.249125,3377,63.880,3.194,319.863,1251.961,43.281,15,0,0,S (sleeping)
2026-08-01T05:21:44.980431+00:00,2362.734017875,135.750073,3377,65.875,3.294,321.895,1251.961,43.281,15,0,0,S (sleeping)
2026-08-01T05:21:45.481321+00:00,2363.234905255,136.250961,3377,65.883,3.294,322.363,1252.332,43.281,15,0,0,S (sleeping)
2026-08-01T05:21:45.982227+00:00,2363.735807639,136.751863,3377,67.877,3.394,322.363,1252.332,43.281,15,0,0,S (sleeping)
2026-08-01T05:21:46.483207+00:00,2364.236794246,137.252850,3377,73.854,3.693,330.176,1252.707,43.281,15,0,0,S (sleeping)
2026-08-01T05:21:46.984055+00:00,2364.737638134,137.753693,3377,61.896,3.095,330.176,1252.707,43.281,15,0,0,S (sleeping)
2026-08-01T05:21:47.484993+00:00,2365.238572875,138.254628,3377,63.881,3.194,330.645,1253.086,43.281,15,0,0,S (sleeping)
2026-08-01T05:21:47.985907+00:00,2365.739492060,138.755547,3377,61.886,3.094,331.270,1253.668,43.281,15,0,0,S (sleeping)
2026-08-01T05:21:48.486803+00:00,2366.240389708,139.256445,3377,65.882,3.294,331.738,1254.262,43.281,15,0,0,S (sleeping)
2026-08-01T05:21:48.987855+00:00,2366.741356898,139.757412,3377,71.861,3.593,331.738,1254.262,43.281,15,0,0,R (running)
2026-08-01T05:21:49.488750+00:00,2367.242336968,140.258392,3377,69.863,3.493,331.738,1254.262,43.281,15,0,0,R (running)
2026-08-01T05:21:49.989618+00:00,2367.743161720,140.759217,3377,79.868,3.993,340.488,1263.152,43.281,15,0,0,R (running)
2026-08-01T05:21:50.490542+00:00,2368.244114108,141.260169,3377,191.635,9.582,344.863,1267.402,43.281,15,0,0,S (sleeping)
2026-08-01T05:21:50.991432+00:00,2368.745012383,141.761068,3377,113.796,5.690,382.363,1333.215,43.281,15,0,0,S (sleeping)
2026-08-01T05:21:51.492087+00:00,2369.245667044,142.261722,3377,75.901,3.795,390.020,1340.793,43.281,15,0,0,R (running)
2026-08-01T05:21:51.993004+00:00,2369.746567868,142.762623,3377,81.853,4.093,395.645,1346.484,43.281,15,0,0,S (sleeping)
2026-08-01T05:21:52.493959+00:00,2370.247541355,143.263597,3377,73.856,3.693,397.363,1348.262,43.281,15,0,0,S (sleeping)
2026-08-01T05:21:52.994862+00:00,2370.748445906,143.764501,3377,101.816,5.091,425.176,1354.363,43.281,15,0,0,S (sleeping)
2026-08-01T05:21:53.495761+00:00,2371.249349594,144.265405,3377,67.877,3.394,425.176,1354.363,43.281,15,0,0,S (sleeping)
2026-08-01T05:21:53.996507+00:00,2371.750055193,144.766110,3377,67.904,3.395,425.176,1354.363,43.281,15,0,0,S (sleeping)
2026-08-01T05:21:54.495598+00:00,2372.250516128,145.266571,3377,75.930,3.797,425.176,1354.363,43.281,15,0,0,S (sleeping)
2026-08-01T05:21:54.996505+00:00,2372.751425740,145.767481,3377,69.873,3.494,425.957,1355.059,43.281,15,0,0,S (sleeping)
2026-08-01T05:21:55.497545+00:00,2373.252340567,146.268396,3377,77.858,3.893,428.613,1357.797,43.281,15,0,0,R (running)
2026-08-01T05:21:55.998664+00:00,2373.753457679,146.769513,3377,81.817,4.091,431.895,1361.027,43.281,15,0,0,S (sleeping)
2026-08-01T05:21:56.499753+00:00,2374.254671914,147.270727,3377,71.826,3.591,433.770,1362.906,43.281,15,0,0,S (sleeping)
2026-08-01T05:21:57.000668+00:00,2374.755585573,147.771641,3377,73.865,3.693,435.332,1364.508,43.281,15,0,0,S (sleeping)
2026-08-01T05:21:57.501584+00:00,2375.256496808,148.272552,3377,69.873,3.494,435.332,1364.508,43.281,15,0,0,S (sleeping)
2026-08-01T05:21:58.002514+00:00,2375.757424993,148.773480,3377,69.870,3.494,435.488,1364.508,43.281,15,0,0,S (sleeping)
2026-08-01T05:21:58.503398+00:00,2376.258314326,149.274370,3377,75.865,3.793,436.895,1365.980,43.281,15,0,0,S (sleeping)
2026-08-01T05:21:59.004312+00:00,2376.759194590,149.775250,3377,69.877,3.494,436.895,1365.980,43.281,15,0,0,S (sleeping)
2026-08-01T05:21:59.504767+00:00,2377.259666725,150.275722,3377,83.921,4.196,436.895,1365.980,43.281,15,0,0,S (sleeping)
2026-08-01T05:22:00.005625+00:00,2377.760493432,150.776549,3377,73.878,3.694,436.895,1365.980,43.281,15,0,0,S (sleeping)
2026-08-01T05:22:00.506629+00:00,2378.261505019,151.277560,3377,75.847,3.792,436.895,1365.980,43.281,15,0,0,S (sleeping)
2026-08-01T05:22:01.007610+00:00,2378.762488886,151.778544,3377,77.847,3.892,436.895,1365.980,43.281,15,0,0,S (sleeping)
2026-08-01T05:22:01.508584+00:00,2379.263504877,152.279560,3377,97.801,4.890,470.020,1389.074,43.281,15,0,0,S (sleeping)
2026-08-01T05:22:02.009520+00:00,2379.764437402,152.780493,3377,69.870,3.493,470.645,1389.453,43.281,15,0,0,S (sleeping)
2026-08-01T05:22:02.510408+00:00,2380.265317403,153.281373,3377,65.884,3.294,470.645,1389.453,43.281,15,0,0,S (sleeping)
2026-08-01T05:22:03.011321+00:00,2380.766210233,153.782266,3377,67.879,3.394,470.645,1389.453,43.281,15,0,0,S (sleeping)
2026-08-01T05:22:03.512292+00:00,2381.267194577,154.283250,3377,65.870,3.294,470.645,1389.453,43.281,15,0,0,S (sleeping)
2026-08-01T05:22:04.013209+00:00,2381.768129623,154.784185,3377,69.869,3.493,470.645,1389.453,43.281,15,0,0,S (sleeping)
2026-08-01T05:22:04.513735+00:00,2382.268650975,155.284706,3377,67.929,3.396,470.645,1389.453,43.281,15,0,0,S (sleeping)
2026-08-01T05:22:05.014613+00:00,2382.769509709,155.785565,3377,69.880,3.494,470.645,1389.453,43.281,15,0,0,S (sleeping)
2026-08-01T05:22:05.515524+00:00,2383.270439098,156.286494,3377,69.870,3.494,471.582,1389.453,43.281,15,0,0,S (sleeping)
2026-08-01T05:22:06.016411+00:00,2383.771333466,156.787389,3377,63.886,3.194,471.582,1389.453,43.281,15,0,0,R (running)
2026-08-01T05:22:06.517321+00:00,2384.272228585,157.288284,3377,67.878,3.394,471.582,1389.453,43.281,15,0,0,D (disk sleep)
2026-08-01T05:22:07.018243+00:00,2384.773150849,157.789206,3377,71.867,3.593,471.582,1389.453,43.281,15,0,0,R (running)
2026-08-01T05:22:07.519108+00:00,2385.274026144,158.290081,3377,65.885,3.294,471.582,1389.453,43.281,15,0,0,R (running)
2026-08-01T05:22:08.019965+00:00,2385.774882083,158.790937,3377,71.877,3.594,471.582,1389.453,43.281,15,0,0,R (running)
2026-08-01T05:22:08.520832+00:00,2386.275750716,159.291806,3377,69.879,3.494,478.770,1453.453,43.281,15,0,0,R (running)
2026-08-01T05:22:09.021721+00:00,2386.776639854,159.792695,3377,69.876,3.494,478.770,1453.453,43.281,15,0,0,R (running)
2026-08-01T05:22:09.522830+00:00,2387.277667293,160.293723,3377,65.865,3.293,475.031,1389.453,43.281,15,0,0,R (running)
2026-08-01T05:22:10.023771+00:00,2387.778672818,160.794728,3377,71.855,3.593,475.031,1389.453,43.281,15,0,0,R (running)
2026-08-01T05:22:10.524690+00:00,2388.279605738,161.295661,3377,63.881,3.194,475.031,1389.453,43.281,15,0,0,R (running)
2026-08-01T05:22:11.025595+00:00,2388.780504073,161.796559,3377,67.878,3.394,475.031,1389.453,43.281,15,0,0,R (running)
2026-08-01T05:22:11.526573+00:00,2389.281466127,162.297521,3377,69.866,3.493,475.031,1389.453,43.281,15,0,0,R (running)
2026-08-01T05:22:12.027648+00:00,2389.782458594,162.798514,3377,73.853,3.693,488.312,1453.453,43.281,15,0,0,R (running)
2026-08-01T05:22:12.528608+00:00,2390.283523074,163.299578,3377,63.864,3.193,488.312,1453.453,43.281,15,0,0,R (running)
2026-08-01T05:22:13.029536+00:00,2390.784452386,163.800508,3377,67.874,3.394,475.031,1389.453,43.281,15,0,0,R (running)
2026-08-01T05:22:13.530485+00:00,2391.285397179,164.301452,3377,67.872,3.394,475.031,1389.453,43.281,15,0,0,R (running)
2026-08-01T05:22:14.031416+00:00,2391.786325500,164.802381,3377,69.870,3.494,475.031,1389.453,43.281,15,0,0,R (running)
2026-08-01T05:22:14.532399+00:00,2392.287297761,165.303353,3377,69.864,3.493,475.031,1389.453,43.281,15,0,0,R (running)
2026-08-01T05:22:15.033559+00:00,2392.788383018,165.804438,3377,73.840,3.692,475.031,1389.453,43.281,15,0,0,R (running)
2026-08-01T05:22:15.534552+00:00,2393.289445984,166.305501,3377,73.843,3.692,475.031,1389.453,43.281,15,0,0,S (sleeping)
2026-08-01T05:22:16.035435+00:00,2393.790355498,166.806411,3377,61.887,3.094,475.031,1389.453,43.281,15,0,0,S (sleeping)
2026-08-01T05:22:16.536325+00:00,2394.291244815,167.307300,3377,77.862,3.893,475.031,1389.453,43.281,15,0,0,S (sleeping)
2026-08-01T05:22:17.037215+00:00,2394.792134683,167.808190,3377,65.883,3.294,475.031,1389.453,43.281,15,0,0,S (sleeping)
2026-08-01T05:22:17.538250+00:00,2395.293170129,168.309225,3377,65.864,3.293,475.031,1389.453,43.281,15,0,0,S (sleeping)
2026-08-01T05:22:18.039190+00:00,2395.794103191,168.810158,3377,69.870,3.493,475.031,1389.453,43.281,15,0,0,R (running)
2026-08-01T05:22:18.540122+00:00,2396.295034927,169.311090,3377,69.870,3.493,475.031,1389.453,43.281,15,0,0,S (sleeping)
2026-08-01T05:22:19.040999+00:00,2396.795909305,169.811965,3377,61.892,3.095,475.031,1389.453,43.281,15,0,0,S (sleeping)
2026-08-01T05:22:19.541831+00:00,2397.296749165,170.312804,3377,65.889,3.294,475.031,1389.453,43.281,15,0,0,S (sleeping)
2026-08-01T05:22:20.042794+00:00,2397.797699746,170.813755,3377,67.871,3.394,475.031,1389.453,43.281,15,0,0,S (sleeping)
2026-08-01T05:22:20.543779+00:00,2398.298700416,171.314756,3377,71.856,3.593,475.031,1389.453,43.281,15,0,0,S (sleeping)
2026-08-01T05:22:21.044709+00:00,2398.799623758,171.815679,3377,71.867,3.593,475.031,1389.453,43.281,15,0,0,S (sleeping)
2026-08-01T05:22:21.545622+00:00,2399.300543353,172.316599,3377,69.871,3.494,475.031,1389.453,43.281,15,0,0,S (sleeping)
2026-08-01T05:22:22.046502+00:00,2399.801422909,172.817478,3377,105.814,5.291,568.000,1521.840,43.281,15,0,0,S (sleeping)
2026-08-01T05:22:22.547418+00:00,2400.302328154,173.318383,3377,67.877,3.394,568.469,1521.840,43.281,15,0,0,S (sleeping)
2026-08-01T05:22:23.048379+00:00,2400.803289762,173.819345,3377,75.854,3.793,568.469,1521.840,43.281,15,0,0,S (sleeping)
2026-08-01T05:22:23.549290+00:00,2401.304210857,174.320266,3377,69.871,3.494,539.898,1473.836,43.281,15,0,0,S (sleeping)
2026-08-01T05:22:24.050239+00:00,2401.805159511,174.821215,3377,69.867,3.493,539.898,1473.836,43.281,15,0,0,S (sleeping)
2026-08-01T05:22:24.549380+00:00,2402.306099098,175.322154,3377,71.865,3.593,539.898,1473.836,43.281,15,0,0,S (sleeping)
2026-08-01T05:22:25.050286+00:00,2402.807008538,175.823064,3377,67.877,3.394,539.898,1473.836,43.281,15,0,0,S (sleeping)
2026-08-01T05:22:25.551266+00:00,2403.307951418,176.324007,3377,69.868,3.493,540.992,1473.836,43.281,15,0,0,S (sleeping)
2026-08-01T05:22:26.052193+00:00,2403.808895358,176.824951,3377,65.876,3.294,540.992,1473.836,43.281,15,0,0,S (sleeping)
2026-08-01T05:22:26.553146+00:00,2404.309859752,177.325915,3377,69.865,3.493,540.992,1473.836,43.281,15,0,0,S (sleeping)
2026-08-01T05:22:27.054095+00:00,2404.810818900,177.826874,3377,67.870,3.393,540.992,1473.836,43.281,15,0,0,S (sleeping)
2026-08-01T05:22:27.554989+00:00,2405.311715648,178.327771,3377,71.871,3.594,542.242,1473.836,43.281,15,0,0,S (sleeping)
2026-08-01T05:22:28.056083+00:00,2405.812778920,178.828834,3377,67.856,3.393,542.242,1473.836,43.281,15,0,0,S (sleeping)
2026-08-01T05:22:28.557024+00:00,2406.313749016,179.329804,3377,67.868,3.393,542.242,1473.836,43.281,15,0,0,S (sleeping)
2026-08-01T05:22:29.057945+00:00,2406.814669210,179.830724,3377,65.879,3.294,542.242,1473.836,43.281,15,0,0,S (sleeping)
2026-08-01T05:22:29.558844+00:00,2407.315548357,180.331604,3377,71.874,3.594,542.242,1473.836,43.281,15,0,0,S (sleeping)
2026-08-01T05:22:30.059696+00:00,2407.816423040,180.832478,3377,63.888,3.194,542.242,1473.836,43.281,15,0,0,S (sleeping)
2026-08-01T05:22:30.560581+00:00,2408.317305718,181.333361,3377,69.877,3.494,542.242,1473.836,43.281,15,0,0,S (sleeping)
2026-08-01T05:22:31.061506+00:00,2408.818218006,181.834273,3377,71.869,3.593,542.242,1473.836,43.281,15,0,0,S (sleeping)
2026-08-01T05:22:31.562430+00:00,2409.319153342,182.335209,3377,65.877,3.294,542.242,1473.836,43.281,15,0,0,S (sleeping)
2026-08-01T05:22:32.063346+00:00,2409.820071894,182.836127,3377,69.872,3.494,542.242,1473.836,43.281,15,0,0,S (sleeping)
2026-08-01T05:22:32.564249+00:00,2410.320975210,183.337030,3377,69.874,3.494,542.242,1473.836,43.281,15,0,0,S (sleeping)
2026-08-01T05:22:33.065078+00:00,2410.821802876,183.837858,3377,65.891,3.295,542.242,1473.836,43.281,15,0,0,S (sleeping)
2026-08-01T05:22:33.566030+00:00,2411.322727945,184.338783,3377,69.871,3.494,542.711,1473.836,43.281,15,0,0,S (sleeping)
2026-08-01T05:22:34.066996+00:00,2411.823710901,184.839766,3377,65.871,3.294,542.711,1473.836,43.281,15,0,0,S (sleeping)
2026-08-01T05:22:34.567898+00:00,2412.324621547,185.340677,3377,73.865,3.693,547.242,1473.836,43.281,15,0,0,S (sleeping)
2026-08-01T05:22:35.068807+00:00,2412.825530208,185.841585,3377,63.884,3.194,547.242,1473.836,43.281,15,0,0,S (sleeping)
2026-08-01T05:22:35.569754+00:00,2413.326477587,186.342533,3377,87.834,4.392,575.367,1537.836,43.281,15,0,0,S (sleeping)
2026-08-01T05:22:36.070679+00:00,2413.827397761,186.843453,3377,63.882,3.194,575.367,1537.836,43.281,15,0,0,S (sleeping)
2026-08-01T05:22:36.571604+00:00,2414.328325810,187.344381,3377,63.881,3.194,557.906,1473.836,43.281,15,0,0,S (sleeping)
2026-08-01T05:22:37.072517+00:00,2414.829239757,187.845295,3377,63.883,3.194,558.062,1473.836,43.281,15,0,0,S (sleeping)
2026-08-01T05:22:37.573429+00:00,2415.330145170,188.346200,3377,63.884,3.194,558.062,1473.836,43.281,15,0,0,S (sleeping)
2026-08-01T05:22:38.074355+00:00,2415.831068158,188.847123,3377,67.875,3.394,558.062,1473.836,43.281,15,0,0,S (sleeping)
2026-08-01T05:22:38.575287+00:00,2416.332012966,189.348068,3377,65.876,3.294,558.062,1473.836,43.281,15,0,0,S (sleeping)
2026-08-01T05:22:39.076385+00:00,2416.832970100,189.849025,3377,63.878,3.194,558.062,1473.836,43.281,15,0,0,S (sleeping)
2026-08-01T05:22:39.577389+00:00,2417.334106038,190.350161,3377,63.855,3.193,558.062,1473.836,43.281,15,0,0,S (sleeping)
2026-08-01T05:22:40.078257+00:00,2417.834982646,190.851038,3377,69.877,3.494,558.062,1473.836,43.281,15,0,0,S (sleeping)
2026-08-01T05:22:40.579197+00:00,2418.335904660,191.351960,3377,77.856,3.893,558.062,1473.836,43.281,15,0,0,S (sleeping)
2026-08-01T05:22:41.080102+00:00,2418.836832402,191.852888,3377,67.874,3.394,558.062,1473.836,43.281,15,0,0,S (sleeping)
2026-08-01T05:22:41.580937+00:00,2419.337665335,192.353721,3377,65.890,3.295,558.062,1473.836,43.281,15,0,0,S (sleeping)
2026-08-01T05:22:42.081861+00:00,2419.838581226,192.854637,3377,67.876,3.394,558.062,1473.836,43.281,15,0,0,S (sleeping)
2026-08-01T05:22:42.582769+00:00,2420.339497832,193.355553,3377,67.876,3.394,558.062,1473.836,43.281,15,0,0,S (sleeping)
2026-08-01T05:22:43.083625+00:00,2420.840349097,193.856404,3377,65.888,3.294,558.062,1473.836,43.281,15,0,0,S (sleeping)
2026-08-01T05:22:43.584504+00:00,2421.341232489,194.357288,3377,71.873,3.594,558.062,1473.836,43.281,15,0,0,S (sleeping)
2026-08-01T05:22:44.085400+00:00,2421.842124835,194.858180,3377,63.886,3.194,558.062,1473.836,43.281,15,0,0,S (sleeping)
2026-08-01T05:22:44.586334+00:00,2422.343044189,195.359099,3377,65.879,3.294,558.062,1473.836,43.281,15,0,0,S (sleeping)
2026-08-01T05:22:45.087335+00:00,2422.844054649,195.860110,3377,65.867,3.293,558.062,1473.836,43.281,15,0,0,S (sleeping)
2026-08-01T05:22:45.588283+00:00,2423.344974552,196.361030,3377,67.875,3.394,558.062,1473.836,43.281,15,0,0,S (sleeping)
2026-08-01T05:22:46.089170+00:00,2423.845884933,196.861940,3377,65.880,3.294,558.062,1473.836,43.281,15,0,0,S (sleeping)
2026-08-01T05:22:46.590079+00:00,2424.346807063,197.362862,3377,69.871,3.494,558.062,1473.836,43.281,15,0,0,S (sleeping)
2026-08-01T05:22:47.090989+00:00,2424.847715282,197.863771,3377,69.873,3.494,558.062,1473.836,43.281,15,0,0,S (sleeping)
2026-08-01T05:22:47.591963+00:00,2425.348674190,198.364729,3377,63.877,3.194,558.062,1473.836,43.281,15,0,0,S (sleeping)
2026-08-01T05:22:48.092997+00:00,2425.849706375,198.865762,3377,65.864,3.293,558.062,1473.836,43.281,15,0,0,S (sleeping)
2026-08-01T05:22:48.593942+00:00,2426.350663075,199.366718,3377,65.874,3.294,558.062,1473.836,43.281,15,0,0,R (running)
2026-08-01T05:22:49.094841+00:00,2426.851562681,199.867618,3377,75.864,3.793,558.062,1473.836,43.281,15,0,0,R (running)
2026-08-01T05:22:49.595464+00:00,2427.352195750,200.368251,3377,67.914,3.396,558.062,1473.836,43.281,15,0,0,R (running)
2026-08-01T05:22:50.096265+00:00,2427.852985749,200.869041,3377,67.893,3.395,558.062,1473.836,43.281,15,0,0,R (running)
2026-08-01T05:22:50.597063+00:00,2428.353783756,201.369839,3377,67.892,3.395,558.062,1473.836,43.281,15,0,0,R (running)
2026-08-01T05:22:51.097962+00:00,2428.854675847,201.870731,3377,191.658,9.583,629.000,1607.656,43.281,15,0,0,R (running)
2026-08-01T05:22:51.598916+00:00,2429.355639382,202.371695,3377,219.577,10.979,617.285,1559.652,43.281,15,0,0,S (sleeping)
2026-08-01T05:22:52.099853+00:00,2429.856566755,202.872622,3377,75.859,3.793,617.285,1559.652,43.281,15,0,0,S (sleeping)
2026-08-01T05:22:52.600746+00:00,2430.357469584,203.373525,3377,75.863,3.793,617.285,1559.652,43.281,15,0,0,S (sleeping)
2026-08-01T05:22:53.101618+00:00,2430.858334050,203.874389,3377,79.862,3.993,624.316,1566.711,43.281,15,0,0,S (sleeping)
2026-08-01T05:22:53.602546+00:00,2431.359255582,204.375311,3377,113.790,5.690,675.410,1637.727,43.281,15,0,0,R (running)
2026-08-01T05:22:54.103442+00:00,2431.860090857,204.876146,3377,85.857,4.293,653.852,1573.727,43.281,15,0,0,S (sleeping)
2026-08-01T05:22:54.603377+00:00,2432.361133628,205.377189,3377,75.842,3.792,653.852,1573.727,43.281,15,0,0,S (sleeping)
2026-08-01T05:22:55.104296+00:00,2432.862051184,205.878106,3377,79.853,3.993,653.852,1573.727,43.281,15,0,0,S (sleeping)
2026-08-01T05:22:55.605195+00:00,2433.362939235,206.378995,3377,85.848,4.292,661.039,1580.891,43.281,15,0,0,R (running)
2026-08-01T05:22:56.106094+00:00,2433.863849063,206.879904,3377,131.760,6.588,731.664,1655.848,43.281,15,0,0,R (running)
2026-08-01T05:22:56.607092+00:00,2434.364839503,207.380895,3377,97.806,4.890,745.570,1719.848,43.281,15,0,0,R (running)
2026-08-01T05:22:57.107995+00:00,2434.865751368,207.881807,3377,71.869,3.593,702.027,1671.844,43.281,15,0,0,S (sleeping)
2026-08-01T05:22:57.608871+00:00,2435.366624883,208.382680,3377,73.871,3.694,702.027,1671.844,43.281,15,0,0,S (sleeping)
2026-08-01T05:22:58.109773+00:00,2435.867531510,208.883587,3377,97.823,4.891,715.777,1671.844,43.281,15,0,0,R (running)
2026-08-01T05:22:58.610692+00:00,2436.368443019,209.384498,3377,69.873,3.494,715.777,1671.844,43.281,15,0,0,S (sleeping)
2026-08-01T05:22:59.111650+00:00,2436.869388798,209.885444,3377,97.815,4.891,771.090,1719.848,43.281,15,0,0,S (sleeping)
2026-08-01T05:22:59.612586+00:00,2437.370341348,210.386397,3377,123.764,6.188,744.066,1671.844,43.281,15,0,0,R (running)
2026-08-01T05:23:00.113485+00:00,2437.871241159,210.887296,3377,73.867,3.693,744.066,1671.844,43.281,15,0,0,S (sleeping)
2026-08-01T05:23:00.614355+00:00,2438.372114039,211.388169,3377,95.833,4.792,744.066,1671.844,43.281,15,0,0,S (sleeping)
2026-08-01T05:23:01.115239+00:00,2438.872994652,211.889050,3377,111.803,5.590,744.066,1671.844,43.281,15,0,0,R (running)
2026-08-01T05:23:01.616095+00:00,2439.373830533,212.389886,3377,67.887,3.394,744.066,1671.844,43.281,15,0,0,S (sleeping)
2026-08-01T05:23:02.117052+00:00,2439.874803424,212.890859,3377,143.720,7.186,801.254,1747.879,43.281,15,0,0,S (sleeping)
2026-08-01T05:23:02.618093+00:00,2440.375766889,213.391822,3377,63.877,3.194,801.254,1747.879,43.281,15,0,0,R (running)
2026-08-01T05:23:03.119071+00:00,2440.876825962,213.892881,3377,87.814,4.391,769.535,1699.875,43.281,15,0,0,S (sleeping)
2026-08-01T05:23:03.620009+00:00,2441.377760606,214.393816,3377,59.888,2.994,769.535,1699.875,43.281,15,0,0,R (running)
2026-08-01T05:23:04.120857+00:00,2441.878616186,214.894671,3377,95.836,4.792,769.535,1699.875,43.281,15,0,0,S (sleeping)
2026-08-01T05:23:04.621803+00:00,2442.379541042,215.395596,3377,57.893,2.895,769.535,1699.875,43.281,15,0,0,R (running)
2026-08-01T05:23:05.122738+00:00,2442.880485029,215.896540,3377,79.849,3.992,769.535,1699.875,43.281,15,0,0,R (running)
2026-08-01T05:23:05.623308+00:00,2443.381061413,216.397117,3377,75.912,3.796,769.535,1699.875,43.281,15,0,0,R (running)
2026-08-01T05:23:06.124217+00:00,2443.881956033,216.898011,3377,75.864,3.793,769.535,1699.875,43.281,15,0,0,R (running)
2026-08-01T05:23:06.625371+00:00,2444.383038515,217.399094,3377,71.844,3.592,769.535,1699.875,43.281,15,0,0,R (running)
2026-08-01T05:23:07.126344+00:00,2444.884077547,217.900133,3377,85.822,4.291,769.535,1699.875,43.281,15,0,0,S (sleeping)
2026-08-01T05:23:07.627377+00:00,2445.385021043,218.401076,3377,65.876,3.294,769.535,1699.875,43.281,15,0,0,R (running)
2026-08-01T05:23:08.128500+00:00,2445.886169649,218.902225,3377,77.821,3.891,769.535,1699.875,43.281,15,0,0,R (running)
2026-08-01T05:23:08.629622+00:00,2446.387295535,219.403351,3377,85.807,4.290,769.535,1699.875,43.281,15,0,0,S (sleeping)
2026-08-01T05:23:09.130439+00:00,2446.887986725,219.904042,3377,75.895,3.795,769.535,1699.875,43.281,15,0,0,R (running)
2026-08-01T05:23:09.631516+00:00,2447.389183119,220.405238,3377,93.776,4.689,769.535,1699.875,43.281,15,0,0,S (sleeping)
2026-08-01T05:23:10.132290+00:00,2447.890008137,220.906063,3377,81.865,4.093,769.535,1699.875,43.281,15,0,0,S (sleeping)
2026-08-01T05:23:10.633258+00:00,2448.391011335,221.407067,3377,75.848,3.792,769.535,1699.875,43.281,15,0,0,S (sleeping)
2026-08-01T05:23:11.134265+00:00,2448.891979733,221.908035,3377,69.865,3.493,769.535,1699.875,43.281,15,0,0,R (running)
2026-08-01T05:23:11.635156+00:00,2449.392912448,222.408968,3377,81.847,4.092,769.535,1699.875,43.281,15,0,0,S (sleeping)
2026-08-01T05:23:12.136056+00:00,2449.893802754,222.909858,3377,73.868,3.693,770.316,1699.875,43.281,15,0,0,S (sleeping)
2026-08-01T05:23:12.636936+00:00,2450.394669966,223.410725,3377,77.865,3.893,771.723,1699.875,43.281,15,0,0,S (sleeping)
2026-08-01T05:23:13.137890+00:00,2450.895646019,223.911701,3377,71.860,3.593,771.723,1699.875,43.281,15,0,0,R (running)
2026-08-01T05:23:13.638809+00:00,2451.396567372,224.412623,3377,77.857,3.893,772.191,1700.012,43.281,15,0,0,S (sleeping)
2026-08-01T05:23:14.139732+00:00,2451.897481855,224.913537,3377,73.865,3.693,773.598,1701.383,43.281,15,0,0,S (sleeping)
2026-08-01T05:23:14.640673+00:00,2452.398412255,225.414468,3377,81.848,4.092,774.066,1701.902,43.281,15,0,0,S (sleeping)
2026-08-01T05:23:15.141685+00:00,2452.899427354,225.915483,3377,79.838,3.992,775.316,1703.156,43.281,15,0,0,S (sleeping)
2026-08-01T05:23:15.642736+00:00,2453.400474754,226.416530,3377,79.833,3.992,777.816,1705.691,43.281,15,0,0,S (sleeping)
2026-08-01T05:23:16.143601+00:00,2453.901354595,226.917410,3377,75.866,3.793,778.129,1706.004,43.281,15,0,0,S (sleeping)
2026-08-01T05:23:16.644442+00:00,2454.402197511,227.418253,3377,79.865,3.993,778.129,1706.004,43.281,15,0,0,S (sleeping)
2026-08-01T05:23:17.145367+00:00,2454.903113671,227.919169,3377,77.857,3.893,779.535,1707.359,43.281,15,0,0,S (sleeping)
2026-08-01T05:23:17.646274+00:00,2455.404033074,228.420088,3377,77.857,3.893,779.691,1707.496,43.281,15,0,0,S (sleeping)
2026-08-01T05:23:18.147144+00:00,2455.904883646,228.920939,3377,77.868,3.893,781.879,1709.723,43.281,15,0,0,S (sleeping)
2026-08-01T05:23:18.648077+00:00,2456.405835207,229.421890,3377,79.848,3.992,782.504,1710.340,43.281,15,0,0,S (sleeping)
2026-08-01T05:23:19.148991+00:00,2456.906750775,229.922806,3377,81.850,4.093,783.754,1711.574,43.281,15,0,0,S (sleeping)
2026-08-01T05:23:19.649839+00:00,2457.407598508,230.423654,3377,77.868,3.893,783.754,1711.574,43.281,15,0,0,R (running)
2026-08-01T05:23:20.150758+00:00,2457.908512526,230.924568,3377,73.865,3.693,783.754,1711.574,43.281,15,0,0,R (running)
2026-08-01T05:23:20.651649+00:00,2458.409406408,231.425462,3377,81.854,4.093,783.754,1711.574,43.281,15,0,0,S (sleeping)
2026-08-01T05:23:21.152740+00:00,2458.910327621,231.926383,3377,73.864,3.693,783.754,1711.574,43.281,15,0,0,S (sleeping)
2026-08-01T05:23:21.653753+00:00,2459.411510590,232.427566,3377,77.816,3.891,784.535,1712.332,43.281,15,0,0,S (sleeping)
2026-08-01T05:23:22.154334+00:00,2459.912093584,232.928149,3377,81.905,4.095,784.535,1712.332,43.281,15,0,0,S (sleeping)
2026-08-01T05:23:22.655252+00:00,2460.413010198,233.429065,3377,113.791,5.690,825.465,1760.336,43.281,15,0,0,S (sleeping)
2026-08-01T05:23:23.156197+00:00,2460.913948847,233.930004,3377,95.820,4.791,825.465,1760.336,43.281,15,0,0,S (sleeping)
2026-08-01T05:23:23.657075+00:00,2461.414833354,234.430889,3377,71.873,3.594,825.465,1760.336,43.281,15,0,0,S (sleeping)
2026-08-01T05:23:24.158024+00:00,2461.915778842,234.931834,3377,67.872,3.394,787.645,1712.332,43.281,15,0,0,S (sleeping)
2026-08-01T05:23:24.657511+00:00,2462.416696886,235.432752,3377,65.879,3.294,787.645,1712.332,43.281,15,0,0,S (sleeping)
2026-08-01T05:23:25.158390+00:00,2462.917567817,235.933623,3377,67.882,3.394,787.645,1712.332,43.281,15,0,0,S (sleeping)
2026-08-01T05:23:25.659273+00:00,2463.418457946,236.434513,3377,73.868,3.693,787.645,1712.332,43.281,15,0,0,S (sleeping)
2026-08-01T05:23:26.160183+00:00,2463.919359002,236.935414,3377,67.878,3.394,787.645,1712.332,43.281,15,0,0,S (sleeping)
2026-08-01T05:23:26.661115+00:00,2464.420277501,237.436333,3377,69.872,3.494,787.645,1712.332,43.281,15,0,0,S (sleeping)
2026-08-01T05:23:27.162106+00:00,2464.921289587,237.937345,3377,67.863,3.393,787.645,1712.332,43.281,15,0,0,S (sleeping)
2026-08-01T05:23:27.663000+00:00,2465.422171211,238.438226,3377,73.870,3.693,787.645,1712.332,43.281,15,0,0,S (sleeping)
2026-08-01T05:23:28.163984+00:00,2465.923113846,238.939169,3377,71.865,3.593,787.645,1712.332,43.281,15,0,0,R (running)
2026-08-01T05:23:28.664958+00:00,2466.424120921,239.440176,3377,73.851,3.693,787.645,1712.332,43.281,15,0,0,S (sleeping)
2026-08-01T05:23:29.165877+00:00,2466.925042462,239.941098,3377,69.871,3.494,787.645,1712.332,43.281,15,0,0,S (sleeping)
2026-08-01T05:23:29.666839+00:00,2467.425995918,240.442051,3377,69.867,3.493,787.645,1712.332,43.281,15,0,0,S (sleeping)
2026-08-01T05:23:30.167736+00:00,2467.926925812,240.942981,3377,73.863,3.693,787.645,1712.332,43.281,15,0,0,S (sleeping)
2026-08-01T05:23:30.668644+00:00,2468.427826931,241.443882,3377,71.870,3.594,787.645,1712.332,43.281,15,0,0,S (sleeping)
2026-08-01T05:23:31.169591+00:00,2468.928769282,241.944825,3377,73.861,3.693,787.645,1712.332,43.281,15,0,0,S (sleeping)
2026-08-01T05:23:31.670493+00:00,2469.429678827,242.445734,3377,63.884,3.194,787.645,1712.332,43.281,15,0,0,S (sleeping)
2026-08-01T05:23:32.171411+00:00,2469.930570971,242.946626,3377,69.875,3.494,787.645,1712.332,43.281,15,0,0,S (sleeping)
2026-08-01T05:23:32.672373+00:00,2470.431532337,243.447588,3377,69.866,3.493,787.645,1712.332,43.281,15,0,0,S (sleeping)
2026-08-01T05:23:33.173304+00:00,2470.932491575,243.948547,3377,67.870,3.393,787.645,1712.332,43.281,15,0,0,S (sleeping)
2026-08-01T05:23:33.674208+00:00,2471.433379386,244.449435,3377,69.876,3.494,787.645,1712.332,43.281,15,0,0,S (sleeping)
2026-08-01T05:23:34.175109+00:00,2471.934293789,244.950349,3377,69.872,3.494,787.645,1712.332,43.281,15,0,0,S (sleeping)
2026-08-01T05:23:34.675719+00:00,2472.434894542,245.450950,3377,67.918,3.396,787.645,1712.332,43.281,15,0,0,S (sleeping)
2026-08-01T05:23:35.176665+00:00,2472.935835855,245.951891,3377,63.880,3.194,787.645,1712.332,43.281,15,0,0,S (sleeping)
2026-08-01T05:23:35.677613+00:00,2473.436803699,246.452859,3377,69.865,3.493,787.645,1712.332,43.281,15,0,0,S (sleeping)
2026-08-01T05:23:36.178500+00:00,2473.937690057,246.953745,3377,73.869,3.693,787.645,1712.332,43.281,15,0,0,S (sleeping)
2026-08-01T05:23:36.679377+00:00,2474.438562813,247.454618,3377,67.882,3.394,787.645,1712.332,43.281,15,0,0,S (sleeping)
2026-08-01T05:23:37.180280+00:00,2474.939467646,247.955523,3377,65.881,3.294,787.645,1712.332,43.281,15,0,0,S (sleeping)
2026-08-01T05:23:37.681154+00:00,2475.440348264,248.456404,3377,69.877,3.494,787.645,1712.332,43.281,15,0,0,S (sleeping)
2026-08-01T05:23:38.182033+00:00,2475.941209272,248.957265,3377,69.880,3.494,787.645,1712.332,43.281,15,0,0,S (sleeping)
2026-08-01T05:23:38.682924+00:00,2476.442101482,249.458157,3377,83.850,4.193,787.645,1712.332,43.281,15,0,0,S (sleeping)
2026-08-01T05:23:39.183819+00:00,2476.943003326,249.959059,3377,67.878,3.394,787.645,1712.332,43.281,15,0,0,S (sleeping)
2026-08-01T05:23:39.684748+00:00,2477.443900329,250.459956,3377,69.875,3.494,787.645,1712.332,43.281,15,0,0,S (sleeping)
2026-08-01T05:23:40.185659+00:00,2477.944848414,250.960904,3377,65.875,3.294,787.645,1712.332,43.281,15,0,0,S (sleeping)
2026-08-01T05:23:40.686554+00:00,2478.445734027,251.461789,3377,63.887,3.194,787.645,1712.332,43.281,15,0,0,S (sleeping)
2026-08-01T05:23:41.187472+00:00,2478.946654647,251.962710,3377,65.879,3.294,787.645,1712.332,43.281,15,0,0,S (sleeping)
2026-08-01T05:23:41.688359+00:00,2479.447544447,252.463600,3377,69.876,3.494,787.645,1712.332,43.281,15,0,0,S (sleeping)
2026-08-01T05:23:42.189232+00:00,2479.948413237,252.964469,3377,73.872,3.694,787.645,1712.332,43.281,15,0,0,S (sleeping)
2026-08-01T05:23:42.690140+00:00,2480.449328536,253.465384,3377,83.847,4.192,795.926,1720.562,43.281,15,0,0,S (sleeping)
2026-08-01T05:23:43.191041+00:00,2480.950226356,253.966282,3377,69.875,3.494,795.926,1720.562,43.281,15,0,0,R (running)
2026-08-01T05:23:43.691974+00:00,2481.451139225,254.467195,3377,65.880,3.294,795.926,1720.562,43.281,15,0,0,R (running)
2026-08-01T05:23:44.193041+00:00,2481.952200545,254.968256,3377,69.852,3.493,795.926,1720.562,43.281,15,0,0,S (sleeping)
2026-08-01T05:23:44.693697+00:00,2482.452863777,255.468919,3377,77.897,3.895,795.926,1720.562,43.281,15,0,0,R (running)
2026-08-01T05:23:45.194699+00:00,2482.953883771,255.969939,3377,69.857,3.493,795.926,1720.562,43.281,15,0,0,R (running)
2026-08-01T05:23:45.695751+00:00,2483.454841649,256.470897,3377,75.855,3.793,795.926,1720.562,43.281,15,0,0,R (running)
2026-08-01T05:23:46.196854+00:00,2483.955935352,256.971991,3377,65.856,3.293,795.926,1720.562,43.281,15,0,0,R (running)
2026-08-01T05:23:46.697601+00:00,2484.456726872,257.472782,3377,71.886,3.594,795.926,1720.562,43.281,15,0,0,S (sleeping)
2026-08-01T05:23:47.198622+00:00,2484.957764681,257.973820,3377,79.834,3.992,795.926,1720.562,43.281,15,0,0,R (running)
2026-08-01T05:23:47.699689+00:00,2485.458796340,258.474852,3377,69.856,3.493,795.926,1720.562,43.281,15,0,0,S (sleeping)
2026-08-01T05:23:48.200695+00:00,2485.959823949,258.975879,3377,71.852,3.593,795.926,1720.562,43.281,15,0,0,R (running)
2026-08-01T05:23:48.701586+00:00,2486.460777365,259.476833,3377,73.859,3.693,795.926,1720.562,43.281,15,0,0,S (sleeping)
2026-08-01T05:23:49.202561+00:00,2486.961751727,259.977807,3377,81.841,4.092,795.926,1720.562,43.281,15,0,0,R (running)
2026-08-01T05:23:49.703379+00:00,2487.462568250,260.478624,3377,67.889,3.394,795.926,1720.562,43.281,15,0,0,R (running)
2026-08-01T05:23:50.204225+00:00,2487.963402995,260.979458,3377,65.890,3.294,795.926,1720.562,43.281,15,0,0,D (disk sleep)
2026-08-01T05:23:50.705040+00:00,2488.464230474,261.480286,3377,63.894,3.195,795.926,1720.562,43.281,15,0,0,R (running)
2026-08-01T05:23:51.205889+00:00,2488.965071250,261.981127,3377,63.893,3.195,795.926,1720.562,43.281,15,0,0,R (running)
2026-08-01T05:23:51.706700+00:00,2489.465892512,262.481948,3377,65.892,3.295,795.926,1720.562,43.281,15,0,0,R (running)
2026-08-01T05:23:52.207609+00:00,2489.966787262,262.982843,3377,91.836,4.592,798.582,1723.309,43.281,15,0,0,R (running)
2026-08-01T05:23:52.708553+00:00,2490.467740979,263.483796,3377,295.436,14.772,823.582,1788.863,43.281,15,0,0,R (running)
2026-08-01T05:23:53.209449+00:00,2490.968635619,263.984691,3377,209.625,10.481,823.582,1788.863,43.281,15,0,0,R (running)
2026-08-01T05:23:53.710374+00:00,2491.469558956,264.485614,3377,115.786,5.789,800.109,1724.863,43.281,15,0,0,S (sleeping)
2026-08-01T05:23:54.211271+00:00,2491.970458330,264.986514,3377,73.867,3.693,800.109,1724.863,43.281,15,0,0,S (sleeping)
2026-08-01T05:23:54.710540+00:00,2492.471277250,265.487333,3377,99.836,4.992,818.078,1742.980,43.281,15,0,0,R (running)
2026-08-01T05:23:55.211482+00:00,2492.972226167,265.988281,3377,89.830,4.491,818.078,1742.980,43.281,15,0,0,S (sleeping)
2026-08-01T05:23:55.712388+00:00,2493.473142818,266.489198,3377,121.777,6.089,818.078,1742.980,43.281,15,0,0,R (running)
2026-08-01T05:23:56.213334+00:00,2493.974082050,266.990137,3377,77.854,3.893,818.078,1742.980,43.281,15,0,0,S (sleeping)
2026-08-01T05:23:56.714381+00:00,2494.475070480,267.491126,3377,107.787,5.389,818.078,1742.980,43.281,15,0,0,R (running)
2026-08-01T05:23:57.215660+00:00,2494.976289242,267.992345,3377,129.684,6.484,841.828,1806.980,43.281,15,0,0,R (running)
2026-08-01T05:23:57.716914+00:00,2495.477647060,268.493702,3377,107.708,5.385,818.203,1742.980,43.281,15,0,0,R (running)
2026-08-01T05:23:58.217914+00:00,2495.978661548,268.994717,3377,101.793,5.090,818.203,1742.980,43.281,15,0,0,R (running)
2026-08-01T05:23:58.718875+00:00,2496.479608648,269.495664,3377,95.819,4.791,823.203,1747.848,43.281,15,0,0,S (sleeping)
2026-08-01T05:23:59.219840+00:00,2496.980593225,269.996649,3377,107.788,5.389,826.953,1751.590,43.281,15,0,0,S (sleeping)
2026-08-01T05:23:59.720816+00:00,2497.481545580,270.497601,3377,89.829,4.491,831.953,1756.719,43.281,15,0,0,R (running)
2026-08-01T05:24:00.221743+00:00,2497.982494566,270.998550,3377,117.776,5.889,853.047,1823.281,43.281,15,0,0,S (sleeping)
2026-08-01T05:24:00.722641+00:00,2498.483390033,271.499445,3377,95.828,4.791,834.609,1759.281,43.281,15,0,0,S (sleeping)
2026-08-01T05:24:01.223566+00:00,2498.984319948,272.000375,3377,133.751,6.688,898.398,1873.660,43.281,15,0,0,S (sleeping)
2026-08-01T05:24:01.724481+00:00,2499.485232820,272.501288,3377,143.738,7.187,995.848,1966.578,43.281,15,0,0,R (running)
2026-08-01T05:24:02.225360+00:00,2499.986109096,273.002164,3377,97.829,4.891,995.848,1966.578,43.281,15,0,0,R (running)
2026-08-01T05:24:02.726491+00:00,2500.487094275,273.503150,3377,107.788,5.389,995.848,1966.578,43.281,15,0,0,R (running)
2026-08-01T05:24:03.227109+00:00,2500.987832111,274.003887,3377,91.864,4.593,995.848,1966.578,43.281,15,0,0,R (running)
2026-08-01T05:24:03.728076+00:00,2501.488833892,274.504889,3377,119.760,5.988,995.848,1966.578,43.281,15,0,0,S (sleeping)
2026-08-01T05:24:04.228790+00:00,2501.989535754,275.005591,3377,83.882,4.194,995.848,1966.578,43.281,15,0,0,R (running)
2026-08-01T05:24:04.729688+00:00,2502.490437866,275.506493,3377,119.784,5.989,995.848,1966.578,43.281,15,0,0,S (sleeping)
2026-08-01T05:24:05.230543+00:00,2502.991285917,276.007341,3377,87.851,4.393,995.848,1966.578,43.281,15,0,0,S (sleeping)
2026-08-01T05:24:05.733826+00:00,2503.494566456,276.510622,3377,117.231,5.862,960.590,1931.547,43.281,15,0,0,R (running)
2026-08-01T05:24:06.234715+00:00,2503.995465508,277.011521,3377,101.817,5.091,966.215,1937.051,43.281,15,0,0,S (sleeping)
2026-08-01T05:24:06.735610+00:00,2504.496364472,277.512420,3377,93.831,4.692,972.465,1943.246,43.281,15,0,0,S (sleeping)
2026-08-01T05:24:07.236582+00:00,2504.997336428,278.013392,3377,97.810,4.890,976.684,1947.719,43.281,15,0,0,S (sleeping)
2026-08-01T05:24:07.737499+00:00,2505.498250468,278.514306,3377,93.828,4.691,979.809,1950.707,43.281,15,0,0,S (sleeping)
2026-08-01T05:24:08.238406+00:00,2505.999156746,279.015212,3377,97.823,4.891,985.746,1956.742,43.281,15,0,0,S (sleeping)
2026-08-01T05:24:08.739322+00:00,2506.500072942,279.516128,3377,93.828,4.691,1006.371,1977.789,43.281,15,0,0,R (running)
2026-08-01T05:24:09.240193+00:00,2507.000953830,280.017009,3377,87.845,4.392,1006.371,1977.789,43.281,15,0,0,S (sleeping)
2026-08-01T05:24:09.741031+00:00,2507.501782484,280.517838,3377,85.858,4.293,1006.371,1977.789,43.281,15,0,0,S (sleeping)
2026-08-01T05:24:10.242016+00:00,2508.002722244,281.018778,3377,101.809,5.090,970.309,1977.789,43.281,15,0,0,S (sleeping)
2026-08-01T05:24:10.743040+00:00,2508.503748056,281.519803,3377,95.803,4.790,970.309,1977.789,43.281,15,0,0,R (running)
2026-08-01T05:24:11.244100+00:00,2509.004805759,282.020861,3377,105.776,5.289,973.434,1980.422,43.281,15,0,0,S (sleeping)
2026-08-01T05:24:11.745067+00:00,2509.505805521,282.521861,3377,91.816,4.591,978.746,1985.770,43.281,15,0,0,R (running)
2026-08-01T05:24:12.245905+00:00,2510.006657990,283.022713,3377,95.837,4.792,980.934,1988.090,43.281,15,0,0,S (sleeping)
2026-08-01T05:24:12.746895+00:00,2510.507637571,283.523693,3377,91.820,4.591,986.559,1993.586,43.281,15,0,0,S (sleeping)
2026-08-01T05:24:13.247368+00:00,2511.008088256,284.024144,3377,97.912,4.896,989.371,1996.484,43.281,15,0,0,S (sleeping)
2026-08-01T05:24:13.751905+00:00,2511.512642174,284.528697,3377,103.061,5.153,995.152,2002.266,43.281,15,0,0,S (sleeping)
2026-08-01T05:24:14.252360+00:00,2512.013101563,285.029157,3377,91.916,4.596,1013.434,2023.188,43.281,15,0,0,S (sleeping)
2026-08-01T05:24:14.753307+00:00,2512.514054066,285.530109,3377,89.829,4.491,1013.434,2023.188,43.281,15,0,0,S (sleeping)
2026-08-01T05:24:15.254228+00:00,2513.014980632,286.031036,3377,93.826,4.691,1013.434,2023.188,43.281,15,0,0,S (sleeping)
2026-08-01T05:24:15.755112+00:00,2513.515871749,286.531927,3377,95.829,4.791,1013.434,2023.188,43.281,15,0,0,S (sleeping)
2026-08-01T05:24:16.256040+00:00,2514.016781683,287.032837,3377,85.844,4.292,1016.246,2023.449,43.281,15,0,0,S (sleeping)
2026-08-01T05:24:16.757034+00:00,2514.517778529,287.533834,3377,95.809,4.790,1037.809,2045.715,43.281,15,0,0,S (sleeping)
2026-08-01T05:24:17.257919+00:00,2515.018673834,288.034729,3377,85.846,4.292,1037.809,2045.715,43.281,15,0,0,S (sleeping)
2026-08-01T05:24:17.758799+00:00,2515.519549463,288.535605,3377,83.853,4.193,1037.809,2045.715,43.281,15,0,0,S (sleeping)
2026-08-01T05:24:18.259713+00:00,2516.020466173,289.036521,3377,81.850,4.092,1037.809,2045.715,43.281,15,0,0,S (sleeping)
2026-08-01T05:24:18.760595+00:00,2516.521355357,289.537411,3377,109.805,5.490,1055.152,2062.371,43.281,15,0,0,S (sleeping)
2026-08-01T05:24:19.261498+00:00,2517.022243473,290.038299,3377,91.837,4.592,1055.152,2062.371,43.281,15,0,0,S (sleeping)
2026-08-01T05:24:19.762452+00:00,2517.523208650,290.539264,3377,87.830,4.392,1055.152,2062.371,43.281,15,0,0,S (sleeping)
2026-08-01T05:24:20.263341+00:00,2518.024082619,291.040138,3377,91.839,4.592,1059.059,2066.281,43.281,15,0,0,S (sleeping)
2026-08-01T05:24:20.764255+00:00,2518.525006842,291.541062,3377,87.838,4.392,1063.902,2071.125,43.281,15,0,0,S (sleeping)
2026-08-01T05:24:21.265160+00:00,2519.025911706,292.041967,3377,91.834,4.592,1065.621,2072.797,43.281,15,0,0,R (running)
2026-08-01T05:24:21.766060+00:00,2519.526825451,292.542881,3377,93.829,4.691,1068.902,2076.164,43.281,15,0,0,S (sleeping)
2026-08-01T05:24:22.266971+00:00,2520.027724004,293.043779,3377,131.763,6.588,1115.777,2123.062,43.281,15,0,0,S (sleeping)
2026-08-01T05:24:22.767881+00:00,2520.528619602,293.544675,3377,99.821,4.991,1115.777,2123.062,43.281,15,0,0,S (sleeping)
2026-08-01T05:24:23.268761+00:00,2521.029506707,294.045562,3377,111.802,5.590,1116.090,2123.062,43.281,15,0,0,S (sleeping)
2026-08-01T05:24:23.769606+00:00,2521.530341160,294.546396,3377,87.853,4.393,1116.090,2123.062,43.281,15,0,0,S (sleeping)
2026-08-01T05:24:24.270590+00:00,2522.031267038,295.047322,3377,101.811,5.091,1116.090,2123.062,43.281,15,0,0,S (sleeping)
2026-08-01T05:24:24.769807+00:00,2522.531865247,295.547921,3377,81.902,4.095,1116.559,2123.523,43.281,15,0,0,S (sleeping)
2026-08-01T05:24:25.270302+00:00,2523.032353272,296.048409,3377,93.908,4.695,1120.934,2127.930,43.281,15,0,0,S (sleeping)
2026-08-01T05:24:25.771346+00:00,2523.533430093,296.549485,3377,95.794,4.790,1142.652,2150.988,43.281,15,0,0,S (sleeping)
2026-08-01T05:24:26.271765+00:00,2524.033837811,297.049893,3377,87.928,4.396,1142.652,2150.988,43.281,15,0,0,S (sleeping)
2026-08-01T05:24:26.772702+00:00,2524.534779327,297.550835,3377,89.831,4.492,1147.027,2157.520,43.281,15,0,0,S (sleeping)
2026-08-01T05:24:27.273603+00:00,2525.035682610,298.051738,3377,89.838,4.492,1147.027,2157.520,43.281,15,0,0,S (sleeping)
2026-08-01T05:24:27.774468+00:00,2525.536540362,298.552596,3377,103.822,5.191,1147.027,2157.520,43.281,15,0,0,S (sleeping)
2026-08-01T05:24:28.275382+00:00,2526.037459434,299.053515,3377,85.842,4.292,1147.027,2157.520,43.281,15,0,0,S (sleeping)
2026-08-01T05:24:28.776284+00:00,2526.538359213,299.554414,3377,95.828,4.791,1147.027,2157.520,43.281,15,0,0,S (sleeping)
2026-08-01T05:24:29.277206+00:00,2527.039286231,300.055342,3377,87.837,4.392,1149.684,2157.520,43.281,15,0,0,S (sleeping)
2026-08-01T05:24:29.778112+00:00,2527.540191170,300.556246,3377,93.830,4.692,1152.965,2159.938,43.281,15,0,0,S (sleeping)
2026-08-01T05:24:30.279043+00:00,2528.041116344,301.057172,3377,89.834,4.492,1155.777,2162.742,43.281,15,0,0,S (sleeping)
2026-08-01T05:24:30.779963+00:00,2528.542044043,301.558099,3377,85.841,4.292,1160.465,2167.348,43.281,15,0,0,S (sleeping)
2026-08-01T05:24:31.280973+00:00,2529.042976732,302.059032,3377,109.795,5.490,1164.840,2171.719,43.281,15,0,0,S (sleeping)
2026-08-01T05:24:31.782075+00:00,2529.544094007,302.560149,3377,89.799,4.490,1168.277,2175.152,43.281,15,0,0,S (sleeping)
2026-08-01T05:24:32.283084+00:00,2530.045131602,303.061187,3377,95.801,4.790,1172.965,2179.922,43.281,15,0,0,S (sleeping)
2026-08-01T05:24:32.784064+00:00,2530.546128216,303.562183,3377,107.785,5.389,1175.309,2182.289,43.281,15,0,0,S (sleeping)
2026-08-01T05:24:33.284971+00:00,2531.047056331,304.063112,3377,103.807,5.190,1179.840,2186.754,43.281,15,0,0,S (sleeping)
2026-08-01T05:24:33.785848+00:00,2531.547899573,304.563955,3377,89.848,4.492,1196.559,2206.637,43.281,15,0,0,R (running)
2026-08-01T05:24:34.286821+00:00,2532.048880207,305.064935,3377,91.820,4.591,1196.559,2206.637,43.281,15,0,0,R (running)
2026-08-01T05:24:34.787698+00:00,2532.549775526,305.565831,3377,105.811,5.291,1196.559,2206.637,43.281,15,0,0,R (running)
2026-08-01T05:24:35.288633+00:00,2533.050693876,306.066749,3377,83.846,4.192,1196.559,2206.637,43.281,15,0,0,S (sleeping)
2026-08-01T05:24:35.789633+00:00,2533.551707149,306.567762,3377,91.814,4.591,1196.559,2206.637,43.281,15,0,0,S (sleeping)
2026-08-01T05:24:36.290010+00:00,2534.052086660,307.068142,3377,99.924,4.996,1198.902,2206.637,43.281,15,0,0,S (sleeping)
2026-08-01T05:24:36.791127+00:00,2534.553080973,307.569136,3377,85.829,4.291,1202.965,2209.859,43.281,15,0,0,S (sleeping)
2026-08-01T05:24:37.292198+00:00,2535.054269652,308.070325,3377,95.772,4.789,1205.777,2212.766,43.281,15,0,0,S (sleeping)
2026-08-01T05:24:37.793124+00:00,2535.555206803,308.571262,3377,83.843,4.192,1242.965,2258.551,43.281,15,0,0,S (sleeping)
2026-08-01T05:24:38.294055+00:00,2536.056118026,309.072173,3377,81.851,4.093,1242.965,2258.551,43.281,15,0,0,S (sleeping)
2026-08-01T05:24:38.794961+00:00,2536.556999165,309.573054,3377,85.849,4.292,1242.965,2258.551,43.281,15,0,0,R (running)
2026-08-01T05:24:39.295559+00:00,2537.057503966,310.073559,3377,83.915,4.196,1242.965,2258.551,43.281,15,0,0,R (running)
2026-08-01T05:24:39.796622+00:00,2537.558620133,310.574675,3377,81.817,4.091,1242.965,2258.551,43.281,15,0,0,R (running)
2026-08-01T05:24:40.297535+00:00,2538.059610861,311.075666,3377,79.842,3.992,1242.965,2258.551,43.281,15,0,0,R (running)
2026-08-01T05:24:40.798040+00:00,2538.560115761,311.576171,3377,77.921,3.896,1242.965,2258.551,43.281,15,0,0,R (running)
2026-08-01T05:24:41.298907+00:00,2539.060975238,312.077031,3377,101.825,5.091,1242.965,2258.551,43.281,15,0,0,S (sleeping)
2026-08-01T05:24:41.799799+00:00,2539.561863963,312.577919,3377,75.865,3.793,1242.965,2258.551,43.281,15,0,0,R (running)
2026-08-01T05:24:42.300260+00:00,2540.062336231,313.078392,3377,73.930,3.697,1242.965,2258.551,43.281,15,0,0,R (running)
2026-08-01T05:24:42.801229+00:00,2540.563297190,313.579352,3377,67.870,3.393,1244.527,2258.551,43.281,15,0,0,R (running)
2026-08-01T05:24:43.302155+00:00,2541.064151073,314.080206,3377,83.857,4.193,1246.090,2258.551,43.281,15,0,0,R (running)
2026-08-01T05:24:43.803259+00:00,2541.565255596,314.581311,3377,75.832,3.792,1246.246,2258.551,43.281,15,0,0,R (running)
2026-08-01T05:24:44.304133+00:00,2542.066213020,315.082268,3377,73.859,3.693,1249.215,2258.551,43.281,15,0,0,R (running)
2026-08-01T05:24:44.805014+00:00,2542.567091766,315.583147,3377,65.884,3.294,1254.527,2261.473,43.281,15,0,0,S (sleeping)
2026-08-01T05:24:45.305913+00:00,2543.067973109,316.084028,3377,79.859,3.993,1259.371,2266.289,43.281,15,0,0,S (sleeping)
2026-08-01T05:24:45.806924+00:00,2543.568953821,316.585009,3377,81.839,4.092,1259.527,2266.480,43.281,15,0,0,S (sleeping)
2026-08-01T05:24:46.307910+00:00,2544.069978666,317.086034,3377,93.808,4.690,1261.559,2268.570,43.281,15,0,0,R (running)
2026-08-01T05:24:46.808662+00:00,2544.570739728,317.586795,3377,71.891,3.595,1261.559,2268.570,43.281,15,0,0,R (running)
2026-08-01T05:24:47.309595+00:00,2545.071671445,318.087727,3377,71.866,3.593,1261.559,2268.570,43.281,15,0,0,R (running)
2026-08-01T05:24:47.810010+00:00,2545.572088110,318.588143,3377,65.945,3.297,1267.184,2274.047,43.281,15,0,0,S (sleeping)
2026-08-01T05:24:48.310910+00:00,2546.072976704,319.089032,3377,79.858,3.993,1272.184,2279.082,43.281,15,0,0,S (sleeping)
2026-08-01T05:24:48.812024+00:00,2546.574000584,319.590056,3377,87.820,4.391,1276.090,2283.074,43.281,15,0,0,R (running)
2026-08-01T05:24:49.312985+00:00,2547.075068333,320.091124,3377,79.830,3.991,1279.215,2286.109,43.281,15,0,0,D (disk sleep)
2026-08-01T05:24:49.813794+00:00,2547.575857818,320.591913,3377,69.890,3.494,1279.215,2286.109,43.281,15,0,0,R (running)
2026-08-01T05:24:50.314609+00:00,2548.076688397,321.092744,3377,67.887,3.394,1279.215,2286.109,43.281,15,0,0,R (running)
2026-08-01T05:24:50.815392+00:00,2548.577476850,321.593532,3377,69.890,3.494,1279.215,2286.109,43.281,15,0,0,R (running)
2026-08-01T05:24:51.316267+00:00,2549.078341835,322.094397,3377,65.886,3.294,1279.215,2286.109,43.281,15,0,0,R (running)
2026-08-01T05:24:51.817076+00:00,2549.579159417,322.595215,3377,69.886,3.494,1279.215,2286.109,43.281,15,0,0,R (running)
2026-08-01T05:24:52.317897+00:00,2550.079956416,323.096012,3377,71.885,3.594,1279.215,2286.109,43.281,15,0,0,R (running)
2026-08-01T05:24:52.818752+00:00,2550.580811627,323.596867,3377,73.874,3.694,1279.215,2286.109,43.281,15,0,0,D (disk sleep)
2026-08-01T05:24:53.319587+00:00,2551.081661083,324.097716,3377,69.881,3.494,1279.215,2286.109,43.281,15,0,0,R (running)
2026-08-01T05:24:53.820392+00:00,2551.582466658,324.598522,3377,67.891,3.395,1279.215,2286.109,43.281,15,0,0,R (running)
2026-08-01T05:24:54.321208+00:00,2552.083287751,325.099343,3377,69.885,3.494,1279.215,2286.109,43.281,15,0,0,R (running)
2026-08-01T05:24:54.820792+00:00,2552.584204767,325.600260,3377,69.872,3.494,1279.215,2286.109,43.281,15,0,0,R (running)
2026-08-01T05:24:55.321165+00:00,2553.084576732,326.100632,3377,69.948,3.497,1279.215,2286.109,43.281,15,0,0,D (disk sleep)
2026-08-01T05:24:55.821963+00:00,2553.585379235,326.601435,3377,69.888,3.494,1279.215,2286.109,43.281,15,0,0,R (running)
2026-08-01T05:24:56.322769+00:00,2554.086178772,327.102234,3377,67.891,3.395,1279.215,2286.109,43.281,15,0,0,R (running)
2026-08-01T05:24:56.823596+00:00,2554.586994721,327.603050,3377,67.889,3.394,1279.215,2286.109,43.281,15,0,0,D (disk sleep)
2026-08-01T05:24:57.324377+00:00,2555.087792675,328.103848,3377,67.892,3.395,1279.215,2286.109,43.281,15,0,0,R (running)
2026-08-01T05:24:57.825190+00:00,2555.588595296,328.604651,3377,71.885,3.594,1279.215,2286.109,43.281,15,0,0,D (disk sleep)
2026-08-01T05:24:58.326051+00:00,2556.089462901,329.105518,3377,67.882,3.394,1279.215,2286.109,43.281,15,0,0,R (running)
2026-08-01T05:24:58.826566+00:00,2556.589980992,329.606036,3377,71.925,3.596,1279.215,2286.109,43.281,15,0,0,R (running)
2026-08-01T05:24:59.327350+00:00,2557.090762224,330.106818,3377,89.860,4.493,1279.215,2286.109,43.281,15,0,0,R (running)
2026-08-01T05:24:59.828234+00:00,2557.591644239,330.607700,3377,151.732,7.587,1282.809,2289.918,43.281,15,0,0,R (running)
2026-08-01T05:25:00.328728+00:00,2558.092131531,331.108187,3377,291.716,14.586,1284.215,2291.168,43.281,15,0,0,R (running)
2026-08-01T05:25:00.829690+00:00,2558.593096742,331.609152,3377,237.541,11.877,1296.559,2303.449,43.281,15,0,0,R (running)
2026-08-01T05:25:01.330193+00:00,2559.093603282,332.109659,3377,117.881,5.894,1297.965,2304.902,43.281,15,0,0,S (sleeping)
2026-08-01T05:25:01.831214+00:00,2559.594608389,332.610664,3377,131.735,6.587,1297.965,2304.902,43.281,15,0,0,R (running)
2026-08-01T05:25:02.332083+00:00,2560.095478570,333.111534,3377,97.830,4.891,1297.965,2304.902,43.281,15,0,0,S (sleeping)
2026-08-01T05:25:02.833010+00:00,2560.596418382,333.612474,3377,103.805,5.190,1297.965,2304.902,43.281,15,0,0,S (sleeping)
2026-08-01T05:25:03.333902+00:00,2561.097315641,334.113371,3377,113.796,5.690,1298.121,2304.902,43.281,15,0,0,S (sleeping)
2026-08-01T05:25:03.834855+00:00,2561.598267319,334.614323,3377,143.726,7.186,1298.121,2304.902,43.281,15,0,0,S (sleeping)
2026-08-01T05:25:04.335928+00:00,2562.099234585,335.115290,3377,91.822,4.591,1298.277,2304.902,43.281,15,0,0,R (running)
2026-08-01T05:25:04.836563+00:00,2562.599910598,335.615966,3377,135.816,6.791,1298.277,2304.902,43.281,15,0,0,S (sleeping)
2026-08-01T05:25:05.337485+00:00,2563.100885243,336.116941,3377,103.798,5.190,1298.277,2304.902,43.281,15,0,0,R (running)
2026-08-01T05:25:05.837889+00:00,2563.601303971,336.617359,3377,135.886,6.794,1298.746,2305.363,43.281,15,0,0,S (sleeping)
2026-08-01T05:25:06.338763+00:00,2564.102161204,337.118216,3377,105.819,5.291,1304.840,2311.559,43.281,15,0,0,R (running)
2026-08-01T05:25:06.839310+00:00,2564.602718436,337.618774,3377,107.880,5.394,1307.184,2313.887,43.281,15,0,0,S (sleeping)
2026-08-01T05:25:07.340210+00:00,2565.103626460,338.119682,3377,129.764,6.488,1312.340,2319.148,43.281,15,0,0,S (sleeping)
2026-08-01T05:25:07.841158+00:00,2565.604487941,338.620543,3377,101.825,5.091,1314.527,2321.238,43.281,15,0,0,R (running)
2026-08-01T05:25:08.342138+00:00,2566.105543693,339.121599,3377,117.751,5.888,1315.934,2322.602,43.281,15,0,0,S (sleeping)
2026-08-01T05:25:08.843068+00:00,2566.606483549,339.622539,3377,147.722,7.386,1352.184,2328.648,43.281,15,0,0,S (sleeping)
2026-08-01T05:25:09.344197+00:00,2567.107460682,340.123516,3377,135.735,6.787,1371.246,2338.172,43.281,15,0,0,R (running)
2026-08-01T05:25:09.845132+00:00,2567.608545395,340.624601,3377,145.684,7.284,1371.246,2338.172,43.281,15,0,0,S (sleeping)
2026-08-01T05:25:10.346182+00:00,2568.109501924,341.125557,3377,111.786,5.589,1400.309,2386.176,43.281,15,0,0,R (running)
2026-08-01T05:25:10.847162+00:00,2568.610573462,341.626629,3377,145.688,7.284,1378.434,2345.215,43.281,15,0,0,S (sleeping)
2026-08-01T05:25:11.348073+00:00,2569.111487333,342.127543,3377,111.796,5.590,1378.434,2345.215,43.281,15,0,0,S (sleeping)
2026-08-01T05:25:11.848977+00:00,2569.612380351,342.628436,3377,147.736,7.387,1426.543,2393.250,43.281,15,0,0,S (sleeping)
2026-08-01T05:25:12.349484+00:00,2570.112886601,343.128942,3377,121.877,6.094,1426.543,2393.250,43.281,15,0,0,R (running)
2026-08-01T05:25:12.850418+00:00,2570.613829114,343.629884,3377,113.786,5.689,1426.543,2393.250,43.281,15,0,0,S (sleeping)
2026-08-01T05:25:13.351311+00:00,2571.114720089,344.130775,3377,101.819,5.091,1426.543,2393.250,43.281,15,0,0,S (sleeping)
2026-08-01T05:25:13.852228+00:00,2571.615643165,344.631698,3377,107.801,5.390,1426.543,2393.250,43.281,15,0,0,S (sleeping)
2026-08-01T05:25:14.353085+00:00,2572.116494781,345.132550,3377,105.820,5.291,1426.543,2393.250,43.281,15,0,0,S (sleeping)
2026-08-01T05:25:14.853521+00:00,2572.616932691,345.632988,3377,107.905,5.395,1376.621,2393.250,43.281,15,0,0,S (sleeping)
2026-08-01T05:25:15.354428+00:00,2573.117840078,346.133895,3377,101.815,5.091,1376.621,2393.250,43.281,15,0,0,S (sleeping)
2026-08-01T05:25:15.855253+00:00,2573.618661912,346.634717,3377,103.829,5.191,1376.621,2393.250,43.281,15,0,0,S (sleeping)
2026-08-01T05:25:16.356187+00:00,2574.119574325,347.135630,3377,99.818,4.991,1376.621,2393.250,43.281,15,0,0,S (sleeping)
2026-08-01T05:25:16.857146+00:00,2574.620556217,347.636612,3377,111.780,5.589,1376.621,2393.250,43.281,15,0,0,S (sleeping)
2026-08-01T05:25:17.358074+00:00,2575.121480468,348.137536,3377,93.827,4.691,1376.621,2393.250,43.281,15,0,0,S (sleeping)
2026-08-01T05:25:17.859053+00:00,2575.622463823,348.638519,3377,103.796,5.190,1377.715,2394.273,43.281,15,0,0,S (sleeping)
2026-08-01T05:25:18.359826+00:00,2576.123226175,349.139281,3377,105.839,5.292,1385.371,2402.777,43.281,15,0,0,R (running)
2026-08-01T05:25:18.860748+00:00,2576.624159513,349.640215,3377,125.765,6.288,1389.277,2406.164,43.281,15,0,0,R (running)
2026-08-01T05:25:19.361744+00:00,2577.125151210,350.141206,3377,103.794,5.190,1389.277,2406.164,43.281,15,0,0,S (sleeping)
2026-08-01T05:25:19.862631+00:00,2577.626032536,350.642088,3377,105.813,5.291,1390.527,2407.113,43.281,15,0,0,S (sleeping)
2026-08-01T05:25:20.363588+00:00,2578.126989941,351.143045,3377,105.797,5.290,1395.215,2411.754,43.281,15,0,0,S (sleeping)
2026-08-01T05:25:20.864597+00:00,2578.627993594,351.644049,3377,91.816,4.591,1413.965,2434.461,43.281,15,0,0,S (sleeping)
2026-08-01T05:25:21.365495+00:00,2579.128903840,352.144959,3377,105.807,5.290,1413.965,2434.461,43.281,15,0,0,S (sleeping)
2026-08-01T05:25:21.866545+00:00,2579.629856261,352.645912,3377,97.814,4.891,1413.965,2434.461,43.281,15,0,0,S (sleeping)
2026-08-01T05:25:22.367573+00:00,2580.130981561,353.147037,3377,117.735,5.887,1413.965,2434.461,43.281,15,0,0,S (sleeping)
2026-08-01T05:25:22.868529+00:00,2580.631897845,353.647953,3377,111.795,5.590,1414.121,2434.461,43.281,15,0,0,S (sleeping)
2026-08-01T05:25:23.369436+00:00,2581.132841894,354.148897,3377,113.785,5.689,1421.465,2439.816,43.281,15,0,0,S (sleeping)
2026-08-01T05:25:23.870373+00:00,2581.633780308,354.649836,3377,111.790,5.590,1421.465,2439.816,43.281,15,0,0,S (sleeping)
2026-08-01T05:25:24.371337+00:00,2582.134701095,355.150756,3377,95.824,4.791,1429.434,2448.035,43.281,15,0,0,S (sleeping)
2026-08-01T05:25:24.870830+00:00,2582.635669528,355.651725,3377,109.787,5.489,1429.434,2448.035,43.281,15,0,0,S (sleeping)
2026-08-01T05:25:25.371791+00:00,2583.136621923,356.152677,3377,95.817,4.791,1437.090,2456.055,43.281,15,0,0,S (sleeping)
2026-08-01T05:25:25.872723+00:00,2583.637565155,356.653620,3377,109.793,5.490,1437.090,2456.055,43.281,15,0,0,S (sleeping)
2026-08-01T05:25:26.373651+00:00,2584.138484882,357.154540,3377,115.787,5.789,1459.277,2479.555,43.281,15,0,0,S (sleeping)
2026-08-01T05:25:26.874582+00:00,2584.639411397,357.655467,3377,93.826,4.691,1459.277,2479.555,43.281,15,0,0,S (sleeping)
2026-08-01T05:25:27.375487+00:00,2585.140322130,358.156377,3377,95.825,4.791,1459.277,2479.555,43.281,15,0,0,S (sleeping)
2026-08-01T05:25:27.876464+00:00,2585.641288162,358.657343,3377,125.757,6.288,1459.277,2479.555,43.281,15,0,0,S (sleeping)
2026-08-01T05:25:28.377401+00:00,2586.142235106,359.158290,3377,117.777,5.889,1551.621,2572.008,43.281,15,0,0,R (running)
2026-08-01T05:25:28.878487+00:00,2586.643250829,359.659306,3377,129.736,6.487,1508.102,2526.480,43.281,15,0,0,R (running)
2026-08-01T05:25:29.379485+00:00,2587.144325559,360.160381,3377,199.571,9.979,1512.945,2529.508,43.281,15,0,0,S (sleeping)
2026-08-01T05:25:29.880584+00:00,2587.645328150,360.661383,3377,155.688,7.784,1532.945,2555.242,43.281,15,0,0,S (sleeping)
2026-08-01T05:25:30.381785+00:00,2588.146579410,361.162635,3377,105.735,5.287,1532.945,2555.242,43.281,15,0,0,S (sleeping)
2026-08-01T05:25:30.882772+00:00,2588.647535187,361.663590,3377,115.779,5.789,1532.945,2555.242,43.281,15,0,0,S (sleeping)
2026-08-01T05:25:31.383297+00:00,2589.148099154,362.164154,3377,93.894,4.695,1532.945,2555.242,43.281,15,0,0,S (sleeping)
2026-08-01T05:25:31.884200+00:00,2589.649040811,362.665096,3377,107.797,5.390,1532.945,2555.242,43.281,15,0,0,S (sleeping)
2026-08-01T05:25:32.385252+00:00,2590.150028634,363.166084,3377,97.807,4.890,1532.945,2555.242,43.281,15,0,0,S (sleeping)
2026-08-01T05:25:32.886367+00:00,2590.651201889,363.667257,3377,101.761,5.088,1534.508,2555.242,43.281,15,0,0,R (running)
2026-08-01T05:25:33.387284+00:00,2591.152126083,364.168181,3377,97.819,4.891,1534.508,2555.242,43.281,15,0,0,S (sleeping)
2026-08-01T05:25:33.888189+00:00,2591.653030972,364.669086,3377,97.823,4.891,1539.820,2556.832,43.281,15,0,0,S (sleeping)
2026-08-01T05:25:34.389120+00:00,2592.153935475,365.169991,3377,95.827,4.791,1542.164,2558.699,43.281,15,0,0,S (sleeping)
2026-08-01T05:25:34.889955+00:00,2592.654786445,365.670842,3377,103.823,5.191,1547.633,2564.715,43.281,15,0,0,S (sleeping)
2026-08-01T05:25:35.390956+00:00,2593.155789173,366.171844,3377,97.804,4.890,1550.133,2566.793,43.281,15,0,0,S (sleeping)
2026-08-01T05:25:35.891497+00:00,2593.656332044,366.672387,3377,101.889,5.094,1557.008,2576.559,43.281,15,0,0,R (running)
2026-08-01T05:25:36.392469+00:00,2594.157305063,367.173360,3377,101.802,5.090,1563.258,2580.059,43.281,15,0,0,R (running)
2026-08-01T05:25:36.893329+00:00,2594.658163581,367.674219,3377,97.832,4.892,1563.883,2580.508,43.281,15,0,0,R (running)
2026-08-01T05:25:37.394171+00:00,2595.159015203,368.175070,3377,91.844,4.592,1569.508,2586.055,43.281,15,0,0,R (running)
2026-08-01T05:25:37.895019+00:00,2595.659861706,368.675917,3377,97.834,4.892,1582.320,2600.359,43.281,15,0,0,R (running)
2026-08-01T05:25:38.395929+00:00,2596.160750197,369.176805,3377,83.851,4.193,1582.320,2600.359,43.281,15,0,0,S (sleeping)
2026-08-01T05:25:38.896821+00:00,2596.661666295,369.677722,3377,113.792,5.690,1584.508,2601.047,43.281,15,0,0,R (running)
2026-08-01T05:25:39.397726+00:00,2597.162555401,370.178611,3377,97.826,4.891,1590.289,2607.262,42.812,15,0,0,R (running)
2026-08-01T05:25:39.898668+00:00,2597.663470107,370.679525,3377,95.825,4.791,1598.570,2617.168,42.812,15,0,0,R (running)
2026-08-01T05:25:40.399240+00:00,2598.164079260,371.180135,3377,95.883,4.794,1599.195,2617.168,42.812,15,0,0,R (running)
2026-08-01T05:25:40.900149+00:00,2598.664988333,371.681044,3377,91.833,4.592,1604.664,2621.582,42.812,15,0,0,R (running)
2026-08-01T05:25:41.401060+00:00,2599.165882972,372.181938,3377,111.800,5.590,1613.883,2633.711,42.812,15,0,0,S (sleeping)
2026-08-01T05:25:41.902008+00:00,2599.666840673,372.682896,3377,105.797,5.290,1615.133,2633.711,42.812,15,4096,0,R (running)
2026-08-01T05:25:42.402892+00:00,2600.167731151,373.183786,3377,113.797,5.690,1664.820,2681.988,42.812,15,0,0,R (running)
2026-08-01T05:25:42.903798+00:00,2600.668640243,373.684696,3377,173.684,8.684,1664.820,2681.988,42.812,15,0,0,R (running)
2026-08-01T05:25:43.404674+00:00,2601.169514129,374.185569,3377,125.780,6.289,1664.820,2681.988,42.812,15,0,0,R (running)
2026-08-01T05:25:43.905553+00:00,2601.670400288,374.686456,3377,95.830,4.792,1664.820,2681.988,42.812,15,0,0,R (running)
2026-08-01T05:25:44.406579+00:00,2602.171368323,375.187424,3377,107.791,5.390,1664.820,2681.988,42.812,15,0,0,R (running)
2026-08-01T05:25:44.907489+00:00,2602.672329482,375.688385,3377,105.797,5.290,1669.352,2686.926,42.812,15,0,0,R (running)
2026-08-01T05:25:45.408548+00:00,2603.173322870,376.189378,3377,91.818,4.591,1672.789,2689.520,42.812,15,0,0,R (running)
2026-08-01T05:25:45.909428+00:00,2603.674255949,376.690311,3377,111.791,5.590,1678.258,2694.984,42.812,15,0,0,S (sleeping)
2026-08-01T05:25:46.410395+00:00,2604.175235989,377.191291,3377,101.800,5.090,1684.664,2701.941,42.812,15,0,0,R (running)
2026-08-01T05:25:46.911419+00:00,2604.676249882,377.692305,3377,111.773,5.589,1692.320,2709.137,42.812,15,0,0,R (running)
2026-08-01T05:25:47.412936+00:00,2605.177772120,378.193827,3377,93.715,4.686,1694.820,2711.520,42.812,15,0,0,R (running)
2026-08-01T05:25:47.913914+00:00,2605.678755030,378.694810,3377,87.827,4.391,1698.883,2716.082,42.812,15,0,0,R (running)
2026-08-01T05:25:48.414833+00:00,2606.179666839,379.195722,3377,75.862,3.793,1702.008,2718.621,42.812,15,0,0,R (running)
2026-08-01T05:25:48.915732+00:00,2606.680570592,379.696626,3377,95.827,4.791,1709.977,2728.434,42.812,15,0,0,S (sleeping)
2026-08-01T05:25:49.416668+00:00,2607.181509654,380.197565,3377,79.850,3.993,1710.602,2728.434,42.812,15,0,0,R (running)
2026-08-01T05:25:49.917524+00:00,2607.682362507,380.698418,3377,67.884,3.394,1710.602,2728.434,42.812,15,0,0,R (running)
2026-08-01T05:25:50.418347+00:00,2608.183190397,381.199246,3377,67.888,3.394,1710.602,2728.434,42.812,15,0,0,R (running)
2026-08-01T05:25:50.919196+00:00,2608.684042630,381.700098,3377,69.881,3.494,1710.602,2728.434,42.812,15,0,0,D (disk sleep)
2026-08-01T05:25:51.419489+00:00,2609.184333410,382.200389,3377,69.959,3.498,1710.602,2728.434,42.812,15,0,0,R (running)
2026-08-01T05:25:51.920304+00:00,2609.685148983,382.701204,3377,69.886,3.494,1710.602,2728.434,42.812,15,0,0,R (running)
2026-08-01T05:25:52.421102+00:00,2610.185942037,383.201997,3377,69.889,3.494,1710.602,2728.434,42.812,15,0,0,R (running)
2026-08-01T05:25:52.921936+00:00,2610.686784968,383.702840,3377,69.882,3.494,1710.602,2728.434,42.812,15,0,0,R (running)
2026-08-01T05:25:53.422746+00:00,2611.187591544,384.203647,3377,69.887,3.494,1710.602,2728.434,42.812,15,0,0,R (running)
2026-08-01T05:25:53.923557+00:00,2611.688396184,384.704451,3377,73.881,3.694,1710.602,2728.434,42.812,15,0,0,R (running)
2026-08-01T05:25:54.424350+00:00,2612.189196668,385.205252,3377,63.898,3.195,1710.602,2728.434,42.812,15,0,0,D (disk sleep)
2026-08-01T05:25:54.923766+00:00,2612.689979748,385.706035,3377,71.887,3.594,1710.602,2728.434,42.812,15,0,0,R (running)
2026-08-01T05:25:55.424637+00:00,2613.190849033,386.206904,3377,67.882,3.394,1710.602,2728.434,42.812,15,0,0,R (running)
2026-08-01T05:25:55.925462+00:00,2613.691679784,386.707735,3377,71.881,3.594,1710.602,2728.434,42.812,15,0,0,D (disk sleep)
2026-08-01T05:25:56.426263+00:00,2614.192472459,387.208528,3377,67.892,3.395,1710.602,2728.434,42.812,15,0,0,D (disk sleep)
2026-08-01T05:25:56.927132+00:00,2614.693347676,387.709403,3377,71.874,3.594,1710.602,2728.434,42.812,15,0,0,R (running)
2026-08-01T05:25:57.427952+00:00,2615.194167221,388.210223,3377,69.885,3.494,1710.602,2728.434,42.812,15,0,0,R (running)
2026-08-01T05:25:57.928756+00:00,2615.694951080,388.711006,3377,67.894,3.395,1710.602,2728.434,42.812,15,0,0,R (running)
2026-08-01T05:25:58.429611+00:00,2616.195797157,389.211852,3377,71.878,3.594,1710.602,2728.434,42.812,15,0,0,R (running)
2026-08-01T05:25:58.930573+00:00,2616.696784943,389.712840,3377,69.862,3.493,1710.602,2728.434,42.812,15,0,0,R (running)
2026-08-01T05:25:59.431429+00:00,2617.197643435,390.213699,3377,69.880,3.494,1710.602,2728.434,42.812,15,0,0,R (running)
2026-08-01T05:25:59.932231+00:00,2617.698438392,390.714494,3377,71.886,3.594,1710.602,2728.434,42.812,15,0,0,R (running)
2026-08-01T05:26:00.433081+00:00,2618.199277820,391.215333,3377,63.893,3.195,1710.602,2728.434,42.812,15,0,0,R (running)
2026-08-01T05:26:00.933861+00:00,2618.700074407,391.716130,3377,71.885,3.594,1710.602,2728.434,42.812,15,0,0,R (running)
2026-08-01T05:26:01.434660+00:00,2619.200868124,392.216923,3377,67.892,3.395,1710.602,2728.434,42.812,15,0,0,R (running)
2026-08-01T05:26:01.935471+00:00,2619.701668080,392.717723,3377,67.891,3.395,1710.602,2728.434,42.812,15,0,0,D (disk sleep)
2026-08-01T05:26:02.436309+00:00,2620.202512052,393.218567,3377,69.882,3.494,1710.602,2728.434,42.812,15,0,0,D (disk sleep)
2026-08-01T05:26:02.937183+00:00,2620.703375216,393.719430,3377,85.852,4.293,1710.602,2728.434,42.812,15,0,0,R (running)
2026-08-01T05:26:03.438099+00:00,2621.204310477,394.220366,3377,109.795,5.490,1712.164,2729.047,42.969,15,221184,0,R (running)
2026-08-01T05:26:03.939040+00:00,2621.705255271,394.721311,3377,163.691,8.185,1716.539,2733.020,42.969,15,0,0,R (running)
2026-08-01T05:26:04.440041+00:00,2622.206117111,395.222172,3377,275.525,13.776,1720.289,2737.203,42.500,15,0,0,R (running)
2026-08-01T05:26:04.941120+00:00,2622.707304425,395.723360,3377,255.394,12.770,1723.102,2741.184,41.406,15,0,0,R (running)
2026-08-01T05:26:05.442015+00:00,2623.208138643,396.224194,3377,271.547,13.577,1733.883,2751.723,41.406,15,0,0,R (running)
2026-08-01T05:26:05.943106+00:00,2623.709244716,396.725300,3377,263.417,13.171,1743.883,2761.703,41.406,15,0,0,R (running)
2026-08-01T05:26:06.444243+00:00,2624.210318416,397.226374,3377,283.391,14.170,1750.602,2769.805,41.406,15,0,0,R (running)
2026-08-01T05:26:06.945444+00:00,2624.711557223,397.727613,3377,227.437,11.372,1750.602,2769.805,41.406,15,0,0,R (running)
2026-08-01T05:26:07.446518+00:00,2625.212712983,398.228768,3377,217.497,10.875,1750.602,2769.805,41.406,15,0,0,R (running)
2026-08-01T05:26:07.947511+00:00,2625.713726024,398.729781,3377,207.579,10.379,1759.039,2776.930,41.406,15,0,0,R (running)
2026-08-01T05:26:08.448443+00:00,2626.214656843,399.230712,3377,199.628,9.981,1765.133,2783.020,41.406,15,0,0,R (running)
2026-08-01T05:26:08.949503+00:00,2626.715631241,399.731687,3377,185.638,9.282,1771.070,2788.953,41.406,15,0,0,R (running)
2026-08-01T05:26:09.450683+00:00,2627.216792826,400.232848,3377,251.416,12.571,1777.789,2795.691,41.406,15,0,0,R (running)
2026-08-01T05:26:09.951867+00:00,2627.717963982,400.734019,3377,227.467,11.373,1779.664,2797.547,41.406,15,0,0,R (running)
2026-08-01T05:26:10.452858+00:00,2628.219070252,401.235126,3377,237.475,11.874,1785.133,2803.094,41.406,15,0,0,R (running)
2026-08-01T05:26:10.953775+00:00,2628.719977855,401.736033,3377,251.543,12.577,1788.883,2806.766,41.406,15,0,0,R (running)
2026-08-01T05:26:11.454698+00:00,2629.220911988,402.236967,3377,279.478,13.974,1790.602,2808.430,41.406,15,0,0,R (running)
2026-08-01T05:26:11.955620+00:00,2629.721831340,402.737887,3377,257.526,12.876,1793.258,2811.176,41.406,15,0,0,R (running)
2026-08-01T05:26:12.456721+00:00,2630.222929341,403.238985,3377,251.448,12.572,1797.789,2815.688,41.406,15,0,0,R (running)
2026-08-01T05:26:12.957709+00:00,2630.723890986,403.739946,3377,223.570,11.179,1802.164,2820.004,41.406,15,0,0,R (running)
2026-08-01T05:26:13.458612+00:00,2631.224821327,404.240877,3377,197.632,9.882,1801.695,2821.867,39.062,15,0,0,R (running)
2026-08-01T05:26:13.959626+00:00,2631.725765932,404.741821,3377,215.593,10.780,1804.352,2824.613,38.906,15,0,0,R (running)
2026-08-01T05:26:14.460651+00:00,2632.226786182,405.242841,3377,229.532,11.477,1804.352,2824.613,38.906,15,0,0,R (running)
2026-08-01T05:26:14.961616+00:00,2632.727829181,405.743884,3377,229.521,11.476,1804.352,2824.613,38.906,15,0,0,R (running)
2026-08-01T05:26:15.462578+00:00,2633.228772393,406.244828,3377,225.574,11.279,1804.352,2824.613,38.906,15,0,0,R (running)
2026-08-01T05:26:15.963624+00:00,2633.729753518,406.745809,3377,223.561,11.178,1804.352,2824.613,38.906,15,0,0,R (running)
2026-08-01T05:26:16.464626+00:00,2634.230843649,407.246899,3377,209.543,10.477,1804.352,2824.613,38.906,15,0,0,R (running)
2026-08-01T05:26:16.965535+00:00,2634.731739766,407.747795,3377,189.660,9.483,1804.352,2824.613,38.906,15,0,0,R (running)
2026-08-01T05:26:17.466523+00:00,2635.232727946,408.248783,3377,187.629,9.381,1807.789,2828.242,38.906,15,0,0,R (running)
2026-08-01T05:26:17.967443+00:00,2635.733659098,408.749714,3377,201.625,10.081,1811.695,2832.133,38.906,15,0,0,R (running)
2026-08-01T05:26:18.468286+00:00,2636.234497943,409.250553,3377,227.618,11.381,1818.102,2838.422,38.906,15,0,0,R (running)
2026-08-01T05:26:18.969186+00:00,2636.735403568,409.751459,3377,247.552,12.378,1822.008,2842.320,38.906,15,0,0,R (running)
2026-08-01T05:26:19.470040+00:00,2637.236254115,410.252309,3377,217.630,10.881,1826.227,2846.668,38.906,15,0,0,R (running)
2026-08-01T05:26:19.971053+00:00,2637.737182725,410.753238,3377,205.618,10.281,1833.414,2853.758,38.906,15,0,0,R (running)
2026-08-01T05:26:20.471973+00:00,2638.238188557,411.254244,3377,227.542,11.377,1837.477,2857.883,38.906,15,0,0,R (running)
2026-08-01T05:26:20.972875+00:00,2638.739091163,411.755146,3377,193.650,9.683,1839.820,2860.152,38.906,15,0,0,R (running)
2026-08-01T05:26:21.473799+00:00,2639.240010019,412.256065,3377,219.596,10.980,1847.164,2867.598,38.906,15,0,0,R (running)
2026-08-01T05:26:21.974711+00:00,2639.740922818,412.756978,3377,209.617,10.481,1851.383,2871.809,38.906,15,0,0,R (running)
2026-08-01T05:26:22.475707+00:00,2640.241797465,413.257853,3377,215.623,10.781,1855.758,2876.121,38.906,15,0,0,R (running)
2026-08-01T05:26:22.976622+00:00,2640.742833828,413.758889,3377,213.557,10.678,1861.383,2881.797,38.906,15,0,0,R (running)
2026-08-01T05:26:23.477641+00:00,2641.243833470,414.259889,3377,219.561,10.978,1864.352,2884.801,38.906,15,0,0,R (running)
2026-08-01T05:26:23.978707+00:00,2641.744869120,414.760924,3377,215.554,10.778,1867.164,2887.547,38.906,15,0,0,R (running)
2026-08-01T05:26:24.479726+00:00,2642.245897352,415.261953,3377,209.569,10.478,1871.383,2891.770,38.906,15,0,0,R (running)
2026-08-01T05:26:24.979178+00:00,2642.746842040,415.762897,3377,245.536,12.277,1875.133,2895.457,38.906,15,0,0,R (running)
2026-08-01T05:26:25.480263+00:00,2643.247903241,416.263959,3377,241.487,12.074,1879.195,2899.645,38.906,15,0,0,R (running)
2026-08-01T05:26:25.981201+00:00,2643.748862373,416.764918,3377,221.575,11.079,1880.758,2901.168,38.906,15,0,0,R (running)
2026-08-01T05:26:26.482148+00:00,2644.249787285,417.265843,3377,259.520,12.976,1885.133,2905.598,38.906,15,0,0,R (running)
2026-08-01T05:26:26.983037+00:00,2644.750709899,417.766765,3377,227.580,11.379,1889.039,2909.465,38.906,15,0,0,R (running)
2026-08-01T05:26:27.483526+00:00,2645.251187361,418.267243,3377,215.794,10.790,1893.102,2913.434,38.906,15,0,0,R (running)
2026-08-01T05:26:27.984514+00:00,2645.752170340,418.768226,3377,211.584,10.579,1895.758,2916.188,38.906,15,0,0,R (running)
2026-08-01T05:26:28.485426+00:00,2646.253094127,419.269149,3377,245.546,12.277,1900.133,2920.473,38.906,15,0,0,R (running)
2026-08-01T05:26:28.986329+00:00,2646.753996618,419.770052,3377,223.596,11.180,1904.508,2924.699,38.906,15,0,0,R (running)
2026-08-01T05:26:29.486895+00:00,2647.254486283,420.270542,3377,221.783,11.089,1906.695,2926.980,38.906,15,0,0,R (running)
2026-08-01T05:26:29.987806+00:00,2647.755472453,420.771528,3377,203.598,10.180,1909.508,2929.727,38.906,15,0,0,R (running)
2026-08-01T05:26:30.488685+00:00,2648.256350989,421.272406,3377,225.604,11.280,1913.883,2934.090,38.906,15,0,0,R (running)
2026-08-01T05:26:30.989693+00:00,2648.757356491,421.773412,3377,273.450,13.673,1915.758,2935.914,38.906,15,0,0,R (running)
2026-08-01T05:26:31.490637+00:00,2649.258265520,422.274321,3377,211.615,10.581,1919.664,2939.953,38.906,15,0,0,R (running)
2026-08-01T05:26:31.991670+00:00,2649.759322463,422.775378,3377,231.511,11.576,1922.477,2942.699,38.906,15,0,0,R (running)
2026-08-01T05:26:32.492705+00:00,2650.260337636,423.276393,3377,225.542,11.277,1923.883,2944.086,38.906,15,0,0,R (running)
2026-08-01T05:26:32.993577+00:00,2650.761248280,423.777304,3377,241.560,12.078,1928.258,2948.547,38.906,15,0,0,R (running)
2026-08-01T05:26:33.494427+00:00,2651.262092824,424.278148,3377,217.632,10.882,1931.070,2951.293,38.906,15,0,0,R (running)
2026-08-01T05:26:33.995541+00:00,2651.763128923,424.779184,3377,247.487,12.374,1935.133,2955.430,38.906,15,0,0,R (running)
2026-08-01T05:26:34.496509+00:00,2652.264175995,425.280231,3377,229.519,11.476,1936.539,2956.699,38.906,15,0,0,R (running)
2026-08-01T05:26:34.997364+00:00,2652.765034765,425.781090,3377,223.616,11.181,1940.758,2960.926,38.906,15,0,0,R (running)
2026-08-01T05:26:35.498198+00:00,2653.265862658,426.281918,3377,247.590,12.380,1943.414,2963.699,38.906,15,0,0,R (running)
2026-08-01T05:26:35.999115+00:00,2653.766778032,426.782833,3377,209.616,10.481,1944.977,2965.156,38.906,15,0,0,R (running)
2026-08-01T05:26:36.500176+00:00,2654.267747469,427.283803,3377,257.501,12.875,1949.195,2969.398,38.906,15,0,0,R (running)
2026-08-01T05:26:37.001195+00:00,2654.768861179,427.784916,3377,221.507,11.075,1952.008,2972.145,38.906,15,0,0,R (running)
2026-08-01T05:26:37.502092+00:00,2655.269767044,428.285822,3377,237.570,11.878,1955.914,2976.168,38.906,15,0,0,R (running)
2026-08-01T05:26:38.002985+00:00,2655.770648715,428.786704,3377,281.504,14.075,1957.477,2977.527,38.906,15,0,0,R (running)
2026-08-01T05:26:38.503910+00:00,2656.271575453,429.287631,3377,245.545,12.277,1960.289,2980.273,38.906,15,0,0,R (running)
2026-08-01T05:26:39.004808+00:00,2656.772471099,429.788526,3377,229.589,11.479,1961.695,2981.520,38.906,15,0,0,R (running)
2026-08-01T05:26:39.506002+00:00,2657.273557307,430.289613,3377,243.471,12.174,1964.352,2984.266,38.906,15,0,0,R (running)
2026-08-01T05:26:40.007019+00:00,2657.774662499,430.790718,3377,243.462,12.173,1968.414,2988.391,38.906,15,0,0,R (running)
2026-08-01T05:26:40.508000+00:00,2658.275629864,431.291685,3377,259.498,12.975,1968.414,2988.391,38.906,15,0,0,R (running)
2026-08-01T05:26:41.009003+00:00,2658.776642954,431.792698,3377,233.527,11.676,1971.227,2991.094,38.906,15,0,0,R (running)
2026-08-01T05:26:41.509977+00:00,2659.277635232,432.293691,3377,273.457,13.673,1972.633,2992.469,38.906,15,0,0,R (running)
2026-08-01T05:26:42.010983+00:00,2659.778643698,432.794699,3377,227.541,11.377,1976.852,2996.758,38.906,15,0,0,R (running)
2026-08-01T05:26:42.511893+00:00,2660.279563762,433.295619,3377,231.574,11.579,1977.945,2997.867,38.906,15,0,0,R (running)
2026-08-01T05:26:43.012774+00:00,2660.780439257,433.796495,3377,235.587,11.779,1979.352,2999.238,38.906,15,0,0,R (running)
2026-08-01T05:26:43.513694+00:00,2661.281359577,434.297415,3377,229.577,11.479,1980.758,3000.613,38.906,15,0,0,R (running)
2026-08-01T05:26:44.014607+00:00,2661.782271253,434.798327,3377,243.556,12.178,1983.727,3003.711,38.906,15,0,0,R (running)
2026-08-01T05:26:44.515690+00:00,2662.283270940,435.299326,3377,259.481,12.974,1985.602,3005.520,38.906,15,0,0,R (running)
2026-08-01T05:26:45.016663+00:00,2662.784327927,435.800383,3377,239.494,11.975,1988.414,3008.266,38.906,15,0,0,R (running)
2026-08-01T05:26:45.517547+00:00,2663.285216056,436.301271,3377,243.567,12.178,1990.133,3010.055,38.906,15,0,0,R (running)
2026-08-01T05:26:46.018456+00:00,2663.786122410,436.802178,3377,253.540,12.677,1992.164,3012.805,38.125,15,0,0,R (running)
2026-08-01T05:26:46.519388+00:00,2664.287054417,437.303110,3377,253.527,12.676,1993.570,3014.227,38.125,15,0,0,R (running)
2026-08-01T05:26:47.020450+00:00,2664.788034596,437.804090,3377,243.523,12.176,1996.227,3016.973,38.125,15,0,0,R (running)
2026-08-01T05:26:47.521425+00:00,2665.289069830,438.305125,3377,211.562,10.578,1998.102,3018.781,38.125,15,0,0,R (running)
2026-08-01T05:26:48.022425+00:00,2665.790019500,438.806075,3377,229.564,11.478,2000.914,3021.535,38.125,15,0,0,R (running)
2026-08-01T05:26:48.523399+00:00,2666.291036743,439.307092,3377,289.411,14.471,2000.914,3021.535,38.125,15,0,0,R (running)
2026-08-01T05:26:49.024388+00:00,2666.792033786,439.808089,3377,251.498,12.575,2002.320,3023.074,38.125,15,0,0,R (running)
2026-08-01T05:26:49.525446+00:00,2667.293072947,440.309128,3377,285.407,14.270,2004.195,3024.848,38.125,15,0,0,R (running)
2026-08-01T05:26:50.026382+00:00,2667.794045891,440.810101,3377,261.491,13.075,2014.977,3035.484,38.125,15,0,0,R (running)
2026-08-01T05:26:50.527315+00:00,2668.294978549,441.311034,3377,297.445,14.872,2021.227,3041.699,38.125,15,0,0,R (running)
2026-08-01T05:26:51.028220+00:00,2668.795891877,441.811947,3377,163.701,8.185,2021.539,3042.145,38.125,15,0,0,R (running)
2026-08-01T05:26:51.529051+00:00,2669.296724250,442.312780,3377,145.757,7.288,2021.539,3042.145,38.125,15,0,0,R (running)
2026-08-01T05:26:52.029852+00:00,2669.797521391,442.813577,3377,147.764,7.388,2021.539,3042.145,38.125,15,0,0,D (disk sleep)
2026-08-01T05:26:52.530670+00:00,2670.298335406,443.314391,3377,145.763,7.288,2021.539,3042.145,38.125,15,0,0,D (disk sleep)
2026-08-01T05:26:53.031541+00:00,2670.799210104,443.815265,3377,145.745,7.287,2021.539,3042.145,38.125,15,0,0,D (disk sleep)
2026-08-01T05:26:53.532368+00:00,2671.300036500,444.316092,3377,147.756,7.388,2021.539,3042.145,38.125,15,0,0,R (running)
2026-08-01T05:26:54.033161+00:00,2671.800831459,444.816887,3377,143.771,7.189,2021.539,3042.145,38.125,15,0,0,D (disk sleep)
2026-08-01T05:26:54.532761+00:00,2672.301636124,445.317691,3377,143.769,7.188,2021.539,3042.145,38.125,15,0,0,D (disk sleep)
2026-08-01T05:26:55.033585+00:00,2672.802457219,445.818513,3377,145.761,7.288,2020.914,3042.145,37.500,15,0,0,R (running)
2026-08-01T05:26:55.534576+00:00,2673.303444985,446.319500,3377,137.728,6.886,2020.914,3042.145,37.500,15,0,0,R (running)
2026-08-01T05:26:56.035493+00:00,2673.804366777,446.820422,3377,91.831,4.592,2020.914,3042.145,37.500,15,0,0,R (running)
2026-08-01T05:26:56.536446+00:00,2674.305309744,447.321365,3377,237.552,11.878,2020.914,3042.145,37.500,15,0,0,R (running)
2026-08-01T05:26:57.037345+00:00,2674.806228612,447.822284,3377,217.600,10.880,2097.477,3138.148,37.500,15,0,0,R (running)
2026-08-01T05:26:57.538282+00:00,2675.307173988,448.323229,3377,231.562,11.578,2184.508,3202.148,37.500,15,0,0,R (running)
2026-08-01T05:26:58.039232+00:00,2675.808120926,448.824176,3377,249.527,12.476,2127.078,3106.145,37.500,15,0,0,R (running)
2026-08-01T05:26:58.540422+00:00,2676.309215306,449.325271,3377,235.485,11.774,2127.078,3106.145,37.500,15,0,0,R (running)
2026-08-01T05:26:59.041332+00:00,2676.810217894,449.826273,3377,231.536,11.577,2127.078,3106.145,37.500,15,0,0,R (running)
2026-08-01T05:26:59.542273+00:00,2677.311161044,450.327216,3377,215.593,10.780,2127.078,3106.145,37.500,15,0,0,R (running)
2026-08-01T05:27:00.043327+00:00,2677.812144910,450.828200,3377,199.607,9.980,2127.078,3106.145,37.500,15,0,0,R (running)
2026-08-01T05:27:00.544486+00:00,2678.313327067,451.329382,3377,227.462,11.373,2127.078,3106.145,37.500,15,0,0,R (running)
2026-08-01T05:27:01.045731+00:00,2678.814574093,451.830629,3377,217.458,10.873,2127.078,3106.145,37.500,15,0,0,R (running)
2026-08-01T05:27:01.546737+00:00,2679.315586743,452.331642,3377,239.515,11.976,2127.078,3106.145,37.500,15,0,0,R (running)
2026-08-01T05:27:02.047649+00:00,2679.816536504,452.832592,3377,237.549,11.877,2125.516,3106.145,35.938,15,0,0,R (running)
2026-08-01T05:27:02.548586+00:00,2680.317473647,453.333529,3377,231.566,11.578,2125.516,3106.145,35.938,15,0,0,R (running)
2026-08-01T05:27:03.049478+00:00,2680.818375001,453.834430,3377,243.561,12.178,2125.516,3106.145,35.938,15,0,0,R (running)
2026-08-01T05:27:03.550373+00:00,2681.319252152,454.335307,3377,245.569,12.278,2125.516,3106.145,35.938,15,0,0,R (running)
2026-08-01T05:27:04.051193+00:00,2681.820078384,454.836134,3377,223.630,11.182,2125.516,3106.145,35.938,15,0,0,R (running)
2026-08-01T05:27:04.552084+00:00,2682.320969468,455.337025,3377,221.605,11.080,2125.516,3106.145,35.938,15,0,0,R (running)
2026-08-01T05:27:05.053011+00:00,2682.821887726,455.837943,3377,191.648,9.582,2125.516,3106.145,35.938,15,0,0,R (running)
2026-08-01T05:27:05.553919+00:00,2683.322809846,456.338865,3377,221.591,11.080,2125.516,3106.145,35.938,15,0,0,R (running)
2026-08-01T05:27:06.054815+00:00,2683.823702379,456.839758,3377,265.526,13.276,2125.516,3106.145,35.938,15,0,0,R (running)
2026-08-01T05:27:06.555729+00:00,2684.324618858,457.340674,3377,239.561,11.978,2125.516,3106.145,35.938,15,0,0,R (running)
2026-08-01T05:27:07.056615+00:00,2684.825507002,457.841562,3377,231.589,11.579,2125.516,3106.145,35.938,15,0,0,R (running)
2026-08-01T05:27:07.557491+00:00,2685.326382050,458.342437,3377,237.584,11.879,2125.516,3106.145,35.938,15,0,0,R (running)
2026-08-01T05:27:08.058444+00:00,2685.827319060,458.843374,3377,225.577,11.279,2125.516,3106.145,35.938,15,0,0,R (running)
2026-08-01T05:27:08.559336+00:00,2686.328228317,459.344284,3377,261.524,13.076,2125.516,3106.145,35.938,15,0,0,R (running)
2026-08-01T05:27:09.060307+00:00,2686.829177539,459.845233,3377,217.587,10.879,2125.516,3106.145,35.938,15,0,0,R (running)
2026-08-01T05:27:09.561272+00:00,2687.330139680,460.346195,3377,249.520,12.476,2125.516,3106.145,35.938,15,0,0,R (running)
2026-08-01T05:27:10.062237+00:00,2687.831098060,460.847153,3377,209.598,10.480,2125.516,3106.145,35.938,15,0,0,R (running)
2026-08-01T05:27:10.563187+00:00,2688.332072666,461.348128,3377,263.486,13.174,2125.516,3106.145,35.938,15,0,0,R (running)
2026-08-01T05:27:11.064113+00:00,2688.833003905,461.849059,3377,191.643,9.582,2125.516,3106.145,35.938,15,0,0,R (running)
2026-08-01T05:27:11.565172+00:00,2689.334039725,462.350095,3377,253.475,12.674,2125.516,3106.145,35.938,15,0,0,R (running)
2026-08-01T05:27:12.066374+00:00,2689.835143123,462.851198,3377,215.524,10.776,2125.516,3106.145,35.938,15,0,0,R (running)
2026-08-01T05:27:12.567343+00:00,2690.336231643,463.352287,3377,207.548,10.377,2125.516,3106.145,35.938,15,0,0,R (running)
2026-08-01T05:27:13.068223+00:00,2690.837116093,463.853171,3377,259.541,12.977,2125.516,3106.145,35.938,15,0,0,R (running)
2026-08-01T05:27:13.569127+00:00,2691.338018987,464.354074,3377,229.585,11.479,2125.516,3106.145,35.938,15,0,0,R (running)
2026-08-01T05:27:14.070129+00:00,2691.838934041,464.854989,3377,257.529,12.876,2125.516,3106.145,35.938,15,0,0,R (running)
2026-08-01T05:27:14.571099+00:00,2692.339970041,465.356025,3377,263.454,13.173,2125.516,3106.145,35.938,15,0,0,R (running)
2026-08-01T05:27:15.071987+00:00,2692.840877747,465.856933,3377,219.601,10.980,2125.516,3106.145,35.938,15,0,0,R (running)
2026-08-01T05:27:15.572921+00:00,2693.341810979,466.357866,3377,229.572,11.479,2125.516,3106.145,35.938,15,0,0,R (running)
2026-08-01T05:27:16.073817+00:00,2693.842712158,466.858767,3377,245.557,12.278,2125.516,3106.145,35.938,15,0,0,R (running)
2026-08-01T05:27:16.574779+00:00,2694.343612586,467.359668,3377,231.583,11.579,2125.516,3106.145,35.938,15,0,0,R (running)
2026-08-01T05:27:17.076061+00:00,2694.844870859,467.860926,3377,245.382,12.269,2125.516,3106.145,35.938,15,0,0,R (running)
2026-08-01T05:27:17.577068+00:00,2695.345903247,468.361959,3377,247.489,12.374,2125.516,3106.145,35.938,15,0,0,R (running)
2026-08-01T05:27:18.077966+00:00,2695.846849775,468.862905,3377,197.626,9.881,2124.266,3106.145,34.688,15,0,0,R (running)
2026-08-01T05:27:18.578867+00:00,2696.347762458,469.363818,3377,247.548,12.377,2124.266,3106.145,34.688,15,0,0,R (running)
2026-08-01T05:27:19.079750+00:00,2696.848624266,469.864680,3377,247.573,12.379,2124.266,3106.145,34.688,15,0,0,R (running)
2026-08-01T05:27:19.580866+00:00,2697.349676695,470.365732,3377,257.458,12.873,2124.266,3106.145,34.688,15,0,0,R (running)
2026-08-01T05:27:20.081844+00:00,2697.850733911,470.866789,3377,251.468,12.573,2124.266,3106.145,34.688,15,0,0,R (running)
2026-08-01T05:27:20.582882+00:00,2698.351698752,471.367754,3377,255.507,12.775,2124.266,3106.145,34.688,15,0,0,R (running)
2026-08-01T05:27:21.084017+00:00,2698.852820027,471.868875,3377,251.436,12.572,2124.266,3106.145,34.688,15,0,0,R (running)
2026-08-01T05:27:21.584967+00:00,2699.353840278,472.369896,3377,257.475,12.874,2124.266,3106.145,34.688,15,0,0,R (running)
2026-08-01T05:27:22.085964+00:00,2699.854822386,472.870878,3377,245.518,12.276,2124.266,3106.145,34.688,15,0,0,R (running)
2026-08-01T05:27:22.586976+00:00,2700.355861496,473.371917,3377,245.490,12.274,2124.266,3106.145,34.688,15,0,0,R (running)
2026-08-01T05:27:23.087924+00:00,2700.856812843,473.872868,3377,257.510,12.876,2124.266,3106.145,34.688,15,0,0,R (running)
2026-08-01T05:27:23.588877+00:00,2701.357761207,474.373816,3377,249.527,12.476,2124.266,3106.145,34.688,15,0,0,R (running)
2026-08-01T05:27:24.089918+00:00,2701.858731596,474.874787,3377,259.496,12.975,2124.266,3106.145,34.688,15,0,0,R (running)
2026-08-01T05:27:24.589224+00:00,2702.359774586,475.375830,3377,247.484,12.374,2124.422,3106.145,34.688,15,0,0,R (running)
2026-08-01T05:27:25.090173+00:00,2702.860800971,475.876856,3377,235.517,11.776,2127.234,3109.012,34.688,15,0,0,R (running)
2026-08-01T05:27:25.591254+00:00,2703.361849506,476.377905,3377,225.527,11.276,2128.797,3110.652,34.688,15,0,0,R (running)
2026-08-01T05:27:26.092363+00:00,2703.862945784,476.879001,3377,223.510,11.175,2128.797,3110.652,34.688,15,0,0,R (running)
2026-08-01T05:27:26.593322+00:00,2704.363941059,477.379996,3377,247.507,12.375,2130.203,3112.023,34.688,15,0,0,R (running)
2026-08-01T05:27:27.094250+00:00,2704.864875198,477.880930,3377,263.508,13.175,2131.922,3113.781,34.688,15,0,0,R (running)
2026-08-01T05:27:27.595161+00:00,2705.365793068,478.381848,3377,201.630,10.081,2134.734,3116.527,34.688,15,0,0,R (running)
2026-08-01T05:27:28.096063+00:00,2705.866695041,478.882750,3377,267.517,13.376,2136.141,3117.941,34.688,15,0,0,R (running)
2026-08-01T05:27:28.596976+00:00,2706.367600299,479.383656,3377,273.505,13.675,2138.953,3120.688,34.688,15,0,0,R (running)
2026-08-01T05:27:29.097997+00:00,2706.868554678,479.884610,3377,301.425,15.071,2140.672,3122.422,34.688,15,0,0,R (running)
2026-08-01T05:27:29.598964+00:00,2707.369588086,480.385643,3377,213.559,10.678,2273.641,3282.426,34.688,15,0,0,R (running)
2026-08-01T05:27:30.100015+00:00,2707.870648794,480.886704,3377,273.420,13.671,2461.609,3474.426,34.688,15,0,0,R (running)
2026-08-01T05:27:30.600908+00:00,2708.371536310,481.387592,3377,265.529,13.276,2375.160,3378.422,34.688,15,0,0,R (running)
2026-08-01T05:27:31.102006+00:00,2708.872555018,481.888610,3377,229.532,11.477,2375.160,3378.422,34.688,15,0,0,R (running)
2026-08-01T05:27:31.603033+00:00,2709.373658881,482.389714,3377,221.511,11.076,2375.160,3378.422,34.688,15,0,0,R (running)
2026-08-01T05:27:32.104073+00:00,2709.874571423,482.890627,3377,217.603,10.880,2375.160,3378.422,34.688,15,0,0,R (running)
2026-08-01T05:27:32.605089+00:00,2710.375653655,483.391709,3377,221.521,11.076,2375.160,3378.422,34.688,15,0,0,R (running)
2026-08-01T05:27:33.106134+00:00,2710.876707236,483.892763,3377,209.558,10.478,2375.160,3378.422,34.688,15,0,0,R (running)
2026-08-01T05:27:33.607067+00:00,2711.377687499,484.393743,3377,213.581,10.679,2375.160,3378.422,34.688,15,0,0,R (running)
2026-08-01T05:27:34.108006+00:00,2711.878633623,484.894689,3377,199.622,9.981,2375.160,3378.422,34.688,15,0,0,R (running)
2026-08-01T05:27:34.608873+00:00,2712.379507676,485.395563,3377,237.585,11.879,2375.160,3378.422,34.688,15,0,0,R (running)
2026-08-01T05:27:35.109963+00:00,2712.880502103,485.896557,3377,223.555,11.178,2375.160,3378.422,34.688,15,0,0,R (running)
2026-08-01T05:27:35.610997+00:00,2713.381578894,486.397634,3377,217.532,10.877,2375.160,3378.422,34.688,15,0,0,R (running)
2026-08-01T05:27:36.112005+00:00,2713.882612287,486.898668,3377,219.546,10.977,2375.160,3378.422,34.688,15,0,0,R (running)
2026-08-01T05:27:36.613293+00:00,2714.383751275,487.399807,3377,213.514,10.676,2375.160,3378.422,34.688,15,0,0,R (running)
2026-08-01T05:27:37.114422+00:00,2714.885054943,487.901110,3377,227.407,11.370,2375.160,3378.422,34.688,15,0,0,R (running)
2026-08-01T05:27:37.615367+00:00,2715.386002575,488.402058,3377,239.546,11.977,2375.160,3378.422,34.688,15,0,0,R (running)
2026-08-01T05:27:38.116046+00:00,2715.886675173,488.902730,3377,225.696,11.285,2375.160,3378.422,34.688,15,0,0,R (running)
2026-08-01T05:27:38.616966+00:00,2716.387603263,489.403659,3377,221.589,11.079,2375.160,3378.422,34.688,15,0,0,R (running)
2026-08-01T05:27:39.117864+00:00,2716.888489253,489.904545,3377,227.597,11.380,2375.160,3378.422,34.688,15,0,0,R (running)
2026-08-01T05:27:39.618887+00:00,2717.389446352,490.405502,3377,209.599,10.480,2375.160,3378.422,34.688,15,0,0,R (running)
2026-08-01T05:27:40.119955+00:00,2717.890563129,490.906618,3377,257.425,12.871,2375.160,3378.422,34.688,15,0,0,R (running)
2026-08-01T05:27:40.620867+00:00,2718.391500129,491.407555,3377,251.529,12.576,2375.160,3378.422,34.688,15,0,0,R (running)
2026-08-01T05:27:41.121833+00:00,2718.892466388,491.908522,3377,223.568,11.178,2375.160,3378.422,34.688,15,0,0,R (running)
2026-08-01T05:27:41.622763+00:00,2719.393396509,492.409452,3377,255.525,12.776,2375.160,3378.422,34.688,15,0,0,R (running)
2026-08-01T05:27:42.123677+00:00,2719.894308787,492.910364,3377,235.570,11.779,2375.160,3378.422,34.688,15,0,0,R (running)
2026-08-01T05:27:42.624726+00:00,2720.395255085,493.411310,3377,197.626,9.881,2375.160,3378.422,34.688,15,0,0,R (running)
2026-08-01T05:27:43.125463+00:00,2720.896089790,493.912145,3377,259.567,12.978,2375.160,3378.422,34.688,15,0,0,R (running)
2026-08-01T05:27:43.626589+00:00,2721.397074561,494.413130,3377,237.532,11.877,2377.816,3381.129,34.688,15,0,0,R (running)
2026-08-01T05:27:44.127658+00:00,2721.898228961,494.914284,3377,237.452,11.873,2380.629,3383.875,34.688,15,0,0,R (running)
2026-08-01T05:27:44.628866+00:00,2722.399374477,495.415430,3377,231.470,11.573,2384.848,3388.246,34.688,15,0,0,R (running)
2026-08-01T05:27:45.130042+00:00,2722.900569211,495.916624,3377,277.337,13.867,2386.410,3389.797,34.688,15,0,0,R (running)
2026-08-01T05:27:45.631102+00:00,2723.401730959,496.417786,3377,229.467,11.473,2389.223,3392.543,34.688,15,0,0,R (running)
2026-08-01T05:27:46.131956+00:00,2723.902583905,496.918639,3377,237.595,11.880,2393.598,3396.844,34.688,15,0,0,R (running)
2026-08-01T05:27:46.632863+00:00,2724.403494853,497.419550,3377,269.509,13.475,2395.316,3398.625,34.688,15,0,0,R (running)
2026-08-01T05:27:47.133781+00:00,2724.904406643,497.920462,3377,259.527,12.976,2397.973,3401.371,34.688,15,0,0,R (running)
2026-08-01T05:27:47.634724+00:00,2725.405345829,498.421401,3377,215.595,10.780,2399.535,3402.797,34.688,15,0,0,R (running)
2026-08-01T05:27:48.135699+00:00,2725.906318413,498.922374,3377,259.495,12.975,2403.598,3407.215,34.375,15,0,0,R (running)
2026-08-01T05:27:48.636696+00:00,2726.407322723,499.423378,3377,239.519,11.976,2406.254,3409.961,34.375,15,0,0,R (running)
2026-08-01T05:27:49.137435+00:00,2726.908071325,499.924127,3377,185.722,9.286,2407.191,3410.797,34.375,15,0,0,R (running)
2026-08-01T05:27:49.637861+00:00,2727.408492540,500.424548,3377,231.805,11.590,2411.723,3415.430,34.375,15,0,0,R (running)
2026-08-01T05:27:50.138396+00:00,2727.908951906,500.925007,3377,281.741,14.087,2413.285,3416.957,34.375,15,0,0,R (running)
2026-08-01T05:27:50.639362+00:00,2728.409987000,501.426042,3377,201.583,10.079,2416.098,3419.703,34.375,15,0,0,R (running)
2026-08-01T05:27:51.140418+00:00,2728.910969596,501.927025,3377,237.533,11.877,2416.723,3420.305,34.375,15,0,0,R (running)
2026-08-01T05:27:51.641460+00:00,2729.411998314,502.428054,3377,269.446,13.472,2421.410,3424.984,34.375,15,0,0,R (running)
2026-08-01T05:27:52.142092+00:00,2729.912647376,502.928703,3377,269.650,13.482,2422.816,3426.477,34.375,15,0,0,R (running)
2026-08-01T05:27:52.643130+00:00,2730.413737770,503.429793,3377,271.408,13.570,2425.629,3429.227,34.375,15,0,0,R (running)
2026-08-01T05:27:53.144127+00:00,2730.914755564,503.930811,3377,217.557,10.878,2427.035,3430.613,34.375,15,0,0,R (running)
2026-08-01T05:27:53.645172+00:00,2731.415709079,504.431764,3377,135.741,6.787,2427.035,3430.613,34.375,15,0,0,R (running)
2026-08-01T05:27:54.146099+00:00,2731.916730508,504.932786,3377,135.723,6.786,2427.035,3430.613,34.375,15,0,0,R (running)
2026-08-01T05:27:54.645646+00:00,2732.417569898,505.433625,3377,77.869,3.893,2427.035,3430.613,34.375,15,0,0,R (running)
2026-08-01T05:27:55.146471+00:00,2732.918396705,505.934452,3377,67.888,3.394,2427.035,3430.613,34.375,15,0,0,R (running)
2026-08-01T05:27:55.647305+00:00,2733.419227666,506.435283,3377,61.897,3.095,2427.035,3430.613,34.375,15,0,0,R (running)
2026-08-01T05:27:56.148154+00:00,2733.920076365,506.936132,3377,65.888,3.294,2427.035,3430.613,34.375,15,0,0,R (running)
2026-08-01T05:27:56.649091+00:00,2734.421000348,507.437056,3377,61.886,3.094,2427.035,3430.613,34.375,15,0,0,R (running)
2026-08-01T05:27:57.149958+00:00,2734.921886140,507.937941,3377,67.880,3.394,2427.035,3430.613,34.375,15,0,0,R (running)
2026-08-01T05:27:57.650762+00:00,2735.422686407,508.438742,3377,67.891,3.395,2427.035,3430.613,34.375,15,0,0,R (running)
2026-08-01T05:27:58.151596+00:00,2735.923518484,508.939574,3377,69.884,3.494,2427.035,3430.613,34.375,15,0,0,R (running)
2026-08-01T05:27:58.652391+00:00,2736.424313762,509.440369,3377,121.806,6.090,2427.035,3430.613,34.375,15,0,0,R (running)
2026-08-01T05:27:59.153319+00:00,2736.925232524,509.941288,3377,177.674,8.884,2541.965,3622.617,34.375,15,0,0,R (running)
2026-08-01T05:27:59.654530+00:00,2737.426289210,510.442344,3377,283.401,14.170,2643.371,3686.617,34.375,15,0,0,R (running)
2026-08-01T05:28:00.155701+00:00,2737.927544142,510.943599,3377,299.249,14.962,2760.559,3814.617,34.375,15,0,0,R (running)
2026-08-01T05:28:00.656800+00:00,2738.428703552,511.444759,3377,175.593,8.780,2763.527,3814.617,34.375,15,0,0,R (running)
2026-08-01T05:28:01.157868+00:00,2738.929764381,511.945820,3377,257.454,12.873,2649.262,3622.613,34.375,15,0,0,R (running)
2026-08-01T05:28:01.658940+00:00,2739.430848470,512.446904,3377,215.533,10.777,2649.262,3622.613,34.375,15,0,0,R (running)
2026-08-01T05:28:02.159906+00:00,2739.931829681,512.947885,3377,217.573,10.879,2649.262,3622.613,34.375,15,0,0,R (running)
2026-08-01T05:28:02.660821+00:00,2740.432748048,513.448803,3377,223.589,11.179,2649.262,3622.613,34.375,15,0,0,R (running)
2026-08-01T05:28:03.161660+00:00,2740.933583015,513.949638,3377,223.627,11.181,2649.262,3622.613,34.375,15,0,0,R (running)
2026-08-01T05:28:03.662553+00:00,2741.434475059,514.450530,3377,233.583,11.679,2649.262,3622.613,34.375,15,0,0,R (running)
2026-08-01T05:28:04.163594+00:00,2741.935441747,514.951497,3377,211.591,10.580,2649.262,3622.613,34.375,15,0,0,R (running)
2026-08-01T05:28:04.664637+00:00,2742.436537602,515.452593,3377,229.497,11.475,2649.262,3622.613,34.375,15,0,0,R (running)
