timestamp_utc,timestamp_monotonic,elapsed_sec,pid,cpu_percent_raw,cpu_percent_normalized,rss_mb,vms_mb,shared_mb,num_threads,read_bytes_delta,write_bytes_delta,process_status
2026-08-01T05:38:25.258880+00:00,3363.059164399,0.001016,4695,0.000,0.000,154.062,895.426,42.812,13,0,0,S (sleeping)
2026-08-01T05:38:25.759775+00:00,3363.560038226,0.501890,4695,3.993,0.200,154.219,896.531,42.969,13,0,0,S (sleeping)
2026-08-01T05:38:26.260706+00:00,3364.060944340,1.002796,4695,5.989,0.299,154.219,896.531,42.969,13,0,0,S (sleeping)
2026-08-01T05:38:26.762424+00:00,3364.562684982,1.504537,4695,1.993,0.100,154.219,896.004,42.969,13,0,0,S (sleeping)
2026-08-01T05:38:27.263330+00:00,3365.063583270,2.005435,4695,3.993,0.200,154.219,896.004,42.969,13,0,0,S (sleeping)
2026-08-01T05:38:27.764198+00:00,3365.564462639,2.506314,4695,1.996,0.100,154.219,895.477,42.969,13,0,0,S (sleeping)
2026-08-01T05:38:28.265339+00:00,3366.065517518,3.007369,4695,5.987,0.299,154.219,895.477,42.969,13,0,0,S (sleeping)
2026-08-01T05:38:28.766252+00:00,3366.566502437,3.508354,4695,3.992,0.200,154.031,895.527,42.781,13,0,0,S (sleeping)
2026-08-01T05:38:29.267142+00:00,3367.067412384,4.009264,4695,3.993,0.200,154.188,895.527,42.781,13,0,0,S (sleeping)
2026-08-01T05:38:29.768010+00:00,3367.568275912,4.510127,4695,3.993,0.200,154.188,895.527,42.781,13,0,0,S (sleeping)
2026-08-01T05:38:30.268857+00:00,3368.069121901,5.010973,4695,3.993,0.200,154.188,895.527,42.781,13,0,0,S (sleeping)
2026-08-01T05:38:30.769708+00:00,3368.569965775,5.511817,4695,3.993,0.200,154.188,895.527,42.781,13,0,0,S (sleeping)
2026-08-01T05:38:31.270677+00:00,3369.070946481,6.012798,4695,3.992,0.200,154.188,895.527,42.781,13,0,0,S (sleeping)
2026-08-01T05:38:31.771607+00:00,3369.571849229,6.513701,4695,5.989,0.299,154.188,895.527,42.781,13,0,0,S (sleeping)
2026-08-01T05:38:32.272597+00:00,3370.072820623,7.014672,4695,3.992,0.200,154.188,895.527,42.781,13,0,0,S (sleeping)
2026-08-01T05:38:32.773587+00:00,3370.573824478,7.515676,4695,3.992,0.200,154.188,895.527,42.781,13,0,0,S (sleeping)
2026-08-01T05:38:33.274549+00:00,3371.074777676,8.016629,4695,5.989,0.299,154.188,895.527,42.781,13,0,0,S (sleeping)
2026-08-01T05:38:33.775813+00:00,3371.575998141,8.517850,4695,3.990,0.200,154.188,895.527,42.781,13,0,0,S (sleeping)
2026-08-01T05:38:34.276922+00:00,3372.077096625,9.018948,4695,3.991,0.200,154.188,895.527,42.781,13,0,0,S (sleeping)
2026-08-01T05:38:34.777912+00:00,3372.578181215,9.520033,4695,13.970,0.698,159.395,926.613,43.094,13,28672,0,S (sleeping)
2026-08-01T05:38:35.278781+00:00,3373.079051512,10.020903,4695,7.986,0.399,159.410,926.629,43.094,13,0,0,S (sleeping)
2026-08-01T05:38:35.779667+00:00,3373.579896950,10.521749,4695,7.986,0.399,160.660,928.004,43.094,13,0,0,R (running)
2026-08-01T05:38:36.280744+00:00,3374.080996573,11.022848,4695,5.987,0.299,160.504,928.000,43.094,13,0,0,R (running)
2026-08-01T05:38:36.781642+00:00,3374.581913386,11.523765,4695,5.989,0.299,159.406,926.625,43.094,13,0,0,S (sleeping)
2026-08-01T05:38:37.282556+00:00,3375.082824179,12.024676,4695,5.989,0.299,159.414,926.633,43.094,13,0,0,S (sleeping)
2026-08-01T05:38:37.783463+00:00,3375.583731702,12.525583,4695,7.986,0.399,159.414,926.633,43.094,13,0,0,S (sleeping)
2026-08-01T05:38:38.284346+00:00,3376.084616248,13.026468,4695,5.989,0.299,159.418,926.637,43.094,13,0,0,S (sleeping)
2026-08-01T05:38:38.785252+00:00,3376.585504402,13.527356,4695,7.986,0.399,159.418,926.637,43.094,13,0,0,S (sleeping)
2026-08-01T05:38:39.286217+00:00,3377.086482516,14.028334,4695,5.988,0.299,159.414,926.633,43.094,13,0,0,S (sleeping)
2026-08-01T05:38:39.787116+00:00,3377.587383279,14.529235,4695,7.986,0.399,159.418,926.637,43.094,13,0,4096,S (sleeping)
2026-08-01T05:38:40.287996+00:00,3378.088266234,15.030118,4695,5.989,0.299,159.422,926.641,43.094,13,0,0,S (sleeping)
2026-08-01T05:38:40.788986+00:00,3378.589190555,15.531042,4695,7.985,0.399,159.430,926.637,43.094,13,0,0,S (sleeping)
2026-08-01T05:38:41.289984+00:00,3379.090257580,16.032109,4695,3.991,0.200,159.438,926.645,43.094,13,0,0,S (sleeping)
2026-08-01T05:38:41.790991+00:00,3379.591244377,16.533096,4695,7.984,0.399,159.543,926.645,43.094,13,0,0,S (sleeping)
2026-08-01T05:38:42.291916+00:00,3380.092187818,17.034039,4695,3.992,0.200,159.539,926.641,43.094,13,0,0,S (sleeping)
2026-08-01T05:38:42.792765+00:00,3380.593032748,17.534884,4695,7.987,0.399,159.547,926.648,43.094,13,0,0,S (sleeping)
2026-08-01T05:38:43.293637+00:00,3381.093907979,18.035760,4695,5.990,0.299,159.547,926.648,43.094,13,0,0,S (sleeping)
2026-08-01T05:38:43.794510+00:00,3381.594772882,18.536624,4695,7.986,0.399,159.551,926.652,43.094,13,0,0,R (running)
2026-08-01T05:38:44.295487+00:00,3382.095735932,19.037588,4695,5.988,0.299,159.547,926.648,43.094,13,0,0,S (sleeping)
2026-08-01T05:38:44.796481+00:00,3382.596746608,19.538598,4695,5.988,0.299,159.555,926.656,43.094,13,0,4096,S (sleeping)
2026-08-01T05:38:45.297288+00:00,3383.097563565,20.039415,4695,5.990,0.300,159.863,926.652,43.406,13,4096,0,S (sleeping)
2026-08-01T05:38:45.798238+00:00,3383.598511732,20.540363,4695,21.958,1.098,164.691,1074.539,43.406,15,28672,0,S (sleeping)
2026-08-01T05:38:46.299062+00:00,3384.099333166,21.041185,4695,29.951,1.498,166.266,1075.910,43.406,15,0,0,S (sleeping)
2026-08-01T05:38:46.804420+00:00,3384.604668844,21.546520,4695,31.662,1.583,166.625,1076.344,43.406,15,0,0,S (sleeping)
2026-08-01T05:38:47.305404+00:00,3385.105541153,22.047393,4695,27.951,1.398,166.781,1076.520,43.406,15,0,0,S (sleeping)
2026-08-01T05:38:47.806280+00:00,3385.606537501,22.548389,4695,29.940,1.497,166.379,1076.000,43.406,15,0,0,S (sleeping)
2026-08-01T05:38:48.307096+00:00,3386.107363139,23.049215,4695,29.951,1.498,167.160,1140.473,43.406,15,0,0,S (sleeping)
2026-08-01T05:38:48.807801+00:00,3386.608072895,23.549924,4695,31.955,1.598,167.785,1140.934,43.406,15,0,0,S (sleeping)
2026-08-01T05:38:49.308648+00:00,3387.108920378,24.050772,4695,31.946,1.597,165.879,1138.738,43.406,15,0,0,S (sleeping)
2026-08-01T05:38:49.809507+00:00,3387.609768338,24.551620,4695,31.946,1.597,168.223,1141.258,43.406,15,0,8192,S (sleeping)
2026-08-01T05:38:50.310372+00:00,3388.110643909,25.052495,4695,33.941,1.697,165.961,1138.660,43.406,15,0,0,S (sleeping)
2026-08-01T05:38:50.811309+00:00,3388.611580472,25.553432,4695,35.933,1.797,165.965,1138.660,43.406,15,0,0,S (sleeping)
2026-08-01T05:38:51.311802+00:00,3389.112075463,26.053927,4695,35.964,1.798,168.938,1141.840,43.406,15,0,0,S (sleeping)
2026-08-01T05:38:51.812713+00:00,3389.612976560,26.554828,4695,33.939,1.697,168.941,1141.703,43.406,15,0,0,S (sleeping)
2026-08-01T05:38:52.313555+00:00,3390.113819693,27.055671,4695,37.936,1.897,169.570,1142.141,43.406,15,0,0,S (sleeping)
2026-08-01T05:38:52.814430+00:00,3390.614700705,27.556552,4695,37.933,1.897,166.605,1138.965,43.406,15,0,0,S (sleeping)
2026-08-01T05:38:53.315310+00:00,3391.115556727,28.057408,4695,33.942,1.697,166.449,1138.820,43.406,15,0,0,S (sleeping)
2026-08-01T05:38:53.816365+00:00,3391.616629278,28.558481,4695,33.927,1.696,169.672,1141.957,43.406,15,0,0,S (sleeping)
2026-08-01T05:38:54.317228+00:00,3392.117503074,29.059355,4695,33.941,1.697,166.703,1138.945,43.406,15,0,0,S (sleeping)
2026-08-01T05:38:54.816888+00:00,3392.618375276,29.560227,4695,35.937,1.797,169.840,1141.953,43.406,15,0,0,S (sleeping)
2026-08-01T05:38:55.317759+00:00,3393.119247413,30.061099,4695,33.941,1.697,169.527,1141.734,43.406,15,0,0,S (sleeping)
2026-08-01T05:38:55.818696+00:00,3393.620166851,30.562018,4695,33.938,1.697,170.777,1142.867,43.406,15,0,0,S (sleeping)
2026-08-01T05:38:56.319838+00:00,3394.121227251,31.063079,4695,35.924,1.796,170.137,1142.262,43.406,15,0,0,S (sleeping)
2026-08-01T05:38:56.820752+00:00,3394.622234646,31.564086,4695,35.928,1.796,166.992,1139.121,43.406,15,0,0,S (sleeping)
2026-08-01T05:38:57.321636+00:00,3395.123122423,32.064974,4695,35.936,1.797,166.836,1138.977,43.406,15,0,0,S (sleeping)
2026-08-01T05:38:57.822540+00:00,3395.623992380,32.565844,4695,33.941,1.697,169.648,1141.820,43.406,15,0,0,S (sleeping)
2026-08-01T05:38:58.323399+00:00,3396.124883300,33.066735,4695,31.943,1.597,169.805,1141.938,43.406,15,0,0,S (sleeping)
2026-08-01T05:38:58.824294+00:00,3396.625778815,33.567630,4695,35.936,1.797,169.805,1141.957,43.406,15,0,0,S (sleeping)
2026-08-01T05:38:59.325174+00:00,3397.126664062,34.068516,4695,33.940,1.697,169.648,1141.840,43.406,15,0,0,S (sleeping)
2026-08-01T05:38:59.826073+00:00,3397.627561127,34.569413,4695,31.943,1.597,169.492,1141.695,43.406,15,0,0,S (sleeping)
2026-08-01T05:39:00.326891+00:00,3398.128374613,35.070226,4695,33.945,1.697,167.000,1139.105,43.406,15,0,0,S (sleeping)
2026-08-01T05:39:00.827758+00:00,3398.629245644,35.571097,4695,33.941,1.697,166.688,1138.664,43.406,15,0,0,S (sleeping)
2026-08-01T05:39:01.328652+00:00,3399.130127037,36.071979,4695,33.940,1.697,166.688,1138.805,43.406,15,0,0,S (sleeping)
2026-08-01T05:39:01.829533+00:00,3399.631020066,36.572872,4695,35.936,1.797,169.656,1141.883,43.406,15,0,0,S (sleeping)
2026-08-01T05:39:02.330523+00:00,3400.131965550,37.073817,4695,35.932,1.797,170.598,1142.715,43.406,15,0,0,S (sleeping)
2026-08-01T05:39:02.831445+00:00,3400.632902746,37.574754,4695,35.933,1.797,167.008,1139.250,43.406,15,0,0,S (sleeping)
2026-08-01T05:39:03.332322+00:00,3401.133811012,38.075663,4695,37.931,1.897,170.289,1142.461,43.406,15,0,0,S (sleeping)
2026-08-01T05:39:03.833202+00:00,3401.634679611,38.576531,4695,39.931,1.997,170.445,1142.461,43.406,15,0,0,S (sleeping)
2026-08-01T05:39:04.334144+00:00,3402.135624878,39.077476,4695,43.917,2.196,170.730,1142.375,43.406,15,0,0,S (sleeping)
2026-08-01T05:39:04.835084+00:00,3402.636555129,39.578407,4695,43.918,2.196,172.762,1142.375,43.406,15,0,0,S (sleeping)
2026-08-01T05:39:05.336117+00:00,3403.137600204,40.079452,4695,45.904,2.295,172.918,1142.375,43.406,15,0,0,S (sleeping)
2026-08-01T05:39:05.837046+00:00,3403.638533636,40.580385,4695,43.918,2.196,173.074,1142.504,43.406,15,0,0,S (sleeping)
2026-08-01T05:39:06.337935+00:00,3404.139400015,41.081252,4695,39.931,1.997,174.168,1142.504,43.406,15,0,0,S (sleeping)
2026-08-01T05:39:06.838923+00:00,3404.640403330,41.582255,4695,43.912,2.196,174.168,1142.504,43.406,15,0,0,S (sleeping)
2026-08-01T05:39:07.339849+00:00,3405.141339624,42.083191,4695,43.918,2.196,174.324,1142.652,43.406,15,0,0,S (sleeping)
2026-08-01T05:39:07.840753+00:00,3405.642234842,42.584086,4695,43.921,2.196,174.613,1142.867,43.406,15,0,0,S (sleeping)
2026-08-01T05:39:08.341672+00:00,3406.143155643,43.085007,4695,45.915,2.296,176.332,1144.480,43.406,15,0,0,S (sleeping)
2026-08-01T05:39:08.842614+00:00,3406.644091317,43.585943,4695,41.922,2.096,176.332,1144.480,43.406,15,0,0,S (sleeping)
2026-08-01T05:39:09.343542+00:00,3407.145009387,44.086861,4695,43.919,2.196,174.121,1142.012,43.406,15,0,0,S (sleeping)
2026-08-01T05:39:09.844453+00:00,3407.645935931,44.587788,4695,43.919,2.196,175.586,1143.707,43.406,15,0,0,S (sleeping)
2026-08-01T05:39:10.345385+00:00,3408.146861398,45.088713,4695,41.922,2.096,175.742,1143.828,43.406,15,0,0,S (sleeping)
2026-08-01T05:39:10.846315+00:00,3408.647802655,45.589654,4695,47.910,2.395,175.586,1143.750,43.406,15,0,0,S (sleeping)
2026-08-01T05:39:11.347199+00:00,3409.148689018,46.090541,4695,43.922,2.196,172.930,1141.090,43.406,15,0,0,S (sleeping)
2026-08-01T05:39:11.848116+00:00,3409.649571591,46.591423,4695,43.922,2.196,175.586,1143.699,43.406,15,0,0,S (sleeping)
2026-08-01T05:39:12.349052+00:00,3410.150526351,47.092378,4695,41.920,2.096,176.367,1144.457,43.406,15,0,0,S (sleeping)
2026-08-01T05:39:12.849928+00:00,3410.651408895,47.593260,4695,43.922,2.196,176.836,1144.906,43.406,15,0,0,S (sleeping)
2026-08-01T05:39:13.350830+00:00,3411.152299058,48.094151,4695,43.922,2.196,176.836,1144.906,43.406,15,0,0,S (sleeping)
2026-08-01T05:39:13.851763+00:00,3411.653247486,48.595099,4695,41.920,2.096,176.836,1144.906,43.406,15,0,0,S (sleeping)
2026-08-01T05:39:14.352686+00:00,3412.154170570,49.096022,4695,45.915,2.296,176.141,1144.230,43.406,15,0,0,S (sleeping)
2026-08-01T05:39:14.853567+00:00,3412.655050777,49.596902,4695,41.926,2.096,176.922,1145.012,43.406,15,0,0,S (sleeping)
2026-08-01T05:39:15.354488+00:00,3413.155949323,50.097801,4695,41.925,2.096,176.922,1145.012,43.406,15,0,0,S (sleeping)
2026-08-01T05:39:15.855412+00:00,3413.656890970,50.598743,4695,43.917,2.196,176.922,1145.012,43.406,15,0,0,S (sleeping)
2026-08-01T05:39:16.356317+00:00,3414.157796780,51.099648,4695,43.920,2.196,176.922,1145.012,43.406,15,0,0,S (sleeping)
2026-08-01T05:39:16.857271+00:00,3414.658758713,51.600610,4695,41.919,2.096,176.922,1145.012,43.406,15,0,0,S (sleeping)
2026-08-01T05:39:17.358118+00:00,3415.159604947,52.101457,4695,43.926,2.196,176.922,1145.012,43.406,15,0,0,S (sleeping)
2026-08-01T05:39:17.859021+00:00,3415.660507205,52.602359,4695,43.921,2.196,176.859,1144.992,43.406,15,0,0,S (sleeping)
2026-08-01T05:39:18.359904+00:00,3416.161392609,53.103244,4695,41.926,2.096,176.715,1144.957,43.406,15,0,0,S (sleeping)
2026-08-01T05:39:18.861008+00:00,3416.662306958,53.604159,4695,41.923,2.096,176.953,1145.219,43.406,15,0,0,S (sleeping)
2026-08-01T05:39:19.361916+00:00,3417.163405090,54.105257,4695,41.908,2.095,176.953,1145.219,43.406,15,0,0,S (sleeping)
2026-08-01T05:39:19.862820+00:00,3417.664294476,54.606146,4695,41.925,2.096,176.547,1144.785,43.406,15,0,0,S (sleeping)
2026-08-01T05:39:20.363737+00:00,3418.165224502,55.107076,4695,41.922,2.096,176.461,1144.676,43.406,15,0,0,S (sleeping)
2026-08-01T05:39:20.864624+00:00,3418.666113095,55.607965,4695,41.925,2.096,176.930,1145.152,43.406,15,0,0,S (sleeping)
2026-08-01T05:39:21.365445+00:00,3419.166925593,56.108777,4695,43.929,2.196,177.398,1145.539,43.406,15,0,0,S (sleeping)
2026-08-01T05:39:21.866399+00:00,3419.667875836,56.609727,4695,41.920,2.096,177.398,1145.539,43.406,15,0,0,S (sleeping)
2026-08-01T05:39:22.367325+00:00,3420.168813765,57.110665,4695,43.918,2.196,177.398,1145.539,43.406,15,0,0,S (sleeping)
2026-08-01T05:39:22.868190+00:00,3420.669677577,57.611529,4695,43.924,2.196,177.555,1145.699,43.406,15,0,0,S (sleeping)
2026-08-01T05:39:23.369062+00:00,3421.170545400,58.112397,4695,43.924,2.196,175.406,1143.398,43.406,15,0,0,S (sleeping)
2026-08-01T05:39:23.869964+00:00,3421.671438653,58.613290,4695,47.914,2.396,177.465,1145.523,43.406,15,0,0,S (sleeping)
2026-08-01T05:39:24.370902+00:00,3422.172364826,59.114216,4695,47.911,2.396,178.090,1145.910,43.406,15,0,0,S (sleeping)
2026-08-01T05:39:24.870457+00:00,3422.673328019,59.615180,4695,47.908,2.395,178.090,1145.910,43.406,15,0,0,S (sleeping)
2026-08-01T05:39:25.371345+00:00,3423.174218379,60.116070,4695,47.915,2.396,178.402,1145.910,43.406,15,0,0,S (sleeping)
2026-08-01T05:39:25.872277+00:00,3423.675150914,60.617002,4695,49.907,2.495,179.496,1145.910,43.406,15,0,0,S (sleeping)
2026-08-01T05:39:26.373149+00:00,3424.176019403,61.117871,4695,49.913,2.496,179.496,1145.910,43.406,15,0,0,S (sleeping)
2026-08-01T05:39:26.874054+00:00,3424.676913523,61.618765,4695,51.907,2.595,179.496,1145.910,43.406,15,0,0,S (sleeping)
2026-08-01T05:39:27.374989+00:00,3425.177849835,62.119701,4695,51.903,2.595,180.746,1145.910,43.406,15,0,0,S (sleeping)
2026-08-01T05:39:27.875901+00:00,3425.678771672,62.620623,4695,51.904,2.595,180.902,1145.910,43.406,15,0,0,S (sleeping)
2026-08-01T05:39:28.376838+00:00,3426.179689064,63.121541,4695,53.901,2.695,183.559,1145.910,43.406,15,0,0,S (sleeping)
2026-08-01T05:39:28.877808+00:00,3426.680685850,63.622537,4695,51.897,2.595,183.715,1145.910,43.406,15,0,0,S (sleeping)
2026-08-01T05:39:29.378643+00:00,3427.181512920,64.123365,4695,53.911,2.696,183.715,1145.910,43.406,15,0,0,S (sleeping)
2026-08-01T05:39:29.879552+00:00,3427.682418581,64.624270,4695,55.899,2.795,181.199,1143.082,43.406,15,0,0,S (sleeping)
2026-08-01T05:39:30.380456+00:00,3428.183330378,65.125182,4695,53.902,2.695,183.715,1145.844,43.406,15,0,0,S (sleeping)
2026-08-01T05:39:30.881306+00:00,3428.684177569,65.626029,4695,55.905,2.795,183.891,1145.871,43.406,15,0,0,R (running)
2026-08-01T05:39:31.382193+00:00,3429.185064456,66.126916,4695,57.897,2.895,184.297,1146.184,43.406,15,0,0,S (sleeping)
2026-08-01T05:39:31.883043+00:00,3429.685921482,66.627773,4695,57.901,2.895,184.312,1146.145,43.406,15,0,0,S (sleeping)
2026-08-01T05:39:32.383865+00:00,3430.186738138,67.128590,4695,57.905,2.895,187.613,1147.617,43.406,15,0,0,S (sleeping)
2026-08-01T05:39:32.884876+00:00,3430.687711644,67.629563,4695,57.887,2.894,188.086,1146.109,43.406,15,0,0,R (running)
2026-08-01T05:39:33.385808+00:00,3431.188682312,68.130534,4695,53.895,2.695,188.883,1146.887,43.406,15,0,0,S (sleeping)
2026-08-01T05:39:33.886691+00:00,3431.689563115,68.631415,4695,59.894,2.995,189.902,1147.969,43.406,15,0,0,S (sleeping)
2026-08-01T05:39:34.387574+00:00,3432.190444704,69.132296,4695,61.891,3.095,190.684,1148.734,43.406,15,0,0,S (sleeping)
2026-08-01T05:39:34.888489+00:00,3432.691361966,69.633214,4695,61.886,3.094,195.551,1149.707,43.406,15,0,0,S (sleeping)
2026-08-01T05:39:35.389394+00:00,3433.192253893,70.134105,4695,59.893,2.995,195.707,1149.707,43.406,15,0,0,S (sleeping)
2026-08-01T05:39:35.890428+00:00,3433.693297813,70.635149,4695,57.879,2.894,196.020,1149.707,43.406,15,0,0,S (sleeping)
2026-08-01T05:39:36.391336+00:00,3434.194207536,71.136059,4695,61.887,3.094,196.645,1149.707,43.406,15,0,0,S (sleeping)
2026-08-01T05:39:36.892260+00:00,3434.695134903,71.636986,4695,59.889,2.994,196.801,1149.707,43.406,15,0,0,S (sleeping)
2026-08-01T05:39:37.393220+00:00,3435.196079683,72.137931,4695,57.891,2.895,196.957,1149.707,43.406,15,0,0,S (sleeping)
2026-08-01T05:39:37.894094+00:00,3435.696970415,72.638822,4695,63.886,3.194,196.957,1149.707,43.406,15,0,0,S (sleeping)
2026-08-01T05:39:38.394993+00:00,3436.197856836,73.139708,4695,59.894,2.995,198.363,1151.156,43.406,15,0,0,R (running)
2026-08-01T05:39:38.896108+00:00,3436.698974661,73.640826,4695,63.857,3.193,198.363,1151.156,43.406,15,0,0,R (running)
2026-08-01T05:39:39.401803+00:00,3437.204661153,74.146513,4695,63.280,3.164,198.363,1151.156,43.406,15,0,0,R (running)
2026-08-01T05:39:39.902700+00:00,3437.705565158,74.647417,4695,63.884,3.194,198.363,1151.156,43.406,15,0,0,R (running)
2026-08-01T05:39:40.403704+00:00,3438.206561238,75.148413,4695,67.865,3.393,202.738,1151.598,43.406,15,0,0,R (running)
2026-08-01T05:39:40.904611+00:00,3438.707486341,75.649338,4695,65.878,3.294,202.895,1151.598,43.406,15,0,0,R (running)
2026-08-01T05:39:41.405470+00:00,3439.208338196,76.150190,4695,59.898,2.995,203.207,1151.883,43.406,15,0,0,R (running)
2026-08-01T05:39:41.906394+00:00,3439.709248135,76.651100,4695,61.887,3.094,204.770,1153.453,43.406,15,0,0,R (running)
2026-08-01T05:39:42.407279+00:00,3440.210143008,77.151995,4695,59.893,2.995,205.395,1154.020,43.406,15,0,0,R (running)
2026-08-01T05:39:42.908163+00:00,3440.711038818,77.652890,4695,59.893,2.995,206.645,1155.324,43.406,15,0,0,R (running)
2026-08-01T05:39:43.409093+00:00,3441.211944614,78.153796,4695,61.888,3.094,207.582,1156.234,43.406,15,0,0,S (sleeping)
2026-08-01T05:39:43.910011+00:00,3441.712877915,78.654729,4695,59.888,2.994,208.363,1157.051,43.406,15,0,0,S (sleeping)
2026-08-01T05:39:44.411131+00:00,3442.213848328,79.155700,4695,73.857,3.693,209.457,1158.156,43.406,15,0,0,S (sleeping)
2026-08-01T05:39:44.912072+00:00,3442.714936428,79.656788,4695,63.861,3.193,209.457,1158.156,43.406,15,0,0,S (sleeping)
2026-08-01T05:39:45.413129+00:00,3443.215887336,80.157739,4695,59.886,2.994,210.707,1159.457,43.406,15,0,0,S (sleeping)
2026-08-01T05:39:45.914058+00:00,3443.716932484,80.658784,4695,79.833,3.992,211.176,1159.754,43.406,15,0,0,S (sleeping)
2026-08-01T05:39:46.415102+00:00,3444.217838090,81.159690,4695,59.892,2.995,211.176,1159.754,43.406,15,0,0,S (sleeping)
2026-08-01T05:39:46.916052+00:00,3444.718921711,81.660773,4695,61.866,3.093,211.957,1160.645,43.406,15,0,0,S (sleeping)
2026-08-01T05:39:47.416943+00:00,3445.219819182,82.161671,4695,67.878,3.394,211.957,1160.645,43.406,15,0,0,S (sleeping)
2026-08-01T05:39:47.917832+00:00,3445.720690508,82.662542,4695,65.885,3.294,212.895,1161.637,43.406,15,0,0,S (sleeping)
2026-08-01T05:39:48.418795+00:00,3446.221652536,83.163504,4695,63.877,3.194,213.832,1162.402,43.406,15,0,0,S (sleeping)
2026-08-01T05:39:48.919718+00:00,3446.722581235,83.664433,4695,63.881,3.194,214.145,1162.820,43.406,15,0,0,S (sleeping)
2026-08-01T05:39:49.420678+00:00,3447.223546048,84.165398,4695,59.884,2.994,214.613,1163.332,43.406,15,0,0,S (sleeping)
2026-08-01T05:39:49.921644+00:00,3447.724518639,84.666370,4695,61.880,3.094,215.082,1163.832,43.406,15,0,0,S (sleeping)
2026-08-01T05:39:50.422581+00:00,3448.225441850,85.167293,4695,61.886,3.094,215.082,1163.832,43.406,15,0,0,S (sleeping)
2026-08-01T05:39:50.923521+00:00,3448.726390130,85.668242,4695,59.886,2.994,215.707,1164.383,43.406,15,0,0,S (sleeping)
2026-08-01T05:39:51.424434+00:00,3449.227306203,86.169158,4695,65.879,3.294,216.176,1164.844,43.406,15,0,0,S (sleeping)
2026-08-01T05:39:51.925344+00:00,3449.728206201,86.670058,4695,59.892,2.995,216.801,1165.379,43.406,15,0,0,S (sleeping)
2026-08-01T05:39:52.426294+00:00,3450.229168888,87.171020,4695,61.881,3.094,217.426,1165.918,43.406,15,0,0,S (sleeping)
2026-08-01T05:39:52.927185+00:00,3450.730057327,87.671909,4695,61.890,3.095,217.426,1165.918,43.406,15,0,0,S (sleeping)
2026-08-01T05:39:53.428061+00:00,3451.230927746,88.172779,4695,61.892,3.095,217.426,1165.918,43.406,15,0,0,S (sleeping)
2026-08-01T05:39:53.928994+00:00,3451.731860432,88.673712,4695,65.877,3.294,218.988,1165.918,43.406,15,0,0,S (sleeping)
2026-08-01T05:39:54.429931+00:00,3452.232800556,89.174652,4695,67.872,3.394,218.988,1165.918,43.406,15,0,0,S (sleeping)
2026-08-01T05:39:54.928895+00:00,3452.733668991,89.675521,4695,57.899,2.895,218.988,1165.918,43.406,15,0,0,S (sleeping)
2026-08-01T05:39:55.429823+00:00,3453.234592377,90.176444,4695,65.878,3.294,218.988,1165.918,43.406,15,0,0,S (sleeping)
2026-08-01T05:39:55.930716+00:00,3453.735491173,90.677343,4695,59.892,2.995,218.988,1165.918,43.406,15,0,0,S (sleeping)
2026-08-01T05:39:56.431592+00:00,3454.236368939,91.178221,4695,61.891,3.095,218.988,1165.918,43.406,15,0,0,S (sleeping)
2026-08-01T05:39:56.932527+00:00,3454.737291603,91.679143,4695,55.897,2.795,218.988,1165.918,43.406,15,0,0,S (sleeping)
2026-08-01T05:39:57.433347+00:00,3455.238126274,92.179978,4695,61.897,3.095,218.988,1165.918,43.406,15,0,0,S (sleeping)
2026-08-01T05:39:57.934363+00:00,3455.739125874,92.680977,4695,59.880,2.994,218.988,1165.918,43.406,15,0,0,S (sleeping)
2026-08-01T05:39:58.435312+00:00,3456.240064801,93.181916,4695,61.884,3.094,218.988,1165.918,43.406,15,0,0,S (sleeping)
2026-08-01T05:39:58.936167+00:00,3456.740941919,93.682793,4695,63.888,3.194,218.988,1165.918,43.406,15,0,0,S (sleeping)
2026-08-01T05:39:59.437043+00:00,3457.241812124,94.183664,4695,61.892,3.095,218.988,1165.918,43.406,15,0,0,S (sleeping)
2026-08-01T05:39:59.937928+00:00,3457.742705845,94.684557,4695,59.893,2.995,218.988,1165.918,43.406,15,0,0,S (sleeping)
2026-08-01T05:40:00.438767+00:00,3458.243537815,95.185389,4695,61.897,3.095,218.988,1165.918,43.406,15,0,0,S (sleeping)
2026-08-01T05:40:00.939697+00:00,3458.744466171,95.686318,4695,63.881,3.194,218.988,1165.918,43.406,15,0,0,S (sleeping)
2026-08-01T05:40:01.440612+00:00,3459.245388295,96.187240,4695,61.886,3.094,218.988,1165.918,43.406,15,0,0,S (sleeping)
2026-08-01T05:40:01.941443+00:00,3459.746217582,96.688069,4695,57.904,2.895,218.988,1165.918,43.406,15,0,0,S (sleeping)
2026-08-01T05:40:02.442368+00:00,3460.247131925,97.188984,4695,61.887,3.094,218.988,1165.918,43.406,15,0,0,S (sleeping)
2026-08-01T05:40:02.943307+00:00,3460.748060183,97.689912,4695,61.885,3.094,218.988,1165.918,43.406,15,0,0,S (sleeping)
2026-08-01T05:40:03.444201+00:00,3461.248960570,98.190812,4695,59.892,2.995,218.988,1165.918,43.406,15,0,0,S (sleeping)
2026-08-01T05:40:03.945128+00:00,3461.749901186,98.691753,4695,59.887,2.994,218.988,1165.918,43.406,15,0,0,S (sleeping)
2026-08-01T05:40:04.445997+00:00,3462.250775818,99.192627,4695,61.892,3.095,218.988,1165.918,43.406,15,0,0,S (sleeping)
2026-08-01T05:40:04.946799+00:00,3462.751576553,99.693428,4695,63.898,3.195,218.988,1165.918,43.406,15,0,0,S (sleeping)
2026-08-01T05:40:05.447658+00:00,3463.252436400,100.194288,4695,61.894,3.095,218.988,1165.918,43.406,15,0,0,S (sleeping)
2026-08-01T05:40:05.948552+00:00,3463.753331442,100.695183,4695,59.893,2.995,218.988,1165.918,43.406,15,0,0,S (sleeping)
2026-08-01T05:40:06.449469+00:00,3464.254157946,101.196010,4695,61.898,3.095,218.988,1165.918,43.406,15,0,0,S (sleeping)
2026-08-01T05:40:06.950430+00:00,3464.755201263,101.697053,4695,63.867,3.193,218.988,1165.918,43.406,15,0,0,S (sleeping)
2026-08-01T05:40:07.451337+00:00,3465.256116936,102.197969,4695,59.890,2.995,220.238,1167.180,43.406,15,0,0,S (sleeping)
2026-08-01T05:40:07.952163+00:00,3465.756933643,102.698785,4695,63.896,3.195,220.238,1167.180,43.406,15,0,0,S (sleeping)
2026-08-01T05:40:08.453049+00:00,3466.257826598,103.199678,4695,67.879,3.394,221.332,1168.316,43.406,15,0,0,S (sleeping)
2026-08-01T05:40:08.953931+00:00,3466.758708556,103.700560,4695,59.894,2.995,222.582,1169.562,43.406,15,0,0,S (sleeping)
2026-08-01T05:40:09.454761+00:00,3467.259535438,104.201387,4695,65.891,3.295,224.145,1171.086,43.406,15,0,0,S (sleeping)
2026-08-01T05:40:09.955684+00:00,3467.760456360,104.702308,4695,63.882,3.194,224.457,1171.457,43.406,15,0,0,S (sleeping)
2026-08-01T05:40:10.456612+00:00,3468.261373261,105.203225,4695,63.883,3.194,224.770,1171.770,43.406,15,0,0,S (sleeping)
2026-08-01T05:40:10.957491+00:00,3468.762250210,105.704102,4695,61.891,3.095,224.926,1171.770,43.406,15,0,0,S (sleeping)
2026-08-01T05:40:11.458373+00:00,3469.263150078,106.205002,4695,63.885,3.194,224.926,1171.770,43.406,15,0,0,S (sleeping)
2026-08-01T05:40:11.959319+00:00,3469.764069490,106.705921,4695,59.890,2.994,224.926,1171.770,43.406,15,0,0,S (sleeping)
2026-08-01T05:40:12.460330+00:00,3470.265103418,107.206955,4695,63.868,3.193,225.238,1172.152,43.406,15,0,0,S (sleeping)
2026-08-01T05:40:12.961228+00:00,3470.766003631,107.707855,4695,63.885,3.194,225.551,1172.516,43.406,15,0,0,S (sleeping)
2026-08-01T05:40:13.462124+00:00,3471.266897861,108.208749,4695,65.882,3.294,226.645,1173.633,43.406,15,0,0,S (sleeping)
2026-08-01T05:40:13.963015+00:00,3471.767790358,108.709642,4695,69.875,3.494,229.770,1174.719,43.406,15,0,0,S (sleeping)
2026-08-01T05:40:14.463928+00:00,3472.268700870,109.210552,4695,67.876,3.394,229.770,1174.719,43.406,15,0,0,S (sleeping)
2026-08-01T05:40:14.964821+00:00,3472.769589033,109.711441,4695,61.890,3.095,229.770,1174.719,43.406,15,0,0,S (sleeping)
2026-08-01T05:40:15.465784+00:00,3473.270549419,110.212401,4695,67.870,3.393,229.770,1174.719,43.406,15,0,0,S (sleeping)
2026-08-01T05:40:15.966683+00:00,3473.771438370,110.713290,4695,61.890,3.094,229.770,1174.719,43.406,15,0,0,S (sleeping)
2026-08-01T05:40:16.467602+00:00,3474.272367825,111.214219,4695,69.870,3.494,229.770,1174.719,43.406,15,0,0,S (sleeping)
2026-08-01T05:40:16.968501+00:00,3474.773276518,111.715128,4695,63.884,3.194,229.770,1174.719,43.406,15,0,0,S (sleeping)
2026-08-01T05:40:17.469389+00:00,3475.274161412,112.216013,4695,67.880,3.394,229.770,1174.719,43.406,15,0,0,S (sleeping)
2026-08-01T05:40:17.970302+00:00,3475.775066067,112.716918,4695,67.877,3.394,229.770,1174.719,43.406,15,0,0,S (sleeping)
2026-08-01T05:40:18.471255+00:00,3476.275992741,113.217844,4695,69.871,3.494,229.770,1174.719,43.406,15,0,0,S (sleeping)
2026-08-01T05:40:18.972129+00:00,3476.776912202,113.718764,4695,63.883,3.194,229.770,1174.719,43.406,15,0,0,S (sleeping)
2026-08-01T05:40:19.472982+00:00,3477.277756898,114.219608,4695,67.885,3.394,229.770,1174.719,43.406,15,0,0,S (sleeping)
2026-08-01T05:40:19.973882+00:00,3477.778645200,114.720497,4695,65.883,3.294,229.770,1174.719,43.406,15,0,0,S (sleeping)
2026-08-01T05:40:20.474830+00:00,3478.279608301,115.221460,4695,69.865,3.493,229.770,1174.719,43.406,15,0,0,S (sleeping)
2026-08-01T05:40:20.975727+00:00,3478.780475060,115.722327,4695,75.868,3.793,241.691,1174.719,43.406,15,0,0,S (sleeping)
2026-08-01T05:40:21.476735+00:00,3479.281505007,116.223357,4695,57.881,2.894,241.848,1174.719,43.406,15,0,0,S (sleeping)
2026-08-01T05:40:21.977183+00:00,3479.781962426,116.723814,4695,61.943,3.097,241.848,1174.719,43.406,15,0,0,S (sleeping)
2026-08-01T05:40:22.477937+00:00,3480.282656994,117.224509,4695,63.911,3.196,242.160,1174.719,43.406,15,0,0,S (sleeping)
2026-08-01T05:40:22.978896+00:00,3480.783672176,117.725524,4695,61.874,3.094,242.160,1174.719,43.406,15,0,0,S (sleeping)
2026-08-01T05:40:23.479339+00:00,3481.284096328,118.225948,4695,67.942,3.397,243.723,1174.719,43.406,15,0,0,S (sleeping)
2026-08-01T05:40:23.980346+00:00,3481.785078957,118.726931,4695,71.859,3.593,243.723,1174.719,43.406,15,0,0,S (sleeping)
2026-08-01T05:40:24.481440+00:00,3482.286190524,119.228042,4695,65.854,3.293,243.723,1174.719,43.406,15,0,0,S (sleeping)
2026-08-01T05:40:24.981568+00:00,3482.787168734,119.729020,4695,73.856,3.693,243.723,1174.719,43.406,15,0,0,S (sleeping)
2026-08-01T05:40:25.482493+00:00,3483.288102525,120.229954,4695,71.866,3.593,243.723,1174.719,43.406,15,0,0,S (sleeping)
2026-08-01T05:40:25.983391+00:00,3483.789009240,120.730861,4695,65.881,3.294,243.723,1174.719,43.406,15,0,0,S (sleeping)
2026-08-01T05:40:26.484223+00:00,3484.289822809,121.231674,4695,75.877,3.794,257.160,1174.719,43.406,15,0,0,S (sleeping)
2026-08-01T05:40:26.985287+00:00,3484.790879588,121.732731,4695,57.878,2.894,257.160,1174.719,43.406,15,0,0,S (sleeping)
2026-08-01T05:40:27.486223+00:00,3485.291830957,122.233683,4695,69.867,3.493,271.691,1238.719,43.406,15,0,0,S (sleeping)
2026-08-01T05:40:27.987290+00:00,3485.792850590,122.734702,4695,57.882,2.894,271.691,1238.719,43.406,15,0,0,R (running)
2026-08-01T05:40:28.488283+00:00,3486.293891165,123.235743,4695,57.880,2.894,271.691,1238.719,43.406,15,0,0,S (sleeping)
2026-08-01T05:40:28.989328+00:00,3486.794800522,123.736652,4695,69.873,3.494,271.691,1238.719,43.406,15,0,0,S (sleeping)
2026-08-01T05:40:29.490435+00:00,3487.295976899,124.237828,4695,67.840,3.392,271.691,1238.719,43.406,15,0,0,S (sleeping)
2026-08-01T05:40:29.991461+00:00,3487.797027472,124.738879,4695,65.862,3.293,271.691,1238.719,43.406,15,0,0,S (sleeping)
2026-08-01T05:40:30.492476+00:00,3488.298064298,125.239916,4695,81.830,4.092,296.848,1250.723,43.406,15,0,0,S (sleeping)
2026-08-01T05:40:30.993522+00:00,3488.799076249,125.740928,4695,59.879,2.994,296.848,1250.723,43.406,15,0,0,S (sleeping)
2026-08-01T05:40:31.494673+00:00,3489.300241021,126.242093,4695,63.851,3.193,296.848,1250.723,43.406,15,0,0,R (running)
2026-08-01T05:40:31.995643+00:00,3489.801237465,126.743089,4695,61.877,3.094,285.977,1238.719,43.406,15,0,0,R (running)
2026-08-01T05:40:32.496594+00:00,3490.302200674,127.244052,4695,61.881,3.094,285.977,1238.719,43.406,15,0,0,R (running)
2026-08-01T05:40:32.997469+00:00,3490.803075700,127.744927,4695,65.885,3.294,285.977,1238.719,43.406,15,0,0,R (running)
2026-08-01T05:40:33.498413+00:00,3491.303996404,128.245848,4695,65.879,3.294,285.977,1238.719,43.406,15,0,0,R (running)
2026-08-01T05:40:33.999298+00:00,3491.804897234,128.746749,4695,63.885,3.194,285.977,1238.719,43.406,15,0,0,R (running)
2026-08-01T05:40:34.500332+00:00,3492.305925086,129.247777,4695,69.856,3.493,286.914,1238.719,43.406,15,0,0,R (running)
2026-08-01T05:40:35.001291+00:00,3492.806887483,129.748739,4695,65.873,3.294,286.914,1238.719,43.406,15,0,0,R (running)
2026-08-01T05:40:35.502195+00:00,3493.307792327,130.249644,4695,63.884,3.194,286.914,1238.719,43.406,15,0,0,R (running)
2026-08-01T05:40:36.003098+00:00,3493.808707908,130.750559,4695,69.872,3.494,294.102,1238.719,43.406,15,0,0,R (running)
2026-08-01T05:40:36.503984+00:00,3494.309593401,131.251445,4695,61.890,3.095,294.102,1238.719,43.406,15,0,0,R (running)
2026-08-01T05:40:37.005040+00:00,3494.810567260,131.752419,4695,63.876,3.194,294.102,1238.719,43.406,15,0,0,R (running)
2026-08-01T05:40:37.506040+00:00,3495.311632790,132.253484,4695,61.868,3.093,294.102,1238.719,43.406,15,0,0,R (running)
2026-08-01T05:40:38.006962+00:00,3495.812551746,132.754403,4695,63.883,3.194,294.102,1238.719,43.406,15,0,0,R (running)
2026-08-01T05:40:38.507855+00:00,3496.313451009,133.255303,4695,63.885,3.194,294.102,1238.719,43.406,15,0,0,R (running)
2026-08-01T05:40:39.008823+00:00,3496.814429545,133.756281,4695,63.875,3.194,294.102,1238.719,43.406,15,0,0,R (running)
2026-08-01T05:40:39.509717+00:00,3497.315324414,134.257176,4695,63.886,3.194,294.102,1238.719,43.406,15,0,0,R (running)
2026-08-01T05:40:40.010641+00:00,3497.816248892,134.758100,4695,65.878,3.294,297.383,1238.719,43.406,15,0,0,S (sleeping)
2026-08-01T05:40:40.511578+00:00,3498.317178497,135.259030,4695,79.852,3.993,321.602,1262.723,43.406,15,0,0,S (sleeping)
2026-08-01T05:40:41.012443+00:00,3498.818053037,135.759905,4695,55.902,2.795,308.617,1238.719,43.406,15,0,0,S (sleeping)
2026-08-01T05:40:41.513364+00:00,3499.318960093,136.260812,4695,59.891,2.995,308.617,1238.719,43.406,15,0,0,S (sleeping)
2026-08-01T05:40:42.014224+00:00,3499.819838363,136.761690,4695,65.884,3.294,308.617,1238.719,43.406,15,0,0,S (sleeping)
2026-08-01T05:40:42.515095+00:00,3500.320694818,137.262546,4695,61.894,3.095,308.617,1238.719,43.406,15,0,0,S (sleeping)
2026-08-01T05:40:43.016068+00:00,3500.821678481,137.763530,4695,63.874,3.194,308.617,1238.719,43.406,15,0,0,S (sleeping)
2026-08-01T05:40:43.516674+00:00,3501.322289069,138.264141,4695,63.922,3.196,308.773,1238.719,43.406,15,0,0,S (sleeping)
2026-08-01T05:40:44.017532+00:00,3501.823140088,138.764992,4695,63.891,3.195,308.773,1238.719,43.406,15,0,0,S (sleeping)
2026-08-01T05:40:44.518499+00:00,3502.324107288,139.265959,4695,63.876,3.194,308.773,1238.719,43.406,15,0,0,S (sleeping)
2026-08-01T05:40:45.019349+00:00,3502.824959806,139.766811,4695,61.894,3.095,308.773,1238.719,43.406,15,0,0,S (sleeping)
2026-08-01T05:40:45.520289+00:00,3503.325867174,140.267719,4695,67.877,3.394,313.461,1238.719,43.406,15,0,0,S (sleeping)
2026-08-01T05:40:46.021123+00:00,3503.826720095,140.768572,4695,83.857,4.193,313.461,1238.719,43.406,15,0,0,S (sleeping)
2026-08-01T05:40:46.522043+00:00,3504.327637926,141.269490,4695,63.883,3.194,313.461,1238.719,43.406,15,0,0,S (sleeping)
2026-08-01T05:40:47.022953+00:00,3504.828565757,141.770417,4695,61.885,3.094,313.461,1238.719,43.406,15,0,0,S (sleeping)
2026-08-01T05:40:47.523860+00:00,3505.329463352,142.271315,4695,63.885,3.194,313.461,1238.719,43.406,15,0,0,S (sleeping)
2026-08-01T05:40:48.024755+00:00,3505.830365767,142.772217,4695,63.885,3.194,313.461,1238.719,43.406,15,0,0,S (sleeping)
2026-08-01T05:40:48.525698+00:00,3506.331275881,143.273127,4695,67.876,3.394,313.461,1238.719,43.406,15,0,0,S (sleeping)
2026-08-01T05:40:49.026638+00:00,3506.832246002,143.774098,4695,63.876,3.194,313.461,1238.719,43.406,15,0,0,S (sleeping)
2026-08-01T05:40:49.527570+00:00,3507.333179400,144.275031,4695,65.877,3.294,313.461,1238.719,43.406,15,0,0,S (sleeping)
2026-08-01T05:40:50.028463+00:00,3507.834074487,144.775926,4695,65.882,3.294,314.555,1238.719,43.406,15,0,0,S (sleeping)
2026-08-01T05:40:50.529351+00:00,3508.334964626,145.276816,4695,59.893,2.995,314.555,1238.719,43.406,15,0,0,S (sleeping)
2026-08-01T05:40:51.030371+00:00,3508.835828269,145.777680,4695,61.893,3.095,314.555,1238.719,43.406,15,0,0,S (sleeping)
2026-08-01T05:40:51.531331+00:00,3509.336937332,146.278789,4695,65.854,3.293,314.555,1238.719,43.406,15,0,0,S (sleeping)
2026-08-01T05:40:52.032258+00:00,3509.837868841,146.779720,4695,81.848,4.092,345.336,1302.719,43.406,15,0,0,S (sleeping)
2026-08-01T05:40:52.533139+00:00,3510.338747308,147.280599,4695,55.902,2.795,345.336,1302.719,43.406,15,0,0,S (sleeping)
2026-08-01T05:40:53.034070+00:00,3510.839667604,147.781519,4695,63.882,3.194,345.336,1302.719,43.406,15,0,0,S (sleeping)
2026-08-01T05:40:53.534964+00:00,3511.340579420,148.282431,4695,59.891,2.995,345.336,1302.719,43.406,15,0,0,S (sleeping)
2026-08-01T05:40:54.035994+00:00,3511.841507078,148.783359,4695,61.885,3.094,345.336,1302.719,43.406,15,0,0,S (sleeping)
2026-08-01T05:40:54.534465+00:00,3512.342548544,149.284400,4695,65.863,3.293,345.336,1302.719,43.406,15,0,0,S (sleeping)
2026-08-01T05:40:55.035382+00:00,3512.843462302,149.785314,4695,63.883,3.194,345.336,1302.719,43.406,15,0,0,S (sleeping)
2026-08-01T05:40:55.536276+00:00,3513.344356258,150.286208,4695,65.882,3.294,345.336,1302.719,43.406,15,0,0,S (sleeping)
2026-08-01T05:40:56.037173+00:00,3513.845258151,150.787110,4695,71.870,3.594,345.336,1302.719,43.406,15,0,0,R (running)
2026-08-01T05:40:56.538117+00:00,3514.346192686,151.288044,4695,61.884,3.094,345.336,1302.719,43.406,15,0,0,S (sleeping)
2026-08-01T05:40:57.039034+00:00,3514.847117061,151.788969,4695,65.878,3.294,345.336,1302.719,43.406,15,0,0,S (sleeping)
2026-08-01T05:40:57.539941+00:00,3515.348021155,152.289873,4695,65.881,3.294,345.336,1302.719,43.406,15,0,0,S (sleeping)
2026-08-01T05:40:58.040857+00:00,3515.848918098,152.790770,4695,61.889,3.094,345.336,1302.719,43.406,15,0,0,S (sleeping)
2026-08-01T05:40:58.541704+00:00,3516.349785435,153.291637,4695,63.889,3.194,345.336,1302.719,43.406,15,0,0,S (sleeping)
2026-08-01T05:40:59.042614+00:00,3516.850696637,153.792548,4695,65.880,3.294,345.336,1302.719,43.406,15,0,0,S (sleeping)
2026-08-01T05:40:59.543168+00:00,3517.351234913,154.293086,4695,67.927,3.396,345.336,1302.719,43.406,15,0,0,S (sleeping)
2026-08-01T05:41:00.044099+00:00,3517.852175330,154.794027,4695,65.876,3.294,345.336,1302.719,43.406,15,0,0,S (sleeping)
2026-08-01T05:41:00.545019+00:00,3518.353099340,155.294951,4695,67.875,3.394,345.336,1302.719,43.406,15,0,0,S (sleeping)
2026-08-01T05:41:01.045918+00:00,3518.853999399,155.795851,4695,65.881,3.294,345.336,1302.719,43.406,15,0,0,S (sleeping)
2026-08-01T05:41:01.546811+00:00,3519.354894037,156.296746,4695,67.879,3.394,345.336,1302.719,43.406,15,0,0,S (sleeping)
2026-08-01T05:41:02.047690+00:00,3519.855765076,156.797617,4695,61.892,3.095,345.336,1302.719,43.406,15,0,0,S (sleeping)
2026-08-01T05:41:02.548807+00:00,3520.356764000,157.298616,4695,61.876,3.094,345.336,1302.719,43.406,15,0,0,S (sleeping)
2026-08-01T05:41:03.049672+00:00,3520.857751226,157.799603,4695,59.882,2.994,345.336,1302.719,43.406,15,0,0,S (sleeping)
2026-08-01T05:41:03.550562+00:00,3521.358648049,158.300500,4695,65.882,3.294,345.336,1302.719,43.406,15,0,0,S (sleeping)
2026-08-01T05:41:04.051487+00:00,3521.859570149,158.801422,4695,61.886,3.094,345.336,1302.719,43.406,15,0,0,S (sleeping)
2026-08-01T05:41:04.552396+00:00,3522.360464726,159.302316,4695,69.875,3.494,345.336,1302.719,43.406,15,0,0,S (sleeping)
2026-08-01T05:41:05.053306+00:00,3522.861350019,159.803202,4695,93.834,4.692,374.555,1302.719,43.406,15,0,0,S (sleeping)
2026-08-01T05:41:05.554258+00:00,3523.362339422,160.304191,4695,59.882,2.994,374.555,1302.719,43.406,15,0,0,S (sleeping)
2026-08-01T05:41:06.055152+00:00,3523.863230438,160.805082,4695,59.893,2.995,374.555,1302.719,43.406,15,0,0,S (sleeping)
2026-08-01T05:41:06.556084+00:00,3524.364134467,161.305986,4695,67.877,3.394,374.555,1302.719,43.406,15,0,0,S (sleeping)
2026-08-01T05:41:07.057172+00:00,3524.865214493,161.807066,4695,63.862,3.193,374.555,1302.719,43.406,15,0,0,S (sleeping)
2026-08-01T05:41:07.558187+00:00,3525.366233638,162.308085,4695,67.862,3.393,374.555,1302.719,43.406,15,0,0,S (sleeping)
2026-08-01T05:41:08.059284+00:00,3525.867336122,162.809188,4695,67.850,3.393,374.555,1302.719,43.406,15,0,0,S (sleeping)
2026-08-01T05:41:08.560200+00:00,3526.368280702,163.310132,4695,65.876,3.294,374.555,1302.719,43.406,15,0,0,S (sleeping)
2026-08-01T05:41:09.061106+00:00,3526.869187205,163.811039,4695,65.881,3.294,374.555,1302.719,43.406,15,0,0,S (sleeping)
2026-08-01T05:41:09.561983+00:00,3527.370060203,164.311912,4695,65.885,3.294,374.555,1302.719,43.406,15,0,0,S (sleeping)
2026-08-01T05:41:10.062892+00:00,3527.870973306,164.812825,4695,69.872,3.494,374.555,1302.719,43.406,15,0,0,S (sleeping)
2026-08-01T05:41:10.563955+00:00,3528.371923017,165.313775,4695,67.871,3.394,374.555,1302.719,43.406,15,0,0,S (sleeping)
2026-08-01T05:41:11.065038+00:00,3528.873113141,165.814965,4695,65.843,3.292,374.555,1302.719,43.406,15,0,0,S (sleeping)
2026-08-01T05:41:11.565960+00:00,3529.374038785,166.315890,4695,65.878,3.294,374.555,1302.719,43.406,15,0,0,S (sleeping)
2026-08-01T05:41:12.066878+00:00,3529.874944878,166.816796,4695,77.859,3.893,377.211,1302.719,43.406,15,0,0,S (sleeping)
2026-08-01T05:41:12.567795+00:00,3530.375873625,167.317725,4695,61.885,3.094,377.211,1302.719,43.406,15,0,0,S (sleeping)
2026-08-01T05:41:13.068785+00:00,3530.876851723,167.818703,4695,63.875,3.194,377.211,1302.719,43.406,15,0,0,S (sleeping)
2026-08-01T05:41:13.569803+00:00,3531.377883493,168.319735,4695,57.881,2.894,377.211,1302.719,43.406,15,0,0,S (sleeping)
2026-08-01T05:41:14.070719+00:00,3531.878798392,168.820650,4695,65.879,3.294,377.211,1302.719,43.406,15,0,0,S (sleeping)
2026-08-01T05:41:14.571646+00:00,3532.379726870,169.321578,4695,71.867,3.593,377.211,1302.719,43.406,15,0,0,S (sleeping)
2026-08-01T05:41:15.072581+00:00,3532.880640070,169.822492,4695,59.891,2.995,377.211,1302.719,43.406,15,0,0,S (sleeping)
2026-08-01T05:41:15.573582+00:00,3533.381647021,170.323499,4695,67.863,3.393,377.211,1302.719,43.406,15,0,0,R (running)
2026-08-01T05:41:16.074610+00:00,3533.882668567,170.824520,4695,61.874,3.094,377.211,1302.719,43.406,15,0,0,R (running)
2026-08-01T05:41:16.575600+00:00,3534.383654348,171.325506,4695,65.870,3.294,377.211,1302.719,43.406,15,0,0,R (running)
2026-08-01T05:41:17.076545+00:00,3534.884625076,171.826477,4695,67.868,3.393,377.211,1302.719,43.406,15,0,0,S (sleeping)
2026-08-01T05:41:17.577429+00:00,3535.385513916,172.327365,4695,61.890,3.094,377.367,1302.719,43.406,15,0,0,S (sleeping)
2026-08-01T05:41:18.078363+00:00,3535.886442042,172.828294,4695,71.867,3.593,377.367,1302.719,43.406,15,0,0,S (sleeping)
2026-08-01T05:41:18.579284+00:00,3536.387360374,173.329212,4695,59.890,2.995,377.367,1302.719,43.406,15,0,0,S (sleeping)
2026-08-01T05:41:19.080225+00:00,3536.888304447,173.830156,4695,59.887,2.994,377.367,1302.719,43.406,15,0,0,S (sleeping)
2026-08-01T05:41:19.581146+00:00,3537.389222520,174.331074,4695,65.879,3.294,377.367,1302.719,43.406,15,0,0,S (sleeping)
2026-08-01T05:41:20.082062+00:00,3537.890131797,174.831983,4695,65.880,3.294,377.367,1302.719,43.406,15,0,0,S (sleeping)
2026-08-01T05:41:20.583019+00:00,3538.391079155,175.332931,4695,61.883,3.094,377.367,1302.719,43.406,15,0,0,S (sleeping)
2026-08-01T05:41:21.083924+00:00,3538.891979923,175.833832,4695,65.881,3.294,377.367,1302.719,43.406,15,0,0,S (sleeping)
2026-08-01T05:41:21.584863+00:00,3539.392944781,176.334796,4695,65.873,3.294,377.367,1302.719,43.406,15,0,0,S (sleeping)
2026-08-01T05:41:22.085797+00:00,3539.893876390,176.835728,4695,93.825,4.691,412.836,1366.719,43.406,15,0,0,S (sleeping)
2026-08-01T05:41:22.586666+00:00,3540.394748723,177.336600,4695,55.902,2.795,412.992,1366.719,43.406,15,0,0,S (sleeping)
2026-08-01T05:41:23.087541+00:00,3540.895621461,177.837473,4695,59.895,2.995,412.992,1366.719,43.406,15,0,0,S (sleeping)
2026-08-01T05:41:23.588007+00:00,3541.396088244,178.337940,4695,63.940,3.197,412.992,1366.719,43.406,15,0,0,S (sleeping)
2026-08-01T05:41:24.089003+00:00,3541.897057497,178.838909,4695,63.876,3.194,412.992,1366.719,43.406,15,0,0,R (running)
2026-08-01T05:41:24.588963+00:00,3542.398046626,179.339898,4695,69.862,3.493,412.992,1366.719,43.406,15,0,0,S (sleeping)
2026-08-01T05:41:25.089583+00:00,3542.898637938,179.840490,4695,61.927,3.096,412.992,1366.719,43.406,15,0,0,S (sleeping)
2026-08-01T05:41:25.590470+00:00,3543.399561547,180.341413,4695,61.886,3.094,412.992,1366.719,43.406,15,0,0,S (sleeping)
2026-08-01T05:41:26.091024+00:00,3543.900108996,180.841961,4695,65.928,3.296,412.992,1366.719,43.406,15,0,0,S (sleeping)
2026-08-01T05:41:26.591940+00:00,3544.401017133,181.342869,4695,67.877,3.394,412.992,1366.719,43.406,15,0,0,S (sleeping)
2026-08-01T05:41:27.092425+00:00,3544.901519784,181.843371,4695,65.934,3.297,412.992,1366.719,43.406,15,0,0,S (sleeping)
2026-08-01T05:41:27.593299+00:00,3545.402364923,182.344217,4695,61.895,3.095,412.992,1366.719,43.406,15,0,0,S (sleeping)
2026-08-01T05:41:28.093988+00:00,3545.903050272,182.844902,4695,63.912,3.196,413.148,1366.719,43.406,15,0,0,R (running)
2026-08-01T05:41:28.594530+00:00,3546.403615766,183.345467,4695,65.925,3.296,413.148,1366.719,43.406,15,0,0,D (disk sleep)
2026-08-01T05:41:29.095408+00:00,3546.904502936,183.846355,4695,63.887,3.194,413.148,1366.719,43.406,15,0,0,R (running)
2026-08-01T05:41:29.596125+00:00,3547.405199979,184.347052,4695,61.914,3.096,413.148,1366.719,43.406,15,0,0,R (running)
2026-08-01T05:41:30.096469+00:00,3547.905561157,184.847413,4695,65.952,3.298,413.148,1366.719,43.406,15,0,0,R (running)
2026-08-01T05:41:30.597288+00:00,3548.406350748,185.348202,4695,65.896,3.295,413.148,1366.719,43.406,15,0,0,R (running)
2026-08-01T05:41:31.098304+00:00,3548.907385832,185.849237,4695,69.855,3.493,413.148,1366.719,43.406,15,0,0,R (running)
2026-08-01T05:41:31.599325+00:00,3549.408411931,186.350264,4695,63.869,3.193,413.148,1366.719,43.406,15,0,0,R (running)
2026-08-01T05:41:32.100233+00:00,3549.909307518,186.851159,4695,81.853,4.093,427.523,1366.719,43.406,15,0,0,R (running)
2026-08-01T05:41:32.601211+00:00,3550.410286179,187.352138,4695,63.875,3.194,427.680,1366.719,43.406,15,0,0,R (running)
2026-08-01T05:41:33.102090+00:00,3550.911179208,187.853031,4695,61.889,3.094,427.680,1366.719,43.406,15,0,0,R (running)
2026-08-01T05:41:33.602931+00:00,3551.411991865,188.353843,4695,63.896,3.195,427.680,1366.719,43.406,15,0,0,R (running)
2026-08-01T05:41:34.103999+00:00,3551.913080376,188.854932,4695,63.861,3.193,427.680,1366.719,43.406,15,0,0,R (running)
2026-08-01T05:41:34.604914+00:00,3552.413988131,189.355840,4695,67.877,3.394,427.680,1366.719,43.406,15,0,0,R (running)
2026-08-01T05:41:35.105826+00:00,3552.914913775,189.856765,4695,63.882,3.194,427.680,1366.719,43.406,15,0,0,R (running)
2026-08-01T05:41:35.606754+00:00,3553.415830719,190.357682,4695,61.887,3.094,427.680,1366.719,43.406,15,0,0,R (running)
2026-08-01T05:41:36.107668+00:00,3553.916751887,190.858603,4695,65.879,3.294,427.680,1366.719,43.406,15,0,0,R (running)
2026-08-01T05:41:36.608618+00:00,3554.417687764,191.359539,4695,65.877,3.294,427.680,1366.719,43.406,15,0,0,S (sleeping)
2026-08-01T05:41:37.109628+00:00,3554.918716068,191.860568,4695,59.877,2.994,427.680,1366.719,43.406,15,0,0,S (sleeping)
2026-08-01T05:41:37.610561+00:00,3555.419641759,192.361493,4695,67.874,3.394,427.836,1366.719,43.406,15,0,0,R (running)
2026-08-01T05:41:38.111495+00:00,3555.920572155,192.862424,4695,63.881,3.194,427.836,1366.719,43.406,15,0,0,S (sleeping)
2026-08-01T05:41:38.612403+00:00,3556.421465831,193.363317,4695,65.882,3.294,427.836,1366.719,43.406,15,0,0,S (sleeping)
2026-08-01T05:41:39.113307+00:00,3556.922391310,193.864243,4695,61.885,3.094,427.836,1366.719,43.406,15,0,0,S (sleeping)
2026-08-01T05:41:39.614335+00:00,3557.423405848,194.365257,4695,67.862,3.393,427.836,1366.719,43.406,15,0,0,S (sleeping)
2026-08-01T05:41:40.115262+00:00,3557.924352424,194.866204,4695,67.872,3.394,427.836,1366.719,43.406,15,0,0,S (sleeping)
2026-08-01T05:41:40.616116+00:00,3558.425187388,195.367039,4695,53.910,2.695,427.836,1366.719,43.406,15,0,0,S (sleeping)
2026-08-01T05:41:41.116506+00:00,3558.925591186,195.867443,4695,81.934,4.097,427.836,1366.719,43.406,15,0,0,S (sleeping)
2026-08-01T05:41:41.617061+00:00,3559.426147070,196.367999,4695,63.929,3.196,427.836,1366.719,43.406,15,0,0,S (sleeping)
2026-08-01T05:41:42.117503+00:00,3559.926587762,196.868439,4695,61.945,3.097,427.836,1366.719,43.406,15,0,0,S (sleeping)
2026-08-01T05:41:42.618399+00:00,3560.427473978,197.369326,4695,71.873,3.594,427.992,1366.719,43.406,15,0,0,S (sleeping)
2026-08-01T05:41:43.119275+00:00,3560.928331608,197.870183,4695,65.887,3.294,427.992,1366.719,43.406,15,0,0,S (sleeping)
2026-08-01T05:41:43.619886+00:00,3561.428971476,198.370823,4695,63.918,3.196,427.992,1366.719,43.406,15,0,0,S (sleeping)
2026-08-01T05:41:44.120804+00:00,3561.929890813,198.871742,4695,101.813,5.091,467.055,1414.723,43.406,15,0,0,S (sleeping)
2026-08-01T05:41:44.621692+00:00,3562.430784114,199.372636,4695,61.889,3.094,467.055,1414.723,43.406,15,0,0,S (sleeping)
2026-08-01T05:41:45.122551+00:00,3562.931628125,199.873480,4695,59.899,2.995,467.055,1414.723,43.406,15,0,0,S (sleeping)
2026-08-01T05:41:45.623423+00:00,3563.432505131,200.374357,4695,65.884,3.294,438.164,1366.719,43.406,15,0,0,S (sleeping)
2026-08-01T05:41:46.124320+00:00,3563.933410332,200.875262,4695,99.819,4.991,440.039,1368.652,43.406,15,0,0,S (sleeping)
2026-08-01T05:41:46.624807+00:00,3564.433893674,201.375745,4695,63.938,3.197,440.039,1368.652,43.406,15,0,0,S (sleeping)
2026-08-01T05:41:47.125727+00:00,3564.934811449,201.876663,4695,65.879,3.294,440.039,1368.652,43.406,15,0,0,S (sleeping)
2026-08-01T05:41:47.626723+00:00,3565.435782310,202.377634,4695,71.860,3.593,440.039,1368.652,43.406,15,0,0,S (sleeping)
2026-08-01T05:41:48.127653+00:00,3565.936740393,202.878592,4695,65.874,3.294,440.039,1368.652,43.406,15,0,0,S (sleeping)
2026-08-01T05:41:48.628565+00:00,3566.437657677,203.379509,4695,65.879,3.294,440.039,1368.652,43.406,15,0,0,S (sleeping)
2026-08-01T05:41:49.129488+00:00,3566.938543930,203.880396,4695,67.880,3.394,440.039,1368.652,43.406,15,0,0,S (sleeping)
2026-08-01T05:41:49.630478+00:00,3567.439562229,204.381414,4695,65.866,3.293,440.039,1368.652,43.406,15,0,0,S (sleeping)
2026-08-01T05:41:50.131393+00:00,3567.940474639,204.882326,4695,71.869,3.593,440.039,1368.652,43.406,15,0,0,S (sleeping)
2026-08-01T05:41:50.632319+00:00,3568.441405652,205.383257,4695,63.881,3.194,440.039,1368.652,43.406,15,0,0,S (sleeping)
2026-08-01T05:41:51.133210+00:00,3568.942303075,205.884155,4695,61.889,3.094,440.039,1368.652,43.406,15,0,0,S (sleeping)
2026-08-01T05:41:51.634082+00:00,3569.443167597,206.385019,4695,67.883,3.394,440.039,1368.652,43.406,15,0,0,S (sleeping)
2026-08-01T05:41:52.135033+00:00,3569.944119163,206.885971,4695,65.875,3.294,440.195,1368.652,43.406,15,0,0,R (running)
2026-08-01T05:41:52.635958+00:00,3570.445045173,207.386897,4695,77.856,3.893,453.633,1432.652,43.406,15,0,0,S (sleeping)
2026-08-01T05:41:53.136849+00:00,3570.945936974,207.887789,4695,61.890,3.094,453.633,1432.652,43.406,15,0,0,S (sleeping)
2026-08-01T05:41:53.637789+00:00,3571.446881522,208.388733,4695,63.879,3.194,444.941,1368.652,43.406,15,0,0,S (sleeping)
2026-08-01T05:41:54.138680+00:00,3571.947767357,208.889619,4695,63.887,3.194,444.941,1368.652,43.406,15,0,0,S (sleeping)
2026-08-01T05:41:54.637717+00:00,3572.448694145,209.390546,4695,69.870,3.494,444.941,1368.652,43.406,15,0,0,S (sleeping)
2026-08-01T05:41:55.138679+00:00,3572.949665008,209.891517,4695,61.880,3.094,444.941,1368.652,43.406,15,0,0,S (sleeping)
2026-08-01T05:41:55.639505+00:00,3573.450491436,210.392343,4695,69.884,3.494,444.941,1368.652,43.406,15,0,0,S (sleeping)
2026-08-01T05:41:56.140449+00:00,3573.951432525,210.893284,4695,65.876,3.294,444.941,1368.652,43.406,15,0,0,S (sleeping)
2026-08-01T05:41:56.641349+00:00,3574.452335224,211.394187,4695,65.881,3.294,444.941,1368.652,43.406,15,0,0,S (sleeping)
2026-08-01T05:41:57.142251+00:00,3574.953235706,211.895087,4695,67.878,3.394,444.941,1368.652,43.406,15,0,0,S (sleeping)
2026-08-01T05:41:57.643136+00:00,3575.454113092,212.395965,4695,75.867,3.793,444.941,1368.652,43.406,15,0,0,S (sleeping)
2026-08-01T05:41:58.144050+00:00,3575.955036835,212.896888,4695,65.878,3.294,444.941,1368.652,43.406,15,0,0,S (sleeping)
2026-08-01T05:41:58.644967+00:00,3576.455917792,213.397769,4695,61.891,3.095,444.941,1368.652,43.406,15,0,0,S (sleeping)
2026-08-01T05:41:59.145834+00:00,3576.956825573,213.898677,4695,67.877,3.394,444.941,1368.652,43.406,15,0,0,S (sleeping)
2026-08-01T05:41:59.646697+00:00,3577.457684989,214.399537,4695,67.883,3.394,444.941,1368.652,43.406,15,0,0,S (sleeping)
2026-08-01T05:42:00.147592+00:00,3577.958578484,214.900430,4695,61.889,3.094,444.941,1368.652,43.406,15,0,0,S (sleeping)
2026-08-01T05:42:00.648579+00:00,3578.459548759,215.401400,4695,65.872,3.294,444.941,1368.652,43.406,15,0,0,S (sleeping)
2026-08-01T05:42:01.149494+00:00,3578.960477373,215.902329,4695,63.881,3.194,444.941,1368.652,43.406,15,0,0,S (sleeping)
2026-08-01T05:42:01.650435+00:00,3579.461410659,216.403262,4695,67.873,3.394,444.941,1368.652,43.406,15,0,0,S (sleeping)
2026-08-01T05:42:02.151366+00:00,3579.962353029,216.904205,4695,73.861,3.693,444.941,1368.652,43.406,15,0,0,S (sleeping)
2026-08-01T05:42:02.652214+00:00,3580.463195632,217.405047,4695,77.869,3.893,444.941,1368.652,43.406,15,0,0,S (sleeping)
2026-08-01T05:42:03.153171+00:00,3580.964138366,217.905990,4695,63.880,3.194,444.941,1368.652,43.406,15,0,0,S (sleeping)
2026-08-01T05:42:03.654120+00:00,3581.465098180,218.406950,4695,95.816,4.791,471.504,1401.562,43.406,15,0,0,S (sleeping)
2026-08-01T05:42:04.155030+00:00,3581.966017211,218.907869,4695,61.886,3.094,471.504,1401.562,43.406,15,0,0,S (sleeping)
2026-08-01T05:42:04.655911+00:00,3582.466897581,219.408749,4695,67.880,3.394,471.504,1401.562,43.406,15,0,0,S (sleeping)
2026-08-01T05:42:05.156761+00:00,3582.967746915,219.909598,4695,65.888,3.294,471.504,1401.562,43.406,15,0,0,S (sleeping)
2026-08-01T05:42:05.657683+00:00,3583.468654283,220.410506,4695,61.888,3.094,471.504,1401.562,43.406,15,0,0,S (sleeping)
2026-08-01T05:42:06.158575+00:00,3583.969560281,220.911412,4695,71.870,3.593,471.504,1401.562,43.406,15,0,0,S (sleeping)
2026-08-01T05:42:06.659467+00:00,3584.470449325,221.412301,4695,61.890,3.094,471.504,1401.562,43.406,15,0,0,S (sleeping)
2026-08-01T05:42:07.160441+00:00,3584.971376773,221.913228,4695,61.885,3.094,471.504,1401.562,43.406,15,0,0,S (sleeping)
2026-08-01T05:42:07.661430+00:00,3585.472410075,222.414262,4695,63.868,3.193,471.504,1401.562,43.406,15,0,0,S (sleeping)
2026-08-01T05:42:08.162290+00:00,3585.973277958,222.915130,4695,65.886,3.294,471.504,1401.562,43.406,15,0,0,S (sleeping)
2026-08-01T05:42:08.663159+00:00,3586.474143599,223.415995,4695,63.889,3.194,471.504,1401.562,43.406,15,0,0,S (sleeping)
2026-08-01T05:42:09.164079+00:00,3586.975064418,223.916916,4695,65.879,3.294,471.504,1401.562,43.406,15,0,0,S (sleeping)
2026-08-01T05:42:09.664967+00:00,3587.475914580,224.417766,4695,67.885,3.394,471.504,1401.562,43.406,15,0,0,S (sleeping)
2026-08-01T05:42:10.165479+00:00,3587.976462126,224.918314,4695,69.923,3.496,471.504,1401.562,43.406,15,0,0,S (sleeping)
2026-08-01T05:42:10.666381+00:00,3588.477363454,225.419215,4695,61.888,3.094,471.504,1401.562,43.406,15,0,0,S (sleeping)
2026-08-01T05:42:11.167255+00:00,3588.978239170,225.920091,4695,63.888,3.194,471.504,1401.562,43.406,15,0,0,S (sleeping)
2026-08-01T05:42:11.668139+00:00,3589.479130351,226.420982,4695,71.872,3.594,471.504,1401.562,43.406,15,0,0,S (sleeping)
2026-08-01T05:42:12.169086+00:00,3589.979928355,226.921780,4695,67.892,3.395,471.504,1401.562,43.406,15,0,0,S (sleeping)
2026-08-01T05:42:12.669583+00:00,3590.480568677,227.422420,4695,63.918,3.196,471.504,1401.562,43.406,15,0,0,S (sleeping)
2026-08-01T05:42:13.170077+00:00,3590.981024360,227.922876,4695,65.940,3.297,471.504,1401.562,43.406,15,0,0,S (sleeping)
2026-08-01T05:42:13.670672+00:00,3591.481652821,228.423504,4695,69.912,3.496,471.504,1401.562,43.406,15,0,0,S (sleeping)
2026-08-01T05:42:14.171590+00:00,3591.982571486,228.924423,4695,61.886,3.094,471.504,1401.562,43.406,15,0,0,R (running)
2026-08-01T05:42:14.672503+00:00,3592.483482321,229.425334,4695,81.851,4.093,471.504,1401.562,43.406,15,0,0,S (sleeping)
2026-08-01T05:42:15.173361+00:00,3592.984346565,229.926198,4695,61.893,3.095,471.504,1401.562,43.406,15,0,0,S (sleeping)
2026-08-01T05:42:15.674356+00:00,3593.485330884,230.427182,4695,67.866,3.393,471.504,1401.562,43.406,15,0,0,S (sleeping)
2026-08-01T05:42:16.175248+00:00,3593.986232181,230.928084,4695,65.881,3.294,471.504,1401.562,43.406,15,0,0,S (sleeping)
2026-08-01T05:42:16.676152+00:00,3594.487135870,231.428987,4695,59.892,2.995,471.504,1401.562,43.406,15,0,0,S (sleeping)
2026-08-01T05:42:17.177031+00:00,3594.987998321,231.929850,4695,63.890,3.194,471.504,1401.562,43.406,15,0,0,S (sleeping)
2026-08-01T05:42:17.677954+00:00,3595.488933032,232.430785,4695,69.869,3.493,471.504,1401.562,43.406,15,0,0,R (running)
2026-08-01T05:42:18.178419+00:00,3595.989396338,232.931248,4695,61.943,3.097,471.504,1401.562,43.406,15,0,0,S (sleeping)
2026-08-01T05:42:18.679509+00:00,3596.490320158,233.432172,4695,67.875,3.394,471.504,1401.562,43.406,15,0,0,S (sleeping)
2026-08-01T05:42:19.180413+00:00,3596.991395992,233.933248,4695,67.854,3.393,471.504,1401.562,43.406,15,0,0,S (sleeping)
2026-08-01T05:42:19.681359+00:00,3597.492302645,234.434154,4695,63.884,3.194,471.504,1401.562,43.406,15,0,0,S (sleeping)
2026-08-01T05:42:20.182257+00:00,3597.993242896,234.935094,4695,79.850,3.992,471.504,1401.562,43.406,15,0,0,S (sleeping)
2026-08-01T05:42:20.683162+00:00,3598.494148122,235.436000,4695,79.855,3.993,471.816,1401.562,43.406,15,0,0,S (sleeping)
2026-08-01T05:42:21.184122+00:00,3598.995077044,235.936929,4695,55.896,2.795,471.816,1401.562,43.406,15,0,0,S (sleeping)
2026-08-01T05:42:21.685120+00:00,3599.496105694,236.437957,4695,61.873,3.094,471.816,1401.562,43.406,15,0,0,S (sleeping)
2026-08-01T05:42:22.186010+00:00,3599.996992085,236.938844,4695,67.880,3.394,471.816,1401.562,43.406,15,0,0,S (sleeping)
2026-08-01T05:42:22.686962+00:00,3600.497949783,237.439801,4695,63.878,3.194,471.816,1401.562,43.406,15,0,0,S (sleeping)
2026-08-01T05:42:23.187854+00:00,3600.998817556,237.940669,4695,67.882,3.394,471.816,1401.562,43.406,15,0,0,S (sleeping)
2026-08-01T05:42:23.688745+00:00,3601.499727496,238.441579,4695,59.891,2.995,471.816,1401.562,43.406,15,0,0,S (sleeping)
2026-08-01T05:42:24.189706+00:00,3602.000661656,238.942513,4695,65.877,3.294,471.816,1401.562,43.406,15,0,0,S (sleeping)
2026-08-01T05:42:24.689316+00:00,3602.501266769,239.443118,4695,69.915,3.496,471.816,1401.562,43.406,15,0,0,S (sleeping)
2026-08-01T05:42:25.190274+00:00,3603.002233432,239.944085,4695,75.853,3.793,471.816,1401.562,43.406,15,0,0,R (running)
2026-08-01T05:42:25.691186+00:00,3603.503150333,240.445002,4695,53.901,2.695,471.816,1401.562,43.406,15,0,0,S (sleeping)
2026-08-01T05:42:26.192110+00:00,3604.004063659,240.945915,4695,69.872,3.494,471.816,1401.562,43.406,15,0,0,S (sleeping)
2026-08-01T05:42:26.692973+00:00,3604.504938180,241.446790,4695,71.874,3.594,471.816,1401.562,43.406,15,0,0,S (sleeping)
2026-08-01T05:42:27.193994+00:00,3605.005938230,241.947790,4695,71.856,3.593,471.816,1401.562,43.406,15,0,0,S (sleeping)
2026-08-01T05:42:27.694966+00:00,3605.506929003,242.448781,4695,65.869,3.293,471.816,1401.562,43.406,15,0,0,R (running)
2026-08-01T05:42:28.195874+00:00,3606.007843190,242.949695,4695,63.883,3.194,471.816,1401.562,43.406,15,0,0,R (running)
2026-08-01T05:42:28.696754+00:00,3606.508705296,243.450557,4695,63.890,3.194,471.816,1401.562,43.406,15,0,0,R (running)
2026-08-01T05:42:29.197663+00:00,3607.009620441,243.951472,4695,67.876,3.394,471.816,1401.562,43.406,15,0,0,R (running)
2026-08-01T05:42:29.698756+00:00,3607.510621428,244.452473,4695,61.876,3.094,471.816,1401.562,43.406,15,0,0,R (running)
2026-08-01T05:42:30.199740+00:00,3608.011695759,244.953547,4695,67.854,3.393,471.816,1401.562,43.406,15,0,0,R (running)
2026-08-01T05:42:30.700646+00:00,3608.512610735,245.454462,4695,71.868,3.593,471.816,1401.562,43.406,15,0,0,R (running)
2026-08-01T05:42:31.201500+00:00,3609.013463979,245.955316,4695,65.888,3.294,471.816,1401.562,43.406,15,0,0,R (running)
2026-08-01T05:42:31.702418+00:00,3609.514383331,246.456235,4695,67.875,3.394,471.816,1401.562,43.406,15,0,0,R (running)
2026-08-01T05:42:32.203306+00:00,3610.015271509,246.957123,4695,59.894,2.995,471.816,1401.562,43.406,15,0,0,R (running)
2026-08-01T05:42:32.704291+00:00,3610.516246963,247.458099,4695,67.868,3.393,471.816,1401.562,43.406,15,0,0,R (running)
2026-08-01T05:42:33.205278+00:00,3611.017223619,247.959075,4695,75.852,3.793,471.816,1401.562,43.406,15,0,0,S (sleeping)
2026-08-01T05:42:33.706227+00:00,3611.518188163,248.460040,4695,75.854,3.793,471.816,1401.562,43.406,15,0,0,S (sleeping)
2026-08-01T05:42:34.207177+00:00,3612.019128985,248.960981,4695,65.876,3.294,471.816,1401.562,43.406,15,0,0,S (sleeping)
2026-08-01T05:42:34.708104+00:00,3612.520070568,249.461922,4695,67.872,3.394,471.816,1401.562,43.406,15,0,0,S (sleeping)
2026-08-01T05:42:35.209139+00:00,3613.020970876,249.962822,4695,61.889,3.094,471.816,1401.562,43.406,15,0,0,R (running)
2026-08-01T05:42:35.710237+00:00,3613.522176798,250.464028,4695,67.836,3.392,471.816,1401.562,43.406,15,0,0,S (sleeping)
2026-08-01T05:42:36.211178+00:00,3614.023118501,250.964970,4695,67.872,3.394,471.816,1401.562,43.406,15,0,0,S (sleeping)
2026-08-01T05:42:36.712109+00:00,3614.524070990,251.465923,4695,67.871,3.394,471.816,1401.562,43.406,15,0,0,S (sleeping)
2026-08-01T05:42:37.213053+00:00,3615.024994224,251.966846,4695,61.886,3.094,471.816,1401.562,43.406,15,0,0,S (sleeping)
2026-08-01T05:42:37.714247+00:00,3615.526133360,252.467985,4695,65.850,3.292,471.816,1401.562,43.406,15,0,0,S (sleeping)
2026-08-01T05:42:38.215293+00:00,3616.027252946,252.969105,4695,69.844,3.492,471.816,1401.562,43.406,15,0,0,S (sleeping)
2026-08-01T05:42:38.716123+00:00,3616.528089635,253.469941,4695,65.890,3.294,471.816,1401.562,43.406,15,0,0,S (sleeping)
2026-08-01T05:42:39.217050+00:00,3617.029002278,253.970854,4695,69.872,3.494,471.816,1401.562,43.406,15,0,0,S (sleeping)
2026-08-01T05:42:39.717952+00:00,3617.529922760,254.471774,4695,65.879,3.294,471.816,1401.562,43.406,15,0,0,S (sleeping)
2026-08-01T05:42:40.218857+00:00,3618.030826289,254.972678,4695,61.888,3.094,471.816,1401.562,43.406,15,0,0,S (sleeping)
2026-08-01T05:42:40.719743+00:00,3618.531705585,255.473557,4695,69.877,3.494,471.816,1401.562,43.406,15,0,0,S (sleeping)
2026-08-01T05:42:41.220657+00:00,3619.032625245,255.974477,4695,65.879,3.294,471.816,1401.562,43.406,15,0,0,S (sleeping)
2026-08-01T05:42:41.721551+00:00,3619.533517864,256.475369,4695,59.893,2.995,471.816,1401.562,43.406,15,0,0,S (sleeping)
2026-08-01T05:42:42.222436+00:00,3620.034404290,256.976256,4695,65.883,3.294,471.816,1401.562,43.406,15,0,0,S (sleeping)
2026-08-01T05:42:42.723293+00:00,3620.535260481,257.477112,4695,63.891,3.195,471.816,1401.562,43.406,15,0,0,S (sleeping)
2026-08-01T05:42:43.224235+00:00,3621.036181600,257.978033,4695,61.886,3.094,471.816,1401.562,43.406,15,0,0,S (sleeping)
2026-08-01T05:42:43.725183+00:00,3621.537151261,258.479003,4695,63.876,3.194,471.816,1401.562,43.406,15,0,0,S (sleeping)
2026-08-01T05:42:44.226071+00:00,3622.038042354,258.979894,4695,87.843,4.392,490.566,1470.973,43.406,15,0,0,S (sleeping)
2026-08-01T05:42:44.726978+00:00,3622.538943933,259.480796,4695,57.896,2.895,490.566,1470.973,43.406,15,0,0,S (sleeping)
2026-08-01T05:42:45.227853+00:00,3623.039826444,259.981678,4695,61.891,3.095,490.566,1470.973,43.406,15,0,0,S (sleeping)
2026-08-01T05:42:45.728737+00:00,3623.540705527,260.482557,4695,67.881,3.394,490.566,1470.973,43.406,15,0,0,S (sleeping)
2026-08-01T05:42:46.229832+00:00,3624.041653836,260.983505,4695,95.818,4.791,490.879,1470.973,43.406,15,0,0,S (sleeping)
2026-08-01T05:42:46.730759+00:00,3624.542726237,261.484578,4695,65.859,3.293,490.879,1470.973,43.406,15,0,0,S (sleeping)
2026-08-01T05:42:47.231660+00:00,3625.043629974,261.985482,4695,65.881,3.294,490.879,1470.973,43.406,15,0,0,S (sleeping)
2026-08-01T05:42:47.732552+00:00,3625.544521162,262.486373,4695,63.886,3.194,491.504,1470.973,43.406,15,0,0,S (sleeping)
2026-08-01T05:42:48.233438+00:00,3626.045407172,262.987259,4695,67.880,3.394,492.754,1470.973,43.406,15,0,0,S (sleeping)
2026-08-01T05:42:48.734376+00:00,3626.546334519,263.488186,4695,63.882,3.194,492.754,1470.973,43.406,15,0,0,S (sleeping)
2026-08-01T05:42:49.235344+00:00,3627.047298935,263.989151,4695,65.873,3.294,499.629,1470.973,43.406,15,0,0,S (sleeping)
2026-08-01T05:42:49.736264+00:00,3627.548217195,264.490069,4695,61.886,3.094,499.629,1470.973,43.406,15,0,0,R (running)
2026-08-01T05:42:50.237179+00:00,3628.049150973,264.991003,4695,71.866,3.593,508.379,1470.973,43.406,15,0,0,S (sleeping)
2026-08-01T05:42:50.738025+00:00,3628.549993857,265.491845,4695,59.899,2.995,508.379,1470.973,43.406,15,0,0,S (sleeping)
2026-08-01T05:42:51.238901+00:00,3629.050868670,265.992720,4695,59.895,2.995,508.379,1470.973,43.406,15,0,0,S (sleeping)
2026-08-01T05:42:51.739791+00:00,3629.551761538,266.493613,4695,69.875,3.494,508.379,1470.973,43.406,15,0,0,S (sleeping)
2026-08-01T05:42:52.240673+00:00,3630.052635487,266.994487,4695,63.888,3.194,508.379,1470.973,43.406,15,0,0,S (sleeping)
2026-08-01T05:42:52.741616+00:00,3630.553581122,267.495433,4695,65.875,3.294,508.379,1470.973,43.406,15,0,0,S (sleeping)
2026-08-01T05:42:53.242550+00:00,3631.054494943,267.996347,4695,65.880,3.294,508.379,1470.973,43.406,15,0,0,S (sleeping)
2026-08-01T05:42:53.743391+00:00,3631.555359656,268.497211,4695,65.886,3.294,508.379,1470.973,43.406,15,0,0,S (sleeping)
2026-08-01T05:42:54.244259+00:00,3632.056228979,268.998081,4695,61.892,3.095,508.379,1470.973,43.406,15,0,0,S (sleeping)
2026-08-01T05:42:54.743597+00:00,3632.557113899,269.498965,4695,73.869,3.693,508.379,1470.973,43.406,15,0,0,S (sleeping)
2026-08-01T05:42:55.244538+00:00,3633.058063284,269.999915,4695,81.845,4.092,521.504,1470.973,43.406,15,0,0,S (sleeping)
2026-08-01T05:42:55.745441+00:00,3633.558968327,270.500820,4695,63.884,3.194,521.504,1470.973,43.406,15,0,0,S (sleeping)
2026-08-01T05:42:56.246312+00:00,3634.059843894,271.001695,4695,59.895,2.995,521.504,1470.973,43.406,15,0,0,S (sleeping)
2026-08-01T05:42:56.747129+00:00,3634.560658741,271.502510,4695,61.899,3.095,521.504,1470.973,43.406,15,0,0,S (sleeping)
2026-08-01T05:42:57.248036+00:00,3635.061552179,272.003404,4695,65.882,3.294,521.504,1470.973,43.406,15,0,0,S (sleeping)
2026-08-01T05:42:57.748954+00:00,3635.562481634,272.504333,4695,59.889,2.994,521.504,1470.973,43.406,15,0,0,S (sleeping)
2026-08-01T05:42:58.249888+00:00,3636.063388660,273.005240,4695,63.884,3.194,521.504,1470.973,43.406,15,0,0,S (sleeping)
2026-08-01T05:42:58.750746+00:00,3636.564273865,273.506125,4695,65.883,3.294,521.504,1470.973,43.406,15,0,0,S (sleeping)
2026-08-01T05:42:59.251640+00:00,3637.065148983,274.007001,4695,69.878,3.494,521.504,1470.973,43.406,15,0,0,S (sleeping)
2026-08-01T05:42:59.752534+00:00,3637.566064278,274.507916,4695,65.879,3.294,521.504,1470.973,43.406,15,0,0,S (sleeping)
2026-08-01T05:43:00.253427+00:00,3638.066946804,275.008798,4695,67.880,3.394,521.504,1470.973,43.406,15,0,0,S (sleeping)
2026-08-01T05:43:00.754471+00:00,3638.567975029,275.509827,4695,65.865,3.293,521.504,1470.973,43.406,15,0,0,S (sleeping)
2026-08-01T05:43:01.255373+00:00,3639.068898857,276.010750,4695,61.886,3.094,521.504,1470.973,43.406,15,0,0,S (sleeping)
2026-08-01T05:43:01.756392+00:00,3639.569842474,276.511694,4695,69.868,3.493,521.504,1470.973,43.406,15,0,0,S (sleeping)
2026-08-01T05:43:02.257355+00:00,3640.070851923,277.012704,4695,65.867,3.293,521.504,1470.973,43.406,15,0,0,S (sleeping)
2026-08-01T05:43:02.758277+00:00,3640.571793996,277.513646,4695,63.880,3.194,521.504,1470.973,43.406,15,0,0,S (sleeping)
2026-08-01T05:43:03.259228+00:00,3641.072755902,278.014607,4695,57.889,2.894,521.504,1470.973,43.406,15,0,0,S (sleeping)
2026-08-01T05:43:03.760101+00:00,3641.573629056,278.515481,4695,69.878,3.494,521.504,1470.973,43.406,15,0,0,S (sleeping)
2026-08-01T05:43:04.260972+00:00,3642.074496893,279.016348,4695,61.893,3.095,521.504,1470.973,43.406,15,0,0,S (sleeping)
2026-08-01T05:43:04.761359+00:00,3642.574884723,279.516736,4695,65.949,3.297,521.504,1470.973,43.406,15,0,0,S (sleeping)
2026-08-01T05:43:05.261975+00:00,3643.075498821,280.017350,4695,67.917,3.396,521.504,1470.973,43.406,15,0,0,S (sleeping)
2026-08-01T05:43:05.762864+00:00,3643.576385644,280.518237,4695,67.880,3.394,521.504,1470.973,43.406,15,0,0,S (sleeping)
2026-08-01T05:43:06.263766+00:00,3644.077278459,281.019130,4695,65.882,3.294,521.504,1470.973,43.406,15,0,0,S (sleeping)
2026-08-01T05:43:06.764686+00:00,3644.578208583,281.520060,4695,67.874,3.394,521.504,1470.973,43.406,15,0,0,S (sleeping)
2026-08-01T05:43:07.265635+00:00,3645.079155187,282.021007,4695,69.868,3.493,521.504,1470.973,43.406,15,0,0,S (sleeping)
2026-08-01T05:43:07.766562+00:00,3645.580088386,282.521940,4695,101.810,5.090,554.941,1518.977,43.406,15,0,0,S (sleeping)
2026-08-01T05:43:08.267516+00:00,3646.081035100,283.022887,4695,61.883,3.094,554.941,1518.977,43.406,15,0,0,S (sleeping)
2026-08-01T05:43:08.768438+00:00,3646.581962833,283.523814,4695,65.878,3.294,529.180,1470.973,43.406,15,0,0,R (running)
2026-08-01T05:43:09.269441+00:00,3647.082956207,284.024808,4695,61.877,3.094,529.180,1470.973,43.406,15,0,0,S (sleeping)
2026-08-01T05:43:09.770441+00:00,3647.583945216,284.525797,4695,67.866,3.393,529.180,1470.973,43.406,15,0,0,R (running)
2026-08-01T05:43:10.271338+00:00,3648.084858305,285.026710,4695,67.876,3.394,529.180,1470.973,43.406,15,0,0,R (running)
2026-08-01T05:43:10.772188+00:00,3648.585714791,285.527566,4695,69.880,3.494,529.180,1470.973,43.406,15,0,0,R (running)
2026-08-01T05:43:11.273040+00:00,3649.086569599,286.028421,4695,67.884,3.394,529.180,1470.973,43.406,15,0,0,S (sleeping)
2026-08-01T05:43:11.773961+00:00,3649.587482812,286.529334,4695,61.887,3.094,529.180,1470.973,43.406,15,0,0,S (sleeping)
2026-08-01T05:43:12.274987+00:00,3650.088505039,287.030357,4695,65.865,3.293,529.180,1470.973,43.406,15,0,0,S (sleeping)
2026-08-01T05:43:12.775905+00:00,3650.589430019,287.531282,4695,77.856,3.893,531.523,1470.973,43.406,15,0,0,R (running)
2026-08-01T05:43:13.276825+00:00,3651.090337725,288.032189,4695,57.895,2.895,531.523,1470.973,43.406,15,0,0,R (running)
2026-08-01T05:43:13.777885+00:00,3651.591332620,288.533184,4695,69.861,3.493,531.523,1470.973,43.406,15,0,0,R (running)
2026-08-01T05:43:14.278998+00:00,3652.092404879,289.034256,4695,83.820,4.191,546.055,1534.973,43.406,15,0,0,S (sleeping)
2026-08-01T05:43:14.779692+00:00,3652.593162034,289.535014,4695,69.894,3.495,538.293,1470.973,43.406,15,0,0,S (sleeping)
2026-08-01T05:43:15.280726+00:00,3653.094174536,290.036026,4695,69.859,3.493,538.293,1470.973,43.406,15,0,0,R (running)
2026-08-01T05:43:15.781650+00:00,3653.595170303,290.537022,4695,63.873,3.194,538.293,1470.973,43.406,15,0,0,R (running)
2026-08-01T05:43:16.282550+00:00,3654.096067024,291.037919,4695,63.885,3.194,538.293,1470.973,43.406,15,0,0,S (sleeping)
2026-08-01T05:43:16.783449+00:00,3654.596973539,291.538825,4695,73.866,3.693,538.293,1470.973,43.406,15,0,0,R (running)
2026-08-01T05:43:17.284358+00:00,3655.097795591,292.039647,4695,55.908,2.795,538.293,1470.973,43.406,15,0,0,S (sleeping)
2026-08-01T05:43:17.785373+00:00,3655.598897701,292.540749,4695,61.864,3.093,538.293,1470.973,43.406,15,0,0,S (sleeping)
2026-08-01T05:43:18.286280+00:00,3656.099801952,293.041654,4695,73.866,3.693,538.293,1470.973,43.406,15,0,0,R (running)
2026-08-01T05:43:18.787172+00:00,3656.600702020,293.542554,4695,59.892,2.995,538.293,1470.973,43.406,15,0,0,S (sleeping)
2026-08-01T05:43:19.288009+00:00,3657.101532699,294.043384,4695,65.891,3.295,538.293,1470.973,43.406,15,0,0,S (sleeping)
2026-08-01T05:43:19.788906+00:00,3657.602416421,294.544268,4695,73.869,3.693,538.449,1470.973,43.406,15,0,0,S (sleeping)
2026-08-01T05:43:20.289841+00:00,3658.103358284,295.045210,4695,65.876,3.294,538.449,1470.973,43.406,15,0,0,S (sleeping)
2026-08-01T05:43:20.790713+00:00,3658.604223805,295.546075,4695,61.893,3.095,538.449,1470.973,43.406,15,0,0,S (sleeping)
2026-08-01T05:43:21.291608+00:00,3659.105136678,296.046988,4695,91.832,4.592,566.262,1534.973,43.406,15,0,0,S (sleeping)
2026-08-01T05:43:21.792478+00:00,3659.605997933,296.547850,4695,63.890,3.194,566.262,1534.973,43.406,15,0,0,S (sleeping)
2026-08-01T05:43:22.293288+00:00,3660.106814312,297.048666,4695,55.909,2.795,566.262,1534.973,43.406,15,0,0,S (sleeping)
2026-08-01T05:43:22.794239+00:00,3660.607757196,297.549609,4695,61.883,3.094,538.516,1470.973,43.406,15,0,0,S (sleeping)
2026-08-01T05:43:23.295233+00:00,3661.108743910,298.050595,4695,63.874,3.194,538.516,1470.973,43.406,15,0,0,S (sleeping)
2026-08-01T05:43:23.796108+00:00,3661.609635863,298.551487,4695,65.882,3.294,538.516,1470.973,43.406,15,0,0,S (sleeping)
2026-08-01T05:43:24.297029+00:00,3662.110536064,299.052388,4695,67.878,3.394,538.516,1470.973,43.406,15,0,0,S (sleeping)
2026-08-01T05:43:24.796113+00:00,3662.611520940,299.553373,4695,55.890,2.794,538.516,1470.973,43.406,15,0,0,R (running)
2026-08-01T05:43:25.297081+00:00,3663.112470117,300.054322,4695,77.852,3.893,538.516,1470.973,43.406,15,0,0,S (sleeping)
2026-08-01T05:43:25.798014+00:00,3663.613419992,300.555272,4695,69.867,3.493,538.516,1470.973,43.406,15,0,0,S (sleeping)
2026-08-01T05:43:26.298941+00:00,3664.114345522,301.056197,4695,57.893,2.895,538.516,1470.973,43.406,15,0,0,R (running)
2026-08-01T05:43:26.799824+00:00,3664.615229877,301.557081,4695,71.873,3.594,538.516,1470.973,43.406,15,0,0,S (sleeping)
2026-08-01T05:43:27.300817+00:00,3665.116136976,302.057989,4695,57.895,2.895,538.516,1470.973,43.406,15,0,0,R (running)
2026-08-01T05:43:27.801773+00:00,3665.617173843,302.559025,4695,69.855,3.493,538.516,1470.973,43.406,15,0,0,R (running)
2026-08-01T05:43:28.302638+00:00,3666.117998582,303.059850,4695,81.865,4.093,538.516,1470.973,43.406,15,0,0,S (sleeping)
2026-08-01T05:43:28.803342+00:00,3666.618728945,303.560581,4695,61.910,3.095,538.516,1470.973,43.406,15,0,0,S (sleeping)
2026-08-01T05:43:29.304141+00:00,3667.119545910,304.061397,4695,65.892,3.295,538.516,1470.973,43.406,15,0,0,S (sleeping)
2026-08-01T05:43:29.805048+00:00,3667.620453853,304.562305,4695,63.884,3.194,538.516,1470.973,43.406,15,0,0,S (sleeping)
2026-08-01T05:43:30.305903+00:00,3668.121307097,305.063159,4695,65.888,3.294,538.516,1470.973,43.406,15,0,0,S (sleeping)
2026-08-01T05:43:30.806793+00:00,3668.622194533,305.564046,4695,139.752,6.988,699.152,1694.977,43.406,15,0,0,S (sleeping)
2026-08-01T05:43:31.307721+00:00,3669.123114334,306.064966,4695,67.875,3.394,699.465,1694.977,43.406,15,0,0,R (running)
2026-08-01T05:43:31.808718+00:00,3669.624118849,306.565970,4695,67.864,3.393,648.836,1598.973,43.406,15,0,0,S (sleeping)
2026-08-01T05:43:32.309580+00:00,3670.124986481,307.066838,4695,73.872,3.694,688.992,1680.699,43.406,15,0,0,S (sleeping)
2026-08-01T05:43:32.810499+00:00,3670.625891950,307.567744,4695,63.884,3.194,654.953,1635.625,43.406,15,0,0,R (running)
2026-08-01T05:43:33.311383+00:00,3671.126772130,308.068624,4695,65.884,3.294,654.953,1635.625,43.406,15,0,0,S (sleeping)
2026-08-01T05:43:33.812287+00:00,3671.627672249,308.569524,4695,71.871,3.594,654.953,1635.625,43.406,15,0,0,S (sleeping)
2026-08-01T05:43:34.313209+00:00,3672.128609424,309.070461,4695,65.877,3.294,656.672,1637.344,43.406,15,0,0,S (sleeping)
2026-08-01T05:43:34.814144+00:00,3672.629537264,309.571389,4695,65.878,3.294,656.672,1637.344,43.406,15,0,0,S (sleeping)
2026-08-01T05:43:35.315055+00:00,3673.130438889,310.072290,4695,69.874,3.494,657.453,1638.258,43.406,15,0,0,S (sleeping)
2026-08-01T05:43:35.815984+00:00,3673.631367506,310.573219,4695,71.867,3.593,657.453,1638.258,43.406,15,0,0,S (sleeping)
2026-08-01T05:43:36.316963+00:00,3674.132263090,311.074115,4695,67.878,3.394,657.453,1638.258,43.406,15,0,0,R (running)
2026-08-01T05:43:36.817973+00:00,3674.633366809,311.575218,4695,67.850,3.393,657.453,1638.258,43.406,15,0,0,S (sleeping)
2026-08-01T05:43:37.319070+00:00,3675.134469527,312.076321,4695,61.864,3.093,657.453,1638.258,43.406,15,0,0,S (sleeping)
2026-08-01T05:43:37.819970+00:00,3675.635380551,312.577232,4695,65.880,3.294,657.453,1638.258,43.406,15,0,0,S (sleeping)
2026-08-01T05:43:38.320794+00:00,3676.136200111,313.078052,4695,61.899,3.095,657.453,1638.258,43.406,15,0,0,S (sleeping)
2026-08-01T05:43:38.821704+00:00,3676.637106212,313.578958,4695,65.881,3.294,657.453,1638.258,43.406,15,0,0,S (sleeping)
2026-08-01T05:43:39.322628+00:00,3677.138029877,314.079881,4695,63.882,3.194,657.453,1638.258,43.406,15,0,0,S (sleeping)
2026-08-01T05:43:39.823677+00:00,3677.639078393,314.580930,4695,61.870,3.094,657.453,1638.258,43.406,15,0,0,S (sleeping)
2026-08-01T05:43:40.324592+00:00,3678.139977723,315.081829,4695,71.871,3.594,657.453,1638.258,43.406,15,0,0,S (sleeping)
2026-08-01T05:43:40.825497+00:00,3678.640893081,315.582745,4695,63.883,3.194,657.453,1638.258,43.406,15,0,0,S (sleeping)
2026-08-01T05:43:41.325929+00:00,3679.141321137,316.083173,4695,63.945,3.197,657.453,1638.258,43.406,15,0,0,S (sleeping)
2026-08-01T05:43:41.826880+00:00,3679.642278015,316.584130,4695,57.889,2.894,657.453,1638.258,43.406,15,0,0,S (sleeping)
2026-08-01T05:43:42.327755+00:00,3680.143161145,317.085013,4695,65.884,3.294,657.453,1638.258,43.406,15,0,0,S (sleeping)
2026-08-01T05:43:42.828692+00:00,3680.644082011,317.585934,4695,59.890,2.994,657.453,1638.258,43.406,15,0,0,S (sleeping)
2026-08-01T05:43:43.329592+00:00,3681.144993364,318.086845,4695,63.884,3.194,657.453,1638.258,43.406,15,0,0,S (sleeping)
2026-08-01T05:43:43.830460+00:00,3681.645853066,318.587705,4695,83.856,4.193,673.078,1638.547,43.406,15,0,0,S (sleeping)
2026-08-01T05:43:44.331368+00:00,3682.146773657,319.088625,4695,63.882,3.194,673.078,1638.547,43.406,15,0,0,S (sleeping)
2026-08-01T05:43:44.832271+00:00,3682.647661337,319.589513,4695,63.887,3.194,673.078,1638.547,43.406,15,0,0,S (sleeping)
2026-08-01T05:43:45.333216+00:00,3683.148611984,320.090464,4695,63.879,3.194,673.078,1638.547,43.406,15,0,0,S (sleeping)
2026-08-01T05:43:45.834251+00:00,3683.649658402,320.591510,4695,61.871,3.094,673.078,1638.547,43.406,15,0,0,S (sleeping)
2026-08-01T05:43:46.335188+00:00,3684.150583731,321.092435,4695,93.826,4.691,673.547,1638.945,43.406,15,0,0,S (sleeping)
2026-08-01T05:43:46.836148+00:00,3684.651539911,321.593391,4695,63.878,3.194,673.547,1638.945,43.406,15,0,0,S (sleeping)
2026-08-01T05:43:47.337135+00:00,3685.152538933,322.094391,4695,61.876,3.094,673.547,1638.945,43.406,15,0,0,S (sleeping)
2026-08-01T05:43:47.838063+00:00,3685.653464965,322.595317,4695,67.874,3.394,673.547,1638.945,43.406,15,0,0,S (sleeping)
2026-08-01T05:43:48.338970+00:00,3686.154359242,323.096211,4695,61.889,3.094,673.547,1638.945,43.406,15,0,0,S (sleeping)
2026-08-01T05:43:48.839987+00:00,3686.655332893,323.597184,4695,63.876,3.194,673.547,1638.945,43.406,15,0,0,R (running)
2026-08-01T05:43:49.341128+00:00,3687.156523274,324.098375,4695,59.857,2.993,673.547,1638.945,43.406,15,0,0,S (sleeping)
2026-08-01T05:43:49.842069+00:00,3687.657475435,324.599327,4695,67.871,3.394,673.547,1638.945,43.406,15,0,0,S (sleeping)
2026-08-01T05:43:50.343006+00:00,3688.158405885,325.100257,4695,67.874,3.394,673.547,1638.945,43.406,15,0,0,S (sleeping)
2026-08-01T05:43:50.844259+00:00,3688.659569134,325.601421,4695,69.838,3.492,673.547,1638.945,43.406,15,0,0,S (sleeping)
2026-08-01T05:43:51.345326+00:00,3689.160721210,326.102573,4695,71.834,3.592,673.547,1638.945,43.406,15,0,0,S (sleeping)
2026-08-01T05:43:51.846235+00:00,3689.661632649,326.603484,4695,61.887,3.094,673.547,1638.945,43.406,15,0,0,S (sleeping)
2026-08-01T05:43:52.347159+00:00,3690.162530138,327.104382,4695,61.889,3.094,673.547,1638.945,43.406,15,0,0,S (sleeping)
2026-08-01T05:43:52.848126+00:00,3690.663503307,327.605355,4695,63.876,3.194,673.547,1638.945,43.406,15,0,0,S (sleeping)
2026-08-01T05:43:53.349048+00:00,3691.164438810,328.106290,4695,63.880,3.194,673.547,1638.945,43.406,15,0,0,S (sleeping)
2026-08-01T05:43:53.849900+00:00,3691.665301006,328.607153,4695,65.886,3.294,673.547,1638.945,43.406,15,0,0,S (sleeping)
2026-08-01T05:43:54.350838+00:00,3692.166226211,329.108078,4695,63.882,3.194,673.547,1638.945,43.406,15,0,0,S (sleeping)
2026-08-01T05:43:54.850610+00:00,3692.667225011,329.609077,4695,71.856,3.593,673.547,1638.945,43.406,15,0,0,S (sleeping)
2026-08-01T05:43:55.351522+00:00,3693.168144070,330.109996,4695,67.875,3.394,673.547,1638.945,43.406,15,0,0,S (sleeping)
2026-08-01T05:43:55.852635+00:00,3693.669259012,330.611111,4695,65.853,3.293,673.859,1639.289,43.406,15,0,0,S (sleeping)
2026-08-01T05:43:56.353776+00:00,3694.170461796,331.112313,4695,63.846,3.192,673.859,1639.289,43.406,15,0,0,S (sleeping)
2026-08-01T05:43:56.854742+00:00,3694.671437336,331.613289,4695,61.879,3.094,673.859,1639.289,43.406,15,0,0,S (sleeping)
2026-08-01T05:43:57.355638+00:00,3695.172337579,332.114189,4695,63.885,3.194,673.859,1639.289,43.406,15,0,0,S (sleeping)
2026-08-01T05:43:57.856537+00:00,3695.673238429,332.615090,4695,65.881,3.294,673.859,1639.289,43.406,15,0,0,S (sleeping)
2026-08-01T05:43:58.357427+00:00,3696.174129077,333.115981,4695,63.886,3.194,673.859,1639.289,43.406,15,0,0,S (sleeping)
2026-08-01T05:43:58.857954+00:00,3696.674579502,333.616431,4695,65.941,3.297,674.484,1639.863,43.406,15,0,0,S (sleeping)
2026-08-01T05:43:59.358881+00:00,3697.175580601,334.117432,4695,65.868,3.293,674.484,1639.863,43.406,15,0,0,S (sleeping)
2026-08-01T05:43:59.859895+00:00,3697.676538216,334.618390,4695,65.874,3.294,674.953,1640.410,43.406,15,0,0,S (sleeping)
2026-08-01T05:44:00.360787+00:00,3698.177489656,335.119341,4695,61.882,3.094,674.953,1640.410,43.406,15,0,0,S (sleeping)
2026-08-01T05:44:00.861698+00:00,3698.678399171,335.620251,4695,97.822,4.891,715.266,1688.777,43.406,15,0,0,S (sleeping)
2026-08-01T05:44:01.362599+00:00,3699.179297201,336.121149,4695,67.878,3.394,715.266,1688.777,43.406,15,0,0,S (sleeping)
2026-08-01T05:44:01.863493+00:00,3699.680187717,336.622039,4695,61.890,3.094,715.266,1688.777,43.406,15,0,0,S (sleeping)
2026-08-01T05:44:02.364394+00:00,3700.181095573,337.122947,4695,61.888,3.094,684.004,1640.773,43.406,15,0,0,R (running)
2026-08-01T05:44:02.865316+00:00,3700.682016494,337.623868,4695,63.882,3.194,684.004,1640.773,43.406,15,0,0,R (running)
2026-08-01T05:44:03.366202+00:00,3701.182889361,338.124741,4695,57.899,2.895,684.004,1640.773,43.406,15,0,0,R (running)
2026-08-01T05:44:03.867123+00:00,3701.683817394,338.625669,4695,65.878,3.294,684.004,1640.773,43.406,15,0,0,S (sleeping)
2026-08-01T05:44:04.367643+00:00,3702.184338893,339.126190,4695,63.933,3.197,684.004,1640.773,43.406,15,0,0,S (sleeping)
2026-08-01T05:44:04.868530+00:00,3702.685225463,339.627077,4695,61.890,3.095,684.004,1640.773,43.406,15,0,0,S (sleeping)
2026-08-01T05:44:05.369468+00:00,3703.186164423,340.128016,4695,65.876,3.294,684.004,1640.773,43.406,15,0,0,S (sleeping)
2026-08-01T05:44:05.870446+00:00,3703.687145627,340.628997,4695,65.871,3.294,684.004,1640.773,43.406,15,0,0,R (running)
2026-08-01T05:44:06.370934+00:00,3704.187629542,341.129481,4695,53.948,2.697,684.004,1640.773,43.406,15,0,0,R (running)
2026-08-01T05:44:06.871779+00:00,3704.688468496,341.630320,4695,65.889,3.294,684.004,1640.773,43.406,15,0,0,R (running)
2026-08-01T05:44:07.372637+00:00,3705.189336914,342.131188,4695,65.886,3.294,684.160,1640.773,43.406,15,0,0,S (sleeping)
2026-08-01T05:44:07.873655+00:00,3705.690275005,342.632127,4695,63.880,3.194,684.160,1640.773,43.406,15,0,0,R (running)
2026-08-01T05:44:08.374564+00:00,3706.191255326,343.133107,4695,65.871,3.294,684.160,1640.773,43.406,15,0,0,R (running)
2026-08-01T05:44:08.875483+00:00,3706.692140595,343.633992,4695,59.894,2.995,684.160,1640.773,43.406,15,0,0,R (running)
2026-08-01T05:44:09.376413+00:00,3707.193104598,344.134956,4695,79.846,3.992,684.160,1640.773,43.406,15,0,0,R (running)
2026-08-01T05:44:09.877373+00:00,3707.694067059,344.635919,4695,57.889,2.894,684.160,1640.773,43.406,15,0,0,R (running)
2026-08-01T05:44:10.378466+00:00,3708.195065437,345.136917,4695,59.880,2.994,684.160,1640.773,43.406,15,0,0,R (running)
2026-08-01T05:44:10.879401+00:00,3708.696099147,345.637951,4695,63.868,3.193,684.160,1640.773,43.406,15,0,0,R (running)
2026-08-01T05:44:11.380430+00:00,3709.197046670,346.138898,4695,57.890,2.895,684.160,1640.773,43.406,15,0,0,R (running)
2026-08-01T05:44:11.881357+00:00,3709.698044654,346.639896,4695,63.873,3.194,684.160,1640.773,43.406,15,0,0,R (running)
2026-08-01T05:44:12.382250+00:00,3710.198937614,347.140789,4695,59.893,2.995,685.566,1642.047,43.406,15,0,0,R (running)
2026-08-01T05:44:12.883209+00:00,3710.699870738,347.641722,4695,57.892,2.895,685.566,1642.047,43.406,15,0,0,S (sleeping)
2026-08-01T05:44:13.384141+00:00,3711.200836595,348.142688,4695,71.861,3.593,685.566,1642.047,43.406,15,0,0,R (running)
2026-08-01T05:44:13.885068+00:00,3711.701754916,348.643606,4695,63.883,3.194,685.566,1642.047,43.406,15,0,0,R (running)
2026-08-01T05:44:14.385943+00:00,3712.202647259,349.144499,4695,65.882,3.294,685.723,1642.047,43.406,15,0,0,S (sleeping)
2026-08-01T05:44:14.886837+00:00,3712.703544278,349.645396,4695,59.893,2.995,685.723,1642.047,43.406,15,0,0,S (sleeping)
2026-08-01T05:44:15.387676+00:00,3713.204370187,350.146222,4695,65.891,3.295,685.723,1642.047,43.406,15,0,0,S (sleeping)
2026-08-01T05:44:15.888248+00:00,3713.704821537,350.646673,4695,65.940,3.297,685.879,1642.359,43.406,15,0,0,S (sleeping)
2026-08-01T05:44:16.389122+00:00,3714.205819817,351.147671,4695,59.880,2.994,685.879,1642.359,43.406,15,0,0,S (sleeping)
2026-08-01T05:44:16.890042+00:00,3714.706742367,351.648594,4695,49.908,2.495,685.879,1642.359,43.406,15,0,0,S (sleeping)
2026-08-01T05:44:17.390906+00:00,3715.207607139,352.149459,4695,75.869,3.793,685.879,1642.359,43.406,15,0,0,S (sleeping)
2026-08-01T05:44:17.891757+00:00,3715.708460288,352.650312,4695,61.894,3.095,685.879,1642.359,43.406,15,0,0,S (sleeping)
2026-08-01T05:44:18.392632+00:00,3716.209330442,353.151182,4695,61.892,3.095,685.879,1642.359,43.406,15,0,0,S (sleeping)
2026-08-01T05:44:18.893575+00:00,3716.710263948,353.652116,4695,69.870,3.493,685.879,1642.359,43.406,15,0,0,S (sleeping)
2026-08-01T05:44:19.394531+00:00,3717.211217284,354.153069,4695,51.901,2.595,685.879,1642.359,43.406,15,0,0,S (sleeping)
2026-08-01T05:44:19.895449+00:00,3717.712153629,354.654005,4695,69.869,3.493,685.879,1642.359,43.406,15,0,0,S (sleeping)
2026-08-01T05:44:20.395895+00:00,3718.212597167,355.154449,4695,65.942,3.297,686.035,1642.359,43.406,15,0,0,D (disk sleep)
2026-08-01T05:44:20.896725+00:00,3718.713429198,355.655281,4695,91.847,4.592,686.035,1642.359,43.406,15,0,0,S (sleeping)
2026-08-01T05:44:21.397608+00:00,3719.214314264,356.156166,4695,59.894,2.995,686.035,1642.359,43.406,15,0,0,S (sleeping)
2026-08-01T05:44:21.898620+00:00,3719.715312501,356.657164,4695,57.884,2.894,686.035,1642.359,43.406,15,0,0,S (sleeping)
2026-08-01T05:44:22.399587+00:00,3720.216276237,357.158128,4695,53.896,2.695,686.035,1642.359,43.406,15,0,0,R (running)
2026-08-01T05:44:22.900431+00:00,3720.717134199,357.658986,4695,75.870,3.793,686.035,1642.359,43.406,15,0,0,S (sleeping)
2026-08-01T05:44:23.401315+00:00,3721.218017851,358.159869,4695,63.887,3.194,686.035,1642.359,43.406,15,0,0,S (sleeping)
2026-08-01T05:44:23.902210+00:00,3721.718890772,358.660742,4695,53.906,2.695,686.035,1642.359,43.406,15,0,0,R (running)
2026-08-01T05:44:24.403099+00:00,3722.219796579,359.161648,4695,81.852,4.093,686.348,1642.855,43.406,15,0,0,S (sleeping)
2026-08-01T05:44:24.902914+00:00,3722.720689587,359.662541,4695,61.889,3.094,686.348,1642.855,43.406,15,0,0,S (sleeping)
2026-08-01T05:44:25.403867+00:00,3723.221655143,360.163507,4695,65.873,3.294,686.348,1642.855,43.406,15,0,0,S (sleeping)
2026-08-01T05:44:25.904793+00:00,3723.722586863,360.664438,4695,61.885,3.094,686.348,1642.855,43.406,15,0,0,S (sleeping)
2026-08-01T05:44:26.405644+00:00,3724.223432591,361.165284,4695,61.895,3.095,686.348,1642.855,43.406,15,0,0,S (sleeping)
2026-08-01T05:44:26.906504+00:00,3724.724292725,361.666144,4695,61.894,3.095,686.348,1642.855,43.406,15,0,0,S (sleeping)
2026-08-01T05:44:27.407402+00:00,3725.225201375,362.167053,4695,65.880,3.294,686.348,1642.855,43.406,15,0,0,S (sleeping)
2026-08-01T05:44:27.907857+00:00,3725.725629349,362.667481,4695,63.945,3.197,686.660,1643.285,43.406,15,0,0,S (sleeping)
2026-08-01T05:44:28.408855+00:00,3726.226642981,363.168495,4695,61.875,3.094,686.660,1643.285,43.406,15,0,0,S (sleeping)
2026-08-01T05:44:28.909778+00:00,3726.727573898,363.669425,4695,67.874,3.394,686.660,1643.285,43.406,15,0,0,S (sleeping)
2026-08-01T05:44:29.410626+00:00,3727.228417467,364.170269,4695,59.899,2.995,686.660,1643.285,43.406,15,0,0,S (sleeping)
2026-08-01T05:44:29.911464+00:00,3727.729256845,364.671108,4695,61.896,3.095,687.129,1643.723,43.406,15,0,0,S (sleeping)
2026-08-01T05:44:30.412349+00:00,3728.230143977,365.171996,4695,61.890,3.095,687.129,1643.723,43.406,15,0,0,S (sleeping)
2026-08-01T05:44:30.913221+00:00,3728.731005680,365.672857,4695,61.893,3.095,687.129,1643.723,43.406,15,0,0,S (sleeping)
2026-08-01T05:44:31.414167+00:00,3729.231915130,366.173767,4695,107.804,5.390,723.141,1691.262,43.406,15,0,0,S (sleeping)
2026-08-01T05:44:31.915098+00:00,3729.732873421,366.674725,4695,61.881,3.094,698.078,1643.258,43.406,15,0,0,S (sleeping)
2026-08-01T05:44:32.415585+00:00,3730.233371492,367.175223,4695,59.940,2.997,698.078,1643.258,43.406,15,0,0,S (sleeping)
2026-08-01T05:44:32.916509+00:00,3730.734298003,367.676150,4695,69.871,3.494,698.078,1643.258,43.406,15,0,0,S (sleeping)
2026-08-01T05:44:33.417432+00:00,3731.235209380,368.177061,4695,65.880,3.294,698.078,1643.258,43.406,15,0,0,S (sleeping)
2026-08-01T05:44:33.918548+00:00,3731.736230963,368.678083,4695,65.865,3.293,698.078,1643.258,43.406,15,0,0,S (sleeping)
2026-08-01T05:44:34.419508+00:00,3732.237297416,369.179149,4695,61.868,3.093,698.078,1643.258,43.406,15,0,0,S (sleeping)
2026-08-01T05:44:34.920430+00:00,3732.738184683,369.680036,4695,59.894,2.995,698.078,1643.258,43.406,15,0,0,S (sleeping)
2026-08-01T05:44:35.421313+00:00,3733.239107923,370.180960,4695,67.875,3.394,698.547,1643.801,43.406,15,0,0,S (sleeping)
2026-08-01T05:44:35.922191+00:00,3733.739951919,370.681803,4695,65.889,3.294,698.547,1643.801,43.406,15,0,0,S (sleeping)
2026-08-01T05:44:36.423115+00:00,3734.240889644,371.182741,4695,61.884,3.094,698.547,1643.801,43.406,15,0,0,S (sleeping)
2026-08-01T05:44:36.924108+00:00,3734.741896256,371.683748,4695,65.867,3.293,698.547,1643.801,43.406,15,0,0,S (sleeping)
2026-08-01T05:44:37.425044+00:00,3735.242832255,372.184684,4695,59.888,2.994,698.547,1643.801,43.406,15,0,0,S (sleeping)
2026-08-01T05:44:37.925975+00:00,3735.743764740,372.685616,4695,63.881,3.194,698.547,1643.801,43.406,15,0,0,S (sleeping)
2026-08-01T05:44:38.426902+00:00,3736.244686113,373.186538,4695,69.871,3.494,698.547,1643.801,43.406,15,0,0,S (sleeping)
2026-08-01T05:44:38.927844+00:00,3736.745632425,373.687484,4695,57.890,2.895,698.547,1643.801,43.406,15,0,0,S (sleeping)
2026-08-01T05:44:39.428824+00:00,3737.246594840,374.188446,4695,65.873,3.294,698.547,1643.801,43.406,15,0,0,S (sleeping)
2026-08-01T05:44:39.929856+00:00,3737.747643770,374.689495,4695,57.879,2.894,698.547,1643.801,43.406,15,0,0,S (sleeping)
2026-08-01T05:44:40.430794+00:00,3738.248577249,375.190429,4695,57.892,2.895,698.547,1643.801,43.406,15,0,0,S (sleeping)
2026-08-01T05:44:40.931696+00:00,3738.749480758,375.691332,4695,63.885,3.194,698.547,1643.801,43.406,15,0,0,S (sleeping)
2026-08-01T05:44:41.432588+00:00,3739.250380878,376.192232,4695,61.889,3.094,698.703,1643.801,43.406,15,0,0,S (sleeping)
2026-08-01T05:44:41.933497+00:00,3739.751274161,376.693126,4695,59.893,2.995,698.703,1643.801,43.406,15,0,0,S (sleeping)
2026-08-01T05:44:42.434415+00:00,3740.252196722,377.194048,4695,61.886,3.094,698.703,1643.801,43.406,15,0,0,S (sleeping)
2026-08-01T05:44:42.935320+00:00,3740.753097193,377.694949,4695,63.885,3.194,698.703,1643.801,43.406,15,0,0,S (sleeping)
2026-08-01T05:44:43.436215+00:00,3741.254004100,378.195856,4695,63.884,3.194,698.703,1643.801,43.406,15,0,0,S (sleeping)
2026-08-01T05:44:43.937108+00:00,3741.754886708,378.696738,4695,61.891,3.095,698.703,1643.801,43.406,15,0,0,S (sleeping)
2026-08-01T05:44:44.438023+00:00,3742.255813098,379.197665,4695,63.882,3.194,698.703,1643.801,43.406,15,0,0,S (sleeping)
2026-08-01T05:44:44.938926+00:00,3742.756702610,379.698554,4695,55.901,2.795,698.703,1643.801,43.406,15,0,0,S (sleeping)
2026-08-01T05:44:45.439852+00:00,3743.257636328,380.199488,4695,79.851,3.993,698.703,1643.801,43.406,15,0,0,R (running)
2026-08-01T05:44:45.940654+00:00,3743.758440601,380.700292,4695,53.913,2.696,698.703,1643.801,43.406,15,0,0,S (sleeping)
2026-08-01T05:44:46.441557+00:00,3744.259333130,381.201185,4695,83.850,4.193,698.703,1643.801,43.406,15,0,0,S (sleeping)
2026-08-01T05:44:46.942472+00:00,3744.760260053,381.702112,4695,63.882,3.194,698.703,1643.801,43.406,15,0,0,S (sleeping)
2026-08-01T05:44:47.443380+00:00,3745.261166387,382.203018,4695,57.895,2.895,699.016,1644.117,43.406,15,0,0,S (sleeping)
2026-08-01T05:44:47.944297+00:00,3745.762085333,382.703937,4695,73.864,3.693,699.016,1644.117,43.406,15,0,0,S (sleeping)
2026-08-01T05:44:48.445209+00:00,3746.262995649,383.204847,4695,67.876,3.394,735.891,1689.457,43.406,15,0,0,R (running)
2026-08-01T05:44:48.946098+00:00,3746.763890066,383.705742,4695,59.893,2.995,735.891,1689.457,43.406,15,0,0,S (sleeping)
2026-08-01T05:44:49.447008+00:00,3747.264785119,384.206637,4695,59.893,2.995,735.891,1689.457,43.406,15,0,0,S (sleeping)
2026-08-01T05:44:49.947918+00:00,3747.765712204,384.707564,4695,63.882,3.194,735.891,1689.457,43.406,15,0,0,S (sleeping)
2026-08-01T05:44:50.448854+00:00,3748.266639298,385.208491,4695,57.893,2.895,735.891,1689.457,43.406,15,0,0,S (sleeping)
2026-08-01T05:44:50.949789+00:00,3748.767570150,385.709422,4695,65.877,3.294,735.891,1689.457,43.406,15,0,0,S (sleeping)
2026-08-01T05:44:51.450712+00:00,3749.268495232,386.210347,4695,57.893,2.895,735.891,1689.457,43.406,15,0,0,S (sleeping)
2026-08-01T05:44:51.951603+00:00,3749.769391835,386.711243,4695,65.882,3.294,735.891,1689.457,43.406,15,0,0,S (sleeping)
2026-08-01T05:44:52.452490+00:00,3750.270281049,387.212133,4695,63.886,3.194,735.891,1689.457,43.406,15,0,0,S (sleeping)
2026-08-01T05:44:52.953358+00:00,3750.771153189,387.713005,4695,61.892,3.095,735.891,1689.457,43.406,15,0,0,S (sleeping)
2026-08-01T05:44:53.454309+00:00,3751.272085080,388.213937,4695,61.885,3.094,735.891,1689.457,43.406,15,0,0,S (sleeping)
2026-08-01T05:44:53.955210+00:00,3751.773001223,388.714853,4695,65.879,3.294,735.891,1689.457,43.406,15,0,0,S (sleeping)
2026-08-01T05:44:54.455760+00:00,3752.273552471,389.215404,4695,61.932,3.097,735.891,1689.457,43.406,15,0,0,S (sleeping)
2026-08-01T05:44:54.954732+00:00,3752.774435908,389.716287,4695,61.891,3.095,735.891,1689.457,43.406,15,0,0,S (sleeping)
2026-08-01T05:44:55.455585+00:00,3753.275282082,390.217134,4695,61.895,3.095,735.891,1689.457,43.406,15,0,0,S (sleeping)
2026-08-01T05:44:55.956520+00:00,3753.776220569,390.718072,4695,57.891,2.895,735.891,1689.457,43.406,15,0,0,S (sleeping)
2026-08-01T05:44:56.457492+00:00,3754.277153558,391.219005,4695,63.881,3.194,735.891,1689.457,43.406,15,0,0,S (sleeping)
2026-08-01T05:44:56.958373+00:00,3754.778072846,391.719924,4695,61.886,3.094,735.891,1689.457,43.406,15,0,0,S (sleeping)
2026-08-01T05:44:57.459258+00:00,3755.278955749,392.220807,4695,61.891,3.095,735.891,1689.457,43.406,15,0,0,S (sleeping)
2026-08-01T05:44:57.960159+00:00,3755.779863343,392.721715,4695,57.895,2.895,735.891,1689.457,43.406,15,0,0,S (sleeping)
2026-08-01T05:44:58.461039+00:00,3756.280738905,393.222590,4695,65.885,3.294,735.891,1689.457,43.406,15,0,0,S (sleeping)
2026-08-01T05:44:58.961938+00:00,3756.781632890,393.723484,4695,63.886,3.194,735.891,1689.457,43.406,15,0,0,R (running)
2026-08-01T05:44:59.462972+00:00,3757.282653966,394.224506,4695,61.874,3.094,735.891,1689.457,43.406,15,0,0,S (sleeping)
2026-08-01T05:44:59.963861+00:00,3757.783560057,394.725412,4695,57.895,2.895,735.891,1689.457,43.406,15,0,0,S (sleeping)
2026-08-01T05:45:00.464779+00:00,3758.284463257,395.226315,4695,61.888,3.094,735.891,1689.457,43.406,15,0,0,R (running)
2026-08-01T05:45:00.965704+00:00,3758.785402704,395.727254,4695,59.887,2.994,735.891,1689.457,43.406,15,0,0,S (sleeping)
2026-08-01T05:45:01.466645+00:00,3759.286304768,396.228156,4695,61.888,3.094,735.891,1689.457,43.406,15,0,0,S (sleeping)
2026-08-01T05:45:01.967585+00:00,3759.787277886,396.729129,4695,65.872,3.294,735.891,1689.457,43.406,15,0,0,S (sleeping)
2026-08-01T05:45:02.468434+00:00,3760.288116569,397.229968,4695,57.903,2.895,735.891,1689.457,43.406,15,0,0,S (sleeping)
2026-08-01T05:45:02.969387+00:00,3760.789088666,397.730940,4695,67.868,3.393,735.891,1689.457,43.406,15,0,0,R (running)
2026-08-01T05:45:03.470297+00:00,3761.289980995,398.231833,4695,69.875,3.494,735.891,1689.457,43.406,15,0,0,R (running)
2026-08-01T05:45:03.971225+00:00,3761.790915561,398.732767,4695,67.873,3.394,735.891,1689.457,43.406,15,0,0,R (running)
2026-08-01T05:45:04.472078+00:00,3762.291769677,399.233621,4695,61.894,3.095,735.891,1689.457,43.406,15,0,0,R (running)
2026-08-01T05:45:04.973167+00:00,3762.792866386,399.734718,4695,61.864,3.093,735.891,1689.457,43.406,15,0,0,R (running)
2026-08-01T05:45:05.474050+00:00,3763.293740049,400.235592,4695,59.895,2.995,735.891,1689.457,43.406,15,0,0,R (running)
2026-08-01T05:45:05.974884+00:00,3763.794583535,400.736435,4695,59.899,2.995,735.891,1689.457,43.406,15,0,0,R (running)
2026-08-01T05:45:06.475783+00:00,3764.295468086,401.237320,4695,61.891,3.095,735.891,1689.457,43.406,15,0,0,R (running)
2026-08-01T05:45:06.976665+00:00,3764.796356161,401.738208,4695,67.879,3.394,735.891,1689.457,43.406,15,0,0,R (running)
2026-08-01T05:45:07.477541+00:00,3765.297220466,402.239072,4695,65.886,3.294,735.891,1689.457,43.406,15,0,0,R (running)
2026-08-01T05:45:07.978547+00:00,3765.798241843,402.740093,4695,61.874,3.094,735.891,1689.457,43.406,15,0,0,R (running)
2026-08-01T05:45:08.479477+00:00,3766.299165128,403.241017,4695,61.886,3.094,735.891,1689.457,43.406,15,0,0,R (running)
2026-08-01T05:45:08.980372+00:00,3766.800064441,403.741916,4695,63.885,3.194,735.891,1689.457,43.406,15,0,0,S (sleeping)
2026-08-01T05:45:09.481287+00:00,3767.300979117,404.242831,4695,69.872,3.494,735.891,1689.457,43.406,15,0,0,R (running)
2026-08-01T05:45:09.982277+00:00,3767.801947245,404.743799,4695,59.884,2.994,735.891,1689.457,43.406,15,0,0,S (sleeping)
2026-08-01T05:45:10.483378+00:00,3768.302990294,405.244842,4695,71.850,3.593,735.891,1689.457,43.406,15,0,0,R (running)
2026-08-01T05:45:10.984361+00:00,3768.804060502,405.745912,4695,69.850,3.493,735.891,1689.457,43.406,15,0,0,S (sleeping)
2026-08-01T05:45:11.485286+00:00,3769.304972339,406.246824,4695,61.887,3.094,735.891,1689.457,43.406,15,0,0,R (running)
2026-08-01T05:45:11.986181+00:00,3769.805882325,406.747734,4695,67.876,3.394,735.891,1689.457,43.406,15,0,0,S (sleeping)
2026-08-01T05:45:12.487097+00:00,3770.306793869,407.248645,4695,65.880,3.294,735.891,1689.457,43.406,15,0,0,R (running)
2026-08-01T05:45:12.988172+00:00,3770.807781645,407.749633,4695,67.866,3.393,735.891,1689.457,43.406,15,0,0,S (sleeping)
2026-08-01T05:45:13.489157+00:00,3771.308852967,408.250705,4695,57.876,2.894,735.891,1689.457,43.406,15,0,0,S (sleeping)
2026-08-01T05:45:13.990034+00:00,3771.809732583,408.751584,4695,83.852,4.193,735.891,1689.457,43.406,15,0,0,S (sleeping)
2026-08-01T05:45:14.490909+00:00,3772.310589928,409.252442,4695,65.887,3.294,735.891,1689.457,43.406,15,0,0,R (running)
2026-08-01T05:45:14.991813+00:00,3772.811514188,409.753366,4695,63.882,3.194,735.891,1689.457,43.406,15,0,0,S (sleeping)
2026-08-01T05:45:15.492893+00:00,3773.312577287,410.254429,4695,83.822,4.191,735.891,1689.457,43.406,15,0,0,S (sleeping)
2026-08-01T05:45:15.993965+00:00,3773.813620034,410.755472,4695,63.867,3.193,735.891,1689.457,43.406,15,0,0,S (sleeping)
2026-08-01T05:45:16.494909+00:00,3774.314602933,411.256455,4695,81.839,4.092,735.891,1689.457,43.406,15,0,0,S (sleeping)
2026-08-01T05:45:16.995829+00:00,3774.815526291,411.757378,4695,67.875,3.394,735.891,1689.457,43.406,15,0,0,S (sleeping)
2026-08-01T05:45:17.496736+00:00,3775.316438759,412.258290,4695,65.880,3.294,735.891,1689.457,43.406,15,0,0,S (sleeping)
2026-08-01T05:45:17.997624+00:00,3775.817321935,412.759174,4695,57.898,2.895,735.891,1689.457,43.406,15,0,0,R (running)
2026-08-01T05:45:18.498683+00:00,3776.318275685,413.260127,4695,69.867,3.493,735.734,1689.457,43.250,15,0,0,R (running)
2026-08-01T05:45:18.999672+00:00,3776.819373218,413.761225,4695,77.829,3.891,735.734,1689.457,43.250,15,0,0,S (sleeping)
2026-08-01T05:45:19.500423+00:00,3777.320107924,414.261960,4695,69.897,3.495,735.734,1689.457,43.250,15,0,0,S (sleeping)
2026-08-01T05:45:20.001372+00:00,3777.821050013,414.762902,4695,67.872,3.394,735.734,1689.457,43.250,15,0,0,S (sleeping)
2026-08-01T05:45:20.502332+00:00,3778.322022245,415.263874,4695,59.884,2.994,735.734,1689.457,43.250,15,0,0,R (running)
2026-08-01T05:45:21.003296+00:00,3778.822982125,415.764834,4695,75.854,3.793,735.734,1689.457,43.250,15,0,0,S (sleeping)
2026-08-01T05:45:21.504338+00:00,3779.323996072,416.265848,4695,67.862,3.393,735.734,1689.457,43.250,15,0,0,S (sleeping)
2026-08-01T05:45:22.005262+00:00,3779.824951187,416.766803,4695,67.870,3.394,735.734,1689.457,43.250,15,0,0,S (sleeping)
2026-08-01T05:45:22.506134+00:00,3780.325832212,417.267684,4695,63.887,3.194,735.734,1689.457,43.250,15,0,0,S (sleeping)
2026-08-01T05:45:23.007043+00:00,3780.826744818,417.768596,4695,67.876,3.394,735.734,1689.457,43.250,15,0,0,S (sleeping)
2026-08-01T05:45:23.507934+00:00,3781.327620814,418.269472,4695,55.902,2.795,735.734,1689.457,43.250,15,0,0,R (running)
2026-08-01T05:45:24.008946+00:00,3781.828629231,418.770481,4695,71.855,3.593,735.734,1689.457,43.250,15,0,0,S (sleeping)
2026-08-01T05:45:24.508598+00:00,3782.329551739,419.271403,4695,61.886,3.094,735.734,1689.457,43.250,15,0,0,R (running)
2026-08-01T05:45:25.009538+00:00,3782.830508409,419.772360,4695,73.859,3.693,735.734,1689.457,43.250,15,0,0,S (sleeping)
2026-08-01T05:45:25.510449+00:00,3783.331427578,420.273279,4695,61.886,3.094,735.734,1689.457,43.250,15,0,0,S (sleeping)
2026-08-01T05:45:26.011356+00:00,3783.832335261,420.774187,4695,63.884,3.194,735.734,1689.457,43.250,15,0,0,S (sleeping)
2026-08-01T05:45:26.512265+00:00,3784.333240987,421.275093,4695,65.881,3.294,735.734,1689.457,43.250,15,0,0,S (sleeping)
2026-08-01T05:45:27.013196+00:00,3784.834173210,421.776025,4695,63.881,3.194,735.734,1689.457,43.250,15,0,0,S (sleeping)
2026-08-01T05:45:27.514106+00:00,3785.335084780,422.276936,4695,69.873,3.494,735.734,1689.457,43.250,15,0,0,S (sleeping)
2026-08-01T05:45:28.015005+00:00,3785.835962888,422.777814,4695,61.891,3.095,735.734,1689.457,43.250,15,0,0,S (sleeping)
2026-08-01T05:45:28.515872+00:00,3786.336852697,423.278704,4695,87.844,4.392,735.734,1689.457,43.250,15,0,0,S (sleeping)
2026-08-01T05:45:29.016767+00:00,3786.837749048,423.779601,4695,59.893,2.995,735.734,1689.457,43.250,15,0,0,S (sleeping)
2026-08-01T05:45:29.517720+00:00,3787.338668930,424.280521,4695,61.886,3.094,735.734,1689.457,43.250,15,0,0,S (sleeping)
2026-08-01T05:45:30.018697+00:00,3787.839660758,424.781512,4695,63.873,3.194,735.734,1689.457,43.250,15,0,0,R (running)
2026-08-01T05:45:30.519621+00:00,3788.340601961,425.282454,4695,61.884,3.094,735.734,1689.457,43.250,15,0,0,S (sleeping)
2026-08-01T05:45:31.020506+00:00,3788.841491649,425.783343,4695,61.890,3.094,735.734,1689.457,43.250,15,0,0,S (sleeping)
2026-08-01T05:45:31.521394+00:00,3789.342371892,426.284223,4695,63.888,3.194,735.734,1689.457,43.250,15,0,0,S (sleeping)
2026-08-01T05:45:32.022465+00:00,3789.843347199,426.785199,4695,67.868,3.393,735.734,1689.457,43.250,15,0,0,S (sleeping)
2026-08-01T05:45:32.523104+00:00,3790.344078471,427.285930,4695,61.909,3.095,735.734,1689.457,43.250,15,0,0,S (sleeping)
2026-08-01T05:45:33.024003+00:00,3790.844982107,427.786834,4695,59.892,2.995,735.734,1689.457,43.250,15,0,0,S (sleeping)
2026-08-01T05:45:33.524891+00:00,3791.345871646,428.287723,4695,67.879,3.394,735.734,1689.457,43.250,15,0,0,S (sleeping)
2026-08-01T05:45:34.025770+00:00,3791.846754087,428.788606,4695,61.891,3.095,735.734,1689.457,43.250,15,0,0,S (sleeping)
2026-08-01T05:45:34.526255+00:00,3792.347228555,429.289080,4695,65.937,3.297,735.734,1689.457,43.250,15,0,0,S (sleeping)
2026-08-01T05:45:35.027123+00:00,3792.848092135,429.789944,4695,63.890,3.194,735.734,1689.457,43.250,15,0,0,S (sleeping)
2026-08-01T05:45:35.528207+00:00,3793.349192290,430.291044,4695,63.859,3.193,735.734,1689.457,43.250,15,0,0,S (sleeping)
2026-08-01T05:45:36.029063+00:00,3793.850024510,430.791876,4695,63.894,3.195,735.734,1689.457,43.250,15,0,0,S (sleeping)
2026-08-01T05:45:36.529963+00:00,3794.350943844,431.292795,4695,63.883,3.194,735.734,1689.457,43.250,15,0,0,S (sleeping)
2026-08-01T05:45:37.030869+00:00,3794.851854559,431.793706,4695,67.876,3.394,735.734,1689.457,43.250,15,0,0,S (sleeping)
2026-08-01T05:45:37.531752+00:00,3795.352733498,432.294585,4695,65.884,3.294,735.734,1689.457,43.250,15,0,0,S (sleeping)
2026-08-01T05:45:38.032776+00:00,3795.853705411,432.795557,4695,65.872,3.294,735.734,1689.457,43.250,15,0,0,S (sleeping)
2026-08-01T05:45:38.533837+00:00,3796.354812809,433.296664,4695,69.845,3.492,735.734,1689.457,43.250,15,0,0,S (sleeping)
2026-08-01T05:45:39.034754+00:00,3796.855732314,433.797584,4695,63.883,3.194,735.734,1689.457,43.250,15,0,0,S (sleeping)
2026-08-01T05:45:39.535679+00:00,3797.356654955,434.298507,4695,65.878,3.294,735.734,1689.457,43.250,15,0,0,S (sleeping)
2026-08-01T05:45:40.036585+00:00,3797.857560594,434.799412,4695,63.884,3.194,735.734,1689.457,43.250,15,0,0,S (sleeping)
2026-08-01T05:45:40.537504+00:00,3798.358461438,435.300313,4695,67.878,3.394,735.734,1689.457,43.250,15,0,0,S (sleeping)
2026-08-01T05:45:41.038420+00:00,3798.859397622,435.801249,4695,65.877,3.294,735.734,1689.457,43.250,15,0,0,S (sleeping)
2026-08-01T05:45:41.539323+00:00,3799.360290436,436.302142,4695,67.879,3.394,735.734,1689.457,43.250,15,0,0,S (sleeping)
2026-08-01T05:45:42.040236+00:00,3799.861215253,436.803067,4695,67.874,3.394,735.734,1689.457,43.250,15,0,0,S (sleeping)
2026-08-01T05:45:42.541131+00:00,3800.362101971,437.303954,4695,63.887,3.194,735.734,1689.457,43.250,15,0,0,S (sleeping)
2026-08-01T05:45:43.042041+00:00,3800.863022467,437.804874,4695,59.890,2.994,735.734,1689.457,43.250,15,0,0,S (sleeping)
2026-08-01T05:45:43.542973+00:00,3801.363916773,438.305768,4695,65.882,3.294,735.734,1689.457,43.250,15,0,0,S (sleeping)
2026-08-01T05:45:44.043996+00:00,3801.864910282,438.806762,4695,63.873,3.194,735.734,1689.457,43.250,15,0,0,S (sleeping)
2026-08-01T05:45:44.544806+00:00,3802.365777441,439.307629,4695,63.889,3.194,735.734,1689.457,43.250,15,0,0,R (running)
2026-08-01T05:45:45.045722+00:00,3802.866703014,439.808555,4695,65.878,3.294,735.734,1689.457,43.250,15,0,0,S (sleeping)
2026-08-01T05:45:45.546609+00:00,3803.367588802,440.309440,4695,63.887,3.194,735.734,1689.457,43.250,15,0,0,S (sleeping)
2026-08-01T05:45:46.047485+00:00,3803.868470837,440.810322,4695,71.873,3.594,735.734,1689.457,43.250,15,0,0,R (running)
2026-08-01T05:45:46.548139+00:00,3804.369072671,441.310924,4695,85.897,4.295,735.734,1689.457,43.250,15,0,0,S (sleeping)
2026-08-01T05:45:47.049145+00:00,3804.870130268,441.811982,4695,69.852,3.493,735.734,1689.457,43.250,15,0,0,S (sleeping)
2026-08-01T05:45:47.549988+00:00,3805.370967462,442.312819,4695,63.893,3.195,735.734,1689.457,43.250,15,0,0,S (sleeping)
2026-08-01T05:45:48.050910+00:00,3805.871888811,442.813740,4695,67.875,3.394,735.734,1689.457,43.250,15,0,0,S (sleeping)
2026-08-01T05:45:48.551837+00:00,3806.372816280,443.314668,4695,81.848,4.092,735.734,1689.457,43.250,15,0,0,S (sleeping)
2026-08-01T05:45:49.052676+00:00,3806.873654524,443.815506,4695,63.893,3.195,735.734,1689.457,43.250,15,0,0,S (sleeping)
2026-08-01T05:45:49.553630+00:00,3807.374601488,444.316453,4695,63.879,3.194,735.734,1689.457,43.250,15,0,0,S (sleeping)
2026-08-01T05:45:50.054566+00:00,3807.875535075,444.817387,4695,59.888,2.994,735.734,1689.457,43.250,15,0,0,S (sleeping)
2026-08-01T05:45:50.555397+00:00,3808.376375905,445.318227,4695,63.893,3.195,735.734,1689.457,43.250,15,0,0,S (sleeping)
2026-08-01T05:45:51.056268+00:00,3808.877250940,445.819103,4695,65.885,3.294,735.734,1689.457,43.250,15,0,0,S (sleeping)
2026-08-01T05:45:51.557135+00:00,3809.378111641,446.319963,4695,61.893,3.095,735.734,1689.457,43.250,15,0,0,S (sleeping)
2026-08-01T05:45:52.058066+00:00,3809.879034291,446.820886,4695,61.886,3.094,735.734,1689.457,43.250,15,0,0,S (sleeping)
2026-08-01T05:45:52.559094+00:00,3810.380061318,447.321913,4695,67.861,3.393,735.734,1689.457,43.250,15,0,0,S (sleeping)
2026-08-01T05:45:53.060052+00:00,3810.881020153,447.822872,4695,65.874,3.294,735.734,1689.457,43.250,15,0,0,S (sleeping)
2026-08-01T05:45:53.560964+00:00,3811.381942513,448.323794,4695,65.878,3.294,735.734,1689.457,43.250,15,0,0,S (sleeping)
2026-08-01T05:45:54.061940+00:00,3811.882918169,448.824770,4695,91.821,4.591,735.734,1689.457,43.250,15,0,0,S (sleeping)
2026-08-01T05:45:54.561252+00:00,3812.383783745,449.325635,4695,61.893,3.095,735.734,1689.457,43.250,15,0,0,S (sleeping)
2026-08-01T05:45:55.062180+00:00,3812.884727422,449.826579,4695,63.879,3.194,735.734,1689.457,43.250,15,0,0,R (running)
2026-08-01T05:45:55.563081+00:00,3813.385629356,450.327481,4695,65.881,3.294,735.734,1689.457,43.250,15,0,0,R (running)
2026-08-01T05:45:56.063880+00:00,3813.886417806,450.828269,4695,63.899,3.195,735.734,1689.457,43.250,15,0,0,S (sleeping)
2026-08-01T05:45:56.564768+00:00,3814.387318962,451.329171,4695,67.878,3.394,735.734,1689.457,43.250,15,0,0,S (sleeping)
2026-08-01T05:45:57.065831+00:00,3814.888293975,451.830146,4695,67.868,3.393,735.734,1689.457,43.250,15,0,0,S (sleeping)
2026-08-01T05:45:57.566869+00:00,3815.389404560,452.331256,4695,69.845,3.492,735.734,1689.457,43.250,15,0,0,S (sleeping)
2026-08-01T05:45:58.067824+00:00,3815.890374584,452.832226,4695,71.861,3.593,735.734,1689.457,43.250,15,0,0,S (sleeping)
2026-08-01T05:45:58.568705+00:00,3816.391236932,453.333089,4695,65.886,3.294,735.734,1689.457,43.250,15,0,0,S (sleeping)
2026-08-01T05:45:59.069580+00:00,3816.892125190,453.833977,4695,65.883,3.294,735.734,1689.457,43.250,15,0,0,R (running)
2026-08-01T05:45:59.570537+00:00,3817.393086348,454.334938,4695,65.873,3.294,735.734,1689.457,43.250,15,0,0,R (running)
2026-08-01T05:46:00.071441+00:00,3817.893989671,454.835841,4695,83.849,4.192,712.746,1657.816,43.250,15,0,0,R (running)
2026-08-01T05:46:00.572590+00:00,3818.395127359,455.336979,4695,55.873,2.794,716.340,1661.609,43.250,15,0,0,R (running)
2026-08-01T05:46:01.073523+00:00,3818.896067719,455.837919,4695,65.876,3.294,716.340,1661.609,43.250,15,0,0,R (running)
2026-08-01T05:46:01.574571+00:00,3819.397038912,456.338890,4695,63.876,3.194,716.496,1661.609,43.250,15,0,0,R (running)
2026-08-01T05:46:02.075717+00:00,3819.898176827,456.840028,4695,65.850,3.293,716.496,1661.609,43.250,15,0,0,R (running)
2026-08-01T05:46:02.576738+00:00,3820.399282707,457.341134,4695,75.832,3.792,716.496,1661.609,43.250,15,0,0,S (sleeping)
2026-08-01T05:46:03.077800+00:00,3820.900343165,457.842195,4695,67.856,3.393,716.496,1661.609,43.250,15,0,0,R (running)
2026-08-01T05:46:03.578943+00:00,3821.401406295,458.343258,4695,63.864,3.193,716.496,1661.609,43.250,15,0,0,R (running)
2026-08-01T05:46:04.079952+00:00,3821.902493859,458.844345,4695,67.852,3.393,716.496,1661.750,43.250,15,0,0,R (running)
2026-08-01T05:46:04.580891+00:00,3822.403440789,459.345292,4695,69.868,3.493,716.496,1661.750,43.250,15,0,0,R (running)
2026-08-01T05:46:05.081538+00:00,3822.903995555,459.845847,4695,67.925,3.396,716.496,1661.750,43.250,15,0,0,R (running)
2026-08-01T05:46:05.582545+00:00,3823.405087778,460.346939,4695,61.865,3.093,716.496,1661.750,43.250,15,0,0,R (running)
2026-08-01T05:46:06.083501+00:00,3823.906039568,460.847891,4695,55.894,2.795,716.496,1661.750,43.250,15,0,0,S (sleeping)
2026-08-01T05:46:06.584395+00:00,3824.406944231,461.348796,4695,77.859,3.893,716.496,1661.750,43.250,15,0,0,R (running)
2026-08-01T05:46:07.085331+00:00,3824.907868347,461.849720,4695,65.878,3.294,716.496,1661.750,43.250,15,0,0,R (running)
2026-08-01T05:46:07.586261+00:00,3825.408808275,462.350660,4695,67.872,3.394,716.496,1661.750,43.250,15,0,0,R (running)
2026-08-01T05:46:08.087265+00:00,3825.909796347,462.851648,4695,67.866,3.393,716.496,1661.750,43.250,15,0,0,R (running)
2026-08-01T05:46:08.588230+00:00,3826.410775416,463.352627,4695,65.871,3.294,717.746,1662.969,43.250,15,0,0,S (sleeping)
2026-08-01T05:46:09.089095+00:00,3826.911644085,463.853496,4695,65.886,3.294,718.996,1664.219,43.250,15,0,0,S (sleeping)
2026-08-01T05:46:09.589999+00:00,3827.412551788,464.354403,4695,81.851,4.093,718.996,1664.219,43.250,15,0,0,S (sleeping)
2026-08-01T05:46:10.090869+00:00,3827.913403920,464.855256,4695,61.895,3.095,718.996,1664.219,43.250,15,0,0,S (sleeping)
2026-08-01T05:46:10.591717+00:00,3828.414270736,465.356122,4695,63.889,3.194,718.996,1664.219,43.250,15,0,0,S (sleeping)
2026-08-01T05:46:11.092602+00:00,3828.915139001,465.856991,4695,65.886,3.294,718.996,1664.219,43.250,15,0,0,S (sleeping)
2026-08-01T05:46:11.593517+00:00,3829.416066829,466.357918,4695,61.885,3.094,718.996,1664.219,43.250,15,0,0,S (sleeping)
2026-08-01T05:46:12.094397+00:00,3829.916944691,466.858796,4695,65.884,3.294,718.996,1664.219,43.250,15,0,0,S (sleeping)
2026-08-01T05:46:12.595296+00:00,3830.417849636,467.359701,4695,61.888,3.094,718.996,1664.219,43.250,15,0,0,S (sleeping)
2026-08-01T05:46:13.096183+00:00,3830.918737598,467.860589,4695,65.883,3.294,718.996,1664.219,43.250,15,0,0,S (sleeping)
2026-08-01T05:46:13.597167+00:00,3831.419721186,468.361573,4695,63.874,3.194,718.996,1664.219,43.250,15,0,0,S (sleeping)
2026-08-01T05:46:14.098243+00:00,3831.920782418,468.862634,4695,65.860,3.293,718.996,1664.219,43.250,15,0,0,S (sleeping)
2026-08-01T05:46:14.599186+00:00,3832.421729501,469.363581,4695,57.890,2.895,718.996,1664.219,43.250,15,0,0,R (running)
2026-08-01T05:46:15.100176+00:00,3832.922703056,469.864555,4695,73.856,3.693,718.996,1664.219,43.250,15,0,0,S (sleeping)
2026-08-01T05:46:15.601056+00:00,3833.423609134,470.365461,4695,65.881,3.294,718.996,1664.219,43.250,15,0,0,S (sleeping)
2026-08-01T05:46:16.101958+00:00,3833.924511248,470.866363,4695,65.881,3.294,718.996,1664.219,43.250,15,0,0,S (sleeping)
2026-08-01T05:46:16.602887+00:00,3834.425420900,471.367272,4695,63.884,3.194,718.996,1664.219,43.250,15,0,0,S (sleeping)
2026-08-01T05:46:17.103696+00:00,3834.926237592,471.868089,4695,65.892,3.295,718.996,1664.219,43.250,15,0,0,S (sleeping)
2026-08-01T05:46:17.604615+00:00,3835.427167641,472.369019,4695,59.889,2.994,718.996,1664.219,43.250,15,0,0,S (sleeping)
2026-08-01T05:46:18.105519+00:00,3835.928074452,472.869926,4695,65.881,3.294,718.996,1664.219,43.250,15,0,0,S (sleeping)
2026-08-01T05:46:18.606415+00:00,3836.428968980,473.370821,4695,65.882,3.294,718.996,1664.219,43.250,15,0,0,S (sleeping)
2026-08-01T05:46:19.107326+00:00,3836.929877537,473.871729,4695,63.884,3.194,719.152,1664.348,43.250,15,0,0,S (sleeping)
2026-08-01T05:46:19.608399+00:00,3837.430940047,474.372792,4695,65.860,3.293,719.152,1664.348,43.250,15,0,0,S (sleeping)
2026-08-01T05:46:20.108958+00:00,3837.931507343,474.873359,4695,77.912,3.896,719.152,1664.348,43.250,15,0,0,S (sleeping)
2026-08-01T05:46:20.609860+00:00,3838.432387532,475.374239,4695,61.891,3.095,719.152,1664.348,43.250,15,0,0,S (sleeping)
2026-08-01T05:46:21.110683+00:00,3838.933235762,475.875087,4695,63.892,3.195,719.152,1664.348,43.250,15,0,0,S (sleeping)
2026-08-01T05:46:21.611590+00:00,3839.434137567,476.375989,4695,61.888,3.094,719.152,1664.348,43.250,15,0,0,S (sleeping)
2026-08-01T05:46:22.112055+00:00,3839.934600200,476.876452,4695,67.937,3.397,719.152,1664.348,43.250,15,0,0,S (sleeping)
2026-08-01T05:46:22.612955+00:00,3840.435506399,477.377358,4695,63.884,3.194,719.152,1664.348,43.250,15,0,0,S (sleeping)
2026-08-01T05:46:23.113909+00:00,3840.936461934,477.878314,4695,65.874,3.294,719.152,1664.348,43.250,15,0,0,S (sleeping)
2026-08-01T05:46:23.614842+00:00,3841.437396307,478.379248,4695,67.873,3.394,719.152,1664.348,43.250,15,0,0,S (sleeping)
2026-08-01T05:46:24.115731+00:00,3841.938284322,478.880136,4695,65.883,3.294,719.152,1664.348,43.250,15,0,0,S (sleeping)
2026-08-01T05:46:24.615025+00:00,3842.439214190,479.381066,4695,65.877,3.294,719.152,1664.348,43.250,15,0,0,S (sleeping)
2026-08-01T05:46:25.115923+00:00,3842.940118337,479.881970,4695,67.877,3.394,719.152,1664.348,43.250,15,0,0,S (sleeping)
2026-08-01T05:46:25.616931+00:00,3843.441110691,480.382962,4695,69.861,3.493,719.152,1664.348,43.250,15,0,0,S (sleeping)
2026-08-01T05:46:26.117403+00:00,3843.941594426,480.883446,4695,65.936,3.297,719.152,1664.348,43.250,15,0,0,S (sleeping)
2026-08-01T05:46:26.618291+00:00,3844.442483461,481.384335,4695,71.872,3.594,719.152,1664.348,43.250,15,0,0,S (sleeping)
2026-08-01T05:46:27.119216+00:00,3844.943401275,481.885253,4695,61.886,3.094,719.152,1664.348,43.250,15,0,0,S (sleeping)
2026-08-01T05:46:27.620087+00:00,3845.444283121,482.386135,4695,63.887,3.194,719.152,1664.348,43.250,15,0,0,S (sleeping)
2026-08-01T05:46:28.120998+00:00,3845.945185900,482.887037,4695,63.885,3.194,719.152,1664.348,43.250,15,0,0,S (sleeping)
2026-08-01T05:46:28.621893+00:00,3846.446077676,483.387929,4695,63.886,3.194,719.152,1664.348,43.250,15,0,0,S (sleeping)
2026-08-01T05:46:29.122798+00:00,3846.946991543,483.888843,4695,67.876,3.394,719.152,1664.348,43.250,15,0,0,S (sleeping)
2026-08-01T05:46:29.623686+00:00,3847.447882369,484.389734,4695,63.886,3.194,719.152,1664.348,43.250,15,0,0,S (sleeping)
2026-08-01T05:46:30.124275+00:00,3847.948467314,484.890319,4695,63.925,3.196,719.152,1664.348,43.250,15,0,0,S (sleeping)
2026-08-01T05:46:30.625152+00:00,3848.449340376,485.391192,4695,71.874,3.594,719.152,1664.348,43.250,15,0,0,S (sleeping)
2026-08-01T05:46:31.126076+00:00,3848.950270561,485.892122,4695,63.881,3.194,719.152,1664.348,43.250,15,0,0,S (sleeping)
2026-08-01T05:46:31.627006+00:00,3849.451192040,486.393044,4695,83.845,4.192,719.152,1664.348,43.250,15,0,0,S (sleeping)
2026-08-01T05:46:32.127866+00:00,3849.952052335,486.893904,4695,61.894,3.095,719.152,1664.348,43.250,15,0,0,S (sleeping)
2026-08-01T05:46:32.628767+00:00,3850.452960086,487.394812,4695,63.884,3.194,719.152,1664.348,43.250,15,0,0,S (sleeping)
2026-08-01T05:46:33.129653+00:00,3850.953852241,487.895704,4695,65.882,3.294,719.152,1664.348,43.250,15,0,0,S (sleeping)
2026-08-01T05:46:33.630493+00:00,3851.454682243,488.396534,4695,65.891,3.295,719.152,1664.348,43.250,15,0,0,S (sleeping)
2026-08-01T05:46:34.131452+00:00,3851.955645495,488.897497,4695,65.873,3.294,719.152,1664.348,43.250,15,0,0,S (sleeping)
2026-08-01T05:46:34.632407+00:00,3852.456603047,489.398455,4695,67.870,3.394,719.152,1664.348,43.250,15,0,0,S (sleeping)
2026-08-01T05:46:35.133253+00:00,3852.957424482,489.899276,4695,65.892,3.295,719.152,1664.348,43.250,15,0,0,S (sleeping)
2026-08-01T05:46:35.634134+00:00,3853.458329264,490.400181,4695,67.877,3.394,719.152,1664.348,43.250,15,0,0,S (sleeping)
2026-08-01T05:46:36.135030+00:00,3853.959216209,490.901068,4695,69.876,3.494,719.152,1664.348,43.250,15,0,0,S (sleeping)
2026-08-01T05:46:36.635951+00:00,3854.460138286,491.401990,4695,65.879,3.294,719.152,1664.348,43.250,15,0,0,S (sleeping)
2026-08-01T05:46:37.136919+00:00,3854.961093170,491.902945,4695,69.867,3.493,719.152,1664.348,43.250,15,0,0,S (sleeping)
2026-08-01T05:46:37.637675+00:00,3855.461852799,492.403704,4695,63.903,3.195,719.152,1664.348,43.250,15,0,0,S (sleeping)
2026-08-01T05:46:38.138201+00:00,3855.962390156,492.904242,4695,65.929,3.296,719.152,1664.348,43.250,15,0,0,S (sleeping)
2026-08-01T05:46:38.639122+00:00,3856.463315732,493.405167,4695,65.878,3.294,719.152,1664.348,43.250,15,0,0,S (sleeping)
2026-08-01T05:46:39.140031+00:00,3856.964211420,493.906063,4695,69.875,3.494,719.152,1664.348,43.250,15,0,0,S (sleeping)
2026-08-01T05:46:39.640949+00:00,3857.465131438,494.406983,4695,71.868,3.593,719.152,1664.348,43.250,15,0,0,S (sleeping)
2026-08-01T05:46:40.141951+00:00,3857.966133580,494.907985,4695,65.868,3.293,719.152,1664.348,43.250,15,0,0,S (sleeping)
2026-08-01T05:46:40.642904+00:00,3858.467093657,495.408945,4695,63.877,3.194,719.152,1664.348,43.250,15,0,0,S (sleeping)
2026-08-01T05:46:41.143817+00:00,3858.967992190,495.909844,4695,73.867,3.693,719.152,1664.348,43.250,15,0,0,S (sleeping)
2026-08-01T05:46:41.644693+00:00,3859.468892983,496.410745,4695,69.874,3.494,719.152,1664.348,43.250,15,0,0,S (sleeping)
2026-08-01T05:46:42.145541+00:00,3859.969724644,496.911576,4695,75.874,3.794,719.152,1664.348,43.250,15,0,0,S (sleeping)
2026-08-01T05:46:42.646463+00:00,3860.470647639,497.412499,4695,67.875,3.394,719.152,1664.348,43.250,15,0,0,S (sleeping)
2026-08-01T05:46:43.147018+00:00,3860.971185163,497.913037,4695,69.925,3.496,719.152,1664.348,43.250,15,0,0,S (sleeping)
2026-08-01T05:46:43.647988+00:00,3861.472156842,498.414008,4695,65.872,3.294,719.152,1664.348,43.250,15,0,0,S (sleeping)
2026-08-01T05:46:44.148884+00:00,3861.973078884,498.914930,4695,69.871,3.494,719.152,1664.348,43.250,15,0,0,S (sleeping)
2026-08-01T05:46:44.649757+00:00,3862.473921854,499.415773,4695,65.889,3.294,719.152,1664.348,43.250,15,0,0,S (sleeping)
2026-08-01T05:46:45.150672+00:00,3862.974849753,499.916701,4695,91.830,4.591,719.152,1664.348,43.250,15,0,0,S (sleeping)
2026-08-01T05:46:45.651550+00:00,3863.475734906,500.417586,4695,63.887,3.194,719.152,1664.348,43.250,15,0,0,S (sleeping)
2026-08-01T05:46:46.152467+00:00,3863.976651986,500.918504,4695,73.865,3.693,719.152,1664.348,43.250,15,0,0,R (running)
2026-08-01T05:46:46.653178+00:00,3864.477363295,501.419215,4695,87.875,4.394,719.152,1664.348,43.250,15,0,0,S (sleeping)
2026-08-01T05:46:47.154132+00:00,3864.978295005,501.920147,4695,81.847,4.092,719.152,1664.348,43.250,15,0,0,S (sleeping)
2026-08-01T05:46:47.655097+00:00,3865.479252233,502.421104,4695,69.866,3.493,719.152,1664.348,43.250,15,0,0,S (sleeping)
2026-08-01T05:46:48.155549+00:00,3865.979737486,502.921589,4695,67.934,3.397,719.152,1664.348,43.250,15,0,0,S (sleeping)
2026-08-01T05:46:48.656421+00:00,3866.480613705,503.422465,4695,71.874,3.594,719.152,1664.348,43.250,15,0,0,S (sleeping)
2026-08-01T05:46:49.157087+00:00,3866.981215159,503.923067,4695,65.921,3.296,719.152,1664.348,43.250,15,0,0,S (sleeping)
2026-08-01T05:46:49.658252+00:00,3867.482440056,504.424292,4695,71.824,3.591,719.152,1664.348,43.250,15,0,0,R (running)
2026-08-01T05:46:50.158956+00:00,3867.983107435,504.924959,4695,67.909,3.395,719.152,1664.348,43.250,15,0,0,S (sleeping)
2026-08-01T05:46:50.659884+00:00,3868.484080304,505.425932,4695,63.876,3.194,719.152,1664.348,43.250,15,0,0,R (running)
2026-08-01T05:46:51.160754+00:00,3868.984925619,505.926777,4695,79.865,3.993,719.152,1664.348,43.250,15,0,0,R (running)
2026-08-01T05:46:51.661702+00:00,3869.485889792,506.427741,4695,63.877,3.194,719.152,1664.348,43.250,15,0,0,S (sleeping)
2026-08-01T05:46:52.162602+00:00,3869.986767480,506.928619,4695,65.884,3.294,719.152,1664.348,43.250,15,0,0,S (sleeping)
2026-08-01T05:46:52.663626+00:00,3870.487804315,507.429656,4695,67.859,3.393,719.152,1664.348,43.250,15,0,0,R (running)
2026-08-01T05:46:53.164509+00:00,3870.988704067,507.930556,4695,65.881,3.294,719.152,1664.348,43.250,15,0,0,S (sleeping)
2026-08-01T05:46:53.665313+00:00,3871.489509265,508.431361,4695,67.891,3.395,719.152,1664.348,43.250,15,0,0,S (sleeping)
2026-08-01T05:46:54.166273+00:00,3871.990440806,508.932292,4695,67.874,3.394,719.152,1664.348,43.250,15,0,0,S (sleeping)
2026-08-01T05:46:54.665719+00:00,3872.491366653,509.433218,4695,67.874,3.394,719.152,1664.348,43.250,15,0,0,S (sleeping)
2026-08-01T05:46:55.166780+00:00,3872.992409968,509.934262,4695,69.854,3.493,719.152,1664.348,43.250,15,0,0,S (sleeping)
2026-08-01T05:46:55.667712+00:00,3873.493360317,510.435212,4695,69.867,3.493,719.152,1664.348,43.250,15,0,0,S (sleeping)
2026-08-01T05:46:56.168618+00:00,3873.994249097,510.936101,4695,65.883,3.294,719.152,1664.348,43.250,15,0,0,R (running)
2026-08-01T05:46:56.669520+00:00,3874.495163270,511.437015,4695,69.872,3.494,719.152,1664.348,43.250,15,0,0,D (disk sleep)
2026-08-01T05:46:57.170367+00:00,3874.995993299,511.937845,4695,69.884,3.494,719.152,1664.348,43.250,15,0,0,R (running)
2026-08-01T05:46:57.671345+00:00,3875.496908209,512.438760,4695,71.868,3.593,719.152,1664.348,43.250,15,0,0,R (running)
2026-08-01T05:46:58.172333+00:00,3875.997962175,512.939814,4695,71.849,3.592,719.152,1664.348,43.250,15,0,0,R (running)
2026-08-01T05:46:58.673234+00:00,3876.498866155,513.440718,4695,69.874,3.494,719.152,1664.348,43.250,15,0,0,R (running)
2026-08-01T05:46:59.174132+00:00,3876.999773115,513.941625,4695,83.848,4.192,755.402,1709.254,43.250,15,0,0,R (running)
2026-08-01T05:46:59.678983+00:00,3877.504618749,514.446470,4695,69.328,3.466,755.402,1709.254,43.250,15,0,0,R (running)
2026-08-01T05:47:00.179470+00:00,3878.005116312,514.946968,4695,63.936,3.197,755.402,1709.254,43.250,15,0,0,R (running)
2026-08-01T05:47:00.680382+00:00,3878.506024272,515.447876,4695,65.880,3.294,755.402,1709.254,43.250,15,0,0,R (running)
2026-08-01T05:47:01.181278+00:00,3879.006910006,515.948762,4695,63.887,3.194,755.402,1709.254,43.250,15,0,0,R (running)
2026-08-01T05:47:01.681975+00:00,3879.507536785,516.449388,4695,67.915,3.396,755.402,1709.254,43.250,15,0,0,R (running)
2026-08-01T05:47:02.182530+00:00,3880.008174935,516.950027,4695,65.916,3.296,755.402,1709.254,43.250,15,0,0,R (running)
2026-08-01T05:47:02.682960+00:00,3880.508608519,517.450460,4695,63.945,3.197,755.402,1709.254,43.250,15,0,0,R (running)
2026-08-01T05:47:03.183859+00:00,3881.009497314,517.951349,4695,65.883,3.294,755.402,1709.254,43.250,15,0,0,R (running)
2026-08-01T05:47:03.684704+00:00,3881.510350691,518.452202,4695,67.884,3.394,755.402,1709.254,43.250,15,0,0,S (sleeping)
2026-08-01T05:47:04.185638+00:00,3882.011286411,518.953138,4695,59.888,2.994,755.402,1709.254,43.250,15,0,0,R (running)
2026-08-01T05:47:04.686569+00:00,3882.512205325,519.454057,4695,67.875,3.394,755.402,1709.254,43.250,15,0,0,S (sleeping)
2026-08-01T05:47:05.187518+00:00,3883.013167351,519.955019,4695,69.866,3.493,755.402,1709.254,43.250,15,0,0,S (sleeping)
2026-08-01T05:47:05.688394+00:00,3883.514043054,520.455895,4695,61.892,3.095,755.402,1709.254,43.250,15,0,0,S (sleeping)
2026-08-01T05:47:06.189321+00:00,3884.014970303,520.956822,4695,63.882,3.194,755.402,1709.254,43.250,15,0,0,S (sleeping)
2026-08-01T05:47:06.690223+00:00,3884.515872642,521.457724,4695,61.888,3.094,755.402,1709.254,43.250,15,0,0,S (sleeping)
2026-08-01T05:47:07.191147+00:00,3885.016794789,521.958646,4695,67.875,3.394,755.402,1709.254,43.250,15,0,0,S (sleeping)
2026-08-01T05:47:07.692063+00:00,3885.517702614,522.459554,4695,65.880,3.294,755.402,1709.254,43.250,15,0,0,S (sleeping)
2026-08-01T05:47:08.192978+00:00,3886.018624383,522.960476,4695,65.879,3.294,755.402,1709.254,43.250,15,0,0,S (sleeping)
2026-08-01T05:47:08.693879+00:00,3886.519529320,523.461381,4695,63.884,3.194,755.402,1709.254,43.250,15,0,0,S (sleeping)
2026-08-01T05:47:09.194773+00:00,3887.020419797,523.962271,4695,67.879,3.394,755.402,1709.254,43.250,15,0,0,S (sleeping)
2026-08-01T05:47:09.695707+00:00,3887.521323836,524.463175,4695,65.881,3.294,755.402,1709.254,43.250,15,0,0,S (sleeping)
2026-08-01T05:47:10.196563+00:00,3888.022209494,524.964061,4695,65.883,3.294,755.402,1709.254,43.250,15,0,0,S (sleeping)
2026-08-01T05:47:10.697485+00:00,3888.523130043,525.464982,4695,61.886,3.094,755.402,1709.254,43.250,15,0,0,S (sleeping)
2026-08-01T05:47:11.198419+00:00,3889.024066219,525.965918,4695,71.865,3.593,755.402,1709.254,43.250,15,0,0,S (sleeping)
2026-08-01T05:47:11.699275+00:00,3889.524925145,526.466777,4695,63.890,3.195,755.402,1709.254,43.250,15,0,0,S (sleeping)
2026-08-01T05:47:12.200188+00:00,3890.025835801,526.967687,4695,65.880,3.294,755.402,1709.254,43.250,15,0,0,S (sleeping)
2026-08-01T05:47:12.701099+00:00,3890.526740202,527.468592,4695,65.881,3.294,755.402,1709.254,43.250,15,0,0,S (sleeping)
2026-08-01T05:47:13.202018+00:00,3891.027653204,527.969505,4695,71.869,3.593,755.402,1709.254,43.250,15,0,0,S (sleeping)
2026-08-01T05:47:13.702923+00:00,3891.528569865,528.470421,4695,63.883,3.194,755.402,1709.254,43.250,15,0,0,S (sleeping)
2026-08-01T05:47:14.203817+00:00,3892.029465038,528.971317,4695,65.882,3.294,755.402,1709.254,43.250,15,0,0,S (sleeping)
2026-08-01T05:47:14.704704+00:00,3892.530353710,529.472205,4695,65.883,3.294,755.402,1709.254,43.250,15,0,0,S (sleeping)
2026-08-01T05:47:15.205596+00:00,3893.031247239,529.973099,4695,65.882,3.294,755.402,1709.254,43.250,15,0,0,S (sleeping)
2026-08-01T05:47:15.706490+00:00,3893.532137410,530.473989,4695,65.883,3.294,755.402,1709.254,43.250,15,0,0,S (sleeping)
2026-08-01T05:47:16.207377+00:00,3894.033011051,530.974863,4695,67.881,3.394,755.402,1709.254,43.250,15,0,0,S (sleeping)
2026-08-01T05:47:16.708312+00:00,3894.533961921,531.475814,4695,61.882,3.094,755.402,1709.254,43.250,15,0,0,S (sleeping)
2026-08-01T05:47:17.209190+00:00,3895.034844603,531.976696,4695,61.891,3.095,755.402,1709.254,43.250,15,0,0,S (sleeping)
2026-08-01T05:47:17.710036+00:00,3895.535685689,532.477537,4695,75.872,3.794,755.402,1709.254,43.250,15,0,0,S (sleeping)
2026-08-01T05:47:18.210977+00:00,3896.036619798,532.978471,4695,61.884,3.094,755.402,1709.254,43.250,15,0,0,S (sleeping)
2026-08-01T05:47:18.711898+00:00,3896.537551489,533.479403,4695,63.881,3.194,755.402,1709.254,43.250,15,0,0,S (sleeping)
2026-08-01T05:47:19.212774+00:00,3897.038408819,533.980260,4695,63.890,3.195,755.402,1709.254,43.250,15,0,0,S (sleeping)
2026-08-01T05:47:19.713687+00:00,3897.539333703,534.481185,4695,63.882,3.194,755.402,1709.254,43.250,15,0,0,S (sleeping)
2026-08-01T05:47:20.214609+00:00,3898.040253843,534.982105,4695,63.882,3.194,755.402,1709.254,43.250,15,0,0,S (sleeping)
2026-08-01T05:47:20.715499+00:00,3898.541145482,535.482997,4695,65.883,3.294,755.402,1709.254,43.250,15,0,0,S (sleeping)
2026-08-01T05:47:21.216423+00:00,3899.042064177,535.983916,4695,67.875,3.394,719.062,1664.312,43.250,15,0,0,S (sleeping)
2026-08-01T05:47:21.717328+00:00,3899.542973010,536.484825,4695,65.880,3.294,719.062,1664.312,43.250,15,0,0,S (sleeping)
2026-08-01T05:47:22.218300+00:00,3900.043906852,536.985758,4695,67.873,3.394,719.062,1664.312,43.250,15,0,0,S (sleeping)
2026-08-01T05:47:22.719209+00:00,3900.544858390,537.486710,4695,63.878,3.194,719.062,1664.312,43.250,15,0,0,S (sleeping)
2026-08-01T05:47:23.220123+00:00,3901.045770542,537.987622,4695,65.880,3.294,719.062,1664.312,43.250,15,0,0,S (sleeping)
2026-08-01T05:47:23.721053+00:00,3901.546698673,538.488550,4695,69.870,3.494,719.219,1664.312,43.250,15,0,0,S (sleeping)
2026-08-01T05:47:24.221959+00:00,3902.047609311,538.989461,4695,63.884,3.194,719.219,1664.312,43.250,15,0,0,S (sleeping)
2026-08-01T05:47:24.721608+00:00,3902.548561805,539.490413,4695,65.875,3.294,719.219,1664.312,43.250,15,0,0,S (sleeping)
2026-08-01T05:47:25.225296+00:00,3903.052261920,539.994114,4695,63.530,3.176,719.219,1664.312,43.250,15,0,0,S (sleeping)
2026-08-01T05:47:25.725765+00:00,3903.552734478,540.494586,4695,65.938,3.297,720.625,1665.656,43.250,15,0,0,S (sleeping)
2026-08-01T05:47:26.226723+00:00,3904.053681947,540.995534,4695,71.864,3.593,720.625,1665.656,43.250,15,0,0,S (sleeping)
2026-08-01T05:47:26.727738+00:00,3904.554691618,541.496543,4695,69.859,3.493,720.625,1665.656,43.250,15,0,0,S (sleeping)
2026-08-01T05:47:27.228703+00:00,3905.055668892,541.997520,4695,67.867,3.393,720.625,1665.656,43.250,15,0,0,S (sleeping)
2026-08-01T05:47:27.729265+00:00,3905.556220908,542.498072,4695,83.907,4.195,720.625,1665.656,43.250,15,0,0,R (running)
2026-08-01T05:47:28.230179+00:00,3906.057152790,542.999004,4695,63.881,3.194,720.625,1665.656,43.250,15,0,0,S (sleeping)
2026-08-01T05:47:28.731060+00:00,3906.558021182,543.499873,4695,63.889,3.194,720.625,1665.656,43.250,15,0,0,S (sleeping)
2026-08-01T05:47:29.232115+00:00,3907.059078513,544.000930,4695,71.848,3.592,720.625,1665.656,43.250,15,0,0,S (sleeping)
2026-08-01T05:47:29.733075+00:00,3907.560033933,544.501886,4695,65.874,3.294,720.625,1665.656,43.250,15,0,0,S (sleeping)
2026-08-01T05:47:30.234001+00:00,3908.060965711,545.002817,4695,67.874,3.394,720.625,1665.656,43.250,15,0,0,R (running)
2026-08-01T05:47:30.734973+00:00,3908.561907579,545.503759,4695,73.861,3.693,720.625,1665.656,43.250,15,0,0,S (sleeping)
2026-08-01T05:47:31.235979+00:00,3909.062840289,546.004692,4695,71.866,3.593,721.875,1666.887,43.250,15,0,0,S (sleeping)
2026-08-01T05:47:31.737337+00:00,3909.564127190,546.505979,4695,79.795,3.990,723.438,1668.574,43.250,15,0,0,S (sleeping)
2026-08-01T05:47:32.238351+00:00,3910.065298974,547.007151,4695,77.818,3.891,723.438,1668.574,43.250,15,0,0,S (sleeping)
2026-08-01T05:47:32.739293+00:00,3910.566255633,547.508107,4695,63.878,3.194,723.438,1668.574,43.250,15,0,0,S (sleeping)
2026-08-01T05:47:33.240322+00:00,3911.067208465,548.009060,4695,71.863,3.593,723.438,1668.574,43.250,15,0,0,S (sleeping)
2026-08-01T05:47:33.741315+00:00,3911.568267057,548.510119,4695,63.865,3.193,723.438,1668.574,43.250,15,0,0,S (sleeping)
2026-08-01T05:47:34.242429+00:00,3912.069340966,549.011193,4695,69.850,3.492,723.438,1668.574,43.250,15,0,0,S (sleeping)
2026-08-01T05:47:34.743354+00:00,3912.570321312,549.512173,4695,63.875,3.194,723.438,1668.574,43.250,15,0,0,S (sleeping)
2026-08-01T05:47:35.244240+00:00,3913.071164316,550.013016,4695,67.886,3.394,723.438,1668.574,43.250,15,0,0,S (sleeping)
2026-08-01T05:47:35.745162+00:00,3913.572125026,550.513977,4695,65.873,3.294,723.438,1668.574,43.250,15,0,0,S (sleeping)
2026-08-01T05:47:36.246052+00:00,3914.073023295,551.014875,4695,71.871,3.594,723.438,1668.574,43.250,15,0,0,S (sleeping)
2026-08-01T05:47:36.747136+00:00,3914.574094055,551.515946,4695,63.863,3.193,723.438,1668.574,43.250,15,0,0,S (sleeping)
2026-08-01T05:47:37.248061+00:00,3915.075030113,552.016882,4695,63.880,3.194,723.438,1668.574,43.250,15,0,0,S (sleeping)
2026-08-01T05:47:37.748750+00:00,3915.575578075,552.517430,4695,67.926,3.396,723.438,1668.574,43.250,15,0,0,S (sleeping)
2026-08-01T05:47:38.249923+00:00,3916.076893702,553.018745,4695,69.816,3.491,723.438,1668.574,43.250,15,0,0,S (sleeping)
2026-08-01T05:47:38.750816+00:00,3916.577783588,553.519635,4695,63.886,3.194,723.438,1668.574,43.250,15,0,0,S (sleeping)
2026-08-01T05:47:39.251375+00:00,3917.078341575,554.020193,4695,65.926,3.296,723.438,1668.574,43.250,15,0,0,S (sleeping)
2026-08-01T05:47:39.752283+00:00,3917.579242441,554.521094,4695,65.881,3.294,723.438,1668.574,43.250,15,0,0,S (sleeping)
2026-08-01T05:47:40.253157+00:00,3918.080124844,555.021976,4695,87.845,4.392,723.438,1668.574,43.250,15,0,0,S (sleeping)
2026-08-01T05:47:40.754073+00:00,3918.581041737,555.522893,4695,61.887,3.094,723.438,1668.574,43.250,15,0,0,S (sleeping)
2026-08-01T05:47:41.254956+00:00,3919.081927240,556.023779,4695,61.890,3.095,723.438,1668.574,43.250,15,0,0,R (running)
2026-08-01T05:47:41.755849+00:00,3919.582809065,556.524661,4695,61.891,3.095,723.438,1668.574,43.250,15,0,0,S (sleeping)
2026-08-01T05:47:42.256790+00:00,3920.083733101,557.025585,4695,61.886,3.094,723.438,1668.574,43.250,15,0,0,R (running)
2026-08-01T05:47:42.757760+00:00,3920.584731059,557.526583,4695,63.873,3.194,723.438,1668.574,43.250,15,0,0,R (running)
2026-08-01T05:47:43.258591+00:00,3921.085557451,558.027409,4695,69.884,3.494,723.438,1668.574,43.250,15,0,0,R (running)
2026-08-01T05:47:43.759529+00:00,3921.586493888,558.528345,4695,59.888,2.994,723.438,1668.574,43.250,15,0,0,S (sleeping)
2026-08-01T05:47:44.260422+00:00,3922.087389010,559.029241,4695,65.882,3.294,723.438,1668.574,43.250,15,0,0,S (sleeping)
2026-08-01T05:47:44.761253+00:00,3922.588220775,559.530072,4695,65.890,3.295,723.438,1668.574,43.250,15,0,0,S (sleeping)
2026-08-01T05:47:45.262158+00:00,3923.089116315,560.030968,4695,65.882,3.294,723.438,1668.574,43.250,15,0,0,S (sleeping)
2026-08-01T05:47:45.763092+00:00,3923.590056799,560.531908,4695,67.872,3.394,723.438,1668.574,43.250,15,0,0,S (sleeping)
2026-08-01T05:47:46.263492+00:00,3924.090465186,561.032317,4695,75.938,3.797,723.438,1668.574,43.250,15,0,0,R (running)
2026-08-01T05:47:46.764303+00:00,3924.591265715,561.533117,4695,83.866,4.193,723.438,1668.574,43.250,15,0,0,S (sleeping)
2026-08-01T05:47:47.265199+00:00,3925.092162338,562.034014,4695,61.889,3.094,723.438,1668.574,43.250,15,0,0,S (sleeping)
2026-08-01T05:47:47.766125+00:00,3925.593092373,562.534944,4695,73.863,3.693,723.438,1668.574,43.250,15,0,0,S (sleeping)
2026-08-01T05:47:48.267055+00:00,3926.094006729,563.035858,4695,61.887,3.094,723.438,1668.574,43.250,15,0,0,S (sleeping)
2026-08-01T05:47:48.768036+00:00,3926.594993717,563.536845,4695,61.878,3.094,723.438,1668.574,43.250,15,0,0,S (sleeping)
2026-08-01T05:47:49.268959+00:00,3927.095904114,564.037756,4695,63.884,3.194,723.438,1668.574,43.250,15,0,0,S (sleeping)
2026-08-01T05:47:49.769831+00:00,3927.596794458,564.538646,4695,61.890,3.094,723.438,1668.574,43.250,15,0,0,S (sleeping)
2026-08-01T05:47:50.270762+00:00,3928.097727803,565.039579,4695,65.877,3.294,723.438,1668.574,43.250,15,0,0,D (disk sleep)
2026-08-01T05:47:50.771632+00:00,3928.598584031,565.540436,4695,59.897,2.995,723.438,1668.574,43.250,15,0,0,R (running)
2026-08-01T05:47:51.272629+00:00,3929.099495387,566.041347,4695,67.876,3.394,724.062,1669.285,43.250,15,0,0,R (running)
2026-08-01T05:47:51.773650+00:00,3929.600606242,566.542458,4695,61.863,3.093,724.062,1669.285,43.250,15,0,0,R (running)
2026-08-01T05:47:52.274578+00:00,3930.101507787,567.043359,4695,63.885,3.194,724.844,1669.953,43.250,15,0,0,R (running)
2026-08-01T05:47:52.775486+00:00,3930.602429570,567.544281,4695,67.875,3.394,726.094,1671.301,43.250,15,0,0,R (running)
2026-08-01T05:47:53.276360+00:00,3931.103329724,568.045181,4695,67.878,3.394,726.094,1671.301,43.250,15,0,0,R (running)
2026-08-01T05:47:53.777373+00:00,3931.604331053,568.546183,4695,65.868,3.293,726.094,1671.301,43.250,15,0,0,R (running)
2026-08-01T05:47:54.278600+00:00,3932.105558128,569.047410,4695,63.843,3.192,726.094,1671.301,43.250,15,0,0,R (running)
2026-08-01T05:47:54.778109+00:00,3932.606622531,569.548474,4695,65.860,3.293,726.094,1671.301,43.250,15,0,0,R (running)
2026-08-01T05:47:55.279128+00:00,3933.107674723,570.049526,4695,65.861,3.293,726.094,1671.301,43.250,15,0,0,R (running)
2026-08-01T05:47:55.780057+00:00,3933.608602117,570.550454,4695,65.878,3.294,726.094,1671.301,43.250,15,0,0,R (running)
2026-08-01T05:47:56.280959+00:00,3934.109486021,571.051338,4695,67.880,3.394,726.094,1671.301,43.250,15,0,0,S (sleeping)
2026-08-01T05:47:56.781996+00:00,3934.610537285,571.552389,4695,89.811,4.491,726.094,1671.301,43.250,15,0,0,R (running)
2026-08-01T05:47:57.282898+00:00,3935.111443527,572.053295,4695,57.895,2.895,726.094,1671.301,43.250,15,0,0,R (running)
2026-08-01T05:47:57.783540+00:00,3935.612088819,572.553940,4695,63.918,3.196,726.094,1671.301,43.250,15,0,0,R (running)
2026-08-01T05:47:58.284430+00:00,3936.112981152,573.054833,4695,71.872,3.594,760.625,1714.922,43.250,15,0,0,R (running)
2026-08-01T05:47:58.785330+00:00,3936.613879483,573.555731,4695,61.889,3.094,760.625,1714.922,43.250,15,0,0,R (running)
2026-08-01T05:47:59.286299+00:00,3937.114788011,574.056640,4695,61.888,3.094,760.625,1714.922,43.250,15,0,0,S (sleeping)
2026-08-01T05:47:59.787325+00:00,3937.615857765,574.557709,4695,63.863,3.193,760.625,1714.922,43.250,15,0,0,R (running)
2026-08-01T05:48:00.288262+00:00,3938.116810176,575.058662,4695,65.875,3.294,760.625,1714.922,43.250,15,0,0,S (sleeping)
2026-08-01T05:48:00.789168+00:00,3938.617674044,575.559526,4695,63.890,3.194,760.625,1714.922,43.250,15,0,0,S (sleeping)
2026-08-01T05:48:01.290036+00:00,3939.118574916,576.060426,4695,63.885,3.194,760.625,1714.922,43.250,15,0,0,S (sleeping)
2026-08-01T05:48:01.790584+00:00,3939.619124465,576.560976,4695,67.925,3.396,760.625,1714.922,43.250,15,0,0,S (sleeping)
2026-08-01T05:48:02.291497+00:00,3940.120042830,577.061894,4695,65.879,3.294,760.625,1714.922,43.250,15,0,0,S (sleeping)
2026-08-01T05:48:02.792379+00:00,3940.620927259,577.562779,4695,61.891,3.095,760.625,1714.922,43.250,15,0,0,S (sleeping)
2026-08-01T05:48:03.293238+00:00,3941.121786749,578.063638,4695,71.876,3.594,760.625,1714.922,43.250,15,0,0,S (sleeping)
2026-08-01T05:48:03.794132+00:00,3941.622682808,578.564534,4695,59.893,2.995,760.625,1714.922,43.250,15,0,0,S (sleeping)
2026-08-01T05:48:04.295048+00:00,3942.123592029,579.065444,4695,61.887,3.094,760.625,1714.922,43.250,15,0,0,S (sleeping)
2026-08-01T05:48:04.796011+00:00,3942.624554247,579.566406,4695,65.873,3.294,760.625,1714.922,43.250,15,0,0,S (sleeping)
2026-08-01T05:48:05.296936+00:00,3943.125475118,580.067327,4695,65.879,3.294,760.625,1714.922,43.250,15,0,0,S (sleeping)
2026-08-01T05:48:05.797857+00:00,3943.626401571,580.568253,4695,63.882,3.194,760.625,1714.922,43.250,15,0,0,S (sleeping)
2026-08-01T05:48:06.298770+00:00,3944.127307501,581.069159,4695,55.899,2.795,760.625,1714.922,43.250,15,0,0,R (running)
2026-08-01T05:48:06.799656+00:00,3944.628205116,581.570057,4695,75.864,3.793,760.625,1714.922,43.250,15,0,0,S (sleeping)
2026-08-01T05:48:07.300559+00:00,3945.129109312,582.070961,4695,65.881,3.294,760.625,1714.922,43.250,15,0,0,S (sleeping)
2026-08-01T05:48:07.801473+00:00,3945.630006069,582.571858,4695,65.882,3.294,760.625,1714.922,43.250,15,0,0,S (sleeping)
2026-08-01T05:48:08.302394+00:00,3946.130942752,583.072794,4695,57.892,2.895,760.625,1714.922,43.250,15,0,0,S (sleeping)
2026-08-01T05:48:08.803310+00:00,3946.631856834,583.573708,4695,63.883,3.194,760.625,1714.922,43.250,15,0,0,S (sleeping)
2026-08-01T05:48:09.304215+00:00,3947.132757940,584.074610,4695,69.874,3.494,760.625,1714.922,43.250,15,0,0,S (sleeping)
2026-08-01T05:48:09.805289+00:00,3947.633749723,584.575601,4695,65.869,3.293,760.625,1714.922,43.250,15,0,0,S (sleeping)
2026-08-01T05:48:10.306198+00:00,3948.134747364,585.076599,4695,67.865,3.393,760.625,1714.922,43.250,15,0,0,S (sleeping)
2026-08-01T05:48:10.807204+00:00,3948.635747131,585.577599,4695,69.860,3.493,760.625,1714.922,43.250,15,0,0,S (sleeping)
2026-08-01T05:48:11.308108+00:00,3949.136653001,586.078505,4695,71.870,3.593,760.625,1714.922,43.250,15,0,0,S (sleeping)
2026-08-01T05:48:11.809026+00:00,3949.637571074,586.579423,4695,77.857,3.893,760.625,1714.922,43.250,15,0,0,S (sleeping)
2026-08-01T05:48:12.309942+00:00,3950.138490311,587.080342,4695,57.894,2.895,760.625,1714.922,43.250,15,0,0,S (sleeping)
2026-08-01T05:48:12.810866+00:00,3950.639408757,587.581260,4695,63.883,3.194,760.625,1714.922,43.250,15,0,0,S (sleeping)
2026-08-01T05:48:13.311796+00:00,3951.140343672,588.082195,4695,63.881,3.194,760.625,1714.922,43.250,15,0,0,S (sleeping)
2026-08-01T05:48:13.812741+00:00,3951.641283371,588.583135,4695,65.876,3.294,760.625,1714.922,43.250,15,0,0,S (sleeping)
2026-08-01T05:48:14.313689+00:00,3952.142210560,589.084062,4695,67.874,3.394,760.625,1714.922,43.250,15,0,0,S (sleeping)
2026-08-01T05:48:14.814705+00:00,3952.643230145,589.585082,4695,67.862,3.393,760.625,1714.922,43.250,15,0,0,S (sleeping)
2026-08-01T05:48:15.315593+00:00,3953.144139086,590.085991,4695,69.873,3.494,760.625,1714.922,43.250,15,0,0,S (sleeping)
2026-08-01T05:48:15.816505+00:00,3953.645049511,590.586901,4695,61.887,3.094,760.625,1714.922,43.250,15,0,0,S (sleeping)
2026-08-01T05:48:16.317436+00:00,3954.145983616,591.087835,4695,65.877,3.294,760.625,1714.922,43.250,15,0,0,S (sleeping)
2026-08-01T05:48:16.818286+00:00,3954.646819306,591.588671,4695,67.887,3.394,760.625,1714.922,43.250,15,0,0,S (sleeping)
2026-08-01T05:48:17.319183+00:00,3955.147734602,592.089586,4695,63.883,3.194,760.625,1714.922,43.250,15,0,0,S (sleeping)
2026-08-01T05:48:17.820102+00:00,3955.648647809,592.590499,4695,59.891,2.995,760.625,1714.922,43.250,15,0,0,S (sleeping)
2026-08-01T05:48:18.320996+00:00,3956.149544779,593.091396,4695,61.889,3.094,760.625,1714.922,43.250,15,0,0,S (sleeping)
2026-08-01T05:48:18.821964+00:00,3956.650485701,593.592337,4695,67.872,3.394,760.625,1714.922,43.250,15,0,0,S (sleeping)
2026-08-01T05:48:19.322953+00:00,3957.151466608,594.093318,4695,73.855,3.693,760.625,1714.922,43.250,15,0,0,S (sleeping)
2026-08-01T05:48:19.823866+00:00,3957.652404895,594.594256,4695,63.880,3.194,760.625,1714.922,43.250,15,0,0,S (sleeping)
2026-08-01T05:48:20.324765+00:00,3958.153306446,595.095158,4695,61.888,3.094,760.625,1714.922,43.250,15,0,0,S (sleeping)
2026-08-01T05:48:20.825157+00:00,3958.653700515,595.595552,4695,63.950,3.197,760.625,1714.922,43.250,15,0,0,S (sleeping)
2026-08-01T05:48:21.326051+00:00,3959.154581753,596.096433,4695,59.894,2.995,760.625,1714.922,43.250,15,0,0,S (sleeping)
2026-08-01T05:48:21.826938+00:00,3959.655477665,596.597329,4695,65.882,3.294,760.625,1714.922,43.250,15,0,0,S (sleeping)
2026-08-01T05:48:22.327810+00:00,3960.156344736,597.098196,4695,61.893,3.095,760.625,1714.922,43.250,15,0,0,S (sleeping)
2026-08-01T05:48:22.828760+00:00,3960.657308745,597.599160,4695,63.877,3.194,760.625,1714.922,43.250,15,0,0,S (sleeping)
2026-08-01T05:48:23.329613+00:00,3961.158168636,598.100020,4695,61.894,3.095,760.625,1714.922,43.250,15,0,0,S (sleeping)
2026-08-01T05:48:23.830049+00:00,3961.658599303,598.600451,4695,65.943,3.297,760.625,1714.922,43.250,15,0,0,S (sleeping)
2026-08-01T05:48:24.330909+00:00,3962.159441996,599.101294,4695,67.886,3.394,760.625,1714.922,43.250,15,0,0,S (sleeping)
2026-08-01T05:48:24.830365+00:00,3962.660330835,599.602182,4695,59.894,2.995,760.625,1714.922,43.250,15,0,0,S (sleeping)
2026-08-01T05:48:25.331216+00:00,3963.161323215,600.103175,4695,59.881,2.994,760.625,1714.922,43.250,15,0,0,S (sleeping)
2026-08-01T05:48:25.832118+00:00,3963.662222986,600.604075,4695,59.892,2.995,760.625,1714.922,43.250,15,0,0,S (sleeping)
2026-08-01T05:48:26.333033+00:00,3964.163145739,601.104997,4695,61.886,3.094,760.625,1714.922,43.250,15,0,0,S (sleeping)
2026-08-01T05:48:26.833971+00:00,3964.664061631,601.605913,4695,61.887,3.094,760.625,1714.922,43.250,15,0,0,S (sleeping)
2026-08-01T05:48:27.334858+00:00,3965.164966439,602.106818,4695,63.884,3.194,760.625,1714.922,43.250,15,0,0,S (sleeping)
2026-08-01T05:48:27.835740+00:00,3965.665847124,602.607699,4695,61.891,3.095,760.625,1714.922,43.250,15,0,0,S (sleeping)
2026-08-01T05:48:28.336577+00:00,3966.166687344,603.108539,4695,63.893,3.195,760.625,1714.922,43.250,15,0,0,S (sleeping)
2026-08-01T05:48:28.837123+00:00,3966.667234029,603.609086,4695,59.934,2.997,760.625,1714.922,43.250,15,0,0,S (sleeping)
2026-08-01T05:48:29.337714+00:00,3967.167827049,604.109679,4695,61.927,3.096,760.625,1714.922,43.250,15,0,0,S (sleeping)
2026-08-01T05:48:29.838220+00:00,3967.668332172,604.610184,4695,63.935,3.197,760.625,1714.922,43.250,15,0,0,S (sleeping)
2026-08-01T05:48:30.339103+00:00,3968.169201081,605.111053,4695,59.896,2.995,760.625,1714.922,43.250,15,0,0,S (sleeping)
2026-08-01T05:48:30.839568+00:00,3968.669666364,605.611518,4695,79.926,3.996,760.625,1714.922,43.250,15,0,0,S (sleeping)
2026-08-01T05:48:31.340130+00:00,3969.170223104,606.112075,4695,59.933,2.997,760.625,1714.922,43.250,15,0,0,S (sleeping)
2026-08-01T05:48:31.840995+00:00,3969.671029484,606.612881,4695,63.897,3.195,760.625,1714.922,43.250,15,0,0,S (sleeping)
2026-08-01T05:48:32.341599+00:00,3970.171706757,607.113558,4695,59.919,2.996,760.625,1714.922,43.250,15,0,0,S (sleeping)
2026-08-01T05:48:32.842532+00:00,3970.672646436,607.614498,4695,63.880,3.194,760.625,1714.922,43.250,15,0,0,S (sleeping)
2026-08-01T05:48:33.343406+00:00,3971.173522152,608.115374,4695,59.895,2.995,760.625,1714.922,43.250,15,0,0,S (sleeping)
2026-08-01T05:48:33.844405+00:00,3971.674470717,608.616322,4695,65.875,3.294,760.625,1714.922,43.250,15,0,0,S (sleeping)
2026-08-01T05:48:34.345314+00:00,3972.175430440,609.117282,4695,61.881,3.094,760.625,1714.922,43.250,15,0,0,S (sleeping)
2026-08-01T05:48:34.845981+00:00,3972.676086770,609.617938,4695,61.919,3.096,760.625,1714.922,43.250,15,0,0,S (sleeping)
2026-08-01T05:48:35.346932+00:00,3973.177041233,610.118893,4695,65.874,3.294,760.625,1714.922,43.250,15,0,0,S (sleeping)
2026-08-01T05:48:35.847849+00:00,3973.677958792,610.619810,4695,65.879,3.294,760.625,1714.922,43.250,15,0,0,S (sleeping)
2026-08-01T05:48:36.348779+00:00,3974.178870387,611.120722,4695,65.880,3.294,760.625,1714.922,43.250,15,0,0,S (sleeping)
2026-08-01T05:48:36.849357+00:00,3974.679453232,611.621305,4695,59.930,2.997,760.625,1714.922,43.250,15,0,0,R (running)
2026-08-01T05:48:37.350211+00:00,3975.180325130,612.122177,4695,77.864,3.893,760.625,1714.922,43.250,15,0,0,S (sleeping)
2026-08-01T05:48:37.851082+00:00,3975.681187900,612.623039,4695,61.893,3.095,760.625,1714.922,43.250,15,0,0,S (sleeping)
2026-08-01T05:48:38.351997+00:00,3976.182110812,613.123962,4695,65.878,3.294,760.625,1714.922,43.250,15,0,0,S (sleeping)
2026-08-01T05:48:38.852930+00:00,3976.683029265,613.624881,4695,61.886,3.094,760.625,1714.922,43.250,15,0,0,S (sleeping)
2026-08-01T05:48:39.353870+00:00,3977.183955814,614.125807,4695,69.871,3.494,760.625,1714.922,43.250,15,0,0,S (sleeping)
2026-08-01T05:48:39.854769+00:00,3977.684878489,614.626730,4695,65.878,3.294,760.625,1714.922,43.250,15,0,0,R (running)
2026-08-01T05:48:40.355696+00:00,3978.185806146,615.127658,4695,69.870,3.494,760.625,1714.922,43.250,15,0,0,S (sleeping)
2026-08-01T05:48:40.856603+00:00,3978.686712534,615.628564,4695,69.873,3.494,760.625,1714.922,43.250,15,0,0,S (sleeping)
2026-08-01T05:48:41.357537+00:00,3979.187645551,616.129497,4695,73.862,3.693,760.625,1714.922,43.250,15,0,0,S (sleeping)
2026-08-01T05:48:41.858440+00:00,3979.688549969,616.630402,4695,63.884,3.194,760.625,1714.922,43.250,15,0,0,S (sleeping)
2026-08-01T05:48:42.359319+00:00,3980.189428378,617.131280,4695,67.881,3.394,760.625,1714.922,43.250,15,0,0,S (sleeping)
2026-08-01T05:48:42.860220+00:00,3980.690328226,617.632180,4695,69.874,3.494,760.625,1714.922,43.250,15,0,0,S (sleeping)
2026-08-01T05:48:43.361094+00:00,3981.191200469,618.133052,4695,65.885,3.294,760.625,1714.922,43.250,15,0,0,S (sleeping)
2026-08-01T05:48:43.861979+00:00,3981.692089000,618.633941,4695,65.883,3.294,760.625,1714.922,43.250,15,0,0,S (sleeping)
2026-08-01T05:48:44.362485+00:00,3982.192593780,619.134445,4695,67.931,3.397,760.625,1714.922,43.250,15,0,0,S (sleeping)
2026-08-01T05:48:44.863422+00:00,3982.693519979,619.635372,4695,63.882,3.194,760.625,1714.922,43.250,15,0,0,S (sleeping)
2026-08-01T05:48:45.364322+00:00,3983.194406548,620.136258,4695,63.887,3.194,760.625,1714.922,43.250,15,0,0,S (sleeping)
2026-08-01T05:48:45.865271+00:00,3983.695329818,620.637181,4695,65.878,3.294,760.625,1714.922,43.250,15,0,0,S (sleeping)
2026-08-01T05:48:46.365807+00:00,3984.195909198,621.137761,4695,93.891,4.695,760.625,1714.922,43.250,15,0,0,S (sleeping)
2026-08-01T05:48:46.866726+00:00,3984.696822465,621.638674,4695,65.880,3.294,760.625,1714.922,43.250,15,0,0,S (sleeping)
2026-08-01T05:48:47.367679+00:00,3985.197782267,622.139634,4695,71.862,3.593,760.625,1714.922,43.250,15,0,0,S (sleeping)
2026-08-01T05:48:47.868569+00:00,3985.698686356,622.640538,4695,65.881,3.294,760.625,1714.922,43.250,15,0,0,S (sleeping)
2026-08-01T05:48:48.369426+00:00,3986.199536645,623.141388,4695,65.888,3.294,760.625,1714.922,43.250,15,0,0,S (sleeping)
2026-08-01T05:48:48.870128+00:00,3986.700157663,623.642009,4695,71.911,3.596,760.625,1714.922,43.250,15,0,0,R (running)
2026-08-01T05:48:49.371104+00:00,3987.201201864,624.143053,4695,67.858,3.393,760.625,1714.922,43.250,15,0,0,R (running)
2026-08-01T05:48:49.872074+00:00,3987.702185858,624.644037,4695,81.839,4.092,760.625,1714.922,43.250,15,0,0,R (running)
2026-08-01T05:48:50.372518+00:00,3988.202620316,625.144472,4695,63.944,3.197,760.625,1714.922,43.250,15,0,0,R (running)
2026-08-01T05:48:50.873517+00:00,3988.703621731,625.645473,4695,61.876,3.094,760.625,1714.922,43.250,15,0,0,R (running)
2026-08-01T05:48:51.374149+00:00,3989.204165866,626.146017,4695,67.926,3.396,760.625,1714.922,43.250,15,0,0,R (running)
2026-08-01T05:48:51.874676+00:00,3989.704787730,626.646639,4695,65.918,3.296,760.625,1714.922,43.250,15,0,0,R (running)
2026-08-01T05:48:52.375596+00:00,3990.205699431,627.147551,4695,65.880,3.294,760.625,1714.922,43.250,15,0,0,R (running)
2026-08-01T05:48:52.876576+00:00,3990.706640643,627.648492,4695,75.857,3.793,760.625,1714.922,43.250,15,0,0,R (running)
2026-08-01T05:48:53.377508+00:00,3991.207572864,628.149424,4695,65.877,3.294,760.625,1714.922,43.250,15,0,0,R (running)
2026-08-01T05:48:53.878425+00:00,3991.708534831,628.650386,4695,65.873,3.294,760.625,1714.922,43.250,15,0,0,R (running)
2026-08-01T05:48:54.379335+00:00,3992.209441387,629.151293,4695,67.877,3.394,760.625,1714.922,43.250,15,0,0,R (running)
2026-08-01T05:48:54.878920+00:00,3992.710362687,629.652214,4695,63.882,3.194,760.625,1714.922,43.250,15,0,0,R (running)
2026-08-01T05:48:55.379637+00:00,3993.210989738,630.152841,4695,67.915,3.396,760.625,1714.922,43.250,15,0,0,R (running)
2026-08-01T05:48:55.880862+00:00,3993.712160299,630.654012,4695,73.827,3.691,760.625,1714.922,43.250,15,0,0,R (running)
2026-08-01T05:48:56.381870+00:00,3994.213304320,631.155156,4695,65.849,3.292,760.625,1714.922,43.250,15,0,0,R (running)
2026-08-01T05:48:56.882779+00:00,3994.714223742,631.656075,4695,67.875,3.394,760.625,1714.922,43.250,15,0,0,R (running)
2026-08-01T05:48:57.383673+00:00,3995.215118935,632.156971,4695,67.878,3.394,760.625,1714.922,43.250,15,0,0,R (running)
2026-08-01T05:48:57.884603+00:00,3995.716022341,632.657874,4695,69.874,3.494,760.625,1714.922,43.250,15,0,0,R (running)
2026-08-01T05:48:58.385679+00:00,3996.217041176,633.158893,4695,67.862,3.393,760.625,1714.922,43.250,15,0,0,R (running)
2026-08-01T05:48:58.886775+00:00,3996.718209941,633.660062,4695,65.846,3.292,760.625,1714.922,43.250,15,0,0,S (sleeping)
2026-08-01T05:48:59.387735+00:00,3997.219188395,634.161040,4695,65.871,3.294,760.625,1714.922,43.250,15,0,0,S (sleeping)
2026-08-01T05:48:59.888602+00:00,3997.720047813,634.661899,4695,69.880,3.494,760.625,1714.922,43.250,15,0,0,S (sleeping)
2026-08-01T05:49:00.389235+00:00,3998.220607239,635.162459,4695,71.920,3.596,760.625,1714.922,43.250,15,0,0,S (sleeping)
2026-08-01T05:49:00.889697+00:00,3998.721143821,635.662995,4695,63.931,3.197,760.625,1714.922,43.250,15,0,0,S (sleeping)
2026-08-01T05:49:01.390601+00:00,3999.222033681,636.163885,4695,61.890,3.094,760.625,1714.922,43.250,15,0,0,S (sleeping)
2026-08-01T05:49:01.891377+00:00,3999.722747028,636.664599,4695,63.909,3.195,760.625,1714.922,43.250,15,0,0,S (sleeping)
2026-08-01T05:49:02.392315+00:00,4000.223763084,637.165615,4695,63.870,3.194,760.625,1714.922,43.250,15,0,0,S (sleeping)
2026-08-01T05:49:02.893220+00:00,4000.724673204,637.666525,4695,61.887,3.094,760.625,1714.922,43.250,15,0,0,S (sleeping)
2026-08-01T05:49:03.394098+00:00,4001.225547297,638.167399,4695,73.871,3.694,760.625,1714.922,43.250,15,0,0,S (sleeping)
2026-08-01T05:49:03.894984+00:00,4001.726434609,638.668286,4695,61.890,3.095,760.625,1714.922,43.250,15,0,0,S (sleeping)
2026-08-01T05:49:04.395884+00:00,4002.227315904,639.169167,4695,61.891,3.095,760.625,1714.922,43.250,15,0,0,S (sleeping)
2026-08-01T05:49:04.896642+00:00,4002.728093313,639.669945,4695,61.904,3.095,760.625,1714.922,43.250,15,0,0,S (sleeping)
2026-08-01T05:49:05.397500+00:00,4003.228948697,640.170800,4695,63.891,3.195,760.625,1714.922,43.250,15,0,0,S (sleeping)
2026-08-01T05:49:05.897885+00:00,4003.729328696,640.671180,4695,63.951,3.198,760.625,1714.922,43.250,15,0,0,S (sleeping)
2026-08-01T05:49:06.398792+00:00,4004.230229311,641.172081,4695,63.885,3.194,760.625,1714.922,43.250,15,0,0,S (sleeping)
2026-08-01T05:49:06.899624+00:00,4004.731074751,641.672926,4695,65.889,3.294,760.625,1714.922,43.250,15,0,0,S (sleeping)
2026-08-01T05:49:07.400586+00:00,4005.232020271,642.173872,4695,63.879,3.194,760.625,1714.922,43.250,15,0,0,S (sleeping)
2026-08-01T05:49:07.901065+00:00,4005.732512786,642.674364,4695,67.933,3.397,760.625,1714.922,43.250,15,0,0,S (sleeping)
2026-08-01T05:49:08.402010+00:00,4006.233445537,643.175297,4695,65.877,3.294,760.625,1714.922,43.250,15,0,0,S (sleeping)
2026-08-01T05:49:08.902525+00:00,4006.733975727,643.675827,4695,61.934,3.097,760.625,1714.922,43.250,15,0,0,S (sleeping)
2026-08-01T05:49:09.403422+00:00,4007.234868027,644.176720,4695,63.886,3.194,760.625,1714.922,43.250,15,0,0,S (sleeping)
2026-08-01T05:49:09.904314+00:00,4007.735757779,644.677609,4695,69.876,3.494,760.625,1714.922,43.250,15,0,0,S (sleeping)
2026-08-01T05:49:10.405232+00:00,4008.236678818,645.178530,4695,63.882,3.194,760.625,1714.922,43.250,15,0,0,S (sleeping)
2026-08-01T05:49:10.906175+00:00,4008.737605039,645.679457,4695,65.878,3.294,760.625,1714.922,43.250,15,0,0,S (sleeping)
2026-08-01T05:49:11.407093+00:00,4009.238536472,646.180388,4695,65.877,3.294,760.625,1714.922,43.250,15,0,0,S (sleeping)
2026-08-01T05:49:11.907983+00:00,4009.739429429,646.681281,4695,67.879,3.394,760.625,1714.922,43.250,15,0,0,S (sleeping)
2026-08-01T05:49:12.408950+00:00,4010.240375530,647.182227,4695,69.868,3.493,760.625,1714.922,43.250,15,0,0,S (sleeping)
2026-08-01T05:49:12.909456+00:00,4010.740901892,647.682753,4695,65.931,3.297,760.625,1714.922,43.250,15,0,0,S (sleeping)
2026-08-01T05:49:13.410356+00:00,4011.241810405,648.183662,4695,79.855,3.993,760.625,1714.922,43.250,15,0,0,S (sleeping)
2026-08-01T05:49:13.911259+00:00,4011.742689164,648.684541,4695,61.891,3.095,760.625,1714.922,43.250,15,0,0,S (sleeping)
2026-08-01T05:49:14.411768+00:00,4012.243204303,649.185056,4695,59.938,2.997,760.625,1714.922,43.250,15,0,0,S (sleeping)
2026-08-01T05:49:14.912653+00:00,4012.744096456,649.685948,4695,65.882,3.294,760.625,1714.922,43.250,15,0,0,S (sleeping)
2026-08-01T05:49:15.413530+00:00,4013.244973807,650.186825,4695,63.888,3.194,760.625,1714.922,43.250,15,0,0,S (sleeping)
2026-08-01T05:49:15.914435+00:00,4013.745881212,650.687733,4695,67.877,3.394,760.625,1714.922,43.250,15,0,0,S (sleeping)
2026-08-01T05:49:16.415361+00:00,4014.246812323,651.188664,4695,67.874,3.394,760.625,1714.922,43.250,15,0,0,S (sleeping)
2026-08-01T05:49:16.916255+00:00,4014.747688183,651.689540,4695,65.885,3.294,760.625,1714.922,43.250,15,0,0,S (sleeping)
2026-08-01T05:49:17.417237+00:00,4015.248686524,652.190538,4695,65.868,3.293,760.625,1714.922,43.250,15,0,0,S (sleeping)
2026-08-01T05:49:17.918165+00:00,4015.749589103,652.691441,4695,65.881,3.294,760.625,1714.922,43.250,15,0,0,S (sleeping)
2026-08-01T05:49:18.419011+00:00,4016.250457613,653.192309,4695,67.882,3.394,760.625,1714.922,43.250,15,0,0,S (sleeping)
2026-08-01T05:49:18.919934+00:00,4016.751382632,653.693234,4695,63.882,3.194,760.625,1714.922,43.250,15,0,0,S (sleeping)
2026-08-01T05:49:19.420832+00:00,4017.252284347,654.194136,4695,75.863,3.793,760.625,1714.922,43.250,15,0,0,S (sleeping)
2026-08-01T05:49:19.921699+00:00,4017.753126490,654.694978,4695,61.896,3.095,760.625,1714.922,43.250,15,0,0,S (sleeping)
2026-08-01T05:49:20.422659+00:00,4018.254103342,655.195955,4695,63.875,3.194,760.625,1714.922,43.250,15,0,0,S (sleeping)
2026-08-01T05:49:20.923580+00:00,4018.755027241,655.696879,4695,65.878,3.294,760.625,1714.922,43.250,15,0,0,S (sleeping)
2026-08-01T05:49:21.424493+00:00,4019.255917297,656.197769,4695,63.886,3.194,760.625,1714.922,43.250,15,0,0,S (sleeping)
2026-08-01T05:49:21.925388+00:00,4019.756831730,656.698683,4695,67.876,3.394,760.625,1714.922,43.250,15,0,0,S (sleeping)
2026-08-01T05:49:22.426257+00:00,4020.257707888,657.199559,4695,69.878,3.494,760.625,1714.922,43.250,15,0,0,S (sleeping)
2026-08-01T05:49:22.927196+00:00,4020.758643384,657.700495,4695,65.877,3.294,760.625,1714.922,43.250,15,0,0,S (sleeping)
2026-08-01T05:49:23.428100+00:00,4021.259544473,658.201396,4695,69.874,3.494,760.625,1714.922,43.250,15,0,0,S (sleeping)
2026-08-01T05:49:23.928974+00:00,4021.760422818,658.702274,4695,65.884,3.294,760.625,1714.922,43.250,15,0,0,S (sleeping)
2026-08-01T05:49:24.429897+00:00,4022.261337141,659.203189,4695,71.869,3.593,760.625,1714.922,43.250,15,0,0,S (sleeping)
2026-08-01T05:49:24.929175+00:00,4022.762234615,659.704086,4695,67.878,3.394,760.625,1714.922,43.250,15,0,0,S (sleeping)
2026-08-01T05:49:25.430009+00:00,4023.263053749,660.204905,4695,89.853,4.493,760.625,1714.922,43.250,15,0,0,S (sleeping)
2026-08-01T05:49:25.930970+00:00,4023.763983323,660.705835,4695,59.889,2.994,760.625,1714.922,43.250,15,0,0,S (sleeping)
2026-08-01T05:49:26.431878+00:00,4024.264924989,661.206777,4695,61.883,3.094,760.625,1714.922,43.250,15,0,0,S (sleeping)
2026-08-01T05:49:26.932805+00:00,4024.765850550,661.707702,4695,65.878,3.294,760.625,1714.922,43.250,15,0,0,S (sleeping)
2026-08-01T05:49:27.433668+00:00,4025.266722145,662.208574,4695,65.885,3.294,760.625,1714.922,43.250,15,0,0,S (sleeping)
2026-08-01T05:49:27.934559+00:00,4025.767609445,662.709461,4695,75.865,3.793,760.625,1714.922,43.250,15,0,0,S (sleeping)
2026-08-01T05:49:28.435737+00:00,4026.268633612,663.210485,4695,91.812,4.591,760.625,1714.922,43.250,15,0,0,S (sleeping)
2026-08-01T05:49:28.936795+00:00,4026.769849707,663.711701,4695,69.830,3.492,760.625,1714.922,43.250,15,0,0,S (sleeping)
2026-08-01T05:49:29.437850+00:00,4027.270760461,664.212612,4695,69.873,3.494,760.625,1714.922,43.250,15,0,0,S (sleeping)
2026-08-01T05:49:29.938816+00:00,4027.771870637,664.713722,4695,67.849,3.392,760.625,1714.922,43.250,15,0,0,S (sleeping)
2026-08-01T05:49:30.439498+00:00,4028.272553662,665.214405,4695,69.905,3.495,760.625,1714.922,43.250,15,0,0,S (sleeping)
2026-08-01T05:49:30.940445+00:00,4028.773487622,665.715339,4695,69.869,3.493,760.625,1714.922,43.250,15,0,0,S (sleeping)
2026-08-01T05:49:31.441380+00:00,4029.274441011,666.216293,4695,67.871,3.394,760.625,1714.922,43.250,15,0,0,S (sleeping)
2026-08-01T05:49:31.942280+00:00,4029.775332729,666.717184,4695,67.879,3.394,760.625,1714.922,43.250,15,0,0,S (sleeping)
2026-08-01T05:49:32.443188+00:00,4030.276241301,667.218093,4695,67.877,3.394,760.625,1714.922,43.250,15,0,0,S (sleeping)
2026-08-01T05:49:32.944104+00:00,4030.777158190,667.719010,4695,69.872,3.494,760.625,1714.922,43.250,15,0,0,S (sleeping)
2026-08-01T05:49:33.445007+00:00,4031.278054378,668.219906,4695,67.878,3.394,760.625,1714.922,43.250,15,0,0,S (sleeping)
2026-08-01T05:49:33.946240+00:00,4031.779170274,668.721022,4695,85.808,4.290,760.625,1714.922,43.250,15,0,0,S (sleeping)
2026-08-01T05:49:34.447188+00:00,4032.280237607,669.222089,4695,65.859,3.293,760.625,1714.922,43.250,15,0,0,S (sleeping)
2026-08-01T05:49:34.948108+00:00,4032.781146115,669.722998,4695,65.880,3.294,760.625,1714.922,43.250,15,0,0,S (sleeping)
2026-08-01T05:49:35.449025+00:00,4033.282066370,670.223918,4695,69.871,3.494,760.625,1714.922,43.250,15,0,0,S (sleeping)
2026-08-01T05:49:35.949933+00:00,4033.782983676,670.724835,4695,69.872,3.494,760.625,1714.922,43.250,15,0,0,S (sleeping)
2026-08-01T05:49:36.451051+00:00,4034.284093035,671.225945,4695,67.849,3.392,760.625,1714.922,43.250,15,0,0,R (running)
2026-08-01T05:49:36.951975+00:00,4034.785024164,671.726876,4695,69.870,3.493,760.625,1714.922,43.250,15,0,0,R (running)
2026-08-01T05:49:37.452921+00:00,4035.285960863,672.227812,4695,67.873,3.394,760.625,1714.922,43.250,15,0,0,S (sleeping)
2026-08-01T05:49:37.953842+00:00,4035.786884452,672.728736,4695,73.864,3.693,760.625,1714.922,43.250,15,0,0,S (sleeping)
2026-08-01T05:49:38.454722+00:00,4036.287773501,673.229625,4695,71.872,3.594,760.625,1714.922,43.250,15,0,0,S (sleeping)
2026-08-01T05:49:38.955804+00:00,4036.788750589,673.730602,4695,67.867,3.393,760.625,1714.922,43.250,15,0,0,S (sleeping)
2026-08-01T05:49:39.456874+00:00,4037.289923552,674.231775,4695,67.841,3.392,760.625,1714.922,43.250,15,0,0,S (sleeping)
2026-08-01T05:49:39.957928+00:00,4037.790916081,674.732768,4695,77.845,3.892,760.625,1714.922,43.250,15,0,0,S (sleeping)
2026-08-01T05:49:40.459021+00:00,4038.291977971,675.233830,4695,87.814,4.391,760.625,1714.922,43.250,15,0,0,S (sleeping)
2026-08-01T05:49:40.959971+00:00,4038.793000439,675.734852,4695,67.861,3.393,760.625,1714.922,43.250,15,0,0,S (sleeping)
2026-08-01T05:49:41.460882+00:00,4039.293929957,676.235782,4695,65.878,3.294,760.625,1714.922,43.250,15,0,0,S (sleeping)
2026-08-01T05:49:41.961796+00:00,4039.794847104,676.736699,4695,87.839,4.392,760.625,1714.922,43.250,15,0,0,S (sleeping)
2026-08-01T05:49:42.462726+00:00,4040.295781163,677.237633,4695,61.884,3.094,760.625,1714.922,43.250,15,0,0,S (sleeping)
2026-08-01T05:49:42.963625+00:00,4040.796682225,677.738534,4695,61.888,3.094,760.625,1714.922,43.250,15,0,0,S (sleeping)
2026-08-01T05:49:43.464514+00:00,4041.297569304,678.239421,4695,61.890,3.095,760.625,1714.922,43.250,15,0,0,S (sleeping)
2026-08-01T05:49:43.965372+00:00,4041.798425960,678.740278,4695,67.884,3.394,760.625,1714.922,43.250,15,0,0,S (sleeping)
2026-08-01T05:49:44.466303+00:00,4042.299352568,679.241204,4695,69.871,3.494,760.625,1714.922,43.250,15,0,0,S (sleeping)
2026-08-01T05:49:44.967146+00:00,4042.800199756,679.742051,4695,65.888,3.294,760.625,1714.922,43.250,15,0,0,S (sleeping)
2026-08-01T05:49:45.468011+00:00,4043.301064790,680.242916,4695,65.886,3.294,760.625,1714.922,43.250,15,0,0,S (sleeping)
2026-08-01T05:49:45.968891+00:00,4043.801935793,680.743787,4695,63.889,3.194,760.625,1714.922,43.250,15,0,0,S (sleeping)
2026-08-01T05:49:46.469733+00:00,4044.302784437,681.244636,4695,91.844,4.592,760.625,1714.922,43.250,15,0,0,R (running)
2026-08-01T05:49:46.970647+00:00,4044.803698551,681.745550,4695,73.865,3.693,760.625,1714.922,43.250,15,0,0,R (running)
2026-08-01T05:49:47.471659+00:00,4045.304714072,682.246566,4695,63.870,3.194,760.625,1714.922,43.250,15,0,0,R (running)
2026-08-01T05:49:47.972561+00:00,4045.805599526,682.747451,4695,67.880,3.394,760.625,1714.922,43.250,15,0,0,R (running)
2026-08-01T05:49:48.473451+00:00,4046.306497162,683.248349,4695,63.885,3.194,760.625,1714.922,43.250,15,0,0,R (running)
2026-08-01T05:49:48.974370+00:00,4046.807414401,683.749266,4695,67.875,3.394,760.625,1714.922,43.250,15,0,0,R (running)
2026-08-01T05:49:49.475035+00:00,4047.308080868,684.249932,4695,71.904,3.595,760.625,1714.922,43.250,15,0,0,R (running)
2026-08-01T05:49:49.975936+00:00,4047.808978826,684.750830,4695,77.860,3.893,760.625,1714.922,43.250,15,0,0,R (running)
2026-08-01T05:49:50.476694+00:00,4048.309664448,685.251516,4695,61.915,3.096,760.625,1714.922,43.250,15,0,0,R (running)
2026-08-01T05:49:50.977730+00:00,4048.810778344,685.752630,4695,63.858,3.193,760.625,1714.922,43.250,15,0,0,R (running)
2026-08-01T05:49:51.478626+00:00,4049.311677531,686.253529,4695,63.885,3.194,760.625,1714.922,43.250,15,0,0,R (running)
2026-08-01T05:49:51.979529+00:00,4049.812580388,686.754432,4695,69.874,3.494,760.625,1714.922,43.250,15,0,0,R (running)
2026-08-01T05:49:52.480434+00:00,4050.313474190,687.255326,4695,63.886,3.194,760.625,1714.922,43.250,15,0,0,R (running)
2026-08-01T05:49:52.981588+00:00,4050.814572858,687.756424,4695,65.855,3.293,760.625,1714.922,43.250,15,0,0,R (running)
2026-08-01T05:49:53.482632+00:00,4051.315666288,688.257518,4695,63.860,3.193,760.625,1714.922,43.250,15,0,0,R (running)
2026-08-01T05:49:53.983542+00:00,4051.816596734,688.758448,4695,69.870,3.493,760.625,1714.922,43.250,15,0,0,R (running)
2026-08-01T05:49:54.484584+00:00,4052.317554002,689.259406,4695,71.862,3.593,760.625,1714.922,43.250,15,0,0,R (running)
2026-08-01T05:49:54.984167+00:00,4052.818583813,689.760435,4695,103.786,5.189,760.625,1714.922,43.250,15,0,0,R (running)
2026-08-01T05:49:55.485244+00:00,4053.319580084,690.261432,4695,69.861,3.493,760.625,1714.922,43.250,15,0,0,S (sleeping)
2026-08-01T05:49:55.986292+00:00,4053.820708447,690.762560,4695,63.856,3.193,760.625,1714.922,43.250,15,0,0,S (sleeping)
2026-08-01T05:49:56.487141+00:00,4054.321548002,691.263400,4695,63.893,3.195,760.625,1714.922,43.250,15,0,0,S (sleeping)
2026-08-01T05:49:56.988093+00:00,4054.822509220,691.764361,4695,63.877,3.194,760.625,1714.922,43.250,15,0,0,S (sleeping)
2026-08-01T05:49:57.488561+00:00,4055.322980614,692.264832,4695,65.938,3.297,760.625,1714.922,43.250,15,0,0,S (sleeping)
2026-08-01T05:49:57.989411+00:00,4055.823814207,692.765666,4695,65.890,3.295,760.625,1714.922,43.250,15,0,0,S (sleeping)
2026-08-01T05:49:58.490278+00:00,4056.324687525,693.266539,4695,67.881,3.394,760.625,1714.922,43.250,15,0,0,S (sleeping)
2026-08-01T05:49:58.990720+00:00,4056.825138947,693.766991,4695,63.942,3.197,760.625,1714.922,43.250,15,0,0,S (sleeping)
2026-08-01T05:49:59.491669+00:00,4057.326085898,694.267937,4695,67.871,3.394,760.625,1714.922,43.250,15,0,0,S (sleeping)
2026-08-01T05:49:59.992572+00:00,4057.826967680,694.768819,4695,67.880,3.394,760.625,1714.922,43.250,15,0,0,S (sleeping)
2026-08-01T05:50:00.493541+00:00,4058.327920537,695.269772,4695,69.867,3.493,760.625,1714.922,43.250,15,0,0,S (sleeping)
2026-08-01T05:50:00.994443+00:00,4058.828852189,695.770704,4695,59.888,2.994,760.625,1714.922,43.250,15,0,0,S (sleeping)
2026-08-01T05:50:01.495339+00:00,4059.329751972,696.271604,4695,63.885,3.194,760.625,1714.922,43.250,15,0,0,S (sleeping)
2026-08-01T05:50:01.996294+00:00,4059.830700577,696.772552,4695,65.875,3.294,760.625,1714.922,43.250,15,0,0,S (sleeping)
2026-08-01T05:50:02.497196+00:00,4060.331614192,697.273466,4695,65.880,3.294,760.625,1714.922,43.250,15,0,0,S (sleeping)
2026-08-01T05:50:02.998087+00:00,4060.832506586,697.774358,4695,73.868,3.693,760.625,1714.922,43.250,15,0,0,S (sleeping)
2026-08-01T05:50:03.498951+00:00,4061.333368204,698.275220,4695,65.886,3.294,760.625,1714.922,43.250,15,0,0,S (sleeping)
2026-08-01T05:50:03.999863+00:00,4061.834279272,698.776131,4695,63.884,3.194,760.625,1714.922,43.250,15,0,0,S (sleeping)
2026-08-01T05:50:04.500807+00:00,4062.335230025,699.277082,4695,65.875,3.294,760.625,1714.922,43.250,15,0,0,S (sleeping)
2026-08-01T05:50:05.001669+00:00,4062.836081205,699.777933,4695,65.888,3.294,760.625,1714.922,43.250,15,0,0,S (sleeping)
2026-08-01T05:50:05.502582+00:00,4063.336986949,700.278839,4695,67.877,3.394,760.625,1714.922,43.250,15,0,0,S (sleeping)
2026-08-01T05:50:06.003497+00:00,4063.837901448,700.779753,4695,89.836,4.492,760.625,1714.922,43.250,15,0,0,S (sleeping)
2026-08-01T05:50:06.504421+00:00,4064.338833921,701.280686,4695,61.885,3.094,760.625,1714.922,43.250,15,0,0,S (sleeping)
2026-08-01T05:50:07.004945+00:00,4064.839362455,701.781214,4695,63.932,3.197,760.625,1714.922,43.250,15,0,0,S (sleeping)
2026-08-01T05:50:07.505970+00:00,4065.340375528,702.282227,4695,65.867,3.293,760.625,1714.922,43.250,15,0,0,S (sleeping)
2026-08-01T05:50:08.006870+00:00,4065.841288087,702.783140,4695,65.880,3.294,760.625,1714.922,43.250,15,0,0,S (sleeping)
2026-08-01T05:50:08.507755+00:00,4066.342166291,703.284018,4695,65.884,3.294,760.625,1714.922,43.250,15,0,0,S (sleeping)
2026-08-01T05:50:09.008625+00:00,4066.843040513,703.784892,4695,65.885,3.294,760.625,1714.922,43.250,15,0,0,S (sleeping)
2026-08-01T05:50:09.509553+00:00,4067.343946736,704.285798,4695,67.877,3.394,760.625,1714.922,43.250,15,0,0,S (sleeping)
2026-08-01T05:50:10.010446+00:00,4067.844860880,704.786712,4695,71.869,3.593,760.625,1714.922,43.250,15,0,0,S (sleeping)
2026-08-01T05:50:10.511415+00:00,4068.345742994,705.287595,4695,67.880,3.394,760.625,1714.922,43.250,15,0,0,S (sleeping)
2026-08-01T05:50:11.012338+00:00,4068.846741486,705.788593,4695,71.857,3.593,760.625,1714.922,43.250,15,0,0,S (sleeping)
2026-08-01T05:50:11.513204+00:00,4069.347619504,706.289471,4695,69.877,3.494,760.625,1714.922,43.250,15,0,0,S (sleeping)
2026-08-01T05:50:12.014086+00:00,4069.848499772,706.790351,4695,79.859,3.993,760.625,1714.922,43.250,15,0,0,S (sleeping)
2026-08-01T05:50:12.514995+00:00,4070.349413638,707.291265,4695,69.872,3.494,760.625,1714.922,43.250,15,0,0,S (sleeping)
2026-08-01T05:50:13.015975+00:00,4070.850352912,707.792204,4695,65.876,3.294,760.625,1714.922,43.250,15,0,0,S (sleeping)
2026-08-01T05:50:13.517008+00:00,4071.351421053,708.293273,4695,65.859,3.293,760.625,1714.922,43.250,15,0,0,S (sleeping)
2026-08-01T05:50:14.017929+00:00,4071.852333792,708.794185,4695,65.880,3.294,760.625,1714.922,43.250,15,0,0,S (sleeping)
2026-08-01T05:50:14.518823+00:00,4072.353237499,709.295089,4695,69.874,3.494,760.625,1714.922,43.250,15,0,0,S (sleeping)
2026-08-01T05:50:15.019719+00:00,4072.854136058,709.795988,4695,67.878,3.394,760.625,1714.922,43.250,15,0,0,S (sleeping)
2026-08-01T05:50:15.520765+00:00,4073.355013447,710.296865,4695,71.874,3.594,760.625,1714.922,43.250,15,0,0,S (sleeping)
2026-08-01T05:50:16.021818+00:00,4073.856137429,710.797989,4695,71.839,3.592,760.625,1714.922,43.250,15,0,0,R (running)
2026-08-01T05:50:16.522730+00:00,4074.357144008,711.298996,4695,71.855,3.593,760.625,1714.922,43.250,15,0,0,S (sleeping)
2026-08-01T05:50:17.023620+00:00,4074.858029239,711.799881,4695,65.883,3.294,760.625,1714.922,43.250,15,0,0,S (sleeping)
2026-08-01T05:50:17.524502+00:00,4075.358915575,712.300767,4695,71.873,3.594,760.625,1714.922,43.250,15,0,0,S (sleeping)
2026-08-01T05:50:18.025340+00:00,4075.859758867,712.801610,4695,67.886,3.394,760.625,1714.922,43.250,15,0,0,S (sleeping)
2026-08-01T05:50:18.526230+00:00,4076.360644199,713.302496,4695,71.873,3.594,760.625,1714.922,43.250,15,0,0,S (sleeping)
2026-08-01T05:50:19.027163+00:00,4076.861577718,713.803429,4695,73.862,3.693,760.625,1714.922,43.250,15,0,0,S (sleeping)
2026-08-01T05:50:19.528064+00:00,4077.362481463,714.304333,4695,65.881,3.294,760.625,1714.922,43.250,15,0,0,S (sleeping)
2026-08-01T05:50:20.028942+00:00,4077.863342276,714.805194,4695,79.863,3.993,760.625,1714.922,43.250,15,0,0,S (sleeping)
2026-08-01T05:50:20.529864+00:00,4078.364279590,715.306131,4695,75.858,3.793,760.625,1714.922,43.250,15,0,0,S (sleeping)
2026-08-01T05:50:21.030910+00:00,4078.865185255,715.807037,4695,75.863,3.793,760.625,1714.922,43.250,15,0,0,S (sleeping)
2026-08-01T05:50:21.531946+00:00,4079.366345994,716.308198,4695,67.843,3.392,760.625,1714.922,43.250,15,0,0,S (sleeping)
2026-08-01T05:50:22.032782+00:00,4079.867202487,716.809054,4695,65.887,3.294,760.625,1714.922,43.250,15,0,0,S (sleeping)
2026-08-01T05:50:22.533699+00:00,4080.368120456,717.309972,4695,69.872,3.494,760.625,1714.922,43.250,15,0,0,S (sleeping)
2026-08-01T05:50:23.034567+00:00,4080.868986693,717.810838,4695,71.875,3.594,760.625,1714.922,43.250,15,0,0,S (sleeping)
2026-08-01T05:50:23.535362+00:00,4081.369780306,718.311632,4695,73.883,3.694,760.625,1714.922,43.250,15,0,0,S (sleeping)
2026-08-01T05:50:24.036269+00:00,4081.870679735,718.812531,4695,63.885,3.194,760.625,1714.922,43.250,15,0,0,S (sleeping)
2026-08-01T05:50:24.535863+00:00,4082.371616304,719.313468,4695,73.862,3.693,760.625,1714.922,43.250,15,0,0,S (sleeping)
2026-08-01T05:50:25.036751+00:00,4082.872506083,719.814358,4695,61.890,3.094,760.625,1714.922,43.250,15,0,0,S (sleeping)
2026-08-01T05:50:25.537637+00:00,4083.373389488,720.315241,4695,63.887,3.194,760.625,1714.922,43.250,15,0,0,S (sleeping)
2026-08-01T05:50:26.038526+00:00,4083.874274116,720.816126,4695,65.883,3.294,760.625,1714.922,43.250,15,0,0,S (sleeping)
2026-08-01T05:50:26.539395+00:00,4084.375152607,721.317004,4695,69.877,3.494,760.625,1714.922,43.250,15,0,0,S (sleeping)
2026-08-01T05:50:27.040337+00:00,4084.876087181,721.817939,4695,65.877,3.294,760.625,1714.922,43.250,15,0,0,S (sleeping)
2026-08-01T05:50:27.541267+00:00,4085.377025337,722.318877,4695,67.873,3.394,760.625,1714.922,43.250,15,0,0,S (sleeping)
2026-08-01T05:50:28.042154+00:00,4085.877908714,722.819760,4695,77.862,3.893,760.625,1714.922,43.250,15,0,0,S (sleeping)
2026-08-01T05:50:28.542732+00:00,4086.378486337,723.320338,4695,61.928,3.096,760.625,1714.922,43.250,15,0,0,S (sleeping)
2026-08-01T05:50:29.043610+00:00,4086.879352936,723.821205,4695,63.889,3.194,760.625,1714.922,43.250,15,0,0,S (sleeping)
2026-08-01T05:50:29.544494+00:00,4087.380252127,724.322104,4695,67.878,3.394,760.625,1714.922,43.250,15,0,0,S (sleeping)
2026-08-01T05:50:30.045553+00:00,4087.881183992,724.823036,4695,63.881,3.194,760.625,1714.922,43.250,15,0,0,S (sleeping)
2026-08-01T05:50:30.546271+00:00,4088.382027491,725.323879,4695,67.885,3.394,760.625,1714.922,43.250,15,0,0,S (sleeping)
2026-08-01T05:50:31.047178+00:00,4088.882918063,725.824770,4695,67.879,3.394,760.625,1714.922,43.250,15,0,0,S (sleeping)
2026-08-01T05:50:31.548188+00:00,4089.383917917,726.325769,4695,65.868,3.293,760.625,1714.922,43.250,15,0,0,S (sleeping)
2026-08-01T05:50:32.049037+00:00,4089.884790705,726.826642,4695,69.878,3.494,760.625,1714.922,43.250,15,0,0,S (sleeping)
2026-08-01T05:50:32.549946+00:00,4090.385701829,727.327553,4695,69.873,3.494,760.625,1714.922,43.250,15,0,0,S (sleeping)
2026-08-01T05:50:33.050880+00:00,4090.886633897,727.828485,4695,65.877,3.294,760.625,1714.922,43.250,15,0,0,S (sleeping)
2026-08-01T05:50:33.551737+00:00,4091.387494553,728.329346,4695,65.887,3.294,760.625,1714.922,43.250,15,0,0,S (sleeping)
2026-08-01T05:50:34.052636+00:00,4091.888389140,728.830241,4695,69.875,3.494,760.625,1714.922,43.250,15,0,0,S (sleeping)
2026-08-01T05:50:34.553528+00:00,4092.389278764,729.331130,4695,67.879,3.394,760.625,1714.922,43.250,15,0,0,S (sleeping)
2026-08-01T05:50:35.054066+00:00,4092.889818775,729.831670,4695,67.927,3.396,760.625,1714.922,43.250,15,0,0,S (sleeping)
2026-08-01T05:50:35.554962+00:00,4093.390710757,730.332562,4695,99.822,4.991,765.000,1714.922,43.250,15,0,0,S (sleeping)
2026-08-01T05:50:36.056033+00:00,4093.891754528,730.833606,4695,65.863,3.293,765.000,1714.922,43.250,15,0,0,S (sleeping)
2026-08-01T05:50:36.556677+00:00,4094.392432335,731.334284,4695,61.916,3.096,765.000,1714.922,43.250,15,0,0,S (sleeping)
2026-08-01T05:50:37.057592+00:00,4094.893346180,731.835198,4695,63.883,3.194,765.000,1714.922,43.250,15,0,0,S (sleeping)
2026-08-01T05:50:37.558475+00:00,4095.394228688,732.336080,4695,63.887,3.194,765.000,1714.922,43.250,15,0,0,S (sleeping)
2026-08-01T05:50:38.059385+00:00,4095.895140580,732.836992,4695,69.873,3.494,765.000,1714.922,43.250,15,0,0,S (sleeping)
2026-08-01T05:50:38.560311+00:00,4096.396059825,733.337911,4695,63.883,3.194,765.000,1714.922,43.250,15,0,0,S (sleeping)
2026-08-01T05:50:39.061278+00:00,4096.897026182,733.838878,4695,67.869,3.393,765.000,1714.922,43.250,15,0,0,S (sleeping)
2026-08-01T05:50:39.562217+00:00,4097.397961420,734.339813,4695,67.873,3.394,765.000,1714.922,43.250,15,0,0,S (sleeping)
2026-08-01T05:50:40.063108+00:00,4097.898866214,734.840718,4695,71.870,3.593,765.000,1714.922,43.250,15,0,0,S (sleeping)
2026-08-01T05:50:40.563981+00:00,4098.399737655,735.341589,4695,65.885,3.294,765.000,1714.922,43.250,15,0,0,S (sleeping)
2026-08-01T05:50:41.064886+00:00,4098.900642139,735.842494,4695,67.877,3.394,765.000,1714.922,43.250,15,0,0,S (sleeping)
2026-08-01T05:50:41.565767+00:00,4099.401519672,736.343371,4695,67.881,3.394,765.000,1714.922,43.250,15,0,0,S (sleeping)
2026-08-01T05:50:42.066665+00:00,4099.902420512,736.844272,4695,63.885,3.194,765.000,1714.922,43.250,15,0,0,S (sleeping)
2026-08-01T05:50:42.567566+00:00,4100.403324152,737.345176,4695,63.885,3.194,765.000,1714.922,43.250,15,0,0,S (sleeping)
2026-08-01T05:50:43.068446+00:00,4100.904199818,737.846051,4695,71.874,3.594,765.000,1714.922,43.250,15,0,0,S (sleeping)
2026-08-01T05:50:43.569381+00:00,4101.405131783,738.346983,4695,67.873,3.394,765.000,1714.922,43.250,15,0,0,S (sleeping)
2026-08-01T05:50:44.070307+00:00,4101.906049589,738.847901,4695,63.883,3.194,765.000,1714.922,43.250,15,0,0,R (running)
2026-08-01T05:50:44.571307+00:00,4102.407060279,739.348912,4695,69.859,3.493,765.000,1714.922,43.250,15,0,0,R (running)
2026-08-01T05:50:45.072202+00:00,4102.907928386,739.849780,4695,61.893,3.095,765.000,1714.922,43.250,15,0,0,R (running)
2026-08-01T05:50:45.573121+00:00,4103.408876010,740.350728,4695,67.871,3.394,765.000,1714.922,43.250,15,0,0,R (running)
2026-08-01T05:50:46.073983+00:00,4103.909738228,740.851590,4695,67.883,3.394,765.000,1714.922,43.250,15,0,0,R (running)
2026-08-01T05:50:46.574857+00:00,4104.410611142,741.352463,4695,91.840,4.592,765.000,1714.922,43.250,15,0,0,R (running)
2026-08-01T05:50:47.075810+00:00,4104.911559204,741.853411,4695,61.883,3.094,765.000,1714.922,43.250,15,0,0,R (running)
2026-08-01T05:50:47.576778+00:00,4105.412535296,742.354387,4695,67.868,3.393,765.000,1714.922,43.250,15,0,0,R (running)
2026-08-01T05:50:48.077629+00:00,4105.913381163,742.855233,4695,81.862,4.093,765.000,1714.922,43.250,15,0,0,R (running)
2026-08-01T05:50:48.578575+00:00,4106.414330265,743.356182,4695,61.883,3.094,765.000,1714.922,43.250,15,0,0,R (running)
2026-08-01T05:50:49.079471+00:00,4106.915226521,743.857078,4695,63.885,3.194,765.000,1714.922,43.250,15,0,0,R (running)
2026-08-01T05:50:49.580378+00:00,4107.416131078,744.357983,4695,65.881,3.294,765.000,1714.922,43.250,15,0,0,R (running)
2026-08-01T05:50:50.081297+00:00,4107.917040654,744.858892,4695,61.887,3.094,765.000,1714.922,43.250,15,0,0,R (running)
2026-08-01T05:50:50.582209+00:00,4108.417966525,745.359818,4695,65.878,3.294,765.000,1714.922,43.250,15,0,0,R (running)
2026-08-01T05:50:51.083073+00:00,4108.918827507,745.860679,4695,65.887,3.294,765.000,1714.922,43.250,15,0,0,R (running)
2026-08-01T05:50:51.584122+00:00,4109.419766863,746.361618,4695,67.872,3.394,765.000,1714.922,43.250,15,0,0,R (running)
2026-08-01T05:50:52.085132+00:00,4109.920877207,746.862729,4695,75.832,3.792,765.000,1714.922,43.250,15,0,0,R (running)
2026-08-01T05:50:52.586123+00:00,4110.421860193,747.363712,4695,69.863,3.493,765.000,1714.922,43.250,15,0,0,R (running)
2026-08-01T05:50:53.087190+00:00,4110.922930600,747.864782,4695,69.850,3.493,765.000,1714.922,43.250,15,0,0,S (sleeping)
2026-08-01T05:50:53.588094+00:00,4111.423852102,748.365704,4695,65.879,3.294,765.000,1714.922,43.250,15,0,0,S (sleeping)
2026-08-01T05:50:54.089012+00:00,4111.924770118,748.866622,4695,69.872,3.494,765.000,1714.922,43.250,15,0,0,R (running)
2026-08-01T05:50:54.588184+00:00,4112.425648909,749.367500,4695,69.877,3.494,765.000,1714.922,43.250,15,0,0,S (sleeping)
2026-08-01T05:50:55.089352+00:00,4112.926821722,749.868673,4695,71.832,3.592,765.000,1714.922,43.250,15,0,0,S (sleeping)
2026-08-01T05:50:55.589975+00:00,4113.427443162,750.369295,4695,61.923,3.096,765.000,1714.922,43.250,15,0,0,S (sleeping)
2026-08-01T05:50:56.090595+00:00,4113.928073668,750.869925,4695,63.919,3.196,765.000,1714.922,43.250,15,0,0,S (sleeping)
2026-08-01T05:50:56.591496+00:00,4114.428982347,751.370834,4695,61.888,3.094,765.000,1714.922,43.250,15,0,0,S (sleeping)
2026-08-01T05:50:57.092422+00:00,4114.929876770,751.871728,4695,69.875,3.494,765.000,1714.922,43.250,15,0,0,S (sleeping)
2026-08-01T05:50:57.593377+00:00,4115.430846392,752.372698,4695,97.810,4.891,765.000,1714.922,43.250,15,0,0,S (sleeping)
2026-08-01T05:50:58.094288+00:00,4115.931767703,752.873619,4695,59.890,2.994,765.000,1714.922,43.250,15,0,0,S (sleeping)
2026-08-01T05:50:58.595254+00:00,4116.432727223,753.374579,4695,63.877,3.194,765.000,1714.922,43.250,15,0,0,S (sleeping)
2026-08-01T05:50:59.096038+00:00,4116.933517384,753.875369,4695,63.899,3.195,765.000,1714.922,43.250,15,0,0,S (sleeping)
2026-08-01T05:50:59.596978+00:00,4117.434458973,754.376311,4695,61.883,3.094,765.000,1714.922,43.250,15,0,0,S (sleeping)
2026-08-01T05:51:00.097886+00:00,4117.935372456,754.877224,4695,65.880,3.294,765.000,1714.922,43.250,15,0,0,S (sleeping)
2026-08-01T05:51:00.598771+00:00,4118.436253392,755.378105,4695,67.880,3.394,765.000,1714.922,43.250,15,0,0,S (sleeping)
2026-08-01T05:51:01.099645+00:00,4118.937106058,755.878958,4695,63.891,3.195,765.000,1714.922,43.250,15,0,0,S (sleeping)
2026-08-01T05:51:01.600581+00:00,4119.438048157,756.379900,4695,71.865,3.593,765.000,1714.922,43.250,15,0,0,S (sleeping)
2026-08-01T05:51:02.101553+00:00,4119.939031413,756.880883,4695,61.878,3.094,765.000,1714.922,43.250,15,0,0,S (sleeping)
2026-08-01T05:51:02.602492+00:00,4120.439951463,757.381803,4695,61.886,3.094,765.000,1714.922,43.250,15,0,0,S (sleeping)
2026-08-01T05:51:03.103382+00:00,4120.940862496,757.882714,4695,63.884,3.194,765.000,1714.922,43.250,15,0,0,S (sleeping)
2026-08-01T05:51:03.604299+00:00,4121.441778511,758.383630,4695,63.883,3.194,765.000,1714.922,43.250,15,0,0,S (sleeping)
2026-08-01T05:51:04.105284+00:00,4121.942768261,758.884620,4695,61.878,3.094,765.000,1714.922,43.250,15,0,0,S (sleeping)
2026-08-01T05:51:04.606192+00:00,4122.443668694,759.385520,4695,67.878,3.394,765.000,1714.922,43.250,15,0,0,S (sleeping)
2026-08-01T05:51:05.107120+00:00,4122.944598469,759.886450,4695,67.874,3.394,765.000,1714.922,43.250,15,0,0,S (sleeping)
2026-08-01T05:51:05.608078+00:00,4123.445557639,760.387409,4695,63.877,3.194,765.000,1714.922,43.250,15,0,0,S (sleeping)
2026-08-01T05:51:06.108964+00:00,4123.946444504,760.888296,4695,69.876,3.494,765.000,1714.922,43.250,15,0,0,S (sleeping)
2026-08-01T05:51:06.609869+00:00,4124.447353388,761.389205,4695,59.891,2.995,765.000,1714.922,43.250,15,0,0,S (sleeping)
2026-08-01T05:51:07.110821+00:00,4124.948301792,761.890153,4695,61.883,3.094,765.000,1714.922,43.250,15,0,0,S (sleeping)
2026-08-01T05:51:07.611704+00:00,4125.449187348,762.391039,4695,59.894,2.995,765.000,1714.922,43.250,15,0,0,S (sleeping)
2026-08-01T05:51:08.112654+00:00,4125.950133925,762.891986,4695,63.879,3.194,765.000,1714.922,43.250,15,0,0,S (sleeping)
2026-08-01T05:51:08.613531+00:00,4126.451001260,763.392853,4695,63.889,3.194,765.000,1714.922,43.250,15,0,0,S (sleeping)
2026-08-01T05:51:09.114506+00:00,4126.951966260,763.893818,4695,63.877,3.194,765.000,1714.922,43.250,15,0,0,S (sleeping)
2026-08-01T05:51:09.615571+00:00,4127.453051930,764.394904,4695,65.857,3.293,765.000,1714.922,43.250,15,0,0,S (sleeping)
2026-08-01T05:51:10.116502+00:00,4127.953979714,764.895831,4695,65.878,3.294,765.000,1714.922,43.250,15,0,0,S (sleeping)
2026-08-01T05:51:10.617394+00:00,4128.454877959,765.396730,4695,65.882,3.294,765.000,1714.922,43.250,15,0,0,S (sleeping)
2026-08-01T05:51:11.118296+00:00,4128.955778803,765.897630,4695,63.885,3.194,765.000,1714.922,43.250,15,0,0,S (sleeping)
2026-08-01T05:51:11.619216+00:00,4129.456692606,766.398544,4695,59.891,2.995,765.000,1714.922,43.250,15,0,0,R (running)
2026-08-01T05:51:12.120142+00:00,4129.957607612,766.899459,4695,59.890,2.995,765.000,1714.922,43.250,15,0,0,S (sleeping)
2026-08-01T05:51:12.621030+00:00,4130.458516064,767.400368,4695,65.880,3.294,765.000,1714.922,43.250,15,0,0,S (sleeping)
2026-08-01T05:51:13.121938+00:00,4130.959403222,767.901255,4695,69.876,3.494,765.000,1714.922,43.250,15,0,0,S (sleeping)
2026-08-01T05:51:13.622851+00:00,4131.460336923,768.402189,4695,63.881,3.194,765.000,1714.922,43.250,15,0,0,S (sleeping)
2026-08-01T05:51:14.123762+00:00,4131.961229499,768.903081,4695,81.854,4.093,765.000,1714.922,43.250,15,0,0,S (sleeping)
2026-08-01T05:51:14.624673+00:00,4132.462118781,769.403970,4695,59.893,2.995,765.000,1714.922,43.250,15,0,0,S (sleeping)
2026-08-01T05:51:15.125576+00:00,4132.963045912,769.904897,4695,61.885,3.094,765.000,1714.922,43.250,15,0,0,R (running)
2026-08-01T05:51:15.626520+00:00,4133.463969352,770.405821,4695,63.882,3.194,765.000,1714.922,43.250,15,0,0,S (sleeping)
2026-08-01T05:51:16.127435+00:00,4133.964899726,770.906751,4695,61.885,3.094,765.000,1714.922,43.250,15,0,0,S (sleeping)
2026-08-01T05:51:16.628330+00:00,4134.465810988,771.407663,4695,63.884,3.194,765.000,1714.922,43.250,15,0,0,S (sleeping)
2026-08-01T05:51:17.129223+00:00,4134.966702138,771.908554,4695,61.890,3.094,765.000,1714.922,43.250,15,0,0,S (sleeping)
2026-08-01T05:51:17.630241+00:00,4135.467588923,772.409441,4695,63.887,3.194,765.000,1714.922,43.250,15,0,0,S (sleeping)
2026-08-01T05:51:18.131168+00:00,4135.968640138,772.910492,4695,61.870,3.093,765.000,1714.922,43.250,15,0,0,S (sleeping)
2026-08-01T05:51:18.632074+00:00,4136.469559438,773.411411,4695,63.883,3.194,765.000,1714.922,43.250,15,0,0,S (sleeping)
2026-08-01T05:51:19.132917+00:00,4136.970399193,773.912251,4695,67.886,3.394,765.000,1714.922,43.250,15,0,0,S (sleeping)
2026-08-01T05:51:19.633792+00:00,4137.471276651,774.413128,4695,63.888,3.194,765.000,1714.922,43.250,15,0,0,S (sleeping)
2026-08-01T05:51:20.134575+00:00,4137.972064592,774.913916,4695,61.902,3.095,765.000,1714.922,43.250,15,0,0,S (sleeping)
2026-08-01T05:51:20.635485+00:00,4138.472958694,775.414810,4695,67.879,3.394,765.000,1714.922,43.250,15,0,0,S (sleeping)
2026-08-01T05:51:21.136408+00:00,4138.973892011,775.915744,4695,65.877,3.294,765.000,1714.922,43.250,15,0,0,S (sleeping)
2026-08-01T05:51:21.637293+00:00,4139.474766897,776.416618,4695,63.888,3.194,765.000,1714.922,43.250,15,0,0,S (sleeping)
2026-08-01T05:51:22.138180+00:00,4139.975644943,776.917497,4695,65.884,3.294,765.000,1714.922,43.250,15,0,0,S (sleeping)
2026-08-01T05:51:22.639082+00:00,4140.476562610,777.418414,4695,73.864,3.693,765.000,1714.922,43.250,15,0,0,S (sleeping)
2026-08-01T05:51:23.139964+00:00,4140.977447008,777.919299,4695,57.898,2.895,765.000,1714.922,43.250,15,0,0,S (sleeping)
2026-08-01T05:51:23.640909+00:00,4141.478371848,778.420223,4695,59.889,2.994,765.000,1714.922,43.250,15,0,0,S (sleeping)
2026-08-01T05:51:24.141506+00:00,4141.978984938,778.920837,4695,65.919,3.296,765.000,1714.922,43.250,15,0,0,S (sleeping)
2026-08-01T05:51:24.641225+00:00,4142.479883237,779.421735,4695,61.889,3.094,765.000,1714.922,43.250,15,0,0,S (sleeping)
2026-08-01T05:51:25.142139+00:00,4142.980823470,779.922675,4695,67.872,3.394,765.000,1714.922,43.250,15,0,0,S (sleeping)
2026-08-01T05:51:25.643032+00:00,4143.481721404,780.423573,4695,65.882,3.294,765.000,1714.922,43.250,15,0,0,S (sleeping)
2026-08-01T05:51:26.144106+00:00,4143.982640945,780.924493,4695,71.868,3.593,765.000,1714.922,43.250,15,0,0,S (sleeping)
2026-08-01T05:51:26.644976+00:00,4144.483658862,781.425510,4695,63.870,3.193,765.000,1714.922,43.250,15,0,0,R (running)
2026-08-01T05:51:27.145944+00:00,4144.984611572,781.926463,4695,65.874,3.294,765.000,1714.922,43.250,15,0,0,R (running)
2026-08-01T05:51:27.646458+00:00,4145.485143824,782.426995,4695,69.926,3.496,765.000,1714.922,43.250,15,0,0,S (sleeping)
2026-08-01T05:51:28.147351+00:00,4145.986039972,782.927892,4695,77.860,3.893,765.000,1714.922,43.250,15,0,0,R (running)
2026-08-01T05:51:28.648276+00:00,4146.486952326,783.428804,4695,97.822,4.891,765.000,1714.922,43.250,15,0,0,R (running)
2026-08-01T05:51:29.149112+00:00,4146.987800108,783.929652,4695,63.892,3.195,765.000,1714.922,43.250,15,0,0,R (running)
2026-08-01T05:51:29.650210+00:00,4147.488808145,784.430660,4695,67.863,3.393,765.000,1714.922,43.250,15,0,0,R (running)
2026-08-01T05:51:30.151169+00:00,4147.989856415,784.931708,4695,63.866,3.193,765.000,1714.922,43.250,15,0,0,S (sleeping)
2026-08-01T05:51:30.652091+00:00,4148.490764599,785.432616,4695,67.877,3.394,765.000,1714.922,43.250,15,0,0,R (running)
2026-08-01T05:51:31.152979+00:00,4148.991666004,785.933518,4695,67.878,3.394,765.000,1714.922,43.250,15,0,0,R (running)
2026-08-01T05:51:31.653943+00:00,4149.492624555,786.434476,4695,75.855,3.793,765.000,1714.922,43.250,15,0,0,S (sleeping)
2026-08-01T05:51:32.154751+00:00,4149.993386079,786.935238,4695,67.897,3.395,765.000,1714.922,43.250,15,0,0,S (sleeping)
2026-08-01T05:51:32.655831+00:00,4150.494501711,787.436353,4695,69.844,3.492,765.000,1714.922,43.250,15,0,0,S (sleeping)
2026-08-01T05:51:33.156281+00:00,4150.994964079,787.936816,4695,71.933,3.597,765.000,1714.922,43.250,15,0,0,R (running)
2026-08-01T05:51:33.657260+00:00,4151.495924183,788.437776,4695,65.874,3.294,765.000,1714.922,43.250,15,0,0,R (running)
2026-08-01T05:51:34.158264+00:00,4151.996929594,788.938781,4695,65.868,3.293,765.000,1714.922,43.250,15,0,0,S (sleeping)
2026-08-01T05:51:34.659168+00:00,4152.497854489,789.439706,4695,79.852,3.993,765.000,1714.922,43.250,15,0,0,S (sleeping)
2026-08-01T05:51:35.160098+00:00,4152.998772427,789.940624,4695,61.886,3.094,765.000,1714.922,43.250,15,0,0,S (sleeping)
2026-08-01T05:51:35.660752+00:00,4153.499430046,790.441282,4695,61.919,3.096,765.000,1714.922,43.250,15,0,0,S (sleeping)
2026-08-01T05:51:36.161517+00:00,4154.000128593,790.941980,4695,77.891,3.895,765.000,1714.922,43.250,15,0,0,R (running)
2026-08-01T05:51:36.662452+00:00,4154.501143452,791.442995,4695,67.862,3.393,765.000,1714.922,43.250,15,0,0,R (running)
2026-08-01T05:51:37.163279+00:00,4155.001963211,791.943815,4695,59.902,2.995,765.000,1714.922,43.250,15,0,0,S (sleeping)
2026-08-01T05:51:37.664162+00:00,4155.502847117,792.444699,4695,73.869,3.693,765.000,1714.922,43.250,15,0,0,S (sleeping)
2026-08-01T05:51:38.165106+00:00,4156.003780681,792.945632,4695,81.847,4.092,765.000,1714.922,43.250,15,0,0,S (sleeping)
2026-08-01T05:51:38.666090+00:00,4156.504778089,793.446630,4695,63.873,3.194,765.000,1714.922,43.250,15,0,0,S (sleeping)
2026-08-01T05:51:39.167002+00:00,4157.005665454,793.947517,4695,67.880,3.394,765.000,1714.922,43.250,15,0,0,S (sleeping)
2026-08-01T05:51:39.667937+00:00,4157.506621490,794.448473,4695,75.855,3.793,765.000,1714.922,43.250,15,0,0,S (sleeping)
2026-08-01T05:51:40.168816+00:00,4158.007506502,794.949358,4695,71.873,3.594,765.000,1714.922,43.250,15,0,0,S (sleeping)
2026-08-01T05:51:40.669693+00:00,4158.508383737,795.450235,4695,55.902,2.795,765.000,1714.922,43.250,15,0,0,R (running)
2026-08-01T05:51:41.170746+00:00,4159.009347638,795.951199,4695,73.858,3.693,765.000,1714.922,43.250,15,0,0,R (running)
2026-08-01T05:51:41.671600+00:00,4159.510291241,796.452143,4695,67.872,3.394,765.000,1714.922,43.250,15,0,0,R (running)
2026-08-01T05:51:42.172463+00:00,4160.011140755,796.952992,4695,67.885,3.394,765.000,1714.922,43.250,15,0,0,R (running)
2026-08-01T05:51:42.673339+00:00,4160.512027157,797.453879,4695,81.855,4.093,765.000,1714.922,43.250,15,0,0,R (running)
2026-08-01T05:51:43.174219+00:00,4161.012905992,797.954758,4695,61.891,3.095,765.000,1714.922,43.250,15,0,0,R (running)
2026-08-01T05:51:43.675122+00:00,4161.513794853,798.455646,4695,79.858,3.993,765.000,1714.922,43.250,15,0,0,R (running)
2026-08-01T05:51:44.176229+00:00,4162.014838922,798.956691,4695,71.850,3.592,765.000,1714.922,43.250,15,0,0,R (running)
2026-08-01T05:51:44.677180+00:00,4162.515864185,799.457716,4695,65.865,3.293,765.000,1714.922,43.250,15,0,0,R (running)
2026-08-01T05:51:45.178082+00:00,4163.016756123,799.958608,4695,69.875,3.494,765.000,1714.922,43.250,15,0,0,R (running)
2026-08-01T05:51:45.678974+00:00,4163.517661425,800.459513,4695,67.877,3.394,765.000,1714.922,43.250,15,0,0,R (running)
2026-08-01T05:51:46.179867+00:00,4164.018552663,800.960404,4695,67.879,3.394,765.000,1714.922,43.250,15,0,0,R (running)
2026-08-01T05:51:46.680947+00:00,4164.519625941,801.461478,4695,99.786,4.989,765.000,1714.922,43.250,15,0,0,R (running)
2026-08-01T05:51:47.181863+00:00,4165.020552629,801.962404,4695,71.867,3.593,765.000,1714.922,43.250,15,0,0,R (running)
2026-08-01T05:51:47.682801+00:00,4165.521475745,802.463327,4695,63.882,3.194,765.000,1714.922,43.250,15,0,0,R (running)
2026-08-01T05:51:48.183737+00:00,4166.022426253,802.964278,4695,71.863,3.593,765.000,1714.922,43.250,15,0,0,S (sleeping)
2026-08-01T05:51:48.684651+00:00,4166.523330965,803.465183,4695,61.888,3.094,765.000,1714.922,43.250,15,0,0,R (running)
2026-08-01T05:51:49.185577+00:00,4167.024257990,803.966110,4695,73.863,3.693,765.000,1714.922,43.250,15,0,0,S (sleeping)
2026-08-01T05:51:49.686527+00:00,4167.525205316,804.467057,4695,63.879,3.194,765.000,1714.922,43.250,15,0,0,S (sleeping)
2026-08-01T05:51:50.187394+00:00,4168.026084082,804.967936,4695,65.884,3.294,765.000,1714.922,43.250,15,0,0,R (running)
2026-08-01T05:51:50.688219+00:00,4168.526904440,805.468756,4695,67.889,3.394,765.000,1714.922,43.250,15,0,0,S (sleeping)
2026-08-01T05:51:51.189134+00:00,4169.027818599,805.969670,4695,69.872,3.494,765.000,1714.922,43.250,15,0,0,R (running)
2026-08-01T05:51:51.690052+00:00,4169.528729882,806.470581,4695,69.873,3.494,765.000,1714.922,43.250,15,0,0,S (sleeping)
2026-08-01T05:51:52.191167+00:00,4170.029854020,806.971706,4695,73.834,3.692,765.000,1714.922,43.250,15,0,0,S (sleeping)
2026-08-01T05:51:52.692112+00:00,4170.530791125,807.472643,4695,63.880,3.194,765.000,1714.922,43.250,15,0,0,S (sleeping)
2026-08-01T05:51:53.193035+00:00,4171.031719146,807.973571,4695,63.881,3.194,765.000,1714.922,43.250,15,0,0,S (sleeping)
2026-08-01T05:51:53.693872+00:00,4171.532560658,808.474412,4695,79.866,3.993,765.000,1714.922,43.250,15,0,0,S (sleeping)
2026-08-01T05:51:54.194800+00:00,4172.033485810,808.975337,4695,63.882,3.194,765.000,1714.922,43.250,15,0,0,S (sleeping)
2026-08-01T05:51:54.694301+00:00,4172.534404773,809.476256,4695,59.890,2.994,765.000,1714.922,43.250,15,0,0,S (sleeping)
2026-08-01T05:51:55.195153+00:00,4173.035261160,809.977113,4695,65.887,3.294,765.000,1714.922,43.250,15,0,0,S (sleeping)
2026-08-01T05:51:55.696041+00:00,4173.536135149,810.477987,4695,65.885,3.294,765.000,1714.922,43.250,15,0,0,S (sleeping)
2026-08-01T05:51:56.196926+00:00,4174.037035124,810.978887,4695,63.885,3.194,765.000,1714.922,43.250,15,0,0,S (sleeping)
2026-08-01T05:51:56.697870+00:00,4174.537979133,811.479831,4695,65.876,3.294,765.000,1714.922,43.250,15,0,0,S (sleeping)
2026-08-01T05:51:57.198768+00:00,4175.038878971,811.980731,4695,63.885,3.194,765.000,1714.922,43.250,15,0,0,S (sleeping)
2026-08-01T05:51:57.699702+00:00,4175.539795770,812.481647,4695,65.879,3.294,765.000,1714.922,43.250,15,0,0,S (sleeping)
2026-08-01T05:51:58.200628+00:00,4176.040734799,812.982586,4695,67.873,3.394,765.000,1714.922,43.250,15,0,0,S (sleeping)
2026-08-01T05:51:58.701529+00:00,4176.541633370,813.483485,4695,63.885,3.194,765.000,1714.922,43.250,15,0,0,S (sleeping)
2026-08-01T05:51:59.202406+00:00,4177.042520627,813.984372,4695,69.876,3.494,765.000,1714.922,43.250,15,0,0,S (sleeping)
2026-08-01T05:51:59.703228+00:00,4177.543336037,814.485188,4695,61.899,3.095,765.000,1714.922,43.250,15,0,0,S (sleeping)
2026-08-01T05:52:00.204129+00:00,4178.044227063,814.986079,4695,63.886,3.194,765.000,1714.922,43.250,15,0,0,S (sleeping)
2026-08-01T05:52:00.704992+00:00,4178.545083183,815.486935,4695,61.894,3.095,765.000,1714.922,43.250,15,0,0,S (sleeping)
2026-08-01T05:52:01.205395+00:00,4179.045494232,815.987346,4695,67.944,3.397,765.000,1714.922,43.250,15,0,0,S (sleeping)
2026-08-01T05:52:01.706282+00:00,4179.546391327,816.488243,4695,61.889,3.094,765.000,1714.922,43.250,15,0,0,S (sleeping)
2026-08-01T05:52:02.207163+00:00,4180.047272185,816.989124,4695,77.863,3.893,765.000,1714.922,43.250,15,0,0,S (sleeping)
2026-08-01T05:52:02.708033+00:00,4180.548142807,817.489994,4695,57.899,2.895,765.000,1714.922,43.250,15,0,0,S (sleeping)
2026-08-01T05:52:03.208945+00:00,4181.049048454,817.990900,4695,65.881,3.294,765.000,1714.922,43.250,15,0,0,S (sleeping)
2026-08-01T05:52:03.709851+00:00,4181.549947230,818.491799,4695,67.878,3.394,765.000,1714.922,43.250,15,0,0,S (sleeping)
2026-08-01T05:52:04.210756+00:00,4182.050861805,818.992713,4695,95.825,4.791,765.000,1714.922,43.250,15,0,0,S (sleeping)
2026-08-01T05:52:04.711675+00:00,4182.551782865,819.493634,4695,83.846,4.192,765.000,1714.922,43.250,15,0,0,S (sleeping)
2026-08-01T05:52:05.212556+00:00,4183.052663605,819.994515,4695,63.887,3.194,765.000,1714.922,43.250,15,0,0,S (sleeping)
2026-08-01T05:52:05.713444+00:00,4183.553548173,820.495400,4695,67.880,3.394,765.000,1714.922,43.250,15,0,0,S (sleeping)
2026-08-01T05:52:06.214346+00:00,4184.054450515,820.996302,4695,63.885,3.194,765.000,1714.922,43.250,15,0,0,S (sleeping)
2026-08-01T05:52:06.715303+00:00,4184.555403211,821.497255,4695,67.871,3.394,765.000,1714.922,43.250,15,0,0,S (sleeping)
2026-08-01T05:52:07.216184+00:00,4185.056290238,821.998142,4695,67.880,3.394,765.000,1714.922,43.250,15,0,0,S (sleeping)
2026-08-01T05:52:07.717091+00:00,4185.557197817,822.499049,4695,61.888,3.094,765.000,1714.922,43.250,15,0,0,S (sleeping)
2026-08-01T05:52:08.217892+00:00,4186.057978932,822.999831,4695,61.903,3.095,765.000,1714.922,43.250,15,0,0,S (sleeping)
2026-08-01T05:52:08.718818+00:00,4186.558897559,823.500749,4695,57.894,2.895,765.000,1714.922,43.250,15,0,0,S (sleeping)
2026-08-01T05:52:09.219740+00:00,4187.059826788,824.001678,4695,65.878,3.294,765.000,1714.922,43.250,15,0,0,S (sleeping)
2026-08-01T05:52:09.720669+00:00,4187.560773708,824.502625,4695,65.875,3.294,765.000,1714.922,43.250,15,0,0,S (sleeping)
2026-08-01T05:52:10.221571+00:00,4188.061663422,825.003515,4695,63.886,3.194,765.000,1714.922,43.250,15,0,0,S (sleeping)
2026-08-01T05:52:10.722486+00:00,4188.562592588,825.504444,4695,65.878,3.294,765.000,1714.922,43.250,15,0,0,S (sleeping)
2026-08-01T05:52:11.223413+00:00,4189.063517752,826.005369,4695,57.893,2.895,765.000,1714.922,43.250,15,0,0,S (sleeping)
2026-08-01T05:52:11.724339+00:00,4189.564448989,826.506301,4695,61.885,3.094,765.000,1714.922,43.250,15,0,0,S (sleeping)
2026-08-01T05:52:12.225242+00:00,4190.065332958,827.007185,4695,63.887,3.194,765.000,1714.922,43.250,15,0,0,S (sleeping)
2026-08-01T05:52:12.726141+00:00,4190.566247275,827.508099,4695,57.894,2.895,765.000,1714.922,43.250,15,0,0,S (sleeping)
2026-08-01T05:52:13.227054+00:00,4191.067156698,828.009008,4695,63.884,3.194,765.000,1714.922,43.250,15,0,0,S (sleeping)
2026-08-01T05:52:13.727962+00:00,4191.568067600,828.509919,4695,69.873,3.494,765.000,1714.922,43.250,15,0,0,S (sleeping)
2026-08-01T05:52:14.228841+00:00,4192.068945102,829.010797,4695,63.888,3.194,765.000,1714.922,43.250,15,0,0,S (sleeping)
2026-08-01T05:52:14.729741+00:00,4192.569836525,829.511688,4695,69.875,3.494,765.000,1714.922,43.250,15,0,0,S (sleeping)
2026-08-01T05:52:15.230742+00:00,4193.070836759,830.012688,4695,63.872,3.194,765.000,1714.922,43.250,15,0,0,S (sleeping)
2026-08-01T05:52:15.731651+00:00,4193.571755439,830.513607,4695,67.875,3.394,765.000,1714.922,43.250,15,0,0,S (sleeping)
2026-08-01T05:52:16.232581+00:00,4194.072685251,831.014537,4695,67.874,3.394,765.000,1714.922,43.250,15,0,0,S (sleeping)
2026-08-01T05:52:16.733517+00:00,4194.573615612,831.515467,4695,65.877,3.294,765.000,1714.922,43.250,15,0,0,S (sleeping)
2026-08-01T05:52:17.234457+00:00,4195.074557287,832.016409,4695,67.872,3.394,765.000,1714.922,43.250,15,0,0,S (sleeping)
2026-08-01T05:52:17.735387+00:00,4195.575492891,832.517344,4695,63.880,3.194,765.000,1714.922,43.250,15,0,0,S (sleeping)
2026-08-01T05:52:18.236285+00:00,4196.076372855,833.018224,4695,63.888,3.194,765.000,1714.922,43.250,15,0,0,S (sleeping)
2026-08-01T05:52:18.737206+00:00,4196.577308387,833.519160,4695,77.854,3.893,765.000,1714.922,43.250,15,0,0,S (sleeping)
2026-08-01T05:52:19.238103+00:00,4197.078204685,834.020056,4695,61.889,3.094,765.000,1714.922,43.250,15,0,0,S (sleeping)
2026-08-01T05:52:19.739051+00:00,4197.579143336,834.520995,4695,65.876,3.294,765.000,1714.922,43.250,15,0,0,S (sleeping)
2026-08-01T05:52:20.239970+00:00,4198.080075784,835.021927,4695,63.881,3.194,765.000,1714.922,43.250,15,0,0,S (sleeping)
2026-08-01T05:52:20.741005+00:00,4198.581037180,835.522889,4695,65.873,3.294,765.000,1714.922,43.250,15,0,0,S (sleeping)
2026-08-01T05:52:21.242066+00:00,4199.082109044,836.023961,4695,69.850,3.493,765.000,1714.922,43.250,15,0,0,S (sleeping)
2026-08-01T05:52:21.743073+00:00,4199.583145470,836.524997,4695,69.855,3.493,765.000,1714.922,43.250,15,0,0,S (sleeping)
2026-08-01T05:52:22.244034+00:00,4200.084122986,837.025975,4695,65.871,3.294,765.000,1714.922,43.250,15,0,0,R (running)
2026-08-01T05:52:22.744928+00:00,4200.585036000,837.526888,4695,65.880,3.294,765.000,1714.922,43.250,15,0,0,R (running)
2026-08-01T05:52:23.245907+00:00,4201.085995455,838.027847,4695,59.885,2.994,765.000,1714.922,43.250,15,0,0,R (running)
2026-08-01T05:52:23.746814+00:00,4201.586921862,838.528773,4695,61.885,3.094,765.000,1714.922,43.250,15,0,0,R (running)
2026-08-01T05:52:24.247691+00:00,4202.087798832,839.029650,4695,63.888,3.194,765.000,1714.922,43.250,15,0,0,R (running)
2026-08-01T05:52:24.747063+00:00,4202.588676595,839.530528,4695,71.874,3.594,765.000,1714.922,43.250,15,0,0,R (running)
2026-08-01T05:52:25.247917+00:00,4203.089547377,840.031399,4695,63.889,3.194,765.000,1714.922,43.250,15,0,0,R (running)
2026-08-01T05:52:25.748800+00:00,4203.590435393,840.532287,4695,63.887,3.194,765.000,1714.922,43.250,15,0,0,R (running)
2026-08-01T05:52:26.249280+00:00,4204.090901568,841.032753,4695,67.937,3.397,765.000,1714.922,43.250,15,0,0,R (running)
2026-08-01T05:52:26.750194+00:00,4204.591814405,841.533666,4695,61.887,3.094,765.000,1714.922,43.250,15,0,0,R (running)
2026-08-01T05:52:27.251081+00:00,4205.092713662,842.034565,4695,59.892,2.995,765.000,1714.922,43.250,15,0,0,S (sleeping)
2026-08-01T05:52:27.751953+00:00,4205.593560499,842.535412,4695,63.892,3.195,765.000,1714.922,43.250,15,0,0,S (sleeping)
2026-08-01T05:52:28.252861+00:00,4206.094482628,843.036334,4695,63.882,3.194,765.000,1714.922,43.250,15,0,0,S (sleeping)
2026-08-01T05:52:28.753793+00:00,4206.595421950,843.537274,4695,61.884,3.094,765.000,1714.922,43.250,15,0,0,S (sleeping)
2026-08-01T05:52:29.254754+00:00,4207.096339154,844.038191,4695,67.875,3.394,765.000,1714.922,43.250,15,0,0,S (sleeping)
2026-08-01T05:52:29.755646+00:00,4207.597279160,844.539131,4695,59.887,2.994,765.000,1714.922,43.250,15,0,0,S (sleeping)
2026-08-01T05:52:30.256560+00:00,4208.098176692,845.040028,4695,69.875,3.494,765.000,1714.922,43.250,15,0,0,R (running)
2026-08-01T05:52:30.757486+00:00,4208.599104071,845.540956,4695,57.893,2.895,765.000,1714.922,43.250,15,0,0,S (sleeping)
2026-08-01T05:52:31.258442+00:00,4209.100033638,846.041885,4695,63.881,3.194,765.000,1714.922,43.250,15,0,0,S (sleeping)
2026-08-01T05:52:31.759352+00:00,4209.600978158,846.542830,4695,71.864,3.593,765.000,1714.922,43.250,15,0,0,R (running)
2026-08-01T05:52:32.260290+00:00,4210.101923431,847.043775,4695,73.860,3.693,765.000,1714.922,43.250,15,0,0,S (sleeping)
2026-08-01T05:52:32.761191+00:00,4210.602817343,847.544669,4695,69.875,3.494,765.000,1714.922,43.250,15,0,0,S (sleeping)
2026-08-01T05:52:33.262075+00:00,4211.103710407,848.045562,4695,61.889,3.094,765.000,1714.922,43.250,15,0,0,S (sleeping)
2026-08-01T05:52:33.763061+00:00,4211.604695197,848.546547,4695,65.870,3.294,765.000,1714.922,43.250,15,0,0,S (sleeping)
2026-08-01T05:52:34.263551+00:00,4212.105184447,849.047036,4695,63.937,3.197,765.000,1714.922,43.250,15,0,0,S (sleeping)
2026-08-01T05:52:34.764447+00:00,4212.606057899,849.547909,4695,61.892,3.095,765.000,1714.922,43.250,15,0,0,S (sleeping)
2026-08-01T05:52:35.265463+00:00,4213.107082037,850.048934,4695,49.898,2.495,765.156,1714.922,43.250,15,0,0,S (sleeping)
2026-08-01T05:52:35.766387+00:00,4213.607999588,850.549851,4695,73.864,3.693,765.625,1714.922,43.250,15,0,0,S (sleeping)
2026-08-01T05:52:36.267231+00:00,4214.108866713,851.050718,4695,67.882,3.394,767.812,1714.922,43.250,15,0,0,S (sleeping)
2026-08-01T05:52:36.768146+00:00,4214.609755025,851.551607,4695,59.894,2.995,767.812,1714.922,43.250,15,0,0,R (running)
2026-08-01T05:52:37.269073+00:00,4215.110687828,852.052539,4695,67.873,3.394,767.812,1714.922,43.250,15,0,0,S (sleeping)
2026-08-01T05:52:37.770005+00:00,4215.611621738,852.553473,4695,61.884,3.094,767.812,1714.922,43.250,15,0,0,S (sleeping)
2026-08-01T05:52:38.270920+00:00,4216.112551900,853.054403,4695,63.881,3.194,768.750,1714.922,43.250,15,0,0,S (sleeping)
2026-08-01T05:52:38.771811+00:00,4216.613446492,853.555298,4695,65.882,3.294,769.688,1715.051,43.250,15,0,0,S (sleeping)
2026-08-01T05:52:39.272684+00:00,4217.114310329,854.056162,4695,55.903,2.795,770.312,1715.668,43.250,15,0,0,R (running)
2026-08-01T05:52:39.773591+00:00,4217.615205768,854.557057,4695,65.882,3.294,771.094,1716.359,43.250,15,0,0,R (running)
2026-08-01T05:52:40.274505+00:00,4218.116103265,855.057955,4695,77.860,3.893,772.188,1717.492,43.250,15,0,0,S (sleeping)
2026-08-01T05:52:40.775412+00:00,4218.617035039,855.558887,4695,69.870,3.493,772.188,1717.492,43.250,15,0,0,S (sleeping)
2026-08-01T05:52:41.276314+00:00,4219.117927695,856.059779,4695,63.886,3.194,772.188,1717.492,43.250,15,0,0,S (sleeping)
2026-08-01T05:52:41.777266+00:00,4219.618900541,856.560752,4695,61.880,3.094,772.188,1717.492,43.250,15,0,0,S (sleeping)
2026-08-01T05:52:42.278117+00:00,4220.119743748,857.061595,4695,53.909,2.695,772.188,1717.492,43.250,15,0,0,R (running)
2026-08-01T05:52:42.778998+00:00,4220.620629570,857.562481,4695,75.866,3.793,772.188,1717.492,43.250,15,0,0,S (sleeping)
2026-08-01T05:52:43.280040+00:00,4221.121580773,858.063432,4695,65.875,3.294,772.188,1717.492,43.250,15,0,0,S (sleeping)
2026-08-01T05:52:43.781032+00:00,4221.622636245,858.564488,4695,67.857,3.393,772.344,1717.707,43.250,15,0,0,S (sleeping)
2026-08-01T05:52:44.281949+00:00,4222.123548749,859.065400,4695,65.880,3.294,772.344,1717.707,43.250,15,0,0,S (sleeping)
2026-08-01T05:52:44.782903+00:00,4222.624531785,859.566383,4695,63.874,3.194,773.438,1718.816,43.250,15,0,0,R (running)
2026-08-01T05:52:45.283797+00:00,4223.125425579,860.067277,4695,77.861,3.893,773.438,1718.816,43.250,15,0,0,S (sleeping)
2026-08-01T05:52:45.784854+00:00,4223.626471909,860.568323,4695,57.879,2.894,773.438,1718.816,43.250,15,0,0,R (running)
2026-08-01T05:52:46.286044+00:00,4224.127671390,861.069523,4695,65.842,3.292,773.438,1718.816,43.250,15,0,0,R (running)
2026-08-01T05:52:46.786977+00:00,4224.628608575,861.570460,4695,95.820,4.791,773.438,1718.816,43.250,15,0,0,S (sleeping)
2026-08-01T05:52:47.287886+00:00,4225.129517272,862.071369,4695,79.855,3.993,773.438,1718.816,43.250,15,0,0,S (sleeping)
2026-08-01T05:52:47.788788+00:00,4225.630426139,862.572278,4695,61.888,3.094,773.438,1718.816,43.250,15,0,0,S (sleeping)
2026-08-01T05:52:48.289652+00:00,4226.131287700,863.073139,4695,65.886,3.294,773.438,1718.816,43.250,15,0,0,S (sleeping)
2026-08-01T05:52:48.790504+00:00,4226.632099411,863.573951,4695,63.896,3.195,773.438,1718.816,43.250,15,0,0,S (sleeping)
2026-08-01T05:52:49.291435+00:00,4227.133038432,864.074890,4695,65.876,3.294,773.438,1718.816,43.250,15,0,0,S (sleeping)
2026-08-01T05:52:49.792275+00:00,4227.633905193,864.575757,4695,63.889,3.194,773.438,1718.816,43.250,15,0,0,S (sleeping)
2026-08-01T05:52:50.293167+00:00,4228.134797930,865.076650,4695,65.882,3.294,773.438,1718.816,43.250,15,0,0,S (sleeping)
2026-08-01T05:52:50.794087+00:00,4228.635713710,865.577565,4695,67.876,3.394,773.438,1718.816,43.250,15,0,0,S (sleeping)
2026-08-01T05:52:51.294938+00:00,4229.136556309,866.078408,4695,67.886,3.394,773.438,1718.816,43.250,15,0,0,S (sleeping)
2026-08-01T05:52:51.795884+00:00,4229.637484871,866.579336,4695,73.863,3.693,773.438,1718.816,43.250,15,0,0,S (sleeping)
2026-08-01T05:52:52.296778+00:00,4230.138411596,867.080263,4695,63.882,3.194,773.438,1718.816,43.250,15,0,0,S (sleeping)
2026-08-01T05:52:52.797596+00:00,4230.639228059,867.581080,4695,63.896,3.195,773.438,1718.816,43.250,15,0,0,S (sleeping)
2026-08-01T05:52:53.298464+00:00,4231.140069384,868.081921,4695,65.889,3.294,773.438,1718.816,43.250,15,0,0,S (sleeping)
2026-08-01T05:52:53.799384+00:00,4231.640993314,868.582845,4695,65.878,3.294,773.438,1718.816,43.250,15,0,0,S (sleeping)
2026-08-01T05:52:54.300313+00:00,4232.141910090,869.083762,4695,69.872,3.494,773.438,1718.816,43.250,15,0,0,S (sleeping)
2026-08-01T05:52:54.800041+00:00,4232.643064785,869.584916,4695,69.839,3.492,773.438,1718.816,43.250,15,0,0,S (sleeping)
2026-08-01T05:52:55.300978+00:00,4233.143980355,870.085832,4695,71.868,3.593,773.438,1718.816,43.250,15,0,0,S (sleeping)
2026-08-01T05:52:55.801920+00:00,4233.644930471,870.586782,4695,73.860,3.693,773.438,1718.816,43.250,15,0,0,S (sleeping)
2026-08-01T05:52:56.302786+00:00,4234.145818793,871.087670,4695,67.879,3.394,773.438,1718.816,43.250,15,0,0,S (sleeping)
2026-08-01T05:52:56.803582+00:00,4234.646617989,871.588470,4695,69.888,3.494,773.438,1718.816,43.250,15,0,0,S (sleeping)
2026-08-01T05:52:57.304603+00:00,4235.147621084,872.089473,4695,67.864,3.393,773.438,1718.816,43.250,15,0,0,S (sleeping)
2026-08-01T05:52:57.805579+00:00,4235.648616234,872.590468,4695,63.873,3.194,773.438,1718.816,43.250,15,0,0,S (sleeping)
2026-08-01T05:52:58.306488+00:00,4236.149523810,873.091375,4695,65.880,3.294,773.438,1718.816,43.250,15,0,0,S (sleeping)
2026-08-01T05:52:58.807395+00:00,4236.650430674,873.592282,4695,71.870,3.593,773.438,1718.816,43.250,15,0,0,S (sleeping)
2026-08-01T05:52:59.308300+00:00,4237.151337198,874.093189,4695,65.881,3.294,773.438,1718.816,43.250,15,0,0,S (sleeping)
2026-08-01T05:52:59.809337+00:00,4237.652283590,874.594135,4695,63.879,3.194,773.438,1718.816,43.250,15,0,0,S (sleeping)
2026-08-01T05:53:00.310298+00:00,4238.153326664,875.095178,4695,65.863,3.293,773.438,1718.816,43.250,15,0,0,S (sleeping)
2026-08-01T05:53:00.811204+00:00,4238.654232773,875.596084,4695,63.884,3.194,773.438,1718.816,43.250,15,0,0,S (sleeping)
2026-08-01T05:53:01.312106+00:00,4239.155142625,876.096994,4695,125.771,6.289,806.406,1762.184,43.250,15,0,0,S (sleeping)
2026-08-01T05:53:01.813038+00:00,4239.656071406,876.597923,4695,61.885,3.094,806.406,1762.184,43.250,15,0,0,S (sleeping)
2026-08-01T05:53:02.313960+00:00,4240.156991077,877.098843,4695,65.879,3.294,806.406,1762.184,43.250,15,0,0,S (sleeping)
2026-08-01T05:53:02.814916+00:00,4240.657953254,877.599805,4695,63.877,3.194,806.406,1762.184,43.250,15,0,0,S (sleeping)
2026-08-01T05:53:03.315797+00:00,4241.158830145,878.100682,4695,63.888,3.194,806.406,1762.184,43.250,15,0,0,S (sleeping)
2026-08-01T05:53:03.816695+00:00,4241.659726083,878.601578,4695,67.878,3.394,806.406,1762.184,43.250,15,0,0,S (sleeping)
2026-08-01T05:53:04.317672+00:00,4242.160613084,879.102465,4695,63.887,3.194,806.406,1762.184,43.250,15,0,0,S (sleeping)
2026-08-01T05:53:04.818682+00:00,4242.661716134,879.603568,4695,69.846,3.492,806.406,1762.184,43.250,15,0,0,S (sleeping)
2026-08-01T05:53:05.319608+00:00,4243.162640726,880.104492,4695,65.878,3.294,806.406,1762.184,43.250,15,0,0,S (sleeping)
2026-08-01T05:53:05.820503+00:00,4243.663540031,880.605392,4695,67.878,3.394,806.406,1762.184,43.250,15,0,0,S (sleeping)
2026-08-01T05:53:06.321361+00:00,4244.164397013,881.106249,4695,67.884,3.394,806.406,1762.184,43.250,15,0,0,S (sleeping)
2026-08-01T05:53:06.822215+00:00,4244.665249681,881.607101,4695,65.888,3.294,806.406,1762.184,43.250,15,0,0,S (sleeping)
2026-08-01T05:53:07.323135+00:00,4245.166164245,882.108016,4695,65.879,3.294,806.406,1762.184,43.250,15,0,0,S (sleeping)
2026-08-01T05:53:07.824018+00:00,4245.667052638,882.608904,4695,65.883,3.294,806.406,1762.184,43.250,15,0,0,S (sleeping)
2026-08-01T05:53:08.324931+00:00,4246.167930175,883.109782,4695,69.877,3.494,806.406,1762.184,43.250,15,0,0,S (sleeping)
2026-08-01T05:53:08.825791+00:00,4246.668832851,883.610684,4695,65.881,3.294,806.406,1762.184,43.250,15,0,0,S (sleeping)
2026-08-01T05:53:09.326643+00:00,4247.169685812,884.111537,4695,71.877,3.594,806.406,1762.184,43.250,15,0,0,S (sleeping)
2026-08-01T05:53:09.827495+00:00,4247.670529503,884.612381,4695,67.885,3.394,806.406,1762.184,43.250,15,0,0,S (sleeping)
2026-08-01T05:53:10.328389+00:00,4248.171414456,885.113266,4695,73.869,3.693,806.406,1762.184,43.250,15,0,0,S (sleeping)
2026-08-01T05:53:10.829371+00:00,4248.672404688,885.614256,4695,61.877,3.094,806.406,1762.184,43.250,15,0,0,S (sleeping)
2026-08-01T05:53:11.329991+00:00,4249.173015201,886.114867,4695,69.915,3.496,806.406,1762.184,43.250,15,0,0,S (sleeping)
2026-08-01T05:53:11.830935+00:00,4249.673950848,886.615802,4695,63.880,3.194,806.406,1762.184,43.250,15,0,0,S (sleeping)
2026-08-01T05:53:12.331839+00:00,4250.174862085,887.116714,4695,69.873,3.494,806.406,1762.184,43.250,15,0,0,S (sleeping)
2026-08-01T05:53:12.832730+00:00,4250.675766901,887.617618,4695,77.859,3.893,806.406,1762.184,43.250,15,0,0,S (sleeping)
2026-08-01T05:53:13.333246+00:00,4251.176283801,888.118135,4695,63.934,3.197,806.406,1762.184,43.250,15,0,0,S (sleeping)
2026-08-01T05:53:13.834142+00:00,4251.677167250,888.619019,4695,65.884,3.294,806.406,1762.184,43.250,15,0,0,S (sleeping)
2026-08-01T05:53:14.335032+00:00,4252.178057880,889.119909,4695,65.883,3.294,806.406,1762.184,43.250,15,0,0,S (sleeping)
2026-08-01T05:53:14.835554+00:00,4252.678589512,889.620441,4695,65.930,3.296,806.406,1762.184,43.250,15,0,0,S (sleeping)
2026-08-01T05:53:15.336421+00:00,4253.179454761,890.121306,4695,65.886,3.294,806.406,1762.184,43.250,15,0,0,S (sleeping)
2026-08-01T05:53:15.837271+00:00,4253.680310462,890.622162,4695,63.891,3.195,806.406,1762.184,43.250,15,0,0,S (sleeping)
2026-08-01T05:53:16.338177+00:00,4254.181206237,891.123058,4695,67.878,3.394,806.406,1762.184,43.250,15,0,0,S (sleeping)
2026-08-01T05:53:16.839124+00:00,4254.682145308,891.623997,4695,65.876,3.294,806.406,1762.184,43.250,15,0,0,S (sleeping)
2026-08-01T05:53:17.340036+00:00,4255.183063629,892.124915,4695,63.883,3.194,806.406,1762.184,43.250,15,0,0,S (sleeping)
2026-08-01T05:53:17.840981+00:00,4255.683999874,892.625851,4695,65.877,3.294,806.406,1762.184,43.250,15,0,0,S (sleeping)
2026-08-01T05:53:18.341909+00:00,4256.184942844,893.126794,4695,67.872,3.394,806.406,1762.184,43.250,15,0,0,R (running)
2026-08-01T05:53:18.842799+00:00,4256.685836685,893.627688,4695,65.882,3.294,806.406,1762.184,43.250,15,0,0,S (sleeping)
2026-08-01T05:53:19.343666+00:00,4257.186693395,894.128545,4695,63.891,3.195,806.406,1762.184,43.250,15,0,0,S (sleeping)
2026-08-01T05:53:19.844583+00:00,4257.687615808,894.629467,4695,63.882,3.194,806.406,1762.184,43.250,15,0,0,S (sleeping)
2026-08-01T05:53:20.345557+00:00,4258.188576973,895.130429,4695,73.858,3.693,806.406,1762.184,43.250,15,0,0,S (sleeping)
2026-08-01T05:53:20.846481+00:00,4258.689516368,895.631368,4695,69.869,3.493,806.406,1762.184,43.250,15,0,0,R (running)
2026-08-01T05:53:21.347324+00:00,4259.190358281,896.132210,4695,67.886,3.394,806.406,1762.184,43.250,15,0,0,R (running)
2026-08-01T05:53:21.848192+00:00,4259.691231542,896.633083,4695,65.885,3.294,806.406,1762.184,43.250,15,0,0,R (running)
2026-08-01T05:53:22.349029+00:00,4260.192052511,897.133904,4695,67.889,3.394,806.406,1762.184,43.250,15,0,0,R (running)
2026-08-01T05:53:22.849481+00:00,4260.692514498,897.634366,4695,69.935,3.497,806.406,1762.184,43.250,15,0,0,R (running)
2026-08-01T05:53:23.350176+00:00,4261.193195047,898.135047,4695,67.908,3.395,806.406,1762.184,43.250,15,0,0,R (running)
2026-08-01T05:53:23.851129+00:00,4261.694154425,898.636006,4695,63.877,3.194,806.406,1762.184,43.250,15,0,0,R (running)
2026-08-01T05:53:24.352092+00:00,4262.195128630,899.136980,4695,63.876,3.194,806.406,1762.184,43.250,15,0,0,S (sleeping)
2026-08-01T05:53:24.851389+00:00,4262.696057749,899.637909,4695,69.870,3.494,806.406,1762.184,43.250,15,0,0,R (running)
2026-08-01T05:53:25.352309+00:00,4263.196980008,900.138832,4695,81.849,4.092,806.406,1762.184,43.250,15,0,0,R (running)
2026-08-01T05:53:25.853278+00:00,4263.697938559,900.639790,4695,61.881,3.094,806.406,1762.184,43.250,15,0,0,R (running)
2026-08-01T05:53:26.354252+00:00,4264.198928717,901.140780,4695,59.881,2.994,806.406,1762.184,43.250,15,0,0,S (sleeping)
2026-08-01T05:53:26.855108+00:00,4264.699779231,901.641631,4695,67.885,3.394,806.406,1762.184,43.250,15,0,0,R (running)
2026-08-01T05:53:27.356016+00:00,4265.200698577,902.142550,4695,67.875,3.394,806.406,1762.184,43.250,15,0,0,R (running)
2026-08-01T05:53:27.856896+00:00,4265.701576529,902.643428,4695,63.888,3.194,806.406,1762.184,43.250,15,0,0,R (running)
2026-08-01T05:53:28.357759+00:00,4266.202439088,903.144291,4695,65.886,3.294,806.406,1762.184,43.250,15,0,0,R (running)
2026-08-01T05:53:28.858646+00:00,4266.703321323,903.645173,4695,69.877,3.494,806.406,1762.184,43.250,15,0,0,R (running)
2026-08-01T05:53:29.359593+00:00,4267.204274936,904.146127,4695,69.867,3.493,806.406,1762.184,43.250,15,0,0,R (running)
2026-08-01T05:53:29.860486+00:00,4267.705166913,904.647018,4695,63.886,3.194,806.406,1762.184,43.250,15,0,0,R (running)
2026-08-01T05:53:30.361334+00:00,4268.206013699,905.147865,4695,65.888,3.294,806.406,1762.184,43.250,15,0,0,R (running)
2026-08-01T05:53:30.862262+00:00,4268.706941894,905.648793,4695,67.874,3.394,806.406,1762.184,43.250,15,0,0,S (sleeping)
2026-08-01T05:53:31.363147+00:00,4269.207821595,906.149673,4695,67.881,3.394,806.406,1762.184,43.250,15,0,0,S (sleeping)
2026-08-01T05:53:31.864264+00:00,4269.708831079,906.650683,4695,69.859,3.493,806.406,1762.184,43.250,15,0,0,S (sleeping)
2026-08-01T05:53:32.365217+00:00,4270.209888857,907.151740,4695,59.873,2.994,806.406,1762.184,43.250,15,0,0,S (sleeping)
2026-08-01T05:53:32.866123+00:00,4270.710790587,907.652642,4695,67.878,3.394,806.406,1762.184,43.250,15,0,0,S (sleeping)
2026-08-01T05:53:33.367011+00:00,4271.211690228,908.153542,4695,67.878,3.394,806.406,1762.184,43.250,15,0,0,S (sleeping)
2026-08-01T05:53:33.867906+00:00,4271.712572392,908.654424,4695,65.884,3.294,806.406,1762.184,43.250,15,0,0,S (sleeping)
2026-08-01T05:53:34.368883+00:00,4272.213509677,909.155361,4695,79.850,3.993,806.406,1762.184,43.250,15,0,0,S (sleeping)
2026-08-01T05:53:34.870077+00:00,4272.714657107,909.656509,4695,95.780,4.789,806.406,1762.184,43.250,15,0,0,R (running)
2026-08-01T05:53:35.371129+00:00,4273.215796863,910.157648,4695,67.845,3.392,806.406,1762.184,43.250,15,0,0,R (running)
2026-08-01T05:53:35.872186+00:00,4273.716770278,910.658622,4695,63.876,3.194,806.406,1762.184,43.250,15,0,0,R (running)
2026-08-01T05:53:36.373191+00:00,4274.217858789,911.159710,4695,85.813,4.291,806.406,1762.184,43.250,15,0,0,S (sleeping)
2026-08-01T05:53:36.874314+00:00,4274.718919968,911.660772,4695,57.877,2.894,806.406,1762.184,43.250,15,0,0,R (running)
2026-08-01T05:53:37.375291+00:00,4275.219934516,912.161786,4695,79.838,3.992,806.406,1762.184,43.250,15,0,0,S (sleeping)
2026-08-01T05:53:37.876214+00:00,4275.720889541,912.662741,4695,69.867,3.493,806.406,1762.184,43.250,15,0,0,S (sleeping)
2026-08-01T05:53:38.377158+00:00,4276.221837809,913.163689,4695,59.886,2.994,806.406,1762.184,43.250,15,0,0,R (running)
2026-08-01T05:53:38.878064+00:00,4276.722740295,913.664592,4695,71.870,3.594,806.406,1762.184,43.250,15,0,0,R (running)
2026-08-01T05:53:39.379189+00:00,4277.223755974,914.165608,4695,73.850,3.692,806.406,1762.184,43.250,15,0,0,R (running)
2026-08-01T05:53:39.880261+00:00,4277.724933524,914.666785,4695,89.789,4.489,806.406,1762.184,43.250,15,0,0,S (sleeping)
2026-08-01T05:53:40.381208+00:00,4278.225886377,915.167738,4695,67.871,3.394,806.406,1762.184,43.250,15,0,0,R (running)
2026-08-01T05:53:40.882166+00:00,4278.726851704,915.668703,4695,83.838,4.192,806.406,1762.184,43.250,15,0,0,S (sleeping)
2026-08-01T05:53:41.383062+00:00,4279.227737030,916.169589,4695,61.890,3.095,806.406,1762.184,43.250,15,0,0,R (running)
2026-08-01T05:53:41.884101+00:00,4279.728716239,916.670568,4695,77.848,3.892,806.406,1762.184,43.250,15,0,0,S (sleeping)
2026-08-01T05:53:42.385244+00:00,4280.229846930,917.171699,4695,73.833,3.692,806.406,1762.184,43.250,15,0,0,S (sleeping)
2026-08-01T05:53:42.886254+00:00,4280.730887800,917.672739,4695,69.855,3.493,806.406,1762.184,43.250,15,0,0,R (running)
2026-08-01T05:53:43.387242+00:00,4281.231909299,918.173761,4695,67.861,3.393,806.406,1762.184,43.250,15,0,0,R (running)
2026-08-01T05:53:43.888144+00:00,4281.732828049,918.674680,4695,75.861,3.793,806.406,1762.184,43.250,15,0,0,S (sleeping)
2026-08-01T05:53:44.389047+00:00,4282.233725858,919.175577,4695,69.875,3.494,806.406,1762.184,43.250,15,0,0,S (sleeping)
2026-08-01T05:53:44.889992+00:00,4282.734673755,919.676525,4695,73.860,3.693,806.406,1762.184,43.250,15,0,0,R (running)
2026-08-01T05:53:45.390869+00:00,4283.235544601,920.177396,4695,71.875,3.594,806.406,1762.184,43.250,15,0,0,S (sleeping)
2026-08-01T05:53:45.891786+00:00,4283.736472850,920.678324,4695,89.833,4.492,806.406,1762.184,43.250,15,0,0,S (sleeping)
2026-08-01T05:53:46.392697+00:00,4284.237377930,921.179230,4695,67.877,3.394,806.406,1762.184,43.250,15,0,0,S (sleeping)
2026-08-01T05:53:46.893611+00:00,4284.738294956,921.680147,4695,99.817,4.991,806.406,1762.184,43.250,15,0,0,S (sleeping)
2026-08-01T05:53:47.394058+00:00,4285.238734028,922.180586,4695,67.940,3.397,806.406,1762.184,43.250,15,0,0,S (sleeping)
2026-08-01T05:53:47.894979+00:00,4285.739647543,922.681499,4695,69.872,3.494,806.406,1762.184,43.250,15,0,0,R (running)
2026-08-01T05:53:48.395877+00:00,4286.240557981,923.182410,4695,71.869,3.593,806.406,1762.184,43.250,15,0,0,S (sleeping)
2026-08-01T05:53:48.896753+00:00,4286.741440178,923.683292,4695,67.880,3.394,806.406,1762.184,43.250,15,0,0,S (sleeping)
2026-08-01T05:53:49.397599+00:00,4287.242281874,924.184133,4695,75.872,3.794,806.406,1762.184,43.250,15,0,0,S (sleeping)
2026-08-01T05:53:49.898478+00:00,4287.743161655,924.685013,4695,67.881,3.394,806.406,1762.184,43.250,15,0,0,S (sleeping)
2026-08-01T05:53:50.399385+00:00,4288.244057720,925.185909,4695,69.875,3.494,806.406,1762.184,43.250,15,0,0,S (sleeping)
2026-08-01T05:53:50.900303+00:00,4288.744967203,925.686819,4695,119.782,5.989,761.520,1714.008,43.250,15,0,0,S (sleeping)
2026-08-01T05:53:51.401176+00:00,4289.245857149,926.187709,4695,61.890,3.094,761.520,1714.008,43.250,15,0,0,S (sleeping)
2026-08-01T05:53:51.901885+00:00,4289.746570540,926.688422,4695,65.906,3.295,736.738,1666.004,43.250,15,0,0,S (sleeping)
2026-08-01T05:53:52.402723+00:00,4290.247406805,927.189258,4695,67.886,3.394,736.738,1666.004,43.250,15,0,0,S (sleeping)
2026-08-01T05:53:52.903633+00:00,4290.748316994,927.690169,4695,63.884,3.194,736.738,1666.004,43.250,15,0,0,S (sleeping)
2026-08-01T05:53:53.404536+00:00,4291.249201587,928.191053,4695,65.883,3.294,736.738,1666.004,43.250,15,0,0,S (sleeping)
2026-08-01T05:53:53.905395+00:00,4291.750066586,928.691918,4695,63.889,3.194,736.738,1666.004,43.250,15,0,0,S (sleeping)
2026-08-01T05:53:54.405794+00:00,4292.250475057,929.192327,4695,69.943,3.497,736.738,1666.004,43.250,15,0,0,S (sleeping)
2026-08-01T05:53:54.905407+00:00,4292.751391963,929.693244,4695,63.883,3.194,736.738,1666.004,43.250,15,0,0,S (sleeping)
2026-08-01T05:53:55.406330+00:00,4293.252309927,930.194162,4695,63.883,3.194,736.738,1666.004,43.250,15,0,0,S (sleeping)
2026-08-01T05:53:55.907238+00:00,4293.753213485,930.695065,4695,63.885,3.194,736.738,1666.004,43.250,15,0,0,S (sleeping)
2026-08-01T05:53:56.408126+00:00,4294.254114057,931.195966,4695,67.878,3.394,736.738,1666.004,43.250,15,0,0,S (sleeping)
2026-08-01T05:53:56.909093+00:00,4294.755082069,931.696934,4695,65.872,3.294,736.738,1666.004,43.250,15,0,0,S (sleeping)
2026-08-01T05:53:57.409981+00:00,4295.255948529,932.197800,4695,67.882,3.394,736.738,1666.004,43.250,15,0,0,S (sleeping)
2026-08-01T05:53:57.910845+00:00,4295.756831500,932.698683,4695,71.873,3.594,736.738,1666.004,43.250,15,0,0,S (sleeping)
2026-08-01T05:53:58.411729+00:00,4296.257707750,933.199559,4695,75.867,3.793,736.738,1666.004,43.250,15,0,0,S (sleeping)
2026-08-01T05:53:58.912644+00:00,4296.758622474,933.700474,4695,59.890,2.995,736.738,1666.004,43.250,15,0,0,S (sleeping)
2026-08-01T05:53:59.413542+00:00,4297.259514840,934.201366,4695,61.890,3.094,736.738,1666.004,43.250,15,0,0,S (sleeping)
2026-08-01T05:53:59.914417+00:00,4297.760406181,934.702258,4695,65.883,3.294,736.738,1666.004,43.250,15,0,0,S (sleeping)
2026-08-01T05:54:00.415054+00:00,4298.261043245,935.202895,4695,63.919,3.196,736.738,1666.004,43.250,15,0,0,S (sleeping)
2026-08-01T05:54:00.915909+00:00,4298.761899568,935.703751,4695,65.887,3.294,736.738,1666.004,43.250,15,0,0,S (sleeping)
2026-08-01T05:54:01.416770+00:00,4299.262758499,936.204610,4695,67.883,3.394,736.738,1666.004,43.250,15,0,0,S (sleeping)
2026-08-01T05:54:01.917660+00:00,4299.763654621,936.705506,4695,65.882,3.294,736.738,1666.004,43.250,15,0,0,S (sleeping)
2026-08-01T05:54:02.418672+00:00,4300.264630542,937.206482,4695,67.868,3.393,736.738,1666.004,43.250,15,0,0,S (sleeping)
2026-08-01T05:54:02.919657+00:00,4300.765633209,937.707485,4695,61.876,3.094,736.738,1666.004,43.250,15,0,0,S (sleeping)
2026-08-01T05:54:03.420500+00:00,4301.266492623,938.208344,4695,69.880,3.494,736.738,1666.004,43.250,15,0,0,S (sleeping)
2026-08-01T05:54:03.921346+00:00,4301.767328921,938.709181,4695,83.860,4.193,751.582,1730.004,43.250,15,0,0,S (sleeping)
2026-08-01T05:54:04.422260+00:00,4302.268247833,939.210099,4695,63.883,3.194,736.738,1666.004,43.250,15,0,0,S (sleeping)
2026-08-01T05:54:04.923148+00:00,4302.769136655,939.710988,4695,63.886,3.194,736.738,1666.004,43.250,15,0,0,S (sleeping)
2026-08-01T05:54:05.424209+00:00,4303.270075550,940.211927,4695,63.880,3.194,736.738,1666.004,43.250,15,0,0,S (sleeping)
2026-08-01T05:54:05.925141+00:00,4303.771129167,940.712981,4695,63.865,3.193,736.738,1666.004,43.250,15,0,0,S (sleeping)
2026-08-01T05:54:06.426035+00:00,4304.271997933,941.213850,4695,65.886,3.294,736.738,1666.004,43.250,15,0,0,S (sleeping)
2026-08-01T05:54:06.926922+00:00,4304.772904410,941.714756,4695,63.884,3.194,736.738,1666.004,43.250,15,0,0,S (sleeping)
2026-08-01T05:54:07.427838+00:00,4305.273826910,942.215678,4695,67.875,3.394,736.738,1666.004,43.250,15,0,0,S (sleeping)
2026-08-01T05:54:07.928714+00:00,4305.774696773,942.716548,4695,63.889,3.194,736.738,1666.004,43.250,15,0,0,S (sleeping)
2026-08-01T05:54:08.429682+00:00,4306.275657658,943.217509,4695,69.866,3.493,736.738,1666.004,43.250,15,0,0,S (sleeping)
2026-08-01T05:54:08.930582+00:00,4306.776562727,943.718414,4695,67.877,3.394,736.738,1666.004,43.250,15,0,0,S (sleeping)
2026-08-01T05:54:09.431480+00:00,4307.277463471,944.219315,4695,67.878,3.394,736.738,1666.004,43.250,15,0,0,S (sleeping)
2026-08-01T05:54:09.932416+00:00,4307.778400476,944.720252,4695,67.873,3.394,737.520,1666.730,43.250,15,0,0,S (sleeping)
2026-08-01T05:54:10.433315+00:00,4308.279299274,945.221151,4695,65.882,3.294,737.832,1667.090,43.250,15,0,0,S (sleeping)
2026-08-01T05:54:10.934226+00:00,4308.780193391,945.722045,4695,67.879,3.394,738.457,1667.727,43.250,15,0,0,S (sleeping)
2026-08-01T05:54:11.435156+00:00,4309.281138520,946.222990,4695,65.875,3.294,740.176,1669.414,43.250,15,0,0,S (sleeping)
2026-08-01T05:54:11.936075+00:00,4309.782064947,946.723917,4695,69.871,3.494,740.176,1669.414,43.250,15,0,0,S (sleeping)
2026-08-01T05:54:12.436911+00:00,4310.282896810,947.224748,4695,65.890,3.295,740.176,1669.414,43.250,15,0,0,S (sleeping)
2026-08-01T05:54:12.937835+00:00,4310.783814052,947.725666,4695,69.872,3.494,740.176,1669.414,43.250,15,0,0,S (sleeping)
2026-08-01T05:54:13.438751+00:00,4311.284743793,948.226595,4695,69.870,3.494,740.176,1669.414,43.250,15,0,0,S (sleeping)
2026-08-01T05:54:13.939617+00:00,4311.785588959,948.727441,4695,65.889,3.294,741.426,1670.695,43.250,15,0,0,R (running)
2026-08-01T05:54:14.440342+00:00,4312.286292161,949.228144,4695,63.910,3.196,741.582,1670.695,43.250,15,0,0,S (sleeping)
2026-08-01T05:54:14.941262+00:00,4312.787249766,949.729101,4695,69.866,3.493,742.051,1671.336,43.250,15,0,0,R (running)
2026-08-01T05:54:15.442183+00:00,4313.288164160,950.230016,4695,67.876,3.394,742.051,1671.336,43.250,15,0,0,S (sleeping)
2026-08-01T05:54:15.943084+00:00,4313.789055871,950.730907,4695,75.865,3.793,742.051,1671.336,43.250,15,0,0,S (sleeping)
2026-08-01T05:54:16.444058+00:00,4314.290031556,951.231883,4695,65.871,3.294,742.051,1671.336,43.250,15,0,0,R (running)
2026-08-01T05:54:16.945075+00:00,4314.791031932,951.732884,4695,65.868,3.293,742.051,1671.336,43.250,15,0,0,R (running)
2026-08-01T05:54:17.446035+00:00,4315.292014694,952.233866,4695,63.874,3.194,742.051,1671.336,43.250,15,0,0,R (running)
2026-08-01T05:54:17.946994+00:00,4315.792893865,952.734745,4695,65.884,3.294,742.051,1671.336,43.250,15,0,0,S (sleeping)
2026-08-01T05:54:18.448004+00:00,4316.293988433,953.235840,4695,67.851,3.393,742.051,1671.336,43.250,15,0,0,S (sleeping)
2026-08-01T05:54:18.948951+00:00,4316.794930812,953.736782,4695,71.865,3.593,742.051,1671.336,43.250,15,0,0,S (sleeping)
2026-08-01T05:54:19.449984+00:00,4317.295926800,954.237778,4695,87.825,4.391,742.051,1671.336,43.250,15,0,0,R (running)
2026-08-01T05:54:19.951081+00:00,4317.796956862,954.738808,4695,71.852,3.593,742.051,1671.336,43.250,15,0,0,R (running)
2026-08-01T05:54:20.451958+00:00,4318.297944894,955.239796,4695,63.874,3.194,742.051,1671.336,43.250,15,0,0,R (running)
2026-08-01T05:54:20.953065+00:00,4318.798942006,955.740794,4695,69.861,3.493,742.051,1671.336,43.250,15,0,0,R (running)
2026-08-01T05:54:21.454087+00:00,4319.300069712,956.241921,4695,63.856,3.193,742.051,1671.336,43.250,15,0,0,S (sleeping)
2026-08-01T05:54:21.955187+00:00,4319.801091353,956.742943,4695,67.861,3.393,742.051,1671.336,43.250,15,0,0,R (running)
2026-08-01T05:54:22.456172+00:00,4320.302156149,957.244008,4695,73.843,3.692,742.051,1671.336,43.250,15,0,0,R (running)
2026-08-01T05:54:22.957046+00:00,4320.803029185,957.744881,4695,65.885,3.294,742.051,1671.336,43.250,15,0,0,R (running)
2026-08-01T05:54:23.458108+00:00,4321.303977075,958.245829,4695,71.864,3.593,742.051,1671.336,43.250,15,0,0,R (running)
2026-08-01T05:54:23.959211+00:00,4321.805112459,958.746964,4695,107.755,5.388,774.238,1719.340,43.250,15,0,0,R (running)
2026-08-01T05:54:24.460301+00:00,4322.306265275,959.248117,4695,67.844,3.392,774.238,1719.340,43.250,15,0,0,S (sleeping)
2026-08-01T05:54:24.959749+00:00,4322.807241995,959.749094,4695,73.856,3.693,774.238,1719.340,43.250,15,0,0,R (running)
2026-08-01T05:54:25.460732+00:00,4323.308148846,960.250000,4695,69.873,3.494,742.238,1671.336,43.250,15,0,0,R (running)
2026-08-01T05:54:25.961740+00:00,4323.809231752,960.751083,4695,69.849,3.492,742.238,1671.336,43.250,15,0,0,R (running)
2026-08-01T05:54:26.462667+00:00,4324.310167005,961.252019,4695,67.873,3.394,742.238,1671.336,43.250,15,0,0,S (sleeping)
2026-08-01T05:54:26.963736+00:00,4324.811130255,961.752982,4695,69.865,3.493,742.395,1671.336,43.250,15,0,0,R (running)
2026-08-01T05:54:27.464764+00:00,4325.312263495,962.254115,4695,69.842,3.492,742.395,1671.336,43.250,15,0,0,S (sleeping)
2026-08-01T05:54:27.965666+00:00,4325.813157476,962.755009,4695,69.875,3.494,742.395,1671.336,43.250,15,0,0,S (sleeping)
2026-08-01T05:54:28.466608+00:00,4326.314092292,963.255944,4695,67.873,3.394,742.395,1671.336,43.250,15,0,0,S (sleeping)
2026-08-01T05:54:28.967548+00:00,4326.815042269,963.756894,4695,69.867,3.493,742.395,1671.336,43.250,15,0,0,S (sleeping)
2026-08-01T05:54:29.468421+00:00,4327.315891691,964.257743,4695,73.874,3.694,742.395,1671.336,43.250,15,0,0,S (sleeping)
2026-08-01T05:54:29.969325+00:00,4327.816827298,964.758679,4695,63.880,3.194,742.395,1671.336,43.250,15,0,0,S (sleeping)
2026-08-01T05:54:30.470203+00:00,4328.317696723,965.259548,4695,69.878,3.494,742.395,1671.336,43.250,15,0,0,S (sleeping)
2026-08-01T05:54:30.971113+00:00,4328.818598267,965.760450,4695,57.896,2.895,742.395,1671.336,43.250,15,0,0,R (running)
2026-08-01T05:54:31.471997+00:00,4329.319495963,966.261348,4695,77.860,3.893,742.395,1671.336,43.250,15,0,0,R (running)
2026-08-01T05:54:31.972831+00:00,4329.820325408,966.762177,4695,79.868,3.993,742.395,1671.336,43.250,15,0,0,S (sleeping)
2026-08-01T05:54:32.473774+00:00,4330.321265209,967.263117,4695,63.880,3.194,742.395,1671.336,43.250,15,0,0,S (sleeping)
2026-08-01T05:54:32.974710+00:00,4330.822195417,967.764047,4695,69.870,3.494,742.395,1671.336,43.250,15,0,0,S (sleeping)
2026-08-01T05:54:33.475631+00:00,4331.323136183,968.264988,4695,67.872,3.394,742.395,1671.336,43.250,15,0,0,S (sleeping)
2026-08-01T05:54:33.976526+00:00,4331.824021789,968.765873,4695,69.876,3.494,742.395,1671.336,43.250,15,0,0,S (sleeping)
2026-08-01T05:54:34.477425+00:00,4332.324922191,969.266774,4695,67.878,3.394,742.395,1671.336,43.250,15,0,0,S (sleeping)
2026-08-01T05:54:34.978356+00:00,4332.825805398,969.767657,4695,69.877,3.494,742.395,1671.336,43.250,15,0,0,S (sleeping)
2026-08-01T05:54:35.479295+00:00,4333.326794770,970.268646,4695,69.862,3.493,742.395,1671.336,43.250,15,0,0,S (sleeping)
2026-08-01T05:54:35.980263+00:00,4333.827751809,970.769603,4695,69.866,3.493,742.395,1671.336,43.250,15,0,0,S (sleeping)
2026-08-01T05:54:36.480718+00:00,4334.328220044,971.270072,4695,69.935,3.497,742.395,1671.336,43.250,15,0,0,S (sleeping)
2026-08-01T05:54:36.981615+00:00,4334.829111563,971.770963,4695,69.875,3.494,742.395,1671.336,43.250,15,0,0,S (sleeping)
2026-08-01T05:54:37.482503+00:00,4335.330003782,972.271855,4695,75.865,3.793,742.395,1671.336,43.250,15,0,0,S (sleeping)
2026-08-01T05:54:37.983359+00:00,4335.830848759,972.772700,4695,63.892,3.195,742.395,1671.336,43.250,15,0,0,S (sleeping)
2026-08-01T05:54:38.484325+00:00,4336.331826736,973.273678,4695,69.863,3.493,742.395,1671.336,43.250,15,0,0,S (sleeping)
2026-08-01T05:54:38.985250+00:00,4336.832745759,973.774597,4695,65.879,3.294,742.395,1671.336,43.250,15,0,0,S (sleeping)
2026-08-01T05:54:39.486132+00:00,4337.333543890,974.275395,4695,63.898,3.195,742.395,1671.336,43.250,15,0,0,R (running)
2026-08-01T05:54:39.987132+00:00,4337.834624065,974.776476,4695,93.797,4.690,742.395,1671.336,43.250,15,0,0,S (sleeping)
2026-08-01T05:54:40.488044+00:00,4338.335546492,975.277398,4695,65.878,3.294,742.395,1671.336,43.250,15,0,0,S (sleeping)
2026-08-01T05:54:40.988901+00:00,4338.836398440,975.778250,4695,65.888,3.294,742.395,1671.336,43.250,15,0,0,S (sleeping)
2026-08-01T05:54:41.489867+00:00,4339.337364240,976.279216,4695,65.873,3.294,742.395,1671.336,43.250,15,0,0,S (sleeping)
2026-08-01T05:54:41.990768+00:00,4339.838239836,976.780091,4695,65.885,3.294,742.395,1671.336,43.250,15,0,0,S (sleeping)
2026-08-01T05:54:42.491647+00:00,4340.339147151,977.280999,4695,67.877,3.394,742.395,1671.336,43.250,15,0,0,S (sleeping)
2026-08-01T05:54:42.992545+00:00,4340.840041628,977.781893,4695,65.882,3.294,742.395,1671.336,43.250,15,0,0,S (sleeping)
2026-08-01T05:54:43.493431+00:00,4341.340929970,978.282782,4695,67.879,3.394,742.395,1671.336,43.250,15,0,0,S (sleeping)
2026-08-01T05:54:43.994474+00:00,4341.841964854,978.783816,4695,61.872,3.094,742.395,1671.336,43.250,15,0,0,R (running)
2026-08-01T05:54:44.495338+00:00,4342.342838848,979.284690,4695,71.874,3.594,742.395,1671.336,43.250,15,0,0,S (sleeping)
2026-08-01T05:54:44.995776+00:00,4342.843279402,979.785131,4695,67.940,3.397,742.395,1671.336,43.250,15,0,0,S (sleeping)
2026-08-01T05:54:45.496660+00:00,4343.344160724,980.286012,4695,69.877,3.494,742.395,1671.336,43.250,15,0,0,S (sleeping)
2026-08-01T05:54:45.997175+00:00,4343.844663505,980.786515,4695,67.932,3.397,742.395,1671.336,43.250,15,0,0,S (sleeping)
2026-08-01T05:54:46.498140+00:00,4344.345597661,981.287449,4695,75.858,3.793,742.395,1671.336,43.250,15,0,0,R (running)
2026-08-01T05:54:46.999175+00:00,4344.846570096,981.788422,4695,103.798,5.190,742.551,1671.617,43.250,15,0,0,S (sleeping)
2026-08-01T05:54:47.500255+00:00,4345.347685859,982.289537,4695,71.840,3.592,742.551,1671.617,43.250,15,0,0,S (sleeping)
2026-08-01T05:54:48.001179+00:00,4345.848659314,982.790511,4695,69.864,3.493,742.551,1671.617,43.250,15,0,0,S (sleeping)
2026-08-01T05:54:48.502074+00:00,4346.349571253,983.291423,4695,69.873,3.494,742.551,1671.617,43.250,15,0,0,S (sleeping)
2026-08-01T05:54:49.002955+00:00,4346.850445100,983.792297,4695,77.864,3.893,742.551,1671.617,43.250,15,0,0,S (sleeping)
2026-08-01T05:54:49.503841+00:00,4347.351337172,984.293189,4695,65.882,3.294,742.551,1671.617,43.250,15,0,0,S (sleeping)
2026-08-01T05:54:50.004772+00:00,4347.852273423,984.794125,4695,87.836,4.392,786.512,1715.543,43.250,15,0,0,S (sleeping)
2026-08-01T05:54:50.505675+00:00,4348.353158526,985.295010,4695,61.890,3.095,786.512,1715.543,43.250,15,0,0,S (sleeping)
2026-08-01T05:54:51.006544+00:00,4348.854043370,985.795895,4695,63.887,3.194,786.512,1715.543,43.250,15,0,0,S (sleeping)
2026-08-01T05:54:51.507477+00:00,4349.354968103,986.296820,4695,63.882,3.194,786.512,1715.543,43.250,15,0,0,S (sleeping)
2026-08-01T05:54:52.008381+00:00,4349.855879322,986.797731,4695,65.880,3.294,739.328,1668.344,43.250,15,0,0,S (sleeping)
2026-08-01T05:54:52.509334+00:00,4350.356822178,987.298674,4695,65.876,3.294,742.141,1671.242,43.250,15,0,0,S (sleeping)
2026-08-01T05:54:53.010226+00:00,4350.857726098,987.799578,4695,61.888,3.094,742.141,1671.242,43.250,15,0,0,S (sleeping)
2026-08-01T05:54:53.511101+00:00,4351.358602974,988.300455,4695,65.884,3.294,742.141,1671.242,43.250,15,0,0,S (sleeping)
2026-08-01T05:54:54.011931+00:00,4351.859399392,988.801251,4695,65.895,3.295,742.141,1671.242,43.250,15,0,0,S (sleeping)
2026-08-01T05:54:54.511503+00:00,4352.360359280,989.302211,4695,63.877,3.194,742.141,1671.242,43.250,15,0,0,S (sleeping)
2026-08-01T05:54:55.012367+00:00,4352.861219295,989.803071,4695,69.880,3.494,742.141,1671.242,43.250,15,0,0,S (sleeping)
2026-08-01T05:54:55.512764+00:00,4353.361607172,990.303459,4695,63.950,3.198,742.141,1671.242,43.250,15,0,0,S (sleeping)
2026-08-01T05:54:56.013499+00:00,4353.862173766,990.804025,4695,67.923,3.396,742.141,1671.242,43.250,15,0,0,S (sleeping)
2026-08-01T05:54:56.514393+00:00,4354.363249678,991.305101,4695,63.863,3.193,742.141,1671.242,43.250,15,0,0,S (sleeping)
2026-08-01T05:54:57.015307+00:00,4354.864165876,991.806017,4695,65.879,3.294,742.141,1671.242,43.250,15,0,0,S (sleeping)
2026-08-01T05:54:57.515695+00:00,4355.364549964,992.306402,4695,63.951,3.198,742.141,1671.242,43.250,15,0,0,S (sleeping)
2026-08-01T05:54:58.016604+00:00,4355.865454043,992.807306,4695,73.866,3.693,742.141,1671.242,43.250,15,0,0,S (sleeping)
2026-08-01T05:54:58.517028+00:00,4356.365875778,993.307727,4695,63.946,3.197,742.141,1671.242,43.250,15,0,0,S (sleeping)
2026-08-01T05:54:59.017502+00:00,4356.866350450,993.808202,4695,67.936,3.397,742.141,1671.242,43.250,15,0,0,S (sleeping)
2026-08-01T05:54:59.518436+00:00,4357.367280192,994.309132,4695,63.881,3.194,742.141,1671.242,43.250,15,0,0,S (sleeping)
2026-08-01T05:55:00.019383+00:00,4357.868242030,994.810094,4695,61.881,3.094,742.141,1671.242,43.250,15,0,0,S (sleeping)
2026-08-01T05:55:00.520314+00:00,4358.369165270,995.311017,4695,71.867,3.593,742.141,1671.242,43.250,15,0,0,S (sleeping)
2026-08-01T05:55:01.020783+00:00,4358.869629096,995.811481,4695,85.920,4.296,742.141,1671.242,43.250,15,0,0,S (sleeping)
2026-08-01T05:55:01.521704+00:00,4359.370560694,996.312412,4695,65.877,3.294,742.141,1671.242,43.250,15,0,0,S (sleeping)
2026-08-01T05:55:02.022622+00:00,4359.871468777,996.813320,4695,65.880,3.294,742.141,1671.242,43.250,15,0,0,S (sleeping)
2026-08-01T05:55:02.523595+00:00,4360.372418716,997.314270,4695,63.879,3.194,742.141,1671.242,43.250,15,0,0,S (sleeping)
2026-08-01T05:55:03.024603+00:00,4360.873458002,997.815310,4695,71.851,3.593,742.141,1671.242,43.250,15,0,0,S (sleeping)
2026-08-01T05:55:03.525576+00:00,4361.374386090,998.316238,4695,71.867,3.593,742.141,1671.242,43.250,15,0,0,S (sleeping)
2026-08-01T05:55:04.026646+00:00,4361.875409705,998.817261,4695,67.861,3.393,742.141,1671.242,43.250,15,0,0,S (sleeping)
2026-08-01T05:55:04.527218+00:00,4362.376038652,999.317890,4695,71.910,3.595,742.141,1671.242,43.250,15,0,0,S (sleeping)
2026-08-01T05:55:05.028121+00:00,4362.876973453,999.818825,4695,65.877,3.294,742.141,1671.242,43.250,15,0,0,S (sleeping)
2026-08-01T05:55:05.529074+00:00,4363.377930607,1000.319782,4695,69.866,3.493,742.297,1671.242,43.250,15,0,0,S (sleeping)
2026-08-01T05:55:06.029965+00:00,4363.878822177,1000.820674,4695,69.875,3.494,742.297,1671.242,43.250,15,0,0,S (sleeping)
2026-08-01T05:55:06.530873+00:00,4364.379731065,1001.321583,4695,59.891,2.995,742.297,1671.242,43.250,15,0,0,S (sleeping)
2026-08-01T05:55:07.031719+00:00,4364.880575806,1001.822427,4695,67.885,3.394,742.297,1671.242,43.250,15,0,0,S (sleeping)
2026-08-01T05:55:07.532658+00:00,4365.381516309,1002.323368,4695,59.887,2.994,742.297,1671.242,43.250,15,0,0,S (sleeping)
2026-08-01T05:55:08.033811+00:00,4365.882541378,1002.824393,4695,63.869,3.193,742.297,1671.242,43.250,15,0,0,S (sleeping)
2026-08-01T05:55:08.534829+00:00,4366.383684813,1003.325536,4695,67.845,3.392,742.297,1671.242,43.250,15,0,0,S (sleeping)
2026-08-01T05:55:09.035777+00:00,4366.884618273,1003.826470,4695,63.881,3.194,742.297,1671.242,43.250,15,0,0,R (running)
2026-08-01T05:55:09.536727+00:00,4367.385579876,1004.327431,4695,63.877,3.194,742.297,1671.242,43.250,15,0,0,S (sleeping)
2026-08-01T05:55:10.037638+00:00,4367.886485389,1004.828337,4695,75.863,3.793,742.297,1671.242,43.250,15,0,0,R (running)
2026-08-01T05:55:10.538579+00:00,4368.387397344,1005.329249,4695,61.887,3.094,742.297,1671.242,43.250,15,0,0,S (sleeping)
2026-08-01T05:55:11.039610+00:00,4368.888464302,1005.830316,4695,65.859,3.293,742.297,1671.242,43.250,15,0,0,S (sleeping)
2026-08-01T05:55:11.540521+00:00,4369.389378739,1006.331230,4695,63.883,3.194,742.297,1671.242,43.250,15,0,0,S (sleeping)
2026-08-01T05:55:12.041405+00:00,4369.890253767,1006.832105,4695,59.895,2.995,742.297,1671.242,43.250,15,0,0,S (sleeping)
2026-08-01T05:55:12.542272+00:00,4370.391127095,1007.332979,4695,65.885,3.294,742.297,1671.242,43.250,15,0,0,R (running)
2026-08-01T05:55:13.043219+00:00,4370.892059215,1007.833911,4695,71.866,3.593,742.297,1671.422,43.250,15,0,0,R (running)
2026-08-01T05:55:13.544272+00:00,4371.393105447,1008.334957,4695,59.875,2.994,742.297,1671.422,43.250,15,0,0,S (sleeping)
2026-08-01T05:55:14.045286+00:00,4371.894128831,1008.835980,4695,61.873,3.094,742.297,1671.422,43.250,15,0,0,R (running)
2026-08-01T05:55:14.545832+00:00,4372.394691800,1009.336543,4695,61.930,3.097,742.297,1671.422,43.250,15,0,0,R (running)
2026-08-01T05:55:15.046693+00:00,4372.895546434,1009.837398,4695,65.887,3.294,742.297,1671.422,43.250,15,0,0,R (running)
2026-08-01T05:55:15.547618+00:00,4373.396476577,1010.338328,4695,63.881,3.194,742.297,1671.422,43.250,15,0,0,R (running)
2026-08-01T05:55:16.048493+00:00,4373.897349073,1010.839201,4695,65.885,3.294,742.297,1671.422,43.250,15,0,0,R (running)
2026-08-01T05:55:16.549774+00:00,4374.398629759,1011.340481,4695,61.842,3.092,742.297,1671.422,43.250,15,0,0,R (running)
2026-08-01T05:55:17.050678+00:00,4374.899534350,1011.841386,4695,65.881,3.294,742.297,1671.422,43.250,15,0,0,R (running)
2026-08-01T05:55:17.551557+00:00,4375.400411605,1012.342263,4695,63.888,3.194,742.297,1671.422,43.250,15,0,0,R (running)
2026-08-01T05:55:18.052433+00:00,4375.901290107,1012.843142,4695,69.877,3.494,742.297,1671.422,43.250,15,0,0,S (sleeping)
2026-08-01T05:55:18.553314+00:00,4376.402170608,1013.344022,4695,65.884,3.294,742.297,1671.422,43.250,15,0,0,R (running)
2026-08-01T05:55:19.054428+00:00,4376.903205857,1013.845057,4695,65.864,3.293,742.297,1671.422,43.250,15,0,0,R (running)
2026-08-01T05:55:19.555302+00:00,4377.404158393,1014.346010,4695,63.878,3.194,742.297,1671.422,43.250,15,0,0,R (running)
2026-08-01T05:55:20.056216+00:00,4377.905048264,1014.846900,4695,65.883,3.294,742.297,1671.422,43.250,15,0,0,R (running)
2026-08-01T05:55:20.557184+00:00,4378.406034128,1015.347886,4695,63.874,3.194,742.297,1671.422,43.250,15,0,0,R (running)
2026-08-01T05:55:21.058010+00:00,4378.906868484,1015.848720,4695,65.890,3.295,742.297,1671.422,43.250,15,0,0,R (running)
2026-08-01T05:55:21.558919+00:00,4379.407765350,1016.349617,4695,63.885,3.194,742.297,1671.422,43.250,15,0,0,S (sleeping)
2026-08-01T05:55:22.059958+00:00,4379.908749926,1016.850602,4695,81.839,4.092,752.719,1681.824,43.250,15,0,0,R (running)
2026-08-01T05:55:22.560818+00:00,4380.409674751,1017.351526,4695,69.871,3.494,752.719,1681.824,43.250,15,0,0,S (sleeping)
2026-08-01T05:55:23.061695+00:00,4380.910552057,1017.852404,4695,61.891,3.095,752.719,1681.824,43.250,15,0,0,S (sleeping)
2026-08-01T05:55:23.562605+00:00,4381.411461805,1018.353313,4695,61.887,3.094,752.719,1681.824,43.250,15,0,0,S (sleeping)
2026-08-01T05:55:24.063450+00:00,4381.912309318,1018.854161,4695,65.888,3.294,752.719,1681.824,43.250,15,0,0,S (sleeping)
2026-08-01T05:55:24.562881+00:00,4382.413192886,1019.355044,4695,65.884,3.294,752.719,1681.824,43.250,15,0,0,S (sleeping)
2026-08-01T05:55:25.063884+00:00,4382.914193055,1019.856045,4695,63.872,3.194,752.719,1681.824,43.250,15,0,0,S (sleeping)
2026-08-01T05:55:25.564798+00:00,4383.415113927,1020.356966,4695,57.893,2.895,752.719,1681.824,43.250,15,0,0,S (sleeping)
2026-08-01T05:55:26.065708+00:00,4383.916021383,1020.857873,4695,73.866,3.693,752.719,1681.824,43.250,15,0,0,S (sleeping)
2026-08-01T05:55:26.566581+00:00,4384.416904361,1021.358756,4695,73.870,3.693,752.719,1681.824,43.250,15,0,0,S (sleeping)
2026-08-01T05:55:27.067459+00:00,4384.917781110,1021.859633,4695,61.891,3.095,752.719,1681.824,43.250,15,0,0,S (sleeping)
2026-08-01T05:55:27.568399+00:00,4385.418690379,1022.360542,4695,67.877,3.394,752.719,1681.824,43.250,15,0,0,S (sleeping)
2026-08-01T05:55:28.069297+00:00,4385.919621714,1022.861473,4695,63.881,3.194,752.719,1681.824,43.250,15,0,0,S (sleeping)
2026-08-01T05:55:28.570167+00:00,4386.420490483,1023.362342,4695,69.879,3.494,752.719,1681.824,43.250,15,0,0,S (sleeping)
2026-08-01T05:55:29.071035+00:00,4386.921356637,1023.863208,4695,65.886,3.294,752.719,1681.824,43.250,15,0,0,S (sleeping)
2026-08-01T05:55:29.571928+00:00,4387.422243326,1024.364095,4695,69.876,3.494,752.719,1681.824,43.250,15,0,0,S (sleeping)
2026-08-01T05:55:30.072874+00:00,4387.923172485,1024.865024,4695,63.881,3.194,752.719,1681.824,43.250,15,0,0,S (sleeping)
2026-08-01T05:55:30.573849+00:00,4388.424128158,1025.365980,4695,57.889,2.894,752.719,1681.824,43.250,15,0,0,R (running)
2026-08-01T05:55:31.074756+00:00,4388.925082106,1025.866934,4695,77.851,3.893,752.719,1681.824,43.250,15,0,0,S (sleeping)
2026-08-01T05:55:31.575683+00:00,4389.426001025,1026.367853,4695,65.879,3.294,752.719,1681.824,43.250,15,0,0,S (sleeping)
2026-08-01T05:55:32.076587+00:00,4389.926910795,1026.868762,4695,65.880,3.294,752.719,1681.824,43.250,15,0,0,S (sleeping)
2026-08-01T05:55:32.577455+00:00,4390.427776226,1027.369628,4695,65.886,3.294,752.719,1681.824,43.250,15,0,0,S (sleeping)
2026-08-01T05:55:33.078389+00:00,4390.928685366,1027.870537,4695,67.877,3.394,752.719,1681.824,43.250,15,0,0,S (sleeping)
2026-08-01T05:55:33.579297+00:00,4391.429619176,1028.371471,4695,65.877,3.294,752.719,1681.824,43.250,15,0,0,S (sleeping)
2026-08-01T05:55:34.080205+00:00,4391.930517139,1028.872369,4695,63.885,3.194,752.719,1681.824,43.250,15,0,0,S (sleeping)
2026-08-01T05:55:34.580661+00:00,4392.430983645,1029.372835,4695,65.938,3.297,752.719,1681.824,43.250,15,0,0,R (running)
2026-08-01T05:55:35.081621+00:00,4392.931932850,1029.873784,4695,65.875,3.294,752.719,1681.824,43.250,15,0,0,R (running)
2026-08-01T05:55:35.582514+00:00,4393.432834026,1030.374686,4695,75.863,3.793,752.719,1681.824,43.250,15,0,0,R (running)
2026-08-01T05:55:36.083392+00:00,4393.933710483,1030.875562,4695,69.878,3.494,752.719,1681.824,43.250,15,0,0,S (sleeping)
2026-08-01T05:55:36.584331+00:00,4394.434638599,1031.376490,4695,63.881,3.194,752.719,1681.824,43.250,15,0,0,S (sleeping)
2026-08-01T05:55:37.085249+00:00,4394.935556458,1031.877408,4695,77.857,3.893,753.969,1683.164,43.250,15,0,0,S (sleeping)
2026-08-01T05:55:37.586161+00:00,4395.436479318,1032.378331,4695,59.889,2.994,753.969,1683.164,43.250,15,0,0,S (sleeping)
2026-08-01T05:55:38.087076+00:00,4395.937400727,1032.879252,4695,63.882,3.194,753.969,1683.164,43.250,15,0,0,S (sleeping)
2026-08-01T05:55:38.587910+00:00,4396.438224083,1033.380076,4695,65.891,3.295,753.969,1683.164,43.250,15,0,0,S (sleeping)
2026-08-01T05:55:39.088971+00:00,4396.939212301,1033.881064,4695,61.878,3.094,753.969,1683.164,43.250,15,0,0,S (sleeping)
2026-08-01T05:55:39.589912+00:00,4397.440233077,1034.382085,4695,65.866,3.293,753.969,1683.164,43.250,15,0,0,S (sleeping)
2026-08-01T05:55:40.090821+00:00,4397.941144288,1034.882996,4695,71.869,3.593,753.969,1683.164,43.250,15,0,0,S (sleeping)
2026-08-01T05:55:40.591737+00:00,4398.442054494,1035.383906,4695,69.873,3.494,753.969,1683.164,43.250,15,0,0,S (sleeping)
2026-08-01T05:55:41.092682+00:00,4398.942987812,1035.884839,4695,67.873,3.394,753.969,1683.164,43.250,15,0,0,S (sleeping)
2026-08-01T05:55:41.593694+00:00,4399.443919896,1036.385771,4695,69.870,3.493,753.969,1683.164,43.250,15,0,0,S (sleeping)
2026-08-01T05:55:42.094259+00:00,4399.944570735,1036.886422,4695,63.917,3.196,753.969,1683.164,43.250,15,0,0,S (sleeping)
2026-08-01T05:55:42.595243+00:00,4400.445521575,1037.387373,4695,65.875,3.294,753.969,1683.164,43.250,15,0,0,R (running)
2026-08-01T05:55:43.096172+00:00,4400.946498756,1037.888350,4695,71.860,3.593,753.969,1683.164,43.250,15,0,0,S (sleeping)
2026-08-01T05:55:43.597060+00:00,4401.447382776,1038.389234,4695,85.848,4.292,753.969,1683.164,43.250,15,0,0,S (sleeping)
2026-08-01T05:55:44.097957+00:00,4401.948277815,1038.890129,4695,65.882,3.294,753.969,1683.164,43.250,15,0,0,S (sleeping)
2026-08-01T05:55:44.598866+00:00,4402.449176047,1039.391028,4695,65.882,3.294,753.969,1683.164,43.250,15,0,0,S (sleeping)
2026-08-01T05:55:45.099925+00:00,4402.950184675,1039.892036,4695,63.871,3.194,753.969,1683.164,43.250,15,0,0,S (sleeping)
2026-08-01T05:55:45.600969+00:00,4403.451262642,1040.393114,4695,73.841,3.692,753.969,1683.164,43.250,15,0,0,S (sleeping)
2026-08-01T05:55:46.101901+00:00,4403.952202350,1040.894054,4695,63.880,3.194,753.969,1683.164,43.250,15,0,0,S (sleeping)
2026-08-01T05:55:46.602805+00:00,4404.453122358,1041.394974,4695,69.871,3.494,753.969,1683.164,43.250,15,0,0,D (disk sleep)
2026-08-01T05:55:47.103236+00:00,4404.953560642,1041.895412,4695,91.919,4.596,753.969,1683.164,43.250,15,0,0,S (sleeping)
2026-08-01T05:55:47.604413+00:00,4405.454575682,1042.396427,4695,63.870,3.194,753.969,1683.164,43.250,15,0,0,S (sleeping)
2026-08-01T05:55:48.105431+00:00,4405.955704019,1042.897556,4695,71.838,3.592,753.969,1683.164,43.250,15,0,0,S (sleeping)
2026-08-01T05:55:48.606410+00:00,4406.456711916,1043.398563,4695,65.867,3.293,753.969,1683.164,43.250,15,0,0,S (sleeping)
2026-08-01T05:55:49.107307+00:00,4406.957619536,1043.899471,4695,69.873,3.494,753.969,1683.164,43.250,15,0,0,S (sleeping)
2026-08-01T05:55:49.608248+00:00,4407.458553188,1044.400405,4695,65.877,3.294,753.969,1683.164,43.250,15,0,0,S (sleeping)
2026-08-01T05:55:50.108897+00:00,4407.959177493,1044.901029,4695,65.918,3.296,753.969,1683.164,43.250,15,0,0,R (running)
2026-08-01T05:55:50.609830+00:00,4408.460125708,1045.401977,4695,65.875,3.294,753.969,1683.164,43.250,15,0,0,S (sleeping)
2026-08-01T05:55:51.110744+00:00,4408.961064037,1045.902916,4695,67.873,3.394,753.969,1683.164,43.250,15,0,0,R (running)
2026-08-01T05:55:51.611616+00:00,4409.461936269,1046.403788,4695,65.885,3.294,753.969,1683.164,43.250,15,0,0,S (sleeping)
2026-08-01T05:55:52.112513+00:00,4409.962837307,1046.904689,4695,63.885,3.194,753.969,1683.164,43.250,15,0,0,S (sleeping)
2026-08-01T05:55:52.613375+00:00,4410.463693367,1047.405545,4695,75.870,3.794,753.969,1683.164,43.250,15,0,0,R (running)
2026-08-01T05:55:53.114284+00:00,4410.964605219,1047.906457,4695,63.883,3.194,753.969,1683.164,43.250,15,0,0,S (sleeping)
2026-08-01T05:55:53.615183+00:00,4411.465504965,1048.407357,4695,61.889,3.094,753.969,1683.164,43.250,15,0,0,S (sleeping)
2026-08-01T05:55:54.115626+00:00,4411.965947462,1048.907799,4695,61.945,3.097,753.969,1683.164,43.250,15,0,0,S (sleeping)
2026-08-01T05:55:54.615376+00:00,4412.466839556,1049.408691,4695,63.886,3.194,753.969,1683.164,43.250,15,0,0,S (sleeping)
2026-08-01T05:55:55.116237+00:00,4412.967702934,1049.909555,4695,61.893,3.095,753.969,1683.164,43.250,15,0,0,S (sleeping)
2026-08-01T05:55:55.617130+00:00,4413.468591681,1050.410443,4695,63.886,3.194,753.969,1683.164,43.250,15,0,0,S (sleeping)
2026-08-01T05:55:56.118040+00:00,4413.969499460,1050.911351,4695,65.880,3.294,753.969,1683.164,43.250,15,0,0,S (sleeping)
2026-08-01T05:55:56.618952+00:00,4414.470399806,1051.412251,4695,63.885,3.194,753.969,1683.164,43.250,15,0,0,R (running)
2026-08-01T05:55:57.119829+00:00,4414.971292744,1051.913144,4695,61.889,3.094,753.969,1683.164,43.250,15,0,0,S (sleeping)
2026-08-01T05:55:57.620708+00:00,4415.472175193,1052.414027,4695,61.891,3.095,753.969,1683.164,43.250,15,0,0,S (sleeping)
2026-08-01T05:55:58.121608+00:00,4415.973073875,1052.914925,4695,61.889,3.094,753.969,1683.164,43.250,15,0,0,S (sleeping)
2026-08-01T05:55:58.622515+00:00,4416.473977038,1053.415829,4695,65.881,3.294,754.281,1683.520,43.250,15,0,0,S (sleeping)
2026-08-01T05:55:59.123485+00:00,4416.974949244,1053.916801,4695,69.864,3.493,754.750,1683.941,43.250,15,0,0,S (sleeping)
2026-08-01T05:55:59.624402+00:00,4417.475839021,1054.417691,4695,61.890,3.094,754.750,1683.941,43.250,15,0,0,S (sleeping)
2026-08-01T05:56:00.125381+00:00,4417.976833436,1054.918685,4695,61.877,3.094,754.750,1683.941,43.250,15,0,0,S (sleeping)
2026-08-01T05:56:00.626243+00:00,4418.477706559,1055.419558,4695,81.857,4.093,754.750,1683.941,43.250,15,0,0,S (sleeping)
2026-08-01T05:56:01.127123+00:00,4418.978586633,1055.920438,4695,61.891,3.095,754.750,1683.941,43.250,15,0,0,S (sleeping)
2026-08-01T05:56:01.628071+00:00,4419.479509544,1056.421361,4695,59.889,2.994,754.750,1683.941,43.250,15,0,0,S (sleeping)
2026-08-01T05:56:02.129008+00:00,4419.980474096,1056.922326,4695,57.888,2.894,754.750,1683.941,43.250,15,0,0,S (sleeping)
2026-08-01T05:56:02.629922+00:00,4420.481377013,1057.423229,4695,63.885,3.194,754.750,1683.941,43.250,15,0,0,S (sleeping)
2026-08-01T05:56:03.130778+00:00,4420.982243786,1057.924095,4695,63.889,3.194,754.750,1683.941,43.250,15,0,0,S (sleeping)
2026-08-01T05:56:03.631675+00:00,4421.483140132,1058.424992,4695,65.882,3.294,754.750,1683.941,43.250,15,0,0,S (sleeping)
2026-08-01T05:56:04.132597+00:00,4421.984052402,1058.925904,4695,61.887,3.094,754.750,1683.941,43.250,15,0,0,S (sleeping)
2026-08-01T05:56:04.633561+00:00,4422.484987259,1059.426839,4695,63.881,3.194,754.750,1683.941,43.250,15,0,0,R (running)
2026-08-01T05:56:05.134544+00:00,4422.985999737,1059.927851,4695,63.871,3.194,754.750,1683.941,43.250,15,0,0,R (running)
2026-08-01T05:56:05.635468+00:00,4423.486923508,1060.428775,4695,63.882,3.194,755.531,1684.855,43.250,15,0,0,S (sleeping)
2026-08-01T05:56:06.136339+00:00,4423.987803952,1060.929656,4695,63.888,3.194,755.531,1684.855,43.250,15,0,0,S (sleeping)
2026-08-01T05:56:06.637256+00:00,4424.488718095,1061.430570,4695,59.891,2.995,755.688,1684.855,43.250,15,0,0,S (sleeping)
2026-08-01T05:56:07.138145+00:00,4424.989602362,1061.931454,4695,65.883,3.294,755.688,1684.855,43.250,15,0,0,S (sleeping)
2026-08-01T05:56:07.639054+00:00,4425.490490277,1062.432342,4695,61.890,3.095,755.688,1684.855,43.250,15,0,0,S (sleeping)
2026-08-01T05:56:08.139922+00:00,4425.991383497,1062.933235,4695,67.879,3.394,755.688,1685.012,43.250,15,0,0,S (sleeping)
2026-08-01T05:56:08.640815+00:00,4426.492265104,1063.434117,4695,61.891,3.095,756.000,1685.270,43.250,15,0,0,S (sleeping)
2026-08-01T05:56:09.141697+00:00,4426.993161869,1063.935013,4695,61.889,3.094,756.000,1685.270,43.250,15,0,0,S (sleeping)
2026-08-01T05:56:09.642622+00:00,4427.494083640,1064.435935,4695,61.886,3.094,756.000,1685.270,43.250,15,0,0,S (sleeping)
2026-08-01T05:56:10.143539+00:00,4427.994985770,1064.936837,4695,71.870,3.594,756.000,1685.270,43.250,15,0,0,S (sleeping)
2026-08-01T05:56:10.644534+00:00,4428.495959118,1065.437811,4695,59.883,2.994,756.000,1685.270,43.250,15,0,0,S (sleeping)
2026-08-01T05:56:11.145453+00:00,4428.996916162,1065.938768,4695,59.885,2.994,756.000,1685.270,43.250,15,0,0,R (running)
2026-08-01T05:56:11.646291+00:00,4429.497737606,1066.439589,4695,57.905,2.895,756.000,1685.270,43.250,15,0,0,R (running)
2026-08-01T05:56:12.147127+00:00,4429.998592865,1066.940444,4695,59.898,2.995,756.000,1685.270,43.250,15,0,0,R (running)
2026-08-01T05:56:12.647989+00:00,4430.499436478,1067.441288,4695,63.892,3.195,756.000,1685.270,43.250,15,0,0,R (running)
2026-08-01T05:56:13.149176+00:00,4431.000556992,1067.942409,4695,61.861,3.093,756.000,1685.270,43.250,15,0,0,R (running)
2026-08-01T05:56:13.650113+00:00,4431.501576440,1068.443428,4695,57.882,2.894,756.000,1685.270,43.250,15,0,0,R (running)
2026-08-01T05:56:14.150991+00:00,4432.002442752,1068.944294,4695,61.893,3.095,756.000,1685.270,43.250,15,0,0,R (running)
2026-08-01T05:56:14.651884+00:00,4432.503339261,1069.445191,4695,59.893,2.995,756.000,1685.270,43.250,15,0,0,R (running)
2026-08-01T05:56:15.152618+00:00,4433.004083172,1069.945935,4695,69.896,3.495,756.000,1685.270,43.250,15,0,0,R (running)
2026-08-01T05:56:15.653163+00:00,4433.504624028,1070.446476,4695,57.937,2.897,756.000,1685.270,43.250,15,0,0,R (running)
2026-08-01T05:56:16.154093+00:00,4434.005549104,1070.947401,4695,59.889,2.994,756.000,1685.270,43.250,15,0,0,R (running)
2026-08-01T05:56:16.655001+00:00,4434.506462940,1071.448315,4695,63.883,3.194,756.000,1685.270,43.250,15,0,0,R (running)
2026-08-01T05:56:17.156018+00:00,4435.007415784,1071.949267,4695,57.890,2.894,756.000,1685.270,43.250,15,0,0,R (running)
2026-08-01T05:56:17.656970+00:00,4435.508431813,1072.450283,4695,65.866,3.293,756.000,1685.270,43.250,15,0,0,R (running)
2026-08-01T05:56:18.157906+00:00,4436.009367164,1072.951219,4695,61.884,3.094,756.000,1685.270,43.250,15,0,0,R (running)
2026-08-01T05:56:18.658835+00:00,4436.510297798,1073.452149,4695,83.844,4.192,756.000,1685.270,43.250,15,0,0,R (running)
2026-08-01T05:56:19.159923+00:00,4437.011309172,1073.953161,4695,59.879,2.994,756.000,1685.270,43.250,15,0,0,S (sleeping)
2026-08-01T05:56:19.660971+00:00,4437.512434545,1074.454286,4695,63.856,3.193,756.000,1685.270,43.250,15,0,0,S (sleeping)
2026-08-01T05:56:20.161823+00:00,4438.013296112,1074.955148,4695,59.897,2.995,756.000,1685.270,43.250,15,0,0,S (sleeping)
2026-08-01T05:56:20.662672+00:00,4438.514135976,1075.455988,4695,63.893,3.195,756.000,1685.270,43.250,15,0,0,S (sleeping)
2026-08-01T05:56:21.163581+00:00,4439.015040579,1075.956892,4695,59.892,2.995,756.000,1685.270,43.250,15,0,0,S (sleeping)
2026-08-01T05:56:21.664586+00:00,4439.516044339,1076.457896,4695,65.868,3.293,756.000,1685.270,43.250,15,0,0,S (sleeping)
2026-08-01T05:56:22.165471+00:00,4440.016932204,1076.958784,4695,65.883,3.294,756.156,1685.270,43.250,15,0,0,S (sleeping)
2026-08-01T05:56:22.666423+00:00,4440.517858676,1077.459710,4695,61.885,3.094,756.156,1685.270,43.250,15,0,0,S (sleeping)
2026-08-01T05:56:23.167438+00:00,4441.018900213,1077.960752,4695,101.788,5.089,756.156,1685.270,43.250,15,0,0,S (sleeping)
2026-08-01T05:56:23.668264+00:00,4441.519704394,1078.461556,4695,61.900,3.095,756.156,1685.270,43.250,15,0,0,S (sleeping)
2026-08-01T05:56:24.169208+00:00,4442.020661934,1078.962514,4695,63.878,3.194,756.156,1685.270,43.250,15,0,0,S (sleeping)
2026-08-01T05:56:24.668513+00:00,4442.521720736,1079.463572,4695,61.869,3.093,756.156,1685.270,43.250,15,0,0,S (sleeping)
2026-08-01T05:56:25.169471+00:00,4443.022638778,1079.964490,4695,65.879,3.294,756.156,1685.270,43.250,15,0,0,S (sleeping)
2026-08-01T05:56:25.670392+00:00,4443.523604483,1080.465456,4695,69.865,3.493,756.156,1685.270,43.250,15,0,0,S (sleeping)
2026-08-01T05:56:26.170898+00:00,4444.024106745,1080.965958,4695,63.936,3.197,756.156,1685.270,43.250,15,0,0,S (sleeping)
2026-08-01T05:56:26.671770+00:00,4444.524981317,1081.466833,4695,63.888,3.194,756.156,1685.270,43.250,15,0,0,S (sleeping)
2026-08-01T05:56:27.172705+00:00,4445.025914321,1081.967766,4695,61.885,3.094,756.156,1685.270,43.250,15,0,0,S (sleeping)
2026-08-01T05:56:27.673714+00:00,4445.526872638,1082.468724,4695,63.878,3.194,756.156,1685.270,43.250,15,0,0,S (sleeping)
2026-08-01T05:56:28.174753+00:00,4446.027877204,1082.969729,4695,71.856,3.593,756.156,1685.270,43.250,15,0,0,S (sleeping)
2026-08-01T05:56:28.675731+00:00,4446.528931961,1083.470784,4695,63.865,3.193,756.156,1685.270,43.250,15,0,0,S (sleeping)
2026-08-01T05:56:29.176647+00:00,4447.029859072,1083.971711,4695,65.878,3.294,756.156,1685.270,43.250,15,0,0,S (sleeping)
2026-08-01T05:56:29.677249+00:00,4447.530455394,1084.472307,4695,63.924,3.196,756.156,1685.270,43.250,15,0,0,S (sleeping)
2026-08-01T05:56:30.178197+00:00,4448.031401213,1084.973253,4695,63.879,3.194,756.156,1685.270,43.250,15,0,0,S (sleeping)
2026-08-01T05:56:30.679138+00:00,4448.532346449,1085.474198,4695,63.879,3.194,756.156,1685.270,43.250,15,0,0,S (sleeping)
2026-08-01T05:56:31.180071+00:00,4449.033282271,1085.975134,4695,67.873,3.394,756.156,1685.270,43.250,15,0,0,S (sleeping)
2026-08-01T05:56:31.680953+00:00,4449.534170333,1086.476022,4695,59.894,2.995,756.156,1685.270,43.250,15,0,0,S (sleeping)
2026-08-01T05:56:32.181791+00:00,4450.035005836,1086.976857,4695,61.897,3.095,756.156,1685.270,43.250,15,0,0,S (sleeping)
2026-08-01T05:56:32.682760+00:00,4450.535928085,1087.477780,4695,59.890,2.994,756.156,1685.270,43.250,15,0,0,S (sleeping)
2026-08-01T05:56:33.183763+00:00,4451.036974066,1087.978826,4695,63.866,3.193,756.156,1685.270,43.250,15,0,0,S (sleeping)
2026-08-01T05:56:33.684674+00:00,4451.537886119,1088.479738,4695,59.891,2.995,756.156,1685.270,43.250,15,0,0,S (sleeping)
2026-08-01T05:56:34.185566+00:00,4452.038779775,1088.980631,4695,61.889,3.094,756.156,1685.270,43.250,15,0,0,S (sleeping)
2026-08-01T05:56:34.686480+00:00,4452.539693718,1089.481545,4695,63.883,3.194,756.156,1685.270,43.250,15,0,0,S (sleeping)
2026-08-01T05:56:35.187388+00:00,4453.040601075,1089.982453,4695,57.895,2.895,756.156,1685.270,43.250,15,0,0,S (sleeping)
2026-08-01T05:56:35.688368+00:00,4453.541579578,1090.483431,4695,61.879,3.094,756.156,1685.270,43.250,15,0,0,S (sleeping)
2026-08-01T05:56:36.189343+00:00,4454.042553624,1090.984405,4695,63.876,3.194,756.156,1685.270,43.250,15,0,0,S (sleeping)
2026-08-01T05:56:36.690332+00:00,4454.543528028,1091.485380,4695,61.879,3.094,756.156,1685.270,43.250,15,0,0,S (sleeping)
2026-08-01T05:56:37.191248+00:00,4455.044462246,1091.986314,4695,61.884,3.094,756.156,1685.270,43.250,15,0,0,S (sleeping)
2026-08-01T05:56:37.692127+00:00,4455.545333044,1092.487185,4695,61.892,3.095,756.156,1685.270,43.250,15,0,0,S (sleeping)
2026-08-01T05:56:38.193055+00:00,4456.046258962,1092.988111,4695,59.889,2.994,756.156,1685.270,43.250,15,0,0,S (sleeping)
2026-08-01T05:56:38.693972+00:00,4456.547190758,1093.489042,4695,61.885,3.094,756.156,1685.270,43.250,15,0,0,S (sleeping)
2026-08-01T05:56:39.194907+00:00,4457.048114903,1093.989966,4695,55.897,2.795,756.156,1685.270,43.250,15,0,0,S (sleeping)
2026-08-01T05:56:39.695814+00:00,4457.549030195,1094.490882,4695,61.887,3.094,756.156,1685.270,43.250,15,0,0,S (sleeping)
2026-08-01T05:56:40.196723+00:00,4458.049942894,1094.991794,4695,59.891,2.995,756.156,1685.270,43.250,15,0,0,S (sleeping)
2026-08-01T05:56:40.697540+00:00,4458.550752633,1095.492604,4695,57.906,2.895,756.156,1685.270,43.250,15,0,0,S (sleeping)
2026-08-01T05:56:41.198494+00:00,4459.051677835,1095.993529,4695,57.893,2.895,756.156,1685.270,43.250,15,0,0,S (sleeping)
2026-08-01T05:56:41.699406+00:00,4459.552618950,1096.494471,4695,59.887,2.994,756.156,1685.270,43.250,15,0,0,S (sleeping)
2026-08-01T05:56:42.200234+00:00,4460.053446650,1096.995298,4695,57.904,2.895,756.156,1685.270,43.250,15,0,0,S (sleeping)
2026-08-01T05:56:42.701172+00:00,4460.554386574,1097.496238,4695,55.895,2.795,756.156,1685.270,43.250,15,0,0,S (sleeping)
2026-08-01T05:56:43.202043+00:00,4461.055262337,1097.997114,4695,79.860,3.993,756.156,1685.270,43.250,15,0,0,S (sleeping)
2026-08-01T05:56:43.702842+00:00,4461.556048427,1098.497900,4695,51.918,2.596,756.156,1685.270,43.250,15,0,0,S (sleeping)
2026-08-01T05:56:44.203821+00:00,4462.057020322,1098.998872,4695,57.887,2.894,756.156,1685.270,43.250,15,0,0,S (sleeping)
2026-08-01T05:56:44.704722+00:00,4462.557941457,1099.499793,4695,55.897,2.795,756.156,1685.270,43.250,15,0,0,S (sleeping)
2026-08-01T05:56:45.205560+00:00,4463.058774231,1100.000626,4695,59.900,2.995,756.156,1685.270,43.250,15,0,0,S (sleeping)
2026-08-01T05:56:45.706469+00:00,4463.559668582,1100.501520,4695,57.896,2.895,756.156,1685.270,43.250,15,0,0,S (sleeping)
2026-08-01T05:56:46.206958+00:00,4464.060176295,1101.002028,4695,59.939,2.997,756.156,1685.270,43.250,15,0,0,S (sleeping)
2026-08-01T05:56:46.707408+00:00,4464.560624207,1101.502476,4695,63.943,3.197,756.156,1685.270,43.250,15,0,0,D (disk sleep)
2026-08-01T05:56:47.208227+00:00,4465.061403794,1102.003255,4695,69.891,3.495,756.156,1685.270,43.250,15,0,0,S (sleeping)
2026-08-01T05:56:47.709173+00:00,4465.562355867,1102.504207,4695,55.894,2.795,756.156,1685.270,43.250,15,0,0,S (sleeping)
2026-08-01T05:56:48.210030+00:00,4466.063245865,1103.005097,4695,57.897,2.895,756.156,1685.270,43.250,15,0,0,S (sleeping)
2026-08-01T05:56:48.710921+00:00,4466.564131332,1103.505983,4695,55.901,2.795,756.156,1685.270,43.250,15,0,0,S (sleeping)
2026-08-01T05:56:49.211814+00:00,4467.065011548,1104.006863,4695,61.891,3.095,756.156,1685.270,43.250,15,0,0,S (sleeping)
2026-08-01T05:56:49.712685+00:00,4467.565895570,1104.507747,4695,51.908,2.595,756.156,1685.270,43.250,15,0,0,S (sleeping)
2026-08-01T05:56:50.213575+00:00,4468.066772577,1105.008624,4695,55.902,2.795,756.156,1685.270,43.250,15,0,0,S (sleeping)
2026-08-01T05:56:50.714463+00:00,4468.567675716,1105.509527,4695,55.899,2.795,756.156,1685.441,43.250,15,0,0,S (sleeping)
2026-08-01T05:56:51.215349+00:00,4469.068562159,1106.010414,4695,57.897,2.895,756.156,1685.441,43.250,15,0,0,S (sleeping)
2026-08-01T05:56:51.716212+00:00,4469.569423124,1106.511275,4695,55.904,2.795,756.156,1685.441,43.250,15,0,0,S (sleeping)
2026-08-01T05:56:52.217099+00:00,4470.070309206,1107.012161,4695,57.897,2.895,756.156,1685.441,43.250,15,0,0,S (sleeping)
2026-08-01T05:56:52.718007+00:00,4470.571220248,1107.513072,4695,59.891,2.995,756.156,1685.441,43.250,15,0,0,S (sleeping)
2026-08-01T05:56:53.218957+00:00,4471.072160744,1108.014012,4695,59.887,2.994,756.156,1685.441,43.250,15,0,0,S (sleeping)
2026-08-01T05:56:53.719874+00:00,4471.573084110,1108.514936,4695,55.897,2.795,756.156,1685.441,43.250,15,0,0,R (running)
2026-08-01T05:56:54.220738+00:00,4472.073950315,1109.015802,4695,61.893,3.095,756.156,1685.441,43.250,15,0,0,S (sleeping)
2026-08-01T05:56:54.720346+00:00,4472.574857064,1109.516709,4695,55.899,2.795,756.156,1685.441,43.250,15,0,0,S (sleeping)
2026-08-01T05:56:55.221225+00:00,4473.075747801,1110.017599,4695,55.900,2.795,756.156,1685.441,43.250,15,0,0,S (sleeping)
2026-08-01T05:56:55.721635+00:00,4473.576158859,1110.518010,4695,59.951,2.998,756.156,1685.441,43.250,15,0,0,S (sleeping)
2026-08-01T05:56:56.222646+00:00,4474.077158893,1111.019010,4695,55.888,2.794,756.156,1685.441,43.250,15,0,0,S (sleeping)
2026-08-01T05:56:56.723577+00:00,4474.578108974,1111.519961,4695,61.882,3.094,756.156,1685.441,43.250,15,0,0,S (sleeping)
2026-08-01T05:56:57.224468+00:00,4475.078998228,1112.020850,4695,55.901,2.795,756.156,1685.441,43.250,15,0,0,S (sleeping)
2026-08-01T05:56:57.725407+00:00,4475.579904213,1112.521756,4695,65.881,3.294,756.156,1685.441,43.250,15,0,0,S (sleeping)
2026-08-01T05:56:58.226261+00:00,4476.080793961,1113.022646,4695,53.904,2.695,756.156,1685.441,43.250,15,0,0,S (sleeping)
2026-08-01T05:56:58.727121+00:00,4476.581648359,1113.523500,4695,55.904,2.795,756.156,1685.441,43.250,15,0,0,S (sleeping)
2026-08-01T05:56:59.228026+00:00,4477.082557710,1114.024409,4695,57.895,2.895,756.156,1685.441,43.250,15,0,0,S (sleeping)
2026-08-01T05:56:59.728919+00:00,4477.583450313,1114.525302,4695,55.900,2.795,756.156,1685.441,43.250,15,0,0,S (sleeping)
2026-08-01T05:57:00.229823+00:00,4478.084350881,1115.026202,4695,59.892,2.995,756.156,1685.441,43.250,15,0,0,R (running)
2026-08-01T05:57:00.730697+00:00,4478.585221197,1115.527073,4695,57.899,2.895,756.156,1685.441,43.250,15,0,0,R (running)
2026-08-01T05:57:01.231602+00:00,4479.086129211,1116.027981,4695,57.895,2.895,756.156,1685.441,43.250,15,0,0,R (running)
2026-08-01T05:57:01.732600+00:00,4479.587117108,1116.528969,4695,57.886,2.894,756.156,1685.441,43.250,15,0,0,S (sleeping)
2026-08-01T05:57:02.233632+00:00,4480.088163003,1117.030015,4695,55.883,2.794,756.156,1685.441,43.250,15,0,0,S (sleeping)
2026-08-01T05:57:02.734544+00:00,4480.589067513,1117.530919,4695,53.902,2.695,756.156,1685.441,43.250,15,0,0,S (sleeping)
2026-08-01T05:57:03.235442+00:00,4481.089971642,1118.031823,4695,59.892,2.995,756.156,1685.441,43.250,15,0,0,S (sleeping)
2026-08-01T05:57:03.736328+00:00,4481.590859504,1118.532711,4695,55.901,2.795,756.156,1685.441,43.250,15,0,0,S (sleeping)
2026-08-01T05:57:04.237238+00:00,4482.091742383,1119.033594,4695,55.901,2.795,756.156,1685.441,43.250,15,0,0,S (sleeping)
2026-08-01T05:57:04.738169+00:00,4482.592692162,1119.534544,4695,65.875,3.294,756.156,1685.441,43.250,15,0,0,S (sleeping)
2026-08-01T05:57:05.239079+00:00,4483.093614348,1120.035466,4695,63.882,3.194,756.156,1685.441,43.250,15,0,0,S (sleeping)
2026-08-01T05:57:05.739928+00:00,4483.594455892,1120.536307,4695,57.903,2.895,756.156,1685.441,43.250,15,0,0,S (sleeping)
2026-08-01T05:57:06.240850+00:00,4484.095378710,1121.037230,4695,59.889,2.994,756.156,1685.441,43.250,15,0,0,S (sleeping)
2026-08-01T05:57:06.741796+00:00,4484.596290860,1121.538142,4695,65.880,3.294,756.156,1685.441,43.250,15,0,0,S (sleeping)
2026-08-01T05:57:07.242738+00:00,4485.097255253,1122.039107,4695,55.892,2.795,756.156,1685.441,43.250,15,0,0,S (sleeping)
2026-08-01T05:57:07.743748+00:00,4485.598273166,1122.540125,4695,55.886,2.794,756.156,1685.441,43.250,15,0,0,S (sleeping)
2026-08-01T05:57:08.244690+00:00,4486.099215067,1123.041067,4695,57.891,2.895,756.156,1685.441,43.250,15,0,0,R (running)
2026-08-01T05:57:08.745884+00:00,4486.600402283,1123.542254,4695,55.867,2.793,756.156,1685.441,43.250,15,0,0,R (running)
2026-08-01T05:57:09.246744+00:00,4487.101275708,1124.043127,4695,55.902,2.795,756.156,1685.441,43.250,15,0,0,R (running)
2026-08-01T05:57:09.747734+00:00,4487.602260824,1124.544112,4695,105.792,5.290,756.156,1685.441,43.250,15,0,0,R (running)
2026-08-01T05:57:10.248785+00:00,4488.103223173,1125.045075,4695,57.889,2.894,756.156,1685.441,43.250,15,0,0,R (running)
2026-08-01T05:57:10.749327+00:00,4488.603779266,1125.545631,4695,57.936,2.897,756.156,1685.441,43.250,15,0,0,R (running)
2026-08-01T05:57:11.250286+00:00,4489.104800084,1126.046652,4695,55.886,2.794,756.156,1685.441,43.250,15,0,0,R (running)
2026-08-01T05:57:11.751236+00:00,4489.605762908,1126.547614,4695,51.900,2.595,756.156,1685.441,43.250,15,0,0,R (running)
2026-08-01T05:57:12.252106+00:00,4490.106629207,1127.048481,4695,49.914,2.496,756.156,1685.441,43.250,15,0,0,R (running)
2026-08-01T05:57:12.753314+00:00,4490.607626949,1127.549479,4695,57.884,2.894,756.156,1685.441,43.250,15,0,0,S (sleeping)
2026-08-01T05:57:13.254400+00:00,4491.108862881,1128.050714,4695,57.857,2.893,756.156,1685.441,43.250,15,0,0,R (running)
2026-08-01T05:57:13.755375+00:00,4491.609892343,1128.551744,4695,55.885,2.794,756.156,1685.441,43.250,15,0,0,S (sleeping)
2026-08-01T05:57:14.256275+00:00,4492.110804279,1129.052656,4695,53.902,2.695,756.156,1685.441,43.250,15,0,0,S (sleeping)
2026-08-01T05:57:14.757214+00:00,4492.611730124,1129.553582,4695,49.908,2.495,756.156,1685.441,43.250,15,0,0,S (sleeping)
2026-08-01T05:57:15.258328+00:00,4493.112756196,1130.054608,4695,53.889,2.694,756.312,1685.441,43.250,15,0,0,R (running)
2026-08-01T05:57:15.759373+00:00,4493.613883175,1130.555735,4695,55.874,2.794,756.312,1685.441,43.250,15,0,0,R (running)
2026-08-01T05:57:16.260311+00:00,4494.114844334,1131.056696,4695,55.893,2.795,756.312,1685.441,43.250,15,0,0,S (sleeping)
2026-08-01T05:57:16.761231+00:00,4494.615765620,1131.557617,4695,49.908,2.495,756.312,1685.441,43.250,15,0,0,S (sleeping)
2026-08-01T05:57:17.262057+00:00,4495.116575470,1132.058427,4695,53.913,2.696,756.312,1685.598,43.250,15,0,0,S (sleeping)
2026-08-01T05:57:17.762964+00:00,4495.617468090,1132.559320,4695,49.911,2.496,756.312,1685.598,43.250,15,0,0,R (running)
2026-08-01T05:57:18.263937+00:00,4496.118453781,1133.060305,4695,55.890,2.794,756.312,1685.598,43.250,15,0,0,S (sleeping)
2026-08-01T05:57:18.764799+00:00,4496.619329539,1133.561181,4695,53.906,2.695,756.469,1685.598,43.250,15,0,0,S (sleeping)
2026-08-01T05:57:19.265673+00:00,4497.120204432,1134.062056,4695,51.909,2.595,756.469,1685.598,43.250,15,0,0,R (running)
2026-08-01T05:57:19.766536+00:00,4497.621068539,1134.562920,4695,57.900,2.895,756.469,1685.598,43.250,15,0,0,S (sleeping)
2026-08-01T05:57:20.267406+00:00,4498.121922218,1135.063774,4695,73.874,3.694,811.938,1779.043,43.250,15,0,0,R (running)
2026-08-01T05:57:20.768368+00:00,4498.622873820,1135.564725,4695,61.882,3.094,756.020,1685.273,43.250,15,0,0,R (running)
2026-08-01T05:57:21.269268+00:00,4499.123806856,1136.065658,4695,53.899,2.695,756.020,1685.273,43.250,15,0,0,S (sleeping)
2026-08-01T05:57:21.770108+00:00,4499.624636673,1136.566488,4695,51.914,2.596,756.332,1685.422,43.250,15,0,0,S (sleeping)
2026-08-01T05:57:22.271008+00:00,4500.125542978,1137.067395,4695,47.913,2.396,756.332,1685.422,43.250,15,0,0,S (sleeping)
2026-08-01T05:57:22.771875+00:00,4500.626412643,1137.568264,4695,47.917,2.396,756.332,1685.422,43.250,15,0,0,S (sleeping)
2026-08-01T05:57:23.272713+00:00,4501.127233748,1138.069085,4695,49.918,2.496,756.332,1685.422,43.250,15,0,0,S (sleeping)
2026-08-01T05:57:23.773609+00:00,4501.628138363,1138.569990,4695,47.913,2.396,756.332,1685.422,43.250,15,0,0,S (sleeping)
2026-08-01T05:57:24.274587+00:00,4502.129110096,1139.070962,4695,49.903,2.495,756.801,1685.793,43.250,15,0,0,S (sleeping)
2026-08-01T05:57:24.774183+00:00,4502.629987183,1139.571839,4695,51.909,2.595,756.957,1685.793,43.250,15,0,0,S (sleeping)
2026-08-01T05:57:25.275099+00:00,4503.130898769,1140.072750,4695,53.902,2.695,756.957,1685.793,43.250,15,0,0,S (sleeping)
2026-08-01T05:57:25.775960+00:00,4503.631772182,1140.573624,4695,53.906,2.695,756.957,1685.793,43.250,15,0,0,S (sleeping)
2026-08-01T05:57:26.276640+00:00,4504.132440713,1141.074292,4695,55.925,2.796,756.957,1685.793,43.250,15,0,0,S (sleeping)
2026-08-01T05:57:26.777729+00:00,4504.633439510,1141.575291,4695,49.900,2.495,756.957,1685.793,43.250,15,0,0,S (sleeping)
2026-08-01T05:57:27.278698+00:00,4505.134511516,1142.076363,4695,45.902,2.295,756.957,1685.793,43.250,15,0,0,S (sleeping)
2026-08-01T05:57:27.779566+00:00,4505.635363913,1142.577215,4695,49.915,2.496,756.957,1685.793,43.250,15,0,0,S (sleeping)
2026-08-01T05:57:28.280447+00:00,4506.136252886,1143.078104,4695,53.904,2.695,756.957,1685.793,43.250,15,0,0,S (sleeping)
2026-08-01T05:57:28.781347+00:00,4506.637141624,1143.578993,4695,47.915,2.396,756.957,1685.793,43.250,15,0,0,S (sleeping)
2026-08-01T05:57:29.282382+00:00,4507.138106349,1144.079958,4695,51.900,2.595,756.957,1685.793,43.250,15,0,0,S (sleeping)
2026-08-01T05:57:29.783352+00:00,4507.639137813,1144.580989,4695,49.897,2.495,756.957,1685.793,43.250,15,0,0,S (sleeping)
2026-08-01T05:57:30.284322+00:00,4508.140129140,1145.081981,4695,47.905,2.395,756.957,1685.793,43.250,15,0,0,S (sleeping)
2026-08-01T05:57:30.785223+00:00,4508.641019800,1145.582871,4695,49.911,2.496,756.957,1685.793,43.250,15,0,0,S (sleeping)
2026-08-01T05:57:31.286139+00:00,4509.141943397,1146.083795,4695,49.908,2.495,756.957,1685.793,43.250,15,0,0,S (sleeping)
2026-08-01T05:57:31.787051+00:00,4509.642856728,1146.584708,4695,47.912,2.396,756.957,1685.793,43.250,15,0,0,S (sleeping)
2026-08-01T05:57:32.288043+00:00,4510.143852138,1147.085704,4695,51.897,2.595,756.957,1685.793,43.250,15,0,0,S (sleeping)
2026-08-01T05:57:32.788941+00:00,4510.644745677,1147.586597,4695,47.914,2.396,756.957,1685.793,43.250,15,0,0,S (sleeping)
2026-08-01T05:57:33.289830+00:00,4511.145640972,1148.087493,4695,47.914,2.396,756.957,1685.793,43.250,15,0,0,S (sleeping)
2026-08-01T05:57:33.790699+00:00,4511.646506733,1148.588358,4695,43.924,2.196,756.957,1685.793,43.250,15,0,0,S (sleeping)
2026-08-01T05:57:34.291587+00:00,4512.147390526,1149.089242,4695,53.905,2.695,756.957,1685.793,43.250,15,0,0,S (sleeping)
2026-08-01T05:57:34.792517+00:00,4512.648308369,1149.590160,4695,47.912,2.396,756.957,1685.793,43.250,15,0,0,S (sleeping)
2026-08-01T05:57:35.293426+00:00,4513.149229150,1150.091081,4695,51.904,2.595,756.957,1685.793,43.250,15,0,0,S (sleeping)
2026-08-01T05:57:35.794255+00:00,4513.650054144,1150.591906,4695,49.918,2.496,756.957,1685.793,43.250,15,0,0,R (running)
2026-08-01T05:57:36.295151+00:00,4514.150962150,1151.092814,4695,47.913,2.396,756.957,1685.793,43.250,15,0,0,S (sleeping)
2026-08-01T05:57:36.796113+00:00,4514.651862494,1151.593714,4695,51.907,2.595,756.957,1685.793,43.250,15,0,0,S (sleeping)
2026-08-01T05:57:37.297059+00:00,4515.152821940,1152.094674,4695,53.897,2.695,756.957,1685.793,43.250,15,0,0,S (sleeping)
2026-08-01T05:57:37.798163+00:00,4515.653963788,1152.595815,4695,53.877,2.694,756.957,1685.793,43.250,15,0,0,S (sleeping)
2026-08-01T05:57:38.299061+00:00,4516.154870955,1153.096723,4695,53.902,2.695,756.957,1685.793,43.250,15,0,0,S (sleeping)
2026-08-01T05:57:38.800028+00:00,4516.655833966,1153.597686,4695,45.912,2.296,756.957,1685.793,43.250,15,0,0,S (sleeping)
2026-08-01T05:57:39.300928+00:00,4517.156725138,1154.098577,4695,51.907,2.595,756.957,1685.793,43.250,15,0,0,S (sleeping)
2026-08-01T05:57:39.801867+00:00,4517.657675991,1154.599528,4695,49.905,2.495,756.957,1685.793,43.250,15,0,0,S (sleeping)
2026-08-01T05:57:40.302757+00:00,4518.158563920,1155.100416,4695,47.915,2.396,756.957,1685.793,43.250,15,0,0,S (sleeping)
2026-08-01T05:57:40.803698+00:00,4518.659504919,1155.601356,4695,47.910,2.395,756.957,1685.793,43.250,15,0,0,S (sleeping)
2026-08-01T05:57:41.304591+00:00,4519.160390747,1156.102242,4695,47.915,2.396,756.957,1685.793,43.250,15,0,0,S (sleeping)
2026-08-01T05:57:41.805483+00:00,4519.661291247,1156.603143,4695,47.914,2.396,756.957,1685.793,43.250,15,0,0,S (sleeping)
2026-08-01T05:57:42.306411+00:00,4520.162216037,1157.104068,4695,39.926,1.996,756.957,1685.793,43.250,15,0,0,S (sleeping)
2026-08-01T05:57:42.807312+00:00,4520.663120031,1157.604972,4695,47.913,2.396,756.957,1685.793,43.250,15,0,0,S (sleeping)
2026-08-01T05:57:43.308359+00:00,4521.164087017,1158.105939,4695,55.892,2.795,756.957,1685.793,43.250,15,0,0,S (sleeping)
2026-08-01T05:57:43.809261+00:00,4521.665074597,1158.606926,4695,53.894,2.695,757.113,1685.938,43.250,15,0,0,S (sleeping)
2026-08-01T05:57:44.310306+00:00,4522.166037255,1159.107889,4695,63.877,3.194,757.113,1685.938,43.250,15,0,0,S (sleeping)
2026-08-01T05:57:44.810730+00:00,4522.666541688,1159.608393,4695,47.952,2.398,757.113,1685.938,43.250,15,0,0,S (sleeping)
2026-08-01T05:57:45.311925+00:00,4523.167596727,1160.109448,4695,53.886,2.694,757.113,1685.938,43.250,15,0,0,S (sleeping)
2026-08-01T05:57:45.813297+00:00,4523.668977019,1160.610829,4695,59.835,2.992,757.113,1685.938,43.250,15,0,0,S (sleeping)
2026-08-01T05:57:46.314383+00:00,4524.170126907,1161.111978,4695,65.849,3.292,757.426,1686.168,43.250,15,0,0,S (sleeping)
2026-08-01T05:57:46.815388+00:00,4524.671180311,1161.613032,4695,77.836,3.892,757.426,1686.168,43.250,15,0,0,S (sleeping)
2026-08-01T05:57:47.316287+00:00,4525.172097289,1162.113949,4695,41.923,2.096,757.426,1686.168,43.250,15,0,0,S (sleeping)
2026-08-01T05:57:47.817195+00:00,4525.672990603,1162.614842,4695,65.882,3.294,757.895,1686.625,43.250,15,0,0,S (sleeping)
2026-08-01T05:57:48.318104+00:00,4526.173895488,1163.115747,4695,57.895,2.895,757.895,1686.625,43.250,15,0,0,S (sleeping)
2026-08-01T05:57:48.819028+00:00,4526.674838535,1163.616690,4695,59.887,2.994,757.895,1686.625,43.250,15,0,0,S (sleeping)
2026-08-01T05:57:49.319951+00:00,4527.175746977,1164.117599,4695,41.924,2.096,757.895,1686.625,43.250,15,0,0,R (running)
2026-08-01T05:57:49.820879+00:00,4527.676688556,1164.618540,4695,57.891,2.895,757.895,1686.625,43.250,15,0,0,S (sleeping)
2026-08-01T05:57:50.321754+00:00,4528.177568133,1165.119420,4695,49.912,2.496,757.895,1686.625,43.250,15,0,0,S (sleeping)
2026-08-01T05:57:50.822655+00:00,4528.678463430,1165.620315,4695,59.893,2.995,757.895,1686.625,43.250,15,0,0,S (sleeping)
2026-08-01T05:57:51.323582+00:00,4529.179371118,1166.121223,4695,57.895,2.895,757.895,1686.625,43.250,15,0,0,S (sleeping)
2026-08-01T05:57:51.824472+00:00,4529.680185032,1166.622037,4695,47.922,2.396,757.895,1686.625,43.250,15,0,0,S (sleeping)
2026-08-01T05:57:52.325456+00:00,4530.181262432,1167.123114,4695,49.892,2.495,757.895,1686.625,43.250,15,0,0,S (sleeping)
2026-08-01T05:57:52.826372+00:00,4530.682178794,1167.624030,4695,39.927,1.996,757.895,1686.625,43.250,15,0,0,S (sleeping)
2026-08-01T05:57:53.327284+00:00,4531.183100720,1168.124952,4695,65.879,3.294,757.895,1686.625,43.250,15,0,0,S (sleeping)
2026-08-01T05:57:53.828211+00:00,4531.683952052,1168.625804,4695,53.908,2.695,757.895,1686.625,43.250,15,0,0,S (sleeping)
2026-08-01T05:57:54.329541+00:00,4532.185116960,1169.126969,4695,47.888,2.394,757.895,1686.625,43.250,15,0,0,S (sleeping)
2026-08-01T05:57:54.829197+00:00,4532.686323586,1169.628175,4695,53.870,2.693,757.895,1686.625,43.250,15,0,0,S (sleeping)
2026-08-01T05:57:55.330194+00:00,4533.187326564,1170.129178,4695,63.872,3.194,757.895,1686.625,43.250,15,0,0,S (sleeping)
2026-08-01T05:57:55.830906+00:00,4533.688068985,1170.629921,4695,57.914,2.896,757.895,1686.625,43.250,15,0,0,S (sleeping)
2026-08-01T05:57:56.331865+00:00,4534.189026947,1171.130879,4695,53.897,2.695,757.895,1686.625,43.250,15,0,0,S (sleeping)
2026-08-01T05:57:56.832858+00:00,4534.690023342,1171.631875,4695,59.881,2.994,757.895,1686.625,43.250,15,0,0,S (sleeping)
2026-08-01T05:57:57.333871+00:00,4535.191027717,1172.132879,4695,51.896,2.595,757.895,1686.625,43.250,15,0,0,S (sleeping)
2026-08-01T05:57:57.834788+00:00,4535.691920204,1172.633772,4695,55.900,2.795,757.895,1686.625,43.250,15,0,0,S (sleeping)
2026-08-01T05:57:58.335672+00:00,4536.192844013,1173.134696,4695,49.908,2.495,757.895,1686.625,43.250,15,0,0,S (sleeping)
2026-08-01T05:57:58.836579+00:00,4536.693748247,1173.635600,4695,55.899,2.795,757.895,1686.625,43.250,15,0,0,S (sleeping)
2026-08-01T05:57:59.337540+00:00,4537.194615334,1174.136467,4695,53.907,2.695,757.895,1686.625,43.250,15,0,0,S (sleeping)
2026-08-01T05:57:59.838600+00:00,4537.695769638,1174.637621,4695,53.876,2.694,757.895,1686.625,43.250,15,0,0,S (sleeping)
2026-08-01T05:58:00.339103+00:00,4538.196269763,1175.138121,4695,49.950,2.498,757.895,1686.625,43.250,15,0,0,S (sleeping)
2026-08-01T05:58:00.839989+00:00,4538.697157519,1175.639009,4695,51.908,2.595,757.895,1686.625,43.250,15,0,0,S (sleeping)
2026-08-01T05:58:01.340918+00:00,4539.198083355,1176.139935,4695,51.904,2.595,757.895,1686.625,43.250,15,0,0,S (sleeping)
2026-08-01T05:58:01.841804+00:00,4539.698968668,1176.640820,4695,49.912,2.496,757.895,1686.625,43.250,15,0,0,S (sleeping)
2026-08-01T05:58:02.342818+00:00,4540.199951608,1177.141803,4695,47.906,2.395,757.895,1686.625,43.250,15,0,0,S (sleeping)
2026-08-01T05:58:02.843731+00:00,4540.700875236,1177.642727,4695,57.893,2.895,757.895,1686.625,43.250,15,0,0,S (sleeping)
2026-08-01T05:58:03.344198+00:00,4541.201360381,1178.143212,4695,55.946,2.797,757.895,1686.625,43.250,15,0,0,R (running)
2026-08-01T05:58:03.845104+00:00,4541.702264880,1178.644116,4695,49.910,2.495,757.895,1686.625,43.250,15,0,0,D (disk sleep)
2026-08-01T05:58:04.345801+00:00,4542.202969634,1179.144821,4695,55.921,2.796,757.895,1686.625,43.250,15,0,0,R (running)
2026-08-01T05:58:04.846798+00:00,4542.703888726,1179.645740,4695,53.901,2.695,757.895,1686.625,43.250,15,0,0,R (running)
2026-08-01T05:58:05.347815+00:00,4543.204924886,1180.146776,4695,49.897,2.495,757.895,1686.625,43.250,15,0,0,R (running)
2026-08-01T05:58:05.848744+00:00,4543.705913011,1180.647765,4695,63.874,3.194,757.895,1686.625,43.250,15,0,0,R (running)
2026-08-01T05:58:06.349235+00:00,4544.206399256,1181.148251,4695,53.948,2.697,757.895,1686.625,43.250,15,0,0,R (running)
2026-08-01T05:58:06.849938+00:00,4544.707089514,1181.648941,4695,55.923,2.796,757.895,1686.625,43.250,15,0,0,R (running)
2026-08-01T05:58:07.350841+00:00,4545.207980461,1182.149832,4695,59.893,2.995,757.895,1686.625,43.250,15,0,0,R (running)
2026-08-01T05:58:07.851749+00:00,4545.708909947,1182.650762,4695,51.904,2.595,757.895,1686.625,43.250,15,0,0,R (running)
2026-08-01T05:58:08.352717+00:00,4546.209815365,1183.151667,4695,57.895,2.895,757.895,1686.625,43.250,15,0,0,R (running)
2026-08-01T05:58:08.853735+00:00,4546.710898768,1183.652750,4695,55.879,2.794,757.895,1686.625,43.250,15,0,0,R (running)
2026-08-01T05:58:09.354810+00:00,4547.211876689,1184.153728,4695,57.887,2.894,757.895,1686.625,43.250,15,0,0,R (running)
2026-08-01T05:58:09.855834+00:00,4547.712998348,1184.654850,4695,61.861,3.093,758.363,1687.062,43.250,15,0,0,R (running)
2026-08-01T05:58:10.356776+00:00,4548.213945831,1185.155797,4695,55.894,2.795,758.363,1687.062,43.250,15,0,0,R (running)
2026-08-01T05:58:10.858236+00:00,4548.715215640,1185.657067,4695,59.848,2.992,758.988,1687.727,43.250,15,0,0,S (sleeping)
2026-08-01T05:58:11.359275+00:00,4549.216378708,1186.158230,4695,67.842,3.392,759.613,1688.324,43.250,15,0,0,R (running)
2026-08-01T05:58:11.860204+00:00,4549.717362055,1186.659214,4695,61.878,3.094,759.613,1688.324,43.250,15,0,0,S (sleeping)
2026-08-01T05:58:12.361101+00:00,4550.218270847,1187.160122,4695,55.898,2.795,760.863,1689.625,43.250,15,0,0,R (running)
2026-08-01T05:58:12.861938+00:00,4550.719095825,1187.660947,4695,57.904,2.895,761.801,1690.562,43.250,15,0,0,S (sleeping)
2026-08-01T05:58:13.362962+00:00,4551.220048153,1188.161900,4695,59.886,2.994,762.270,1691.109,43.250,15,0,0,S (sleeping)
2026-08-01T05:58:13.863884+00:00,4551.721053826,1188.662905,4695,49.900,2.495,762.270,1691.109,43.250,15,0,0,S (sleeping)
2026-08-01T05:58:14.364700+00:00,4552.221870994,1189.163723,4695,75.876,3.794,762.738,1691.473,43.250,15,0,0,S (sleeping)
2026-08-01T05:58:14.865596+00:00,4552.722769614,1189.664621,4695,61.889,3.094,762.738,1691.473,43.250,15,0,0,S (sleeping)
2026-08-01T05:58:15.366420+00:00,4553.223593899,1190.165445,4695,59.901,2.995,762.738,1691.473,43.250,15,0,0,S (sleeping)
2026-08-01T05:58:15.867221+00:00,4553.724395311,1190.666247,4695,59.904,2.995,763.676,1692.441,43.250,15,0,0,S (sleeping)
2026-08-01T05:58:16.368090+00:00,4554.225251484,1191.167103,4695,61.894,3.095,764.457,1693.207,43.250,15,0,0,S (sleeping)
2026-08-01T05:58:16.869034+00:00,4554.726204360,1191.668056,4695,61.882,3.094,765.707,1694.449,43.250,15,0,0,S (sleeping)
2026-08-01T05:58:17.369835+00:00,4555.227002189,1192.168854,4695,63.898,3.195,765.707,1694.449,43.250,15,0,0,S (sleeping)
2026-08-01T05:58:17.870711+00:00,4555.727884695,1192.669736,4695,61.891,3.095,766.488,1695.238,43.250,15,0,0,S (sleeping)
2026-08-01T05:58:18.371649+00:00,4556.228823107,1193.170675,4695,61.884,3.094,766.488,1695.238,43.250,15,0,0,S (sleeping)
2026-08-01T05:58:18.872483+00:00,4556.729651049,1193.671503,4695,65.891,3.295,767.113,1695.922,43.250,15,0,0,S (sleeping)
2026-08-01T05:58:19.373482+00:00,4557.230653937,1194.172506,4695,59.880,2.994,769.145,1697.941,43.250,15,0,0,S (sleeping)
2026-08-01T05:58:19.874376+00:00,4557.731547381,1194.673399,4695,65.882,3.294,769.145,1697.941,43.250,15,0,0,S (sleeping)
2026-08-01T05:58:20.375266+00:00,4558.232436785,1195.174288,4695,63.886,3.194,769.770,1698.441,43.250,15,0,0,S (sleeping)
2026-08-01T05:58:20.876166+00:00,4558.733335389,1195.675187,4695,63.885,3.194,770.863,1699.602,43.250,15,0,0,S (sleeping)
2026-08-01T05:58:21.377035+00:00,4559.234206864,1196.176058,4695,63.889,3.194,771.020,1699.809,43.250,15,0,0,S (sleeping)
2026-08-01T05:58:21.877949+00:00,4559.735098253,1196.676950,4695,63.886,3.194,771.645,1700.438,43.250,15,0,0,S (sleeping)
2026-08-01T05:58:22.378881+00:00,4560.236054834,1197.177906,4695,63.878,3.194,772.582,1701.430,43.250,15,0,0,S (sleeping)
2026-08-01T05:58:22.879768+00:00,4560.736937238,1197.678789,4695,83.852,4.193,772.582,1701.430,43.250,15,0,0,S (sleeping)
2026-08-01T05:58:23.380657+00:00,4561.237829185,1198.179681,4695,59.893,2.995,772.582,1701.430,43.250,15,0,0,S (sleeping)
2026-08-01T05:58:23.881509+00:00,4561.738684419,1198.680536,4695,61.894,3.095,772.582,1701.430,43.250,15,0,0,S (sleeping)
2026-08-01T05:58:24.382391+00:00,4562.239561039,1199.181413,4695,63.888,3.194,772.582,1701.430,43.250,15,0,0,S (sleeping)
2026-08-01T05:58:24.881711+00:00,4562.740495535,1199.682347,4695,61.884,3.094,772.582,1701.430,43.250,15,0,0,S (sleeping)
2026-08-01T05:58:25.382582+00:00,4563.241391650,1200.183243,4695,67.878,3.394,772.582,1701.430,43.250,15,0,0,S (sleeping)
2026-08-01T05:58:25.883642+00:00,4563.742370657,1200.684222,4695,65.871,3.294,772.582,1701.430,43.250,15,0,0,R (running)
2026-08-01T05:58:26.384628+00:00,4564.243436626,1201.185288,4695,77.834,3.892,772.582,1701.430,43.250,15,0,0,S (sleeping)
2026-08-01T05:58:26.885576+00:00,4564.744386123,1201.686238,4695,69.867,3.493,772.582,1701.430,43.250,15,0,0,S (sleeping)
2026-08-01T05:58:27.386523+00:00,4565.245305528,1202.187157,4695,67.875,3.394,772.582,1701.430,43.250,15,0,0,S (sleeping)
2026-08-01T05:58:27.887425+00:00,4565.746198804,1202.688050,4695,65.882,3.294,772.582,1701.430,43.250,15,0,0,S (sleeping)
2026-08-01T05:58:28.388456+00:00,4566.247261427,1203.189113,4695,67.856,3.393,772.582,1701.430,43.250,15,0,0,S (sleeping)
2026-08-01T05:58:28.889373+00:00,4566.748188471,1203.690040,4695,67.874,3.394,772.582,1701.430,43.250,15,0,0,S (sleeping)
2026-08-01T05:58:29.390268+00:00,4567.249084411,1204.190936,4695,67.878,3.394,772.582,1701.430,43.250,15,0,0,S (sleeping)
2026-08-01T05:58:29.890939+00:00,4567.749754534,1204.691606,4695,67.909,3.395,772.582,1701.430,43.250,15,0,0,S (sleeping)
2026-08-01T05:58:30.391844+00:00,4568.250649698,1205.192501,4695,65.882,3.294,772.582,1701.430,43.250,15,0,0,S (sleeping)
2026-08-01T05:58:30.892706+00:00,4568.751523500,1205.693375,4695,71.874,3.594,772.582,1701.430,43.250,15,0,0,S (sleeping)
2026-08-01T05:58:31.393625+00:00,4569.252440897,1206.194292,4695,67.875,3.394,772.582,1701.430,43.250,15,0,0,S (sleeping)
2026-08-01T05:58:31.894543+00:00,4569.753356936,1206.695209,4695,73.865,3.693,772.582,1701.430,43.250,15,0,0,S (sleeping)
2026-08-01T05:58:32.395445+00:00,4570.254262324,1207.196114,4695,75.863,3.793,772.582,1701.430,43.250,15,0,0,S (sleeping)
2026-08-01T05:58:32.896347+00:00,4570.755168845,1207.697020,4695,61.888,3.094,772.582,1701.430,43.250,15,0,0,S (sleeping)
2026-08-01T05:58:33.397254+00:00,4571.256042099,1208.197894,4695,61.892,3.095,772.582,1701.430,43.250,15,0,0,S (sleeping)
2026-08-01T05:58:33.898142+00:00,4571.756958360,1208.698810,4695,63.883,3.194,772.582,1701.430,43.250,15,0,0,S (sleeping)
2026-08-01T05:58:34.399098+00:00,4572.257914394,1209.199766,4695,67.870,3.394,772.582,1701.430,43.250,15,0,0,S (sleeping)
2026-08-01T05:58:34.900000+00:00,4572.758818575,1209.700670,4695,63.884,3.194,772.582,1701.430,43.250,15,0,0,S (sleeping)
2026-08-01T05:58:35.400896+00:00,4573.259709361,1210.201561,4695,69.876,3.494,772.582,1701.430,43.250,15,0,0,S (sleeping)
2026-08-01T05:58:35.901817+00:00,4573.760621651,1210.702473,4695,61.887,3.094,772.582,1701.430,43.250,15,0,0,S (sleeping)
2026-08-01T05:58:36.402831+00:00,4574.261644410,1211.203496,4695,69.857,3.493,772.582,1701.430,43.250,15,0,0,S (sleeping)
2026-08-01T05:58:36.903768+00:00,4574.762589697,1211.704441,4695,65.875,3.294,772.582,1701.430,43.250,15,0,0,S (sleeping)
2026-08-01T05:58:37.404590+00:00,4575.263405607,1212.205257,4695,69.886,3.494,772.582,1701.430,43.250,15,0,0,S (sleeping)
2026-08-01T05:58:37.905463+00:00,4575.764279241,1212.706131,4695,69.878,3.494,772.582,1701.430,43.250,15,0,0,S (sleeping)
2026-08-01T05:58:38.406328+00:00,4576.265148522,1213.207000,4695,87.847,4.392,772.582,1701.430,43.250,15,0,0,S (sleeping)
2026-08-01T05:58:38.907180+00:00,4576.765988225,1213.707840,4695,61.896,3.095,772.582,1701.430,43.250,15,0,0,S (sleeping)
2026-08-01T05:58:39.408103+00:00,4577.266919013,1214.208771,4695,63.881,3.194,772.582,1701.430,43.250,15,0,0,S (sleeping)
2026-08-01T05:58:39.909035+00:00,4577.767840026,1214.709692,4695,65.879,3.294,772.582,1701.430,43.250,15,0,0,S (sleeping)
2026-08-01T05:58:40.409938+00:00,4578.268756005,1215.210608,4695,65.879,3.294,772.582,1701.430,43.250,15,0,0,S (sleeping)
2026-08-01T05:58:40.910832+00:00,4578.769653532,1215.711505,4695,67.878,3.394,772.582,1701.430,43.250,15,0,0,S (sleeping)
2026-08-01T05:58:41.411674+00:00,4579.270492570,1216.212344,4695,59.899,2.995,772.582,1701.430,43.250,15,0,0,S (sleeping)
2026-08-01T05:58:41.912796+00:00,4579.771597118,1216.713449,4695,67.850,3.393,772.582,1701.430,43.250,15,0,0,S (sleeping)
2026-08-01T05:58:42.413691+00:00,4580.272506931,1217.214359,4695,67.876,3.394,772.582,1701.430,43.250,15,0,0,S (sleeping)
2026-08-01T05:58:42.914578+00:00,4580.773392428,1217.715244,4695,65.883,3.294,772.582,1701.430,43.250,15,0,0,S (sleeping)
2026-08-01T05:58:43.415445+00:00,4581.274261738,1218.216113,4695,67.882,3.394,772.582,1701.430,43.250,15,0,0,S (sleeping)
2026-08-01T05:58:43.916410+00:00,4581.775200859,1218.717052,4695,69.869,3.493,772.582,1701.430,43.250,15,0,0,S (sleeping)
2026-08-01T05:58:44.417509+00:00,4582.276256446,1219.218108,4695,69.853,3.493,772.582,1701.430,43.250,15,0,0,S (sleeping)
2026-08-01T05:58:44.918446+00:00,4582.777261355,1219.719113,4695,65.868,3.293,772.582,1701.430,43.250,15,0,0,S (sleeping)
2026-08-01T05:58:45.419320+00:00,4583.278139709,1220.219991,4695,65.884,3.294,772.582,1701.430,43.250,15,0,0,S (sleeping)
2026-08-01T05:58:45.920182+00:00,4583.778997418,1220.720849,4695,71.877,3.594,772.582,1701.430,43.250,15,0,0,S (sleeping)
2026-08-01T05:58:46.421058+00:00,4584.279874164,1221.221726,4695,65.884,3.294,772.582,1701.430,43.250,15,0,0,S (sleeping)
2026-08-01T05:58:46.921985+00:00,4584.780809024,1221.722661,4695,79.851,3.993,772.582,1701.430,43.250,15,0,0,S (sleeping)
2026-08-01T05:58:47.422819+00:00,4585.281637254,1222.223489,4695,63.894,3.195,772.582,1701.430,43.250,15,0,0,S (sleeping)
2026-08-01T05:58:47.923804+00:00,4585.782593569,1222.724445,4695,65.874,3.294,772.582,1701.430,43.250,15,0,0,R (running)
2026-08-01T05:58:48.424710+00:00,4586.283530632,1223.225382,4695,73.862,3.693,772.582,1701.430,43.250,15,0,0,S (sleeping)
2026-08-01T05:58:48.925274+00:00,4586.784085022,1223.725937,4695,55.938,2.797,772.582,1701.430,43.250,15,0,0,S (sleeping)
2026-08-01T05:58:49.426190+00:00,4587.285007241,1224.226859,4695,63.882,3.194,772.582,1701.430,43.250,15,0,0,S (sleeping)
2026-08-01T05:58:49.927106+00:00,4587.785898850,1224.727750,4695,59.893,2.995,772.582,1701.430,43.250,15,0,0,R (running)
2026-08-01T05:58:50.428105+00:00,4588.286909152,1225.228761,4695,61.875,3.094,772.582,1701.430,43.250,15,0,0,S (sleeping)
2026-08-01T05:58:50.928792+00:00,4588.787578932,1225.729431,4695,63.914,3.196,772.582,1701.430,43.250,15,0,0,S (sleeping)
2026-08-01T05:58:51.429750+00:00,4589.288569024,1226.230421,4695,63.874,3.194,772.582,1701.430,43.250,15,0,0,R (running)
2026-08-01T05:58:51.930671+00:00,4589.789463548,1226.731315,4695,65.882,3.294,772.582,1701.430,43.250,15,0,0,S (sleeping)
2026-08-01T05:58:52.431590+00:00,4590.290396662,1227.232248,4695,65.877,3.294,772.582,1701.430,43.250,15,0,0,S (sleeping)
2026-08-01T05:58:52.932487+00:00,4590.791298509,1227.733150,4695,61.888,3.094,772.582,1701.430,43.250,15,0,0,S (sleeping)
2026-08-01T05:58:53.432941+00:00,4591.291747450,1228.233599,4695,61.944,3.097,772.582,1701.430,43.250,15,0,0,S (sleeping)
2026-08-01T05:58:53.933751+00:00,4591.792558581,1228.734410,4695,61.900,3.095,772.582,1701.430,43.250,15,0,0,S (sleeping)
2026-08-01T05:58:54.434649+00:00,4592.293469660,1229.235321,4695,59.891,2.995,772.582,1701.430,43.250,15,0,0,S (sleeping)
2026-08-01T05:58:54.933991+00:00,4592.794333313,1229.736185,4695,63.890,3.194,772.582,1701.430,43.250,15,0,0,S (sleeping)
2026-08-01T05:58:55.434855+00:00,4593.295207827,1230.237059,4695,69.878,3.494,772.582,1701.430,43.250,15,0,0,S (sleeping)
2026-08-01T05:58:55.935746+00:00,4593.796102524,1230.737954,4695,57.896,2.895,772.582,1701.430,43.250,15,0,0,S (sleeping)
2026-08-01T05:58:56.436606+00:00,4594.296955845,1231.238807,4695,63.891,3.195,772.582,1701.430,43.250,15,0,0,S (sleeping)
2026-08-01T05:58:56.937540+00:00,4594.797873787,1231.739725,4695,61.886,3.094,772.582,1701.430,43.250,15,0,0,S (sleeping)
2026-08-01T05:58:57.438438+00:00,4595.298798665,1232.240650,4695,69.871,3.494,772.582,1701.430,43.250,15,0,0,S (sleeping)
2026-08-01T05:58:57.939286+00:00,4595.799627646,1232.741479,4695,61.897,3.095,772.582,1701.430,43.250,15,0,0,S (sleeping)
2026-08-01T05:58:58.440156+00:00,4596.300501482,1233.242353,4695,87.846,4.392,772.582,1701.430,43.250,15,0,0,S (sleeping)
2026-08-01T05:58:58.941064+00:00,4596.801409915,1233.743261,4695,61.888,3.094,772.582,1701.430,43.250,15,0,0,S (sleeping)
2026-08-01T05:58:59.441940+00:00,4597.302284824,1234.244136,4695,65.885,3.294,772.582,1701.430,43.250,15,0,0,S (sleeping)
2026-08-01T05:58:59.942889+00:00,4597.803244901,1234.745096,4695,63.877,3.194,772.582,1701.430,43.250,15,0,0,S (sleeping)
2026-08-01T05:59:00.443792+00:00,4598.304144048,1235.245996,4695,77.860,3.893,806.176,1745.102,43.250,15,0,0,R (running)
2026-08-01T05:59:00.944684+00:00,4598.805035735,1235.746887,4695,65.883,3.294,806.176,1745.102,43.250,15,0,0,R (running)
2026-08-01T05:59:01.445599+00:00,4599.305950227,1236.247802,4695,63.883,3.194,806.176,1745.102,43.250,15,0,0,R (running)
2026-08-01T05:59:01.946467+00:00,4599.806810973,1236.748663,4695,67.883,3.394,806.176,1745.102,43.250,15,0,0,R (running)
2026-08-01T05:59:02.447346+00:00,4600.307693563,1237.249545,4695,67.880,3.394,806.176,1745.102,43.250,15,0,0,R (running)
2026-08-01T05:59:02.948218+00:00,4600.808556313,1237.750408,4695,65.886,3.294,806.176,1745.102,43.250,15,0,0,R (running)
2026-08-01T05:59:03.449121+00:00,4601.309469860,1238.251321,4695,67.876,3.394,806.176,1745.102,43.250,15,0,0,R (running)
2026-08-01T05:59:03.949981+00:00,4601.810320365,1238.752172,4695,65.888,3.294,806.176,1745.102,43.250,15,0,0,R (running)
2026-08-01T05:59:04.450453+00:00,4602.310811730,1239.252663,4695,69.931,3.497,806.176,1745.102,43.250,15,0,0,R (running)
2026-08-01T05:59:04.951336+00:00,4602.811684468,1239.753536,4695,71.875,3.594,806.176,1745.102,43.250,15,0,0,R (running)
2026-08-01T05:59:05.452333+00:00,4603.312683817,1240.254535,4695,65.868,3.293,806.176,1745.102,43.250,15,0,0,R (running)
2026-08-01T05:59:05.953234+00:00,4603.813575147,1240.755427,4695,67.879,3.394,806.176,1745.102,43.250,15,0,0,R (running)
2026-08-01T05:59:06.454180+00:00,4604.314525087,1241.256377,4695,69.867,3.493,806.176,1745.102,43.250,15,0,0,R (running)
2026-08-01T05:59:06.955174+00:00,4604.815528927,1241.757381,4695,73.852,3.693,806.176,1745.102,43.250,15,0,0,R (running)
2026-08-01T05:59:07.456058+00:00,4605.316416071,1242.258268,4695,71.872,3.594,806.176,1745.102,43.250,15,0,0,R (running)
2026-08-01T05:59:07.956931+00:00,4605.817271626,1242.759123,4695,79.863,3.993,806.176,1745.102,43.250,15,0,0,R (running)
2026-08-01T05:59:08.457894+00:00,4606.318241011,1243.260093,4695,63.876,3.194,806.176,1745.102,43.250,15,0,0,R (running)
2026-08-01T05:59:08.958973+00:00,4606.819231911,1243.761083,4695,61.877,3.094,806.176,1745.102,43.250,15,0,0,R (running)
2026-08-01T05:59:09.460125+00:00,4607.320389004,1244.262241,4695,77.820,3.891,806.176,1745.102,43.250,15,0,0,R (running)
2026-08-01T05:59:09.961329+00:00,4607.821570469,1244.763422,4695,65.844,3.292,806.176,1745.102,43.250,15,0,0,R (running)
2026-08-01T05:59:10.462331+00:00,4608.322662092,1245.264514,4695,71.843,3.592,806.176,1745.102,43.250,15,0,0,S (sleeping)
2026-08-01T05:59:10.963279+00:00,4608.823614609,1245.765466,4695,65.875,3.294,806.176,1745.102,43.250,15,0,0,R (running)
2026-08-01T05:59:11.464414+00:00,4609.324677110,1246.266529,4695,69.852,3.493,806.176,1745.102,43.250,15,0,0,R (running)
2026-08-01T05:59:11.965405+00:00,4609.825759040,1246.767611,4695,65.857,3.293,806.176,1745.102,43.250,15,0,0,S (sleeping)
2026-08-01T05:59:12.466324+00:00,4610.326680243,1247.268532,4695,71.868,3.593,806.176,1745.102,43.250,15,0,0,S (sleeping)
2026-08-01T05:59:12.967275+00:00,4610.827536040,1247.769388,4695,63.891,3.195,806.176,1745.102,43.250,15,0,0,S (sleeping)
2026-08-01T05:59:13.468308+00:00,4611.328663095,1248.270515,4695,61.861,3.093,806.176,1745.102,43.250,15,0,0,S (sleeping)
2026-08-01T05:59:13.969200+00:00,4611.829550863,1248.771402,4695,65.883,3.294,806.176,1745.102,43.250,15,0,0,S (sleeping)
2026-08-01T05:59:14.470064+00:00,4612.330421504,1249.272273,4695,67.882,3.394,806.176,1745.102,43.250,15,0,0,S (sleeping)
2026-08-01T05:59:14.970956+00:00,4612.831315239,1249.773167,4695,63.886,3.194,806.176,1745.102,43.250,15,0,0,S (sleeping)
2026-08-01T05:59:15.471855+00:00,4613.332196997,1250.274049,4695,65.884,3.294,806.176,1745.102,43.250,15,0,0,S (sleeping)
2026-08-01T05:59:15.972563+00:00,4613.832908545,1250.774760,4695,65.906,3.295,806.176,1745.102,43.250,15,0,0,S (sleeping)
2026-08-01T05:59:16.473485+00:00,4614.333808603,1251.275660,4695,67.878,3.394,806.176,1745.102,43.250,15,0,0,S (sleeping)
2026-08-01T05:59:16.974411+00:00,4614.834727408,1251.776579,4695,69.872,3.494,806.176,1745.102,43.250,15,0,0,S (sleeping)
2026-08-01T05:59:17.475413+00:00,4615.335722630,1252.277574,4695,81.837,4.092,806.176,1745.102,43.250,15,0,0,S (sleeping)
2026-08-01T05:59:17.976343+00:00,4615.836678895,1252.778530,4695,63.878,3.194,806.176,1745.102,43.250,15,0,0,S (sleeping)
2026-08-01T05:59:18.477390+00:00,4616.337660134,1253.279512,4695,65.871,3.294,806.176,1745.102,43.250,15,0,0,S (sleeping)
2026-08-01T05:59:18.978345+00:00,4616.838696200,1253.780548,4695,63.868,3.193,806.176,1745.102,43.250,15,0,0,S (sleeping)
2026-08-01T05:59:19.479276+00:00,4617.339628431,1254.281480,4695,65.877,3.294,806.176,1745.102,43.250,15,0,0,S (sleeping)
2026-08-01T05:59:19.980172+00:00,4617.840520499,1254.782372,4695,65.882,3.294,806.176,1745.102,43.250,15,0,0,S (sleeping)
2026-08-01T05:59:20.481099+00:00,4618.341434177,1255.283286,4695,65.880,3.294,806.176,1745.102,43.250,15,0,0,S (sleeping)
2026-08-01T05:59:20.982038+00:00,4618.842384071,1255.784236,4695,69.867,3.493,806.176,1745.102,43.250,15,0,0,S (sleeping)
2026-08-01T05:59:21.483030+00:00,4619.343390449,1256.285242,4695,63.871,3.194,806.176,1745.102,43.250,15,0,0,S (sleeping)
2026-08-01T05:59:21.983891+00:00,4619.844228955,1256.786081,4695,63.893,3.195,806.176,1745.102,43.250,15,0,0,S (sleeping)
2026-08-01T05:59:22.484792+00:00,4620.345147110,1257.286999,4695,65.879,3.294,806.176,1745.102,43.250,15,0,0,S (sleeping)
2026-08-01T05:59:22.985687+00:00,4620.846046603,1257.787898,4695,71.871,3.594,806.176,1745.102,43.250,15,0,0,S (sleeping)
2026-08-01T05:59:23.486495+00:00,4621.346853069,1258.288705,4695,63.897,3.195,806.176,1745.102,43.250,15,0,0,S (sleeping)
2026-08-01T05:59:23.987421+00:00,4621.847767780,1258.789619,4695,63.883,3.194,806.176,1745.102,43.250,15,0,0,S (sleeping)
2026-08-01T05:59:24.488416+00:00,4622.348753651,1259.290605,4695,65.870,3.294,806.176,1745.102,43.250,15,0,0,S (sleeping)
2026-08-01T05:59:24.987864+00:00,4622.849599449,1259.791451,4695,63.892,3.195,806.176,1745.102,43.250,15,0,0,S (sleeping)
2026-08-01T05:59:25.488787+00:00,4623.350529076,1260.292381,4695,69.870,3.494,806.176,1745.102,43.250,15,0,0,S (sleeping)
2026-08-01T05:59:25.989709+00:00,4623.851419036,1260.793271,4695,61.890,3.094,806.176,1745.102,43.250,15,0,0,S (sleeping)
2026-08-01T05:59:26.490559+00:00,4624.352286734,1261.294138,4695,67.882,3.394,806.176,1745.102,43.250,15,0,0,S (sleeping)
2026-08-01T05:59:26.991592+00:00,4624.853318119,1261.795170,4695,63.868,3.193,806.176,1745.102,43.250,15,0,0,S (sleeping)
2026-08-01T05:59:27.492569+00:00,4625.354307269,1262.296159,4695,69.862,3.493,806.176,1745.102,43.250,15,0,0,S (sleeping)
2026-08-01T05:59:27.993489+00:00,4625.855227912,1262.797079,4695,65.879,3.294,806.176,1745.102,43.250,15,0,0,S (sleeping)
2026-08-01T05:59:28.494422+00:00,4626.356159333,1263.298011,4695,63.881,3.194,806.176,1745.102,43.250,15,0,0,S (sleeping)
2026-08-01T05:59:28.995331+00:00,4626.857068923,1263.798921,4695,63.884,3.194,806.176,1745.102,43.250,15,0,0,S (sleeping)
2026-08-01T05:59:29.496232+00:00,4627.357969451,1264.299821,4695,73.867,3.693,806.176,1745.102,43.250,15,0,0,S (sleeping)
2026-08-01T05:59:29.997171+00:00,4627.858898265,1264.800750,4695,63.881,3.194,806.176,1745.102,43.250,15,0,0,S (sleeping)
2026-08-01T05:59:30.498057+00:00,4628.359792783,1265.301644,4695,73.868,3.693,806.176,1745.102,43.250,15,0,0,S (sleeping)
2026-08-01T05:59:30.998975+00:00,4628.860707893,1265.802559,4695,73.865,3.693,806.176,1745.102,43.250,15,0,0,S (sleeping)
2026-08-01T05:59:31.499905+00:00,4629.361644459,1266.303496,4695,65.877,3.294,806.176,1745.102,43.250,15,0,0,S (sleeping)
2026-08-01T05:59:32.000807+00:00,4629.862546742,1266.804398,4695,63.885,3.194,806.176,1745.102,43.250,15,0,0,S (sleeping)
2026-08-01T05:59:32.501830+00:00,4630.363560010,1267.305412,4695,67.862,3.393,806.176,1745.102,43.250,15,0,0,S (sleeping)
2026-08-01T05:59:33.002338+00:00,4630.864078329,1267.805930,4695,69.928,3.496,806.176,1745.102,43.250,15,0,0,S (sleeping)
2026-08-01T05:59:33.503228+00:00,4631.364967929,1268.306820,4695,61.890,3.094,806.176,1745.102,43.250,15,0,0,S (sleeping)
2026-08-01T05:59:34.004135+00:00,4631.865865291,1268.807717,4695,67.878,3.394,806.176,1745.102,43.250,15,0,0,S (sleeping)
2026-08-01T05:59:34.505022+00:00,4632.366762273,1269.308614,4695,67.878,3.394,806.176,1745.102,43.250,15,0,0,S (sleeping)
2026-08-01T05:59:35.005936+00:00,4632.867660569,1269.809512,4695,59.892,2.995,806.176,1745.102,43.250,15,0,0,S (sleeping)
2026-08-01T05:59:35.506835+00:00,4633.368568190,1270.310420,4695,63.884,3.194,806.176,1745.102,43.250,15,0,0,S (sleeping)
2026-08-01T05:59:36.007736+00:00,4633.869479903,1270.811331,4695,63.884,3.194,806.176,1745.102,43.250,15,0,0,S (sleeping)
2026-08-01T05:59:36.508547+00:00,4634.370285444,1271.312137,4695,67.891,3.395,806.176,1745.102,43.250,15,0,0,S (sleeping)
2026-08-01T05:59:37.009472+00:00,4634.871210388,1271.813062,4695,67.874,3.394,806.176,1745.102,43.250,15,0,0,S (sleeping)
2026-08-01T05:59:37.510386+00:00,4635.372128625,1272.313980,4695,65.879,3.294,806.176,1745.102,43.250,15,0,0,S (sleeping)
2026-08-01T05:59:38.011210+00:00,4635.872946785,1272.814798,4695,67.889,3.394,806.176,1745.102,43.250,15,0,0,S (sleeping)
2026-08-01T05:59:38.512177+00:00,4636.373909552,1273.315761,4695,73.858,3.693,806.176,1745.102,43.250,15,0,0,S (sleeping)
2026-08-01T05:59:39.013069+00:00,4636.874805861,1273.816657,4695,65.882,3.294,806.176,1745.102,43.250,15,0,0,S (sleeping)
2026-08-01T05:59:39.513991+00:00,4637.375728494,1274.317580,4695,65.878,3.294,806.176,1745.102,43.250,15,0,0,S (sleeping)
2026-08-01T05:59:40.014908+00:00,4637.876644426,1274.818496,4695,65.879,3.294,806.176,1745.102,43.250,15,0,0,S (sleeping)
2026-08-01T05:59:40.515836+00:00,4638.377573703,1275.319425,4695,67.874,3.394,806.176,1745.102,43.250,15,0,0,S (sleeping)
2026-08-01T05:59:41.016673+00:00,4638.878403048,1275.820255,4695,65.891,3.295,806.176,1745.102,43.250,15,0,0,S (sleeping)
2026-08-01T05:59:41.517624+00:00,4639.379364488,1276.321216,4695,65.873,3.294,806.176,1745.102,43.250,15,0,0,S (sleeping)
2026-08-01T05:59:42.018506+00:00,4639.880244220,1276.822096,4695,63.888,3.194,806.176,1745.102,43.250,15,0,0,S (sleeping)
2026-08-01T05:59:42.519355+00:00,4640.381094620,1277.322946,4695,67.885,3.394,806.176,1745.102,43.250,15,0,0,S (sleeping)
2026-08-01T05:59:43.020277+00:00,4640.882010658,1277.823862,4695,67.876,3.394,806.176,1745.102,43.250,15,0,0,R (running)
2026-08-01T05:59:43.521221+00:00,4641.382954432,1278.324806,4695,73.861,3.693,806.176,1745.102,43.250,15,0,0,S (sleeping)
2026-08-01T05:59:44.022073+00:00,4641.883803690,1278.825655,4695,63.891,3.195,806.176,1745.102,43.250,15,0,0,S (sleeping)
2026-08-01T05:59:44.523014+00:00,4642.384748339,1279.326600,4695,77.853,3.893,806.176,1745.102,43.250,15,0,0,S (sleeping)
2026-08-01T05:59:45.023953+00:00,4642.885673488,1279.827525,4695,73.863,3.693,806.176,1745.102,43.250,15,0,0,R (running)
2026-08-01T05:59:45.524869+00:00,4643.386608472,1280.328460,4695,59.888,2.994,806.176,1745.102,43.250,15,0,0,R (running)
2026-08-01T05:59:46.025803+00:00,4643.887533329,1280.829385,4695,65.878,3.294,806.176,1745.102,43.250,15,0,0,S (sleeping)
2026-08-01T05:59:46.526763+00:00,4644.388474554,1281.330326,4695,69.868,3.493,806.176,1745.102,43.250,15,0,0,R (running)
2026-08-01T05:59:47.027727+00:00,4644.889461370,1281.831313,4695,83.835,4.192,806.176,1745.102,43.250,15,0,0,S (sleeping)
2026-08-01T05:59:47.528663+00:00,4645.390391798,1282.332243,4695,65.877,3.294,806.176,1745.102,43.250,15,0,0,S (sleeping)
2026-08-01T05:59:48.029569+00:00,4645.891300884,1282.833152,4695,67.877,3.394,806.176,1745.102,43.250,15,0,0,S (sleeping)
2026-08-01T05:59:48.530500+00:00,4646.392237287,1283.334089,4695,67.873,3.394,806.176,1745.102,43.250,15,0,0,S (sleeping)
2026-08-01T05:59:49.031354+00:00,4646.893098558,1283.834950,4695,67.883,3.394,806.176,1745.102,43.250,15,0,0,S (sleeping)
2026-08-01T05:59:49.532419+00:00,4647.394023012,1284.335875,4695,79.852,3.993,806.176,1745.102,43.250,15,0,0,R (running)
2026-08-01T05:59:50.033552+00:00,4647.895210975,1284.837063,4695,75.820,3.791,806.176,1745.102,43.250,15,0,0,S (sleeping)
2026-08-01T05:59:50.534488+00:00,4648.396223113,1285.338075,4695,71.855,3.593,806.176,1745.102,43.250,15,0,0,S (sleeping)
2026-08-01T05:59:51.035429+00:00,4648.897153313,1285.839005,4695,69.870,3.494,806.176,1745.102,43.250,15,0,0,S (sleeping)
2026-08-01T05:59:51.536345+00:00,4649.398060306,1286.339912,4695,67.877,3.394,806.176,1745.102,43.250,15,0,0,S (sleeping)
2026-08-01T05:59:52.037353+00:00,4649.899055876,1286.840907,4695,73.853,3.693,806.176,1745.102,43.250,15,0,0,S (sleeping)
2026-08-01T05:59:52.538350+00:00,4650.400088179,1287.341940,4695,67.860,3.393,806.176,1745.102,43.250,15,0,0,S (sleeping)
2026-08-01T05:59:53.039201+00:00,4650.900936667,1287.842788,4695,85.854,4.293,806.176,1745.102,43.250,15,0,0,S (sleeping)
2026-08-01T05:59:53.542911+00:00,4651.404644139,1288.346496,4695,69.485,3.474,806.176,1745.102,43.250,15,0,0,S (sleeping)
2026-08-01T05:59:54.043840+00:00,4651.905574068,1288.847426,4695,73.863,3.693,806.176,1745.102,43.250,15,0,0,S (sleeping)
2026-08-01T05:59:54.543350+00:00,4652.406374085,1289.348226,4695,61.901,3.095,806.176,1745.102,43.250,15,0,0,S (sleeping)
2026-08-01T05:59:55.044243+00:00,4652.907263223,1289.849115,4695,71.872,3.594,806.176,1745.102,43.250,15,0,0,R (running)
2026-08-01T05:59:55.545150+00:00,4653.408183417,1290.350035,4695,65.879,3.294,806.176,1745.102,43.250,15,0,0,R (running)
2026-08-01T05:59:56.046155+00:00,4653.909091896,1290.850943,4695,67.877,3.394,806.176,1745.102,43.250,15,0,0,R (running)
2026-08-01T05:59:56.547216+00:00,4654.410236287,1291.352088,4695,65.849,3.292,806.176,1745.102,43.250,15,0,0,R (running)
2026-08-01T05:59:57.048152+00:00,4654.911174407,1291.853026,4695,61.884,3.094,806.176,1745.102,43.250,15,0,0,R (running)
2026-08-01T05:59:57.549055+00:00,4655.412086907,1292.353938,4695,65.880,3.294,806.176,1745.102,43.250,15,0,0,R (running)
2026-08-01T05:59:58.049935+00:00,4655.912966787,1292.854818,4695,63.888,3.194,806.176,1745.102,43.250,15,0,0,R (running)
2026-08-01T05:59:58.550865+00:00,4656.413879727,1293.355731,4695,65.880,3.294,806.176,1745.102,43.250,15,0,0,R (running)
2026-08-01T05:59:59.051858+00:00,4656.914888919,1293.856740,4695,93.811,4.691,806.176,1745.102,43.250,15,0,0,S (sleeping)
2026-08-01T05:59:59.552800+00:00,4657.415778299,1294.357630,4695,59.893,2.995,806.176,1745.102,43.250,15,0,0,R (running)
2026-08-01T06:00:00.053899+00:00,4657.916895486,1294.858747,4695,67.848,3.392,806.176,1745.102,43.250,15,0,0,R (running)
2026-08-01T06:00:00.554891+00:00,4658.417905496,1295.359757,4695,65.867,3.293,806.176,1745.102,43.250,15,0,0,R (running)
2026-08-01T06:00:01.055782+00:00,4658.918809922,1295.860662,4695,63.884,3.194,806.176,1745.102,43.250,15,0,0,R (running)
2026-08-01T06:00:01.556882+00:00,4659.419888436,1296.361740,4695,63.862,3.193,806.176,1745.102,43.250,15,0,0,R (running)
2026-08-01T06:00:02.057887+00:00,4659.920915041,1296.862767,4695,67.861,3.393,806.176,1745.102,43.250,15,0,0,R (running)
2026-08-01T06:00:02.558811+00:00,4660.421841354,1297.363693,4695,69.871,3.494,806.176,1745.102,43.250,15,0,0,S (sleeping)
2026-08-01T06:00:03.059726+00:00,4660.922759842,1297.864611,4695,63.883,3.194,806.176,1745.102,43.250,15,0,0,S (sleeping)
2026-08-01T06:00:03.560606+00:00,4661.423634773,1298.365486,4695,59.895,2.995,806.176,1745.102,43.250,15,0,0,R (running)
2026-08-01T06:00:04.061801+00:00,4661.924632119,1298.866484,4695,67.865,3.393,806.176,1745.102,43.250,15,0,0,S (sleeping)
2026-08-01T06:00:04.562711+00:00,4662.425744337,1299.367596,4695,65.854,3.293,806.176,1745.102,43.250,15,0,0,S (sleeping)
2026-08-01T06:00:05.063576+00:00,4662.926587911,1299.868439,4695,63.892,3.195,806.176,1745.102,43.250,15,0,0,S (sleeping)
2026-08-01T06:00:05.564297+00:00,4663.427329625,1300.369181,4695,67.899,3.395,806.176,1745.102,43.250,15,0,0,S (sleeping)
2026-08-01T06:00:06.065033+00:00,4663.928068544,1300.869920,4695,65.903,3.295,806.176,1745.102,43.250,15,0,0,S (sleeping)
2026-08-01T06:00:06.565850+00:00,4664.428881316,1301.370733,4695,69.886,3.494,806.176,1745.102,43.250,15,0,0,S (sleeping)
2026-08-01T06:00:07.066982+00:00,4664.929895791,1301.871747,4695,69.858,3.493,806.176,1745.102,43.250,15,0,0,S (sleeping)
2026-08-01T06:00:07.568070+00:00,4665.431095631,1302.372947,4695,63.847,3.192,806.176,1745.102,43.250,15,0,0,S (sleeping)
2026-08-01T06:00:08.068965+00:00,4665.931971597,1302.873823,4695,63.888,3.194,806.176,1745.102,43.250,15,0,0,S (sleeping)
2026-08-01T06:00:08.569870+00:00,4666.432900709,1303.374752,4695,67.874,3.394,806.176,1745.102,43.250,15,0,0,S (sleeping)
2026-08-01T06:00:09.070790+00:00,4666.933820857,1303.875672,4695,67.875,3.394,806.176,1745.102,43.250,15,0,0,S (sleeping)
2026-08-01T06:00:09.571738+00:00,4667.434753436,1304.376605,4695,67.873,3.394,806.176,1745.102,43.250,15,0,0,S (sleeping)
2026-08-01T06:00:10.072676+00:00,4667.935708464,1304.877560,4695,63.878,3.194,806.176,1745.102,43.250,15,0,0,S (sleeping)
2026-08-01T06:00:10.573638+00:00,4668.436638023,1305.378490,4695,65.878,3.294,806.176,1745.102,43.250,15,0,0,S (sleeping)
2026-08-01T06:00:11.074676+00:00,4668.937642579,1305.879494,4695,75.848,3.792,806.176,1745.102,43.250,15,0,0,S (sleeping)
2026-08-01T06:00:11.575721+00:00,4669.438716196,1306.380568,4695,65.859,3.293,806.176,1745.102,43.250,15,0,0,S (sleeping)
2026-08-01T06:00:12.076648+00:00,4669.939657973,1306.881510,4695,63.880,3.194,806.176,1745.102,43.250,15,0,0,S (sleeping)
2026-08-01T06:00:12.577646+00:00,4670.440665660,1307.382517,4695,65.867,3.293,806.176,1745.102,43.250,15,0,0,S (sleeping)
2026-08-01T06:00:13.078557+00:00,4670.941582100,1307.883434,4695,67.876,3.394,806.176,1745.102,43.250,15,0,0,S (sleeping)
2026-08-01T06:00:13.579441+00:00,4671.442473941,1308.384326,4695,61.890,3.094,806.176,1745.102,43.250,15,0,0,S (sleeping)
2026-08-01T06:00:14.080327+00:00,4671.943362881,1308.885214,4695,67.879,3.394,806.176,1745.102,43.250,15,0,0,S (sleeping)
2026-08-01T06:00:14.581088+00:00,4672.444127165,1309.385979,4695,71.890,3.595,806.176,1745.102,43.250,15,0,0,S (sleeping)
2026-08-01T06:00:15.081985+00:00,4672.945002984,1309.886855,4695,67.881,3.394,806.176,1745.102,43.250,15,0,0,S (sleeping)
2026-08-01T06:00:15.582586+00:00,4673.445614131,1310.387466,4695,67.917,3.396,806.176,1745.102,43.250,15,0,0,S (sleeping)
2026-08-01T06:00:16.083471+00:00,4673.946506507,1310.888358,4695,67.879,3.394,806.176,1745.102,43.250,15,0,0,S (sleeping)
2026-08-01T06:00:16.584314+00:00,4674.447346919,1311.389198,4695,67.886,3.394,806.176,1745.102,43.250,15,0,0,S (sleeping)
2026-08-01T06:00:17.085221+00:00,4674.948255277,1311.890107,4695,65.880,3.294,806.176,1745.102,43.250,15,0,0,S (sleeping)
2026-08-01T06:00:17.586138+00:00,4675.449162115,1312.391014,4695,63.884,3.194,806.176,1745.102,43.250,15,0,0,S (sleeping)
2026-08-01T06:00:18.087227+00:00,4675.950177486,1312.892029,4695,71.854,3.593,806.176,1745.102,43.250,15,0,0,S (sleeping)
2026-08-01T06:00:18.589230+00:00,4676.452264590,1313.394116,4695,65.726,3.286,806.176,1745.102,43.250,15,0,0,S (sleeping)
2026-08-01T06:00:19.090127+00:00,4676.953145702,1313.894997,4695,67.880,3.394,806.176,1745.102,43.250,15,0,0,S (sleeping)
2026-08-01T06:00:19.591018+00:00,4677.454030524,1314.395882,4695,65.883,3.294,806.176,1745.102,43.250,15,0,0,S (sleeping)
2026-08-01T06:00:20.091917+00:00,4677.954947468,1314.896799,4695,71.868,3.593,806.176,1745.102,43.250,15,0,0,S (sleeping)
2026-08-01T06:00:20.592794+00:00,4678.455827054,1315.397679,4695,63.888,3.194,806.176,1745.102,43.250,15,0,0,S (sleeping)
2026-08-01T06:00:21.093706+00:00,4678.956733901,1315.898585,4695,65.881,3.294,806.176,1745.102,43.250,15,0,0,R (running)
2026-08-01T06:00:21.594597+00:00,4679.457629074,1316.399481,4695,67.878,3.394,806.176,1745.102,43.250,15,0,0,S (sleeping)
2026-08-01T06:00:22.095545+00:00,4679.958518807,1316.900370,4695,61.890,3.094,806.176,1745.102,43.250,15,0,0,R (running)
2026-08-01T06:00:22.596447+00:00,4680.459478293,1317.401330,4695,63.877,3.194,806.176,1745.102,43.250,15,0,0,S (sleeping)
2026-08-01T06:00:23.097052+00:00,4680.960082197,1317.901934,4695,61.925,3.096,806.176,1745.102,43.250,15,0,0,S (sleeping)
2026-08-01T06:00:23.597942+00:00,4681.460970513,1318.402822,4695,59.894,2.995,806.176,1745.102,43.250,15,0,0,S (sleeping)
2026-08-01T06:00:24.098845+00:00,4681.961876344,1318.903728,4695,63.884,3.194,806.176,1745.102,43.250,15,0,0,S (sleeping)
2026-08-01T06:00:24.598075+00:00,4682.462593050,1319.404445,4695,59.914,2.996,806.176,1745.102,43.250,15,0,0,S (sleeping)
2026-08-01T06:00:25.098962+00:00,4682.963482842,1319.905334,4695,61.890,3.094,806.176,1745.102,43.250,15,0,0,S (sleeping)
2026-08-01T06:00:25.599922+00:00,4683.464446312,1320.406298,4695,63.877,3.194,806.176,1745.102,43.250,15,0,0,S (sleeping)
2026-08-01T06:00:26.100816+00:00,4683.965336035,1320.907188,4695,59.893,2.995,806.176,1745.102,43.250,15,0,0,S (sleeping)
2026-08-01T06:00:26.601735+00:00,4684.466255485,1321.408107,4695,59.890,2.994,806.176,1745.102,43.250,15,0,0,S (sleeping)
2026-08-01T06:00:27.102646+00:00,4684.967163580,1321.909015,4695,57.895,2.895,806.176,1745.102,43.250,15,0,0,S (sleeping)
2026-08-01T06:00:27.603525+00:00,4685.468031518,1322.409883,4695,59.896,2.995,806.176,1745.102,43.250,15,0,0,S (sleeping)
2026-08-01T06:00:28.104445+00:00,4685.968958218,1322.910810,4695,57.893,2.895,806.176,1745.102,43.250,15,0,0,S (sleeping)
2026-08-01T06:00:28.605339+00:00,4686.469853219,1323.411705,4695,53.904,2.695,806.176,1745.102,43.250,15,0,0,S (sleeping)
2026-08-01T06:00:29.106294+00:00,4686.970806141,1323.912658,4695,57.890,2.894,806.176,1745.102,43.250,15,0,0,S (sleeping)
2026-08-01T06:00:29.606701+00:00,4687.471224109,1324.413076,4695,53.955,2.698,806.176,1745.102,43.250,15,0,0,S (sleeping)
2026-08-01T06:00:30.107208+00:00,4687.971717804,1324.913569,4695,51.949,2.597,806.176,1745.102,43.250,15,0,0,S (sleeping)
2026-08-01T06:00:30.608112+00:00,4688.472621388,1325.414473,4695,57.895,2.895,806.176,1745.102,43.250,15,0,0,S (sleeping)
2026-08-01T06:00:31.109043+00:00,4688.973562752,1325.915414,4695,51.902,2.595,806.176,1745.102,43.250,15,0,0,S (sleeping)
2026-08-01T06:00:31.609970+00:00,4689.474489198,1326.416341,4695,51.904,2.595,806.176,1745.102,43.250,15,0,0,S (sleeping)
2026-08-01T06:00:32.110902+00:00,4689.975407484,1326.917259,4695,47.912,2.396,806.176,1745.102,43.250,15,0,0,S (sleeping)
2026-08-01T06:00:32.611838+00:00,4690.476350042,1327.418202,4695,47.910,2.395,806.176,1745.102,43.250,15,0,0,S (sleeping)
2026-08-01T06:00:33.112722+00:00,4690.977240030,1327.919092,4695,49.911,2.496,806.176,1745.102,43.250,15,0,0,S (sleeping)
2026-08-01T06:00:33.613649+00:00,4691.478148368,1328.420000,4695,45.917,2.296,806.176,1745.102,43.250,15,0,0,S (sleeping)
2026-08-01T06:00:34.114538+00:00,4691.979056412,1328.920908,4695,45.917,2.296,806.176,1745.102,43.250,15,0,0,S (sleeping)
2026-08-01T06:00:34.615453+00:00,4692.479932588,1329.421784,4695,47.916,2.396,806.176,1745.102,43.250,15,0,0,S (sleeping)
2026-08-01T06:00:35.116407+00:00,4692.980897874,1329.922749,4695,43.915,2.196,806.176,1745.102,43.250,15,0,0,S (sleeping)
2026-08-01T06:00:35.617534+00:00,4693.482044886,1330.423896,4695,43.899,2.195,806.176,1745.102,43.250,15,0,0,S (sleeping)
2026-08-01T06:00:36.118467+00:00,4693.982978084,1330.924830,4695,41.922,2.096,806.176,1745.102,43.250,15,0,0,R (running)
2026-08-01T06:00:36.619457+00:00,4694.483939772,1331.425791,4695,39.923,1.996,806.176,1745.102,43.250,15,0,0,S (sleeping)
2026-08-01T06:00:37.120441+00:00,4694.984958311,1331.926810,4695,41.915,2.096,806.176,1745.102,43.250,15,0,0,R (running)
2026-08-01T06:00:37.621364+00:00,4695.485846636,1332.427698,4695,41.926,2.096,806.176,1745.102,43.250,15,0,0,R (running)
2026-08-01T06:00:38.122342+00:00,4695.986841244,1332.928693,4695,37.925,1.896,806.176,1745.102,43.250,15,0,0,S (sleeping)
2026-08-01T06:00:38.623282+00:00,4696.487800415,1333.429652,4695,39.923,1.996,806.176,1745.102,43.250,15,0,0,S (sleeping)
2026-08-01T06:00:39.124194+00:00,4696.988715276,1333.930567,4695,39.927,1.996,806.176,1745.102,43.250,15,0,0,R (running)
2026-08-01T06:00:39.625107+00:00,4697.489625852,1334.431477,4695,41.924,2.096,806.176,1745.102,43.250,15,0,0,S (sleeping)
2026-08-01T06:00:40.126008+00:00,4697.990525898,1334.932377,4695,39.928,1.996,806.176,1745.102,43.250,15,0,0,S (sleeping)
2026-08-01T06:00:40.626971+00:00,4698.491488249,1335.433340,4695,35.931,1.797,806.176,1745.102,43.250,15,0,0,S (sleeping)
2026-08-01T06:00:41.127870+00:00,4698.992385011,1335.934237,4695,37.932,1.897,806.176,1745.102,43.250,15,0,0,S (sleeping)
2026-08-01T06:00:41.628696+00:00,4699.493218090,1336.435070,4695,37.937,1.897,806.176,1745.102,43.250,15,0,0,S (sleeping)
2026-08-01T06:00:42.129560+00:00,4699.994078549,1336.935930,4695,33.942,1.697,806.176,1745.102,43.250,15,0,0,S (sleeping)
2026-08-01T06:00:42.630464+00:00,4700.494980300,1337.436832,4695,33.939,1.697,806.176,1745.102,43.250,15,0,0,S (sleeping)
2026-08-01T06:00:43.131348+00:00,4700.995854420,1337.937706,4695,31.944,1.597,806.176,1745.102,43.250,15,0,0,R (running)
2026-08-01T06:00:43.632457+00:00,4701.496976549,1338.438828,4695,35.919,1.796,806.176,1745.102,43.250,15,0,0,S (sleeping)
2026-08-01T06:00:44.133328+00:00,4701.997847496,1338.939699,4695,35.937,1.797,806.176,1745.102,43.250,15,0,0,S (sleeping)
2026-08-01T06:00:44.634185+00:00,4702.498706478,1339.440558,4695,41.928,2.096,806.176,1745.102,43.250,15,0,0,S (sleeping)
2026-08-01T06:00:45.135012+00:00,4702.999525681,1339.941377,4695,29.951,1.498,806.176,1745.102,43.250,15,0,0,S (sleeping)
2026-08-01T06:00:45.635927+00:00,4703.500433506,1340.442285,4695,35.935,1.797,806.176,1745.102,43.250,15,0,0,S (sleeping)
2026-08-01T06:00:46.136802+00:00,4704.001323629,1340.943175,4695,39.929,1.996,806.176,1745.102,43.250,15,0,0,S (sleeping)
2026-08-01T06:00:46.637684+00:00,4704.502204305,1341.444056,4695,33.940,1.697,806.176,1745.102,43.250,15,0,0,S (sleeping)
2026-08-01T06:00:47.138535+00:00,4705.003053247,1341.944905,4695,35.939,1.797,806.176,1745.102,43.250,15,0,0,S (sleeping)
2026-08-01T06:00:47.639435+00:00,4705.503927467,1342.445779,4695,41.927,2.096,806.176,1745.102,43.250,15,0,0,S (sleeping)
2026-08-01T06:00:48.140283+00:00,4706.004811153,1342.946663,4695,31.944,1.597,806.176,1745.102,43.250,15,0,0,S (sleeping)
2026-08-01T06:00:48.641108+00:00,4706.505622929,1343.447475,4695,33.945,1.697,806.176,1745.102,43.250,15,0,0,S (sleeping)
2026-08-01T06:00:49.142039+00:00,4707.006552067,1343.948404,4695,29.944,1.497,806.176,1745.102,43.250,15,0,0,S (sleeping)
2026-08-01T06:00:49.642960+00:00,4707.507467508,1344.449319,4695,39.927,1.996,806.176,1745.102,43.250,15,0,0,S (sleeping)
2026-08-01T06:00:50.143577+00:00,4708.008085783,1344.949937,4695,33.958,1.698,806.176,1745.102,43.250,15,0,0,S (sleeping)
2026-08-01T06:00:50.644465+00:00,4708.508982880,1345.450834,4695,27.950,1.397,806.176,1745.102,43.250,15,0,0,S (sleeping)
2026-08-01T06:00:51.145351+00:00,4709.009873235,1345.951725,4695,31.943,1.597,806.176,1745.102,43.250,15,0,0,R (running)
2026-08-01T06:00:51.646233+00:00,4709.510743672,1346.452595,4695,33.941,1.697,806.176,1745.102,43.250,15,0,0,R (running)
2026-08-01T06:00:52.147422+00:00,4710.011799967,1346.953652,4695,39.916,1.996,806.176,1745.102,43.250,15,0,0,R (running)
2026-08-01T06:00:52.648448+00:00,4710.512946830,1347.454798,4695,37.913,1.896,806.176,1745.102,43.250,15,0,0,S (sleeping)
2026-08-01T06:00:53.149294+00:00,4711.013808038,1347.955660,4695,33.942,1.697,806.176,1745.102,43.250,15,0,0,S (sleeping)
2026-08-01T06:00:53.650156+00:00,4711.514673642,1348.456525,4695,35.938,1.797,806.176,1745.102,43.250,15,0,0,S (sleeping)
2026-08-01T06:00:54.151007+00:00,4712.015531859,1348.957383,4695,33.942,1.697,806.176,1745.102,43.250,15,0,0,S (sleeping)
2026-08-01T06:00:54.650316+00:00,4712.516450600,1349.458302,4695,33.938,1.697,806.176,1745.102,43.250,15,0,0,S (sleeping)
2026-08-01T06:00:55.151478+00:00,4713.017526575,1349.959378,4695,29.936,1.497,806.176,1745.102,43.250,15,0,0,S (sleeping)
2026-08-01T06:00:55.652531+00:00,4713.518650437,1350.460502,4695,35.919,1.796,806.176,1745.102,43.250,15,0,0,S (sleeping)
2026-08-01T06:00:56.153459+00:00,4714.019610814,1350.961462,4695,25.950,1.298,806.176,1745.102,43.250,15,0,0,S (sleeping)
2026-08-01T06:00:56.654108+00:00,4714.520270272,1351.462122,4695,33.955,1.698,806.176,1745.102,43.250,15,0,0,S (sleeping)
2026-08-01T06:00:57.154565+00:00,4715.020719118,1351.962571,4695,31.971,1.599,806.176,1745.102,43.250,15,0,0,S (sleeping)
2026-08-01T06:00:57.655466+00:00,4715.521619717,1352.463471,4695,27.950,1.397,806.176,1745.102,43.250,15,0,0,S (sleeping)
2026-08-01T06:00:58.156435+00:00,4716.022596026,1352.964448,4695,29.942,1.497,806.176,1745.102,43.250,15,0,0,S (sleeping)
2026-08-01T06:00:58.657270+00:00,4716.523424626,1353.465276,4695,27.954,1.398,806.176,1745.102,43.250,15,0,0,S (sleeping)
2026-08-01T06:00:59.157919+00:00,4717.024074839,1353.965926,4695,9.987,0.499,806.176,1745.102,43.250,15,4096,0,S (sleeping)
2026-08-01T06:00:59.658784+00:00,4717.524940003,1354.466792,4695,5.990,0.299,806.176,1745.102,43.250,15,4096,4096,S (sleeping)
2026-08-01T06:01:00.159672+00:00,4718.025821774,1354.967673,4695,5.989,0.299,806.176,1745.102,43.250,15,0,0,S (sleeping)
2026-08-01T06:01:00.660586+00:00,4718.526736266,1355.468588,4695,7.985,0.399,806.176,1745.102,43.250,15,0,0,S (sleeping)
2026-08-01T06:01:01.161503+00:00,4719.027654118,1355.969506,4695,5.989,0.299,806.176,1745.102,43.250,15,0,0,S (sleeping)
2026-08-01T06:01:01.662364+00:00,4719.528525944,1356.470378,4695,7.986,0.399,806.176,1745.102,43.250,15,0,0,S (sleeping)
2026-08-01T06:01:02.163243+00:00,4720.029398184,1356.971250,4695,5.990,0.299,806.176,1745.102,43.250,15,0,0,S (sleeping)
2026-08-01T06:01:02.664132+00:00,4720.530290821,1357.472142,4695,5.989,0.299,806.176,1745.102,43.250,15,0,0,S (sleeping)
2026-08-01T06:01:03.165088+00:00,4721.031233194,1357.973085,4695,5.989,0.299,806.176,1745.102,43.250,15,0,0,S (sleeping)
2026-08-01T06:01:03.666074+00:00,4721.532200639,1358.474052,4695,5.988,0.299,806.176,1745.102,43.250,15,0,0,S (sleeping)
2026-08-01T06:01:04.166983+00:00,4722.033133122,1358.974985,4695,7.985,0.399,806.176,1745.102,43.250,15,0,0,S (sleeping)
2026-08-01T06:01:04.667900+00:00,4722.534055323,1359.475907,4695,5.989,0.299,806.176,1745.102,43.250,15,0,4096,S (sleeping)
2026-08-01T06:01:05.168812+00:00,4723.034956557,1359.976808,4695,7.986,0.399,806.176,1745.102,43.250,15,0,0,S (sleeping)
2026-08-01T06:01:05.669705+00:00,4723.535856366,1360.477708,4695,5.989,0.299,806.176,1745.102,43.250,15,0,0,S (sleeping)
2026-08-01T06:01:06.170607+00:00,4724.036756127,1360.978608,4695,5.989,0.299,806.176,1745.102,43.250,15,0,0,S (sleeping)
2026-08-01T06:01:06.671514+00:00,4724.537673644,1361.479525,4695,3.993,0.200,806.176,1745.102,43.250,15,0,0,S (sleeping)
2026-08-01T06:01:07.172425+00:00,4725.038571427,1361.980423,4695,7.986,0.399,806.176,1745.102,43.250,15,0,0,S (sleeping)
2026-08-01T06:01:07.673439+00:00,4725.539564332,1362.481416,4695,7.984,0.399,806.176,1745.102,43.250,15,0,0,S (sleeping)
2026-08-01T06:01:08.174449+00:00,4726.040562864,1362.982414,4695,7.984,0.399,806.176,1745.102,43.250,15,0,0,S (sleeping)
2026-08-01T06:01:08.675313+00:00,4726.541466848,1363.483318,4695,5.989,0.299,806.176,1745.102,43.250,15,0,0,S (sleeping)
2026-08-01T06:01:09.176269+00:00,4727.042419579,1363.984271,4695,1.996,0.100,806.176,1745.102,43.250,15,0,0,S (sleeping)
2026-08-01T06:01:09.677175+00:00,4727.543327018,1364.485179,4695,3.993,0.200,805.703,1744.574,42.777,15,0,0,S (sleeping)
2026-08-01T06:01:10.178194+00:00,4728.044338331,1364.986190,4695,5.988,0.299,805.703,1744.574,42.777,15,0,0,S (sleeping)
2026-08-01T06:01:10.679243+00:00,4728.545388273,1365.487240,4695,3.992,0.200,805.703,1744.574,42.777,15,0,0,S (sleeping)
2026-08-01T06:01:11.180213+00:00,4729.046358543,1365.988210,4695,5.988,0.299,805.703,1744.523,42.777,15,0,0,S (sleeping)
2026-08-01T06:01:11.681166+00:00,4729.547308956,1366.489161,4695,5.989,0.299,805.703,1744.523,42.777,15,0,0,S (sleeping)
2026-08-01T06:01:12.182287+00:00,4730.048348081,1366.990200,4695,19.959,0.998,805.859,1744.523,42.934,13,0,0,R (running)
2026-08-01T06:01:12.683207+00:00,4730.549363475,1367.491215,4695,61.874,3.094,805.859,1744.523,42.934,13,0,0,R (running)
2026-08-01T06:01:13.184059+00:00,4731.050197660,1367.992049,4695,65.890,3.295,805.859,1744.422,42.934,13,0,0,D (disk sleep)
2026-08-01T06:01:13.685132+00:00,4731.551206479,1368.493058,4695,59.879,2.994,805.859,1744.422,42.934,13,0,0,D (disk sleep)
2026-08-01T06:01:14.186215+00:00,4732.052264810,1368.994116,4695,57.877,2.894,805.859,1744.422,42.934,13,0,0,D (disk sleep)
2026-08-01T06:01:14.687227+00:00,4732.553357474,1369.495209,4695,63.860,3.193,805.859,1744.422,42.934,13,0,0,R (running)
2026-08-01T06:01:15.188072+00:00,4733.054227953,1369.996080,4695,57.899,2.895,805.859,1744.422,42.934,13,0,0,R (running)
2026-08-01T06:01:15.688906+00:00,4733.555060818,1370.496912,4695,65.890,3.295,805.859,1744.422,42.934,13,0,0,D (disk sleep)
2026-08-01T06:01:16.189693+00:00,4734.055846655,1370.997698,4695,61.903,3.095,805.859,1744.422,42.934,13,0,0,R (running)
2026-08-01T06:01:16.690534+00:00,4734.556688623,1371.498540,4695,63.892,3.195,805.859,1743.367,42.934,13,0,0,D (disk sleep)
2026-08-01T06:01:17.191395+00:00,4735.057536521,1371.999388,4695,65.888,3.294,805.859,1743.367,42.934,13,0,0,D (disk sleep)
2026-08-01T06:01:17.692219+00:00,4735.558367903,1372.500219,4695,61.897,3.095,805.859,1743.367,42.934,13,0,0,R (running)
