timestamp_sensor,timestamp_wall_utc,frame_index,kdtree_size_before,kdtree_size_after,points_added,points_deleted,scan_points_raw,scan_points_downsampled,effective_feature_points,nearest_search_ms,scan_match_ms,ekf_update_ms,map_insert_ms,map_delete_ms,map_update_ms,total_frame_ms,lidar_buffer_size,imu_buffer_size
1658137038.624750853,1785498648.642826319,1,71,112,84,0,72000,105,91,0.000000000,0.346527000,0.439818999,0.099855999,0.000513000,0.100368999,2.707688001,0,17
1658137038.724840641,1785498648.742170095,2,112,177,116,0,72000,145,128,0.000000000,0.176733003,0.278108000,0.098880999,0.000496000,0.099376999,2.111624000,0,23
1658137038.824929476,1785498648.818816423,3,177,214,87,0,72000,220,177,0.000000000,0.426999000,0.543107000,0.085270000,0.000636999,0.085906999,2.486101001,0,18
1658137038.924761057,1785498648.942994595,4,214,226,136,0,72000,213,159,0.000000000,0.248597000,0.358272000,0.189441000,0.000885999,0.190326999,2.716143001,0,11
1658137039.024845600,1785498649.016419411,5,226,250,34,0,72000,173,149,0.000000000,0.199749999,0.302352999,0.034142000,0.000798000,0.034940000,1.350504001,0,11
1658137039.124808073,1785498649.120503664,6,250,304,115,0,72000,298,235,0.000000000,0.312585998,0.447851000,0.122991001,0.000637001,0.123628002,2.543264000,0,7
1658137039.224895239,1785498649.217754841,7,304,347,81,0,72000,321,262,0.000000000,0.404439001,0.551545001,0.086879001,0.001215001,0.088094002,2.642119001,0,10
1658137039.324856758,1785498649.341228485,8,347,358,19,0,72000,80,77,0.000000000,0.178534001,0.301550999,0.029228000,0.000611999,0.029839999,1.061912000,0,10
1658137039.424824715,1785498649.416510820,9,358,376,78,0,72000,267,210,0.000000000,0.324490000,0.445873999,0.107168000,0.000703001,0.107871001,1.448000001,0,10
1658137039.524910688,1785498649.516168118,10,376,404,48,0,72000,238,200,0.000000000,0.248483000,0.363538000,0.053647998,0.000511000,0.054158998,1.096935001,0,11
1658137039.624746561,1785498649.619521141,11,404,476,159,0,72000,440,338,0.000000000,0.431681001,0.588310000,0.214283000,0.000545000,0.214828000,2.693114999,0,20
1658137039.724836588,1785498649.742891312,12,476,573,213,0,72000,526,367,0.000000000,0.495791001,0.656909999,0.247984000,0.000626000,0.248610000,2.793051000,0,27
1658137039.824910402,1785498649.841801882,13,573,617,75,0,72000,403,268,0.000000000,0.364781999,0.500142000,0.078460000,0.000494001,0.078954001,1.527399001,0,12
1658137039.924752235,1785498649.942494392,14,617,628,72,0,72000,373,253,0.000000000,0.577116001,0.723188999,0.172059001,0.000642000,0.172701000,2.317361001,0,18
1658137040.024843931,1785498650.042042255,15,628,683,135,0,72000,445,271,0.000000000,0.657655002,0.797855000,0.165878999,0.000612001,0.166491000,1.782421999,0,19
1658137040.124804497,1785498650.116952419,16,683,734,168,0,72000,493,341,0.000000000,0.459736000,0.611164000,0.285106000,0.000492000,0.285598000,1.778786000,0,18
1658137040.224885464,1785498650.241432428,17,734,800,117,0,72000,368,239,0.000000000,0.383129000,0.518124001,0.124538999,0.000537000,0.125076000,1.275573000,0,20
1658137040.324917316,1785498650.317717791,18,800,922,205,0,72000,638,445,0.000000000,0.761257001,1.034842000,0.227603001,0.000773001,0.228376002,2.506778001,0,11
1658137040.424757481,1785498650.442780733,19,922,1035,212,0,72000,725,528,0.000000000,0.967054999,1.215741000,0.237667000,0.000499000,0.238166000,2.612272001,0,15
1658137040.524852276,1785498650.542160034,20,1035,1132,161,0,72000,585,385,0.000000000,0.615421997,0.817271999,0.189988999,0.000439000,0.190428000,1.929882001,0,14
1658137040.624824524,1785498650.642569780,21,1132,1193,193,0,72000,741,517,0.000000000,0.743159997,0.945673000,0.266372999,0.000574000,0.266947000,2.380224001,0,18
1658137040.724930048,1785498650.716519594,22,1193,1242,116,0,72000,432,312,0.000000000,0.493842002,0.642387000,0.145290000,0.000417000,0.145706999,1.422297000,0,13
1658137040.824769497,1785498650.841637373,23,1242,1301,163,0,72000,528,338,0.000000000,0.568967000,0.722506000,0.225444001,0.000468999,0.225913000,1.523197001,0,14
1658137040.924866199,1785498650.941698551,24,1301,1347,144,0,72000,524,302,0.000000000,0.571512999,0.716435001,0.242710999,0.000567001,0.243278000,1.550208000,0,11
1658137041.024715185,1785498651.042740822,25,1347,1434,245,0,72000,783,526,0.000000000,0.982086000,1.191603000,0.428059000,0.000510001,0.428569001,2.584880000,0,18
1658137041.124927521,1785498651.116076231,26,1434,1483,105,0,72000,329,181,0.000000000,0.356831000,0.473311000,0.136525001,0.000443999,0.136969000,0.991094001,0,8
1658137041.224772692,1785498651.217046261,27,1483,1618,224,0,72000,687,452,0.000000000,0.709899999,0.913214000,0.289139000,0.000489999,0.289628999,1.905280000,0,19
1658137041.324922085,1785498651.317092896,28,1618,1706,207,0,72000,718,448,0.000000000,0.723239997,0.911989999,0.307342001,0.000583001,0.307925002,1.967919001,0,12
1658137041.424759150,1785498651.443344831,29,1706,1810,282,0,72000,964,662,0.000000000,1.504102000,1.782441001,0.402454001,0.000517999,0.402972000,3.173569001,0,14
1658137041.524841309,1785498651.543076038,30,1810,1939,295,0,72000,1079,727,0.000000000,1.116933998,1.392259001,0.419667000,0.000650001,0.420317001,2.808396001,0,18
1658137041.624929428,1785498651.642971992,31,1939,2092,328,0,72000,965,638,0.000000000,0.953480003,1.205135999,0.545503999,0.001048000,0.546551999,2.573792000,0,28
1658137041.724767923,1785498651.716160536,32,2092,2145,65,0,72000,332,148,0.000000000,0.437730998,0.542439999,0.068061001,0.000411999,0.068473000,1.009227000,0,12
1658137041.824869633,1785498651.817281961,33,2145,2206,196,0,72000,729,452,0.000000000,0.769851000,0.969448000,0.321915999,0.000405000,0.322320999,1.886900001,0,10
1658137041.924714327,1785498651.943531990,34,2206,2392,409,0,72000,1332,876,0.000000000,1.314873001,1.633551999,0.576672001,0.000638998,0.577310999,3.359192000,0,13
1658137042.024935007,1785498652.042575359,35,2392,2507,254,0,72000,981,639,0.000000000,0.991309002,1.253543000,0.418448999,0.000433000,0.418881998,2.386312000,0,11
1658137042.124760151,1785498652.116782665,36,2507,2539,169,0,72000,622,375,0.000000000,0.668712000,0.837780000,0.256182000,0.000513000,0.256695001,1.565204000,0,14
1658137042.224861860,1785498652.217114210,37,2539,2624,185,0,72000,821,552,0.000000000,0.851336998,1.068995000,0.301675000,0.000462000,0.302136999,1.973066999,0,18
1658137042.324903250,1785498652.319166899,38,2624,2858,517,0,72000,1695,1191,0.000000000,1.648920002,2.080664000,0.689527000,0.000442000,0.689969000,4.011760000,0,11
1658137042.424739361,1785498652.416215181,39,2858,2906,74,0,72000,365,220,0.000000000,0.454515999,0.582541999,0.107337000,0.000467000,0.107804000,1.038980001,0,19
1658137042.524814606,1785498652.517832041,40,2906,3018,255,0,72000,1139,800,0.000000000,1.197157999,1.493644000,0.376005999,0.000580001,0.376586000,2.677495000,0,8
1658137042.624909639,1785498652.618155241,41,3018,3132,300,0,72000,1373,987,0.000000000,1.343686999,1.690245001,0.420458000,0.000520000,0.420978000,2.960280000,0,10
1658137042.724750757,1785498652.744067669,42,3132,3146,452,0,72000,1594,1091,0.000000000,1.513308001,1.880946000,0.922037001,0.000434000,0.922471001,3.868230000,0,18
1658137042.824854851,1785498652.818812609,43,3146,3321,448,0,72000,1573,1162,0.000000000,1.536168000,1.914187000,0.702735000,0.000516999,0.703251999,3.632152000,0,11
1658137042.924814939,1785498652.917783499,44,3321,3467,249,0,72000,1229,855,0.000000000,1.214087997,1.509167001,0.309236000,0.000480000,0.309716001,2.592825000,0,17
1658137043.024902582,1785498653.019051313,45,3467,3660,395,0,72000,1645,1176,0.000000000,1.780609000,2.171806000,0.619024000,0.000514001,0.619538001,3.841452000,0,19
1658137043.124729633,1785498653.143159389,46,3660,3760,313,0,72000,1291,991,0.000000000,1.348698001,1.707659001,0.442302000,0.000460001,0.442762001,2.960018999,0,18
1658137043.224834442,1785498653.245061636,47,3760,3974,510,0,72000,2194,1612,0.000000000,2.287356003,2.812037999,0.703497000,0.000462000,0.703959000,4.837383001,0,19
1658137043.324897289,1785498653.318145037,48,3974,4025,253,0,72000,1317,940,0.000000000,1.370795000,1.694622000,0.463905000,0.000483999,0.464388999,2.946286000,0,18
1658137043.424738884,1785498653.443630219,49,4025,4168,364,0,72000,1633,1102,0.000000000,1.574318001,1.949466001,0.547649001,0.000590000,0.548239001,3.406888000,0,18
1658137043.524831533,1785498653.518705606,50,4168,4376,371,0,72000,1761,1256,0.000000000,1.709100001,2.112742000,0.441954000,0.000432001,0.442386001,3.511032000,0,19
1658137043.624813080,1785498653.618076563,51,4376,4522,281,0,72000,1392,923,0.000000000,1.392218999,1.715425999,0.353740999,0.000460999,0.354201999,2.866934999,0,20
1658137043.724911451,1785498653.720525026,52,4522,4711,425,0,72000,2286,1599,0.000000000,2.185373998,2.749664000,0.561158999,0.000549000,0.561707999,4.651952000,0,15
1658137043.824754000,1785498653.819709301,53,4711,4714,379,0,72000,2008,1425,0.000000000,2.095818003,2.545411000,0.765486000,0.000457001,0.765943001,4.351161999,0,15
1658137043.924834490,1785498653.919634342,54,4714,4854,384,0,72000,1857,1207,0.000000000,2.099759000,2.533817000,0.847587999,0.000427000,0.848014999,4.423711000,0,18
1658137044.024915218,1785498654.044898510,55,4854,4941,456,0,72000,2222,1499,0.000000000,2.199907001,2.698122000,0.826681000,0.000462001,0.827143002,4.659111000,0,18
1658137044.124754429,1785498654.143773079,56,4941,5069,232,0,72000,1665,1194,0.000000000,1.901464999,2.294472999,0.299580999,0.000410000,0.299990999,3.391131999,0,18
1658137044.224855900,1785498654.218371868,57,5069,5203,259,0,72000,1622,1093,0.000000000,1.634434000,2.010785000,0.324289000,0.000451000,0.324740000,3.147425999,0,17
1658137044.324722767,1785498654.344194412,58,5203,5380,358,0,72000,2096,1319,0.000000000,2.036454998,2.461378999,0.467438000,0.000434000,0.467872000,3.930854999,0,15
1658137044.424809933,1785498654.444453955,59,5380,5426,320,0,72000,1990,1413,0.000000000,2.035507001,2.487415000,0.569965001,0.000423001,0.570388002,4.047188000,0,17
1658137044.524908304,1785498654.517978191,60,5426,5510,150,0,72000,1410,1037,0.000000000,1.442940002,1.788925001,0.221300001,0.000418999,0.221718999,2.730454000,0,26
1658137044.624745369,1785498654.619528294,61,5510,5651,268,0,72000,2135,1514,0.000000000,2.089987998,2.570586001,0.584765001,0.000491000,0.585256001,4.281391000,0,15
1658137044.724828005,1785498654.717315435,62,5524,5576,122,0,72000,906,580,0.000000000,0.988561998,1.222002000,0.169856999,0.000454002,0.170311001,1.935161001,0,15
1658137044.824914217,1785498654.819294930,63,5576,5705,249,0,72000,2092,1404,0.000000000,2.183456001,2.632174999,0.340679000,0.000553000,0.341232000,4.025490000,0,13
1658137044.924751520,1785498654.943625450,64,5705,5571,195,0,72000,1626,1139,0.000000000,1.598480001,2.006622000,0.531327001,0.000472999,0.531800000,3.321212000,0,14
1658137045.024842262,1785498655.019179344,65,5571,5654,187,0,72000,2164,1449,0.000000000,2.098900999,2.556722000,0.267388999,0.000447000,0.267836000,3.903905999,0,18
1658137045.124812603,1785498655.120062113,66,5654,5800,223,0,72000,2634,1864,0.000000000,2.591779001,3.171205000,0.284467000,0.000509999,0.284976999,4.799950000,0,14
1658137045.224906206,1785498655.220024109,67,5800,5879,335,0,72000,2405,1625,0.000000000,2.385565002,2.979380000,0.477759000,0.000560000,0.478319000,4.657858000,0,9
1658137045.324811935,1785498655.320493937,68,5879,5954,261,0,72000,2310,1526,0.000000000,2.394752999,2.909074001,0.385009000,0.000399999,0.385408999,4.310065000,0,17
1658137045.424908876,1785498655.420906305,69,5954,6078,308,0,72000,2944,1951,0.000000000,2.937653000,3.608333000,0.449291001,0.000468001,0.449759002,5.610687000,0,11
1658137045.524744749,1785498655.520979881,70,6078,6155,297,0,72000,2930,2043,0.000000000,3.205434001,3.840048999,0.448205999,0.000726001,0.448932000,5.717549999,0,16
1658137045.624825001,1785498655.621855497,71,6155,6213,296,0,72000,3238,2249,0.000000000,3.631131000,4.336025000,0.472664000,0.000521000,0.473185000,6.572909000,0,17
1658137045.724925041,1785498655.718765497,72,6213,6249,115,0,72000,1779,1257,0.000000000,1.836328000,2.300038001,0.173580000,0.000553999,0.174133998,3.354618000,0,17
1658137045.824766636,1785498655.845323563,73,6249,6253,196,0,72000,2662,1802,0.000000000,2.745602002,3.313518000,0.317880000,0.000477001,0.318357001,5.000779000,0,17
1658137045.924854279,1785498655.918914557,74,6253,6220,110,0,72000,1776,1085,0.000000000,2.065065002,2.465204001,0.238343000,0.000435000,0.238778000,3.520459999,0,17
1658137046.024812460,1785498656.018913507,75,6220,6267,124,0,72000,1931,1345,0.000000000,2.039659999,2.471831000,0.196188999,0.000558000,0.196747000,3.603354999,0,4
1658137046.124892235,1785498656.119296074,76,6267,6342,170,0,72000,2025,1243,0.000000000,2.173064000,2.658966001,0.275689999,0.000573002,0.276263001,3.878448000,0,17
1658137046.224743366,1785498656.221253872,77,6342,6379,147,0,72000,2499,1684,0.000000000,2.940799999,3.635936000,0.230824999,0.000641001,0.231466000,5.194844000,0,18
1658137046.324901819,1785498656.319554567,78,6379,6385,109,0,72000,2104,1506,0.000000000,2.281204001,2.842875001,0.183692000,0.000620999,0.184312999,4.117147000,0,18
1658137046.424740314,1785498656.443068266,79,6385,6353,78,0,72000,1363,836,0.000000000,1.481582996,1.778068001,0.155354999,0.000751999,0.156106998,2.689575000,0,26
1658137046.524826288,1785498656.518022299,80,6353,6397,70,0,72000,1393,871,0.000000000,1.515929998,1.776663001,0.104295001,0.000443999,0.104739000,2.609958001,0,14
1658137046.624917030,1785498656.619249105,81,6397,6308,86,0,72000,2042,1333,0.000000000,2.142526000,2.572338000,0.317620999,0.000601000,0.318221999,3.929220000,0,11
1658137046.724752903,1785498656.718471527,82,6308,6308,62,0,72000,1503,1044,0.000000000,1.631970001,2.005440001,0.118055999,0.000468001,0.118524000,3.022265999,0,11
1658137046.824845552,1785498656.818444014,83,6308,6349,131,0,72000,1498,1009,0.000000000,1.688208000,2.076170002,0.262386000,0.000439000,0.262825000,3.073262998,0,12
1658137046.924805880,1785498656.920381546,84,6349,6411,123,0,72000,2425,1732,0.000000000,2.841202999,3.534296999,0.205693999,0.000552000,0.206245999,4.948509000,0,19
1658137047.024887323,1785498657.018881798,85,6411,6323,112,0,72000,1892,1136,0.000000000,1.963336998,2.355868999,0.282032999,0.000479000,0.282511999,3.542237000,0,17
1658137047.124741316,1785498657.144585371,86,6323,6373,106,0,72000,2110,1398,0.000000000,2.442493000,2.996866000,0.166195001,0.000421001,0.166616002,4.136280000,0,15
1658137047.224823236,1785498657.217929125,87,6373,6424,59,0,72000,1309,877,0.000000000,1.481068999,1.811291999,0.084129000,0.000575999,0.084705000,2.571159999,0,4
1658137047.324852467,1785498657.318744421,88,6424,6447,79,0,72000,1770,1133,0.000000000,1.839521999,2.292304000,0.131896000,0.000406000,0.132302001,3.278425998,0,13
1658137047.424826384,1785498657.419943333,89,6447,6445,116,0,72000,1713,1020,0.000000000,1.920588000,2.301741999,0.193091000,0.000527001,0.193618002,3.300435999,0,4
1658137047.524920464,1785498657.517803669,90,6445,6464,56,0,72000,1167,788,0.000000000,1.315262998,1.596222999,0.097508999,0.000644999,0.098153998,2.293021998,0,12
1658137047.624768496,1785498657.619268179,91,6464,6424,108,0,72000,1777,1217,0.000000000,2.089303000,2.504552001,0.287006998,0.000441001,0.287448000,3.623741000,0,14
1658137047.724868298,1785498657.719892740,92,6424,6470,97,0,72000,2323,1631,0.000000000,2.415034998,3.011089999,0.171880001,0.000479000,0.172359001,4.428892000,0,18
1658137047.824702024,1785498657.818901062,93,6470,6490,98,0,72000,1860,1162,0.000000000,2.048409002,2.441329001,0.154985000,0.000540000,0.155525000,3.530385000,0,6
1658137047.924908876,1785498657.920203209,94,6490,6553,112,0,72000,2394,1587,0.000000000,2.791296001,3.370764000,0.171053000,0.000563999,0.171616999,4.736090001,0,10
1658137048.024775028,1785498658.021672010,95,6553,6613,119,0,72000,2449,1597,0.000000000,3.844090998,4.408339000,0.302071001,0.000493001,0.302564002,6.313593000,0,13
1658137048.124862194,1785498658.119434834,96,6613,6585,112,0,72000,2078,1369,0.000000000,2.242928000,2.748277000,0.237591999,0.000414999,0.238006998,3.971477001,0,16
1658137048.224830151,1785498658.219012499,97,6585,6610,89,0,72000,1886,1236,0.000000000,2.194698000,2.608146000,0.152446000,0.000436999,0.152883000,3.644594999,0,10
1658137048.324729681,1785498658.317656040,98,6610,6649,80,0,72000,1134,701,0.000000000,1.236810998,1.495349001,0.119881999,0.000504000,0.120385999,2.182806000,0,16
1658137048.424820662,1785498658.418537617,99,6649,6696,83,0,72000,1752,999,0.000000000,1.847550999,2.186376001,0.128220001,0.000463999,0.128684000,3.144004000,0,19
1658137048.524917364,1785498658.517334700,100,6696,6705,37,0,72000,926,628,0.000000000,1.055131001,1.294879001,0.073617000,0.000421000,0.074038000,1.880700000,0,13
1658137048.624762058,1785498658.618713617,101,6705,6645,75,0,72000,1704,1097,0.000000000,1.849329001,2.352740001,0.186194000,0.000697999,0.186891999,3.336550000,0,12
1658137048.724851370,1785498658.719647169,102,6645,6681,92,0,72000,2148,1327,0.000000000,2.394644998,2.891948001,0.224700001,0.000686001,0.225386002,4.227317999,0,13
1658137048.824818611,1785498658.819873333,103,6681,6710,95,0,72000,2379,1572,0.000000000,2.511894998,3.085075001,0.162442000,0.000489999,0.162932000,4.392681001,0,8
1658137048.924902916,1785498658.919840813,104,6710,6701,87,0,72000,2423,1612,0.000000000,2.593283001,3.097192999,0.144127001,0.000508000,0.144635002,4.453818001,0,18
1658137049.024749041,1785498659.020389080,105,6701,6715,58,0,72000,1845,1202,0.000000000,2.050923000,2.546169000,0.108090999,0.000496000,0.108586999,3.610156000,0,11
1658137049.124849081,1785498659.145068884,106,6715,6744,80,0,72000,2524,1682,0.000000000,2.697098002,3.284119000,0.149122001,0.000500999,0.149623000,4.663936001,0,18
1658137049.224814177,1785498659.219134569,107,6744,6755,77,0,72000,1844,1167,0.000000000,2.035122001,2.532045000,0.152962000,0.000648000,0.153610001,3.616911001,0,17
1658137049.324838400,1785498659.318877697,108,6755,6748,59,0,72000,1754,1069,0.000000000,1.836584002,2.203095999,0.116010000,0.000459000,0.116469000,3.138532000,0,19
1658137049.424927711,1785498659.419662237,109,6748,6779,74,0,72000,2309,1477,0.000000000,2.419291000,2.895975998,0.123209000,0.000491000,0.123700000,4.185693000,0,19
1658137049.524772406,1785498659.544954777,110,6779,6816,80,0,72000,2539,1702,0.000000000,2.566331999,3.100407001,0.125181999,0.000542999,0.125724999,4.511237999,0,18
1658137049.624854803,1785498659.618811846,111,6816,6835,61,0,72000,1601,1088,0.000000000,1.903338001,2.334238001,0.123399999,0.000492999,0.123892998,3.234681000,0,14
1658137049.724809885,1785498659.721952200,112,6835,6833,103,0,72000,2812,1965,0.000000000,3.048975999,3.718533000,0.200065000,0.000498001,0.200563001,5.291685000,0,17
1658137049.824880838,1785498659.819533110,113,6833,6866,85,0,72000,2220,1454,0.000000000,2.358170001,2.852940001,0.148008001,0.000505001,0.148513001,4.082470001,0,15
1658137049.924723387,1785498659.944946289,114,6866,6889,53,0,72000,1825,1238,0.000000000,2.734121001,3.247531000,0.110805999,0.000533000,0.111338999,4.293986000,0,17
1658137050.024925232,1785498660.020825624,115,6889,6918,82,0,72000,2127,1337,0.000000000,2.302105000,2.746011000,0.130627999,0.000476000,0.131104000,3.804357000,0,3
1658137050.124774218,1785498660.120595455,116,6918,6937,96,0,72000,2850,1933,0.000000000,2.933811002,3.540637999,0.163051000,0.000650001,0.163701001,5.141351001,0,17
1658137050.224860668,1785498660.218202829,117,6937,6900,48,0,72000,1440,867,0.000000000,1.591318001,1.892839000,0.118219999,0.000429000,0.118648999,2.736622999,0,13
1658137050.324713469,1785498660.345568419,118,6900,6934,99,0,72000,2496,1700,0.000000000,2.835071999,3.595517999,0.172668000,0.000569999,0.173237999,5.006702000,0,24
1658137050.424923897,1785498660.418858767,119,6934,6764,58,0,72000,1654,1089,0.000000000,1.840552999,2.243704999,0.247346001,0.000422000,0.247768001,3.297575000,0,18
1658137050.524768591,1785498660.518649578,120,6764,6794,37,0,72000,1149,742,0.000000000,1.296021001,1.761574000,0.059695001,0.000400001,0.060095002,2.435783001,0,16
1658137050.624852180,1785498660.617432594,121,6794,6805,31,0,72000,890,589,0.000000000,1.073299001,1.313292001,0.069681000,0.000656999,0.070337999,1.885500002,0,17
1658137050.724802017,1785498660.744604349,122,6805,6834,70,0,72000,2106,1418,0.000000000,2.421148001,2.918722001,0.126974001,0.000450000,0.127424000,4.129813000,0,18
1658137050.824887276,1785498660.843141079,123,6834,6822,49,0,72000,1310,826,0.000000000,1.505636001,1.797097000,0.099289000,0.000477999,0.099766999,2.552083000,0,11
1658137050.924723625,1785498660.944187403,124,6822,6841,46,0,72000,1966,1281,0.000000000,2.245322999,2.710744000,0.094096000,0.000516999,0.094612999,3.741964001,0,19
1658137051.024813890,1785498661.017919779,125,6841,6876,46,0,72000,1198,666,0.000000000,1.354366997,1.677424001,0.073556999,0.000430999,0.073987998,2.313129000,0,11
1658137051.124901772,1785498661.118981838,126,6876,6875,16,0,72000,1130,721,0.000000000,1.482943000,1.768902001,0.047377000,0.000430000,0.047807000,2.402579999,0,13
1658137051.224734068,1785498661.219230413,127,6875,6898,47,0,72000,2007,1237,0.000000000,2.352220999,2.759548001,0.098237000,0.000459999,0.098696999,3.751540000,0,25
1658137051.324870586,1785498661.318729877,128,6898,6913,35,0,72000,1550,959,0.000000000,1.905864001,2.263902001,0.059852000,0.000472000,0.060324001,3.128332999,0,20
1658137051.424714804,1785498661.422100544,129,6913,6905,51,0,72000,2478,1569,0.000000000,2.819764999,3.308636000,0.093358000,0.000626000,0.093983999,4.613424000,0,20
1658137051.524930954,1785498661.520256042,130,6905,6922,72,0,72000,2503,1724,0.000000000,2.686898000,3.245737000,0.130044000,0.000566000,0.130610000,4.657093001,0,19
1658137051.624763727,1785498661.618898630,131,6922,6934,32,0,72000,1593,1076,0.000000000,1.824800001,2.238608000,0.064354001,0.000473001,0.064827002,3.141447000,0,18
1658137051.724847555,1785498661.743804455,132,6934,6965,70,0,72000,1784,1170,0.000000000,1.947317998,2.352849999,0.108675000,0.000397000,0.109072000,3.304069000,0,17
1658137051.824814320,1785498661.843438148,133,6965,6984,52,0,72000,1573,1093,0.000000000,1.652862999,1.973303000,0.088929999,0.000445001,0.089375000,2.807223000,0,19
1658137051.924902678,1785498661.920194626,134,6984,6984,63,0,72000,2316,1513,0.000000000,2.766071999,3.290499000,0.136547000,0.000466000,0.137012999,4.676257000,0,18
1658137052.024753571,1785498662.068834782,135,6984,6970,35,0,72000,1556,1041,0.000000000,1.875821999,2.334127999,0.088593999,0.000448001,0.089042000,3.188720000,0,23
1658137052.124845743,1785498662.117497683,136,6970,6925,30,0,72000,994,589,0.000000000,1.142292000,1.393123001,0.091927001,0.000463000,0.092390001,1.978597000,0,21
1658137052.224801302,1785498662.244356155,137,6925,6931,55,0,72000,1994,1398,0.000000000,2.202707998,2.661327000,0.103482002,0.000447000,0.103929002,3.807870000,0,24
1658137052.324819088,1785498662.319374800,138,6931,6961,67,0,72000,2022,1295,0.000000000,2.137694997,2.630229999,0.109748000,0.000452999,0.110200999,3.740503998,0,17
1658137052.424905539,1785498662.419366360,139,6961,6998,57,0,72000,2069,1296,0.000000000,2.230018999,2.683095001,0.117692000,0.000569000,0.118260999,3.800090000,0,14
1658137052.524747610,1785498662.518982887,140,6998,7020,51,0,72000,1673,1091,0.000000000,2.048614000,2.484551002,0.091051001,0.000533000,0.091584001,3.372125999,0,18
1658137052.624815702,1785498662.617365360,141,7020,7035,43,0,72000,1027,639,0.000000000,1.067178002,1.263313001,0.074580999,0.000440999,0.075021999,1.829980001,0,13
1658137052.724907875,1785498662.718926907,142,7035,7022,64,0,72000,1755,1158,0.000000000,2.055307001,2.471261001,0.138137999,0.000589000,0.138726999,3.418352000,0,20
1658137052.824737072,1785498662.843172789,143,7022,7023,41,0,72000,1313,837,0.000000000,1.438052002,1.763840000,0.092427001,0.000411999,0.092839000,2.522084000,0,17
1658137052.924828529,1785498662.918640852,144,7023,6860,50,0,72000,1564,999,0.000000000,1.709119002,2.084709000,0.258248001,0.000434000,0.258682001,3.124466000,0,13
1658137053.024919033,1785498663.019382000,145,6860,6877,64,0,72000,2014,1307,0.000000000,2.213331001,2.700903000,0.108779999,0.000491002,0.109271001,3.749849000,0,11
1658137053.124773026,1785498663.142794847,146,6877,6888,42,0,72000,1087,744,0.000000000,1.295151998,1.581742001,0.079637000,0.000548000,0.080185000,2.223665000,0,14
1658137053.224861145,1785498663.241606474,147,6888,6902,38,0,72000,1110,690,0.000000000,1.315073998,1.570048000,0.065886999,0.000495998,0.066382998,2.243512001,0,18
1658137053.324820518,1785498663.342534304,148,6902,6898,40,0,72000,1750,1178,0.000000000,1.860888002,2.258109000,0.079084000,0.000513999,0.079598000,3.200749001,0,10
1658137053.424914360,1785498663.418142557,149,6898,6925,56,0,72000,1962,1221,0.000000000,2.315488000,2.779095999,0.090359999,0.000435999,0.090795998,3.792537000,0,17
1658137053.524769068,1785498663.516699791,150,6925,6954,49,0,72000,1288,764,0.000000000,1.455496002,1.750480000,0.081692000,0.000413000,0.082105000,2.443796999,0,18
1658137053.624865532,1785498663.618257046,151,6954,6985,101,0,72000,2053,1319,0.000000000,2.189261999,2.671926999,0.163043000,0.000539001,0.163582001,3.903530001,0,19
1658137053.724712849,1785498663.718983650,152,6985,7025,72,0,72000,2392,1599,0.000000000,2.838999999,3.390465999,0.136164999,0.000628001,0.136793000,4.716860001,0,10
1658137053.824924469,1785498663.816915751,153,7025,7045,37,0,72000,1195,761,0.000000000,1.412715999,1.705268001,0.099110999,0.000620999,0.099731998,2.414952000,0,11
1658137053.924747467,1785498663.941817045,154,7045,6977,44,0,72000,1160,681,0.000000000,1.252577002,1.465650001,0.148409999,0.000525000,0.148935000,2.395636000,0,12
1658137054.024848700,1785498664.043200731,155,6977,7026,71,0,72000,2193,1396,0.000000000,2.230247001,2.679017001,0.098422001,0.000487000,0.098909000,3.896561999,0,19
1658137054.124700069,1785498664.143632174,156,7026,7054,43,0,72000,2306,1551,0.000000000,2.598195000,3.104943000,0.065299000,0.000423001,0.065722001,4.304573000,0,19
1658137054.224913836,1785498664.218822956,157,7054,7082,53,0,72000,2404,1617,0.000000000,2.730142001,3.238293999,0.093341001,0.000450000,0.093791001,4.521258999,0,20
1658137054.324745655,1785498664.316319942,158,7082,7087,17,0,72000,883,517,0.000000000,1.114125005,1.343647000,0.034584000,0.000460999,0.035044999,1.892810000,0,17
1658137054.424837351,1785498664.416752815,159,7087,7081,32,0,72000,1234,756,0.000000000,1.417380998,1.712697001,0.059540000,0.000476999,0.060016999,2.423222000,0,18
1658137054.524818897,1785498664.517579794,160,7081,7122,73,0,72000,1682,1111,0.000000000,1.849663999,2.260110001,0.113944001,0.000644000,0.114588001,3.268240001,0,10
1658137054.624910116,1785498664.641503334,161,7122,7141,49,0,72000,1127,656,0.000000000,1.230108999,1.503100999,0.086884000,0.000575001,0.087459000,2.083554000,0,10
1658137054.724743366,1785498664.744266510,162,7141,7166,95,0,72000,2512,1564,0.000000000,3.006124001,3.545603000,0.181525000,0.000671000,0.182196000,4.938153999,0,14
1658137054.824832201,1785498664.843320131,163,7166,7214,132,0,72000,2116,1332,0.000000000,2.278912998,2.781882000,0.184117000,0.000758000,0.184875000,3.892867000,0,10
1658137054.924925089,1785498664.944583178,164,7214,7257,166,0,72000,2419,1565,0.000000000,3.169257001,3.726681001,0.381879001,0.000591999,0.382471000,5.228814000,0,10
1658137055.024769068,1785498665.018610954,165,7257,7281,137,0,72000,1538,958,0.000000000,1.689067001,2.067893000,0.199145001,0.000483999,0.199628999,2.938423000,0,22
1658137055.124868631,1785498665.143562555,166,7281,7365,197,0,72000,2059,1402,0.000000000,2.445139002,2.944991000,0.310137999,0.000583999,0.310721998,4.224314000,0,17
1658137055.224709272,1785498665.244183540,167,7365,7407,199,0,72000,2604,1747,0.000000000,2.777456000,3.323493002,0.358324001,0.000667000,0.358991001,4.811401001,0,14
1658137055.324908972,1785498665.319054842,168,7407,7422,190,0,72000,2269,1500,0.000000000,2.677293003,3.243322000,0.327018000,0.000582999,0.327600999,4.608105000,0,11
1658137055.424731731,1785498665.444101572,169,7422,7528,221,0,72000,2570,1679,0.000000000,2.804971002,3.329549001,0.316760001,0.000803000,0.317563001,4.737434001,0,12
1658137055.524831057,1785498665.520409584,170,7528,7591,229,0,72000,2411,1643,0.000000000,3.567186997,4.351898000,0.476162999,0.000556000,0.476718998,5.843299999,0,12
1658137055.624917030,1785498665.619566917,171,7591,7575,276,0,72000,2795,1960,0.000000000,2.864820002,3.481463000,0.560437999,0.000492000,0.560929999,5.232608000,0,11
1658137055.724752426,1785498665.744337320,172,7575,7584,260,0,72000,2352,1559,0.000000000,2.759331002,3.443452000,0.496455999,0.000519000,0.496974999,4.840303000,0,10
1658137055.824841022,1785498665.843551159,173,7584,7740,297,0,72000,2030,1355,0.000000000,2.555134000,3.009349000,0.448435001,0.000481001,0.448916002,4.193663000,0,16
1658137055.924920559,1785498665.919013739,174,7740,7881,360,0,72000,2446,1641,0.000000000,2.538247998,3.139847000,0.552133000,0.000661999,0.552795000,4.573856000,0,11
1658137056.024767399,1785498666.044664860,175,7881,8015,493,0,72000,2444,1566,0.000000000,2.758850002,3.308136000,1.043871000,0.000620999,1.044491999,5.293819000,0,19
1658137056.124871016,1785498666.119263887,176,8015,8158,437,0,72000,2325,1427,0.000000000,2.473954000,3.007904999,0.922514000,0.000581000,0.923095000,4.807710000,0,17
1658137056.224819183,1785498666.219847918,177,8158,8360,367,0,72000,2506,1543,0.000000000,2.581475999,3.116804000,0.602107000,0.000606000,0.602713000,4.588865000,0,19
1658137056.324915886,1785498666.319444180,178,8360,8433,401,0,72000,2378,1463,0.000000000,2.488020000,3.017498000,1.147838000,0.000631000,1.148469000,4.986970000,0,12
1658137056.424752951,1785498666.420263767,179,8433,8767,565,0,72000,3029,1893,0.000000000,3.443853000,4.045502999,0.787434001,0.000538001,0.787972001,5.868295999,0,13
1658137056.524831533,1785498666.520724773,180,8767,9060,483,0,72000,3448,2192,0.000000000,3.638523000,4.503217000,0.604061001,0.000511000,0.604572000,6.381427002,0,12
1658137056.624923468,1785498666.619504452,181,9060,9143,437,0,72000,2575,1601,0.000000000,2.775442998,3.320525000,0.928432999,0.000500999,0.928933998,5.150711999,0,10
1658137056.724765301,1785498666.745078564,182,9143,9384,515,0,72000,2956,1855,0.000000000,3.136029998,3.711490001,0.905997000,0.000463000,0.906460000,5.674959999,0,11
1658137056.824853420,1785498666.819934368,183,9384,9608,426,0,72000,2893,1717,0.000000000,3.401442000,3.958974001,0.687775999,0.000542999,0.688318998,5.529615999,0,10
1658137056.924820900,1785498666.945195198,184,9608,9762,535,0,72000,2957,1899,0.000000000,3.122955002,3.719040000,1.104943001,0.000509001,1.105452002,5.757420999,0,13
1658137057.024913311,1785498667.021226406,185,9762,9936,510,0,72000,3229,1976,0.000000000,3.612454999,4.458927999,1.254491999,0.000468001,1.254960000,6.828565000,0,11
1658137057.124753952,1785498667.145352364,186,9936,10350,588,0,72000,3077,1876,0.000000000,3.366342000,4.167273999,0.797667000,0.000645001,0.798312001,5.923576002,0,11
1658137057.224855661,1785498667.220221281,187,10162,10391,556,0,72000,2848,1719,0.000000000,3.283088001,3.819068999,1.121906000,0.000562000,1.122468000,5.851636000,0,11
1658137057.324819803,1785498667.319381714,188,10268,10527,480,0,72000,2480,1358,0.000000000,2.825183001,3.428939001,0.872977000,0.000540000,0.873516999,4.990640999,0,13
1658137057.424906731,1785498667.420412064,189,10527,10914,557,0,72000,3051,1846,0.000000000,3.536591001,4.153992000,0.891674999,0.000530001,0.892205000,5.993336001,0,17
1658137057.524746656,1785498667.521072865,190,10654,11029,676,0,72000,3774,2312,0.000000000,3.742884999,4.455954000,1.043015000,0.000505999,1.043520999,6.705079999,0,17
1658137057.624840736,1785498667.620598316,191,11029,11415,532,0,72000,3292,1974,0.000000000,3.699029001,4.335876001,0.693915999,0.000439000,0.694355000,6.098021000,0,11
1658137057.724925280,1785498667.720799685,192,11415,11645,637,0,72000,3004,1674,0.000000000,3.381371000,4.161135001,1.195201001,0.000521999,1.195723000,6.259491001,0,12
1658137057.824762821,1785498667.844922543,193,11645,11872,539,0,72000,2890,1671,0.000000000,3.174451998,3.710224999,0.902064001,0.000683000,0.902747001,5.471748000,0,10
1658137057.924852371,1785498667.920919657,194,11872,12264,562,0,72000,3649,2125,0.000000000,3.716571999,4.440872000,0.967728000,0.000485999,0.968213999,6.497386999,0,16
1658137058.024819851,1785498668.046181679,195,12025,12339,615,0,72000,3461,2024,0.000000000,4.021383002,4.662861000,1.070017999,0.000755001,1.070773000,6.739258000,0,19
1658137058.124909401,1785498668.146877527,196,12339,12781,771,0,72000,3924,2408,0.000000000,4.362886002,5.118227000,1.185910000,0.000652000,1.186562000,7.426914999,0,19
1658137058.224747658,1785498668.221034050,197,12781,13202,733,0,72000,3136,1642,0.000000000,3.624195002,4.162766001,1.452105998,0.000761000,1.452866998,6.566309001,0,18
1658137058.324818611,1785498668.320509911,198,12811,13508,875,0,72000,3092,1437,0.000000000,3.425008999,3.939812999,1.292907000,0.000609001,1.293516001,6.080061999,0,18
1658137058.424897909,1785498668.447604179,199,13508,14004,917,0,72000,4116,2207,0.000000000,4.395658001,5.129399000,1.944213000,0.000418999,1.944631998,8.160641000,0,12
1658137058.524742842,1785498668.521980762,200,14004,14544,906,0,72000,3735,2003,0.000000000,4.257719002,4.900174001,1.671148000,0.000460999,1.671608999,7.524614999,0,16
1658137058.624822378,1785498668.621541262,201,14544,15088,707,0,72000,3554,1815,0.000000000,4.208820001,5.011867001,1.066115001,0.000562000,1.066677001,7.090052000,0,18
1658137058.724912405,1785498668.721848249,202,15088,15616,772,0,72000,3909,2037,0.000000000,4.203440001,4.903491999,1.442896000,0.000509001,1.443405001,7.398484999,0,13
1658137058.824750423,1785498668.847008228,203,14977,15441,627,0,72000,4220,2401,0.000000000,4.676047998,5.441267000,0.935988999,0.000479000,0.936467999,7.571132999,0,18
1658137058.924854755,1785498668.946734190,204,15302,15844,638,0,72000,3887,2076,0.000000000,4.566109999,5.294662000,0.932182998,0.000631000,0.932813999,7.294334000,0,19
1658137059.024829149,1785498669.020543337,205,15635,16095,601,0,72000,3330,1683,0.000000000,3.857404001,4.439089000,0.760125000,0.000562999,0.760687999,6.042258001,0,16
1658137059.124907494,1785498669.121539831,206,16095,16450,632,0,72000,3847,2199,0.000000000,4.271633001,4.983065999,0.921901001,0.000540000,0.922441001,7.039929000,0,18
1658137059.224739790,1785498669.219605446,207,16450,16736,479,0,72000,2855,1417,0.000000000,3.090742002,3.560789999,0.751727001,0.000622998,0.752349999,5.108367999,0,7
1658137059.324834585,1785498669.319906473,208,16736,17030,495,0,72000,2932,1521,0.000000000,3.567395997,4.058365001,0.661165001,0.000693999,0.661859000,5.476842000,0,6
1658137059.424921751,1785498669.420349121,209,17030,17271,415,0,72000,3529,1862,0.000000000,3.667294999,4.264626001,0.611214002,0.000816999,0.612031001,5.852328000,0,11
1658137059.524773836,1785498669.520265579,210,17271,17410,409,0,72000,3040,1709,0.000000000,3.654302998,4.209101000,0.752333000,0.000696000,0.753029000,5.776169999,0,10
1658137059.624879360,1785498669.621870518,211,16493,16748,360,0,72000,3482,2120,0.000000000,4.854880000,5.727885000,0.733772000,0.000597001,0.734369001,7.399460999,0,12
1658137059.724719048,1785498669.721197844,212,16748,17125,472,0,72000,3855,2272,0.000000000,4.294976998,5.028189000,0.630208999,0.000620999,0.630829998,6.707748000,0,16
1658137059.824823141,1785498669.821593761,213,17125,17433,447,0,72000,4036,2406,0.000000000,4.580172999,5.360346000,0.680601001,0.000484000,0.681085001,7.119870999,0,7
1658137059.924920797,1785498669.919613600,214,17433,17584,267,0,72000,2961,1571,0.000000000,3.209811000,3.745498001,0.421899998,0.000536000,0.422435998,5.062634000,0,18
1658137060.024753809,1785498670.022212029,215,17584,17795,484,0,72000,4297,2574,0.000000000,4.744015001,5.553254001,0.821915000,0.000528000,0.822443000,7.738950000,0,13
1658137060.124844074,1785498670.120793343,216,17795,18045,479,0,72000,3798,2241,0.000000000,3.911136000,4.608847999,0.725999000,0.000464001,0.726463000,6.304305001,0,17
1658137060.224811554,1785498670.245521069,217,18045,18252,325,0,72000,3399,1879,0.000000000,3.962573999,4.556431000,0.465667999,0.000574999,0.466242998,5.996522999,0,19
1658137060.324868441,1785498670.320956469,218,18252,18436,322,0,72000,3957,2065,0.000000000,4.248807001,4.897628000,0.475346000,0.000433000,0.475778999,6.431847001,0,15
1658137060.424717665,1785498670.445428371,219,18436,18589,293,0,72000,3495,1962,0.000000000,3.856764000,4.479265999,0.491574001,0.000414000,0.491988001,5.884664999,0,19
1658137060.524796963,1785498670.523269176,220,18589,18593,379,0,72000,4203,2451,0.000000000,4.835544001,5.580765999,0.758863000,0.000417000,0.759279999,7.539101000,0,18
1658137060.624887228,1785498670.621292591,221,18593,18746,284,0,72000,3879,2171,0.000000000,4.401748000,5.139622001,0.494064001,0.000460001,0.494524002,6.774439000,0,18
1658137060.724725485,1785498670.720924139,222,18746,18944,360,0,72000,3903,2372,0.000000000,4.140949000,4.862162999,0.532092999,0.000418999,0.532511998,6.391245000,0,17
1658137060.824807882,1785498670.821967602,223,18944,19093,331,0,72000,4215,2587,0.000000000,4.912916000,5.780514000,0.525811000,0.000706999,0.526517999,7.474472000,0,10
1658137060.924912453,1785498670.920177937,224,19093,19203,279,0,72000,3241,1721,0.000000000,3.550201000,4.155668999,0.506046999,0.000459999,0.506506998,5.642794000,0,20
1658137061.024758816,1785498671.020595789,225,19203,19298,295,0,72000,3222,1747,0.000000000,3.901477003,4.513626001,0.565386999,0.000500000,0.565887000,6.005551999,0,18
1658137061.124855757,1785498671.146312475,226,19298,19480,352,0,72000,3965,2312,0.000000000,4.448475998,5.187537001,0.535587000,0.000515001,0.536102001,6.760962000,0,19
1658137061.224816799,1785498671.247458220,227,19480,19397,337,0,72000,4415,2672,0.000000000,5.081601001,5.899717999,0.779126000,0.000431999,0.779557999,7.917606999,0,19
1658137061.324893713,1785498671.347541571,228,19397,19574,325,0,72000,4829,2964,0.000000000,5.109720001,6.054186000,0.506630000,0.000733000,0.507363000,7.984346999,0,19
1658137061.424739838,1785498671.422228575,229,19574,19694,312,0,72000,4467,2638,0.000000000,5.181917999,6.007148000,0.487016001,0.000481999,0.487498000,7.703441001,0,13
1658137061.524831533,1785498671.520672560,230,19694,19819,268,0,72000,3685,2137,0.000000000,4.016231000,4.692762999,0.435525999,0.000665001,0.436191000,6.073438000,0,16
1658137061.624917984,1785498671.620668411,231,19819,19898,246,0,72000,3549,2017,0.000000000,3.926469000,4.606055001,0.480895002,0.000512000,0.481407002,6.057627999,0,18
1658137061.724760056,1785498671.719918013,232,19898,19990,241,0,72000,3236,1846,0.000000000,3.557728001,4.128261999,0.416917999,0.000678001,0.417596000,5.368510001,0,19
1658137061.824866772,1785498671.820900917,233,19990,20096,229,0,72000,3599,1925,0.000000000,4.214830002,4.841179001,0.390210000,0.000559001,0.390769001,6.337013001,0,11
1658137061.924732924,1785498671.945240259,234,20096,20193,238,0,72000,3087,1583,0.000000000,3.852048996,4.360826999,0.417072000,0.000544002,0.417616002,5.681133000,0,16
1658137062.024819374,1785498672.019462347,235,20193,20220,191,0,72000,2471,1066,0.000000000,3.255755999,3.793989001,0.424688000,0.000434000,0.425122000,4.909566000,0,16
1658137062.124917746,1785498672.146564007,236,20220,20264,219,0,72000,3663,2056,0.000000000,4.814043001,5.517824000,0.447070001,0.000537000,0.447607001,6.975532000,0,19
1658137062.224748850,1785498672.222344160,237,20264,20235,262,0,72000,4286,2596,0.000000000,5.180017002,6.015012999,0.604010998,0.000586000,0.604596999,7.751953000,0,10
1658137062.324859619,1785498672.322451115,238,20235,20331,250,0,72000,4401,2528,0.000000000,5.269376998,6.122418999,0.445032001,0.000468001,0.445500002,7.830689001,0,11
1658137062.424827337,1785498672.422015667,239,20331,20436,246,0,72000,4141,2456,0.000000000,4.615923001,5.491582000,0.469137000,0.000608001,0.469745000,7.237069000,0,17
1658137062.524910927,1785498672.544537067,240,20436,20547,187,0,72000,3023,1433,0.000000000,3.283339001,3.752234999,0.310709000,0.000501001,0.311210000,4.905839001,0,12
1658137062.624742031,1785498672.622053146,241,20547,20648,240,0,72000,4391,2612,0.000000000,4.836553999,5.711698001,0.397164002,0.000869000,0.398033002,7.439789000,0,18
1658137062.724824429,1785498672.720178843,242,20648,20672,240,0,72000,3203,1760,0.000000000,3.595344002,4.145905001,0.456166001,0.000492000,0.456658001,5.491305001,0,15
1658137062.824910402,1785498672.821248531,243,20672,20766,210,0,72000,3779,2050,0.000000000,4.483184000,5.223739001,0.390819001,0.000455000,0.391274001,6.670393999,0,17
1658137062.924767256,1785498672.920575857,244,20766,20800,208,0,72000,3283,1659,0.000000000,3.963305002,4.664210001,0.399455001,0.000436999,0.399892000,5.979055000,0,13
1658137063.024855852,1785498673.018829584,245,20800,20834,156,0,72000,2310,1021,0.000000000,2.886038001,3.256502001,0.314147001,0.000656999,0.314804000,4.219445000,0,11
1658137063.124813318,1785498673.120042801,246,20834,20841,237,0,72000,2971,1548,0.000000000,3.816110999,4.306710000,0.496335999,0.000619000,0.496954999,5.454738000,0,11
1658137063.224892139,1785498673.221792698,247,20841,20905,212,0,72000,4295,2524,0.000000000,4.776145001,5.601543000,0.369998001,0.000766000,0.370764001,7.156758998,0,17
1658137063.324811459,1785498673.320046186,248,20905,20997,165,0,72000,3368,1690,0.000000000,3.730563001,4.275993000,0.265498000,0.000589002,0.266087001,5.449197000,0,14
1658137063.424893618,1785498673.446271896,249,20997,21058,178,0,72000,3797,2080,0.000000000,4.522638999,5.205954001,0.327117999,0.000554999,0.327672999,6.602455000,0,10
1658137063.524723530,1785498673.522099972,250,21058,20960,184,0,72000,3880,2183,0.000000000,4.717198000,5.448169000,0.484418999,0.000686001,0.485105000,6.963461999,0,7
1658137063.624817848,1785498673.623373508,251,20960,21037,239,0,72000,4852,2894,0.000000000,5.752757001,6.707898001,0.472901000,0.000599999,0.473500999,8.742794002,0,16
1658137063.724911928,1785498673.722658157,252,21037,21103,220,0,72000,4701,2817,0.000000000,5.451700001,6.319932001,0.390423000,0.000522999,0.390945999,8.027251999,0,14
1658137063.824761868,1785498673.821381330,253,21103,21123,171,0,72000,3888,2131,0.000000000,4.483253000,5.260971000,0.352716001,0.000614000,0.353330001,6.786608999,0,13
1658137063.924862146,1785498673.921804190,254,21123,21111,171,0,72000,3687,2060,0.000000000,4.307003999,4.986988000,0.361055001,0.000549999,0.361605000,6.297051999,0,10
1658137064.024714470,1785498674.046050310,255,21111,21146,192,0,72000,3867,2178,0.000000000,4.320362001,5.042106999,0.369427000,0.001598999,0.371025999,6.392358999,0,17
1658137064.124918461,1785498674.147181988,256,21146,21238,184,0,72000,4261,2472,0.000000000,5.103759999,5.928850000,0.356602000,0.000619000,0.357221001,7.527925000,0,13
1658137064.224746466,1785498674.221838236,257,21238,21320,159,0,72000,3691,2015,0.000000000,4.693065001,5.698420000,0.336846000,0.000685000,0.337531001,7.179471000,0,17
1658137064.324879885,1785498674.321143150,258,21320,21420,177,0,72000,3690,2198,0.000000000,4.418320001,5.158141001,0.313134999,0.000571001,0.313705999,6.450016999,0,17
1658137064.424725771,1785498674.420036077,259,21420,21250,155,0,72000,3069,1633,0.000000000,3.475980000,4.023820999,0.441017999,0.000500999,0.441518998,5.343449000,0,16
1658137064.524806261,1785498674.520544052,260,21250,21321,153,0,72000,3480,1994,0.000000000,3.990207000,4.620598000,0.293951001,0.000856000,0.294807001,5.868520000,0,11
1658137064.624886990,1785498674.621476412,261,21321,21442,194,0,72000,4022,2229,0.000000000,4.569549001,5.347181999,0.331636002,0.000856000,0.332492002,6.726097001,0,19
1658137064.724721432,1785498674.721809626,262,21442,21473,184,0,72000,4106,2437,0.000000000,4.796029001,5.584232998,0.350811000,0.000577000,0.351388000,7.137827000,0,20
1658137064.824811220,1785498674.821423769,263,21473,21452,165,0,72000,3657,1951,0.000000000,4.670077000,5.348921000,0.343998001,0.000562000,0.344560001,6.749583999,0,15
1658137064.924901485,1785498674.946255922,264,21452,21496,138,0,72000,3271,1843,0.000000000,4.714318000,5.348758001,0.274999000,0.000649999,0.275648999,6.555172999,0,19
1658137065.024745226,1785498675.046192884,265,21496,21377,144,0,72000,3737,1908,0.000000000,4.264475001,4.923129000,0.466299000,0.000577000,0.466875999,6.506453001,0,17
1658137065.124840736,1785498675.120618343,266,21037,21120,149,0,72000,3369,1746,0.000000000,4.033705998,4.628275001,0.293593999,0.000487000,0.294080999,5.921877999,0,17
1658137065.224938393,1785498675.221524239,267,21120,21154,136,0,72000,3646,1818,0.000000000,4.689418000,5.396236000,0.341288000,0.000695001,0.341983001,6.833537000,0,12
1658137065.324915648,1785498675.346181631,268,21154,21210,145,0,72000,3758,2118,0.000000000,4.529773003,5.247858000,0.270092001,0.000427000,0.270519002,6.466011000,0,10
1658137065.424759150,1785498675.421310902,269,21210,21220,145,0,72000,3551,2004,0.000000000,4.608453002,5.332974000,0.288993000,0.000609001,0.289602001,6.547170000,0,17
1658137065.524856091,1785498675.521682739,270,21220,21291,148,0,72000,3963,2268,0.000000000,4.813737998,5.582160999,0.291221000,0.000528000,0.291749000,6.989729000,0,11
1658137065.624709129,1785498675.621403933,271,21291,21288,133,0,72000,3831,2123,0.000000000,4.624407999,5.380726001,0.286471000,0.000480000,0.286951001,6.688292000,0,11
1658137065.724806309,1785498675.746821404,272,21288,21294,157,0,72000,4039,2286,0.000000000,4.830435999,5.592226000,0.309061999,0.000512999,0.309574998,7.057867000,0,14
1658137065.824901342,1785498675.848989964,273,21294,21335,151,0,72000,4979,2974,0.000000000,6.324770000,7.344010999,0.367000001,0.000545999,0.367545999,9.218875000,0,18
1658137065.924726725,1785498675.947325945,274,21335,21397,169,0,72000,4634,2787,0.000000000,5.229468999,6.102677000,0.314818999,0.000639000,0.315457999,7.650865000,0,19
1658137066.024820566,1785498676.020091295,275,21397,21462,150,0,72000,3100,1572,0.000000000,3.778078000,4.300211000,0.266960000,0.000647002,0.267607002,5.438922000,0,17
1658137066.124922991,1785498676.120771170,276,21462,21506,118,0,72000,3474,1961,0.000000000,4.101557999,4.901618999,0.216801000,0.000496000,0.217297000,6.059730998,0,12
1658137066.224759579,1785498676.220859766,277,21506,21558,134,0,72000,3620,1991,0.000000000,4.265965001,4.927696000,0.253975000,0.000489999,0.254465000,6.116379000,0,17
1658137066.324908733,1785498676.321349621,278,21558,21630,149,0,72000,3531,2064,0.000000000,4.023744003,4.672289000,0.277892001,0.000561000,0.278453001,5.923754999,0,10
1658137066.424746513,1785498676.420342207,279,21630,21682,134,0,72000,2824,1461,0.000000000,3.865073000,4.395489001,0.245284000,0.000619000,0.245903000,5.447365998,0,10
1658137066.524848700,1785498676.521217823,280,21682,21744,144,0,72000,3505,1990,0.000000000,4.307248000,4.921792999,0.249971001,0.000465001,0.250436002,6.073430000,0,16
1658137066.624821663,1785498676.620783329,281,21744,21760,138,0,72000,3586,1973,0.000000000,4.160408002,4.787587000,0.287141000,0.000560000,0.287700999,6.081518000,0,16
1658137066.724913359,1785498676.721390009,282,21760,21776,158,0,72000,3706,2019,0.000000000,4.103589999,4.731535000,0.299111000,0.000444999,0.299555999,6.021146999,0,15
1658137066.824770927,1785498676.819950342,283,21776,21843,115,0,72000,2809,1436,0.000000000,3.693577000,4.188359999,0.219464000,0.000510001,0.219974001,5.210916001,0,7
1658137066.924856663,1785498676.921675920,284,21843,21922,141,0,72000,4076,2432,0.000000000,4.832406999,5.605591999,0.247031001,0.000669999,0.247701000,6.939535000,0,17
1658137067.024813414,1785498677.020349741,285,21922,21934,137,0,72000,3404,1890,0.000000000,3.824424999,4.415907000,0.254621000,0.000399001,0.255020001,5.556912000,0,17
1658137067.124904871,1785498677.123131037,286,21934,21980,158,0,72000,4284,2465,0.000000000,4.783225999,5.541101998,0.285788999,0.000569000,0.286357999,7.029815999,0,11
1658137067.224748135,1785498677.246359587,287,21980,21964,136,0,72000,3572,1871,0.000000000,4.712950999,5.356891001,0.269112999,0.000547001,0.269660000,6.593069000,0,18
1658137067.324879885,1785498677.345723152,288,21964,21970,124,0,72000,3465,1794,0.000000000,4.052061000,4.679816000,0.289390000,0.000525000,0.289915000,5.934227000,0,10
1658137067.424710035,1785498677.421018124,289,21970,22020,139,0,72000,3841,1976,0.000000000,4.312896997,4.935334999,0.248812001,0.000632001,0.249444001,6.245958000,0,9
1658137067.524814367,1785498677.521152258,290,22020,22008,130,0,72000,3579,2015,0.000000000,4.446526998,5.118674000,0.282143999,0.000492000,0.282636000,6.353948000,0,19
1658137067.624906778,1785498677.646858931,291,22008,22046,140,0,72000,4031,2301,0.000000000,4.835881000,5.605508000,0.264213999,0.000507000,0.264720999,7.073293000,0,20
1658137067.724751711,1785498677.721173525,292,22046,22099,123,0,72000,3824,2322,0.000000000,4.281161000,5.031106000,0.226219001,0.000477001,0.226696002,6.393698000,0,13
1658137067.824855089,1785498677.820829391,293,22099,22090,118,0,72000,3454,2047,0.000000000,4.295205001,4.922583001,0.260907000,0.000545000,0.261452000,6.071694001,0,16
1658137067.924820423,1785498677.919982195,294,22090,22109,100,0,72000,3147,1709,0.000000000,3.604165002,4.146440000,0.217139999,0.000503000,0.217642999,5.201979000,0,16
1658137068.024923325,1785498678.020899057,295,22109,22173,138,0,72000,3379,1898,0.000000000,4.089178999,4.906554001,0.262356001,0.000691000,0.263047001,6.037708001,0,17
1658137068.124764681,1785498678.121577024,296,22173,22204,135,0,72000,3245,1702,0.000000000,3.738932000,4.276044001,0.255760999,0.000533000,0.256293999,5.390405999,0,4
1658137068.224862576,1785498678.220935583,297,22204,22252,107,0,72000,3709,1952,0.000000000,4.292243000,5.011084000,0.201666999,0.000552000,0.202218998,6.181656001,0,17
1658137068.324897051,1785498678.346884489,298,22252,22337,142,0,72000,4159,2395,0.000000000,4.900029002,5.639724001,0.229787000,0.000680000,0.230467000,7.092769001,0,15
1658137068.424742699,1785498678.421369791,299,22337,22377,126,0,72000,3752,2039,0.000000000,4.665394998,5.319328999,0.251407000,0.000522001,0.251929001,6.567492999,0,12
1658137068.524836779,1785498678.521402359,300,22377,22392,129,0,72000,3939,2067,0.000000000,4.513657997,5.229742001,0.265471999,0.000538001,0.266010000,6.649227000,0,20
1658137068.624927521,1785498678.622961998,301,22392,22376,132,0,72000,4065,2158,0.000000000,5.008979000,5.755856000,0.307225000,0.000538001,0.307763001,7.244532000,0,11
1658137068.724768400,1785498678.721088886,302,22376,22400,122,0,72000,3849,2092,0.000000000,4.333141002,5.032192001,0.236618000,0.000565000,0.237183000,6.269124000,0,11
1658137068.824859619,1785498678.820325136,303,22400,22438,87,0,72000,3219,1655,0.000000000,3.801010000,4.357139000,0.182816000,0.000562000,0.183378001,5.449864999,0,12
1658137068.924817562,1785498678.920777559,304,22438,22424,96,0,72000,3613,1951,0.000000000,4.123021003,4.748718000,0.209588001,0.000485999,0.210074000,5.927548998,0,15
1658137069.024899244,1785498679.021271229,305,22424,22419,136,0,72000,3867,2102,0.000000000,4.472235001,5.162136998,0.317794000,0.000661001,0.318455001,6.408731000,0,18
1658137069.124737978,1785498679.120402098,306,22419,22444,133,0,72000,3387,1763,0.000000000,3.840781999,4.397509001,0.274929000,0.000642000,0.275570999,5.576371999,0,18
1658137069.224836349,1785498679.221427202,307,22444,22494,118,0,72000,3605,2014,0.000000000,4.264410001,5.029568001,0.322378999,0.002154000,0.324532999,6.509012999,0,14
1658137069.324825287,1785498679.321084738,308,22494,22485,98,0,72000,3478,1789,0.000000000,4.431918000,5.028963000,0.218117000,0.000648999,0.218765999,6.219998000,0,12
1658137069.424926519,1785498679.422197104,309,22485,22559,128,0,72000,4288,2590,0.000000000,4.947087002,5.806865000,0.233259001,0.001017999,0.234277000,7.266822000,0,14
1658137069.524762154,1785498679.521723032,310,22559,22577,149,0,72000,4071,2339,0.000000000,4.798611999,5.511167001,0.275492999,0.000513000,0.276006000,6.806423999,0,20
1658137069.624831438,1785498679.620356798,311,22577,22576,96,0,72000,3152,1730,0.000000000,3.828043000,4.392887000,0.195668001,0.000431000,0.196099001,5.455597000,0,17
1658137069.724925756,1785498679.746338606,312,22576,22620,108,0,72000,3757,2108,0.000000000,4.404806999,5.153274000,0.229723000,0.000535001,0.230258001,6.410242000,0,14
1658137069.824770927,1785498679.822121143,313,22620,22581,110,0,72000,4213,2369,0.000000000,4.927410002,5.750246000,0.282427001,0.000639000,0.283066001,7.300792000,0,17
1658137069.924851179,1785498679.949726820,314,22581,22624,138,0,72000,4115,2301,0.000000000,6.649283001,7.711025000,0.396113999,0.000553000,0.396666999,9.707511999,0,18
1658137070.024931669,1785498680.024136543,315,22624,22652,93,0,72000,3905,2184,0.000000000,6.801084999,7.689627000,0.264197999,0.000766000,0.264963999,9.059361000,0,10
1658137070.124789953,1785498680.146013021,316,22652,22709,101,0,72000,3374,1991,0.000000000,4.242151001,4.917442000,0.191777001,0.000632999,0.192410000,6.050181000,0,17
1658137070.224873066,1785498680.222176552,317,22709,22718,111,0,72000,4241,2488,0.000000000,4.942598000,5.767175000,0.257182000,0.000709000,0.257891001,7.261442999,0,14
1658137070.324820518,1785498680.321805239,318,22718,22782,100,0,72000,4083,2205,0.000000000,4.844685000,5.583332000,0.205565999,0.000546999,0.206112998,6.886596000,0,18
1658137070.424909115,1785498680.446786165,319,22782,22828,108,0,72000,3709,2146,0.000000000,4.300258001,4.992564000,0.214580999,0.000670001,0.215251001,6.722230000,0,20
1658137070.524751902,1785498680.520638704,320,22828,22732,87,0,72000,3390,1789,0.000000000,3.876109000,4.465004000,0.242643000,0.000577000,0.243220000,5.699012001,0,14
1658137070.624844313,1785498680.619701385,321,22732,22752,88,0,72000,2807,1537,0.000000000,3.318204997,3.847202999,0.185767001,0.000501001,0.186268002,4.773032000,0,13
1658137070.724927425,1785498680.747653008,322,22752,22827,118,0,72000,4111,2394,0.000000000,5.185238999,6.129616000,0.347650999,0.000552000,0.348202999,7.684705000,0,18
1658137070.824764967,1785498680.822366476,323,22827,22819,132,0,72000,4038,2351,0.000000000,4.961545001,5.691559001,0.267943000,0.000606000,0.268549000,7.111515000,0,13
1658137070.924855471,1785498680.921477795,324,22819,22806,88,0,72000,3888,2286,0.000000000,4.508319002,5.260123999,0.206560000,0.000722001,0.207282001,6.547127001,0,18
1658137071.024806261,1785498681.020548820,325,22806,22831,97,0,72000,3157,1785,0.000000000,3.840657000,4.477695000,0.194442000,0.000703001,0.195145001,5.582443999,0,14
1658137071.124889612,1785498681.120637417,326,22831,22872,116,0,72000,3607,2044,0.000000000,4.021183000,4.520056000,0.221944001,0.000503000,0.222447001,5.711731001,0,13
1658137071.224732399,1785498681.221410036,327,22872,22910,89,0,72000,3569,1941,0.000000000,4.626346998,5.281923000,0.177792001,0.000597000,0.178389000,6.444917999,0,11
1658137071.324868679,1785498681.345486403,328,22910,22898,104,0,72000,3244,1695,0.000000000,3.803543001,4.364082999,0.238384999,0.001124999,0.239509998,5.494999999,0,13
1658137071.424714088,1785498681.421394348,329,22898,22960,113,0,72000,3762,2161,0.000000000,4.236855000,4.935655001,0.207513000,0.000477001,0.207990000,6.101995999,0,15
1658137071.524803400,1785498681.521506548,330,22960,22981,95,0,72000,3749,2197,0.000000000,4.564338000,5.294462999,0.191905001,0.033530001,0.225435002,6.525914001,0,16
1658137071.624900341,1785498681.621757507,331,22981,22979,101,0,72000,3850,2210,0.000000000,4.731765002,5.451052999,0.218817000,0.000512999,0.219329999,6.788660001,0,12
1658137071.724744797,1785498681.745367050,332,22979,23005,86,0,72000,3355,1811,0.000000000,3.741439001,4.311879000,0.172605000,0.000631000,0.173236000,5.410030000,0,19
1658137071.824838400,1785498681.821926117,333,23005,23048,91,0,72000,4044,2347,0.000000000,4.780487998,5.596929999,0.191756000,0.000552001,0.192308002,6.962107000,0,12
1658137071.924928427,1785498681.947100401,334,23048,23017,110,0,72000,4158,2336,0.000000000,4.884052001,5.641666001,0.264417000,0.000660999,0.265077999,7.109804001,0,19
1658137072.024756908,1785498682.020519257,335,23017,23023,74,0,72000,3400,1890,0.000000000,3.943867998,4.544574998,0.158240999,0.000620001,0.158860999,5.577627000,0,16
1658137072.124855518,1785498682.120635748,336,23023,23026,96,0,72000,3373,1910,0.000000000,3.923623999,4.548200000,0.206844999,0.000693999,0.207538998,5.650669000,0,11
1658137072.224715233,1785498682.246093273,337,23026,23024,94,0,72000,3398,1859,0.000000000,4.336896001,4.956522002,0.228641000,0.000446000,0.229087000,6.088251001,0,16
1658137072.324717522,1785498682.320555449,338,23024,23069,103,0,72000,3219,1768,0.000000000,3.926245001,4.484977000,0.187547001,0.000455999,0.188002999,5.560173000,0,12
1658137072.424810171,1785498682.420672178,339,23069,23053,76,0,72000,3339,1756,0.000000000,3.865681003,4.448952001,0.193398999,0.000481999,0.193880998,5.626258000,0,14
1658137072.524909258,1785498682.546612978,340,23053,23090,117,0,72000,3781,2211,0.000000000,4.615353000,5.335815000,0.219159001,0.000460001,0.219619002,6.579817000,0,10
1658137072.624742031,1785498682.621806145,341,23090,23131,102,0,72000,3997,2174,0.000000000,4.784287003,5.506042000,0.186156001,0.000515000,0.186671001,6.835573000,0,16
1658137072.724823236,1785498682.723512411,342,23131,23147,89,0,72000,3657,2161,0.000000000,5.791816000,6.553211999,0.260182998,0.000629001,0.260811999,8.319742999,0,12
1658137072.824915648,1785498682.846106529,343,23147,23199,95,0,72000,3687,2085,0.000000000,4.283789000,4.964569998,0.165707999,0.000503000,0.166210999,6.097543001,0,14
1658137072.924747467,1785498682.946614742,344,23199,23187,110,0,72000,3971,2252,0.000000000,4.563428001,5.302366000,0.253116001,0.000594000,0.253710001,6.577542001,0,13
1658137073.024852514,1785498683.021301270,345,23187,23170,93,0,72000,3710,2043,0.000000000,4.387429002,5.065588999,0.203713002,0.000534999,0.204248001,6.247191999,0,10
1658137073.124809742,1785498683.120505810,346,23170,23189,73,0,72000,3053,1526,0.000000000,3.965225998,4.470193000,0.158123999,0.000542001,0.158666000,5.392582001,0,15
1658137073.224896193,1785498683.221933365,347,23189,23226,88,0,72000,3933,2232,0.000000000,4.915758002,5.632730999,0.163082001,0.000581000,0.163663000,6.866788000,0,18
1658137073.324827194,1785498683.319629431,348,23226,23207,81,0,72000,2614,1292,0.000000000,3.198460998,3.638130001,0.183812001,0.000579001,0.184391001,4.575752999,0,17
1658137073.424917459,1785498683.421051741,349,23207,23198,86,0,72000,3306,1863,0.000000000,4.323821000,4.925184001,0.198495001,0.000716000,0.199211001,5.978515001,0,15
1658137073.524765968,1785498683.520082474,350,23198,23217,78,0,72000,2978,1594,0.000000000,3.505751001,4.026911000,0.159914000,0.000569000,0.160482999,5.061730999,0,16
1658137073.624850035,1785498683.622104883,351,23217,23234,91,0,72000,4334,2542,0.000000000,4.912527000,5.715154999,0.189667000,0.000462000,0.190129000,7.091818001,0,17
1658137073.724819660,1785498683.720681667,352,23234,23236,86,0,72000,3359,1801,0.000000000,3.940880000,4.559624000,0.209084001,0.000484000,0.209568001,5.648028999,0,15
1658137073.824895382,1785498683.846644402,353,23236,23203,151,0,72000,3798,2073,0.000000000,4.631862001,5.311802999,0.316451000,0.000570000,0.317021000,6.587356000,0,13
1658137073.924736738,1785498683.921204329,354,23203,23253,122,0,72000,3467,1751,0.000000000,4.315086000,4.943959000,0.266718000,0.000484000,0.267202000,6.193433001,0,17
1658137074.024819613,1785498684.021095753,355,23253,23275,114,0,72000,3662,2030,0.000000000,4.250069000,4.889162001,0.218383000,0.000541999,0.218924999,6.057290000,0,7
1658137074.124906778,1785498684.121634722,356,23275,23314,91,0,72000,3877,2037,0.000000000,4.643110002,5.390614000,0.161307998,0.000607000,0.161914999,6.575293000,0,15
1658137074.224747419,1785498684.221607685,357,23314,23324,94,0,72000,4011,2382,0.000000000,4.548047000,5.336046001,0.208177999,0.000489999,0.208667998,6.553215999,0,23
1658137074.324881077,1785498684.346392155,358,23324,23314,81,0,72000,3499,1893,0.000000000,4.225074001,4.943321001,0.184924000,0.000496000,0.185420000,6.136191001,0,20
1658137074.424724579,1785498684.422575474,359,23314,23330,101,0,72000,3825,2138,0.000000000,5.396306002,6.131135000,0.228371000,0.000852000,0.229223000,7.469640999,0,14
1658137074.524814844,1785498684.520693541,360,23330,23364,130,0,72000,3243,2006,0.000000000,3.735631997,4.463655001,0.218685000,0.000491000,0.219176000,5.538002000,0,18
1658137074.624903679,1785498684.620471954,361,23364,23361,96,0,72000,3230,1855,0.000000000,3.741748000,4.323279001,0.196233001,0.000520999,0.196753999,5.429796000,0,18
1658137074.724736214,1785498684.722495556,362,23361,23309,139,0,72000,4029,2422,0.000000000,4.907171002,5.796415000,0.417825000,0.000775000,0.418600001,7.440034000,0,13
1658137074.824935913,1785498684.846283436,363,23309,23350,104,0,72000,3408,1803,0.000000000,4.307193001,4.965008000,0.186965000,0.000545000,0.187510001,6.093051999,0,10
1658137074.924767733,1785498684.921306849,364,23350,23368,118,0,72000,3488,1941,0.000000000,4.352398999,4.981333999,0.253036000,0.000530001,0.253566001,6.145543000,0,13
1658137075.024861097,1785498685.046365738,365,23368,23370,171,0,72000,3701,2101,0.000000000,4.188236000,4.875504001,0.334569000,0.000448999,0.335018000,6.197715000,0,10
1658137075.124724388,1785498685.122695446,366,23370,23435,222,0,72000,4408,2641,0.000000000,5.114590000,5.984384999,0.389892000,0.000526001,0.390418001,7.539508999,0,13
1658137075.224820375,1785498685.221505642,367,23435,23505,187,0,72000,3715,2296,0.000000000,4.266297001,5.013136999,0.360433000,0.000493999,0.360926999,6.318125999,0,16
1658137075.324909925,1785498685.322013855,368,23505,23539,200,0,72000,4002,2440,0.000000000,4.697430002,5.474971002,0.368518000,0.000646000,0.369163999,6.893079000,0,15
1658137075.424756289,1785498685.422368526,369,23539,23637,186,0,72000,4101,2423,0.000000000,5.128351000,5.925527001,0.312337999,0.000525000,0.312863000,7.288681001,0,16
1658137075.524840355,1785498685.524669170,370,23637,23658,254,0,72000,4738,3056,0.000000000,5.799271001,6.943291000,0.591881999,0.000627000,0.592508999,9.363481999,0,11
1658137075.624810219,1785498685.622366190,371,23658,23693,207,0,72000,4264,2462,0.000000000,4.888666001,5.654708000,0.405053001,0.000514001,0.405567002,7.229523999,0,12
1658137075.724896193,1785498685.747392416,372,23693,23685,251,0,72000,4101,2475,0.000000000,4.681954999,5.491937000,0.598506000,0.000513999,0.599019999,7.230093001,0,12
1658137075.824759483,1785498685.847742796,373,23685,23781,209,0,72000,4038,2353,0.000000000,5.231182000,6.095283999,0.419319998,0.000464001,0.419783999,7.569653000,0,17
1658137075.924853563,1785498685.920645237,374,23781,23818,161,0,72000,3133,1701,0.000000000,3.726986999,4.292717000,0.368650000,0.000554999,0.369205000,5.493219000,0,10
1658137076.024821758,1785498686.021100283,375,23818,23865,159,0,72000,3496,1945,0.000000000,4.145396999,4.772794000,0.344185999,0.000563999,0.344749998,5.961600000,0,15
1658137076.124909163,1785498686.121623516,376,23865,23880,259,0,72000,3693,2341,0.000000000,4.263637000,5.021425999,0.525966001,0.000635000,0.526601001,6.495535001,0,14
1658137076.224745512,1785498686.222834587,377,23880,24032,276,0,72000,4461,2539,0.000000000,5.121558997,5.993971999,0.451625001,0.000499000,0.452124001,7.675511000,0,22
1658137076.324845076,1785498686.321929216,378,24032,24186,278,0,72000,3937,2143,0.000000000,4.562384996,5.303612999,0.426810000,0.000474000,0.427284000,6.761859000,0,10
1658137076.424820185,1785498686.421405792,379,23968,24032,297,0,72000,3622,1907,0.000000000,4.199011000,4.822637000,0.610179999,0.000648000,0.610827999,6.308313999,0,17
1658137076.524913311,1785498686.521449804,380,24032,24262,317,0,72000,3662,1799,0.000000000,4.257023002,4.840940001,0.466415000,0.000439000,0.466854000,6.260763001,0,17
1658137076.624750376,1785498686.622511625,381,24262,24500,388,0,72000,4319,2483,0.000000000,4.857372000,5.677351000,0.612345000,0.000537999,0.612882999,7.338947000,0,14
1658137076.724843740,1785498686.723526716,382,24500,24760,423,0,72000,4696,2671,0.000000000,5.596292000,6.457476000,0.712202000,0.000561000,0.712763000,8.356979999,0,10
1658137076.824931145,1785498686.824626207,383,24760,24973,493,0,72000,5115,3088,0.000000000,5.940535000,6.962570000,1.008609999,0.000456001,1.009066000,9.244947001,0,14
1658137076.924777746,1785498686.923936367,384,24973,25144,541,0,72000,4615,2644,0.000000000,5.594677001,6.553705000,1.020135000,0.000565000,1.020700000,8.713251002,0,10
1658137077.024857521,1785498687.023108959,385,25144,25455,527,0,72000,4538,2680,0.000000000,5.141200998,6.001526001,0.818468001,0.000496000,0.818964001,7.921543000,0,10
1658137077.124813795,1785498687.123045683,386,25455,25515,506,0,72000,4307,2184,0.000000000,5.020508002,5.815761999,1.046132998,0.000492000,1.046624999,7.909067999,0,17
1658137077.224892139,1785498687.221860170,387,25515,25716,433,0,72000,3592,1904,0.000000000,4.318038000,4.983069000,0.849259000,0.000668000,0.849927001,6.705511001,0,15
1658137077.324913502,1785498687.325630903,388,25525,25684,699,0,72000,5929,3474,0.000000000,6.543383999,7.589213999,1.389499001,0.000675000,1.390174000,10.466455000,0,11
1658137077.424747705,1785498687.423345327,389,25684,26024,597,0,72000,4741,2639,0.000000000,5.245744997,6.107051999,0.979846998,0.000450000,0.980296998,8.139592999,0,15
1658137077.524838209,1785498687.521885157,390,25500,25396,486,0,72000,3489,1638,0.000000000,4.161358000,4.702193000,1.117571001,0.000427999,1.117999000,6.687574001,0,16
1658137077.624918699,1785498687.623577595,391,25396,25561,639,0,72000,4188,2268,0.000000000,4.980421001,5.785453999,1.641127001,0.000602000,1.641729001,8.363961999,0,11
1658137077.724752903,1785498687.747100592,392,25366,25723,538,0,72000,3933,2062,0.000000000,4.430394998,5.095860000,0.898045000,0.000572001,0.898617001,6.860691999,0,17
1658137077.824851513,1785498687.848699331,393,25723,26056,691,0,72000,4727,2654,0.000000000,5.171250999,6.059501999,1.244358000,0.000423001,1.244781000,8.494214000,0,18
1658137077.924811363,1785498687.923024178,394,26056,26481,667,0,72000,4259,2288,0.000000000,4.782150001,5.531314999,1.239513000,0.000648000,1.240161000,7.767485000,0,15
1658137078.024876118,1785498688.024525166,395,26292,26690,839,0,72000,4760,2680,0.000000000,5.720822002,6.552740999,1.687943000,0.000456999,1.688400000,9.282058001,0,18
1658137078.124736786,1785498688.124107838,396,26690,27025,698,0,72000,4800,2592,0.000000000,5.249038999,6.064891000,1.679955001,0.000518001,1.680473002,8.867825001,0,24
1658137078.224831581,1785498688.223206282,397,27025,27376,610,0,72000,4469,2408,0.000000000,5.010427001,5.937641001,1.013462001,0.000571001,1.014033001,7.978285001,0,14
1658137078.324882507,1785498688.324579239,398,27376,27787,809,0,72000,4477,2451,0.000000000,5.404174004,6.218075001,2.035101999,0.000910000,2.036012000,9.270164999,0,13
1658137078.424730301,1785498688.448864222,399,27472,27886,792,0,72000,4649,2629,0.000000000,5.156402000,5.986067001,1.662826000,0.000422000,1.663248000,8.622711000,0,16
1658137078.524822712,1785498688.524529457,400,27572,27949,732,0,72000,4962,2774,0.000000000,5.459453001,6.307418998,1.950894000,0.000465001,1.951359001,9.333446000,0,15
1658137078.624900341,1785498688.626482725,401,27949,28562,978,0,72000,6165,3851,0.000000000,6.761266000,7.975388000,1.889289000,0.000543001,1.889832001,11.222129999,0,12
1658137078.724735260,1785498688.725484371,402,28283,28970,917,0,72000,5547,3239,0.000000000,6.002503000,6.984983000,2.017350000,0.000663000,2.018013000,10.244670000,0,14
1658137078.824827194,1785498688.824326038,403,28284,28708,822,0,72000,4847,2792,0.000000000,5.655809002,6.578293000,1.409131000,0.000483000,1.409614000,9.028738999,0,11
1658137078.924912214,1785498688.923946142,404,28708,29175,803,0,72000,3973,1857,0.000000000,4.784312998,5.421174999,2.374584001,0.000670001,2.375254002,8.643624000,0,17
1658137079.024743319,1785498689.023268938,405,29175,29602,674,0,72000,4515,2295,0.000000000,5.008026999,5.813688000,1.210524000,0.000515001,1.211039002,8.013347000,0,20
1658137079.124834061,1785498689.123550653,406,29602,30149,727,0,72000,4426,2253,0.000000000,5.188784000,6.089117000,1.182573000,0.000518001,1.183091001,8.266293000,0,18
1658137079.224809885,1785498689.224638700,407,29977,30425,809,0,72000,4470,2379,0.000000000,5.179217000,5.936644000,2.419688000,0.000434000,2.420122000,9.337071000,0,18
1658137079.324869394,1785498689.325701475,408,29963,30368,884,0,72000,5043,2679,0.000000000,5.853135999,6.699912001,2.422116000,0.000554001,2.422670001,10.378143999,0,15
1658137079.424824238,1785498689.425180674,409,30121,30578,780,0,72000,5145,3086,0.000000000,5.663631000,6.646784999,1.556564001,0.000751001,1.557315001,9.824074001,0,12
1658137079.524906635,1785498689.522894621,410,30578,31110,787,0,72000,4093,2023,0.000000000,4.805026001,5.497120001,1.251199999,0.000408001,1.251608001,7.588360000,0,18
1658137079.624745131,1785498689.626146555,411,31110,31734,1060,0,72000,6272,3853,0.000000000,6.677450001,7.864043000,1.671873999,0.000410000,1.672283999,10.842730000,0,10
1658137079.724845409,1785498689.750666142,412,31734,32139,838,0,72000,5962,3379,0.000000000,6.478103001,7.533554000,1.625532001,0.000481001,1.626013001,10.376233000,0,19
1658137079.824822187,1785498689.825692892,413,32139,32440,960,0,72000,5121,2772,0.000000000,5.743150998,6.603635000,2.793929001,0.000476000,2.794405002,10.427178000,0,15
1658137079.924921036,1785498689.955747604,414,32440,32886,964,0,72000,5771,3293,0.000000000,8.541882000,10.152087001,3.497862001,0.000730000,3.498592001,15.252013000,0,11
1658137080.024763823,1785498690.050066233,415,32730,33473,993,0,72000,5319,2775,0.000000000,6.054810001,7.040017999,1.578059999,0.000439999,1.578499998,9.740227000,0,24
1658137080.124858618,1785498690.124638319,416,33473,33934,912,0,72000,5119,2664,0.000000000,5.747313999,6.552571000,1.786105999,0.000437001,1.786543000,9.359674001,0,10
1658137080.224817514,1785498690.224937916,417,33934,34178,879,0,72000,4752,2282,0.000000000,5.437997999,6.169339000,2.483881000,0.000526999,2.484408000,9.597015000,0,18
1658137080.324759007,1785498690.328208447,418,34178,34813,986,0,72000,6382,3602,0.000000000,8.411561003,9.666583999,1.763143999,0.000549999,1.763693997,12.879055001,0,17
1658137080.424849749,1785498690.449755907,419,34813,35303,796,0,72000,5223,2809,0.000000000,5.927311000,6.812365000,1.468261000,0.000573998,1.468834998,9.424720001,0,12
1658137080.524818420,1785498690.524245739,420,35303,35985,960,0,72000,5093,2616,0.000000000,5.656882999,6.527531999,1.478732000,0.000474000,1.479205999,8.949535000,0,12
1658137080.624908209,1785498690.624496937,421,35985,36614,1056,0,72000,4995,2596,0.000000000,5.704014999,6.505554999,1.771529000,0.000484999,1.772013999,9.174957000,0,11
1658137080.724747419,1785498690.727016687,422,36614,37274,1066,0,72000,6096,3460,0.000000000,7.163642003,8.402815001,2.061073999,0.000437001,2.061511001,11.686960999,0,17
1658137080.824847221,1785498690.825494766,423,36874,37250,889,0,72000,5561,3126,0.000000000,6.262537998,7.248987999,1.772509000,0.000463999,1.772972999,10.157518002,0,11
1658137080.924810410,1785498690.925683022,424,36998,37319,960,0,72000,5222,2725,0.000000000,6.028876000,6.882140000,2.417728001,0.000698999,2.418427001,10.323366001,0,16
1658137081.024899244,1785498691.050189972,425,37319,37931,868,0,72000,5200,2744,0.000000000,6.377615999,7.258549000,1.398982000,0.000594000,1.399576000,9.833029000,0,21
1658137081.124731541,1785498691.125754118,426,37931,38296,924,0,72000,5406,2948,0.000000000,6.011367999,7.017131000,1.999999999,0.000940001,2.000940000,10.434848999,0,13
1658137081.224839687,1785498691.227553606,427,38141,38949,1120,0,72000,6319,3621,0.000000000,7.836600000,8.994845999,1.956337001,0.000587001,1.956924001,12.199166998,0,13
1658137081.324909210,1785498691.327671289,428,38656,39449,994,0,72000,6130,3386,0.000000000,7.160472998,8.238795001,2.800282000,0.000599000,2.800881000,12.297309999,0,13
1658137081.424733877,1785498691.450754642,429,39038,39801,1106,0,72000,5281,2834,0.000000000,6.346468001,7.204304999,2.178301000,0.000499000,2.178799999,10.355528999,0,14
1658137081.524811745,1785498691.526134968,430,39520,40228,1134,0,72000,6133,3340,0.000000000,6.702560000,7.703472002,2.016348000,0.000448001,2.016796001,10.823334000,0,17
1658137081.624908447,1785498691.626600742,431,40228,40934,1073,0,72000,6352,3546,0.000000000,6.922836001,7.996270000,1.918900000,0.000606000,1.919505999,11.213493999,0,13
1658137081.724735260,1785498691.724526405,432,40934,41508,876,0,72000,4966,2615,0.000000000,5.865606003,6.701173001,1.443925999,0.000503000,1.444428999,9.136257000,0,11
1658137081.824832678,1785498691.849896193,433,41508,42126,986,0,72000,5020,2526,0.000000000,5.804302999,6.628768000,1.870906000,0.000431000,1.871337001,9.442557999,0,12
1658137081.924919367,1785498692.002484798,434,42126,43069,1218,0,72000,6231,3400,0.000000000,7.050194999,8.131409000,2.899062001,0.000550999,2.899613000,12.141652000,0,36
1658137082.024763584,1785498692.051525116,435,41669,42566,1172,0,72000,5897,3223,0.000000000,6.706151999,7.688012000,2.292711000,0.000594000,2.293305000,11.170682999,0,25
1658137082.124833584,1785498692.126361370,436,42181,42986,1021,0,72000,6199,3428,0.000000000,6.892498001,8.107271000,1.739804000,0.000513999,1.740317999,11.000974000,0,17
1658137082.224925041,1785498692.225465059,437,42471,43088,904,0,72000,5603,2854,0.000000000,6.219534998,7.087569000,1.498103000,0.000534999,1.498637999,9.966493999,0,18
1658137082.324779987,1785498692.325797796,438,43088,43755,913,0,72000,6041,3208,0.000000000,6.687007000,7.801709000,1.445985999,0.000525000,1.446511000,10.391657999,0,13
1658137082.424867392,1785498692.425470114,439,43755,44501,1009,0,72000,5843,3112,0.000000000,6.553196001,7.493035000,1.503017000,0.000618000,1.503635000,10.081331000,0,17
1658137082.524712563,1785498692.525249958,440,44501,45223,1123,0,72000,5313,2662,0.000000000,6.144605999,7.042731000,1.802416000,0.000565000,1.802981000,9.842513999,0,15
1658137082.624928474,1785498692.626532793,441,45223,45832,1108,0,72000,6290,3318,0.000000000,6.916052998,7.962981999,1.945586999,0.000722001,1.946308999,11.101261001,0,11
1658137082.724761963,1785498692.725461960,442,45832,46422,992,0,72000,5535,2894,0.000000000,6.439392000,7.341062999,1.711064000,0.000503002,1.711567002,10.077658000,0,11
1658137082.824846506,1785498692.828310013,443,46422,47197,1162,0,72000,7027,4032,0.000000000,8.207629000,9.541339999,2.084673000,0.000583001,2.085256001,12.915928000,0,11
1658137082.924818993,1785498692.925773382,444,47197,47623,951,0,72000,5297,2866,0.000000000,6.146468000,7.085630001,2.277783999,0.000418999,2.278202997,10.330564000,0,22
1658137083.024910450,1785498693.029144049,445,47623,48296,1197,0,72000,7057,4105,0.000000000,8.733382998,10.191800000,2.095635000,0.000611999,2.096246999,13.685165000,0,10
1658137083.124746561,1785498693.151576042,446,48296,48806,1106,0,72000,6111,3244,0.000000000,6.922945999,7.949929999,2.114596999,0.000660999,2.115257998,11.152226001,0,17
1658137083.224844456,1785498693.249448776,447,48806,49248,1005,0,72000,5569,2901,0.000000000,6.398733998,7.284107000,1.856831001,0.000663998,1.857494999,10.199750999,0,14
1658137083.324917793,1785498693.350261688,448,49248,49883,1193,0,72000,6107,3196,0.000000000,6.837699000,7.739008999,2.200893001,0.000642001,2.201535002,11.093391999,0,13
1658137083.424769878,1785498693.425732136,449,49883,50440,1182,0,72000,5675,2965,0.000000000,6.722018999,7.823896000,2.619790999,0.000473001,2.620264000,11.453814001,0,13
1658137083.524865866,1785498693.526160479,450,50144,50501,1064,0,72000,6197,3423,0.000000000,7.347687002,8.446644000,2.407738999,0.000501999,2.408240998,11.967699000,0,17
1658137083.624713421,1785498693.649097681,451,50501,51360,1092,0,72000,5552,2681,0.000000000,6.251377001,7.100121000,1.667175000,0.000634000,1.667809000,9.870380001,0,17
1658137083.724925041,1785498693.726286173,452,51360,51804,1221,0,72000,5822,2924,0.000000000,7.059774998,8.153336999,2.814809000,0.000587999,2.815397000,11.995233999,0,15
1658137083.824763536,1785498693.825999022,453,51804,52176,988,0,72000,5907,3108,0.000000000,6.905862001,8.007541999,2.660872000,0.000461001,2.661333001,11.825385000,0,18
1658137083.924876213,1785498693.925684929,454,52176,52885,1102,0,72000,5911,3043,0.000000000,7.219543000,8.306153000,1.960073001,0.000810000,1.960883001,11.342975000,0,11
1658137084.024830818,1785498694.028502464,455,52885,53719,1416,0,72000,7394,4250,0.000000000,9.079478999,10.413701000,2.525885000,0.000616999,2.526501999,14.297041000,0,17
1658137084.124914169,1785498694.125785351,456,53432,54308,1230,0,72000,6089,3260,0.000000000,6.979491000,8.135966002,2.199499999,0.000491000,2.199990999,11.485044000,0,16
1658137084.224746943,1785498694.226030588,457,54124,54907,1072,0,72000,5972,3063,0.000000000,7.731565000,8.765580000,1.995000001,0.000697999,1.995698000,11.822904000,0,12
1658137084.324932098,1785498694.326502800,458,54691,55188,1205,0,72000,6411,3535,0.000000000,7.799110999,8.896142999,2.198201000,0.000509999,2.198710999,12.302814001,0,10
1658137084.424779177,1785498694.426538706,459,55188,55788,1278,0,72000,5734,2923,0.000000000,7.050939003,8.092876000,3.037584000,0.000469001,3.038053001,12.159763000,0,11
1658137084.524882078,1785498694.527839661,460,54848,55295,1246,0,72000,7085,3912,0.000000000,8.414181004,9.681607000,2.682270000,0.000743999,2.683014000,13.614342000,0,11
1658137084.624730587,1785498694.635461330,461,54638,55508,1334,0,72000,7274,3995,0.000000000,12.321890998,14.305766001,5.032176001,0.000513999,5.032690000,21.220475999,0,13
1658137084.724822760,1785498694.750753641,462,55038,55964,1254,0,72000,5401,2491,0.000000000,6.502193999,7.430726000,2.785421000,0.000485001,2.785906001,11.387184999,0,11
1658137084.824913263,1785498694.825670958,463,55964,56966,1308,0,72000,6458,3394,0.000000000,7.300447001,8.330146000,1.960885000,0.000513999,1.961398999,11.431624001,0,17
1658137084.924752951,1785498694.926322699,464,56966,57940,1216,0,72000,6796,3645,0.000000000,7.824843002,8.983226999,1.890138001,0.000606000,1.890744001,12.088565001,0,6
1658137085.024825335,1785498695.024952888,465,57940,58769,1127,0,72000,6080,3003,0.000000000,6.792601998,7.740725001,1.891593000,0.000476999,1.892069999,10.732467999,0,18
1658137085.124908209,1785498695.125863791,466,58769,59248,1079,0,72000,5540,2705,0.000000000,7.029632001,8.013903000,2.511441999,0.000803000,2.512244999,11.508669000,0,10
1658137085.224742174,1785498695.226524830,467,59248,60120,1263,0,72000,6446,3374,0.000000000,7.933305998,8.980098000,2.147780000,0.000538001,2.148318001,12.231258999,0,12
1658137085.324807405,1785498695.325371027,468,60120,60869,1160,0,72000,5945,2915,0.000000000,6.849079000,7.917045999,2.047127000,0.000545999,2.047672999,11.012254001,0,10
1658137085.424886465,1785498695.450816870,469,60869,61608,1291,0,72000,5740,2859,0.000000000,6.867490998,8.007446000,2.519664000,0.000499000,2.520163000,11.542062000,0,18
1658137085.524713993,1785498695.525924683,470,61608,62465,1245,0,72000,6227,3188,0.000000000,7.182113000,8.156152000,2.413512000,0.000549000,2.414061000,11.671842001,0,18
1658137085.624926567,1785498695.628842354,471,61958,62816,1311,0,72000,6822,3659,0.000000000,7.852744000,9.232048000,4.122065000,0.000661001,4.122726001,14.580561001,0,17
1658137085.724763632,1785498695.751180649,472,62162,62777,1228,0,72000,5576,2772,0.000000000,6.888329002,8.209886000,2.559183000,0.000639000,2.559822000,11.795713001,0,16
1658137085.824854374,1785498695.826558113,473,62777,63615,1166,0,72000,6196,3162,0.000000000,7.330989001,8.461363001,2.723285001,0.000567001,2.723852002,12.287017000,0,21
1658137085.924812794,1785498695.926182032,474,62857,63590,1218,0,72000,6178,3171,0.000000000,7.654993000,8.640571999,2.168773999,0.000411001,2.169185000,11.929048000,0,17
1658137086.024916172,1785498696.051129818,475,63590,64470,1290,0,72000,6510,3385,0.000000000,7.291869000,8.355316000,2.293758000,0.000560000,2.294317999,11.840167001,0,19
1658137086.124765635,1785498696.127613783,476,64470,65321,1333,0,72000,6867,3589,0.000000000,7.833381998,8.956914000,3.202193000,0.000509999,3.202702999,13.336795999,0,17
1658137086.224844217,1785498696.224286318,477,64623,65413,1001,0,72000,5282,2555,0.000000000,6.280449001,7.187215000,1.710869999,0.000693999,1.711563998,9.869432999,0,16
1658137086.324811935,1785498696.327272415,478,65413,66378,1264,0,72000,6706,3530,0.000000000,8.358514000,9.535149999,2.260728999,0.000511000,2.261239999,12.994705001,0,13
1658137086.424897432,1785498696.427007914,479,66378,67351,1305,0,72000,6346,3178,0.000000000,7.906449000,9.068838999,2.386567001,0.000463000,2.387030001,12.615325000,0,13
1658137086.524740458,1785498696.528246880,480,67351,68269,1382,0,72000,7238,3860,0.000000000,8.768268000,9.987756001,2.761881000,0.000693000,2.762574000,13.965173999,0,17
1658137086.624839067,1785498696.626230240,481,68269,69024,1271,0,72000,5798,2797,0.000000000,7.153400002,8.171996000,2.566845000,0.000528000,2.567373000,11.803838999,0,11
1658137086.724817038,1785498696.753613710,482,69024,69892,1402,0,72000,7037,3760,0.000000000,8.657880997,9.826212001,3.325483000,0.000471000,3.325954000,14.306346000,0,11
1658137086.824910402,1785498696.828281879,483,69892,70621,1492,0,72000,7102,3741,0.000000000,8.129377000,9.320948000,3.471099000,0.000661001,3.471760001,13.989433999,0,14
1658137086.924762011,1785498696.927330732,484,70442,71186,1266,0,72000,6254,3245,0.000000000,7.845394999,8.896113999,2.961782000,0.000610000,2.962392000,13.030434000,0,17
1658137087.024851799,1785498697.026504278,485,70962,71730,1238,0,72000,6051,2886,0.000000000,7.867426002,8.821329000,2.202964000,0.000565000,2.203529000,12.171655999,0,16
1658137087.124824524,1785498697.127966881,486,71555,72528,1300,0,72000,7232,4074,0.000000000,8.564259000,9.899932002,2.519567000,0.000481001,2.520048001,13.689461000,0,18
1658137087.224905491,1785498697.253290892,487,72399,73357,1364,0,72000,7318,3939,0.000000000,9.197678000,10.414994000,2.301240000,0.000477999,2.301717999,13.925904999,0,15
1658137087.324883938,1785498697.328218699,488,73357,73986,1253,0,72000,7221,3929,0.000000000,8.880058000,10.099375999,2.645618000,0.000505999,2.646124000,13.909219999,0,16
1658137087.424716949,1785498697.427358627,489,73986,74570,1390,0,72000,6559,3369,0.000000000,7.832943002,8.890429001,2.986394000,0.000493001,2.986887001,13.030221000,0,15
1658137087.524923086,1785498697.551505566,490,74570,75227,1356,0,72000,6451,3190,0.000000000,7.555888000,8.553785001,2.413483999,0.000491000,2.413974998,12.154777001,0,17
1658137087.624775410,1785498697.626874685,491,75227,75800,1317,0,72000,6387,3334,0.000000000,7.795554000,8.837029000,2.569227001,0.000449001,2.569676002,12.564339000,0,2
1658137087.724866390,1785498697.731472969,492,75228,76223,1546,0,72000,8334,4605,0.000000000,10.917553000,12.394630001,3.243564001,0.000509001,3.244073001,17.111132000,0,19
1658137087.824826956,1785498697.826768637,493,75591,76526,1295,0,72000,5830,2817,0.000000000,6.958963000,8.058623000,3.139983000,0.000467000,3.140450001,12.282296000,0,13
1658137087.924928665,1785498697.954091549,494,76129,76949,1294,0,72000,6363,3155,0.000000000,8.369303001,9.375077001,3.377604999,0.000442000,3.378046998,14.616948001,0,14
1658137088.024751425,1785498698.051650524,495,76507,77458,1156,0,72000,6384,3374,0.000000000,7.800132000,9.106230000,1.966547999,0.000434000,1.966981999,12.166139999,0,10
1658137088.124830246,1785498698.126666069,496,77458,77938,1127,0,72000,6674,3490,0.000000000,7.872014998,8.969020000,2.273889999,0.000597000,2.274486998,12.314497999,0,10
1658137088.224810600,1785498698.228880405,497,77938,78805,1408,0,72000,6506,3162,0.000000000,8.148234998,9.486154000,3.564654000,0.000487000,3.565141000,14.351132999,0,17
1658137088.324824095,1785498698.328474998,498,78805,79229,1180,0,72000,6210,3162,0.000000000,7.887280999,9.028126000,3.846116999,0.000863000,3.846979998,14.025339000,0,10
1658137088.424913168,1785498698.427059889,499,79229,79782,947,0,72000,6795,3597,0.000000000,8.045811999,9.404140001,1.986874000,0.000481001,1.987355001,12.548920000,0,16
1658137088.524745703,1785498698.527909279,500,79782,80591,1202,0,72000,6146,3196,0.000000000,7.592434000,8.740695001,2.514581000,0.000586000,2.515167000,12.328416000,0,18
1658137088.624839306,1785498698.628326654,501,80591,81135,1259,0,72000,6232,3246,0.000000000,8.550152002,9.970304000,2.768170001,0.000753998,2.768924000,13.837253000,0,20
1658137088.724819899,1785498698.752557039,502,81135,81496,1190,0,72000,5594,2716,0.000000000,6.969228998,7.975299000,3.971030999,0.000630000,3.971660999,13.119440000,0,20
1658137088.824911833,1785498698.828912497,503,81496,82546,1422,0,72000,6807,3462,0.000000000,9.206113999,10.497216001,2.751781001,0.000626000,2.752407001,14.475356000,0,15
1658137088.924744129,1785498698.959419250,504,82546,83227,1315,0,72000,7305,4013,0.000000000,13.116112001,14.851276001,3.686123000,0.000550001,3.686673001,19.794546999,0,15
1658137089.024832249,1785498699.027729750,505,83227,84251,1430,0,72000,6982,3488,0.000000000,8.451493997,9.576953998,2.552041000,0.000589000,2.552630000,13.332831000,0,17
1658137089.124917984,1785498699.153615952,506,84251,84973,1174,0,72000,6850,3437,0.000000000,8.868942999,9.954517001,3.101033999,0.000557000,3.101590999,14.206462001,0,12
1658137089.224752426,1785498699.228654861,507,84369,85154,1240,0,72000,6967,3827,0.000000000,8.272312998,9.748660999,3.241275001,0.000498001,3.241773002,14.135940000,0,12
1658137089.324856520,1785498699.328609467,508,84411,85240,1183,0,72000,6222,3137,0.000000000,8.755886000,9.829620001,3.330328002,0.000517999,3.330846001,14.221576001,0,11
1658137089.424708366,1785498699.454358101,509,84318,84657,1399,0,72000,6658,3437,0.000000000,8.314320001,9.622116999,4.034097999,0.000488000,4.034586000,14.828739999,0,13
1658137089.524801970,1785498699.530450583,510,83971,84810,1465,0,72000,8036,4298,0.000000000,9.912690000,11.351884999,3.369923999,0.000492000,3.370416000,16.062511000,0,15
1658137089.624886036,1785498699.651155472,511,84618,85298,898,0,72000,5614,2754,0.000000000,7.541031002,8.766776000,1.813052000,0.000481999,1.813534000,11.582609000,0,17
1658137089.724714279,1785498699.751805544,512,85298,86290,1203,0,72000,6312,3214,0.000000000,7.987339000,9.033409999,2.172511999,0.000812001,2.173323999,12.349065000,0,17
1658137089.824929953,1785498699.827435493,513,86290,87148,1185,0,72000,6580,3349,0.000000000,7.984720003,9.351849001,2.284269001,0.000377999,2.284647000,12.881917000,0,17
1658137089.924778938,1785498699.958024740,514,87148,87286,1380,0,72000,6899,3295,0.000000000,10.958577999,12.485842000,4.486487000,0.000610000,4.487097000,18.464895000,0,18
1658137090.024863958,1785498700.050806999,515,86521,87260,1006,0,72000,5092,2347,0.000000000,6.772423001,7.679230001,2.598323999,0.000512000,2.598835999,11.231140001,0,14
1658137090.124706030,1785498700.153589725,516,86664,87670,1356,0,72000,7174,3523,0.000000000,9.217872999,10.329407000,2.564304999,0.000681001,2.564986000,14.120293001,0,17
1658137090.224924564,1785498700.229096889,517,87670,88651,1494,0,72000,7078,3430,0.000000000,8.520928999,9.861724000,3.503669999,0.000491000,3.504160999,14.545996999,0,14
1658137090.324844360,1785498700.353644609,518,88270,89588,1675,0,72000,7008,3344,0.000000000,8.496640003,9.583942001,3.460111000,0.000421001,3.460532002,14.188589999,0,19
1658137090.424924612,1785498700.430860043,519,89588,90625,1280,0,72000,6829,3120,0.000000000,8.640042999,9.840319999,5.065019001,0.000480000,5.065499001,16.249617000,0,12
1658137090.524747849,1785498700.530259371,520,88018,89427,1683,0,72000,7939,3835,0.000000000,10.077632998,11.327585000,3.165766000,0.000554999,3.166320999,15.797199001,0,18
1658137090.624826670,1785498700.628576040,521,89427,90602,1460,0,72000,6623,2947,0.000000000,8.495005000,9.605641000,3.256438000,0.000609001,3.257047001,14.000821000,0,23
1658137090.724904537,1785498700.729781866,522,90602,91707,1439,0,72000,6870,3077,0.000000000,8.973181999,9.940149999,4.196532000,0.000458002,4.196990001,15.337989000,0,18
1658137090.824755907,1785498700.854014874,523,90906,92080,1434,0,72000,6446,2864,0.000000000,8.455505002,9.527860000,3.719126000,0.000706001,3.719832001,14.494649000,0,17
1658137090.924858570,1785498700.954719543,524,92080,93264,1599,0,72000,7686,3580,0.000000000,9.328872000,10.474747000,3.401483000,0.000528998,3.402011998,15.217845001,0,16
1658137091.024707079,1785498701.030306816,525,93264,94419,1422,0,72000,7354,3270,0.000000000,9.396500998,10.534568000,2.906864000,0.000496999,2.907360999,14.619023999,0,18
1658137091.124913931,1785498701.128218651,526,94419,95447,1382,0,72000,6762,2956,0.000000000,8.397627002,9.371344000,3.240927999,0.000446002,3.241374001,13.722746000,0,10
1658137091.224760532,1785498701.228368998,527,95389,96531,1583,0,72000,6764,2973,0.000000000,8.576795006,9.531694001,3.299495000,0.000536000,3.300031000,13.903149000,0,18
1658137091.324913263,1785498701.325960636,528,96403,97131,921,0,72000,6235,2880,0.000000000,7.769090998,8.709407000,1.644387001,0.000555001,1.644942002,11.429817001,0,18
1658137091.424757242,1785498701.429549932,529,97131,98147,1257,0,72000,7211,3400,0.000000000,9.396788000,10.461942000,3.390620999,0.000569000,3.391189999,15.041588000,0,17
1658137091.524853468,1785498701.525918961,530,96584,97278,1031,0,72000,6219,2936,0.000000000,7.498233001,8.405043001,1.989523000,0.000546999,1.990069999,11.441694001,0,13
1658137091.624808073,1785498701.627901077,531,97278,98478,1464,0,72000,7297,3556,0.000000000,8.620753000,9.743371000,2.506485000,0.000489999,2.506974999,13.425109000,0,22
1658137091.724906445,1785498701.730220318,532,98478,99654,1596,0,72000,8193,4060,0.000000000,10.158012999,11.416261001,2.968686002,0.000552000,2.969238001,15.722320000,0,14
1658137091.824748039,1785498701.852446318,533,99654,100661,1270,0,72000,7145,3214,0.000000000,8.563808999,9.583271001,2.129462000,0.000622000,2.130084000,12.904178000,0,10
1658137091.924831629,1785498701.928302050,534,100661,101510,1226,0,72000,6601,2997,0.000000000,8.819909002,9.765336001,3.042382999,0.000523001,3.042906001,13.839064000,0,18
1658137092.024922848,1785498702.027661324,535,101145,101746,1140,0,72000,7018,3482,0.000000000,8.703168000,9.817472999,2.217896001,0.000532998,2.218428999,13.170176000,0,15
1658137092.124774218,1785498702.127863646,536,101746,102675,1281,0,72000,6858,3431,0.000000000,8.734733003,9.822420001,2.366999999,0.000578000,2.367577999,13.300047000,0,17
1658137092.224879026,1785498702.227945805,537,102675,103605,1292,0,72000,7183,3609,0.000000000,8.654689000,9.775359000,2.443308000,0.000419999,2.443727999,13.428201000,0,10
1658137092.324762344,1785498702.326793432,538,103605,104369,1163,0,72000,6351,3035,0.000000000,7.909865002,8.942290999,2.265893001,0.000477001,2.266370002,12.277276001,0,18
1658137092.424836397,1785498702.450559855,539,104369,105023,987,0,72000,5729,2586,0.000000000,7.048950001,7.858342000,2.139193000,0.000501001,2.139694001,11.020047999,0,18
1658137092.524913073,1785498702.529995203,540,105023,105965,1621,0,72000,6918,3308,0.000000000,8.746112000,9.863612000,4.489760000,0.000594999,4.490354999,15.442807000,0,12
1658137092.624743462,1785498702.629485607,541,105534,106725,1489,0,72000,7144,3470,0.000000000,8.802802000,9.921515000,3.857300999,0.000652000,3.857952999,14.938405000,0,10
1658137092.724826336,1785498702.752589464,542,105083,106061,1333,0,72000,6691,3263,0.000000000,8.243668000,9.269267999,2.696183001,0.000604001,2.696787002,13.042755001,0,17
1658137092.824920177,1785498702.852744102,543,106061,106809,1068,0,72000,7043,3544,0.000000000,8.376790000,9.503832001,2.548300001,0.000620999,2.548921000,13.240803000,0,19
1658137092.924759865,1785498702.926627398,544,106809,107851,1308,0,72000,5749,2760,0.000000000,7.526906002,8.388881999,2.642251000,0.000589000,2.642840000,12.084033000,0,10
1658137093.024845362,1785498703.029575586,545,107851,109329,1890,0,72000,6758,3174,0.000000000,7.810419998,8.823370001,5.132147000,0.000530999,5.132677999,15.020668001,0,10
1658137093.124808073,1785498703.128548384,546,109223,110824,2002,0,72000,6592,3145,0.000000000,7.471393998,8.524645000,4.379320000,0.000672000,4.379992000,14.021546000,0,14
1658137093.224894285,1785498703.228601456,547,110721,111993,1563,0,72000,6964,3697,0.000000000,8.570697002,9.740121999,3.131752001,0.000534001,3.132286001,13.996281999,0,15
1658137093.324839830,1785498703.354528189,548,111946,113534,1926,0,72000,6598,3683,0.000000000,8.668540999,9.874492000,3.926324000,0.000468001,3.926792000,14.958752001,0,17
1658137093.424813032,1785498703.431065321,549,113321,115879,4643,0,72000,6679,3158,0.000000000,9.078273999,10.095471000,5.213027000,0.000467000,5.213494000,16.522141999,0,18
1658137093.524898529,1785498703.530697584,550,115600,116739,2368,0,72000,7589,3096,0.000000000,9.701593000,10.785077999,4.066171001,0.000508000,4.066679001,16.164977000,0,20
1658137093.624742985,1785498703.631505013,551,116302,119134,4178,0,72000,6236,1711,0.000000000,7.935379001,8.494279999,7.324557000,0.000558999,7.325115999,16.967276000,0,17
1658137093.724836349,1785498703.733785629,552,119134,122370,4588,0,72000,6966,2078,0.000000000,8.874007999,9.533809000,7.038590998,0.000668000,7.039258999,17.717208999,0,17
1658137093.824942112,1785498703.828557014,553,122260,123971,2789,0,72000,5089,1317,0.000000000,7.097906999,7.569743000,5.480455000,0.000573000,5.481028000,13.986751001,0,12
1658137093.924788237,1785498703.928839445,554,123968,125183,1763,0,72000,6619,2149,0.000000000,8.802459002,9.526006001,3.613763000,0.000574000,3.614337000,14.264711001,0,17
1658137094.024878025,1785498704.053189993,555,125129,125961,1098,0,72000,6676,2447,0.000000000,9.303676999,10.073358999,2.346683001,0.000487998,2.347170999,13.563089000,0,15
1658137094.124725342,1785498704.125193119,556,125436,125957,831,0,72000,5585,1988,0.000000000,7.296443000,7.940446001,1.681039001,0.000565000,1.681604001,10.624803001,0,16
1658137094.224812031,1785498704.224017859,557,125957,126502,775,0,72000,4760,1615,0.000000000,6.266619001,6.798897000,1.660013000,0.000499000,1.660512000,9.451981001,0,17
1658137094.324873209,1785498704.330125332,558,126502,127264,1003,0,72000,6737,2529,0.000000000,9.863318000,10.959327001,3.143611999,0.000837999,3.144449998,15.452025000,0,17
1658137094.424714327,1785498704.427187204,559,127264,128040,1064,0,72000,6672,2480,0.000000000,8.551769002,9.374912001,1.983045000,0.000521000,1.983566000,12.462805000,0,22
1658137094.524916649,1785498704.526694059,560,128040,128726,928,0,72000,5854,2157,0.000000000,7.854969999,8.549726999,2.474932999,0.000526001,2.475458999,12.091008999,0,20
1658137094.624755144,1785498704.631481886,561,127292,128218,1454,0,72000,8232,3105,0.000000000,10.620825999,11.755138001,3.499093000,0.000523001,3.499616001,16.861998000,0,15
1658137094.724845886,1785498704.752429724,562,128218,128983,1113,0,72000,6943,2440,0.000000000,8.821830001,9.603066001,2.072468000,0.000447999,2.072915999,12.800502001,0,11
1658137094.824810743,1785498704.852678299,563,128983,129737,1047,0,72000,7060,2579,0.000000000,8.930243997,9.759492999,2.145209000,0.000596001,2.145805001,13.031059001,0,17
1658137094.924896240,1785498704.928638697,564,129737,130522,1139,0,72000,7337,2611,0.000000000,9.554090997,10.407321000,2.418059999,0.000495000,2.418554999,14.005988000,0,14
1658137095.024729252,1785498705.029156923,565,130522,131331,1240,0,72000,7326,2697,0.000000000,9.532026002,10.402995000,2.956623999,0.000681999,2.957305998,14.545177999,0,9
1658137095.124821663,1785498705.129995346,566,130992,131544,778,0,72000,6242,2253,0.000000000,11.367218000,12.221142000,1.776727000,0.000426999,1.777153999,15.310729999,0,10
1658137095.224918365,1785498705.229276896,567,131544,132220,956,0,72000,7432,2936,0.000000000,10.034255001,10.977816000,2.391603000,0.000537000,2.392140001,14.593252001,0,15
1658137095.324758053,1785498705.328580379,568,132220,132862,899,0,72000,7064,2861,0.000000000,9.726692000,10.715644999,2.049036000,0.000492000,2.049528000,13.990807000,0,17
1658137095.424846411,1785498705.425874949,569,132862,132979,706,0,72000,5910,2065,0.000000000,7.889697999,8.637876999,1.527501001,0.000459000,1.527960001,11.250337000,0,12
1658137095.524821281,1785498705.554718018,570,132979,133635,1024,0,72000,8176,3199,0.000000000,10.560459001,11.567914999,2.128204000,0.000725000,2.128929000,15.076733000,0,15
1658137095.624913931,1785498705.626297951,571,133635,134069,734,0,72000,5636,1811,0.000000000,8.455421999,9.060777000,1.549406999,0.000639000,1.550045999,11.625101999,0,16
1658137095.724748135,1785498705.727321625,572,134069,134558,718,0,72000,6388,2346,0.000000000,9.343028998,10.100362000,1.550321000,0.000512000,1.550833000,12.737435000,0,18
1658137095.824834347,1785498705.827144861,573,134558,134915,733,0,72000,6686,2487,0.000000000,8.957560001,9.786722001,1.610505000,0.000567001,1.611072001,12.527774999,0,18
1658137095.924929142,1785498705.928540707,574,134915,135544,880,0,72000,6801,2667,0.000000000,8.862471002,9.726004999,2.983846000,0.000530999,2.984376999,13.860932000,0,10
1658137096.024767160,1785498706.028416395,575,133416,133268,785,0,72000,7010,2855,0.000000000,9.428473999,10.356737001,2.333154001,0.000512999,2.333667000,13.780003999,0,17
1658137096.124859095,1785498706.126973391,576,133268,133873,821,0,72000,6567,2543,0.000000000,8.685883000,9.506308999,1.675363999,0.000803000,1.676166999,12.306061000,0,6
1658137096.224810600,1785498706.227068663,577,133873,134256,799,0,72000,6480,2494,0.000000000,8.691353998,9.485377999,1.887351000,0.000488999,1.887839999,12.435869001,0,14
1658137096.324923754,1785498706.328150511,578,134256,134563,898,0,72000,6740,2562,0.000000000,9.331999001,10.193889000,2.192595000,0.000467999,2.193062999,13.471120999,0,11
1658137096.424771070,1785498706.453963518,579,134563,135106,808,0,72000,7638,3045,0.000000000,10.297774999,11.300912000,1.691990001,0.000698999,1.692689000,14.278503999,0,10
1658137096.524874926,1785498706.526705265,580,135106,135632,825,0,72000,6278,2347,0.000000000,8.377791000,9.219075000,1.703428999,0.000712000,1.704140999,12.033698000,0,17
1658137096.624707699,1785498706.627548933,581,135632,136109,663,0,72000,6587,2446,0.000000000,9.269931999,10.081677001,1.665613001,0.000582000,1.666195001,12.869474998,0,18
1658137096.724938393,1785498706.728703022,582,136109,136626,794,0,72000,7213,2848,0.000000000,9.936677001,10.879066000,1.767148000,0.000642000,1.767790000,14.025654000,0,15
1658137096.824778557,1785498706.827143431,583,136626,137036,690,0,72000,6459,2317,0.000000000,9.152363002,9.904260000,1.415775001,0.000581000,1.416356001,12.438657999,0,12
1658137096.924873590,1785498706.928467512,584,137036,137550,826,0,72000,7312,2936,0.000000000,9.943749999,10.874681000,1.768984001,0.000555001,1.769539002,13.780379000,0,12
1658137097.024720430,1785498707.026683807,585,137550,137931,608,0,72000,5604,2109,0.000000000,8.232135002,9.095914000,1.873371999,0.000496999,1.873868998,11.983573000,0,14
1658137097.124918461,1785498707.128345013,586,137931,138392,726,0,72000,7109,2806,0.000000000,9.803746003,10.739259000,1.756582000,0.000621001,1.757203001,13.647558000,0,16
1658137097.224770546,1785498707.226960421,587,138392,138729,617,0,72000,6050,2222,0.000000000,8.951910999,9.758317001,1.457033000,0.000552000,1.457585000,12.274855000,0,18
1658137097.324896097,1785498707.329805851,588,138729,139132,671,0,72000,7215,2931,0.000000000,11.027999999,12.121511001,1.604785999,0.000774000,1.605559999,15.088486001,0,21
1658137097.424734116,1785498707.426580906,589,139132,139462,646,0,72000,5974,2200,0.000000000,8.583863000,9.319365001,1.456540002,0.000475000,1.457015002,11.856828001,0,20
1658137097.524811745,1785498707.559816599,590,139462,139824,647,0,72000,6490,2528,0.000000000,15.052830999,16.324859000,1.569340000,0.000893999,1.570233999,19.807891000,0,17
1658137097.624899387,1785498707.628079891,591,139824,139934,722,0,72000,6817,2534,0.000000000,9.513141997,10.350651999,1.918331000,0.000629001,1.918960001,13.336726999,0,19
1658137097.724745989,1785498707.726186991,592,139934,140292,603,0,72000,6050,2218,0.000000000,8.408329000,9.129339000,1.322776001,0.000792001,1.323568002,11.464614001,0,11
1658137097.824845791,1785498707.826135397,593,140292,140607,552,0,72000,6008,2413,0.000000000,8.493273999,9.276897999,1.178025001,0.000535001,1.178560002,11.439864000,0,18
1658137097.924801826,1785498707.928871393,594,140607,140913,657,0,72000,7338,3051,0.000000000,9.565823000,10.541939999,2.091027000,0.000658001,2.091685001,14.159781000,0,17
1658137098.024879217,1785498708.028658628,595,140913,141349,739,0,72000,6781,2588,0.000000000,10.279729002,11.140199000,1.610309999,0.000604001,1.610914000,13.945434001,0,14
1658137098.124703884,1785498708.153331995,596,141349,141695,709,0,72000,6958,2671,0.000000000,10.053414000,10.917439999,1.572431001,0.000620999,1.573052001,13.594352000,0,17
1658137098.224916935,1785498708.226294994,597,141695,142022,606,0,72000,6198,2317,0.000000000,8.472286998,9.209469001,1.275843000,0.000485999,1.276329000,11.540934000,0,10
1658137098.324763536,1785498708.325998783,598,142022,142279,539,0,72000,5977,2060,0.000000000,8.327983000,9.030417001,1.188086000,0.000519001,1.188605002,11.250621999,0,23
1658137098.424864292,1785498708.427158594,599,142279,142644,647,0,72000,6363,2473,0.000000000,9.036856998,9.853396999,1.396653999,0.000487000,1.397140999,12.372334000,0,11
1658137098.524833441,1785498708.527676821,600,142644,143009,607,0,72000,6380,2384,0.000000000,9.394267001,10.221328001,1.480129999,0.000599999,1.480729998,12.870932000,0,19
1658137098.624920130,1785498708.626449347,601,143009,143289,548,0,72000,6201,2355,0.000000000,8.629522001,9.442893999,1.207182000,0.000500999,1.207682999,11.664049000,0,18
1658137098.724755526,1785498708.729688883,602,143289,143588,611,0,72000,6754,2641,0.000000000,9.942462000,10.859130000,1.425707998,0.000604001,1.426311999,13.411210000,0,18
1658137098.824843168,1785498708.825533867,603,143588,143868,560,0,72000,5669,2029,0.000000000,7.839702001,8.523066999,1.259625000,0.000491000,1.260116000,10.772897000,0,12
1658137098.924813747,1785498708.926485538,604,143868,144100,584,0,72000,6309,2361,0.000000000,8.537525999,9.283146999,1.423124000,0.000497001,1.423621001,11.725777000,0,17
1658137099.024913073,1785498709.054286957,605,144100,144381,651,0,72000,7423,2853,0.000000000,10.087768998,11.002104000,2.242447999,0.000672999,2.243120998,14.485899999,0,17
1658137099.124756813,1785498709.127489328,606,144381,144652,619,0,72000,6679,2685,0.000000000,9.361925999,10.210106000,1.312601000,0.000506001,1.313107001,12.693261000,0,17
1658137099.224839926,1785498709.229145050,607,144652,144962,604,0,72000,6895,2783,0.000000000,10.032884000,10.997853000,2.263411001,0.000521999,2.263933000,14.403579999,0,18
1658137099.324838161,1785498709.325232744,608,144962,144804,564,0,72000,5261,1892,0.000000000,7.490438000,8.173247999,1.327978000,0.000621001,1.328599001,10.470266001,0,10
1658137099.424929619,1785498709.427322388,609,144804,145180,661,0,72000,6529,2528,0.000000000,9.224140998,10.032759999,1.398477001,0.000546999,1.399024000,12.481411000,0,15
1658137099.524773359,1785498709.550704956,610,145180,145412,497,0,72000,5729,2086,0.000000000,8.131987999,8.806227001,1.100947000,0.000553999,1.101500999,10.919830002,0,17
1658137099.624851465,1785498709.628424168,611,145412,144733,544,0,72000,6252,2601,0.000000000,8.920045000,9.835545001,1.502686000,0.000484999,1.503170999,12.421650001,0,15
1658137099.724806547,1785498709.729785442,612,144733,145092,679,0,72000,7265,2840,0.000000000,10.340224002,11.235256999,1.753327000,0.000580001,1.753907001,14.483088000,0,14
1658137099.824889183,1785498709.827757120,613,145092,145436,632,0,72000,6881,2596,0.000000000,9.535450999,10.395719000,1.478840000,0.000485999,1.479326000,12.954476000,0,13
1658137099.924718618,1785498709.954400778,614,145436,145656,489,0,72000,6475,2571,0.000000000,10.949330002,11.814918000,1.327161001,0.000816000,1.327977001,14.431096000,0,15
1658137100.024801970,1785498710.026712656,615,145656,145969,607,0,72000,6233,2204,0.000000000,8.795065998,9.535166999,1.346319999,0.000664999,1.346984998,11.869331001,0,13
1658137100.124898911,1785498710.129931688,616,145969,146357,688,0,72000,7678,2963,0.000000000,11.183320999,12.153505000,1.719376000,0.000561002,1.719937001,15.108520000,0,10
1658137100.224740028,1785498710.225880384,617,146357,146593,466,0,72000,6004,2277,0.000000000,8.272319003,9.008008999,1.042784999,0.000501999,1.043286999,11.058959000,0,22
1658137100.324908257,1785498710.330051899,618,146593,146902,595,0,72000,6753,2664,0.000000000,11.133863001,12.266456000,1.518108000,0.000501999,1.518609999,15.193853000,0,14
1658137100.424737930,1785498710.429186344,619,146902,147103,624,0,72000,7512,3117,0.000000000,10.497582000,11.480833000,1.545626999,0.000639000,1.546265999,14.327277000,0,17
1658137100.524813652,1785498710.554142475,620,147103,147428,699,0,72000,7232,2722,0.000000000,10.320350000,11.208533000,1.933401001,0.000705000,1.934106001,14.279585001,0,13
1658137100.624907970,1785498710.627367258,621,147428,147691,538,0,72000,6914,2858,0.000000000,9.392964001,10.109303001,1.238454999,0.000508000,1.238962999,12.523678000,0,14
1658137100.724737167,1785498710.728241920,622,147691,147954,513,0,72000,6750,2849,0.000000000,10.059471002,10.984705999,1.277705000,0.000558999,1.278263999,13.378915999,0,17
1658137100.824820280,1785498710.828488111,623,147954,148111,571,0,72000,6673,2728,0.000000000,9.922429997,10.855174000,1.634791000,0.000652000,1.635443001,13.663546999,0,18
1658137100.924904108,1785498710.931990623,624,148111,148324,580,0,72000,7660,3057,0.000000000,11.990570001,13.030849001,1.488643000,0.000677999,1.489320999,15.789024999,0,19
1658137101.024742842,1785498711.054958105,625,148324,148603,663,0,72000,6981,2740,0.000000000,11.111700998,12.206960999,1.664652000,0.000541000,1.665193000,15.062065000,0,18
1658137101.124830008,1785498711.126814127,626,148603,148873,554,0,72000,6269,2295,0.000000000,8.833293999,9.615646000,1.283004001,0.000485999,1.283490001,11.948812000,0,17
1658137101.224916697,1785498711.254974127,627,148873,149082,633,0,72000,7575,2913,0.000000000,11.167477000,12.135950001,1.564080001,0.000615000,1.564695001,15.120522999,0,24
1658137101.324810505,1785498711.353683472,628,149082,149249,614,0,72000,7071,2692,0.000000000,10.184204995,11.042896000,1.545973000,0.000477001,1.546450001,13.786713998,0,17
1658137101.424907207,1785498711.427227497,629,149249,149468,478,0,72000,6336,2533,0.000000000,9.419940001,10.223498000,1.090588999,0.000594999,1.091183998,12.334887000,0,18
1658137101.524749756,1785498711.526109934,630,149468,149712,440,0,72000,5423,1860,0.000000000,8.462661999,9.111244000,1.008180001,0.000581000,1.008761001,11.216708999,0,12
1658137101.624838114,1785498711.629024267,631,149712,149926,546,0,72000,7379,3016,0.000000000,10.585112002,11.561574000,1.414102000,0.000562000,1.414664001,14.184201000,0,15
1658137101.724922419,1785498711.728104591,632,149926,150184,540,0,72000,6845,2676,0.000000000,9.883324001,10.741921000,1.351325000,0.000558000,1.351883000,13.189821999,0,18
1658137101.824765444,1785498711.828469992,633,150184,150343,518,0,72000,6595,2724,0.000000000,10.028165998,10.912246002,1.574642001,0.000517000,1.575159002,13.559315999,0,10
1658137101.924869537,1785498711.929572105,634,150343,150513,467,0,72000,6183,2331,0.000000000,10.672478998,11.771457999,1.273758000,0.000525000,1.274283000,14.658108001,0,18
1658137102.024815798,1785498712.028507233,635,150513,150729,465,0,72000,6779,2389,0.000000000,10.347653002,11.206372999,1.264111001,0.000545999,1.264656999,13.609686001,0,12
1658137102.124899864,1785498712.128340244,636,150729,150991,598,0,72000,7086,2800,0.000000000,9.756721996,10.670305999,1.679710002,0.000538999,1.680249001,13.414059000,0,10
1658137102.224739790,1785498712.226158142,637,150991,151136,508,0,72000,5791,1975,0.000000000,8.279683003,8.957389000,1.265207000,0.000705999,1.265912999,11.238727000,0,17
1658137102.324826002,1785498712.326748848,638,151136,151323,536,0,72000,5952,2130,0.000000000,8.754901002,9.476881000,1.330792000,0.000557999,1.331349999,11.853299000,0,17
1658137102.424918413,1785498712.454425573,639,151323,151446,555,0,72000,7326,2772,0.000000000,10.351421999,11.335040001,1.927808000,0.000606000,1.928414000,14.492662000,0,10
1658137102.524758577,1785498712.552683592,640,151446,151692,540,0,72000,6570,2515,0.000000000,9.527548998,10.320187001,1.384083000,0.000476999,1.384559999,12.747919000,0,14
1658137102.624846935,1785498712.626633167,641,151692,152004,474,0,72000,6051,2109,0.000000000,8.793805999,9.543709000,1.115431000,0.000570000,1.116001000,11.700858000,0,10
1658137102.724813223,1785498712.727705002,642,152004,152155,435,0,72000,6504,2494,0.000000000,9.697393001,10.517970000,1.138479000,0.000546001,1.139025000,12.752405000,0,17
1658137102.824891090,1785498712.853954792,643,152155,152326,556,0,72000,7164,2775,0.000000000,10.548309001,11.428382000,1.405235998,0.000601000,1.405836998,14.020148001,0,12
1658137102.924718380,1785498712.954366446,644,152326,152548,500,0,72000,7245,2705,0.000000000,10.597136001,11.499151000,1.650075001,0.000534999,1.650610000,14.345568999,0,17
1658137103.024931908,1785498713.029206991,645,152548,152684,532,0,72000,7038,2786,0.000000000,10.484446000,11.444336000,1.513813000,0.000549000,1.514362000,14.139143001,0,16
1658137103.124770164,1785498713.128177166,646,152684,152821,515,0,72000,7055,2814,0.000000000,9.904959999,10.816526999,1.272427000,0.000607999,1.273034999,13.225116001,0,13
1658137103.224866390,1785498713.228765011,647,152821,152984,492,0,72000,7150,2787,0.000000000,10.169057003,11.125133000,1.389979001,0.000611999,1.390591000,13.759399999,0,15
1658137103.324712276,1785498713.328959942,648,152984,153151,488,0,72000,6471,2370,0.000000000,10.018797999,11.068347001,1.826117001,0.000876000,1.826993001,14.051041000,0,14
1658137103.424909353,1785498713.429545641,649,153151,153284,492,0,72000,7226,2847,0.000000000,10.925847000,11.830108000,1.251977999,0.000545000,1.252522999,14.558249000,0,10
1658137103.524746418,1785498713.529835701,650,153284,153410,494,0,72000,5983,2118,0.000000000,10.669392999,11.253040999,1.952992001,0.000616999,1.953609000,14.742036999,0,12
1658137103.624836683,1785498713.626593113,651,153410,153496,378,0,72000,5940,2287,0.000000000,8.797302999,9.559102000,1.034028001,0.000562999,1.034591000,11.575566001,0,11
1658137103.724813938,1785498713.727160931,652,153496,153676,519,0,72000,6452,2436,0.000000000,9.160975997,9.930723001,1.237953000,0.000501001,1.238454000,12.199863999,0,11
1658137103.824905157,1785498713.827924013,653,153676,153852,499,0,72000,6451,2315,0.000000000,9.739075998,10.536827001,1.331943000,0.000493001,1.332436001,12.886217000,0,17
1658137103.924734831,1785498713.927161932,654,153852,153951,457,0,72000,6431,2424,0.000000000,9.056798997,9.856504999,1.162356999,0.000504000,1.162860999,12.173240999,0,17
1658137104.024835587,1785498714.028024435,655,153951,154118,457,0,72000,6472,2466,0.000000000,9.745716001,10.670424001,1.240890999,0.000493999,1.241384998,12.980427000,0,17
1658137104.124917269,1785498714.153885841,656,154118,154276,540,0,72000,7198,2679,0.000000000,10.183077002,11.067650999,1.648479001,0.000479000,1.648958001,13.864807999,0,23
1658137104.224755526,1785498714.254509449,657,154276,154382,486,0,72000,6877,2640,0.000000000,10.592086999,11.650513999,1.407439999,0.000472999,1.407912998,14.464445001,0,17
1658137104.324854374,1785498714.329605103,658,154382,154549,615,0,72000,7421,2847,0.000000000,10.705618000,11.651868999,1.638745000,0.000517999,1.639262999,14.590757000,0,13
1658137104.424806356,1785498714.429668665,659,154549,154706,500,0,72000,6753,2631,0.000000000,10.837532000,11.746201000,1.358538999,0.000551001,1.359090000,14.497623999,0,10
1658137104.524892092,1785498714.551978350,660,154706,154775,406,0,72000,6092,2121,0.000000000,9.007934999,9.734530000,1.149458001,0.000627000,1.150085001,11.935781000,0,11
1658137104.624728680,1785498714.629177094,661,154775,154895,485,0,72000,7206,2745,0.000000000,10.272804999,11.134257000,1.897716000,0.000600001,1.898316001,14.168973001,0,17
1658137104.724810600,1785498714.732658863,662,154895,154665,446,0,72000,8605,3554,0.000000000,13.130491001,14.627079001,1.475606001,0.000524000,1.476130001,17.646315000,0,15
1658137104.824904919,1785498714.828348637,663,153475,153632,440,0,72000,6616,2468,0.000000000,9.832379999,10.737551000,1.347849000,0.000668000,1.348517000,13.302030000,0,14
1658137104.924740791,1785498714.949505329,664,153632,153797,375,0,72000,4799,1424,0.000000000,6.842115001,7.330388000,1.253892999,0.000422999,1.254315997,9.455446001,0,16
1658137105.024833202,1785498715.028028965,665,153797,153648,444,0,72000,6666,2496,0.000000000,9.390849998,10.211970000,1.620286001,0.000419001,1.620705001,12.990719000,0,10
1658137105.124920130,1785498715.153187513,666,152741,152911,414,0,72000,6695,2603,0.000000000,9.767262998,10.659097001,1.214595000,0.000548000,1.215143000,13.086689001,0,11
1658137105.224755526,1785498715.227321386,667,152911,153103,478,0,72000,6446,2323,0.000000000,9.101431002,9.928562000,1.240567000,0.000541000,1.241108001,12.269088000,0,16
1658137105.324852467,1785498715.352246284,668,153103,153240,372,0,72000,6063,2280,0.000000000,9.402229000,10.143459000,1.009349000,0.000557000,1.009906000,12.195081001,0,19
1658137105.424833059,1785498715.427769899,669,153240,153433,412,0,72000,6229,2343,0.000000000,9.720499000,10.496415000,1.134052001,0.000466000,1.134518001,12.701330999,0,10
1658137105.524914980,1785498715.527431965,670,153433,153586,467,0,72000,6489,2271,0.000000000,9.366211998,10.143267000,1.215724000,0.000468001,1.216192000,12.378665999,0,13
1658137105.624766350,1785498715.628398895,671,153586,153731,427,0,72000,6566,2611,0.000000000,10.122730000,10.988004000,1.261517002,0.000646001,1.262163003,13.319745000,0,15
1658137105.724849701,1785498715.730834484,672,153731,153960,516,0,72000,6977,2597,0.000000000,12.198353001,13.135100000,1.433253001,0.000553000,1.433806001,15.712578999,0,15
1658137105.824836254,1785498715.855293274,673,153960,154101,488,0,72000,7407,2984,0.000000000,11.273093000,12.308552999,1.712998001,0.000536000,1.713534000,15.203990999,0,14
1658137105.924932957,1785498715.927589178,674,154101,154240,424,0,72000,6251,2335,0.000000000,9.292462999,10.123397000,1.255610001,0.000650001,1.256260002,12.448063999,0,11
1658137106.024775743,1785498716.028347969,675,154240,154378,439,0,72000,7248,2658,0.000000000,9.929341999,10.789434000,1.231927001,0.000598000,1.232525001,13.308834001,0,24
1658137106.124875069,1785498716.129695177,676,154378,154566,443,0,72000,6645,2524,0.000000000,10.488933001,11.337229998,1.837115999,0.000863001,1.837979000,14.531953000,0,10
1658137106.224709034,1785498716.227782965,677,154566,154704,369,0,72000,6566,2640,0.000000000,9.741413000,10.650242000,0.942608000,0.000476000,0.943084000,12.710804000,0,18
1658137106.324870825,1785498716.353108406,678,154704,154785,452,0,72000,6386,2382,0.000000000,9.773753000,10.681624999,1.213981001,0.000615000,1.214596001,13.017879000,0,13
1658137106.424709320,1785498716.428272724,679,154785,154916,440,0,72000,6407,2373,0.000000000,9.608224000,10.386310001,1.753717999,0.000664000,1.754381999,13.180930000,0,18
1658137106.524914265,1785498716.527899504,680,153883,154059,445,0,72000,6925,2530,0.000000000,9.769115002,10.462830000,1.134319999,0.000548000,1.134867998,12.773021001,0,13
1658137106.624753714,1785498716.653510571,681,154059,154182,454,0,72000,6614,2494,0.000000000,9.556625000,10.511031001,1.586031000,0.000486001,1.586517001,13.416019001,0,18
1658137106.724850655,1785498716.729048014,682,154182,154334,414,0,72000,6699,2759,0.000000000,9.643686002,10.633581998,1.153016001,0.000521000,1.153537001,12.957650000,0,19
1658137106.824807167,1785498716.830008030,683,154334,154397,430,0,72000,6710,2510,0.000000000,10.890989999,11.847024000,1.353430001,0.000570000,1.354000002,14.868336000,0,18
1658137106.924902678,1785498716.927351236,684,154397,154582,394,0,72000,6353,2483,0.000000000,9.097160999,9.887304001,0.930704999,0.000655999,0.931360997,11.884381001,0,7
1658137107.024734735,1785498717.026875734,685,154582,154700,433,0,72000,6362,2190,0.000000000,8.893108999,9.609073999,1.105817000,0.000493999,1.106311000,11.761949001,0,18
1658137107.124830961,1785498717.129322290,686,154700,154904,483,0,72000,7163,2624,0.000000000,10.275716000,11.179327999,1.707612000,0.000504000,1.708116000,14.212374001,0,12
1658137107.224920511,1785498717.227190971,687,154904,155053,391,0,72000,6252,2400,0.000000000,9.273192998,10.044938999,0.945943000,0.000628001,0.946571001,12.074753000,0,17
1658137107.324929237,1785498717.330253124,688,155053,155095,506,0,72000,7676,2845,0.000000000,11.486388999,12.478043000,1.371996001,0.000528000,1.372524001,15.160122000,0,10
1658137107.424768209,1785498717.428922415,689,155095,155195,498,0,72000,7316,2701,0.000000000,10.398767001,11.268344000,1.365209000,0.000740001,1.365949001,13.786546000,0,12
1658137107.524865389,1785498717.528846502,690,155195,155313,417,0,72000,7462,2807,0.000000000,10.183821998,11.092953000,1.477160000,0.000561000,1.477721000,13.743895001,0,15
1658137107.624712467,1785498717.626324892,691,155313,155416,359,0,72000,5715,2042,0.000000000,8.503937999,9.198844000,0.895059000,0.000614998,0.895673998,11.192270000,0,18
1658137107.724926233,1785498717.728989363,692,155416,155536,419,0,72000,7028,2696,0.000000000,10.190395002,11.034559000,1.681784001,0.000483000,1.682267000,13.865911000,0,18
1658137107.824764729,1785498717.828085423,693,155536,155720,443,0,72000,7049,2631,0.000000000,9.868515999,10.702983000,1.050485000,0.000475000,1.050960000,12.948228999,0,15
1658137107.924860477,1785498717.951680183,694,155720,155840,423,0,72000,6210,2205,0.000000000,8.578221001,9.305772999,1.109769000,0.000586000,1.110355000,11.535062000,0,24
1658137108.024830103,1785498718.027982473,695,155840,156017,408,0,72000,6608,2421,0.000000000,9.401969000,10.528313000,1.209470000,0.000462000,1.209931999,12.847174001,0,21
1658137108.124933958,1785498718.129284620,696,156017,156186,471,0,72000,7004,2403,0.000000000,10.377516002,11.235672999,1.555911000,0.000539001,1.556450001,14.115565000,0,10
1658137108.224786282,1785498718.226395130,697,156186,156380,423,0,72000,6202,2285,0.000000000,8.519494000,9.253142998,1.000749999,0.000612999,1.001362998,11.239785999,0,18
1658137108.324835777,1785498718.328490973,698,156380,156512,452,0,72000,6803,2539,0.000000000,10.209083002,11.045886000,1.155874999,0.000496999,1.156371998,13.321761999,0,18
1658137108.424917221,1785498718.454626560,699,156512,156682,464,0,72000,7790,2978,0.000000000,11.064976999,12.003718999,1.167269000,0.000702001,1.167971001,14.458959999,0,10
1658137108.524766445,1785498718.551668882,700,156682,156886,364,0,72000,6067,2065,0.000000000,8.956300999,9.644613001,0.822512000,0.000475000,0.822987000,11.492219001,0,17
1658137108.624848843,1785498718.629139662,701,156886,156939,423,0,72000,7156,2801,0.000000000,10.187934000,11.104497000,1.593784000,0.000541000,1.594325000,13.965577000,0,17
1658137108.724810839,1785498718.727550268,702,156939,156986,422,0,72000,6312,2259,0.000000000,9.462005000,10.242965000,1.069823000,0.000795000,1.070618000,12.370950000,0,16
1658137108.824912071,1785498718.850990534,703,156986,157173,321,0,72000,6086,2096,0.000000000,8.397956999,9.077447001,0.719516000,0.000535001,0.720051001,10.802211000,0,12
1658137108.924760103,1785498718.953735352,704,157173,157343,401,0,72000,7325,2806,0.000000000,10.218749001,11.144902001,1.212048999,0.000689000,1.212738000,13.551640999,0,21
1658137109.024843693,1785498719.027037621,705,157343,157525,399,0,72000,6354,2254,0.000000000,9.093440000,9.813945000,0.932678000,0.000545999,0.933223999,11.850056999,0,15
1658137109.124815702,1785498719.125494242,706,157525,157592,344,0,72000,5434,1758,0.000000000,7.740661997,8.400086999,0.994103000,0.000664000,0.994767001,10.295917000,0,17
1658137109.224911213,1785498719.228137255,707,157592,157687,381,0,72000,6591,2270,0.000000000,9.145110000,9.888967999,1.951431999,0.000591001,1.952023000,12.948888001,0,13
1658137109.324773312,1785498719.327598333,708,155998,156025,411,0,72000,6375,2266,0.000000000,9.319179004,10.091492000,1.262472000,0.000611999,1.263083999,12.415447000,0,15
1658137109.424868345,1785498719.428006887,709,156025,156169,445,0,72000,6996,2602,0.000000000,9.652968001,10.497571000,1.151168000,0.000538001,1.151706001,12.790176001,0,4
1658137109.524713755,1785498719.527433872,710,156169,156330,403,0,72000,6455,2300,0.000000000,9.391171998,10.128279999,1.040665000,0.000467000,1.041132000,12.242892000,0,17
1658137109.624803782,1785498719.628843069,711,156330,156394,423,0,72000,7191,2628,0.000000000,10.406419000,11.242463999,1.215155999,0.000464999,1.215620998,13.626400001,0,14
1658137109.724895477,1785498719.725432634,712,156394,156483,352,0,72000,5152,1561,0.000000000,7.864902000,8.408909000,0.900044999,0.000623999,0.900668998,10.225591999,0,10
1658137109.824734688,1785498719.829496622,713,156483,156638,406,0,72000,7494,2926,0.000000000,10.692312999,11.614424000,1.368865000,0.000488000,1.369353000,14.298185000,0,16
1658137109.924830914,1785498719.927008867,714,156638,156758,443,0,72000,5837,2029,0.000000000,8.776168999,9.453483999,1.262436999,0.000542001,1.262979000,11.725191001,0,14
1658137110.024935246,1785498720.025862455,715,156758,156850,277,0,72000,5333,1788,0.000000000,8.485934999,9.082107999,0.658949000,0.000526001,0.659475001,10.618294000,0,10
1658137110.124781847,1785498720.126833200,716,156850,156962,347,0,72000,6377,2481,0.000000000,8.907150001,9.710969000,0.884236999,0.000537999,0.884774998,11.625907000,0,17
1658137110.224873066,1785498720.230830908,717,156962,157117,461,0,72000,8114,3086,0.000000000,12.036688000,13.161536999,1.154385000,0.000591001,1.154976000,15.604688000,0,9
1658137110.324849844,1785498720.326332331,718,157117,157228,354,0,72000,5869,2000,0.000000000,8.327029000,9.026374000,0.944919000,0.000514001,0.945433001,11.106029000,0,15
1658137110.424815655,1785498720.453842402,719,157228,157310,428,0,72000,6865,2519,0.000000000,10.369335001,11.189730001,1.249764000,0.000484000,1.250248000,13.571220001,0,10
1658137110.524906397,1785498720.527697563,720,157310,157302,341,0,72000,6566,2408,0.000000000,9.674229001,10.443049001,0.953248000,0.000486001,0.953734001,12.434527000,0,14
1658137110.624731064,1785498720.628166199,721,157302,157460,394,0,72000,6723,2459,0.000000000,10.033680001,10.842049000,0.950262001,0.000478001,0.950740003,12.900521999,0,11
1658137110.724828005,1785498720.728651285,722,157460,157588,390,0,72000,7104,2580,0.000000000,10.108876999,10.937491999,1.252172000,0.000529999,1.252701999,13.411966002,0,17
1658137110.824916840,1785498720.827786684,723,157588,157800,372,0,72000,6583,2268,0.000000000,9.847885998,10.607636999,0.846303999,0.000567999,0.846871999,12.519135000,0,11
1658137110.924765348,1785498720.926990509,724,157800,157966,370,0,72000,5838,1903,0.000000000,9.076659999,9.770746001,0.899977000,0.000586000,0.900563000,11.738061001,0,12
1658137111.024846792,1785498721.027329445,725,157966,158074,335,0,72000,6181,1945,0.000000000,9.366312001,10.082149001,0.868007000,0.000560000,0.868567000,12.034423000,0,11
1658137111.124810696,1785498721.128120661,726,158074,158184,349,0,72000,6720,2282,0.000000000,9.786469000,10.561007000,1.145345001,0.000683000,1.146028000,12.823039000,0,17
1658137111.224896431,1785498721.226398945,727,158184,158282,357,0,72000,5448,1697,0.000000000,8.571909000,9.163616000,0.904325001,0.000672000,0.904997001,11.072027000,0,16
1658137111.324809074,1785498721.328881502,728,158282,158438,436,0,72000,7162,2521,0.000000000,10.514905000,11.326682001,1.108660999,0.000513000,1.109174000,13.611838000,0,17
1658137111.424909115,1785498721.430590391,729,158438,158623,456,0,72000,7944,2903,0.000000000,11.661900000,12.773457000,1.173592000,0.000491000,1.174083000,15.242919000,0,10
1658137111.524747849,1785498721.528128624,730,158623,158727,396,0,72000,7036,2487,0.000000000,9.914384002,10.718906000,1.000803000,0.000472999,1.001275999,12.829713001,0,10
1658137111.624843597,1785498721.629631519,731,158727,158848,438,0,72000,7886,2861,0.000000000,10.983061002,11.892335000,1.185975001,0.000540000,1.186515001,14.316847999,0,11
1658137111.724815607,1785498721.727657318,732,158848,158925,360,0,72000,6565,2189,0.000000000,9.643145004,10.344576001,0.928661000,0.000485999,0.929147000,12.345952000,0,15
1658137111.824910164,1785498721.830176830,733,158925,159046,360,0,72000,7980,3069,0.000000000,11.713249001,12.692040000,0.940169999,0.000597000,0.940766999,14.874668001,0,11
1658137111.924755812,1785498721.927302361,734,159046,159168,357,0,72000,6140,2053,0.000000000,9.312795000,10.001094000,0.926510000,0.000492000,0.927002000,12.029961999,0,20
1658137112.024850130,1785498722.028314590,735,159168,159284,384,0,72000,7098,2539,0.000000000,9.836762998,10.654846001,1.151734999,0.000552001,1.152287001,12.997062000,0,17
1658137112.124802828,1785498722.127602100,736,159284,159439,383,0,72000,6156,2096,0.000000000,9.078690000,9.758319000,1.507286001,0.000480000,1.507766001,12.285415001,0,14
1658137112.224880457,1785498722.229829073,737,159439,158450,430,0,72000,7759,2951,0.000000000,10.721448001,11.697116001,1.384789000,0.000566999,1.385355999,14.530680000,0,12
1658137112.324770212,1785498722.329058409,738,158450,158627,411,0,72000,7290,2574,0.000000000,10.235307000,11.084743001,1.475005000,0.000509001,1.475514000,13.732596000,0,18
1658137112.424852848,1785498722.429064035,739,158627,158741,412,0,72000,7327,2613,0.000000000,10.549829000,11.388367000,1.143538000,0.000415999,1.143953999,13.735761000,0,11
1658137112.524814844,1785498722.528115511,740,158741,158839,337,0,72000,5985,2070,0.000000000,10.129848999,10.830674999,0.960527999,0.000407999,0.960935999,12.772561000,0,11
1658137112.624912024,1785498722.628046036,741,158839,158987,325,0,72000,6559,2365,0.000000000,9.460866000,10.346812000,1.043583001,0.000496000,1.044079001,12.717833000,0,11
1658137112.724744081,1785498722.728140831,742,158987,159125,285,0,72000,6639,2506,0.000000000,9.845650997,10.771214000,0.885943000,0.000448001,0.886391001,12.792742000,0,11
1658137112.824844837,1785498722.827839851,743,159125,159232,353,0,72000,6814,2436,0.000000000,9.698582999,10.486195000,0.941512000,0.000471000,0.941983000,12.509220000,0,19
1658137112.924938440,1785498722.927579880,744,159232,159348,323,0,72000,6894,2615,0.000000000,9.405583000,10.226804001,0.780855999,0.000413000,0.781268998,12.166194001,0,14
1658137113.024787426,1785498723.027694225,745,159348,159479,359,0,72000,6574,2365,0.000000000,9.608331997,10.376711001,0.906980000,0.000411001,0.907391001,12.335212001,0,13
1658137113.124884844,1785498723.127504826,746,159479,159421,311,0,72000,6644,2534,0.000000000,9.357118000,10.154718000,0.833283000,0.000560000,0.833843000,12.111112001,0,10
1658137113.224728346,1785498723.251384735,747,159421,159509,342,0,72000,6662,2600,0.000000000,9.329943001,10.140199000,0.853552001,0.000468001,0.854020001,12.118236000,0,17
1658137113.324924231,1785498723.326022387,748,159509,159672,342,0,72000,6292,2339,0.000000000,9.118075001,9.851445000,0.847899999,0.000771999,0.848671998,11.740555999,0,16
1658137113.424768209,1785498723.428472042,749,159672,159675,389,0,72000,7338,2744,0.000000000,10.949618001,11.851903000,1.128480000,0.000626000,1.129106000,14.194866000,0,14
1658137113.524846792,1785498723.527311087,750,159675,159799,386,0,72000,7212,2616,0.000000000,9.973857999,10.812332999,1.122923999,0.000470000,1.123393999,13.047855000,0,12
1658137113.624822617,1785498723.628106594,751,159799,159956,351,0,72000,7132,2612,0.000000000,10.618825998,11.443972000,1.191685002,0.000541999,1.192227001,13.825648000,0,14
1658137113.724918842,1785498723.727409363,752,159956,160113,390,0,72000,7392,2697,0.000000000,10.175221001,11.040157000,0.977152000,0.000620001,0.977772001,13.155163000,0,16
1658137113.824750185,1785498723.826048374,753,160113,160267,310,0,72000,6250,2250,0.000000000,9.171412001,9.884899000,0.848860998,0.000495000,0.849355998,11.782775000,0,16
1658137113.924835920,1785498723.952187538,754,160267,160428,362,0,72000,6941,2584,0.000000000,9.925478998,10.774689001,1.039094001,0.000640999,1.039735000,12.897558001,0,17
1658137114.024918079,1785498724.026745081,755,160428,160505,326,0,72000,6672,2524,0.000000000,9.695390998,10.511991000,0.868783000,0.000514001,0.869297000,12.460413001,0,18
1658137114.124758005,1785498724.129117250,756,160505,160566,346,0,72000,7328,2895,0.000000000,11.093153000,12.255586000,1.356991999,0.000571999,1.357563999,14.843045999,0,10
1658137114.224837780,1785498724.227372885,757,160566,160485,358,0,72000,6162,2152,0.000000000,10.319148001,11.025848000,1.046994999,0.000626000,1.047620999,13.105590000,0,17
1658137114.324818850,1785498724.352188349,758,160485,160626,357,0,72000,6488,2079,0.000000000,10.012445000,10.693763999,1.120915000,0.000548000,1.121462999,12.901610000,0,15
1658137114.424919844,1785498724.427826166,759,160626,160746,376,0,72000,7309,2785,0.000000000,10.444422000,11.117697000,1.181736001,0.000546999,1.182283000,13.533338000,0,12
1658137114.524762154,1785498724.527370930,760,160746,160882,332,0,72000,6700,2610,0.000000000,10.075811000,10.956102999,1.026092001,0.000552000,1.026644000,13.077998001,0,10
1658137114.624864340,1785498724.626950741,761,160882,160865,336,0,72000,6534,2504,0.000000000,9.738506000,10.532803999,1.008001000,0.000495998,1.008496998,12.620508000,0,17
1658137114.724714041,1785498724.727764845,762,160865,160859,362,0,72000,7077,2490,0.000000000,10.521402002,11.335263000,1.017965000,0.000649999,1.018614999,13.467134000,0,2
1658137114.824918032,1785498724.851362228,763,160859,160950,317,0,72000,6051,2112,0.000000000,9.140855000,9.995513001,0.877093998,0.000461001,0.877555000,12.028712999,0,15
1658137114.924754858,1785498724.927075624,764,160950,161031,353,0,72000,6375,2336,0.000000000,9.852572000,10.606739001,1.047364000,0.000501999,1.047865999,12.767860000,0,18
1658137115.024847507,1785498725.026029348,765,161031,161140,299,0,72000,6163,2096,0.000000000,9.134566002,9.826538000,0.803438001,0.000601001,0.804039002,11.701235000,0,15
1658137115.124930143,1785498725.126409054,766,161140,161322,294,0,72000,6397,2280,0.000000000,9.391572996,10.154002999,0.786955001,0.000521999,0.787477000,12.035862001,0,17
1658137115.224748611,1785498725.229071140,767,161322,161511,375,0,72000,7468,2781,0.000000000,11.298271000,12.319336000,1.081377000,0.000671000,1.082048000,14.781174001,0,17
1658137115.324874163,1785498725.326630592,768,161511,161591,358,0,72000,6634,2416,0.000000000,9.531978001,10.307676999,0.897187001,0.000727001,0.897914002,12.316052000,0,17
1658137115.424718618,1785498725.426018715,769,161591,161667,344,0,72000,6394,2176,0.000000000,8.942965998,9.651371000,0.930598999,0.000636001,0.931234999,11.666697999,0,18
1658137115.524809837,1785498725.527206898,770,161667,161841,368,0,72000,7122,2489,0.000000000,10.002355000,10.784015001,0.920124001,0.000456999,0.920581000,12.878633001,0,12
1658137115.624893904,1785498725.626473904,771,161841,161887,286,0,72000,6189,2129,0.000000000,9.660578000,10.360893000,0.738835000,0.000541999,0.739376999,12.132864000,0,13
1658137115.724752426,1785498725.727130413,772,161887,162023,351,0,72000,6675,2418,0.000000000,10.062316001,10.818642000,0.904917000,0.000530999,0.905448000,12.788778000,0,16
1658137115.824837208,1785498725.825144529,773,162023,162135,300,0,72000,5931,2022,0.000000000,8.412374000,9.067812000,0.740642001,0.000482001,0.741124002,10.820454001,0,18
1658137115.924817562,1785498725.928889513,774,162135,162339,464,0,72000,7839,2818,0.000000000,11.107020000,11.991971000,1.267125001,0.000521000,1.267646001,14.540848000,0,17
1658137116.024899721,1785498726.051019192,775,162339,162442,293,0,72000,6210,2240,0.000000000,9.068691998,9.832017000,0.733661000,0.000485001,0.734146000,11.653086001,0,18
1658137116.124744892,1785498726.126787424,776,162442,162399,355,0,72000,6619,2351,0.000000000,9.481424000,10.241995000,1.073460000,0.000562000,1.074022000,12.427451999,0,10
1658137116.224845886,1785498726.226316214,777,162399,162480,285,0,72000,6196,2207,0.000000000,9.486205001,10.190331999,0.757406000,0.000655000,0.758061000,11.961571001,0,17
1658137116.324861765,1785498726.326413870,778,162480,162597,288,0,72000,6280,2344,0.000000000,9.458072002,10.208179001,0.731123000,0.000551001,0.731674001,12.018824000,0,10
1658137116.424818516,1785498726.427316666,779,162597,162685,338,0,72000,6977,2456,0.000000000,9.915914003,10.733674999,0.936047001,0.000761000,0.936808001,12.933692000,0,18
1658137116.524907351,1785498726.526176214,780,162685,162732,309,0,72000,6177,2152,0.000000000,9.232947999,9.933863999,0.819569999,0.000508000,0.820077999,11.812109000,0,11
1658137116.624744415,1785498726.654309750,781,162732,162848,360,0,72000,7224,2733,0.000000000,11.795117001,12.743906000,1.046936000,0.000537000,1.047473001,14.917966000,0,20
1658137116.724846363,1785498726.726491213,782,162848,162925,341,0,72000,6658,2385,0.000000000,9.370606998,10.121486001,0.845318000,0.000495002,0.845813001,12.108692001,0,21
1658137116.824822903,1785498726.828943729,783,162925,162991,337,0,72000,7158,2569,0.000000000,10.888489998,12.181180000,0.928541000,0.000403001,0.928944000,14.569928000,0,14
1658137116.924915791,1785498726.925828934,784,162991,163123,294,0,72000,5989,2072,0.000000000,8.886688000,9.585128000,0.801070000,0.000497001,0.801567001,11.429800999,0,17
1658137117.024760485,1785498727.052993774,785,163123,163282,344,0,72000,6786,2341,0.000000000,10.376982000,11.146715999,1.087959001,0.000553000,1.088512001,13.585572999,0,16
1658137117.124852896,1785498727.127140760,786,163282,163444,306,0,72000,6791,2549,0.000000000,9.840901999,10.714303000,0.878145000,0.000456001,0.878601000,12.744856000,0,12
1658137117.224818468,1785498727.250930548,787,163444,163600,320,0,72000,6192,2086,0.000000000,9.013927000,9.696771000,0.801925000,0.000491000,0.802416000,11.492228999,0,19
1658137117.324821234,1785498727.327273369,788,163600,163703,316,0,72000,6796,2377,0.000000000,10.138839001,10.940987000,0.815078000,0.000525999,0.815603998,12.868170999,0,18
1658137117.424910307,1785498727.450935125,789,163703,163771,285,0,72000,5856,1804,0.000000000,8.892656000,9.533368999,0.877101000,0.000672000,0.877773000,11.509485999,0,19
1658137117.524751663,1785498727.528818130,790,163771,163874,328,0,72000,7572,2943,0.000000000,11.114318000,12.187097000,0.954065001,0.000671000,0.954736000,14.371516001,0,16
1658137117.624837160,1785498727.653755188,791,163874,163955,354,0,72000,7621,2866,0.000000000,11.099891997,12.016564999,1.083421001,0.000579999,1.084001000,14.318906000,0,24
1658137117.724922180,1785498727.728647709,792,163955,164065,332,0,72000,7628,2905,0.000000000,11.084368000,12.030088001,0.919193000,0.000693000,0.919886001,14.238542000,0,20
1658137117.824761868,1785498727.826251984,793,164065,164108,341,0,72000,6207,2102,0.000000000,9.085681999,9.778886999,0.879220001,0.000496000,0.879716001,11.817905000,0,18
1658137117.924844742,1785498727.926284075,794,164108,164205,269,0,72000,6328,2230,0.000000000,9.108564002,9.889073001,0.865970000,0.000493999,0.866463999,11.843177999,0,18
1658137118.024803638,1785498728.028638363,795,164205,164267,357,0,72000,7406,2899,0.000000000,10.626807001,11.778447000,1.007935000,0.000550999,1.008485999,14.179555001,0,17
1658137118.124889612,1785498728.125142097,796,164267,164311,271,0,72000,5782,1975,0.000000000,8.298292001,8.942568000,0.764566999,0.000464001,0.765031000,10.681805001,0,11
1658137118.224741459,1785498728.227063656,797,164311,164462,302,0,72000,6619,2495,0.000000000,9.894657000,10.693908000,0.770371000,0.000485999,0.770856999,12.607103001,0,15
1658137118.324861288,1785498728.326418638,798,164462,164563,247,0,72000,6257,2293,0.000000000,9.596755001,10.336269001,0.605915000,0.000450998,0.606365998,11.983172000,0,11
1658137118.424714804,1785498728.428421736,799,164563,164691,321,0,72000,7332,2844,0.000000000,10.955180001,11.874517000,0.882142000,0.000564001,0.882706001,13.941233001,0,12
1658137118.524804354,1785498728.526816368,800,164691,164790,278,0,72000,6392,2300,0.000000000,9.895385001,10.630351000,0.721418999,0.000511000,0.721929999,12.372196999,0,19
1658137118.624883890,1785498728.626659632,801,164790,164846,304,0,72000,6228,1983,0.000000000,9.511088003,10.191679999,0.879563000,0.000620999,0.880183999,12.207464000,0,24
1658137118.724745750,1785498728.751761436,802,164846,164904,294,0,72000,6497,2199,0.000000000,9.676214000,10.388687999,0.784637001,0.000581000,0.785218001,12.272857000,0,17
1658137118.824834585,1785498728.828388214,803,164904,164970,446,0,72000,7103,2544,0.000000000,10.624799999,11.444207001,1.326570000,0.000551001,1.327121001,13.949638002,0,18
1658137118.924906731,1785498728.929498196,804,164970,165129,473,0,72000,7608,2824,0.000000000,11.057300999,11.974534002,1.754412000,0.000655999,1.755067999,15.028508000,0,14
1658137119.024756193,1785498729.028781891,805,165129,164711,326,0,72000,6782,2558,0.000000000,10.582350998,11.454732999,1.609752000,0.000485999,1.610238000,14.299683999,0,16
1658137119.124841452,1785498729.124968052,806,164711,164762,294,0,72000,5221,1718,0.000000000,8.031108002,8.597300000,0.912051999,0.000473001,0.912525000,10.474348999,0,17
1658137119.224929571,1785498729.252444267,807,164762,164849,330,0,72000,6386,2262,0.000000000,10.105279998,10.829554001,1.007112000,0.000480000,1.007592000,12.941504001,0,17
1658137119.324890375,1785498729.327387810,808,164849,164984,345,0,72000,6706,2128,0.000000000,10.107220996,10.827657001,0.975455001,0.000534001,0.975989002,12.901140000,0,12
1658137119.424742937,1785498729.428201199,809,164984,165106,320,0,72000,6587,2289,0.000000000,10.509502001,11.258254999,1.243613999,0.000579001,1.244192999,13.688847001,0,3
1658137119.524820566,1785498729.526587486,810,165106,165160,292,0,72000,6351,2220,0.000000000,9.527103000,10.266996000,0.768119999,0.000566000,0.768685999,12.105028001,0,20
1658137119.624915123,1785498729.628907204,811,165160,165295,391,0,72000,7366,2822,0.000000000,11.093353000,12.050925001,1.125337001,0.000439000,1.125776002,14.409627001,0,20
1658137119.724757433,1785498729.752040625,812,165295,165347,306,0,72000,6717,2507,0.000000000,9.649599999,10.462693001,0.965383999,0.000480000,0.965863999,12.532964001,0,17
1658137119.824849129,1785498729.827876806,813,165347,165552,339,0,72000,6853,2427,0.000000000,10.328987000,11.152815001,0.999108001,0.000534999,0.999643000,13.331504999,0,16
1658137119.924806118,1785498729.930155516,814,165552,165614,335,0,72000,7071,2417,0.000000000,11.635573001,12.706277999,1.390447002,0.000801001,1.391248003,15.562404000,0,17
1658137120.024909973,1785498730.028864861,815,165614,165687,367,0,72000,6897,2471,0.000000000,11.052323000,11.878658999,1.323580002,0.000537999,1.324118000,14.343389999,0,18
1658137120.124747992,1785498730.153668404,816,165687,165798,357,0,72000,7472,2727,0.000000000,10.638553000,11.496098999,1.445821999,0.000528002,1.446350001,14.148879000,0,14
1658137120.224835873,1785498730.224318266,817,165798,165901,250,0,72000,5179,1730,0.000000000,7.544482998,8.124739999,0.642079000,0.000664000,0.642743000,9.734049001,0,17
1658137120.324910402,1785498730.351569414,818,165901,165944,318,0,72000,5762,1923,0.000000000,9.490484001,10.197009999,0.880907000,0.000552001,0.881459002,12.052975000,0,17
1658137120.424753666,1785498730.427638531,819,165944,166037,397,0,72000,6942,2715,0.000000000,9.959521001,10.852429001,1.060791999,0.000476000,1.061268000,13.124864001,0,17
1658137120.524831057,1785498730.526362419,820,166037,166185,337,0,72000,6040,2177,0.000000000,9.141899001,9.924357000,0.864678001,0.000716000,0.865394000,11.837474000,0,13
1658137120.624813080,1785498730.629420757,821,166185,166382,401,0,72000,6566,2315,0.000000000,11.181910000,12.422012000,1.117699001,0.000601000,1.118300001,14.912432000,0,21
1658137120.724900723,1785498730.726960182,822,166382,166471,287,0,72000,6607,2469,0.000000000,9.746899997,10.537276999,0.735465999,0.000670001,0.736136000,12.438321999,0,14
1658137120.824747562,1785498730.827236414,823,166471,166576,320,0,72000,6485,2371,0.000000000,9.932321000,10.691854999,0.882859000,0.000571999,0.883430999,12.677796001,0,12
1658137120.924850225,1785498730.927848101,824,166576,166717,340,0,72000,6832,2646,0.000000000,10.080587001,10.953341000,1.074942002,0.000521000,1.075463002,13.302654001,0,11
1658137121.024814844,1785498731.034397602,825,166717,168289,3494,0,72000,7118,2603,0.000000000,11.512764999,12.633566001,5.954024000,0.000516000,5.954540000,19.810327000,0,11
1658137121.124907732,1785498731.136156321,826,168289,170987,4530,0,72000,8418,3120,0.000000000,11.641461002,12.663482001,7.430628000,0.000562000,7.431190001,21.592510999,0,11
1658137121.224748850,1785498731.232784271,827,170987,172470,3825,0,72000,6703,2238,0.000000000,10.347568001,11.055955001,5.954806998,0.000634001,5.955441000,18.209081001,0,18
1658137121.324863434,1785498731.358652353,828,172470,173805,4041,0,72000,7052,2202,0.000000000,10.956322001,11.741575001,6.000279000,0.000492999,6.000771999,19.056390000,0,14
1658137121.424712181,1785498731.432440996,829,173805,174249,1182,0,72000,7928,2419,0.000000000,12.540341002,13.400067000,3.005036000,0.000762000,3.005798000,17.850372999,0,17
1658137121.524919033,1785498731.555333853,830,174249,174545,1254,0,72000,6374,1538,0.000000000,9.869909998,10.468070999,4.020048000,0.000489999,4.020537999,15.749300999,0,15
1658137121.624755144,1785498731.628107786,831,173936,174207,620,0,72000,6747,1737,0.000000000,10.110342999,10.762902000,1.602351002,0.000593000,1.602944001,13.518489000,0,10
1658137121.724846840,1785498731.728445530,832,174207,174490,594,0,72000,6565,1913,0.000000000,10.328112998,10.961057000,1.822941000,0.000554001,1.823495000,13.870741001,0,18
1658137121.824929953,1785498731.827359676,833,174490,174631,439,0,72000,6329,1913,0.000000000,9.745555000,10.441422000,1.214780001,0.000544000,1.215324000,12.768588000,0,16
1658137121.924767017,1785498731.926931143,834,174631,174915,545,0,72000,6692,1967,0.000000000,9.350678998,9.988038000,1.199693001,0.000474001,1.200167002,12.348010001,0,17
1658137122.024864197,1785498732.026766300,835,174915,175638,998,0,72000,5646,1625,0.000000000,8.276694001,8.895636000,2.064129001,0.000480999,2.064610000,12.040305999,0,10
1658137122.124825001,1785498732.127248049,836,175545,176081,731,0,72000,6313,1934,0.000000000,9.245120998,9.941572000,1.386794000,0.000537000,1.387331000,12.664815000,0,14
1658137122.224908829,1785498732.231346846,837,176081,176951,1416,0,72000,7933,2458,0.000000000,11.115694000,12.068191001,3.142999001,0.000639000,3.143638001,16.691665000,0,18
1658137122.324903965,1785498732.330385447,838,174258,174953,1090,0,72000,7827,2213,0.000000000,11.024119998,11.769018000,2.552776001,0.000566000,2.553342001,15.756401001,0,14
1658137122.424725056,1785498732.432074308,839,174953,175803,1201,0,72000,6861,1999,0.000000000,10.659210000,11.495994000,4.757697001,0.000680000,4.758377001,17.435215001,0,20
1658137122.524822474,1785498732.527288675,840,170943,171623,817,0,72000,6478,1919,0.000000000,9.297931998,10.027541000,1.505523000,0.000492999,1.506015999,12.634616000,0,19
1658137122.624924421,1785498732.630857468,841,171623,173383,2216,0,72000,7356,2219,0.000000000,10.109714003,10.835878002,3.799940001,0.000394000,3.800334001,16.230401001,0,13
1658137122.724778652,1785498732.752941608,842,173383,174076,1073,0,72000,6659,1894,0.000000000,9.291103999,9.917627000,2.237943001,0.000492000,2.238435001,13.291626999,0,17
1658137122.824876547,1785498732.855717659,843,174076,174786,1370,0,72000,7683,2149,0.000000000,10.726602999,11.553679000,2.810821999,0.000647000,2.811468999,16.067078001,0,15
1658137122.924826860,1785498732.952676296,844,174786,175154,698,0,72000,6540,1945,0.000000000,9.662667999,10.321416001,1.489726999,0.000455000,1.490182000,13.007927999,0,17
1658137123.024900913,1785498733.027134180,845,175154,175483,430,0,72000,6445,1942,0.000000000,9.576328001,10.286350998,1.030907000,0.000611000,1.031518001,12.447805000,0,18
1658137123.124735832,1785498733.153190613,846,175483,175763,474,0,72000,7267,2123,0.000000000,10.307950999,11.085963000,1.119867000,0.000464999,1.120331999,13.521169001,0,13
1658137123.224828482,1785498733.226384163,847,175763,176013,435,0,72000,6498,1814,0.000000000,8.935163001,9.609396999,0.975846000,0.000526001,0.976372001,11.704474999,0,8
1658137123.324868202,1785498733.351681471,848,176013,176409,635,0,72000,6229,1805,0.000000000,8.870851998,9.534266999,1.376321999,0.000575999,1.376897999,11.992602000,0,17
1658137123.424826384,1785498733.427058697,849,176409,176664,411,0,72000,6540,1771,0.000000000,9.624465998,10.230460000,0.985698000,0.000790000,0.986487999,12.357586002,0,20
1658137123.524923563,1785498733.527707100,850,176664,176927,466,0,72000,6427,1733,0.000000000,10.223506000,10.823214001,1.102724000,0.000566000,1.103290000,13.009605000,0,11
1658137123.624751091,1785498733.653170586,851,176927,177156,489,0,72000,6653,1921,0.000000000,10.035432999,10.791164001,1.601440999,0.000481999,1.601922999,13.492967000,0,17
1658137123.724833012,1785498733.753464222,852,177156,177358,501,0,72000,7166,2020,0.000000000,10.640797000,11.303357000,1.226401000,0.000477001,1.226878001,13.737302001,0,11
1658137123.824930191,1785498733.828093290,853,177358,177588,418,0,72000,6994,1880,0.000000000,10.491711002,11.148326999,1.029812000,0.000597000,1.030408999,13.372755000,0,12
1658137123.924753666,1785498733.927946568,854,177588,177788,372,0,72000,6916,1991,0.000000000,10.262645999,10.981616999,1.052657000,0.000643000,1.053300000,13.242063002,0,18
1658137124.024830103,1785498734.026463747,855,177788,177920,376,0,72000,6200,1731,0.000000000,9.177496000,9.795018001,0.860255001,0.000434000,0.860689001,11.741200000,0,6
1658137124.124906540,1785498734.151225805,856,177920,178115,436,0,72000,6284,1767,0.000000000,8.843714000,9.449168001,1.053942000,0.000437001,1.054379001,11.512846000,0,14
1658137124.224727154,1785498734.227949381,857,178115,178387,517,0,72000,6892,2018,0.000000000,10.068059999,10.781492001,1.290855000,0.000488000,1.291343000,13.199400000,0,17
1658137124.324910164,1785498734.328086615,858,178387,178496,429,0,72000,6185,1734,0.000000000,10.172510001,10.835114999,1.454605001,0.000524999,1.455129999,13.368272999,0,11
1658137124.424753428,1785498734.428149939,859,178496,178745,405,0,72000,7601,2136,0.000000000,10.319793000,11.070045000,0.952314000,0.000863000,0.953176999,13.412937000,0,15
1658137124.524851084,1785498734.529385567,860,178745,179020,480,0,72000,7625,2125,0.000000000,11.400694000,12.130667999,1.209602999,0.000693999,1.210296998,14.654163000,0,17
1658137124.624816656,1785498734.626354933,861,179020,179252,452,0,72000,6392,1835,0.000000000,8.831292003,9.459509001,1.062231000,0.000538999,1.062769999,11.577764000,0,17
1658137124.724913120,1785498734.727391958,862,179252,179421,428,0,72000,6374,1713,0.000000000,9.705171000,10.287679999,1.280621000,0.000545000,1.281166000,12.640724999,0,12
1658137124.824750423,1785498734.852094650,863,179421,179664,438,0,72000,6514,1998,0.000000000,9.631030000,10.317599001,1.004790001,0.000703001,1.005493003,12.347396001,0,17
1658137124.924850225,1785498734.953550339,864,179664,179921,430,0,72000,7053,2050,0.000000000,10.502159002,11.176799000,1.466078000,0.000466001,1.466544001,13.781762000,0,17
1658137125.024820328,1785498735.027599096,865,179921,180100,398,0,72000,6508,1694,0.000000000,9.952581000,10.531249000,1.262682999,0.000491000,1.263173999,12.850487001,0,17
1658137125.124908686,1785498735.127167940,866,180100,180273,472,0,72000,6197,1692,0.000000000,9.452958002,10.070691000,1.168621000,0.000474000,1.169095000,12.383818999,0,5
1658137125.224746466,1785498735.229386806,867,180273,180480,515,0,72000,7624,2180,0.000000000,11.011804998,11.812608000,1.374268999,0.000673999,1.374942998,14.586005000,0,11
1658137125.324833393,1785498735.327210426,868,180480,180715,455,0,72000,6453,1935,0.000000000,9.509938001,10.164478999,1.137823001,0.000546001,1.138369002,12.433314001,0,16
1658137125.424931288,1785498735.427076578,869,180715,180782,407,0,72000,6478,1861,0.000000000,9.378822002,10.036219999,1.111336000,0.000872998,1.112208998,12.258625000,0,22
1658137125.524770021,1785498735.528511763,870,180782,180951,452,0,72000,7037,1865,0.000000000,10.108626000,10.856494000,1.319454001,0.000479000,1.319933001,13.673336000,0,18
1658137125.624868631,1785498735.627971649,871,180951,181156,487,0,72000,6293,1689,0.000000000,9.924803000,10.553706001,1.444568001,0.000474001,1.445042002,13.127434000,0,17
1658137125.724699497,1785498735.726866722,872,181156,181324,400,0,72000,6398,1705,0.000000000,9.416432998,10.004480000,0.993084001,0.000544000,0.993628000,12.033980000,0,18
1658137125.824903011,1785498735.831765652,873,181324,181629,703,0,72000,8231,2326,0.000000000,12.761180998,13.750824000,1.765312001,0.000811000,1.766123001,16.917481998,0,10
1658137125.924735069,1785498735.928955317,874,181629,182106,1023,0,72000,6657,1481,0.000000000,10.234766001,10.741218999,2.310075000,0.000520000,2.310595000,14.114064999,0,12
1658137126.024818659,1785498736.030578852,875,182106,182532,846,0,72000,7065,1731,0.000000000,11.573781001,12.217230000,2.064702001,0.000763999,2.065466000,15.736222000,0,10
1658137126.124903202,1785498736.129830122,876,182532,182954,1022,0,72000,7152,1710,0.000000000,10.884296000,11.484899000,2.416076999,0.000507000,2.416583999,14.982179000,0,14
1658137126.224733591,1785498736.228625059,877,182954,183246,553,0,72000,6329,1617,0.000000000,10.072901001,10.657077000,1.930671000,0.000471000,1.931142000,13.657017998,0,19
1658137126.324883461,1785498736.328741789,878,183246,183465,593,0,72000,7218,1744,0.000000000,10.245021002,10.861863000,1.863680000,0.000640001,1.864320000,13.890800001,0,12
1658137126.424735546,1785498736.429436922,879,183465,183765,593,0,72000,6991,1699,0.000000000,11.195750998,11.774446999,1.653392001,0.000529000,1.653921001,14.561479002,0,22
1658137126.524825573,1785498736.530589342,880,183765,184039,708,0,72000,7305,1746,0.000000000,12.098221001,12.704097000,1.710455001,0.000833001,1.711288001,15.586041001,0,12
1658137126.624921560,1785498736.629399061,881,184039,184282,708,0,72000,6482,1471,0.000000000,10.487937998,11.023734000,1.996093000,0.000557999,1.996650999,14.538969001,0,18
1658137126.724763393,1785498736.729750633,882,184282,184755,807,0,72000,7428,1759,0.000000000,11.278938999,11.865079001,1.809898999,0.000483000,1.810381998,14.882058000,0,18
1658137126.824850798,1785498736.830267906,883,184755,185033,642,0,72000,7606,1800,0.000000000,11.823505001,12.611005001,1.514918999,0.000687001,1.515606000,15.375469999,0,14
1658137126.924922228,1785498736.930952787,884,185033,185528,966,0,72000,6964,1602,0.000000000,11.259156003,11.847823000,2.957900000,0.000541000,2.958441000,16.017390999,0,18
1658137127.024765491,1785498737.030198812,885,185528,185914,783,0,72000,7233,1751,0.000000000,11.114877001,11.817561000,2.272911001,0.000599999,2.273511000,15.301318999,0,11
1658137127.124851465,1785498737.131903172,886,185914,186109,720,0,72000,7494,1805,0.000000000,12.839128001,13.553537001,2.125841000,0.000516999,2.126357998,16.993017000,0,10
1658137127.224807978,1785498737.229124308,887,186109,186600,938,0,72000,6431,1551,0.000000000,10.347407999,10.875007001,2.245964999,0.000569000,2.246533999,14.225760000,0,14
1658137127.324914694,1785498737.329041004,888,186600,186970,802,0,72000,6734,1541,0.000000000,10.131687000,10.678297002,2.352298001,0.000572001,2.352870002,14.120475000,0,14
1658137127.424753428,1785498737.431113720,889,186970,187635,1164,0,72000,8030,2093,0.000000000,11.066494000,11.868498001,2.558045000,0.000708002,2.558753002,16.189717000,0,20
1658137127.524840593,1785498737.555842876,890,187635,187958,789,0,72000,7146,1689,0.000000000,10.980052999,11.580286000,2.937285000,0.000549000,2.937834000,15.901639999,0,18
1658137127.624926805,1785498737.630026102,891,187958,188469,863,0,72000,7056,1693,0.000000000,10.791883997,11.580656001,1.997482001,0.000485001,1.997967001,15.086376001,0,13
1658137127.724764109,1785498737.734775543,892,188469,189073,1062,0,72000,7636,1777,0.000000000,15.439609999,16.089274000,2.561539000,0.000487000,2.562026000,19.832230000,0,16
1658137127.824835539,1785498737.829642773,893,189073,189482,883,0,72000,6490,1459,0.000000000,10.437937999,10.970109000,2.614001001,0.000507000,2.614508001,14.715769001,0,15
1658137127.924803257,1785498737.931083679,894,189482,189976,977,0,72000,6748,1546,0.000000000,11.329658000,11.878526000,3.008225000,0.000689999,3.008914999,16.165875000,0,12
1658137128.024895668,1785498738.029417515,895,189976,190377,980,0,72000,6598,1580,0.000000000,10.408374999,10.950386000,2.461504000,0.000701999,2.462205999,14.476193999,0,17
1658137128.124723434,1785498738.132425785,896,190377,190749,1014,0,72000,7460,1773,0.000000000,12.048914999,12.757443999,3.329144000,0.000681001,3.329825000,17.480105000,0,18
1658137128.224823236,1785498738.229525328,897,190099,190574,904,0,72000,7197,1731,0.000000000,10.470682000,11.078116000,2.366789000,0.000545000,2.367334000,14.584364000,0,16
1658137128.324872017,1785498738.354016542,898,190574,190939,847,0,72000,6215,1394,0.000000000,10.022962000,10.535601999,2.396653999,0.000503000,2.397156999,14.038415999,0,21
1658137128.424700260,1785498738.430021048,899,190939,191521,1001,0,72000,6675,1567,0.000000000,10.686322003,11.217797000,2.549219998,0.000661999,2.549881998,15.036654999,0,18
1658137128.524919748,1785498738.532845497,900,191521,192039,1132,0,72000,7344,1778,0.000000000,12.594184998,13.471495000,3.179624000,0.000640001,3.180264001,17.854741001,0,14
1658137128.624769211,1785498738.628573179,901,192039,192285,789,0,72000,6191,1313,0.000000000,9.922134999,10.402105001,2.153435000,0.000497001,2.153932001,13.596568000,0,12
1658137128.724861622,1785498738.735289812,902,192285,193047,1219,0,72000,7730,1753,0.000000000,14.177700998,15.034671002,3.986002999,0.000584001,3.986587000,20.291670999,0,16
1658137128.824818134,1785498738.831340790,903,190803,191215,1361,0,72000,6851,1629,0.000000000,10.180864001,10.728911000,4.507983000,0.000496999,4.508479999,16.362912000,0,15
1658137128.924906254,1785498738.953359127,904,191215,191612,851,0,72000,6097,1269,0.000000000,9.199159998,9.646877001,2.682586000,0.000486001,2.683072002,13.341681999,0,14
1658137129.024749517,1785498739.029115677,905,191612,192071,949,0,72000,5931,1327,0.000000000,10.018683000,10.497146000,2.602773999,0.000672000,2.603445999,14.105112999,0,18
1658137129.124841213,1785498739.131983757,906,192071,192574,1251,0,72000,7749,1735,0.000000000,12.082477000,12.690210000,3.003374999,0.000487000,3.003861999,16.981341001,0,13
1658137129.224810839,1785498739.229995966,907,192574,193269,1070,0,72000,7116,1853,0.000000000,10.573132002,11.200487001,2.434254000,0.000563001,2.434817001,14.977608000,0,7
1658137129.324850082,1785498739.329002142,908,193269,193703,928,0,72000,6640,1642,0.000000000,9.803443001,10.371831000,2.507140000,0.000505001,2.507645000,13.962252000,0,16
1658137129.424816847,1785498739.429586649,909,193703,194283,919,0,72000,6890,1529,0.000000000,10.334449002,10.896165000,2.531720000,0.000949000,2.532668999,14.604930000,0,14
1658137129.524898767,1785498739.531013012,910,194283,194938,1115,0,72000,7496,1913,0.000000000,11.519469001,12.250282001,2.544451001,0.000427000,2.544878002,15.998642999,0,14
1658137129.624734879,1785498739.628603220,911,194938,195402,941,0,72000,6063,1432,0.000000000,9.205908000,9.712195000,2.813048000,0.000591001,2.813639001,13.593166001,0,11
1658137129.724833488,1785498739.754872322,912,195402,196002,1018,0,72000,7029,1618,0.000000000,10.475969997,11.037970000,2.730681001,0.000702001,2.731383001,14.860333999,0,16
1658137129.824925900,1785498739.829198360,913,196002,196349,1025,0,72000,6636,1529,0.000000000,9.773515001,10.352903000,2.685618001,0.000479000,2.686097001,14.159996999,0,11
1658137129.924761772,1785498739.939588547,914,196349,196960,1226,0,72000,7553,1937,0.000000000,18.485229000,19.530957999,3.787319001,0.000567001,3.787886002,24.480610000,0,14
1658137130.024853230,1785498740.031494379,915,196960,197560,1017,0,72000,7523,1821,0.000000000,11.756696002,12.394304000,2.503620999,0.000980001,2.504601000,16.205066000,0,16
1658137130.124929190,1785498740.156808138,916,197560,197927,1235,0,72000,6502,1591,0.000000000,10.837833999,11.383756999,3.725914001,0.000566000,3.726480001,16.730702999,0,14
1658137130.224779844,1785498740.256457806,917,197927,198608,1053,0,72000,7392,1878,0.000000000,11.536427002,12.392713001,2.597268000,0.000456001,2.597724000,16.394442999,0,19
1658137130.324867010,1785498740.357357740,918,198608,199018,1119,0,72000,6979,1756,0.000000000,11.790576998,12.518882000,3.411922000,0.000575999,3.412497999,17.256768999,0,18
1658137130.424716473,1785498740.433480978,919,199018,199581,1244,0,72000,7384,1809,0.000000000,12.791096002,13.449569000,3.051056001,0.000784999,3.051841000,18.301616001,0,17
1658137130.524924755,1785498740.531050682,920,199581,199756,1078,0,72000,7201,1879,0.000000000,10.734619998,11.435397000,3.332542001,0.000693000,3.333235001,15.952328000,0,16
1658137130.624761105,1785498740.630365849,921,199756,200081,1085,0,72000,6928,1583,0.000000000,10.152388002,10.695920999,3.422070000,0.000537999,3.422607999,15.292025000,0,14
1658137130.724860668,1785498740.731337786,922,200081,201018,1426,0,72000,7359,1926,0.000000000,10.558804997,11.189854000,3.697542001,0.000615000,3.698157001,16.267384999,0,17
1658137130.824815989,1785498740.830615759,923,199946,200586,1113,0,72000,7075,1796,0.000000000,10.815731999,11.543540000,2.692561000,0.000493001,2.693054001,15.572922001,0,17
1658137130.924914837,1785498740.931482315,924,200586,201318,1077,0,72000,7174,1699,0.000000000,11.100652000,11.713609001,3.038232000,0.000714999,3.038946999,16.390454000,0,11
1658137131.024762154,1785498741.056800365,925,201318,202074,1272,0,72000,6763,1632,0.000000000,11.212053001,11.800980001,3.684650001,0.000611000,3.685261001,16.707138000,0,10
1658137131.124834061,1785498741.132578135,926,202074,202665,1167,0,72000,6464,1594,0.000000000,9.927695997,10.480681000,5.958237001,0.000544000,5.958781001,17.480826999,0,18
1658137131.224909067,1785498741.256407738,927,195114,194883,1179,0,72000,6932,1604,0.000000000,10.853632000,11.392974000,3.749374000,0.000488000,3.749862000,16.303933999,0,22
1658137131.324772120,1785498741.330442667,928,194883,195564,1139,0,72000,6928,1831,0.000000000,10.758107001,11.381920000,2.717156001,0.000478001,2.717634003,15.255204999,0,19
1658137131.424851894,1785498741.436466932,929,195298,196269,1364,0,72000,7612,1911,0.000000000,14.415469002,15.250478000,4.812462999,0.000563001,4.813026000,21.330523999,0,17
1658137131.524812222,1785498741.528460264,930,196269,197100,1122,0,72000,6472,1636,0.000000000,9.392650998,9.951577000,2.306234999,0.000527001,2.306762000,13.322198001,0,16
1658137131.624900103,1785498741.630425930,931,197100,197979,1255,0,72000,7133,1707,0.000000000,10.613631001,11.203855000,2.908672001,0.000573000,2.909245000,15.313763999,0,14
1658137131.724740267,1785498741.729857683,932,197979,198939,1287,0,72000,6756,1717,0.000000000,9.684581997,10.279018001,3.325406000,0.000701000,3.326107000,14.710368001,0,17
1658137131.824823618,1785498741.828633070,933,198939,199652,1089,0,72000,6346,1654,0.000000000,9.567588999,10.122399000,2.327189000,0.000544998,2.327733999,13.508185000,0,15
1658137131.924907923,1785498741.929926634,934,199652,200410,1218,0,72000,6547,1655,0.000000000,10.289792001,10.910744000,2.774397000,0.000545000,2.774942001,14.806338000,0,10
1658137132.024756670,1785498742.030135870,935,200410,200990,1177,0,72000,7286,1840,0.000000000,10.372739000,10.994614000,2.860651999,0.000588001,2.861240000,14.977160999,0,12
1658137132.124838114,1785498742.129139423,936,199321,200298,1339,0,72000,6698,1508,0.000000000,9.641313998,10.181352000,2.695604000,0.000501999,2.696105999,14.009323000,0,14
1658137132.224802256,1785498742.231645584,937,200298,201246,1278,0,72000,8020,2288,0.000000000,11.736230001,12.482337001,2.792392001,0.000527001,2.792919002,16.512558001,0,14
1658137132.324891806,1785498742.328904867,938,201246,201782,1060,0,72000,6512,1503,0.000000000,9.040302002,9.552111000,3.128163000,0.000502001,3.128665001,13.755996000,0,16
1658137132.424734354,1785498742.430179834,939,201782,202552,1204,0,72000,7157,1821,0.000000000,10.070070000,10.672962000,3.114481000,0.000651000,3.115132000,15.012520000,0,17
1658137132.524831772,1785498742.530832052,940,202552,203741,1532,0,72000,7375,2052,0.000000000,10.341971001,11.020332000,3.465254002,0.000586000,3.465840002,15.704609001,0,18
1658137132.624920368,1785498742.631127834,941,203741,204443,1353,0,72000,7156,1985,0.000000000,10.123349000,10.772608000,4.031830998,0.000485001,4.032315999,15.983734000,0,10
1658137132.724757195,1785498742.730254889,942,204443,205426,1264,0,72000,6503,1618,0.000000000,9.263497002,9.821423000,4.223714001,0.000535001,4.224249002,15.083763999,0,10
1658137132.824847221,1785498742.831191778,943,202041,203102,1253,0,72000,7301,1844,0.000000000,10.006405999,10.741862001,4.069131001,0.000490001,4.069621002,16.033766002,0,11
1658137132.924799204,1785498742.930411339,944,201542,202612,1341,0,72000,7621,2124,0.000000000,10.611120000,11.323238999,2.763839000,0.000535001,2.764374001,15.232361000,0,17
1658137133.024900436,1785498743.028726578,945,202612,203636,1306,0,72000,6720,1594,0.000000000,8.933750998,9.509561000,2.922495001,0.000621001,2.923116002,13.542031998,0,14
1658137133.124739647,1785498743.128222942,946,203636,204447,1078,0,72000,6466,1593,0.000000000,9.213928000,9.751613999,2.250760001,0.000507000,2.251267000,13.033399000,0,12
1658137133.224826097,1785498743.230721235,947,204447,205388,1292,0,72000,7232,1905,0.000000000,10.321790001,10.948797999,3.197188998,0.000553000,3.197741999,15.548583000,0,24
1658137133.324900866,1785498743.330961943,948,205388,206593,1482,0,72000,8036,2273,0.000000000,10.758886001,11.511565001,2.929493001,0.000841999,2.930335000,15.759340000,0,16
1658137133.424736977,1785498743.455451250,949,206593,207361,1214,0,72000,7667,2140,0.000000000,10.178138000,10.909766001,2.850938999,0.000538999,2.851477999,15.242517000,0,17
1658137133.524820805,1785498743.532338619,950,207361,208346,1313,0,72000,7191,2024,0.000000000,10.858984000,11.859157999,2.878537000,0.000681999,2.879218999,15.959908000,0,18
1658137133.624907255,1785498743.631629467,951,208346,208881,1522,0,72000,6920,1862,0.000000000,9.802234999,10.429005000,4.692185001,0.000464999,4.692650000,16.410391001,0,11
1658137133.724751711,1785498743.729855299,952,208881,209859,1348,0,72000,6638,1701,0.000000000,9.481556001,10.054693001,3.573587999,0.000494001,3.574082000,14.677198998,0,17
1658137133.824841738,1785498743.830850601,953,209859,210364,1426,0,72000,7417,2072,0.000000000,10.677111004,11.361080000,3.102436000,0.000444999,3.102880999,15.645920001,0,17
1658137133.924813032,1785498743.928525925,954,210364,211198,1184,0,72000,6449,1580,0.000000000,9.115434001,9.700931001,2.479811001,0.000553000,2.480364001,13.310746001,0,17
1658137134.024899244,1785498744.029215813,955,211198,211951,1137,0,72000,6773,1794,0.000000000,9.285029000,9.925088001,2.918273000,0.000464001,2.918737000,13.957564001,0,10
1658137134.124739885,1785498744.130345821,956,211951,212803,1312,0,72000,7087,1945,0.000000000,9.923434003,10.609780000,3.310155002,0.000557000,3.310712002,15.116786000,0,19
1658137134.224838495,1785498744.227795124,957,212803,213485,1023,0,72000,6438,1597,0.000000000,8.787868001,9.329877001,2.139485001,0.000439999,2.139925000,12.549886000,0,19
1658137134.324927568,1785498744.327875853,958,213485,214329,1114,0,72000,5836,1534,0.000000000,8.007960001,8.528083999,3.038670000,0.000456001,3.039126001,12.642163001,0,10
1658137134.424766302,1785498744.456206799,959,213231,213709,1391,0,72000,6302,1713,0.000000000,9.933056999,10.564279999,4.341315000,0.000512000,4.341827000,15.931927999,0,17
1658137134.524855137,1785498744.530102968,960,213709,214614,1298,0,72000,6322,1700,0.000000000,8.743822003,9.316811000,3.100960001,0.000423999,3.101384000,13.471753999,0,18
1658137134.624816895,1785498744.629413843,961,214614,215422,1242,0,72000,6949,1760,0.000000000,9.734489000,10.372011000,2.602052000,0.000466000,2.602518000,14.113058000,0,13
1658137134.724903584,1785498744.729910612,962,215422,216275,1276,0,72000,6515,1786,0.000000000,9.283728998,9.937571000,3.594340000,0.000729000,3.595069000,14.670678000,0,11
1658137134.824739695,1785498744.852385044,963,216275,217037,1072,0,72000,5914,1485,0.000000000,8.424628000,8.947496999,2.188590001,0.000706999,2.189297000,12.120818999,0,14
1658137134.924841404,1785498744.928020716,964,217037,217780,1221,0,72000,6039,1659,0.000000000,8.615579000,9.185314000,2.583256000,0.000495000,2.583751000,12.760936001,0,10
1658137135.024926186,1785498745.030411959,965,217643,218516,1367,0,72000,7237,2032,0.000000000,9.871103000,10.539704001,3.389513999,0.000708998,3.390222997,15.158549000,0,17
1658137135.124760389,1785498745.136512995,966,218197,219386,1426,0,72000,6742,1940,0.000000000,9.484863001,10.147609000,9.973124001,0.000633001,9.973757002,21.241879000,0,22
1658137135.224855900,1785498745.232426643,967,207198,208277,1302,0,72000,7231,2060,0.000000000,9.926649000,10.623790000,5.319485001,0.000453001,5.319938002,17.190930999,0,19
1658137135.324817419,1785498745.327649117,968,206475,207431,1109,0,72000,6577,1558,0.000000000,8.666661997,9.199738000,2.043249000,0.000552000,2.043801000,12.353877999,0,15
1658137135.424915791,1785498745.453551769,969,207431,208618,1382,0,72000,6648,1910,0.000000000,9.091312999,9.762793999,2.391336000,0.000583001,2.391919001,13.251881001,0,14
1658137135.524757385,1785498745.529363155,970,208618,209767,1448,0,72000,7405,2023,0.000000000,9.572270001,10.257752001,2.680464000,0.000603000,2.681067001,14.098128000,0,16
1658137135.624850750,1785498745.629899025,971,209767,210809,1292,0,72000,6939,2042,0.000000000,9.818406999,10.529378000,2.889208001,0.000506001,2.889714002,14.621123999,0,15
1658137135.724813461,1785498745.735584974,972,210809,211849,1247,0,72000,6637,1868,0.000000000,9.809499999,10.514383001,8.643674999,0.000523001,8.644198000,20.312490000,0,18
1658137135.824910879,1785498745.827937841,973,203675,204918,1510,0,72000,6681,1916,0.000000000,8.176006000,8.823787000,2.731953000,0.000511001,2.732464001,12.664672000,0,5
1658137135.924766779,1785498745.954005718,974,204918,205951,1272,0,72000,7197,2016,0.000000000,9.008788000,9.722068000,2.756406999,0.000544000,2.756950998,13.692469000,0,12
1658137136.024845123,1785498746.025817156,975,205951,206780,1019,0,72000,5953,1577,0.000000000,7.225845997,7.771607001,1.712154999,0.000535001,1.712690000,10.523104000,0,11
1658137136.124832630,1785498746.130688906,976,206780,208023,1596,0,72000,7327,2095,0.000000000,9.301841001,9.989738001,3.013637001,0.000514001,3.014151001,14.284987999,0,29
1658137136.224804163,1785498746.231103182,977,208023,209057,1659,0,72000,7041,1843,0.000000000,9.305012998,9.973863002,4.518898000,0.000660000,4.519558001,15.795253001,0,14
1658137136.324847937,1785498746.328574419,978,209057,210052,1378,0,72000,6928,1907,0.000000000,8.670096999,9.307402001,2.816009999,0.000591001,2.816601000,13.268524001,0,18
1658137136.424823284,1785498746.429255962,979,210052,211226,1436,0,72000,6940,1953,0.000000000,9.204865000,9.873453000,2.871367000,0.000732000,2.872098999,13.894627000,0,13
1658137136.524910688,1785498746.529130459,980,211226,212382,1497,0,72000,7199,2171,0.000000000,9.189556000,9.903826000,2.747070001,0.000760001,2.747830002,13.821982000,0,15
1658137136.624745369,1785498746.630250216,981,212382,213282,1490,0,72000,6766,1915,0.000000000,8.920202001,9.556234001,4.274140001,0.000544002,4.274684003,14.940138999,0,14
1658137136.724827051,1785498746.730350018,982,213282,214225,1547,0,72000,7160,2091,0.000000000,9.356303999,10.036065001,3.816144001,0.000570000,3.816714001,15.039759001,0,11
1658137136.824919224,1785498746.831141233,983,213993,215088,1674,0,72000,7574,2403,0.000000000,9.915663999,10.721092001,3.844556999,0.000510001,3.845067000,15.822634001,0,15
1658137136.924769163,1785498746.927920580,984,215088,215901,1096,0,72000,6600,1750,0.000000000,8.310806003,8.957962000,2.399364001,0.000546999,2.399911000,12.568648999,0,18
1658137137.024855614,1785498747.031758308,985,215901,217218,1870,0,72000,8106,2655,0.000000000,10.598780997,11.443240001,3.692700000,0.000692002,3.693392002,16.431342001,0,20
1658137137.124817610,1785498747.129065514,986,217015,217790,1202,0,72000,6377,1696,0.000000000,8.542024998,9.133034000,3.241631000,0.000590000,3.242221001,13.698392000,0,22
1658137137.224907637,1785498747.253528833,987,217554,218306,1098,0,72000,6602,1799,0.000000000,9.132165003,9.751331001,2.284841999,0.000446000,2.285287999,13.152469999,0,17
1658137137.324922323,1785498747.328483343,988,218306,219201,1327,0,72000,6684,1821,0.000000000,8.600118001,9.212462001,2.810357000,0.000503000,2.810860000,13.118015000,0,15
1658137137.424776077,1785498747.430191278,989,219201,219867,1315,0,72000,6826,2055,0.000000000,9.365579002,10.037415001,3.612323000,0.001260001,3.613583001,14.792553000,0,17
1658137137.524870157,1785498747.529680490,990,219867,220824,1424,0,72000,7125,2096,0.000000000,9.104346002,9.815202999,3.293554999,0.000496999,3.294051998,14.329497000,0,17
1658137137.624709368,1785498747.630461931,991,220824,221856,1427,0,72000,7199,2190,0.000000000,10.132371001,10.893994000,3.007835001,0.000547001,3.008382002,15.078908000,0,15
1658137137.724800825,1785498747.729778528,992,221327,222308,1390,0,72000,7275,2150,0.000000000,9.728815998,10.460539999,2.762332999,0.000755999,2.763088998,14.401838002,0,16
1658137137.824880123,1785498747.829171419,993,222308,223034,1130,0,72000,6737,1894,0.000000000,9.601622000,10.237012000,2.359069000,0.000704000,2.359773000,13.747117000,0,11
1658137137.924733639,1785498747.930835962,994,223034,223798,1561,0,72000,6963,1998,0.000000000,9.841045001,10.575635000,3.677484001,0.000474000,3.677958000,15.423790001,0,10
1658137138.024818420,1785498748.030831337,995,223525,224521,1582,0,72000,7187,2352,0.000000000,10.034638002,10.826013000,3.475291001,0.000542999,3.475834001,15.446612000,0,21
1658137138.124913216,1785498748.128993750,996,224367,225308,1415,0,72000,6633,1889,0.000000000,8.765913999,9.399909999,3.074051001,0.000612999,3.074664000,13.596363000,0,15
1658137138.224762678,1785498748.229777336,997,225308,226228,1361,0,72000,6811,1963,0.000000000,9.822168999,10.519568999,2.668169000,0.000496999,2.668665998,14.391580000,0,17
1658137138.324914455,1785498748.329167128,998,226228,226997,1296,0,72000,6813,1899,0.000000000,8.855351000,9.503445999,3.169415000,0.000595001,3.170010001,13.766816000,0,15
1658137138.424767256,1785498748.429124117,999,226997,227835,1436,0,72000,6892,2002,0.000000000,8.872714001,9.538217000,3.025100001,0.000676000,3.025776001,13.712607000,0,17
1658137138.524850130,1785498748.555183172,1000,227835,228678,1461,0,72000,6964,2156,0.000000000,9.421559000,10.133026000,3.515103001,0.000504000,3.515607001,14.780137000,0,17
1658137138.624817371,1785498748.628591061,1001,228072,228907,1185,0,72000,6622,1963,0.000000000,8.740092000,9.429628000,2.622312999,0.000576001,2.622889000,13.189240999,0,12
1658137138.724905968,1785498748.732047796,1002,228907,229929,1665,0,72000,7469,2380,0.000000000,10.669533000,11.455233000,3.994653000,0.000700000,3.995352999,16.644306999,0,15
1658137138.824742079,1785498748.830470324,1003,229180,230277,1484,0,72000,7233,2258,0.000000000,9.482684001,10.296790999,3.516151000,0.000497001,3.516648001,15.012050000,0,13
1658137138.924829245,1785498748.931358814,1004,229572,230089,1335,0,72000,6986,2122,0.000000000,9.850008999,10.638776999,4.014019001,0.000552001,4.014571003,15.958017000,0,17
1658137139.024903774,1785498749.029074907,1005,230089,231019,1339,0,72000,6752,2117,0.000000000,8.947406001,9.633185999,2.887813000,0.000618000,2.888431000,13.648722001,0,11
1658137139.124739408,1785498749.131235123,1006,231019,231925,1362,0,72000,6894,2020,0.000000000,9.829423998,10.502117000,4.145130000,0.000491000,4.145621000,15.808471000,0,17
1658137139.224826336,1785498749.227583885,1007,230675,231487,1118,0,72000,6214,1822,0.000000000,8.301473001,8.906258001,2.151943001,0.000545000,2.152488001,12.146948999,0,10
1658137139.324813843,1785498749.329936266,1008,231487,232407,1395,0,72000,6667,2018,0.000000000,9.426382003,10.078081001,3.272693000,0.000555001,3.273248001,14.419472000,0,12
1658137139.424892664,1785498749.454675913,1009,232407,233309,1286,0,72000,6846,2090,0.000000000,9.775459999,10.467093000,2.626356001,0.000569000,2.626925001,14.224170000,0,12
1658137139.524724245,1785498749.535743475,1010,233309,234394,1535,0,72000,7488,2311,0.000000000,10.094932000,10.951440001,8.055824999,0.000653001,8.056478000,20.297581999,0,16
1658137139.624929428,1785498749.632156610,1011,226744,228177,1621,0,72000,8115,2501,0.000000000,11.490431998,12.649809001,2.715787001,0.000694001,2.716481002,16.711630000,0,10
1658137139.724776745,1785498749.727908373,1012,228177,229184,1158,0,72000,5739,1797,0.000000000,8.410042001,9.060754999,2.313441999,0.000544000,2.313985999,12.453776000,0,12
1658137139.824872017,1785498749.828344107,1013,229184,230045,1104,0,72000,6262,1795,0.000000000,8.896947000,9.501850001,2.409200000,0.000586000,2.409786000,12.910071999,0,13
1658137139.924714565,1785498749.932724953,1014,230045,231237,1503,0,72000,6929,2228,0.000000000,10.334285000,11.874962000,3.786499999,0.000475999,3.786975998,17.227213000,0,16
1658137140.024920940,1785498750.029447079,1015,231237,232513,1584,0,72000,7026,2219,0.000000000,9.327901000,10.072282999,2.788475000,0.000534999,2.789009999,13.984591998,0,21
1658137140.124773026,1785498750.130337000,1016,232513,233412,1385,0,72000,6910,2349,0.000000000,9.173058999,9.934533000,3.728366000,0.000483000,3.728849000,14.850492002,0,17
1658137140.224868536,1785498750.229123116,1017,233412,234331,1264,0,72000,6336,2004,0.000000000,9.001126000,9.657704000,2.846713001,0.000403001,2.847116002,13.619919000,0,11
1658137140.324820518,1785498750.326328039,1018,234331,234982,891,0,72000,5289,1464,0.000000000,7.493128001,8.063443001,1.786022001,0.000485001,1.786507002,10.842206000,0,16
1658137140.424922705,1785498750.456706285,1019,234982,236068,1622,0,72000,7735,2483,0.000000000,10.739340001,11.548120001,3.312667001,0.000458000,3.313125000,16.214228999,0,12
1658137140.524755955,1785498750.530451059,1020,236068,236992,1259,0,72000,6697,2202,0.000000000,10.032505001,10.777089999,2.950278000,0.000519000,2.950796999,14.962288000,0,11
1658137140.624838114,1785498750.626993895,1021,236992,237743,1096,0,72000,6008,1706,0.000000000,7.749988001,8.339825001,2.167422999,0.000451000,2.167873999,11.495985000,0,14
1658137140.724926472,1785498750.727167845,1022,237743,238375,998,0,72000,5580,1766,0.000000000,8.157902999,8.760270000,1.979731000,0.000433000,1.980163999,11.689196999,0,11
1658137140.824759722,1785498750.830106974,1023,238375,239030,1353,0,72000,6170,1947,0.000000000,8.850749002,9.529591000,4.013495000,0.000491000,4.013985999,14.616015000,0,11
1658137140.924839735,1785498750.929239273,1024,239030,239943,1347,0,72000,6766,2034,0.000000000,9.219396999,9.894184001,2.753600998,0.000443999,2.754044997,13.736539000,0,16
1658137141.024929285,1785498751.030425072,1025,239809,240642,1288,0,72000,6324,1904,0.000000000,8.969283001,9.625455999,4.178847001,0.000444001,4.179291001,14.898137000,0,17
1658137141.124773264,1785498751.128994465,1026,238375,239339,1329,0,72000,6363,2011,0.000000000,9.110074001,9.776120000,2.626215999,0.000422000,2.626637999,13.499172999,0,17
1658137141.224857569,1785498751.229151964,1027,239339,240184,1381,0,72000,6412,2099,0.000000000,8.552569003,9.246554999,3.269496001,0.000516000,3.270012001,13.601127999,0,5
1658137141.324760914,1785498751.331083298,1028,240184,241346,1739,0,72000,7267,2370,0.000000000,9.348301999,10.156974000,4.188364999,0.000472999,4.188837998,15.566650000,0,10
1658137141.424844027,1785498751.430709600,1029,241346,242062,1629,0,72000,6927,2288,0.000000000,9.184772000,9.995865001,3.838131001,0.000613001,3.838744002,15.138844999,0,17
1658137141.524816990,1785498751.554195642,1030,242062,242933,1330,0,72000,6246,2080,0.000000000,9.053386000,9.763414000,2.799893000,0.000729000,2.800622000,13.653570999,0,17
1658137141.624921560,1785498751.634835005,1031,242933,244194,1596,0,72000,7445,2540,0.000000000,10.225270000,11.046502001,6.874291999,0.000671000,6.874962999,19.305349999,0,3
1658137141.724754572,1785498751.730734825,1032,236587,238176,1866,0,72000,7864,2779,0.000000000,9.799773998,10.725722001,3.242758999,0.000590000,3.243349000,15.208338000,0,15
1658137141.824850321,1785498751.829167128,1033,238176,239273,1363,0,72000,7244,2318,0.000000000,9.167724000,9.925462000,2.491901001,0.000440999,2.492342001,13.599841001,0,15
1658137141.924818277,1785498751.954659939,1034,239273,240331,1354,0,72000,6653,2237,0.000000000,9.289206002,10.096108001,2.752995000,0.000503002,2.753498002,14.114185000,0,22
1658137142.024897099,1785498752.028651237,1035,240331,241298,1112,0,72000,6549,2115,0.000000000,9.166695998,9.920790000,2.024690000,0.000524000,2.025214000,13.092251000,0,13
1658137142.124737740,1785498752.131033897,1036,241298,242353,1563,0,72000,7288,2509,0.000000000,9.452253998,10.281917999,4.003884002,0.000498001,4.004382003,15.493510000,0,16
